[2026-09-13T00:00:22.791+0000] {processor.py:156} INFO - Started process (PID=158782) to work on /opt/airflow/dags/1_first_dag.py
[2026-09-13T00:00:22.799+0000] {processor.py:799} INFO - Processing file /opt/airflow/dags/1_first_dag.py for tasks to queue
[2026-09-13T00:00:22.803+0000] {logging_mixin.py:149} INFO - [2026-09-13T00:00:22.802+0000] {dagbag.py:541} INFO - Filling up the DagBag from /opt/airflow/dags/1_first_dag.py
[2026-09-13T00:00:22.837+0000] {processor.py:809} INFO - DAG(s) dict_keys(['1-miprimerdag']) retrieved from /opt/airflow/dags/1_first_dag.py
[2026-09-13T00:00:22.915+0000] {logging_mixin.py:149} INFO - [2026-09-13T00:00:22.915+0000] {dag.py:2726} INFO - Sync 1 DAGs
[2026-09-13T00:00:22.959+0000] {logging_mixin.py:149} INFO - [2026-09-13T00:00:22.958+0000] {dag.py:3490} INFO - Setting next_dagrun for 1-miprimerdag to 2023-05-01T00:00:00+00:00, run_after=2023-05-01T00:00:00+00:00
[2026-09-13T00:00:23.005+0000] {processor.py:178} INFO - Processing /opt/airflow/dags/1_first_dag.py took 0.239 seconds
[2026-09-13T00:00:53.192+0000] {processor.py:156} INFO - Started process (PID=158802) to work on /opt/airflow/dags/1_first_dag.py
[2026-09-13T00:00:53.201+0000] {processor.py:799} INFO - Processing file /opt/airflow/dags/1_first_dag.py for tasks to queue
[2026-09-13T00:00:53.202+0000] {logging_mixin.py:149} INFO - [2026-09-13T00:00:53.202+0000] {dagbag.py:541} INFO - Filling up the DagBag from /opt/airflow/dags/1_first_dag.py
[2026-09-13T00:00:53.242+0000] {processor.py:809} INFO - DAG(s) dict_keys(['1-miprimerdag']) retrieved from /opt/airflow/dags/1_first_dag.py
[2026-09-13T00:00:53.340+0000] {logging_mixin.py:149} INFO - [2026-09-13T00:00:53.340+0000] {dag.py:2726} INFO - Sync 1 DAGs
[2026-09-13T00:00:53.417+0000] {logging_mixin.py:149} INFO - [2026-09-13T00:00:53.416+0000] {dag.py:3490} INFO - Setting next_dagrun for 1-miprimerdag to 2023-05-01T00:00:00+00:00, run_after=2023-05-01T00:00:00+00:00
[2026-09-13T00:00:53.482+0000] {processor.py:178} INFO - Processing /opt/airflow/dags/1_first_dag.py took 0.304 seconds
[2026-09-13T00:01:23.741+0000] {processor.py:156} INFO - Started process (PID=158817) to work on /opt/airflow/dags/1_first_dag.py
[2026-09-13T00:01:23.747+0000] {processor.py:799} INFO - Processing file /opt/airflow/dags/1_first_dag.py for tasks to queue
[2026-09-13T00:01:23.749+0000] {logging_mixin.py:149} INFO - [2026-09-13T00:01:23.749+0000] {dagbag.py:541} INFO - Filling up the DagBag from /opt/airflow/dags/1_first_dag.py
[2026-09-13T00:01:23.776+0000] {processor.py:809} INFO - DAG(s) dict_keys(['1-miprimerdag']) retrieved from /opt/airflow/dags/1_first_dag.py
[2026-09-13T00:01:23.865+0000] {logging_mixin.py:149} INFO - [2026-09-13T00:01:23.865+0000] {dag.py:2726} INFO - Sync 1 DAGs
[2026-09-13T00:01:23.923+0000] {logging_mixin.py:149} INFO - [2026-09-13T00:01:23.922+0000] {dag.py:3490} INFO - Setting next_dagrun for 1-miprimerdag to 2023-05-01T00:00:00+00:00, run_after=2023-05-01T00:00:00+00:00
[2026-09-13T00:01:23.991+0000] {processor.py:178} INFO - Processing /opt/airflow/dags/1_first_dag.py took 0.265 seconds
[2026-09-13T00:01:54.180+0000] {processor.py:156} INFO - Started process (PID=158830) to work on /opt/airflow/dags/1_first_dag.py
[2026-09-13T00:01:54.184+0000] {processor.py:799} INFO - Processing file /opt/airflow/dags/1_first_dag.py for tasks to queue
[2026-09-13T00:01:54.191+0000] {logging_mixin.py:149} INFO - [2026-09-13T00:01:54.187+0000] {dagbag.py:541} INFO - Filling up the DagBag from /opt/airflow/dags/1_first_dag.py
[2026-09-13T00:01:54.218+0000] {processor.py:809} INFO - DAG(s) dict_keys(['1-miprimerdag']) retrieved from /opt/airflow/dags/1_first_dag.py
[2026-09-13T00:01:54.301+0000] {logging_mixin.py:149} INFO - [2026-09-13T00:01:54.300+0000] {dag.py:2726} INFO - Sync 1 DAGs
[2026-09-13T00:01:54.366+0000] {logging_mixin.py:149} INFO - [2026-09-13T00:01:54.365+0000] {dag.py:3490} INFO - Setting next_dagrun for 1-miprimerdag to 2023-05-01T00:00:00+00:00, run_after=2023-05-01T00:00:00+00:00
[2026-09-13T00:01:54.430+0000] {processor.py:178} INFO - Processing /opt/airflow/dags/1_first_dag.py took 0.261 seconds
[2026-09-13T00:02:24.628+0000] {processor.py:156} INFO - Started process (PID=158844) to work on /opt/airflow/dags/1_first_dag.py
[2026-09-13T00:02:24.631+0000] {processor.py:799} INFO - Processing file /opt/airflow/dags/1_first_dag.py for tasks to queue
[2026-09-13T00:02:24.634+0000] {logging_mixin.py:149} INFO - [2026-09-13T00:02:24.633+0000] {dagbag.py:541} INFO - Filling up the DagBag from /opt/airflow/dags/1_first_dag.py
[2026-09-13T00:02:24.663+0000] {processor.py:809} INFO - DAG(s) dict_keys(['1-miprimerdag']) retrieved from /opt/airflow/dags/1_first_dag.py
[2026-09-13T00:02:24.757+0000] {logging_mixin.py:149} INFO - [2026-09-13T00:02:24.757+0000] {dag.py:2726} INFO - Sync 1 DAGs
[2026-09-13T00:02:24.828+0000] {logging_mixin.py:149} INFO - [2026-09-13T00:02:24.828+0000] {dag.py:3490} INFO - Setting next_dagrun for 1-miprimerdag to 2023-05-01T00:00:00+00:00, run_after=2023-05-01T00:00:00+00:00
[2026-09-13T00:02:24.895+0000] {processor.py:178} INFO - Processing /opt/airflow/dags/1_first_dag.py took 0.279 seconds
[2026-09-13T00:02:55.080+0000] {processor.py:156} INFO - Started process (PID=158859) to work on /opt/airflow/dags/1_first_dag.py
[2026-09-13T00:02:55.084+0000] {processor.py:799} INFO - Processing file /opt/airflow/dags/1_first_dag.py for tasks to queue
[2026-09-13T00:02:55.086+0000] {logging_mixin.py:149} INFO - [2026-09-13T00:02:55.086+0000] {dagbag.py:541} INFO - Filling up the DagBag from /opt/airflow/dags/1_first_dag.py
[2026-09-13T00:02:55.112+0000] {processor.py:809} INFO - DAG(s) dict_keys(['1-miprimerdag']) retrieved from /opt/airflow/dags/1_first_dag.py
[2026-09-13T00:02:55.206+0000] {logging_mixin.py:149} INFO - [2026-09-13T00:02:55.205+0000] {dag.py:2726} INFO - Sync 1 DAGs
[2026-09-13T00:02:55.276+0000] {logging_mixin.py:149} INFO - [2026-09-13T00:02:55.275+0000] {dag.py:3490} INFO - Setting next_dagrun for 1-miprimerdag to 2023-05-01T00:00:00+00:00, run_after=2023-05-01T00:00:00+00:00
[2026-09-13T00:02:55.337+0000] {processor.py:178} INFO - Processing /opt/airflow/dags/1_first_dag.py took 0.269 seconds
[2026-09-13T00:03:25.403+0000] {processor.py:156} INFO - Started process (PID=158873) to work on /opt/airflow/dags/1_first_dag.py
[2026-09-13T00:03:25.407+0000] {processor.py:799} INFO - Processing file /opt/airflow/dags/1_first_dag.py for tasks to queue
[2026-09-13T00:03:25.409+0000] {logging_mixin.py:149} INFO - [2026-09-13T00:03:25.408+0000] {dagbag.py:541} INFO - Filling up the DagBag from /opt/airflow/dags/1_first_dag.py
[2026-09-13T00:03:25.432+0000] {processor.py:809} INFO - DAG(s) dict_keys(['1-miprimerdag']) retrieved from /opt/airflow/dags/1_first_dag.py
[2026-09-13T00:03:25.518+0000] {logging_mixin.py:149} INFO - [2026-09-13T00:03:25.517+0000] {dag.py:2726} INFO - Sync 1 DAGs
[2026-09-13T00:03:25.592+0000] {logging_mixin.py:149} INFO - [2026-09-13T00:03:25.592+0000] {dag.py:3490} INFO - Setting next_dagrun for 1-miprimerdag to 2023-05-01T00:00:00+00:00, run_after=2023-05-01T00:00:00+00:00
[2026-09-13T00:03:25.662+0000] {processor.py:178} INFO - Processing /opt/airflow/dags/1_first_dag.py took 0.272 seconds
[2026-09-13T00:03:55.821+0000] {processor.py:156} INFO - Started process (PID=158887) to work on /opt/airflow/dags/1_first_dag.py
[2026-09-13T00:03:55.825+0000] {processor.py:799} INFO - Processing file /opt/airflow/dags/1_first_dag.py for tasks to queue
[2026-09-13T00:03:55.828+0000] {logging_mixin.py:149} INFO - [2026-09-13T00:03:55.827+0000] {dagbag.py:541} INFO - Filling up the DagBag from /opt/airflow/dags/1_first_dag.py
[2026-09-13T00:03:55.860+0000] {processor.py:809} INFO - DAG(s) dict_keys(['1-miprimerdag']) retrieved from /opt/airflow/dags/1_first_dag.py
[2026-09-13T00:03:55.954+0000] {logging_mixin.py:149} INFO - [2026-09-13T00:03:55.954+0000] {dag.py:2726} INFO - Sync 1 DAGs
[2026-09-13T00:03:56.022+0000] {logging_mixin.py:149} INFO - [2026-09-13T00:03:56.021+0000] {dag.py:3490} INFO - Setting next_dagrun for 1-miprimerdag to 2023-05-01T00:00:00+00:00, run_after=2023-05-01T00:00:00+00:00
[2026-09-13T00:03:56.081+0000] {processor.py:178} INFO - Processing /opt/airflow/dags/1_first_dag.py took 0.273 seconds
[2026-09-13T00:04:26.330+0000] {processor.py:156} INFO - Started process (PID=158901) to work on /opt/airflow/dags/1_first_dag.py
[2026-09-13T00:04:26.334+0000] {processor.py:799} INFO - Processing file /opt/airflow/dags/1_first_dag.py for tasks to queue
[2026-09-13T00:04:26.336+0000] {logging_mixin.py:149} INFO - [2026-09-13T00:04:26.336+0000] {dagbag.py:541} INFO - Filling up the DagBag from /opt/airflow/dags/1_first_dag.py
[2026-09-13T00:04:26.372+0000] {processor.py:809} INFO - DAG(s) dict_keys(['1-miprimerdag']) retrieved from /opt/airflow/dags/1_first_dag.py
[2026-09-13T00:04:26.464+0000] {logging_mixin.py:149} INFO - [2026-09-13T00:04:26.464+0000] {dag.py:2726} INFO - Sync 1 DAGs
[2026-09-13T00:04:26.530+0000] {logging_mixin.py:149} INFO - [2026-09-13T00:04:26.530+0000] {dag.py:3490} INFO - Setting next_dagrun for 1-miprimerdag to 2023-05-01T00:00:00+00:00, run_after=2023-05-01T00:00:00+00:00
[2026-09-13T00:04:26.594+0000] {processor.py:178} INFO - Processing /opt/airflow/dags/1_first_dag.py took 0.277 seconds
[2026-09-13T00:04:56.794+0000] {processor.py:156} INFO - Started process (PID=158915) to work on /opt/airflow/dags/1_first_dag.py
[2026-09-13T00:04:56.798+0000] {processor.py:799} INFO - Processing file /opt/airflow/dags/1_first_dag.py for tasks to queue
[2026-09-13T00:04:56.800+0000] {logging_mixin.py:149} INFO - [2026-09-13T00:04:56.799+0000] {dagbag.py:541} INFO - Filling up the DagBag from /opt/airflow/dags/1_first_dag.py
[2026-09-13T00:04:56.823+0000] {processor.py:809} INFO - DAG(s) dict_keys(['1-miprimerdag']) retrieved from /opt/airflow/dags/1_first_dag.py
[2026-09-13T00:04:56.917+0000] {logging_mixin.py:149} INFO - [2026-09-13T00:04:56.917+0000] {dag.py:2726} INFO - Sync 1 DAGs
[2026-09-13T00:04:56.989+0000] {logging_mixin.py:149} INFO - [2026-09-13T00:04:56.989+0000] {dag.py:3490} INFO - Setting next_dagrun for 1-miprimerdag to 2023-05-01T00:00:00+00:00, run_after=2023-05-01T00:00:00+00:00
[2026-09-13T00:04:57.051+0000] {processor.py:178} INFO - Processing /opt/airflow/dags/1_first_dag.py took 0.267 seconds
[2026-09-13T00:05:27.297+0000] {processor.py:156} INFO - Started process (PID=158930) to work on /opt/airflow/dags/1_first_dag.py
[2026-09-13T00:05:27.300+0000] {processor.py:799} INFO - Processing file /opt/airflow/dags/1_first_dag.py for tasks to queue
[2026-09-13T00:05:27.301+0000] {logging_mixin.py:149} INFO - [2026-09-13T00:05:27.301+0000] {dagbag.py:541} INFO - Filling up the DagBag from /opt/airflow/dags/1_first_dag.py
[2026-09-13T00:05:27.327+0000] {processor.py:809} INFO - DAG(s) dict_keys(['1-miprimerdag']) retrieved from /opt/airflow/dags/1_first_dag.py
[2026-09-13T00:05:27.416+0000] {logging_mixin.py:149} INFO - [2026-09-13T00:05:27.415+0000] {dag.py:2726} INFO - Sync 1 DAGs
[2026-09-13T00:05:27.492+0000] {logging_mixin.py:149} INFO - [2026-09-13T00:05:27.492+0000] {dag.py:3490} INFO - Setting next_dagrun for 1-miprimerdag to 2023-05-01T00:00:00+00:00, run_after=2023-05-01T00:00:00+00:00
[2026-09-13T00:05:27.550+0000] {processor.py:178} INFO - Processing /opt/airflow/dags/1_first_dag.py took 0.265 seconds
[2026-09-13T00:05:57.690+0000] {processor.py:156} INFO - Started process (PID=158944) to work on /opt/airflow/dags/1_first_dag.py
[2026-09-13T00:05:57.696+0000] {processor.py:799} INFO - Processing file /opt/airflow/dags/1_first_dag.py for tasks to queue
[2026-09-13T00:05:57.698+0000] {logging_mixin.py:149} INFO - [2026-09-13T00:05:57.697+0000] {dagbag.py:541} INFO - Filling up the DagBag from /opt/airflow/dags/1_first_dag.py
[2026-09-13T00:05:57.722+0000] {processor.py:809} INFO - DAG(s) dict_keys(['1-miprimerdag']) retrieved from /opt/airflow/dags/1_first_dag.py
[2026-09-13T00:05:57.812+0000] {logging_mixin.py:149} INFO - [2026-09-13T00:05:57.811+0000] {dag.py:2726} INFO - Sync 1 DAGs
[2026-09-13T00:05:57.881+0000] {logging_mixin.py:149} INFO - [2026-09-13T00:05:57.880+0000] {dag.py:3490} INFO - Setting next_dagrun for 1-miprimerdag to 2023-05-01T00:00:00+00:00, run_after=2023-05-01T00:00:00+00:00
[2026-09-13T00:05:57.940+0000] {processor.py:178} INFO - Processing /opt/airflow/dags/1_first_dag.py took 0.264 seconds
[2026-09-13T00:06:28.129+0000] {processor.py:156} INFO - Started process (PID=158958) to work on /opt/airflow/dags/1_first_dag.py
[2026-09-13T00:06:28.131+0000] {processor.py:799} INFO - Processing file /opt/airflow/dags/1_first_dag.py for tasks to queue
[2026-09-13T00:06:28.133+0000] {logging_mixin.py:149} INFO - [2026-09-13T00:06:28.133+0000] {dagbag.py:541} INFO - Filling up the DagBag from /opt/airflow/dags/1_first_dag.py
[2026-09-13T00:06:28.161+0000] {processor.py:809} INFO - DAG(s) dict_keys(['1-miprimerdag']) retrieved from /opt/airflow/dags/1_first_dag.py
[2026-09-13T00:06:28.251+0000] {logging_mixin.py:149} INFO - [2026-09-13T00:06:28.251+0000] {dag.py:2726} INFO - Sync 1 DAGs
[2026-09-13T00:06:28.319+0000] {logging_mixin.py:149} INFO - [2026-09-13T00:06:28.318+0000] {dag.py:3490} INFO - Setting next_dagrun for 1-miprimerdag to 2023-05-01T00:00:00+00:00, run_after=2023-05-01T00:00:00+00:00
[2026-09-13T00:06:28.384+0000] {processor.py:178} INFO - Processing /opt/airflow/dags/1_first_dag.py took 0.266 seconds
[2026-09-13T00:06:59.234+0000] {processor.py:156} INFO - Started process (PID=158971) to work on /opt/airflow/dags/1_first_dag.py
[2026-09-13T00:06:59.237+0000] {processor.py:799} INFO - Processing file /opt/airflow/dags/1_first_dag.py for tasks to queue
[2026-09-13T00:06:59.238+0000] {logging_mixin.py:149} INFO - [2026-09-13T00:06:59.238+0000] {dagbag.py:541} INFO - Filling up the DagBag from /opt/airflow/dags/1_first_dag.py
[2026-09-13T00:06:59.262+0000] {processor.py:809} INFO - DAG(s) dict_keys(['1-miprimerdag']) retrieved from /opt/airflow/dags/1_first_dag.py
[2026-09-13T00:06:59.341+0000] {logging_mixin.py:149} INFO - [2026-09-13T00:06:59.341+0000] {dag.py:2726} INFO - Sync 1 DAGs
[2026-09-13T00:06:59.410+0000] {logging_mixin.py:149} INFO - [2026-09-13T00:06:59.409+0000] {dag.py:3490} INFO - Setting next_dagrun for 1-miprimerdag to 2023-05-01T00:00:00+00:00, run_after=2023-05-01T00:00:00+00:00
[2026-09-13T00:06:59.478+0000] {processor.py:178} INFO - Processing /opt/airflow/dags/1_first_dag.py took 0.256 seconds
[2026-09-13T00:07:29.660+0000] {processor.py:156} INFO - Started process (PID=158985) to work on /opt/airflow/dags/1_first_dag.py
[2026-09-13T00:07:29.662+0000] {processor.py:799} INFO - Processing file /opt/airflow/dags/1_first_dag.py for tasks to queue
[2026-09-13T00:07:29.663+0000] {logging_mixin.py:149} INFO - [2026-09-13T00:07:29.663+0000] {dagbag.py:541} INFO - Filling up the DagBag from /opt/airflow/dags/1_first_dag.py
[2026-09-13T00:07:29.686+0000] {processor.py:809} INFO - DAG(s) dict_keys(['1-miprimerdag']) retrieved from /opt/airflow/dags/1_first_dag.py
[2026-09-13T00:07:29.773+0000] {logging_mixin.py:149} INFO - [2026-09-13T00:07:29.773+0000] {dag.py:2726} INFO - Sync 1 DAGs
[2026-09-13T00:07:29.838+0000] {logging_mixin.py:149} INFO - [2026-09-13T00:07:29.837+0000] {dag.py:3490} INFO - Setting next_dagrun for 1-miprimerdag to 2023-05-01T00:00:00+00:00, run_after=2023-05-01T00:00:00+00:00
[2026-09-13T00:07:29.903+0000] {processor.py:178} INFO - Processing /opt/airflow/dags/1_first_dag.py took 0.253 seconds
[2026-09-13T00:08:00.125+0000] {processor.py:156} INFO - Started process (PID=159000) to work on /opt/airflow/dags/1_first_dag.py
[2026-09-13T00:08:00.128+0000] {processor.py:799} INFO - Processing file /opt/airflow/dags/1_first_dag.py for tasks to queue
[2026-09-13T00:08:00.130+0000] {logging_mixin.py:149} INFO - [2026-09-13T00:08:00.130+0000] {dagbag.py:541} INFO - Filling up the DagBag from /opt/airflow/dags/1_first_dag.py
[2026-09-13T00:08:00.155+0000] {processor.py:809} INFO - DAG(s) dict_keys(['1-miprimerdag']) retrieved from /opt/airflow/dags/1_first_dag.py
[2026-09-13T00:08:00.241+0000] {logging_mixin.py:149} INFO - [2026-09-13T00:08:00.240+0000] {dag.py:2726} INFO - Sync 1 DAGs
[2026-09-13T00:08:00.326+0000] {logging_mixin.py:149} INFO - [2026-09-13T00:08:00.325+0000] {dag.py:3490} INFO - Setting next_dagrun for 1-miprimerdag to 2023-05-01T00:00:00+00:00, run_after=2023-05-01T00:00:00+00:00
[2026-09-13T00:08:00.383+0000] {processor.py:178} INFO - Processing /opt/airflow/dags/1_first_dag.py took 0.273 seconds
[2026-09-13T00:08:30.477+0000] {processor.py:156} INFO - Started process (PID=159014) to work on /opt/airflow/dags/1_first_dag.py
[2026-09-13T00:08:30.481+0000] {processor.py:799} INFO - Processing file /opt/airflow/dags/1_first_dag.py for tasks to queue
[2026-09-13T00:08:30.483+0000] {logging_mixin.py:149} INFO - [2026-09-13T00:08:30.482+0000] {dagbag.py:541} INFO - Filling up the DagBag from /opt/airflow/dags/1_first_dag.py
[2026-09-13T00:08:30.510+0000] {processor.py:809} INFO - DAG(s) dict_keys(['1-miprimerdag']) retrieved from /opt/airflow/dags/1_first_dag.py
[2026-09-13T00:08:30.592+0000] {logging_mixin.py:149} INFO - [2026-09-13T00:08:30.592+0000] {dag.py:2726} INFO - Sync 1 DAGs
[2026-09-13T00:08:30.660+0000] {logging_mixin.py:149} INFO - [2026-09-13T00:08:30.659+0000] {dag.py:3490} INFO - Setting next_dagrun for 1-miprimerdag to 2023-05-01T00:00:00+00:00, run_after=2023-05-01T00:00:00+00:00
[2026-09-13T00:08:30.716+0000] {processor.py:178} INFO - Processing /opt/airflow/dags/1_first_dag.py took 0.251 seconds
[2026-09-13T00:09:00.938+0000] {processor.py:156} INFO - Started process (PID=159028) to work on /opt/airflow/dags/1_first_dag.py
[2026-09-13T00:09:00.940+0000] {processor.py:799} INFO - Processing file /opt/airflow/dags/1_first_dag.py for tasks to queue
[2026-09-13T00:09:00.942+0000] {logging_mixin.py:149} INFO - [2026-09-13T00:09:00.942+0000] {dagbag.py:541} INFO - Filling up the DagBag from /opt/airflow/dags/1_first_dag.py
[2026-09-13T00:09:00.971+0000] {processor.py:809} INFO - DAG(s) dict_keys(['1-miprimerdag']) retrieved from /opt/airflow/dags/1_first_dag.py
[2026-09-13T00:09:01.065+0000] {logging_mixin.py:149} INFO - [2026-09-13T00:09:01.065+0000] {dag.py:2726} INFO - Sync 1 DAGs
[2026-09-13T00:09:01.139+0000] {logging_mixin.py:149} INFO - [2026-09-13T00:09:01.139+0000] {dag.py:3490} INFO - Setting next_dagrun for 1-miprimerdag to 2023-05-01T00:00:00+00:00, run_after=2023-05-01T00:00:00+00:00
[2026-09-13T00:09:01.205+0000] {processor.py:178} INFO - Processing /opt/airflow/dags/1_first_dag.py took 0.280 seconds
[2026-09-13T00:09:31.265+0000] {processor.py:156} INFO - Started process (PID=159042) to work on /opt/airflow/dags/1_first_dag.py
[2026-09-13T00:09:31.267+0000] {processor.py:799} INFO - Processing file /opt/airflow/dags/1_first_dag.py for tasks to queue
[2026-09-13T00:09:31.270+0000] {logging_mixin.py:149} INFO - [2026-09-13T00:09:31.269+0000] {dagbag.py:541} INFO - Filling up the DagBag from /opt/airflow/dags/1_first_dag.py
[2026-09-13T00:09:31.302+0000] {processor.py:809} INFO - DAG(s) dict_keys(['1-miprimerdag']) retrieved from /opt/airflow/dags/1_first_dag.py
[2026-09-13T00:09:31.402+0000] {logging_mixin.py:149} INFO - [2026-09-13T00:09:31.401+0000] {dag.py:2726} INFO - Sync 1 DAGs
[2026-09-13T00:09:31.465+0000] {logging_mixin.py:149} INFO - [2026-09-13T00:09:31.464+0000] {dag.py:3490} INFO - Setting next_dagrun for 1-miprimerdag to 2023-05-01T00:00:00+00:00, run_after=2023-05-01T00:00:00+00:00
[2026-09-13T00:09:31.534+0000] {processor.py:178} INFO - Processing /opt/airflow/dags/1_first_dag.py took 0.281 seconds
[2026-09-13T00:10:01.704+0000] {processor.py:156} INFO - Started process (PID=159056) to work on /opt/airflow/dags/1_first_dag.py
[2026-09-13T00:10:01.706+0000] {processor.py:799} INFO - Processing file /opt/airflow/dags/1_first_dag.py for tasks to queue
[2026-09-13T00:10:01.708+0000] {logging_mixin.py:149} INFO - [2026-09-13T00:10:01.708+0000] {dagbag.py:541} INFO - Filling up the DagBag from /opt/airflow/dags/1_first_dag.py
[2026-09-13T00:10:01.735+0000] {processor.py:809} INFO - DAG(s) dict_keys(['1-miprimerdag']) retrieved from /opt/airflow/dags/1_first_dag.py
[2026-09-13T00:10:01.827+0000] {logging_mixin.py:149} INFO - [2026-09-13T00:10:01.827+0000] {dag.py:2726} INFO - Sync 1 DAGs
[2026-09-13T00:10:01.891+0000] {logging_mixin.py:149} INFO - [2026-09-13T00:10:01.891+0000] {dag.py:3490} INFO - Setting next_dagrun for 1-miprimerdag to 2023-05-01T00:00:00+00:00, run_after=2023-05-01T00:00:00+00:00
[2026-09-13T00:10:01.951+0000] {processor.py:178} INFO - Processing /opt/airflow/dags/1_first_dag.py took 0.259 seconds
[2026-09-13T00:10:32.131+0000] {processor.py:156} INFO - Started process (PID=159070) to work on /opt/airflow/dags/1_first_dag.py
[2026-09-13T00:10:32.134+0000] {processor.py:799} INFO - Processing file /opt/airflow/dags/1_first_dag.py for tasks to queue
[2026-09-13T00:10:32.136+0000] {logging_mixin.py:149} INFO - [2026-09-13T00:10:32.136+0000] {dagbag.py:541} INFO - Filling up the DagBag from /opt/airflow/dags/1_first_dag.py
[2026-09-13T00:10:32.164+0000] {processor.py:809} INFO - DAG(s) dict_keys(['1-miprimerdag']) retrieved from /opt/airflow/dags/1_first_dag.py
[2026-09-13T00:10:32.258+0000] {logging_mixin.py:149} INFO - [2026-09-13T00:10:32.258+0000] {dag.py:2726} INFO - Sync 1 DAGs
[2026-09-13T00:10:32.339+0000] {logging_mixin.py:149} INFO - [2026-09-13T00:10:32.338+0000] {dag.py:3490} INFO - Setting next_dagrun for 1-miprimerdag to 2023-05-01T00:00:00+00:00, run_after=2023-05-01T00:00:00+00:00
[2026-09-13T00:10:32.413+0000] {processor.py:178} INFO - Processing /opt/airflow/dags/1_first_dag.py took 0.297 seconds
[2026-09-13T00:11:02.579+0000] {processor.py:156} INFO - Started process (PID=159085) to work on /opt/airflow/dags/1_first_dag.py
[2026-09-13T00:11:02.582+0000] {processor.py:799} INFO - Processing file /opt/airflow/dags/1_first_dag.py for tasks to queue
[2026-09-13T00:11:02.584+0000] {logging_mixin.py:149} INFO - [2026-09-13T00:11:02.584+0000] {dagbag.py:541} INFO - Filling up the DagBag from /opt/airflow/dags/1_first_dag.py
[2026-09-13T00:11:02.610+0000] {processor.py:809} INFO - DAG(s) dict_keys(['1-miprimerdag']) retrieved from /opt/airflow/dags/1_first_dag.py
[2026-09-13T00:11:02.697+0000] {logging_mixin.py:149} INFO - [2026-09-13T00:11:02.696+0000] {dag.py:2726} INFO - Sync 1 DAGs
[2026-09-13T00:11:02.765+0000] {logging_mixin.py:149} INFO - [2026-09-13T00:11:02.765+0000] {dag.py:3490} INFO - Setting next_dagrun for 1-miprimerdag to 2023-05-01T00:00:00+00:00, run_after=2023-05-01T00:00:00+00:00
[2026-09-13T00:11:02.817+0000] {processor.py:178} INFO - Processing /opt/airflow/dags/1_first_dag.py took 0.249 seconds
[2026-09-13T00:11:33.163+0000] {processor.py:156} INFO - Started process (PID=159099) to work on /opt/airflow/dags/1_first_dag.py
[2026-09-13T00:11:33.165+0000] {processor.py:799} INFO - Processing file /opt/airflow/dags/1_first_dag.py for tasks to queue
[2026-09-13T00:11:33.166+0000] {logging_mixin.py:149} INFO - [2026-09-13T00:11:33.166+0000] {dagbag.py:541} INFO - Filling up the DagBag from /opt/airflow/dags/1_first_dag.py
[2026-09-13T00:11:33.192+0000] {processor.py:809} INFO - DAG(s) dict_keys(['1-miprimerdag']) retrieved from /opt/airflow/dags/1_first_dag.py
[2026-09-13T00:11:33.281+0000] {logging_mixin.py:149} INFO - [2026-09-13T00:11:33.280+0000] {dag.py:2726} INFO - Sync 1 DAGs
[2026-09-13T00:11:33.364+0000] {logging_mixin.py:149} INFO - [2026-09-13T00:11:33.363+0000] {dag.py:3490} INFO - Setting next_dagrun for 1-miprimerdag to 2023-05-01T00:00:00+00:00, run_after=2023-05-01T00:00:00+00:00
[2026-09-13T00:11:33.426+0000] {processor.py:178} INFO - Processing /opt/airflow/dags/1_first_dag.py took 0.273 seconds
[2026-09-13T00:12:03.592+0000] {processor.py:156} INFO - Started process (PID=159113) to work on /opt/airflow/dags/1_first_dag.py
[2026-09-13T00:12:03.600+0000] {processor.py:799} INFO - Processing file /opt/airflow/dags/1_first_dag.py for tasks to queue
[2026-09-13T00:12:03.602+0000] {logging_mixin.py:149} INFO - [2026-09-13T00:12:03.602+0000] {dagbag.py:541} INFO - Filling up the DagBag from /opt/airflow/dags/1_first_dag.py
[2026-09-13T00:12:03.631+0000] {processor.py:809} INFO - DAG(s) dict_keys(['1-miprimerdag']) retrieved from /opt/airflow/dags/1_first_dag.py
[2026-09-13T00:12:03.722+0000] {logging_mixin.py:149} INFO - [2026-09-13T00:12:03.722+0000] {dag.py:2726} INFO - Sync 1 DAGs
[2026-09-13T00:12:03.799+0000] {logging_mixin.py:149} INFO - [2026-09-13T00:12:03.798+0000] {dag.py:3490} INFO - Setting next_dagrun for 1-miprimerdag to 2023-05-01T00:00:00+00:00, run_after=2023-05-01T00:00:00+00:00
[2026-09-13T00:12:03.867+0000] {processor.py:178} INFO - Processing /opt/airflow/dags/1_first_dag.py took 0.286 seconds
[2026-09-13T00:12:34.134+0000] {processor.py:156} INFO - Started process (PID=159127) to work on /opt/airflow/dags/1_first_dag.py
[2026-09-13T00:12:34.136+0000] {processor.py:799} INFO - Processing file /opt/airflow/dags/1_first_dag.py for tasks to queue
[2026-09-13T00:12:34.138+0000] {logging_mixin.py:149} INFO - [2026-09-13T00:12:34.138+0000] {dagbag.py:541} INFO - Filling up the DagBag from /opt/airflow/dags/1_first_dag.py
[2026-09-13T00:12:34.164+0000] {processor.py:809} INFO - DAG(s) dict_keys(['1-miprimerdag']) retrieved from /opt/airflow/dags/1_first_dag.py
[2026-09-13T00:12:34.244+0000] {logging_mixin.py:149} INFO - [2026-09-13T00:12:34.244+0000] {dag.py:2726} INFO - Sync 1 DAGs
[2026-09-13T00:12:34.313+0000] {logging_mixin.py:149} INFO - [2026-09-13T00:12:34.312+0000] {dag.py:3490} INFO - Setting next_dagrun for 1-miprimerdag to 2023-05-01T00:00:00+00:00, run_after=2023-05-01T00:00:00+00:00
[2026-09-13T00:12:34.367+0000] {processor.py:178} INFO - Processing /opt/airflow/dags/1_first_dag.py took 0.245 seconds
[2026-09-13T00:13:04.540+0000] {processor.py:156} INFO - Started process (PID=159141) to work on /opt/airflow/dags/1_first_dag.py
[2026-09-13T00:13:04.543+0000] {processor.py:799} INFO - Processing file /opt/airflow/dags/1_first_dag.py for tasks to queue
[2026-09-13T00:13:04.545+0000] {logging_mixin.py:149} INFO - [2026-09-13T00:13:04.544+0000] {dagbag.py:541} INFO - Filling up the DagBag from /opt/airflow/dags/1_first_dag.py
[2026-09-13T00:13:04.569+0000] {processor.py:809} INFO - DAG(s) dict_keys(['1-miprimerdag']) retrieved from /opt/airflow/dags/1_first_dag.py
[2026-09-13T00:13:04.659+0000] {logging_mixin.py:149} INFO - [2026-09-13T00:13:04.659+0000] {dag.py:2726} INFO - Sync 1 DAGs
[2026-09-13T00:13:04.733+0000] {logging_mixin.py:149} INFO - [2026-09-13T00:13:04.732+0000] {dag.py:3490} INFO - Setting next_dagrun for 1-miprimerdag to 2023-05-01T00:00:00+00:00, run_after=2023-05-01T00:00:00+00:00
[2026-09-13T00:13:04.803+0000] {processor.py:178} INFO - Processing /opt/airflow/dags/1_first_dag.py took 0.274 seconds
[2026-09-13T00:13:34.975+0000] {processor.py:156} INFO - Started process (PID=159155) to work on /opt/airflow/dags/1_first_dag.py
[2026-09-13T00:13:34.977+0000] {processor.py:799} INFO - Processing file /opt/airflow/dags/1_first_dag.py for tasks to queue
[2026-09-13T00:13:34.979+0000] {logging_mixin.py:149} INFO - [2026-09-13T00:13:34.979+0000] {dagbag.py:541} INFO - Filling up the DagBag from /opt/airflow/dags/1_first_dag.py
[2026-09-13T00:13:35.012+0000] {processor.py:809} INFO - DAG(s) dict_keys(['1-miprimerdag']) retrieved from /opt/airflow/dags/1_first_dag.py
[2026-09-13T00:13:35.107+0000] {logging_mixin.py:149} INFO - [2026-09-13T00:13:35.107+0000] {dag.py:2726} INFO - Sync 1 DAGs
[2026-09-13T00:13:35.177+0000] {logging_mixin.py:149} INFO - [2026-09-13T00:13:35.176+0000] {dag.py:3490} INFO - Setting next_dagrun for 1-miprimerdag to 2023-05-01T00:00:00+00:00, run_after=2023-05-01T00:00:00+00:00
[2026-09-13T00:13:35.254+0000] {processor.py:178} INFO - Processing /opt/airflow/dags/1_first_dag.py took 0.291 seconds
[2026-09-13T00:14:05.526+0000] {processor.py:156} INFO - Started process (PID=159169) to work on /opt/airflow/dags/1_first_dag.py
[2026-09-13T00:14:05.534+0000] {processor.py:799} INFO - Processing file /opt/airflow/dags/1_first_dag.py for tasks to queue
[2026-09-13T00:14:05.536+0000] {logging_mixin.py:149} INFO - [2026-09-13T00:14:05.536+0000] {dagbag.py:541} INFO - Filling up the DagBag from /opt/airflow/dags/1_first_dag.py
[2026-09-13T00:14:05.565+0000] {processor.py:809} INFO - DAG(s) dict_keys(['1-miprimerdag']) retrieved from /opt/airflow/dags/1_first_dag.py
[2026-09-13T00:14:05.660+0000] {logging_mixin.py:149} INFO - [2026-09-13T00:14:05.659+0000] {dag.py:2726} INFO - Sync 1 DAGs
[2026-09-13T00:14:05.729+0000] {logging_mixin.py:149} INFO - [2026-09-13T00:14:05.728+0000] {dag.py:3490} INFO - Setting next_dagrun for 1-miprimerdag to 2023-05-01T00:00:00+00:00, run_after=2023-05-01T00:00:00+00:00
[2026-09-13T00:14:05.796+0000] {processor.py:178} INFO - Processing /opt/airflow/dags/1_first_dag.py took 0.281 seconds
[2026-09-13T00:14:36.000+0000] {processor.py:156} INFO - Started process (PID=159184) to work on /opt/airflow/dags/1_first_dag.py
[2026-09-13T00:14:36.001+0000] {processor.py:799} INFO - Processing file /opt/airflow/dags/1_first_dag.py for tasks to queue
[2026-09-13T00:14:36.002+0000] {logging_mixin.py:149} INFO - [2026-09-13T00:14:36.002+0000] {dagbag.py:541} INFO - Filling up the DagBag from /opt/airflow/dags/1_first_dag.py
[2026-09-13T00:14:36.019+0000] {processor.py:809} INFO - DAG(s) dict_keys(['1-miprimerdag']) retrieved from /opt/airflow/dags/1_first_dag.py
[2026-09-13T00:14:36.110+0000] {logging_mixin.py:149} INFO - [2026-09-13T00:14:36.109+0000] {dag.py:2726} INFO - Sync 1 DAGs
[2026-09-13T00:14:36.166+0000] {logging_mixin.py:149} INFO - [2026-09-13T00:14:36.165+0000] {dag.py:3490} INFO - Setting next_dagrun for 1-miprimerdag to 2023-05-01T00:00:00+00:00, run_after=2023-05-01T00:00:00+00:00
[2026-09-13T00:14:36.230+0000] {processor.py:178} INFO - Processing /opt/airflow/dags/1_first_dag.py took 0.237 seconds
[2026-09-13T00:15:06.319+0000] {processor.py:156} INFO - Started process (PID=159198) to work on /opt/airflow/dags/1_first_dag.py
[2026-09-13T00:15:06.323+0000] {processor.py:799} INFO - Processing file /opt/airflow/dags/1_first_dag.py for tasks to queue
[2026-09-13T00:15:06.325+0000] {logging_mixin.py:149} INFO - [2026-09-13T00:15:06.325+0000] {dagbag.py:541} INFO - Filling up the DagBag from /opt/airflow/dags/1_first_dag.py
[2026-09-13T00:15:06.355+0000] {processor.py:809} INFO - DAG(s) dict_keys(['1-miprimerdag']) retrieved from /opt/airflow/dags/1_first_dag.py
[2026-09-13T00:15:06.437+0000] {logging_mixin.py:149} INFO - [2026-09-13T00:15:06.437+0000] {dag.py:2726} INFO - Sync 1 DAGs
[2026-09-13T00:15:06.498+0000] {logging_mixin.py:149} INFO - [2026-09-13T00:15:06.497+0000] {dag.py:3490} INFO - Setting next_dagrun for 1-miprimerdag to 2023-05-01T00:00:00+00:00, run_after=2023-05-01T00:00:00+00:00
[2026-09-13T00:15:06.556+0000] {processor.py:178} INFO - Processing /opt/airflow/dags/1_first_dag.py took 0.248 seconds
[2026-09-13T00:15:36.675+0000] {processor.py:156} INFO - Started process (PID=159212) to work on /opt/airflow/dags/1_first_dag.py
[2026-09-13T00:15:36.677+0000] {processor.py:799} INFO - Processing file /opt/airflow/dags/1_first_dag.py for tasks to queue
[2026-09-13T00:15:36.679+0000] {logging_mixin.py:149} INFO - [2026-09-13T00:15:36.678+0000] {dagbag.py:541} INFO - Filling up the DagBag from /opt/airflow/dags/1_first_dag.py
[2026-09-13T00:15:36.708+0000] {processor.py:809} INFO - DAG(s) dict_keys(['1-miprimerdag']) retrieved from /opt/airflow/dags/1_first_dag.py
[2026-09-13T00:15:36.807+0000] {logging_mixin.py:149} INFO - [2026-09-13T00:15:36.806+0000] {dag.py:2726} INFO - Sync 1 DAGs
[2026-09-13T00:15:36.881+0000] {logging_mixin.py:149} INFO - [2026-09-13T00:15:36.880+0000] {dag.py:3490} INFO - Setting next_dagrun for 1-miprimerdag to 2023-05-01T00:00:00+00:00, run_after=2023-05-01T00:00:00+00:00
[2026-09-13T00:15:36.951+0000] {processor.py:178} INFO - Processing /opt/airflow/dags/1_first_dag.py took 0.286 seconds
[2026-09-13T00:16:07.071+0000] {processor.py:156} INFO - Started process (PID=159225) to work on /opt/airflow/dags/1_first_dag.py
[2026-09-13T00:16:07.078+0000] {processor.py:799} INFO - Processing file /opt/airflow/dags/1_first_dag.py for tasks to queue
[2026-09-13T00:16:07.080+0000] {logging_mixin.py:149} INFO - [2026-09-13T00:16:07.080+0000] {dagbag.py:541} INFO - Filling up the DagBag from /opt/airflow/dags/1_first_dag.py
[2026-09-13T00:16:07.110+0000] {processor.py:809} INFO - DAG(s) dict_keys(['1-miprimerdag']) retrieved from /opt/airflow/dags/1_first_dag.py
[2026-09-13T00:16:07.200+0000] {logging_mixin.py:149} INFO - [2026-09-13T00:16:07.199+0000] {dag.py:2726} INFO - Sync 1 DAGs
[2026-09-13T00:16:07.269+0000] {logging_mixin.py:149} INFO - [2026-09-13T00:16:07.269+0000] {dag.py:3490} INFO - Setting next_dagrun for 1-miprimerdag to 2023-05-01T00:00:00+00:00, run_after=2023-05-01T00:00:00+00:00
[2026-09-13T00:16:07.324+0000] {processor.py:178} INFO - Processing /opt/airflow/dags/1_first_dag.py took 0.263 seconds
[2026-09-13T00:16:37.576+0000] {processor.py:156} INFO - Started process (PID=159238) to work on /opt/airflow/dags/1_first_dag.py
[2026-09-13T00:16:37.578+0000] {processor.py:799} INFO - Processing file /opt/airflow/dags/1_first_dag.py for tasks to queue
[2026-09-13T00:16:37.581+0000] {logging_mixin.py:149} INFO - [2026-09-13T00:16:37.580+0000] {dagbag.py:541} INFO - Filling up the DagBag from /opt/airflow/dags/1_first_dag.py
[2026-09-13T00:16:37.612+0000] {processor.py:809} INFO - DAG(s) dict_keys(['1-miprimerdag']) retrieved from /opt/airflow/dags/1_first_dag.py
[2026-09-13T00:16:37.702+0000] {logging_mixin.py:149} INFO - [2026-09-13T00:16:37.701+0000] {dag.py:2726} INFO - Sync 1 DAGs
[2026-09-13T00:16:37.768+0000] {logging_mixin.py:149} INFO - [2026-09-13T00:16:37.767+0000] {dag.py:3490} INFO - Setting next_dagrun for 1-miprimerdag to 2023-05-01T00:00:00+00:00, run_after=2023-05-01T00:00:00+00:00
[2026-09-13T00:16:37.832+0000] {processor.py:178} INFO - Processing /opt/airflow/dags/1_first_dag.py took 0.267 seconds
[2026-09-13T00:17:07.957+0000] {processor.py:156} INFO - Started process (PID=159252) to work on /opt/airflow/dags/1_first_dag.py
[2026-09-13T00:17:07.961+0000] {processor.py:799} INFO - Processing file /opt/airflow/dags/1_first_dag.py for tasks to queue
[2026-09-13T00:17:07.963+0000] {logging_mixin.py:149} INFO - [2026-09-13T00:17:07.963+0000] {dagbag.py:541} INFO - Filling up the DagBag from /opt/airflow/dags/1_first_dag.py
[2026-09-13T00:17:07.992+0000] {processor.py:809} INFO - DAG(s) dict_keys(['1-miprimerdag']) retrieved from /opt/airflow/dags/1_first_dag.py
[2026-09-13T00:17:08.083+0000] {logging_mixin.py:149} INFO - [2026-09-13T00:17:08.082+0000] {dag.py:2726} INFO - Sync 1 DAGs
[2026-09-13T00:17:08.135+0000] {logging_mixin.py:149} INFO - [2026-09-13T00:17:08.134+0000] {dag.py:3490} INFO - Setting next_dagrun for 1-miprimerdag to 2023-05-01T00:00:00+00:00, run_after=2023-05-01T00:00:00+00:00
[2026-09-13T00:17:08.201+0000] {processor.py:178} INFO - Processing /opt/airflow/dags/1_first_dag.py took 0.256 seconds
[2026-09-13T00:17:38.271+0000] {processor.py:156} INFO - Started process (PID=159266) to work on /opt/airflow/dags/1_first_dag.py
[2026-09-13T00:17:38.275+0000] {processor.py:799} INFO - Processing file /opt/airflow/dags/1_first_dag.py for tasks to queue
[2026-09-13T00:17:38.277+0000] {logging_mixin.py:149} INFO - [2026-09-13T00:17:38.276+0000] {dagbag.py:541} INFO - Filling up the DagBag from /opt/airflow/dags/1_first_dag.py
[2026-09-13T00:17:38.306+0000] {processor.py:809} INFO - DAG(s) dict_keys(['1-miprimerdag']) retrieved from /opt/airflow/dags/1_first_dag.py
[2026-09-13T00:17:38.389+0000] {logging_mixin.py:149} INFO - [2026-09-13T00:17:38.389+0000] {dag.py:2726} INFO - Sync 1 DAGs
[2026-09-13T00:17:38.461+0000] {logging_mixin.py:149} INFO - [2026-09-13T00:17:38.460+0000] {dag.py:3490} INFO - Setting next_dagrun for 1-miprimerdag to 2023-05-01T00:00:00+00:00, run_after=2023-05-01T00:00:00+00:00
[2026-09-13T00:17:38.540+0000] {processor.py:178} INFO - Processing /opt/airflow/dags/1_first_dag.py took 0.280 seconds
[2026-09-13T00:18:08.747+0000] {processor.py:156} INFO - Started process (PID=159280) to work on /opt/airflow/dags/1_first_dag.py
[2026-09-13T00:18:08.749+0000] {processor.py:799} INFO - Processing file /opt/airflow/dags/1_first_dag.py for tasks to queue
[2026-09-13T00:18:08.751+0000] {logging_mixin.py:149} INFO - [2026-09-13T00:18:08.751+0000] {dagbag.py:541} INFO - Filling up the DagBag from /opt/airflow/dags/1_first_dag.py
[2026-09-13T00:18:08.777+0000] {processor.py:809} INFO - DAG(s) dict_keys(['1-miprimerdag']) retrieved from /opt/airflow/dags/1_first_dag.py
[2026-09-13T00:18:08.869+0000] {logging_mixin.py:149} INFO - [2026-09-13T00:18:08.868+0000] {dag.py:2726} INFO - Sync 1 DAGs
[2026-09-13T00:18:08.939+0000] {logging_mixin.py:149} INFO - [2026-09-13T00:18:08.939+0000] {dag.py:3490} INFO - Setting next_dagrun for 1-miprimerdag to 2023-05-01T00:00:00+00:00, run_after=2023-05-01T00:00:00+00:00
[2026-09-13T00:18:09.003+0000] {processor.py:178} INFO - Processing /opt/airflow/dags/1_first_dag.py took 0.266 seconds
[2026-09-13T00:18:39.198+0000] {processor.py:156} INFO - Started process (PID=159294) to work on /opt/airflow/dags/1_first_dag.py
[2026-09-13T00:18:39.200+0000] {processor.py:799} INFO - Processing file /opt/airflow/dags/1_first_dag.py for tasks to queue
[2026-09-13T00:18:39.202+0000] {logging_mixin.py:149} INFO - [2026-09-13T00:18:39.202+0000] {dagbag.py:541} INFO - Filling up the DagBag from /opt/airflow/dags/1_first_dag.py
[2026-09-13T00:18:39.225+0000] {processor.py:809} INFO - DAG(s) dict_keys(['1-miprimerdag']) retrieved from /opt/airflow/dags/1_first_dag.py
[2026-09-13T00:18:39.314+0000] {logging_mixin.py:149} INFO - [2026-09-13T00:18:39.314+0000] {dag.py:2726} INFO - Sync 1 DAGs
[2026-09-13T00:18:39.382+0000] {logging_mixin.py:149} INFO - [2026-09-13T00:18:39.381+0000] {dag.py:3490} INFO - Setting next_dagrun for 1-miprimerdag to 2023-05-01T00:00:00+00:00, run_after=2023-05-01T00:00:00+00:00
[2026-09-13T00:18:39.434+0000] {processor.py:178} INFO - Processing /opt/airflow/dags/1_first_dag.py took 0.250 seconds
[2026-09-13T00:19:09.492+0000] {processor.py:156} INFO - Started process (PID=159308) to work on /opt/airflow/dags/1_first_dag.py
[2026-09-13T00:19:09.498+0000] {processor.py:799} INFO - Processing file /opt/airflow/dags/1_first_dag.py for tasks to queue
[2026-09-13T00:19:09.500+0000] {logging_mixin.py:149} INFO - [2026-09-13T00:19:09.500+0000] {dagbag.py:541} INFO - Filling up the DagBag from /opt/airflow/dags/1_first_dag.py
[2026-09-13T00:19:09.525+0000] {processor.py:809} INFO - DAG(s) dict_keys(['1-miprimerdag']) retrieved from /opt/airflow/dags/1_first_dag.py
[2026-09-13T00:19:09.609+0000] {logging_mixin.py:149} INFO - [2026-09-13T00:19:09.608+0000] {dag.py:2726} INFO - Sync 1 DAGs
[2026-09-13T00:19:09.666+0000] {logging_mixin.py:149} INFO - [2026-09-13T00:19:09.666+0000] {dag.py:3490} INFO - Setting next_dagrun for 1-miprimerdag to 2023-05-01T00:00:00+00:00, run_after=2023-05-01T00:00:00+00:00
[2026-09-13T00:19:09.718+0000] {processor.py:178} INFO - Processing /opt/airflow/dags/1_first_dag.py took 0.237 seconds
[2026-09-13T00:19:39.986+0000] {processor.py:156} INFO - Started process (PID=159322) to work on /opt/airflow/dags/1_first_dag.py
[2026-09-13T00:19:39.988+0000] {processor.py:799} INFO - Processing file /opt/airflow/dags/1_first_dag.py for tasks to queue
[2026-09-13T00:19:39.991+0000] {logging_mixin.py:149} INFO - [2026-09-13T00:19:39.990+0000] {dagbag.py:541} INFO - Filling up the DagBag from /opt/airflow/dags/1_first_dag.py
[2026-09-13T00:19:40.019+0000] {processor.py:809} INFO - DAG(s) dict_keys(['1-miprimerdag']) retrieved from /opt/airflow/dags/1_first_dag.py
[2026-09-13T00:19:40.095+0000] {logging_mixin.py:149} INFO - [2026-09-13T00:19:40.095+0000] {dag.py:2726} INFO - Sync 1 DAGs
[2026-09-13T00:19:40.156+0000] {logging_mixin.py:149} INFO - [2026-09-13T00:19:40.155+0000] {dag.py:3490} INFO - Setting next_dagrun for 1-miprimerdag to 2023-05-01T00:00:00+00:00, run_after=2023-05-01T00:00:00+00:00
[2026-09-13T00:19:40.213+0000] {processor.py:178} INFO - Processing /opt/airflow/dags/1_first_dag.py took 0.242 seconds
[2026-09-13T00:20:10.280+0000] {processor.py:156} INFO - Started process (PID=159336) to work on /opt/airflow/dags/1_first_dag.py
[2026-09-13T00:20:10.283+0000] {processor.py:799} INFO - Processing file /opt/airflow/dags/1_first_dag.py for tasks to queue
[2026-09-13T00:20:10.285+0000] {logging_mixin.py:149} INFO - [2026-09-13T00:20:10.284+0000] {dagbag.py:541} INFO - Filling up the DagBag from /opt/airflow/dags/1_first_dag.py
[2026-09-13T00:20:10.312+0000] {processor.py:809} INFO - DAG(s) dict_keys(['1-miprimerdag']) retrieved from /opt/airflow/dags/1_first_dag.py
[2026-09-13T00:20:10.394+0000] {logging_mixin.py:149} INFO - [2026-09-13T00:20:10.393+0000] {dag.py:2726} INFO - Sync 1 DAGs
[2026-09-13T00:20:10.456+0000] {logging_mixin.py:149} INFO - [2026-09-13T00:20:10.456+0000] {dag.py:3490} INFO - Setting next_dagrun for 1-miprimerdag to 2023-05-01T00:00:00+00:00, run_after=2023-05-01T00:00:00+00:00
[2026-09-13T00:20:10.508+0000] {processor.py:178} INFO - Processing /opt/airflow/dags/1_first_dag.py took 0.239 seconds
[2026-09-13T00:20:40.633+0000] {processor.py:156} INFO - Started process (PID=159350) to work on /opt/airflow/dags/1_first_dag.py
[2026-09-13T00:20:40.635+0000] {processor.py:799} INFO - Processing file /opt/airflow/dags/1_first_dag.py for tasks to queue
[2026-09-13T00:20:40.637+0000] {logging_mixin.py:149} INFO - [2026-09-13T00:20:40.637+0000] {dagbag.py:541} INFO - Filling up the DagBag from /opt/airflow/dags/1_first_dag.py
[2026-09-13T00:20:40.662+0000] {processor.py:809} INFO - DAG(s) dict_keys(['1-miprimerdag']) retrieved from /opt/airflow/dags/1_first_dag.py
[2026-09-13T00:20:40.755+0000] {logging_mixin.py:149} INFO - [2026-09-13T00:20:40.754+0000] {dag.py:2726} INFO - Sync 1 DAGs
[2026-09-13T00:20:40.817+0000] {logging_mixin.py:149} INFO - [2026-09-13T00:20:40.817+0000] {dag.py:3490} INFO - Setting next_dagrun for 1-miprimerdag to 2023-05-01T00:00:00+00:00, run_after=2023-05-01T00:00:00+00:00
[2026-09-13T00:20:40.889+0000] {processor.py:178} INFO - Processing /opt/airflow/dags/1_first_dag.py took 0.267 seconds
[2026-09-13T00:21:11.114+0000] {processor.py:156} INFO - Started process (PID=159363) to work on /opt/airflow/dags/1_first_dag.py
[2026-09-13T00:21:11.118+0000] {processor.py:799} INFO - Processing file /opt/airflow/dags/1_first_dag.py for tasks to queue
[2026-09-13T00:21:11.120+0000] {logging_mixin.py:149} INFO - [2026-09-13T00:21:11.120+0000] {dagbag.py:541} INFO - Filling up the DagBag from /opt/airflow/dags/1_first_dag.py
[2026-09-13T00:21:11.145+0000] {processor.py:809} INFO - DAG(s) dict_keys(['1-miprimerdag']) retrieved from /opt/airflow/dags/1_first_dag.py
[2026-09-13T00:21:11.229+0000] {logging_mixin.py:149} INFO - [2026-09-13T00:21:11.229+0000] {dag.py:2726} INFO - Sync 1 DAGs
[2026-09-13T00:21:11.293+0000] {logging_mixin.py:149} INFO - [2026-09-13T00:21:11.292+0000] {dag.py:3490} INFO - Setting next_dagrun for 1-miprimerdag to 2023-05-01T00:00:00+00:00, run_after=2023-05-01T00:00:00+00:00
[2026-09-13T00:21:11.352+0000] {processor.py:178} INFO - Processing /opt/airflow/dags/1_first_dag.py took 0.249 seconds
[2026-09-13T00:21:41.653+0000] {processor.py:156} INFO - Started process (PID=159378) to work on /opt/airflow/dags/1_first_dag.py
[2026-09-13T00:21:41.656+0000] {processor.py:799} INFO - Processing file /opt/airflow/dags/1_first_dag.py for tasks to queue
[2026-09-13T00:21:41.658+0000] {logging_mixin.py:149} INFO - [2026-09-13T00:21:41.657+0000] {dagbag.py:541} INFO - Filling up the DagBag from /opt/airflow/dags/1_first_dag.py
[2026-09-13T00:21:41.691+0000] {processor.py:809} INFO - DAG(s) dict_keys(['1-miprimerdag']) retrieved from /opt/airflow/dags/1_first_dag.py
[2026-09-13T00:21:41.777+0000] {logging_mixin.py:149} INFO - [2026-09-13T00:21:41.776+0000] {dag.py:2726} INFO - Sync 1 DAGs
[2026-09-13T00:21:41.845+0000] {logging_mixin.py:149} INFO - [2026-09-13T00:21:41.845+0000] {dag.py:3490} INFO - Setting next_dagrun for 1-miprimerdag to 2023-05-01T00:00:00+00:00, run_after=2023-05-01T00:00:00+00:00
[2026-09-13T00:21:41.913+0000] {processor.py:178} INFO - Processing /opt/airflow/dags/1_first_dag.py took 0.270 seconds
[2026-09-13T00:22:12.136+0000] {processor.py:156} INFO - Started process (PID=159392) to work on /opt/airflow/dags/1_first_dag.py
[2026-09-13T00:22:12.144+0000] {processor.py:799} INFO - Processing file /opt/airflow/dags/1_first_dag.py for tasks to queue
[2026-09-13T00:22:12.147+0000] {logging_mixin.py:149} INFO - [2026-09-13T00:22:12.146+0000] {dagbag.py:541} INFO - Filling up the DagBag from /opt/airflow/dags/1_first_dag.py
[2026-09-13T00:22:12.177+0000] {processor.py:809} INFO - DAG(s) dict_keys(['1-miprimerdag']) retrieved from /opt/airflow/dags/1_first_dag.py
[2026-09-13T00:22:12.270+0000] {logging_mixin.py:149} INFO - [2026-09-13T00:22:12.269+0000] {dag.py:2726} INFO - Sync 1 DAGs
[2026-09-13T00:22:12.332+0000] {logging_mixin.py:149} INFO - [2026-09-13T00:22:12.332+0000] {dag.py:3490} INFO - Setting next_dagrun for 1-miprimerdag to 2023-05-01T00:00:00+00:00, run_after=2023-05-01T00:00:00+00:00
[2026-09-13T00:22:12.397+0000] {processor.py:178} INFO - Processing /opt/airflow/dags/1_first_dag.py took 0.277 seconds
[2026-09-13T00:22:42.519+0000] {processor.py:156} INFO - Started process (PID=159406) to work on /opt/airflow/dags/1_first_dag.py
[2026-09-13T00:22:42.521+0000] {processor.py:799} INFO - Processing file /opt/airflow/dags/1_first_dag.py for tasks to queue
[2026-09-13T00:22:42.523+0000] {logging_mixin.py:149} INFO - [2026-09-13T00:22:42.522+0000] {dagbag.py:541} INFO - Filling up the DagBag from /opt/airflow/dags/1_first_dag.py
[2026-09-13T00:22:42.546+0000] {processor.py:809} INFO - DAG(s) dict_keys(['1-miprimerdag']) retrieved from /opt/airflow/dags/1_first_dag.py
[2026-09-13T00:22:42.634+0000] {logging_mixin.py:149} INFO - [2026-09-13T00:22:42.633+0000] {dag.py:2726} INFO - Sync 1 DAGs
[2026-09-13T00:22:42.703+0000] {logging_mixin.py:149} INFO - [2026-09-13T00:22:42.702+0000] {dag.py:3490} INFO - Setting next_dagrun for 1-miprimerdag to 2023-05-01T00:00:00+00:00, run_after=2023-05-01T00:00:00+00:00
[2026-09-13T00:22:42.768+0000] {processor.py:178} INFO - Processing /opt/airflow/dags/1_first_dag.py took 0.259 seconds
[2026-09-13T00:23:12.836+0000] {processor.py:156} INFO - Started process (PID=159420) to work on /opt/airflow/dags/1_first_dag.py
[2026-09-13T00:23:12.840+0000] {processor.py:799} INFO - Processing file /opt/airflow/dags/1_first_dag.py for tasks to queue
[2026-09-13T00:23:12.842+0000] {logging_mixin.py:149} INFO - [2026-09-13T00:23:12.842+0000] {dagbag.py:541} INFO - Filling up the DagBag from /opt/airflow/dags/1_first_dag.py
[2026-09-13T00:23:12.872+0000] {processor.py:809} INFO - DAG(s) dict_keys(['1-miprimerdag']) retrieved from /opt/airflow/dags/1_first_dag.py
[2026-09-13T00:23:12.966+0000] {logging_mixin.py:149} INFO - [2026-09-13T00:23:12.966+0000] {dag.py:2726} INFO - Sync 1 DAGs
[2026-09-13T00:23:13.050+0000] {logging_mixin.py:149} INFO - [2026-09-13T00:23:13.050+0000] {dag.py:3490} INFO - Setting next_dagrun for 1-miprimerdag to 2023-05-01T00:00:00+00:00, run_after=2023-05-01T00:00:00+00:00
[2026-09-13T00:23:13.124+0000] {processor.py:178} INFO - Processing /opt/airflow/dags/1_first_dag.py took 0.298 seconds
[2026-09-13T00:23:43.377+0000] {processor.py:156} INFO - Started process (PID=159434) to work on /opt/airflow/dags/1_first_dag.py
[2026-09-13T00:23:43.379+0000] {processor.py:799} INFO - Processing file /opt/airflow/dags/1_first_dag.py for tasks to queue
[2026-09-13T00:23:43.381+0000] {logging_mixin.py:149} INFO - [2026-09-13T00:23:43.381+0000] {dagbag.py:541} INFO - Filling up the DagBag from /opt/airflow/dags/1_first_dag.py
[2026-09-13T00:23:43.407+0000] {processor.py:809} INFO - DAG(s) dict_keys(['1-miprimerdag']) retrieved from /opt/airflow/dags/1_first_dag.py
[2026-09-13T00:23:43.484+0000] {logging_mixin.py:149} INFO - [2026-09-13T00:23:43.484+0000] {dag.py:2726} INFO - Sync 1 DAGs
[2026-09-13T00:23:43.542+0000] {logging_mixin.py:149} INFO - [2026-09-13T00:23:43.542+0000] {dag.py:3490} INFO - Setting next_dagrun for 1-miprimerdag to 2023-05-01T00:00:00+00:00, run_after=2023-05-01T00:00:00+00:00
[2026-09-13T00:23:43.592+0000] {processor.py:178} INFO - Processing /opt/airflow/dags/1_first_dag.py took 0.228 seconds
[2026-09-13T00:24:14.238+0000] {processor.py:156} INFO - Started process (PID=159448) to work on /opt/airflow/dags/1_first_dag.py
[2026-09-13T00:24:14.246+0000] {processor.py:799} INFO - Processing file /opt/airflow/dags/1_first_dag.py for tasks to queue
[2026-09-13T00:24:14.247+0000] {logging_mixin.py:149} INFO - [2026-09-13T00:24:14.247+0000] {dagbag.py:541} INFO - Filling up the DagBag from /opt/airflow/dags/1_first_dag.py
[2026-09-13T00:24:14.272+0000] {processor.py:809} INFO - DAG(s) dict_keys(['1-miprimerdag']) retrieved from /opt/airflow/dags/1_first_dag.py
[2026-09-13T00:24:14.358+0000] {logging_mixin.py:149} INFO - [2026-09-13T00:24:14.358+0000] {dag.py:2726} INFO - Sync 1 DAGs
[2026-09-13T00:24:14.436+0000] {logging_mixin.py:149} INFO - [2026-09-13T00:24:14.436+0000] {dag.py:3490} INFO - Setting next_dagrun for 1-miprimerdag to 2023-05-01T00:00:00+00:00, run_after=2023-05-01T00:00:00+00:00
[2026-09-13T00:24:14.518+0000] {processor.py:178} INFO - Processing /opt/airflow/dags/1_first_dag.py took 0.292 seconds
[2026-09-13T00:24:44.793+0000] {processor.py:156} INFO - Started process (PID=159462) to work on /opt/airflow/dags/1_first_dag.py
[2026-09-13T00:24:44.797+0000] {processor.py:799} INFO - Processing file /opt/airflow/dags/1_first_dag.py for tasks to queue
[2026-09-13T00:24:44.799+0000] {logging_mixin.py:149} INFO - [2026-09-13T00:24:44.799+0000] {dagbag.py:541} INFO - Filling up the DagBag from /opt/airflow/dags/1_first_dag.py
[2026-09-13T00:24:44.827+0000] {processor.py:809} INFO - DAG(s) dict_keys(['1-miprimerdag']) retrieved from /opt/airflow/dags/1_first_dag.py
[2026-09-13T00:24:44.910+0000] {logging_mixin.py:149} INFO - [2026-09-13T00:24:44.910+0000] {dag.py:2726} INFO - Sync 1 DAGs
[2026-09-13T00:24:44.985+0000] {logging_mixin.py:149} INFO - [2026-09-13T00:24:44.984+0000] {dag.py:3490} INFO - Setting next_dagrun for 1-miprimerdag to 2023-05-01T00:00:00+00:00, run_after=2023-05-01T00:00:00+00:00
[2026-09-13T00:24:45.065+0000] {processor.py:178} INFO - Processing /opt/airflow/dags/1_first_dag.py took 0.286 seconds
[2026-09-13T00:25:15.320+0000] {processor.py:156} INFO - Started process (PID=159476) to work on /opt/airflow/dags/1_first_dag.py
[2026-09-13T00:25:15.325+0000] {processor.py:799} INFO - Processing file /opt/airflow/dags/1_first_dag.py for tasks to queue
[2026-09-13T00:25:15.328+0000] {logging_mixin.py:149} INFO - [2026-09-13T00:25:15.328+0000] {dagbag.py:541} INFO - Filling up the DagBag from /opt/airflow/dags/1_first_dag.py
[2026-09-13T00:25:15.355+0000] {processor.py:809} INFO - DAG(s) dict_keys(['1-miprimerdag']) retrieved from /opt/airflow/dags/1_first_dag.py
[2026-09-13T00:25:15.457+0000] {logging_mixin.py:149} INFO - [2026-09-13T00:25:15.457+0000] {dag.py:2726} INFO - Sync 1 DAGs
[2026-09-13T00:25:15.545+0000] {logging_mixin.py:149} INFO - [2026-09-13T00:25:15.544+0000] {dag.py:3490} INFO - Setting next_dagrun for 1-miprimerdag to 2023-05-01T00:00:00+00:00, run_after=2023-05-01T00:00:00+00:00
[2026-09-13T00:25:15.617+0000] {processor.py:178} INFO - Processing /opt/airflow/dags/1_first_dag.py took 0.308 seconds
[2026-09-13T00:25:45.719+0000] {processor.py:156} INFO - Started process (PID=159490) to work on /opt/airflow/dags/1_first_dag.py
[2026-09-13T00:25:45.726+0000] {processor.py:799} INFO - Processing file /opt/airflow/dags/1_first_dag.py for tasks to queue
[2026-09-13T00:25:45.729+0000] {logging_mixin.py:149} INFO - [2026-09-13T00:25:45.728+0000] {dagbag.py:541} INFO - Filling up the DagBag from /opt/airflow/dags/1_first_dag.py
[2026-09-13T00:25:45.758+0000] {processor.py:809} INFO - DAG(s) dict_keys(['1-miprimerdag']) retrieved from /opt/airflow/dags/1_first_dag.py
[2026-09-13T00:25:45.848+0000] {logging_mixin.py:149} INFO - [2026-09-13T00:25:45.848+0000] {dag.py:2726} INFO - Sync 1 DAGs
[2026-09-13T00:25:45.915+0000] {logging_mixin.py:149} INFO - [2026-09-13T00:25:45.915+0000] {dag.py:3490} INFO - Setting next_dagrun for 1-miprimerdag to 2023-05-01T00:00:00+00:00, run_after=2023-05-01T00:00:00+00:00
[2026-09-13T00:25:45.985+0000] {processor.py:178} INFO - Processing /opt/airflow/dags/1_first_dag.py took 0.279 seconds
[2026-09-13T00:26:16.125+0000] {processor.py:156} INFO - Started process (PID=159504) to work on /opt/airflow/dags/1_first_dag.py
[2026-09-13T00:26:16.128+0000] {processor.py:799} INFO - Processing file /opt/airflow/dags/1_first_dag.py for tasks to queue
[2026-09-13T00:26:16.130+0000] {logging_mixin.py:149} INFO - [2026-09-13T00:26:16.130+0000] {dagbag.py:541} INFO - Filling up the DagBag from /opt/airflow/dags/1_first_dag.py
[2026-09-13T00:26:16.156+0000] {processor.py:809} INFO - DAG(s) dict_keys(['1-miprimerdag']) retrieved from /opt/airflow/dags/1_first_dag.py
[2026-09-13T00:26:16.245+0000] {logging_mixin.py:149} INFO - [2026-09-13T00:26:16.244+0000] {dag.py:2726} INFO - Sync 1 DAGs
[2026-09-13T00:26:16.320+0000] {logging_mixin.py:149} INFO - [2026-09-13T00:26:16.319+0000] {dag.py:3490} INFO - Setting next_dagrun for 1-miprimerdag to 2023-05-01T00:00:00+00:00, run_after=2023-05-01T00:00:00+00:00
[2026-09-13T00:26:16.386+0000] {processor.py:178} INFO - Processing /opt/airflow/dags/1_first_dag.py took 0.272 seconds
[2026-09-13T00:26:46.945+0000] {processor.py:156} INFO - Started process (PID=159519) to work on /opt/airflow/dags/1_first_dag.py
[2026-09-13T00:26:46.949+0000] {processor.py:799} INFO - Processing file /opt/airflow/dags/1_first_dag.py for tasks to queue
[2026-09-13T00:26:46.951+0000] {logging_mixin.py:149} INFO - [2026-09-13T00:26:46.951+0000] {dagbag.py:541} INFO - Filling up the DagBag from /opt/airflow/dags/1_first_dag.py
[2026-09-13T00:26:46.981+0000] {processor.py:809} INFO - DAG(s) dict_keys(['1-miprimerdag']) retrieved from /opt/airflow/dags/1_first_dag.py
[2026-09-13T00:26:47.071+0000] {logging_mixin.py:149} INFO - [2026-09-13T00:26:47.071+0000] {dag.py:2726} INFO - Sync 1 DAGs
[2026-09-13T00:26:47.147+0000] {logging_mixin.py:149} INFO - [2026-09-13T00:26:47.146+0000] {dag.py:3490} INFO - Setting next_dagrun for 1-miprimerdag to 2023-05-01T00:00:00+00:00, run_after=2023-05-01T00:00:00+00:00
[2026-09-13T00:26:47.425+0000] {processor.py:178} INFO - Processing /opt/airflow/dags/1_first_dag.py took 0.495 seconds
[2026-09-13T00:27:18.138+0000] {processor.py:156} INFO - Started process (PID=159533) to work on /opt/airflow/dags/1_first_dag.py
[2026-09-13T00:27:18.142+0000] {processor.py:799} INFO - Processing file /opt/airflow/dags/1_first_dag.py for tasks to queue
[2026-09-13T00:27:18.143+0000] {logging_mixin.py:149} INFO - [2026-09-13T00:27:18.143+0000] {dagbag.py:541} INFO - Filling up the DagBag from /opt/airflow/dags/1_first_dag.py
[2026-09-13T00:27:18.167+0000] {processor.py:809} INFO - DAG(s) dict_keys(['1-miprimerdag']) retrieved from /opt/airflow/dags/1_first_dag.py
[2026-09-13T00:27:18.260+0000] {logging_mixin.py:149} INFO - [2026-09-13T00:27:18.260+0000] {dag.py:2726} INFO - Sync 1 DAGs
[2026-09-13T00:27:18.326+0000] {logging_mixin.py:149} INFO - [2026-09-13T00:27:18.326+0000] {dag.py:3490} INFO - Setting next_dagrun for 1-miprimerdag to 2023-05-01T00:00:00+00:00, run_after=2023-05-01T00:00:00+00:00
[2026-09-13T00:27:18.394+0000] {processor.py:178} INFO - Processing /opt/airflow/dags/1_first_dag.py took 0.269 seconds
[2026-09-13T00:27:48.945+0000] {processor.py:156} INFO - Started process (PID=159547) to work on /opt/airflow/dags/1_first_dag.py
[2026-09-13T00:27:48.949+0000] {processor.py:799} INFO - Processing file /opt/airflow/dags/1_first_dag.py for tasks to queue
[2026-09-13T00:27:48.951+0000] {logging_mixin.py:149} INFO - [2026-09-13T00:27:48.951+0000] {dagbag.py:541} INFO - Filling up the DagBag from /opt/airflow/dags/1_first_dag.py
[2026-09-13T00:27:48.981+0000] {processor.py:809} INFO - DAG(s) dict_keys(['1-miprimerdag']) retrieved from /opt/airflow/dags/1_first_dag.py
[2026-09-13T00:27:49.066+0000] {logging_mixin.py:149} INFO - [2026-09-13T00:27:49.065+0000] {dag.py:2726} INFO - Sync 1 DAGs
[2026-09-13T00:27:49.129+0000] {logging_mixin.py:149} INFO - [2026-09-13T00:27:49.128+0000] {dag.py:3490} INFO - Setting next_dagrun for 1-miprimerdag to 2023-05-01T00:00:00+00:00, run_after=2023-05-01T00:00:00+00:00
[2026-09-13T00:27:49.169+0000] {processor.py:178} INFO - Processing /opt/airflow/dags/1_first_dag.py took 0.235 seconds
[2026-09-13T00:28:19.319+0000] {processor.py:156} INFO - Started process (PID=159561) to work on /opt/airflow/dags/1_first_dag.py
[2026-09-13T00:28:19.326+0000] {processor.py:799} INFO - Processing file /opt/airflow/dags/1_first_dag.py for tasks to queue
[2026-09-13T00:28:19.328+0000] {logging_mixin.py:149} INFO - [2026-09-13T00:28:19.328+0000] {dagbag.py:541} INFO - Filling up the DagBag from /opt/airflow/dags/1_first_dag.py
[2026-09-13T00:28:19.358+0000] {processor.py:809} INFO - DAG(s) dict_keys(['1-miprimerdag']) retrieved from /opt/airflow/dags/1_first_dag.py
[2026-09-13T00:28:19.446+0000] {logging_mixin.py:149} INFO - [2026-09-13T00:28:19.446+0000] {dag.py:2726} INFO - Sync 1 DAGs
[2026-09-13T00:28:19.516+0000] {logging_mixin.py:149} INFO - [2026-09-13T00:28:19.516+0000] {dag.py:3490} INFO - Setting next_dagrun for 1-miprimerdag to 2023-05-01T00:00:00+00:00, run_after=2023-05-01T00:00:00+00:00
[2026-09-13T00:28:19.573+0000] {processor.py:178} INFO - Processing /opt/airflow/dags/1_first_dag.py took 0.264 seconds
[2026-09-13T00:28:49.658+0000] {processor.py:156} INFO - Started process (PID=159575) to work on /opt/airflow/dags/1_first_dag.py
[2026-09-13T00:28:49.666+0000] {processor.py:799} INFO - Processing file /opt/airflow/dags/1_first_dag.py for tasks to queue
[2026-09-13T00:28:49.668+0000] {logging_mixin.py:149} INFO - [2026-09-13T00:28:49.667+0000] {dagbag.py:541} INFO - Filling up the DagBag from /opt/airflow/dags/1_first_dag.py
[2026-09-13T00:28:49.695+0000] {processor.py:809} INFO - DAG(s) dict_keys(['1-miprimerdag']) retrieved from /opt/airflow/dags/1_first_dag.py
[2026-09-13T00:28:49.781+0000] {logging_mixin.py:149} INFO - [2026-09-13T00:28:49.781+0000] {dag.py:2726} INFO - Sync 1 DAGs
[2026-09-13T00:28:49.851+0000] {logging_mixin.py:149} INFO - [2026-09-13T00:28:49.851+0000] {dag.py:3490} INFO - Setting next_dagrun for 1-miprimerdag to 2023-05-01T00:00:00+00:00, run_after=2023-05-01T00:00:00+00:00
[2026-09-13T00:28:49.913+0000] {processor.py:178} INFO - Processing /opt/airflow/dags/1_first_dag.py took 0.269 seconds
[2026-09-13T00:29:20.082+0000] {processor.py:156} INFO - Started process (PID=159589) to work on /opt/airflow/dags/1_first_dag.py
[2026-09-13T00:29:20.086+0000] {processor.py:799} INFO - Processing file /opt/airflow/dags/1_first_dag.py for tasks to queue
[2026-09-13T00:29:20.088+0000] {logging_mixin.py:149} INFO - [2026-09-13T00:29:20.088+0000] {dagbag.py:541} INFO - Filling up the DagBag from /opt/airflow/dags/1_first_dag.py
[2026-09-13T00:29:20.112+0000] {processor.py:809} INFO - DAG(s) dict_keys(['1-miprimerdag']) retrieved from /opt/airflow/dags/1_first_dag.py
[2026-09-13T00:29:20.213+0000] {logging_mixin.py:149} INFO - [2026-09-13T00:29:20.212+0000] {dag.py:2726} INFO - Sync 1 DAGs
[2026-09-13T00:29:20.285+0000] {logging_mixin.py:149} INFO - [2026-09-13T00:29:20.285+0000] {dag.py:3490} INFO - Setting next_dagrun for 1-miprimerdag to 2023-05-01T00:00:00+00:00, run_after=2023-05-01T00:00:00+00:00
[2026-09-13T00:29:20.361+0000] {processor.py:178} INFO - Processing /opt/airflow/dags/1_first_dag.py took 0.288 seconds
[2026-09-13T00:29:51.012+0000] {processor.py:156} INFO - Started process (PID=159603) to work on /opt/airflow/dags/1_first_dag.py
[2026-09-13T00:29:51.030+0000] {processor.py:799} INFO - Processing file /opt/airflow/dags/1_first_dag.py for tasks to queue
[2026-09-13T00:29:51.032+0000] {logging_mixin.py:149} INFO - [2026-09-13T00:29:51.032+0000] {dagbag.py:541} INFO - Filling up the DagBag from /opt/airflow/dags/1_first_dag.py
[2026-09-13T00:29:51.061+0000] {processor.py:809} INFO - DAG(s) dict_keys(['1-miprimerdag']) retrieved from /opt/airflow/dags/1_first_dag.py
[2026-09-13T00:29:51.153+0000] {logging_mixin.py:149} INFO - [2026-09-13T00:29:51.153+0000] {dag.py:2726} INFO - Sync 1 DAGs
[2026-09-13T00:29:51.226+0000] {logging_mixin.py:149} INFO - [2026-09-13T00:29:51.225+0000] {dag.py:3490} INFO - Setting next_dagrun for 1-miprimerdag to 2023-05-01T00:00:00+00:00, run_after=2023-05-01T00:00:00+00:00
[2026-09-13T00:29:51.288+0000] {processor.py:178} INFO - Processing /opt/airflow/dags/1_first_dag.py took 0.288 seconds
[2026-09-13T00:30:21.523+0000] {processor.py:156} INFO - Started process (PID=159617) to work on /opt/airflow/dags/1_first_dag.py
[2026-09-13T00:30:21.527+0000] {processor.py:799} INFO - Processing file /opt/airflow/dags/1_first_dag.py for tasks to queue
[2026-09-13T00:30:21.529+0000] {logging_mixin.py:149} INFO - [2026-09-13T00:30:21.529+0000] {dagbag.py:541} INFO - Filling up the DagBag from /opt/airflow/dags/1_first_dag.py
[2026-09-13T00:30:21.556+0000] {processor.py:809} INFO - DAG(s) dict_keys(['1-miprimerdag']) retrieved from /opt/airflow/dags/1_first_dag.py
[2026-09-13T00:30:21.655+0000] {logging_mixin.py:149} INFO - [2026-09-13T00:30:21.655+0000] {dag.py:2726} INFO - Sync 1 DAGs
[2026-09-13T00:30:21.714+0000] {logging_mixin.py:149} INFO - [2026-09-13T00:30:21.713+0000] {dag.py:3490} INFO - Setting next_dagrun for 1-miprimerdag to 2023-05-01T00:00:00+00:00, run_after=2023-05-01T00:00:00+00:00
[2026-09-13T00:30:21.752+0000] {processor.py:178} INFO - Processing /opt/airflow/dags/1_first_dag.py took 0.240 seconds
[2026-09-13T00:30:51.849+0000] {processor.py:156} INFO - Started process (PID=159632) to work on /opt/airflow/dags/1_first_dag.py
[2026-09-13T00:30:51.852+0000] {processor.py:799} INFO - Processing file /opt/airflow/dags/1_first_dag.py for tasks to queue
[2026-09-13T00:30:51.854+0000] {logging_mixin.py:149} INFO - [2026-09-13T00:30:51.853+0000] {dagbag.py:541} INFO - Filling up the DagBag from /opt/airflow/dags/1_first_dag.py
[2026-09-13T00:30:51.878+0000] {processor.py:809} INFO - DAG(s) dict_keys(['1-miprimerdag']) retrieved from /opt/airflow/dags/1_first_dag.py
[2026-09-13T00:30:51.958+0000] {logging_mixin.py:149} INFO - [2026-09-13T00:30:51.957+0000] {dag.py:2726} INFO - Sync 1 DAGs
[2026-09-13T00:30:52.024+0000] {logging_mixin.py:149} INFO - [2026-09-13T00:30:52.023+0000] {dag.py:3490} INFO - Setting next_dagrun for 1-miprimerdag to 2023-05-01T00:00:00+00:00, run_after=2023-05-01T00:00:00+00:00
[2026-09-13T00:30:52.084+0000] {processor.py:178} INFO - Processing /opt/airflow/dags/1_first_dag.py took 0.246 seconds
[2026-09-13T00:31:22.361+0000] {processor.py:156} INFO - Started process (PID=159646) to work on /opt/airflow/dags/1_first_dag.py
[2026-09-13T00:31:22.366+0000] {processor.py:799} INFO - Processing file /opt/airflow/dags/1_first_dag.py for tasks to queue
[2026-09-13T00:31:22.368+0000] {logging_mixin.py:149} INFO - [2026-09-13T00:31:22.367+0000] {dagbag.py:541} INFO - Filling up the DagBag from /opt/airflow/dags/1_first_dag.py
[2026-09-13T00:31:22.393+0000] {processor.py:809} INFO - DAG(s) dict_keys(['1-miprimerdag']) retrieved from /opt/airflow/dags/1_first_dag.py
[2026-09-13T00:31:22.479+0000] {logging_mixin.py:149} INFO - [2026-09-13T00:31:22.478+0000] {dag.py:2726} INFO - Sync 1 DAGs
[2026-09-13T00:31:22.545+0000] {logging_mixin.py:149} INFO - [2026-09-13T00:31:22.544+0000] {dag.py:3490} INFO - Setting next_dagrun for 1-miprimerdag to 2023-05-01T00:00:00+00:00, run_after=2023-05-01T00:00:00+00:00
[2026-09-13T00:31:22.592+0000] {processor.py:178} INFO - Processing /opt/airflow/dags/1_first_dag.py took 0.242 seconds
[2026-09-13T00:31:52.719+0000] {processor.py:156} INFO - Started process (PID=159660) to work on /opt/airflow/dags/1_first_dag.py
[2026-09-13T00:31:52.723+0000] {processor.py:799} INFO - Processing file /opt/airflow/dags/1_first_dag.py for tasks to queue
[2026-09-13T00:31:52.725+0000] {logging_mixin.py:149} INFO - [2026-09-13T00:31:52.725+0000] {dagbag.py:541} INFO - Filling up the DagBag from /opt/airflow/dags/1_first_dag.py
[2026-09-13T00:31:52.754+0000] {processor.py:809} INFO - DAG(s) dict_keys(['1-miprimerdag']) retrieved from /opt/airflow/dags/1_first_dag.py
[2026-09-13T00:31:52.846+0000] {logging_mixin.py:149} INFO - [2026-09-13T00:31:52.845+0000] {dag.py:2726} INFO - Sync 1 DAGs
[2026-09-13T00:31:52.901+0000] {logging_mixin.py:149} INFO - [2026-09-13T00:31:52.900+0000] {dag.py:3490} INFO - Setting next_dagrun for 1-miprimerdag to 2023-05-01T00:00:00+00:00, run_after=2023-05-01T00:00:00+00:00
[2026-09-13T00:31:52.947+0000] {processor.py:178} INFO - Processing /opt/airflow/dags/1_first_dag.py took 0.243 seconds
[2026-09-13T00:32:23.182+0000] {processor.py:156} INFO - Started process (PID=159673) to work on /opt/airflow/dags/1_first_dag.py
[2026-09-13T00:32:23.185+0000] {processor.py:799} INFO - Processing file /opt/airflow/dags/1_first_dag.py for tasks to queue
[2026-09-13T00:32:23.187+0000] {logging_mixin.py:149} INFO - [2026-09-13T00:32:23.187+0000] {dagbag.py:541} INFO - Filling up the DagBag from /opt/airflow/dags/1_first_dag.py
[2026-09-13T00:32:23.215+0000] {processor.py:809} INFO - DAG(s) dict_keys(['1-miprimerdag']) retrieved from /opt/airflow/dags/1_first_dag.py
[2026-09-13T00:32:23.291+0000] {logging_mixin.py:149} INFO - [2026-09-13T00:32:23.291+0000] {dag.py:2726} INFO - Sync 1 DAGs
[2026-09-13T00:32:23.369+0000] {logging_mixin.py:149} INFO - [2026-09-13T00:32:23.369+0000] {dag.py:3490} INFO - Setting next_dagrun for 1-miprimerdag to 2023-05-01T00:00:00+00:00, run_after=2023-05-01T00:00:00+00:00
[2026-09-13T00:32:23.670+0000] {processor.py:178} INFO - Processing /opt/airflow/dags/1_first_dag.py took 0.501 seconds
[2026-09-13T00:32:53.807+0000] {processor.py:156} INFO - Started process (PID=159687) to work on /opt/airflow/dags/1_first_dag.py
[2026-09-13T00:32:53.810+0000] {processor.py:799} INFO - Processing file /opt/airflow/dags/1_first_dag.py for tasks to queue
[2026-09-13T00:32:53.812+0000] {logging_mixin.py:149} INFO - [2026-09-13T00:32:53.812+0000] {dagbag.py:541} INFO - Filling up the DagBag from /opt/airflow/dags/1_first_dag.py
[2026-09-13T00:32:53.838+0000] {processor.py:809} INFO - DAG(s) dict_keys(['1-miprimerdag']) retrieved from /opt/airflow/dags/1_first_dag.py
[2026-09-13T00:32:53.925+0000] {logging_mixin.py:149} INFO - [2026-09-13T00:32:53.924+0000] {dag.py:2726} INFO - Sync 1 DAGs
[2026-09-13T00:32:53.988+0000] {logging_mixin.py:149} INFO - [2026-09-13T00:32:53.987+0000] {dag.py:3490} INFO - Setting next_dagrun for 1-miprimerdag to 2023-05-01T00:00:00+00:00, run_after=2023-05-01T00:00:00+00:00
[2026-09-13T00:32:54.029+0000] {processor.py:178} INFO - Processing /opt/airflow/dags/1_first_dag.py took 0.233 seconds
[2026-09-13T00:33:24.864+0000] {processor.py:156} INFO - Started process (PID=159701) to work on /opt/airflow/dags/1_first_dag.py
[2026-09-13T00:33:24.868+0000] {processor.py:799} INFO - Processing file /opt/airflow/dags/1_first_dag.py for tasks to queue
[2026-09-13T00:33:24.871+0000] {logging_mixin.py:149} INFO - [2026-09-13T00:33:24.870+0000] {dagbag.py:541} INFO - Filling up the DagBag from /opt/airflow/dags/1_first_dag.py
[2026-09-13T00:33:24.897+0000] {processor.py:809} INFO - DAG(s) dict_keys(['1-miprimerdag']) retrieved from /opt/airflow/dags/1_first_dag.py
[2026-09-13T00:33:24.984+0000] {logging_mixin.py:149} INFO - [2026-09-13T00:33:24.983+0000] {dag.py:2726} INFO - Sync 1 DAGs
[2026-09-13T00:33:25.056+0000] {logging_mixin.py:149} INFO - [2026-09-13T00:33:25.056+0000] {dag.py:3490} INFO - Setting next_dagrun for 1-miprimerdag to 2023-05-01T00:00:00+00:00, run_after=2023-05-01T00:00:00+00:00
[2026-09-13T00:33:25.115+0000] {processor.py:178} INFO - Processing /opt/airflow/dags/1_first_dag.py took 0.261 seconds
[2026-09-13T00:33:55.303+0000] {processor.py:156} INFO - Started process (PID=159715) to work on /opt/airflow/dags/1_first_dag.py
[2026-09-13T00:33:55.313+0000] {processor.py:799} INFO - Processing file /opt/airflow/dags/1_first_dag.py for tasks to queue
[2026-09-13T00:33:55.315+0000] {logging_mixin.py:149} INFO - [2026-09-13T00:33:55.315+0000] {dagbag.py:541} INFO - Filling up the DagBag from /opt/airflow/dags/1_first_dag.py
[2026-09-13T00:33:55.342+0000] {processor.py:809} INFO - DAG(s) dict_keys(['1-miprimerdag']) retrieved from /opt/airflow/dags/1_first_dag.py
[2026-09-13T00:33:55.423+0000] {logging_mixin.py:149} INFO - [2026-09-13T00:33:55.422+0000] {dag.py:2726} INFO - Sync 1 DAGs
[2026-09-13T00:33:55.490+0000] {logging_mixin.py:149} INFO - [2026-09-13T00:33:55.490+0000] {dag.py:3490} INFO - Setting next_dagrun for 1-miprimerdag to 2023-05-01T00:00:00+00:00, run_after=2023-05-01T00:00:00+00:00
[2026-09-13T00:33:55.559+0000] {processor.py:178} INFO - Processing /opt/airflow/dags/1_first_dag.py took 0.265 seconds
[2026-09-13T00:34:25.830+0000] {processor.py:156} INFO - Started process (PID=159730) to work on /opt/airflow/dags/1_first_dag.py
[2026-09-13T00:34:25.838+0000] {processor.py:799} INFO - Processing file /opt/airflow/dags/1_first_dag.py for tasks to queue
[2026-09-13T00:34:25.840+0000] {logging_mixin.py:149} INFO - [2026-09-13T00:34:25.839+0000] {dagbag.py:541} INFO - Filling up the DagBag from /opt/airflow/dags/1_first_dag.py
[2026-09-13T00:34:25.874+0000] {processor.py:809} INFO - DAG(s) dict_keys(['1-miprimerdag']) retrieved from /opt/airflow/dags/1_first_dag.py
[2026-09-13T00:34:25.969+0000] {logging_mixin.py:149} INFO - [2026-09-13T00:34:25.969+0000] {dag.py:2726} INFO - Sync 1 DAGs
[2026-09-13T00:34:26.023+0000] {logging_mixin.py:149} INFO - [2026-09-13T00:34:26.023+0000] {dag.py:3490} INFO - Setting next_dagrun for 1-miprimerdag to 2023-05-01T00:00:00+00:00, run_after=2023-05-01T00:00:00+00:00
[2026-09-13T00:34:26.077+0000] {processor.py:178} INFO - Processing /opt/airflow/dags/1_first_dag.py took 0.257 seconds
[2026-09-13T00:34:56.214+0000] {processor.py:156} INFO - Started process (PID=159745) to work on /opt/airflow/dags/1_first_dag.py
[2026-09-13T00:34:56.218+0000] {processor.py:799} INFO - Processing file /opt/airflow/dags/1_first_dag.py for tasks to queue
[2026-09-13T00:34:56.219+0000] {logging_mixin.py:149} INFO - [2026-09-13T00:34:56.219+0000] {dagbag.py:541} INFO - Filling up the DagBag from /opt/airflow/dags/1_first_dag.py
[2026-09-13T00:34:56.235+0000] {processor.py:809} INFO - DAG(s) dict_keys(['1-miprimerdag']) retrieved from /opt/airflow/dags/1_first_dag.py
[2026-09-13T00:34:56.322+0000] {logging_mixin.py:149} INFO - [2026-09-13T00:34:56.321+0000] {dag.py:2726} INFO - Sync 1 DAGs
[2026-09-13T00:34:56.405+0000] {logging_mixin.py:149} INFO - [2026-09-13T00:34:56.405+0000] {dag.py:3490} INFO - Setting next_dagrun for 1-miprimerdag to 2023-05-01T00:00:00+00:00, run_after=2023-05-01T00:00:00+00:00
[2026-09-13T00:34:56.475+0000] {processor.py:178} INFO - Processing /opt/airflow/dags/1_first_dag.py took 0.298 seconds
[2026-09-13T00:35:26.562+0000] {processor.py:156} INFO - Started process (PID=159759) to work on /opt/airflow/dags/1_first_dag.py
[2026-09-13T00:35:26.566+0000] {processor.py:799} INFO - Processing file /opt/airflow/dags/1_first_dag.py for tasks to queue
[2026-09-13T00:35:26.568+0000] {logging_mixin.py:149} INFO - [2026-09-13T00:35:26.568+0000] {dagbag.py:541} INFO - Filling up the DagBag from /opt/airflow/dags/1_first_dag.py
[2026-09-13T00:35:26.598+0000] {processor.py:809} INFO - DAG(s) dict_keys(['1-miprimerdag']) retrieved from /opt/airflow/dags/1_first_dag.py
[2026-09-13T00:35:26.688+0000] {logging_mixin.py:149} INFO - [2026-09-13T00:35:26.688+0000] {dag.py:2726} INFO - Sync 1 DAGs
[2026-09-13T00:35:26.754+0000] {logging_mixin.py:149} INFO - [2026-09-13T00:35:26.753+0000] {dag.py:3490} INFO - Setting next_dagrun for 1-miprimerdag to 2023-05-01T00:00:00+00:00, run_after=2023-05-01T00:00:00+00:00
[2026-09-13T00:35:26.820+0000] {processor.py:178} INFO - Processing /opt/airflow/dags/1_first_dag.py took 0.269 seconds
[2026-09-13T00:35:56.923+0000] {processor.py:156} INFO - Started process (PID=159773) to work on /opt/airflow/dags/1_first_dag.py
[2026-09-13T00:35:56.926+0000] {processor.py:799} INFO - Processing file /opt/airflow/dags/1_first_dag.py for tasks to queue
[2026-09-13T00:35:56.931+0000] {logging_mixin.py:149} INFO - [2026-09-13T00:35:56.928+0000] {dagbag.py:541} INFO - Filling up the DagBag from /opt/airflow/dags/1_first_dag.py
[2026-09-13T00:35:56.958+0000] {processor.py:809} INFO - DAG(s) dict_keys(['1-miprimerdag']) retrieved from /opt/airflow/dags/1_first_dag.py
[2026-09-13T00:35:57.044+0000] {logging_mixin.py:149} INFO - [2026-09-13T00:35:57.044+0000] {dag.py:2726} INFO - Sync 1 DAGs
[2026-09-13T00:35:57.112+0000] {logging_mixin.py:149} INFO - [2026-09-13T00:35:57.112+0000] {dag.py:3490} INFO - Setting next_dagrun for 1-miprimerdag to 2023-05-01T00:00:00+00:00, run_after=2023-05-01T00:00:00+00:00
[2026-09-13T00:35:57.176+0000] {processor.py:178} INFO - Processing /opt/airflow/dags/1_first_dag.py took 0.263 seconds
[2026-09-13T00:36:27.348+0000] {processor.py:156} INFO - Started process (PID=159788) to work on /opt/airflow/dags/1_first_dag.py
[2026-09-13T00:36:27.356+0000] {processor.py:799} INFO - Processing file /opt/airflow/dags/1_first_dag.py for tasks to queue
[2026-09-13T00:36:27.358+0000] {logging_mixin.py:149} INFO - [2026-09-13T00:36:27.357+0000] {dagbag.py:541} INFO - Filling up the DagBag from /opt/airflow/dags/1_first_dag.py
[2026-09-13T00:36:27.383+0000] {processor.py:809} INFO - DAG(s) dict_keys(['1-miprimerdag']) retrieved from /opt/airflow/dags/1_first_dag.py
[2026-09-13T00:36:27.469+0000] {logging_mixin.py:149} INFO - [2026-09-13T00:36:27.469+0000] {dag.py:2726} INFO - Sync 1 DAGs
[2026-09-13T00:36:27.532+0000] {logging_mixin.py:149} INFO - [2026-09-13T00:36:27.531+0000] {dag.py:3490} INFO - Setting next_dagrun for 1-miprimerdag to 2023-05-01T00:00:00+00:00, run_after=2023-05-01T00:00:00+00:00
[2026-09-13T00:36:27.594+0000] {processor.py:178} INFO - Processing /opt/airflow/dags/1_first_dag.py took 0.260 seconds
[2026-09-13T00:36:57.755+0000] {processor.py:156} INFO - Started process (PID=159802) to work on /opt/airflow/dags/1_first_dag.py
[2026-09-13T00:36:57.759+0000] {processor.py:799} INFO - Processing file /opt/airflow/dags/1_first_dag.py for tasks to queue
[2026-09-13T00:36:57.761+0000] {logging_mixin.py:149} INFO - [2026-09-13T00:36:57.761+0000] {dagbag.py:541} INFO - Filling up the DagBag from /opt/airflow/dags/1_first_dag.py
[2026-09-13T00:36:57.789+0000] {processor.py:809} INFO - DAG(s) dict_keys(['1-miprimerdag']) retrieved from /opt/airflow/dags/1_first_dag.py
[2026-09-13T00:36:57.872+0000] {logging_mixin.py:149} INFO - [2026-09-13T00:36:57.872+0000] {dag.py:2726} INFO - Sync 1 DAGs
[2026-09-13T00:36:57.954+0000] {logging_mixin.py:149} INFO - [2026-09-13T00:36:57.953+0000] {dag.py:3490} INFO - Setting next_dagrun for 1-miprimerdag to 2023-05-01T00:00:00+00:00, run_after=2023-05-01T00:00:00+00:00
[2026-09-13T00:36:58.015+0000] {processor.py:178} INFO - Processing /opt/airflow/dags/1_first_dag.py took 0.272 seconds
[2026-09-13T00:37:28.089+0000] {processor.py:156} INFO - Started process (PID=159817) to work on /opt/airflow/dags/1_first_dag.py
[2026-09-13T00:37:28.095+0000] {processor.py:799} INFO - Processing file /opt/airflow/dags/1_first_dag.py for tasks to queue
[2026-09-13T00:37:28.098+0000] {logging_mixin.py:149} INFO - [2026-09-13T00:37:28.097+0000] {dagbag.py:541} INFO - Filling up the DagBag from /opt/airflow/dags/1_first_dag.py
[2026-09-13T00:37:28.135+0000] {processor.py:809} INFO - DAG(s) dict_keys(['1-miprimerdag']) retrieved from /opt/airflow/dags/1_first_dag.py
[2026-09-13T00:37:28.224+0000] {logging_mixin.py:149} INFO - [2026-09-13T00:37:28.223+0000] {dag.py:2726} INFO - Sync 1 DAGs
[2026-09-13T00:37:28.289+0000] {logging_mixin.py:149} INFO - [2026-09-13T00:37:28.288+0000] {dag.py:3490} INFO - Setting next_dagrun for 1-miprimerdag to 2023-05-01T00:00:00+00:00, run_after=2023-05-01T00:00:00+00:00
[2026-09-13T00:37:28.352+0000] {processor.py:178} INFO - Processing /opt/airflow/dags/1_first_dag.py took 0.290 seconds
[2026-09-13T00:37:58.825+0000] {processor.py:156} INFO - Started process (PID=159831) to work on /opt/airflow/dags/1_first_dag.py
[2026-09-13T00:37:58.829+0000] {processor.py:799} INFO - Processing file /opt/airflow/dags/1_first_dag.py for tasks to queue
[2026-09-13T00:37:58.831+0000] {logging_mixin.py:149} INFO - [2026-09-13T00:37:58.830+0000] {dagbag.py:541} INFO - Filling up the DagBag from /opt/airflow/dags/1_first_dag.py
[2026-09-13T00:37:58.858+0000] {processor.py:809} INFO - DAG(s) dict_keys(['1-miprimerdag']) retrieved from /opt/airflow/dags/1_first_dag.py
[2026-09-13T00:37:58.942+0000] {logging_mixin.py:149} INFO - [2026-09-13T00:37:58.942+0000] {dag.py:2726} INFO - Sync 1 DAGs
[2026-09-13T00:37:59.023+0000] {logging_mixin.py:149} INFO - [2026-09-13T00:37:59.022+0000] {dag.py:3490} INFO - Setting next_dagrun for 1-miprimerdag to 2023-05-01T00:00:00+00:00, run_after=2023-05-01T00:00:00+00:00
[2026-09-13T00:37:59.310+0000] {processor.py:178} INFO - Processing /opt/airflow/dags/1_first_dag.py took 0.496 seconds
[2026-09-13T00:38:30.283+0000] {processor.py:156} INFO - Started process (PID=159845) to work on /opt/airflow/dags/1_first_dag.py
[2026-09-13T00:38:30.291+0000] {processor.py:799} INFO - Processing file /opt/airflow/dags/1_first_dag.py for tasks to queue
[2026-09-13T00:38:30.293+0000] {logging_mixin.py:149} INFO - [2026-09-13T00:38:30.293+0000] {dagbag.py:541} INFO - Filling up the DagBag from /opt/airflow/dags/1_first_dag.py
[2026-09-13T00:38:30.320+0000] {processor.py:809} INFO - DAG(s) dict_keys(['1-miprimerdag']) retrieved from /opt/airflow/dags/1_first_dag.py
[2026-09-13T00:38:30.408+0000] {logging_mixin.py:149} INFO - [2026-09-13T00:38:30.407+0000] {dag.py:2726} INFO - Sync 1 DAGs
[2026-09-13T00:38:30.472+0000] {logging_mixin.py:149} INFO - [2026-09-13T00:38:30.471+0000] {dag.py:3490} INFO - Setting next_dagrun for 1-miprimerdag to 2023-05-01T00:00:00+00:00, run_after=2023-05-01T00:00:00+00:00
[2026-09-13T00:38:30.536+0000] {processor.py:178} INFO - Processing /opt/airflow/dags/1_first_dag.py took 0.263 seconds
[2026-09-13T00:39:00.593+0000] {processor.py:156} INFO - Started process (PID=159859) to work on /opt/airflow/dags/1_first_dag.py
[2026-09-13T00:39:00.597+0000] {processor.py:799} INFO - Processing file /opt/airflow/dags/1_first_dag.py for tasks to queue
[2026-09-13T00:39:00.599+0000] {logging_mixin.py:149} INFO - [2026-09-13T00:39:00.598+0000] {dagbag.py:541} INFO - Filling up the DagBag from /opt/airflow/dags/1_first_dag.py
[2026-09-13T00:39:00.625+0000] {processor.py:809} INFO - DAG(s) dict_keys(['1-miprimerdag']) retrieved from /opt/airflow/dags/1_first_dag.py
[2026-09-13T00:39:00.717+0000] {logging_mixin.py:149} INFO - [2026-09-13T00:39:00.716+0000] {dag.py:2726} INFO - Sync 1 DAGs
[2026-09-13T00:39:00.786+0000] {logging_mixin.py:149} INFO - [2026-09-13T00:39:00.786+0000] {dag.py:3490} INFO - Setting next_dagrun for 1-miprimerdag to 2023-05-01T00:00:00+00:00, run_after=2023-05-01T00:00:00+00:00
[2026-09-13T00:39:00.838+0000] {processor.py:178} INFO - Processing /opt/airflow/dags/1_first_dag.py took 0.257 seconds
[2026-09-13T00:39:31.781+0000] {processor.py:156} INFO - Started process (PID=159873) to work on /opt/airflow/dags/1_first_dag.py
[2026-09-13T00:39:31.784+0000] {processor.py:799} INFO - Processing file /opt/airflow/dags/1_first_dag.py for tasks to queue
[2026-09-13T00:39:31.785+0000] {logging_mixin.py:149} INFO - [2026-09-13T00:39:31.785+0000] {dagbag.py:541} INFO - Filling up the DagBag from /opt/airflow/dags/1_first_dag.py
[2026-09-13T00:39:31.809+0000] {processor.py:809} INFO - DAG(s) dict_keys(['1-miprimerdag']) retrieved from /opt/airflow/dags/1_first_dag.py
[2026-09-13T00:39:31.897+0000] {logging_mixin.py:149} INFO - [2026-09-13T00:39:31.897+0000] {dag.py:2726} INFO - Sync 1 DAGs
[2026-09-13T00:39:31.956+0000] {logging_mixin.py:149} INFO - [2026-09-13T00:39:31.955+0000] {dag.py:3490} INFO - Setting next_dagrun for 1-miprimerdag to 2023-05-01T00:00:00+00:00, run_after=2023-05-01T00:00:00+00:00
[2026-09-13T00:39:32.011+0000] {processor.py:178} INFO - Processing /opt/airflow/dags/1_first_dag.py took 0.243 seconds
[2026-09-13T00:40:02.939+0000] {processor.py:156} INFO - Started process (PID=159887) to work on /opt/airflow/dags/1_first_dag.py
[2026-09-13T00:40:02.943+0000] {processor.py:799} INFO - Processing file /opt/airflow/dags/1_first_dag.py for tasks to queue
[2026-09-13T00:40:02.945+0000] {logging_mixin.py:149} INFO - [2026-09-13T00:40:02.945+0000] {dagbag.py:541} INFO - Filling up the DagBag from /opt/airflow/dags/1_first_dag.py
[2026-09-13T00:40:02.973+0000] {processor.py:809} INFO - DAG(s) dict_keys(['1-miprimerdag']) retrieved from /opt/airflow/dags/1_first_dag.py
[2026-09-13T00:40:03.056+0000] {logging_mixin.py:149} INFO - [2026-09-13T00:40:03.056+0000] {dag.py:2726} INFO - Sync 1 DAGs
[2026-09-13T00:40:03.124+0000] {logging_mixin.py:149} INFO - [2026-09-13T00:40:03.124+0000] {dag.py:3490} INFO - Setting next_dagrun for 1-miprimerdag to 2023-05-01T00:00:00+00:00, run_after=2023-05-01T00:00:00+00:00
[2026-09-13T00:40:03.183+0000] {processor.py:178} INFO - Processing /opt/airflow/dags/1_first_dag.py took 0.255 seconds
[2026-09-13T00:40:33.327+0000] {processor.py:156} INFO - Started process (PID=159901) to work on /opt/airflow/dags/1_first_dag.py
[2026-09-13T00:40:33.339+0000] {processor.py:799} INFO - Processing file /opt/airflow/dags/1_first_dag.py for tasks to queue
[2026-09-13T00:40:33.342+0000] {logging_mixin.py:149} INFO - [2026-09-13T00:40:33.342+0000] {dagbag.py:541} INFO - Filling up the DagBag from /opt/airflow/dags/1_first_dag.py
[2026-09-13T00:40:33.369+0000] {processor.py:809} INFO - DAG(s) dict_keys(['1-miprimerdag']) retrieved from /opt/airflow/dags/1_first_dag.py
[2026-09-13T00:40:33.467+0000] {logging_mixin.py:149} INFO - [2026-09-13T00:40:33.467+0000] {dag.py:2726} INFO - Sync 1 DAGs
[2026-09-13T00:40:33.543+0000] {logging_mixin.py:149} INFO - [2026-09-13T00:40:33.542+0000] {dag.py:3490} INFO - Setting next_dagrun for 1-miprimerdag to 2023-05-01T00:00:00+00:00, run_after=2023-05-01T00:00:00+00:00
[2026-09-13T00:40:33.878+0000] {processor.py:178} INFO - Processing /opt/airflow/dags/1_first_dag.py took 0.564 seconds
[2026-09-13T00:41:04.191+0000] {processor.py:156} INFO - Started process (PID=159914) to work on /opt/airflow/dags/1_first_dag.py
[2026-09-13T00:41:04.196+0000] {processor.py:799} INFO - Processing file /opt/airflow/dags/1_first_dag.py for tasks to queue
[2026-09-13T00:41:04.198+0000] {logging_mixin.py:149} INFO - [2026-09-13T00:41:04.197+0000] {dagbag.py:541} INFO - Filling up the DagBag from /opt/airflow/dags/1_first_dag.py
[2026-09-13T00:41:04.230+0000] {processor.py:809} INFO - DAG(s) dict_keys(['1-miprimerdag']) retrieved from /opt/airflow/dags/1_first_dag.py
[2026-09-13T00:41:04.320+0000] {logging_mixin.py:149} INFO - [2026-09-13T00:41:04.319+0000] {dag.py:2726} INFO - Sync 1 DAGs
[2026-09-13T00:41:04.397+0000] {logging_mixin.py:149} INFO - [2026-09-13T00:41:04.396+0000] {dag.py:3490} INFO - Setting next_dagrun for 1-miprimerdag to 2023-05-01T00:00:00+00:00, run_after=2023-05-01T00:00:00+00:00
[2026-09-13T00:41:04.468+0000] {processor.py:178} INFO - Processing /opt/airflow/dags/1_first_dag.py took 0.288 seconds
[2026-09-13T00:41:34.690+0000] {processor.py:156} INFO - Started process (PID=159928) to work on /opt/airflow/dags/1_first_dag.py
[2026-09-13T00:41:34.694+0000] {processor.py:799} INFO - Processing file /opt/airflow/dags/1_first_dag.py for tasks to queue
[2026-09-13T00:41:34.696+0000] {logging_mixin.py:149} INFO - [2026-09-13T00:41:34.696+0000] {dagbag.py:541} INFO - Filling up the DagBag from /opt/airflow/dags/1_first_dag.py
[2026-09-13T00:41:34.722+0000] {processor.py:809} INFO - DAG(s) dict_keys(['1-miprimerdag']) retrieved from /opt/airflow/dags/1_first_dag.py
[2026-09-13T00:41:34.805+0000] {logging_mixin.py:149} INFO - [2026-09-13T00:41:34.804+0000] {dag.py:2726} INFO - Sync 1 DAGs
[2026-09-13T00:41:34.872+0000] {logging_mixin.py:149} INFO - [2026-09-13T00:41:34.872+0000] {dag.py:3490} INFO - Setting next_dagrun for 1-miprimerdag to 2023-05-01T00:00:00+00:00, run_after=2023-05-01T00:00:00+00:00
[2026-09-13T00:41:34.936+0000] {processor.py:178} INFO - Processing /opt/airflow/dags/1_first_dag.py took 0.257 seconds
[2026-09-13T00:42:05.151+0000] {processor.py:156} INFO - Started process (PID=159942) to work on /opt/airflow/dags/1_first_dag.py
[2026-09-13T00:42:05.156+0000] {processor.py:799} INFO - Processing file /opt/airflow/dags/1_first_dag.py for tasks to queue
[2026-09-13T00:42:05.158+0000] {logging_mixin.py:149} INFO - [2026-09-13T00:42:05.158+0000] {dagbag.py:541} INFO - Filling up the DagBag from /opt/airflow/dags/1_first_dag.py
[2026-09-13T00:42:05.188+0000] {processor.py:809} INFO - DAG(s) dict_keys(['1-miprimerdag']) retrieved from /opt/airflow/dags/1_first_dag.py
[2026-09-13T00:42:05.279+0000] {logging_mixin.py:149} INFO - [2026-09-13T00:42:05.279+0000] {dag.py:2726} INFO - Sync 1 DAGs
[2026-09-13T00:42:05.347+0000] {logging_mixin.py:149} INFO - [2026-09-13T00:42:05.347+0000] {dag.py:3490} INFO - Setting next_dagrun for 1-miprimerdag to 2023-05-01T00:00:00+00:00, run_after=2023-05-01T00:00:00+00:00
[2026-09-13T00:42:05.410+0000] {processor.py:178} INFO - Processing /opt/airflow/dags/1_first_dag.py took 0.263 seconds
[2026-09-13T00:42:35.579+0000] {processor.py:156} INFO - Started process (PID=159955) to work on /opt/airflow/dags/1_first_dag.py
[2026-09-13T00:42:35.590+0000] {processor.py:799} INFO - Processing file /opt/airflow/dags/1_first_dag.py for tasks to queue
[2026-09-13T00:42:35.592+0000] {logging_mixin.py:149} INFO - [2026-09-13T00:42:35.592+0000] {dagbag.py:541} INFO - Filling up the DagBag from /opt/airflow/dags/1_first_dag.py
[2026-09-13T00:42:35.620+0000] {processor.py:809} INFO - DAG(s) dict_keys(['1-miprimerdag']) retrieved from /opt/airflow/dags/1_first_dag.py
[2026-09-13T00:42:35.706+0000] {logging_mixin.py:149} INFO - [2026-09-13T00:42:35.706+0000] {dag.py:2726} INFO - Sync 1 DAGs
[2026-09-13T00:42:35.775+0000] {logging_mixin.py:149} INFO - [2026-09-13T00:42:35.775+0000] {dag.py:3490} INFO - Setting next_dagrun for 1-miprimerdag to 2023-05-01T00:00:00+00:00, run_after=2023-05-01T00:00:00+00:00
[2026-09-13T00:42:35.837+0000] {processor.py:178} INFO - Processing /opt/airflow/dags/1_first_dag.py took 0.268 seconds
[2026-09-13T00:43:06.057+0000] {processor.py:156} INFO - Started process (PID=159970) to work on /opt/airflow/dags/1_first_dag.py
[2026-09-13T00:43:06.062+0000] {processor.py:799} INFO - Processing file /opt/airflow/dags/1_first_dag.py for tasks to queue
[2026-09-13T00:43:06.065+0000] {logging_mixin.py:149} INFO - [2026-09-13T00:43:06.064+0000] {dagbag.py:541} INFO - Filling up the DagBag from /opt/airflow/dags/1_first_dag.py
[2026-09-13T00:43:06.093+0000] {processor.py:809} INFO - DAG(s) dict_keys(['1-miprimerdag']) retrieved from /opt/airflow/dags/1_first_dag.py
[2026-09-13T00:43:06.182+0000] {logging_mixin.py:149} INFO - [2026-09-13T00:43:06.181+0000] {dag.py:2726} INFO - Sync 1 DAGs
[2026-09-13T00:43:06.247+0000] {logging_mixin.py:149} INFO - [2026-09-13T00:43:06.246+0000] {dag.py:3490} INFO - Setting next_dagrun for 1-miprimerdag to 2023-05-01T00:00:00+00:00, run_after=2023-05-01T00:00:00+00:00
[2026-09-13T00:43:06.328+0000] {processor.py:178} INFO - Processing /opt/airflow/dags/1_first_dag.py took 0.281 seconds
[2026-09-13T00:43:36.883+0000] {processor.py:156} INFO - Started process (PID=159993) to work on /opt/airflow/dags/1_first_dag.py
[2026-09-13T00:43:36.887+0000] {processor.py:799} INFO - Processing file /opt/airflow/dags/1_first_dag.py for tasks to queue
[2026-09-13T00:43:36.889+0000] {logging_mixin.py:149} INFO - [2026-09-13T00:43:36.889+0000] {dagbag.py:541} INFO - Filling up the DagBag from /opt/airflow/dags/1_first_dag.py
[2026-09-13T00:43:36.915+0000] {processor.py:809} INFO - DAG(s) dict_keys(['1-miprimerdag']) retrieved from /opt/airflow/dags/1_first_dag.py
[2026-09-13T00:43:37.002+0000] {logging_mixin.py:149} INFO - [2026-09-13T00:43:37.002+0000] {dag.py:2726} INFO - Sync 1 DAGs
[2026-09-13T00:43:37.309+0000] {logging_mixin.py:149} INFO - [2026-09-13T00:43:37.309+0000] {dag.py:3490} INFO - Setting next_dagrun for 1-miprimerdag to 2023-05-01T00:00:00+00:00, run_after=2023-05-01T00:00:00+00:00
[2026-09-13T00:43:37.361+0000] {processor.py:178} INFO - Processing /opt/airflow/dags/1_first_dag.py took 0.489 seconds
[2026-09-13T00:44:07.753+0000] {processor.py:156} INFO - Started process (PID=160008) to work on /opt/airflow/dags/1_first_dag.py
[2026-09-13T00:44:07.760+0000] {processor.py:799} INFO - Processing file /opt/airflow/dags/1_first_dag.py for tasks to queue
[2026-09-13T00:44:07.761+0000] {logging_mixin.py:149} INFO - [2026-09-13T00:44:07.761+0000] {dagbag.py:541} INFO - Filling up the DagBag from /opt/airflow/dags/1_first_dag.py
[2026-09-13T00:44:07.786+0000] {processor.py:809} INFO - DAG(s) dict_keys(['1-miprimerdag']) retrieved from /opt/airflow/dags/1_first_dag.py
[2026-09-13T00:44:07.874+0000] {logging_mixin.py:149} INFO - [2026-09-13T00:44:07.874+0000] {dag.py:2726} INFO - Sync 1 DAGs
[2026-09-13T00:44:07.933+0000] {logging_mixin.py:149} INFO - [2026-09-13T00:44:07.933+0000] {dag.py:3490} INFO - Setting next_dagrun for 1-miprimerdag to 2023-05-01T00:00:00+00:00, run_after=2023-05-01T00:00:00+00:00
[2026-09-13T00:44:07.970+0000] {processor.py:178} INFO - Processing /opt/airflow/dags/1_first_dag.py took 0.227 seconds
[2026-09-13T00:44:38.135+0000] {processor.py:156} INFO - Started process (PID=160022) to work on /opt/airflow/dags/1_first_dag.py
[2026-09-13T00:44:38.139+0000] {processor.py:799} INFO - Processing file /opt/airflow/dags/1_first_dag.py for tasks to queue
[2026-09-13T00:44:38.140+0000] {logging_mixin.py:149} INFO - [2026-09-13T00:44:38.140+0000] {dagbag.py:541} INFO - Filling up the DagBag from /opt/airflow/dags/1_first_dag.py
[2026-09-13T00:44:38.165+0000] {processor.py:809} INFO - DAG(s) dict_keys(['1-miprimerdag']) retrieved from /opt/airflow/dags/1_first_dag.py
[2026-09-13T00:44:38.253+0000] {logging_mixin.py:149} INFO - [2026-09-13T00:44:38.253+0000] {dag.py:2726} INFO - Sync 1 DAGs
[2026-09-13T00:44:38.324+0000] {logging_mixin.py:149} INFO - [2026-09-13T00:44:38.323+0000] {dag.py:3490} INFO - Setting next_dagrun for 1-miprimerdag to 2023-05-01T00:00:00+00:00, run_after=2023-05-01T00:00:00+00:00
[2026-09-13T00:44:38.392+0000] {processor.py:178} INFO - Processing /opt/airflow/dags/1_first_dag.py took 0.268 seconds
[2026-09-13T00:45:08.636+0000] {processor.py:156} INFO - Started process (PID=160037) to work on /opt/airflow/dags/1_first_dag.py
[2026-09-13T00:45:08.643+0000] {processor.py:799} INFO - Processing file /opt/airflow/dags/1_first_dag.py for tasks to queue
[2026-09-13T00:45:08.645+0000] {logging_mixin.py:149} INFO - [2026-09-13T00:45:08.645+0000] {dagbag.py:541} INFO - Filling up the DagBag from /opt/airflow/dags/1_first_dag.py
[2026-09-13T00:45:08.678+0000] {processor.py:809} INFO - DAG(s) dict_keys(['1-miprimerdag']) retrieved from /opt/airflow/dags/1_first_dag.py
[2026-09-13T00:45:08.767+0000] {logging_mixin.py:149} INFO - [2026-09-13T00:45:08.767+0000] {dag.py:2726} INFO - Sync 1 DAGs
[2026-09-13T00:45:08.829+0000] {logging_mixin.py:149} INFO - [2026-09-13T00:45:08.828+0000] {dag.py:3490} INFO - Setting next_dagrun for 1-miprimerdag to 2023-05-01T00:00:00+00:00, run_after=2023-05-01T00:00:00+00:00
[2026-09-13T00:45:08.895+0000] {processor.py:178} INFO - Processing /opt/airflow/dags/1_first_dag.py took 0.271 seconds
[2026-09-13T00:45:38.971+0000] {processor.py:156} INFO - Started process (PID=160051) to work on /opt/airflow/dags/1_first_dag.py
[2026-09-13T00:45:38.975+0000] {processor.py:799} INFO - Processing file /opt/airflow/dags/1_first_dag.py for tasks to queue
[2026-09-13T00:45:38.978+0000] {logging_mixin.py:149} INFO - [2026-09-13T00:45:38.977+0000] {dagbag.py:541} INFO - Filling up the DagBag from /opt/airflow/dags/1_first_dag.py
[2026-09-13T00:45:39.005+0000] {processor.py:809} INFO - DAG(s) dict_keys(['1-miprimerdag']) retrieved from /opt/airflow/dags/1_first_dag.py
[2026-09-13T00:45:39.092+0000] {logging_mixin.py:149} INFO - [2026-09-13T00:45:39.092+0000] {dag.py:2726} INFO - Sync 1 DAGs
[2026-09-13T00:45:39.167+0000] {logging_mixin.py:149} INFO - [2026-09-13T00:45:39.167+0000] {dag.py:3490} INFO - Setting next_dagrun for 1-miprimerdag to 2023-05-01T00:00:00+00:00, run_after=2023-05-01T00:00:00+00:00
[2026-09-13T00:45:39.225+0000] {processor.py:178} INFO - Processing /opt/airflow/dags/1_first_dag.py took 0.265 seconds
[2026-09-13T00:46:09.437+0000] {processor.py:156} INFO - Started process (PID=160065) to work on /opt/airflow/dags/1_first_dag.py
[2026-09-13T00:46:09.441+0000] {processor.py:799} INFO - Processing file /opt/airflow/dags/1_first_dag.py for tasks to queue
[2026-09-13T00:46:09.443+0000] {logging_mixin.py:149} INFO - [2026-09-13T00:46:09.443+0000] {dagbag.py:541} INFO - Filling up the DagBag from /opt/airflow/dags/1_first_dag.py
[2026-09-13T00:46:09.469+0000] {processor.py:809} INFO - DAG(s) dict_keys(['1-miprimerdag']) retrieved from /opt/airflow/dags/1_first_dag.py
[2026-09-13T00:46:09.558+0000] {logging_mixin.py:149} INFO - [2026-09-13T00:46:09.558+0000] {dag.py:2726} INFO - Sync 1 DAGs
[2026-09-13T00:46:09.628+0000] {logging_mixin.py:149} INFO - [2026-09-13T00:46:09.627+0000] {dag.py:3490} INFO - Setting next_dagrun for 1-miprimerdag to 2023-05-01T00:00:00+00:00, run_after=2023-05-01T00:00:00+00:00
[2026-09-13T00:46:09.912+0000] {processor.py:178} INFO - Processing /opt/airflow/dags/1_first_dag.py took 0.486 seconds
[2026-09-13T00:46:40.329+0000] {processor.py:156} INFO - Started process (PID=160079) to work on /opt/airflow/dags/1_first_dag.py
[2026-09-13T00:46:40.332+0000] {processor.py:799} INFO - Processing file /opt/airflow/dags/1_first_dag.py for tasks to queue
[2026-09-13T00:46:40.334+0000] {logging_mixin.py:149} INFO - [2026-09-13T00:46:40.334+0000] {dagbag.py:541} INFO - Filling up the DagBag from /opt/airflow/dags/1_first_dag.py
[2026-09-13T00:46:40.361+0000] {processor.py:809} INFO - DAG(s) dict_keys(['1-miprimerdag']) retrieved from /opt/airflow/dags/1_first_dag.py
[2026-09-13T00:46:40.449+0000] {logging_mixin.py:149} INFO - [2026-09-13T00:46:40.449+0000] {dag.py:2726} INFO - Sync 1 DAGs
[2026-09-13T00:46:40.745+0000] {logging_mixin.py:149} INFO - [2026-09-13T00:46:40.745+0000] {dag.py:3490} INFO - Setting next_dagrun for 1-miprimerdag to 2023-05-01T00:00:00+00:00, run_after=2023-05-01T00:00:00+00:00
[2026-09-13T00:46:40.813+0000] {processor.py:178} INFO - Processing /opt/airflow/dags/1_first_dag.py took 0.497 seconds
[2026-09-13T00:47:10.951+0000] {processor.py:156} INFO - Started process (PID=160093) to work on /opt/airflow/dags/1_first_dag.py
[2026-09-13T00:47:10.955+0000] {processor.py:799} INFO - Processing file /opt/airflow/dags/1_first_dag.py for tasks to queue
[2026-09-13T00:47:10.958+0000] {logging_mixin.py:149} INFO - [2026-09-13T00:47:10.957+0000] {dagbag.py:541} INFO - Filling up the DagBag from /opt/airflow/dags/1_first_dag.py
[2026-09-13T00:47:10.986+0000] {processor.py:809} INFO - DAG(s) dict_keys(['1-miprimerdag']) retrieved from /opt/airflow/dags/1_first_dag.py
[2026-09-13T00:47:11.070+0000] {logging_mixin.py:149} INFO - [2026-09-13T00:47:11.069+0000] {dag.py:2726} INFO - Sync 1 DAGs
[2026-09-13T00:47:11.145+0000] {logging_mixin.py:149} INFO - [2026-09-13T00:47:11.144+0000] {dag.py:3490} INFO - Setting next_dagrun for 1-miprimerdag to 2023-05-01T00:00:00+00:00, run_after=2023-05-01T00:00:00+00:00
[2026-09-13T00:47:11.219+0000] {processor.py:178} INFO - Processing /opt/airflow/dags/1_first_dag.py took 0.279 seconds
[2026-09-13T00:47:41.436+0000] {processor.py:156} INFO - Started process (PID=160108) to work on /opt/airflow/dags/1_first_dag.py
[2026-09-13T00:47:41.441+0000] {processor.py:799} INFO - Processing file /opt/airflow/dags/1_first_dag.py for tasks to queue
[2026-09-13T00:47:41.443+0000] {logging_mixin.py:149} INFO - [2026-09-13T00:47:41.443+0000] {dagbag.py:541} INFO - Filling up the DagBag from /opt/airflow/dags/1_first_dag.py
[2026-09-13T00:47:41.473+0000] {processor.py:809} INFO - DAG(s) dict_keys(['1-miprimerdag']) retrieved from /opt/airflow/dags/1_first_dag.py
[2026-09-13T00:47:41.562+0000] {logging_mixin.py:149} INFO - [2026-09-13T00:47:41.562+0000] {dag.py:2726} INFO - Sync 1 DAGs
[2026-09-13T00:47:41.638+0000] {logging_mixin.py:149} INFO - [2026-09-13T00:47:41.637+0000] {dag.py:3490} INFO - Setting next_dagrun for 1-miprimerdag to 2023-05-01T00:00:00+00:00, run_after=2023-05-01T00:00:00+00:00
[2026-09-13T00:47:41.713+0000] {processor.py:178} INFO - Processing /opt/airflow/dags/1_first_dag.py took 0.287 seconds
[2026-09-13T00:48:11.941+0000] {processor.py:156} INFO - Started process (PID=160122) to work on /opt/airflow/dags/1_first_dag.py
[2026-09-13T00:48:11.946+0000] {processor.py:799} INFO - Processing file /opt/airflow/dags/1_first_dag.py for tasks to queue
[2026-09-13T00:48:11.947+0000] {logging_mixin.py:149} INFO - [2026-09-13T00:48:11.947+0000] {dagbag.py:541} INFO - Filling up the DagBag from /opt/airflow/dags/1_first_dag.py
[2026-09-13T00:48:11.973+0000] {processor.py:809} INFO - DAG(s) dict_keys(['1-miprimerdag']) retrieved from /opt/airflow/dags/1_first_dag.py
[2026-09-13T00:48:12.065+0000] {logging_mixin.py:149} INFO - [2026-09-13T00:48:12.065+0000] {dag.py:2726} INFO - Sync 1 DAGs
[2026-09-13T00:48:12.154+0000] {logging_mixin.py:149} INFO - [2026-09-13T00:48:12.153+0000] {dag.py:3490} INFO - Setting next_dagrun for 1-miprimerdag to 2023-05-01T00:00:00+00:00, run_after=2023-05-01T00:00:00+00:00
[2026-09-13T00:48:12.223+0000] {processor.py:178} INFO - Processing /opt/airflow/dags/1_first_dag.py took 0.293 seconds
[2026-09-13T00:48:42.332+0000] {processor.py:156} INFO - Started process (PID=160136) to work on /opt/airflow/dags/1_first_dag.py
[2026-09-13T00:48:42.337+0000] {processor.py:799} INFO - Processing file /opt/airflow/dags/1_first_dag.py for tasks to queue
[2026-09-13T00:48:42.339+0000] {logging_mixin.py:149} INFO - [2026-09-13T00:48:42.339+0000] {dagbag.py:541} INFO - Filling up the DagBag from /opt/airflow/dags/1_first_dag.py
[2026-09-13T00:48:42.365+0000] {processor.py:809} INFO - DAG(s) dict_keys(['1-miprimerdag']) retrieved from /opt/airflow/dags/1_first_dag.py
[2026-09-13T00:48:42.453+0000] {logging_mixin.py:149} INFO - [2026-09-13T00:48:42.453+0000] {dag.py:2726} INFO - Sync 1 DAGs
[2026-09-13T00:48:42.527+0000] {logging_mixin.py:149} INFO - [2026-09-13T00:48:42.527+0000] {dag.py:3490} INFO - Setting next_dagrun for 1-miprimerdag to 2023-05-01T00:00:00+00:00, run_after=2023-05-01T00:00:00+00:00
[2026-09-13T00:48:42.597+0000] {processor.py:178} INFO - Processing /opt/airflow/dags/1_first_dag.py took 0.277 seconds
[2026-09-13T00:49:12.991+0000] {processor.py:156} INFO - Started process (PID=160150) to work on /opt/airflow/dags/1_first_dag.py
[2026-09-13T00:49:12.999+0000] {processor.py:799} INFO - Processing file /opt/airflow/dags/1_first_dag.py for tasks to queue
[2026-09-13T00:49:13.002+0000] {logging_mixin.py:149} INFO - [2026-09-13T00:49:13.001+0000] {dagbag.py:541} INFO - Filling up the DagBag from /opt/airflow/dags/1_first_dag.py
[2026-09-13T00:49:13.027+0000] {processor.py:809} INFO - DAG(s) dict_keys(['1-miprimerdag']) retrieved from /opt/airflow/dags/1_first_dag.py
[2026-09-13T00:49:13.107+0000] {logging_mixin.py:149} INFO - [2026-09-13T00:49:13.107+0000] {dag.py:2726} INFO - Sync 1 DAGs
[2026-09-13T00:49:13.467+0000] {logging_mixin.py:149} INFO - [2026-09-13T00:49:13.467+0000] {dag.py:3490} INFO - Setting next_dagrun for 1-miprimerdag to 2023-05-01T00:00:00+00:00, run_after=2023-05-01T00:00:00+00:00
[2026-09-13T00:49:13.521+0000] {processor.py:178} INFO - Processing /opt/airflow/dags/1_first_dag.py took 0.545 seconds
[2026-09-13T00:49:43.828+0000] {processor.py:156} INFO - Started process (PID=160164) to work on /opt/airflow/dags/1_first_dag.py
[2026-09-13T00:49:43.836+0000] {processor.py:799} INFO - Processing file /opt/airflow/dags/1_first_dag.py for tasks to queue
[2026-09-13T00:49:43.838+0000] {logging_mixin.py:149} INFO - [2026-09-13T00:49:43.838+0000] {dagbag.py:541} INFO - Filling up the DagBag from /opt/airflow/dags/1_first_dag.py
[2026-09-13T00:49:43.867+0000] {processor.py:809} INFO - DAG(s) dict_keys(['1-miprimerdag']) retrieved from /opt/airflow/dags/1_first_dag.py
[2026-09-13T00:49:43.957+0000] {logging_mixin.py:149} INFO - [2026-09-13T00:49:43.957+0000] {dag.py:2726} INFO - Sync 1 DAGs
[2026-09-13T00:49:44.024+0000] {logging_mixin.py:149} INFO - [2026-09-13T00:49:44.023+0000] {dag.py:3490} INFO - Setting next_dagrun for 1-miprimerdag to 2023-05-01T00:00:00+00:00, run_after=2023-05-01T00:00:00+00:00
[2026-09-13T00:49:44.089+0000] {processor.py:178} INFO - Processing /opt/airflow/dags/1_first_dag.py took 0.273 seconds
[2026-09-13T00:50:14.240+0000] {processor.py:156} INFO - Started process (PID=160178) to work on /opt/airflow/dags/1_first_dag.py
[2026-09-13T00:50:14.242+0000] {processor.py:799} INFO - Processing file /opt/airflow/dags/1_first_dag.py for tasks to queue
[2026-09-13T00:50:14.244+0000] {logging_mixin.py:149} INFO - [2026-09-13T00:50:14.243+0000] {dagbag.py:541} INFO - Filling up the DagBag from /opt/airflow/dags/1_first_dag.py
[2026-09-13T00:50:14.260+0000] {processor.py:809} INFO - DAG(s) dict_keys(['1-miprimerdag']) retrieved from /opt/airflow/dags/1_first_dag.py
[2026-09-13T00:50:14.356+0000] {logging_mixin.py:149} INFO - [2026-09-13T00:50:14.355+0000] {dag.py:2726} INFO - Sync 1 DAGs
[2026-09-13T00:50:14.424+0000] {logging_mixin.py:149} INFO - [2026-09-13T00:50:14.423+0000] {dag.py:3490} INFO - Setting next_dagrun for 1-miprimerdag to 2023-05-01T00:00:00+00:00, run_after=2023-05-01T00:00:00+00:00
[2026-09-13T00:50:14.491+0000] {processor.py:178} INFO - Processing /opt/airflow/dags/1_first_dag.py took 0.258 seconds
[2026-09-13T00:50:44.688+0000] {processor.py:156} INFO - Started process (PID=160193) to work on /opt/airflow/dags/1_first_dag.py
[2026-09-13T00:50:44.691+0000] {processor.py:799} INFO - Processing file /opt/airflow/dags/1_first_dag.py for tasks to queue
[2026-09-13T00:50:44.693+0000] {logging_mixin.py:149} INFO - [2026-09-13T00:50:44.693+0000] {dagbag.py:541} INFO - Filling up the DagBag from /opt/airflow/dags/1_first_dag.py
[2026-09-13T00:50:44.718+0000] {processor.py:809} INFO - DAG(s) dict_keys(['1-miprimerdag']) retrieved from /opt/airflow/dags/1_first_dag.py
[2026-09-13T00:50:44.788+0000] {logging_mixin.py:149} INFO - [2026-09-13T00:50:44.787+0000] {dag.py:2726} INFO - Sync 1 DAGs
[2026-09-13T00:50:44.827+0000] {logging_mixin.py:149} INFO - [2026-09-13T00:50:44.827+0000] {dag.py:3490} INFO - Setting next_dagrun for 1-miprimerdag to 2023-05-01T00:00:00+00:00, run_after=2023-05-01T00:00:00+00:00
[2026-09-13T00:50:44.854+0000] {processor.py:178} INFO - Processing /opt/airflow/dags/1_first_dag.py took 0.176 seconds
[2026-09-13T00:51:15.047+0000] {processor.py:156} INFO - Started process (PID=160207) to work on /opt/airflow/dags/1_first_dag.py
[2026-09-13T00:51:15.050+0000] {processor.py:799} INFO - Processing file /opt/airflow/dags/1_first_dag.py for tasks to queue
[2026-09-13T00:51:15.052+0000] {logging_mixin.py:149} INFO - [2026-09-13T00:51:15.052+0000] {dagbag.py:541} INFO - Filling up the DagBag from /opt/airflow/dags/1_first_dag.py
[2026-09-13T00:51:15.079+0000] {processor.py:809} INFO - DAG(s) dict_keys(['1-miprimerdag']) retrieved from /opt/airflow/dags/1_first_dag.py
[2026-09-13T00:51:15.172+0000] {logging_mixin.py:149} INFO - [2026-09-13T00:51:15.171+0000] {dag.py:2726} INFO - Sync 1 DAGs
[2026-09-13T00:51:15.244+0000] {logging_mixin.py:149} INFO - [2026-09-13T00:51:15.244+0000] {dag.py:3490} INFO - Setting next_dagrun for 1-miprimerdag to 2023-05-01T00:00:00+00:00, run_after=2023-05-01T00:00:00+00:00
[2026-09-13T00:51:15.311+0000] {processor.py:178} INFO - Processing /opt/airflow/dags/1_first_dag.py took 0.277 seconds
[2026-09-13T00:51:46.175+0000] {processor.py:156} INFO - Started process (PID=160221) to work on /opt/airflow/dags/1_first_dag.py
[2026-09-13T00:51:46.179+0000] {processor.py:799} INFO - Processing file /opt/airflow/dags/1_first_dag.py for tasks to queue
[2026-09-13T00:51:46.182+0000] {logging_mixin.py:149} INFO - [2026-09-13T00:51:46.181+0000] {dagbag.py:541} INFO - Filling up the DagBag from /opt/airflow/dags/1_first_dag.py
[2026-09-13T00:51:46.213+0000] {processor.py:809} INFO - DAG(s) dict_keys(['1-miprimerdag']) retrieved from /opt/airflow/dags/1_first_dag.py
[2026-09-13T00:51:46.298+0000] {logging_mixin.py:149} INFO - [2026-09-13T00:51:46.297+0000] {dag.py:2726} INFO - Sync 1 DAGs
[2026-09-13T00:51:46.363+0000] {logging_mixin.py:149} INFO - [2026-09-13T00:51:46.363+0000] {dag.py:3490} INFO - Setting next_dagrun for 1-miprimerdag to 2023-05-01T00:00:00+00:00, run_after=2023-05-01T00:00:00+00:00
[2026-09-13T00:51:46.629+0000] {processor.py:178} INFO - Processing /opt/airflow/dags/1_first_dag.py took 0.466 seconds
[2026-09-13T00:52:17.034+0000] {processor.py:156} INFO - Started process (PID=160235) to work on /opt/airflow/dags/1_first_dag.py
[2026-09-13T00:52:17.038+0000] {processor.py:799} INFO - Processing file /opt/airflow/dags/1_first_dag.py for tasks to queue
[2026-09-13T00:52:17.040+0000] {logging_mixin.py:149} INFO - [2026-09-13T00:52:17.039+0000] {dagbag.py:541} INFO - Filling up the DagBag from /opt/airflow/dags/1_first_dag.py
[2026-09-13T00:52:17.066+0000] {processor.py:809} INFO - DAG(s) dict_keys(['1-miprimerdag']) retrieved from /opt/airflow/dags/1_first_dag.py
[2026-09-13T00:52:17.156+0000] {logging_mixin.py:149} INFO - [2026-09-13T00:52:17.155+0000] {dag.py:2726} INFO - Sync 1 DAGs
[2026-09-13T00:52:17.443+0000] {logging_mixin.py:149} INFO - [2026-09-13T00:52:17.442+0000] {dag.py:3490} INFO - Setting next_dagrun for 1-miprimerdag to 2023-05-01T00:00:00+00:00, run_after=2023-05-01T00:00:00+00:00
[2026-09-13T00:52:17.495+0000] {processor.py:178} INFO - Processing /opt/airflow/dags/1_first_dag.py took 0.472 seconds
[2026-09-13T00:52:47.626+0000] {processor.py:156} INFO - Started process (PID=160249) to work on /opt/airflow/dags/1_first_dag.py
[2026-09-13T00:52:47.630+0000] {processor.py:799} INFO - Processing file /opt/airflow/dags/1_first_dag.py for tasks to queue
[2026-09-13T00:52:47.632+0000] {logging_mixin.py:149} INFO - [2026-09-13T00:52:47.631+0000] {dagbag.py:541} INFO - Filling up the DagBag from /opt/airflow/dags/1_first_dag.py
[2026-09-13T00:52:47.657+0000] {processor.py:809} INFO - DAG(s) dict_keys(['1-miprimerdag']) retrieved from /opt/airflow/dags/1_first_dag.py
[2026-09-13T00:52:47.741+0000] {logging_mixin.py:149} INFO - [2026-09-13T00:52:47.741+0000] {dag.py:2726} INFO - Sync 1 DAGs
[2026-09-13T00:52:47.818+0000] {logging_mixin.py:149} INFO - [2026-09-13T00:52:47.817+0000] {dag.py:3490} INFO - Setting next_dagrun for 1-miprimerdag to 2023-05-01T00:00:00+00:00, run_after=2023-05-01T00:00:00+00:00
[2026-09-13T00:52:47.896+0000] {processor.py:178} INFO - Processing /opt/airflow/dags/1_first_dag.py took 0.280 seconds
[2026-09-13T00:53:18.068+0000] {processor.py:156} INFO - Started process (PID=160263) to work on /opt/airflow/dags/1_first_dag.py
[2026-09-13T00:53:18.073+0000] {processor.py:799} INFO - Processing file /opt/airflow/dags/1_first_dag.py for tasks to queue
[2026-09-13T00:53:18.074+0000] {logging_mixin.py:149} INFO - [2026-09-13T00:53:18.074+0000] {dagbag.py:541} INFO - Filling up the DagBag from /opt/airflow/dags/1_first_dag.py
[2026-09-13T00:53:18.088+0000] {processor.py:809} INFO - DAG(s) dict_keys(['1-miprimerdag']) retrieved from /opt/airflow/dags/1_first_dag.py
[2026-09-13T00:53:18.178+0000] {logging_mixin.py:149} INFO - [2026-09-13T00:53:18.177+0000] {dag.py:2726} INFO - Sync 1 DAGs
[2026-09-13T00:53:18.232+0000] {logging_mixin.py:149} INFO - [2026-09-13T00:53:18.232+0000] {dag.py:3490} INFO - Setting next_dagrun for 1-miprimerdag to 2023-05-01T00:00:00+00:00, run_after=2023-05-01T00:00:00+00:00
[2026-09-13T00:53:18.277+0000] {processor.py:178} INFO - Processing /opt/airflow/dags/1_first_dag.py took 0.221 seconds
[2026-09-13T00:53:48.444+0000] {processor.py:156} INFO - Started process (PID=160278) to work on /opt/airflow/dags/1_first_dag.py
[2026-09-13T00:53:48.448+0000] {processor.py:799} INFO - Processing file /opt/airflow/dags/1_first_dag.py for tasks to queue
[2026-09-13T00:53:48.450+0000] {logging_mixin.py:149} INFO - [2026-09-13T00:53:48.449+0000] {dagbag.py:541} INFO - Filling up the DagBag from /opt/airflow/dags/1_first_dag.py
[2026-09-13T00:53:48.476+0000] {processor.py:809} INFO - DAG(s) dict_keys(['1-miprimerdag']) retrieved from /opt/airflow/dags/1_first_dag.py
[2026-09-13T00:53:48.576+0000] {logging_mixin.py:149} INFO - [2026-09-13T00:53:48.575+0000] {dag.py:2726} INFO - Sync 1 DAGs
[2026-09-13T00:53:48.644+0000] {logging_mixin.py:149} INFO - [2026-09-13T00:53:48.644+0000] {dag.py:3490} INFO - Setting next_dagrun for 1-miprimerdag to 2023-05-01T00:00:00+00:00, run_after=2023-05-01T00:00:00+00:00
[2026-09-13T00:53:48.712+0000] {processor.py:178} INFO - Processing /opt/airflow/dags/1_first_dag.py took 0.279 seconds
[2026-09-13T00:54:18.918+0000] {processor.py:156} INFO - Started process (PID=160293) to work on /opt/airflow/dags/1_first_dag.py
[2026-09-13T00:54:18.925+0000] {processor.py:799} INFO - Processing file /opt/airflow/dags/1_first_dag.py for tasks to queue
[2026-09-13T00:54:18.932+0000] {logging_mixin.py:149} INFO - [2026-09-13T00:54:18.931+0000] {dagbag.py:541} INFO - Filling up the DagBag from /opt/airflow/dags/1_first_dag.py
[2026-09-13T00:54:18.957+0000] {processor.py:809} INFO - DAG(s) dict_keys(['1-miprimerdag']) retrieved from /opt/airflow/dags/1_first_dag.py
[2026-09-13T00:54:19.043+0000] {logging_mixin.py:149} INFO - [2026-09-13T00:54:19.042+0000] {dag.py:2726} INFO - Sync 1 DAGs
[2026-09-13T00:54:19.118+0000] {logging_mixin.py:149} INFO - [2026-09-13T00:54:19.117+0000] {dag.py:3490} INFO - Setting next_dagrun for 1-miprimerdag to 2023-05-01T00:00:00+00:00, run_after=2023-05-01T00:00:00+00:00
[2026-09-13T00:54:19.420+0000] {processor.py:178} INFO - Processing /opt/airflow/dags/1_first_dag.py took 0.515 seconds
[2026-09-13T00:54:50.127+0000] {processor.py:156} INFO - Started process (PID=160306) to work on /opt/airflow/dags/1_first_dag.py
[2026-09-13T00:54:50.131+0000] {processor.py:799} INFO - Processing file /opt/airflow/dags/1_first_dag.py for tasks to queue
[2026-09-13T00:54:50.133+0000] {logging_mixin.py:149} INFO - [2026-09-13T00:54:50.132+0000] {dagbag.py:541} INFO - Filling up the DagBag from /opt/airflow/dags/1_first_dag.py
[2026-09-13T00:54:50.153+0000] {processor.py:809} INFO - DAG(s) dict_keys(['1-miprimerdag']) retrieved from /opt/airflow/dags/1_first_dag.py
[2026-09-13T00:54:50.238+0000] {logging_mixin.py:149} INFO - [2026-09-13T00:54:50.238+0000] {dag.py:2726} INFO - Sync 1 DAGs
[2026-09-13T00:54:50.534+0000] {logging_mixin.py:149} INFO - [2026-09-13T00:54:50.534+0000] {dag.py:3490} INFO - Setting next_dagrun for 1-miprimerdag to 2023-05-01T00:00:00+00:00, run_after=2023-05-01T00:00:00+00:00
[2026-09-13T00:54:50.584+0000] {processor.py:178} INFO - Processing /opt/airflow/dags/1_first_dag.py took 0.467 seconds
[2026-09-13T00:55:21.331+0000] {processor.py:156} INFO - Started process (PID=160321) to work on /opt/airflow/dags/1_first_dag.py
[2026-09-13T00:55:21.339+0000] {processor.py:799} INFO - Processing file /opt/airflow/dags/1_first_dag.py for tasks to queue
[2026-09-13T00:55:21.342+0000] {logging_mixin.py:149} INFO - [2026-09-13T00:55:21.341+0000] {dagbag.py:541} INFO - Filling up the DagBag from /opt/airflow/dags/1_first_dag.py
[2026-09-13T00:55:21.375+0000] {processor.py:809} INFO - DAG(s) dict_keys(['1-miprimerdag']) retrieved from /opt/airflow/dags/1_first_dag.py
[2026-09-13T00:55:21.459+0000] {logging_mixin.py:149} INFO - [2026-09-13T00:55:21.459+0000] {dag.py:2726} INFO - Sync 1 DAGs
[2026-09-13T00:55:21.536+0000] {logging_mixin.py:149} INFO - [2026-09-13T00:55:21.535+0000] {dag.py:3490} INFO - Setting next_dagrun for 1-miprimerdag to 2023-05-01T00:00:00+00:00, run_after=2023-05-01T00:00:00+00:00
[2026-09-13T00:55:21.600+0000] {processor.py:178} INFO - Processing /opt/airflow/dags/1_first_dag.py took 0.279 seconds
[2026-09-13T00:55:52.113+0000] {processor.py:156} INFO - Started process (PID=160335) to work on /opt/airflow/dags/1_first_dag.py
[2026-09-13T00:55:52.117+0000] {processor.py:799} INFO - Processing file /opt/airflow/dags/1_first_dag.py for tasks to queue
[2026-09-13T00:55:52.119+0000] {logging_mixin.py:149} INFO - [2026-09-13T00:55:52.118+0000] {dagbag.py:541} INFO - Filling up the DagBag from /opt/airflow/dags/1_first_dag.py
[2026-09-13T00:55:52.145+0000] {processor.py:809} INFO - DAG(s) dict_keys(['1-miprimerdag']) retrieved from /opt/airflow/dags/1_first_dag.py
[2026-09-13T00:55:52.225+0000] {logging_mixin.py:149} INFO - [2026-09-13T00:55:52.225+0000] {dag.py:2726} INFO - Sync 1 DAGs
[2026-09-13T00:55:52.296+0000] {logging_mixin.py:149} INFO - [2026-09-13T00:55:52.296+0000] {dag.py:3490} INFO - Setting next_dagrun for 1-miprimerdag to 2023-05-01T00:00:00+00:00, run_after=2023-05-01T00:00:00+00:00
[2026-09-13T00:55:52.349+0000] {processor.py:178} INFO - Processing /opt/airflow/dags/1_first_dag.py took 0.247 seconds
[2026-09-13T00:56:22.438+0000] {processor.py:156} INFO - Started process (PID=160350) to work on /opt/airflow/dags/1_first_dag.py
[2026-09-13T00:56:22.449+0000] {processor.py:799} INFO - Processing file /opt/airflow/dags/1_first_dag.py for tasks to queue
[2026-09-13T00:56:22.451+0000] {logging_mixin.py:149} INFO - [2026-09-13T00:56:22.451+0000] {dagbag.py:541} INFO - Filling up the DagBag from /opt/airflow/dags/1_first_dag.py
[2026-09-13T00:56:22.481+0000] {processor.py:809} INFO - DAG(s) dict_keys(['1-miprimerdag']) retrieved from /opt/airflow/dags/1_first_dag.py
[2026-09-13T00:56:22.578+0000] {logging_mixin.py:149} INFO - [2026-09-13T00:56:22.578+0000] {dag.py:2726} INFO - Sync 1 DAGs
[2026-09-13T00:56:22.647+0000] {logging_mixin.py:149} INFO - [2026-09-13T00:56:22.646+0000] {dag.py:3490} INFO - Setting next_dagrun for 1-miprimerdag to 2023-05-01T00:00:00+00:00, run_after=2023-05-01T00:00:00+00:00
[2026-09-13T00:56:22.715+0000] {processor.py:178} INFO - Processing /opt/airflow/dags/1_first_dag.py took 0.288 seconds
[2026-09-13T00:56:52.885+0000] {processor.py:156} INFO - Started process (PID=160363) to work on /opt/airflow/dags/1_first_dag.py
[2026-09-13T00:56:52.888+0000] {processor.py:799} INFO - Processing file /opt/airflow/dags/1_first_dag.py for tasks to queue
[2026-09-13T00:56:52.890+0000] {logging_mixin.py:149} INFO - [2026-09-13T00:56:52.890+0000] {dagbag.py:541} INFO - Filling up the DagBag from /opt/airflow/dags/1_first_dag.py
[2026-09-13T00:56:52.915+0000] {processor.py:809} INFO - DAG(s) dict_keys(['1-miprimerdag']) retrieved from /opt/airflow/dags/1_first_dag.py
[2026-09-13T00:56:52.999+0000] {logging_mixin.py:149} INFO - [2026-09-13T00:56:52.998+0000] {dag.py:2726} INFO - Sync 1 DAGs
[2026-09-13T00:56:53.056+0000] {logging_mixin.py:149} INFO - [2026-09-13T00:56:53.056+0000] {dag.py:3490} INFO - Setting next_dagrun for 1-miprimerdag to 2023-05-01T00:00:00+00:00, run_after=2023-05-01T00:00:00+00:00
[2026-09-13T00:56:53.122+0000] {processor.py:178} INFO - Processing /opt/airflow/dags/1_first_dag.py took 0.250 seconds
[2026-09-13T00:57:23.457+0000] {processor.py:156} INFO - Started process (PID=160377) to work on /opt/airflow/dags/1_first_dag.py
[2026-09-13T00:57:23.468+0000] {processor.py:799} INFO - Processing file /opt/airflow/dags/1_first_dag.py for tasks to queue
[2026-09-13T00:57:23.470+0000] {logging_mixin.py:149} INFO - [2026-09-13T00:57:23.470+0000] {dagbag.py:541} INFO - Filling up the DagBag from /opt/airflow/dags/1_first_dag.py
[2026-09-13T00:57:23.499+0000] {processor.py:809} INFO - DAG(s) dict_keys(['1-miprimerdag']) retrieved from /opt/airflow/dags/1_first_dag.py
[2026-09-13T00:57:23.598+0000] {logging_mixin.py:149} INFO - [2026-09-13T00:57:23.598+0000] {dag.py:2726} INFO - Sync 1 DAGs
[2026-09-13T00:57:23.666+0000] {logging_mixin.py:149} INFO - [2026-09-13T00:57:23.665+0000] {dag.py:3490} INFO - Setting next_dagrun for 1-miprimerdag to 2023-05-01T00:00:00+00:00, run_after=2023-05-01T00:00:00+00:00
[2026-09-13T00:57:23.965+0000] {processor.py:178} INFO - Processing /opt/airflow/dags/1_first_dag.py took 0.520 seconds
[2026-09-13T00:57:54.294+0000] {processor.py:156} INFO - Started process (PID=160391) to work on /opt/airflow/dags/1_first_dag.py
[2026-09-13T00:57:54.298+0000] {processor.py:799} INFO - Processing file /opt/airflow/dags/1_first_dag.py for tasks to queue
[2026-09-13T00:57:54.300+0000] {logging_mixin.py:149} INFO - [2026-09-13T00:57:54.300+0000] {dagbag.py:541} INFO - Filling up the DagBag from /opt/airflow/dags/1_first_dag.py
[2026-09-13T00:57:54.327+0000] {processor.py:809} INFO - DAG(s) dict_keys(['1-miprimerdag']) retrieved from /opt/airflow/dags/1_first_dag.py
[2026-09-13T00:57:54.418+0000] {logging_mixin.py:149} INFO - [2026-09-13T00:57:54.417+0000] {dag.py:2726} INFO - Sync 1 DAGs
[2026-09-13T00:57:54.703+0000] {logging_mixin.py:149} INFO - [2026-09-13T00:57:54.703+0000] {dag.py:3490} INFO - Setting next_dagrun for 1-miprimerdag to 2023-05-01T00:00:00+00:00, run_after=2023-05-01T00:00:00+00:00
[2026-09-13T00:57:54.750+0000] {processor.py:178} INFO - Processing /opt/airflow/dags/1_first_dag.py took 0.467 seconds
[2026-09-13T00:58:25.747+0000] {processor.py:156} INFO - Started process (PID=160405) to work on /opt/airflow/dags/1_first_dag.py
[2026-09-13T00:58:25.755+0000] {processor.py:799} INFO - Processing file /opt/airflow/dags/1_first_dag.py for tasks to queue
[2026-09-13T00:58:25.758+0000] {logging_mixin.py:149} INFO - [2026-09-13T00:58:25.757+0000] {dagbag.py:541} INFO - Filling up the DagBag from /opt/airflow/dags/1_first_dag.py
[2026-09-13T00:58:25.787+0000] {processor.py:809} INFO - DAG(s) dict_keys(['1-miprimerdag']) retrieved from /opt/airflow/dags/1_first_dag.py
[2026-09-13T00:58:25.870+0000] {logging_mixin.py:149} INFO - [2026-09-13T00:58:25.870+0000] {dag.py:2726} INFO - Sync 1 DAGs
[2026-09-13T00:58:25.942+0000] {logging_mixin.py:149} INFO - [2026-09-13T00:58:25.942+0000] {dag.py:3490} INFO - Setting next_dagrun for 1-miprimerdag to 2023-05-01T00:00:00+00:00, run_after=2023-05-01T00:00:00+00:00
[2026-09-13T00:58:25.999+0000] {processor.py:178} INFO - Processing /opt/airflow/dags/1_first_dag.py took 0.263 seconds
[2026-09-13T00:58:56.945+0000] {processor.py:156} INFO - Started process (PID=160419) to work on /opt/airflow/dags/1_first_dag.py
[2026-09-13T00:58:56.949+0000] {processor.py:799} INFO - Processing file /opt/airflow/dags/1_first_dag.py for tasks to queue
[2026-09-13T00:58:56.951+0000] {logging_mixin.py:149} INFO - [2026-09-13T00:58:56.950+0000] {dagbag.py:541} INFO - Filling up the DagBag from /opt/airflow/dags/1_first_dag.py
[2026-09-13T00:58:56.976+0000] {processor.py:809} INFO - DAG(s) dict_keys(['1-miprimerdag']) retrieved from /opt/airflow/dags/1_first_dag.py
[2026-09-13T00:58:57.059+0000] {logging_mixin.py:149} INFO - [2026-09-13T00:58:57.058+0000] {dag.py:2726} INFO - Sync 1 DAGs
[2026-09-13T00:58:57.122+0000] {logging_mixin.py:149} INFO - [2026-09-13T00:58:57.122+0000] {dag.py:3490} INFO - Setting next_dagrun for 1-miprimerdag to 2023-05-01T00:00:00+00:00, run_after=2023-05-01T00:00:00+00:00
[2026-09-13T00:58:57.184+0000] {processor.py:178} INFO - Processing /opt/airflow/dags/1_first_dag.py took 0.252 seconds
[2026-09-13T00:59:27.346+0000] {processor.py:156} INFO - Started process (PID=160433) to work on /opt/airflow/dags/1_first_dag.py
[2026-09-13T00:59:27.350+0000] {processor.py:799} INFO - Processing file /opt/airflow/dags/1_first_dag.py for tasks to queue
[2026-09-13T00:59:27.352+0000] {logging_mixin.py:149} INFO - [2026-09-13T00:59:27.352+0000] {dagbag.py:541} INFO - Filling up the DagBag from /opt/airflow/dags/1_first_dag.py
[2026-09-13T00:59:27.376+0000] {processor.py:809} INFO - DAG(s) dict_keys(['1-miprimerdag']) retrieved from /opt/airflow/dags/1_first_dag.py
[2026-09-13T00:59:27.462+0000] {logging_mixin.py:149} INFO - [2026-09-13T00:59:27.462+0000] {dag.py:2726} INFO - Sync 1 DAGs
[2026-09-13T00:59:27.534+0000] {logging_mixin.py:149} INFO - [2026-09-13T00:59:27.534+0000] {dag.py:3490} INFO - Setting next_dagrun for 1-miprimerdag to 2023-05-01T00:00:00+00:00, run_after=2023-05-01T00:00:00+00:00
[2026-09-13T00:59:27.609+0000] {processor.py:178} INFO - Processing /opt/airflow/dags/1_first_dag.py took 0.275 seconds
[2026-09-13T00:59:57.979+0000] {processor.py:156} INFO - Started process (PID=160447) to work on /opt/airflow/dags/1_first_dag.py
[2026-09-13T00:59:57.983+0000] {processor.py:799} INFO - Processing file /opt/airflow/dags/1_first_dag.py for tasks to queue
[2026-09-13T00:59:57.985+0000] {logging_mixin.py:149} INFO - [2026-09-13T00:59:57.985+0000] {dagbag.py:541} INFO - Filling up the DagBag from /opt/airflow/dags/1_first_dag.py
[2026-09-13T00:59:58.015+0000] {processor.py:809} INFO - DAG(s) dict_keys(['1-miprimerdag']) retrieved from /opt/airflow/dags/1_first_dag.py
[2026-09-13T00:59:58.104+0000] {logging_mixin.py:149} INFO - [2026-09-13T00:59:58.103+0000] {dag.py:2726} INFO - Sync 1 DAGs
[2026-09-13T00:59:58.180+0000] {logging_mixin.py:149} INFO - [2026-09-13T00:59:58.179+0000] {dag.py:3490} INFO - Setting next_dagrun for 1-miprimerdag to 2023-05-01T00:00:00+00:00, run_after=2023-05-01T00:00:00+00:00
[2026-09-13T00:59:58.516+0000] {processor.py:178} INFO - Processing /opt/airflow/dags/1_first_dag.py took 0.549 seconds
[2026-09-13T01:00:28.910+0000] {processor.py:156} INFO - Started process (PID=160461) to work on /opt/airflow/dags/1_first_dag.py
[2026-09-13T01:00:28.914+0000] {processor.py:799} INFO - Processing file /opt/airflow/dags/1_first_dag.py for tasks to queue
[2026-09-13T01:00:28.916+0000] {logging_mixin.py:149} INFO - [2026-09-13T01:00:28.916+0000] {dagbag.py:541} INFO - Filling up the DagBag from /opt/airflow/dags/1_first_dag.py
[2026-09-13T01:00:28.942+0000] {processor.py:809} INFO - DAG(s) dict_keys(['1-miprimerdag']) retrieved from /opt/airflow/dags/1_first_dag.py
[2026-09-13T01:00:29.024+0000] {logging_mixin.py:149} INFO - [2026-09-13T01:00:29.023+0000] {dag.py:2726} INFO - Sync 1 DAGs
[2026-09-13T01:00:29.349+0000] {logging_mixin.py:149} INFO - [2026-09-13T01:00:29.349+0000] {dag.py:3490} INFO - Setting next_dagrun for 1-miprimerdag to 2023-05-01T00:00:00+00:00, run_after=2023-05-01T00:00:00+00:00
[2026-09-13T01:00:29.377+0000] {processor.py:178} INFO - Processing /opt/airflow/dags/1_first_dag.py took 0.478 seconds
[2026-09-13T01:00:59.701+0000] {processor.py:156} INFO - Started process (PID=160476) to work on /opt/airflow/dags/1_first_dag.py
[2026-09-13T01:00:59.705+0000] {processor.py:799} INFO - Processing file /opt/airflow/dags/1_first_dag.py for tasks to queue
[2026-09-13T01:00:59.706+0000] {logging_mixin.py:149} INFO - [2026-09-13T01:00:59.706+0000] {dagbag.py:541} INFO - Filling up the DagBag from /opt/airflow/dags/1_first_dag.py
[2026-09-13T01:00:59.732+0000] {processor.py:809} INFO - DAG(s) dict_keys(['1-miprimerdag']) retrieved from /opt/airflow/dags/1_first_dag.py
[2026-09-13T01:00:59.834+0000] {logging_mixin.py:149} INFO - [2026-09-13T01:00:59.834+0000] {dag.py:2726} INFO - Sync 1 DAGs
[2026-09-13T01:00:59.911+0000] {logging_mixin.py:149} INFO - [2026-09-13T01:00:59.910+0000] {dag.py:3490} INFO - Setting next_dagrun for 1-miprimerdag to 2023-05-01T00:00:00+00:00, run_after=2023-05-01T00:00:00+00:00
[2026-09-13T01:00:59.976+0000] {processor.py:178} INFO - Processing /opt/airflow/dags/1_first_dag.py took 0.287 seconds
[2026-09-13T01:01:30.719+0000] {processor.py:156} INFO - Started process (PID=160489) to work on /opt/airflow/dags/1_first_dag.py
[2026-09-13T01:01:30.723+0000] {processor.py:799} INFO - Processing file /opt/airflow/dags/1_first_dag.py for tasks to queue
[2026-09-13T01:01:30.725+0000] {logging_mixin.py:149} INFO - [2026-09-13T01:01:30.724+0000] {dagbag.py:541} INFO - Filling up the DagBag from /opt/airflow/dags/1_first_dag.py
[2026-09-13T01:01:30.746+0000] {processor.py:809} INFO - DAG(s) dict_keys(['1-miprimerdag']) retrieved from /opt/airflow/dags/1_first_dag.py
[2026-09-13T01:01:30.837+0000] {logging_mixin.py:149} INFO - [2026-09-13T01:01:30.836+0000] {dag.py:2726} INFO - Sync 1 DAGs
[2026-09-13T01:01:30.925+0000] {logging_mixin.py:149} INFO - [2026-09-13T01:01:30.925+0000] {dag.py:3490} INFO - Setting next_dagrun for 1-miprimerdag to 2023-05-01T00:00:00+00:00, run_after=2023-05-01T00:00:00+00:00
[2026-09-13T01:01:30.994+0000] {processor.py:178} INFO - Processing /opt/airflow/dags/1_first_dag.py took 0.289 seconds
[2026-09-13T01:02:01.256+0000] {processor.py:156} INFO - Started process (PID=160503) to work on /opt/airflow/dags/1_first_dag.py
[2026-09-13T01:02:01.261+0000] {processor.py:799} INFO - Processing file /opt/airflow/dags/1_first_dag.py for tasks to queue
[2026-09-13T01:02:01.262+0000] {logging_mixin.py:149} INFO - [2026-09-13T01:02:01.262+0000] {dagbag.py:541} INFO - Filling up the DagBag from /opt/airflow/dags/1_first_dag.py
[2026-09-13T01:02:01.289+0000] {processor.py:809} INFO - DAG(s) dict_keys(['1-miprimerdag']) retrieved from /opt/airflow/dags/1_first_dag.py
[2026-09-13T01:02:01.374+0000] {logging_mixin.py:149} INFO - [2026-09-13T01:02:01.374+0000] {dag.py:2726} INFO - Sync 1 DAGs
[2026-09-13T01:02:01.460+0000] {logging_mixin.py:149} INFO - [2026-09-13T01:02:01.459+0000] {dag.py:3490} INFO - Setting next_dagrun for 1-miprimerdag to 2023-05-01T00:00:00+00:00, run_after=2023-05-01T00:00:00+00:00
[2026-09-13T01:02:01.525+0000] {processor.py:178} INFO - Processing /opt/airflow/dags/1_first_dag.py took 0.280 seconds
[2026-09-13T01:02:31.617+0000] {processor.py:156} INFO - Started process (PID=160517) to work on /opt/airflow/dags/1_first_dag.py
[2026-09-13T01:02:31.622+0000] {processor.py:799} INFO - Processing file /opt/airflow/dags/1_first_dag.py for tasks to queue
[2026-09-13T01:02:31.624+0000] {logging_mixin.py:149} INFO - [2026-09-13T01:02:31.624+0000] {dagbag.py:541} INFO - Filling up the DagBag from /opt/airflow/dags/1_first_dag.py
[2026-09-13T01:02:31.655+0000] {processor.py:809} INFO - DAG(s) dict_keys(['1-miprimerdag']) retrieved from /opt/airflow/dags/1_first_dag.py
[2026-09-13T01:02:31.738+0000] {logging_mixin.py:149} INFO - [2026-09-13T01:02:31.738+0000] {dag.py:2726} INFO - Sync 1 DAGs
[2026-09-13T01:02:31.811+0000] {logging_mixin.py:149} INFO - [2026-09-13T01:02:31.810+0000] {dag.py:3490} INFO - Setting next_dagrun for 1-miprimerdag to 2023-05-01T00:00:00+00:00, run_after=2023-05-01T00:00:00+00:00
[2026-09-13T01:02:31.873+0000] {processor.py:178} INFO - Processing /opt/airflow/dags/1_first_dag.py took 0.269 seconds
[2026-09-13T01:03:02.377+0000] {processor.py:156} INFO - Started process (PID=160530) to work on /opt/airflow/dags/1_first_dag.py
[2026-09-13T01:03:02.380+0000] {processor.py:799} INFO - Processing file /opt/airflow/dags/1_first_dag.py for tasks to queue
[2026-09-13T01:03:02.382+0000] {logging_mixin.py:149} INFO - [2026-09-13T01:03:02.382+0000] {dagbag.py:541} INFO - Filling up the DagBag from /opt/airflow/dags/1_first_dag.py
[2026-09-13T01:03:02.406+0000] {processor.py:809} INFO - DAG(s) dict_keys(['1-miprimerdag']) retrieved from /opt/airflow/dags/1_first_dag.py
[2026-09-13T01:03:02.495+0000] {logging_mixin.py:149} INFO - [2026-09-13T01:03:02.495+0000] {dag.py:2726} INFO - Sync 1 DAGs
[2026-09-13T01:03:02.802+0000] {logging_mixin.py:149} INFO - [2026-09-13T01:03:02.801+0000] {dag.py:3490} INFO - Setting next_dagrun for 1-miprimerdag to 2023-05-01T00:00:00+00:00, run_after=2023-05-01T00:00:00+00:00
[2026-09-13T01:03:02.859+0000] {processor.py:178} INFO - Processing /opt/airflow/dags/1_first_dag.py took 0.492 seconds
[2026-09-13T01:03:33.147+0000] {processor.py:156} INFO - Started process (PID=160545) to work on /opt/airflow/dags/1_first_dag.py
[2026-09-13T01:03:33.150+0000] {processor.py:799} INFO - Processing file /opt/airflow/dags/1_first_dag.py for tasks to queue
[2026-09-13T01:03:33.152+0000] {logging_mixin.py:149} INFO - [2026-09-13T01:03:33.152+0000] {dagbag.py:541} INFO - Filling up the DagBag from /opt/airflow/dags/1_first_dag.py
[2026-09-13T01:03:33.177+0000] {processor.py:809} INFO - DAG(s) dict_keys(['1-miprimerdag']) retrieved from /opt/airflow/dags/1_first_dag.py
[2026-09-13T01:03:33.261+0000] {logging_mixin.py:149} INFO - [2026-09-13T01:03:33.260+0000] {dag.py:2726} INFO - Sync 1 DAGs
[2026-09-13T01:03:33.587+0000] {logging_mixin.py:149} INFO - [2026-09-13T01:03:33.586+0000] {dag.py:3490} INFO - Setting next_dagrun for 1-miprimerdag to 2023-05-01T00:00:00+00:00, run_after=2023-05-01T00:00:00+00:00
[2026-09-13T01:03:33.641+0000] {processor.py:178} INFO - Processing /opt/airflow/dags/1_first_dag.py took 0.505 seconds
[2026-09-13T01:04:03.778+0000] {processor.py:156} INFO - Started process (PID=160558) to work on /opt/airflow/dags/1_first_dag.py
[2026-09-13T01:04:03.786+0000] {processor.py:799} INFO - Processing file /opt/airflow/dags/1_first_dag.py for tasks to queue
[2026-09-13T01:04:03.789+0000] {logging_mixin.py:149} INFO - [2026-09-13T01:04:03.788+0000] {dagbag.py:541} INFO - Filling up the DagBag from /opt/airflow/dags/1_first_dag.py
[2026-09-13T01:04:03.824+0000] {processor.py:809} INFO - DAG(s) dict_keys(['1-miprimerdag']) retrieved from /opt/airflow/dags/1_first_dag.py
[2026-09-13T01:04:03.914+0000] {logging_mixin.py:149} INFO - [2026-09-13T01:04:03.914+0000] {dag.py:2726} INFO - Sync 1 DAGs
[2026-09-13T01:04:03.985+0000] {logging_mixin.py:149} INFO - [2026-09-13T01:04:03.984+0000] {dag.py:3490} INFO - Setting next_dagrun for 1-miprimerdag to 2023-05-01T00:00:00+00:00, run_after=2023-05-01T00:00:00+00:00
[2026-09-13T01:04:04.059+0000] {processor.py:178} INFO - Processing /opt/airflow/dags/1_first_dag.py took 0.297 seconds
[2026-09-13T01:04:34.244+0000] {processor.py:156} INFO - Started process (PID=160572) to work on /opt/airflow/dags/1_first_dag.py
[2026-09-13T01:04:34.252+0000] {processor.py:799} INFO - Processing file /opt/airflow/dags/1_first_dag.py for tasks to queue
[2026-09-13T01:04:34.254+0000] {logging_mixin.py:149} INFO - [2026-09-13T01:04:34.253+0000] {dagbag.py:541} INFO - Filling up the DagBag from /opt/airflow/dags/1_first_dag.py
[2026-09-13T01:04:34.289+0000] {processor.py:809} INFO - DAG(s) dict_keys(['1-miprimerdag']) retrieved from /opt/airflow/dags/1_first_dag.py
[2026-09-13T01:04:34.379+0000] {logging_mixin.py:149} INFO - [2026-09-13T01:04:34.378+0000] {dag.py:2726} INFO - Sync 1 DAGs
[2026-09-13T01:04:34.450+0000] {logging_mixin.py:149} INFO - [2026-09-13T01:04:34.449+0000] {dag.py:3490} INFO - Setting next_dagrun for 1-miprimerdag to 2023-05-01T00:00:00+00:00, run_after=2023-05-01T00:00:00+00:00
[2026-09-13T01:04:34.521+0000] {processor.py:178} INFO - Processing /opt/airflow/dags/1_first_dag.py took 0.288 seconds
[2026-09-13T01:05:04.707+0000] {processor.py:156} INFO - Started process (PID=160585) to work on /opt/airflow/dags/1_first_dag.py
[2026-09-13T01:05:04.710+0000] {processor.py:799} INFO - Processing file /opt/airflow/dags/1_first_dag.py for tasks to queue
[2026-09-13T01:05:04.712+0000] {logging_mixin.py:149} INFO - [2026-09-13T01:05:04.712+0000] {dagbag.py:541} INFO - Filling up the DagBag from /opt/airflow/dags/1_first_dag.py
[2026-09-13T01:05:04.738+0000] {processor.py:809} INFO - DAG(s) dict_keys(['1-miprimerdag']) retrieved from /opt/airflow/dags/1_first_dag.py
[2026-09-13T01:05:04.805+0000] {logging_mixin.py:149} INFO - [2026-09-13T01:05:04.805+0000] {dag.py:2726} INFO - Sync 1 DAGs
[2026-09-13T01:05:04.876+0000] {logging_mixin.py:149} INFO - [2026-09-13T01:05:04.875+0000] {dag.py:3490} INFO - Setting next_dagrun for 1-miprimerdag to 2023-05-01T00:00:00+00:00, run_after=2023-05-01T00:00:00+00:00
[2026-09-13T01:05:04.941+0000] {processor.py:178} INFO - Processing /opt/airflow/dags/1_first_dag.py took 0.247 seconds
[2026-09-13T01:05:35.203+0000] {processor.py:156} INFO - Started process (PID=160599) to work on /opt/airflow/dags/1_first_dag.py
[2026-09-13T01:05:35.206+0000] {processor.py:799} INFO - Processing file /opt/airflow/dags/1_first_dag.py for tasks to queue
[2026-09-13T01:05:35.208+0000] {logging_mixin.py:149} INFO - [2026-09-13T01:05:35.208+0000] {dagbag.py:541} INFO - Filling up the DagBag from /opt/airflow/dags/1_first_dag.py
[2026-09-13T01:05:35.234+0000] {processor.py:809} INFO - DAG(s) dict_keys(['1-miprimerdag']) retrieved from /opt/airflow/dags/1_first_dag.py
[2026-09-13T01:05:35.316+0000] {logging_mixin.py:149} INFO - [2026-09-13T01:05:35.316+0000] {dag.py:2726} INFO - Sync 1 DAGs
[2026-09-13T01:05:35.387+0000] {logging_mixin.py:149} INFO - [2026-09-13T01:05:35.386+0000] {dag.py:3490} INFO - Setting next_dagrun for 1-miprimerdag to 2023-05-01T00:00:00+00:00, run_after=2023-05-01T00:00:00+00:00
[2026-09-13T01:05:35.738+0000] {processor.py:178} INFO - Processing /opt/airflow/dags/1_first_dag.py took 0.546 seconds
[2026-09-13T01:06:06.167+0000] {processor.py:156} INFO - Started process (PID=160614) to work on /opt/airflow/dags/1_first_dag.py
[2026-09-13T01:06:06.171+0000] {processor.py:799} INFO - Processing file /opt/airflow/dags/1_first_dag.py for tasks to queue
[2026-09-13T01:06:06.173+0000] {logging_mixin.py:149} INFO - [2026-09-13T01:06:06.173+0000] {dagbag.py:541} INFO - Filling up the DagBag from /opt/airflow/dags/1_first_dag.py
[2026-09-13T01:06:06.203+0000] {processor.py:809} INFO - DAG(s) dict_keys(['1-miprimerdag']) retrieved from /opt/airflow/dags/1_first_dag.py
[2026-09-13T01:06:06.289+0000] {logging_mixin.py:149} INFO - [2026-09-13T01:06:06.289+0000] {dag.py:2726} INFO - Sync 1 DAGs
[2026-09-13T01:06:06.637+0000] {logging_mixin.py:149} INFO - [2026-09-13T01:06:06.635+0000] {dag.py:3490} INFO - Setting next_dagrun for 1-miprimerdag to 2023-05-01T00:00:00+00:00, run_after=2023-05-01T00:00:00+00:00
[2026-09-13T01:06:06.701+0000] {processor.py:178} INFO - Processing /opt/airflow/dags/1_first_dag.py took 0.546 seconds
[2026-09-13T01:06:36.937+0000] {processor.py:156} INFO - Started process (PID=160627) to work on /opt/airflow/dags/1_first_dag.py
[2026-09-13T01:06:36.941+0000] {processor.py:799} INFO - Processing file /opt/airflow/dags/1_first_dag.py for tasks to queue
[2026-09-13T01:06:36.943+0000] {logging_mixin.py:149} INFO - [2026-09-13T01:06:36.943+0000] {dagbag.py:541} INFO - Filling up the DagBag from /opt/airflow/dags/1_first_dag.py
[2026-09-13T01:06:36.974+0000] {processor.py:809} INFO - DAG(s) dict_keys(['1-miprimerdag']) retrieved from /opt/airflow/dags/1_first_dag.py
[2026-09-13T01:06:37.058+0000] {logging_mixin.py:149} INFO - [2026-09-13T01:06:37.057+0000] {dag.py:2726} INFO - Sync 1 DAGs
[2026-09-13T01:06:37.119+0000] {logging_mixin.py:149} INFO - [2026-09-13T01:06:37.119+0000] {dag.py:3490} INFO - Setting next_dagrun for 1-miprimerdag to 2023-05-01T00:00:00+00:00, run_after=2023-05-01T00:00:00+00:00
[2026-09-13T01:06:37.174+0000] {processor.py:178} INFO - Processing /opt/airflow/dags/1_first_dag.py took 0.253 seconds
[2026-09-13T01:07:07.485+0000] {processor.py:156} INFO - Started process (PID=160640) to work on /opt/airflow/dags/1_first_dag.py
[2026-09-13T01:07:07.491+0000] {processor.py:799} INFO - Processing file /opt/airflow/dags/1_first_dag.py for tasks to queue
[2026-09-13T01:07:07.492+0000] {logging_mixin.py:149} INFO - [2026-09-13T01:07:07.492+0000] {dagbag.py:541} INFO - Filling up the DagBag from /opt/airflow/dags/1_first_dag.py
[2026-09-13T01:07:07.519+0000] {processor.py:809} INFO - DAG(s) dict_keys(['1-miprimerdag']) retrieved from /opt/airflow/dags/1_first_dag.py
[2026-09-13T01:07:07.623+0000] {logging_mixin.py:149} INFO - [2026-09-13T01:07:07.622+0000] {dag.py:2726} INFO - Sync 1 DAGs
[2026-09-13T01:07:07.699+0000] {logging_mixin.py:149} INFO - [2026-09-13T01:07:07.698+0000] {dag.py:3490} INFO - Setting next_dagrun for 1-miprimerdag to 2023-05-01T00:00:00+00:00, run_after=2023-05-01T00:00:00+00:00
[2026-09-13T01:07:07.757+0000] {processor.py:178} INFO - Processing /opt/airflow/dags/1_first_dag.py took 0.285 seconds
[2026-09-13T01:07:37.868+0000] {processor.py:156} INFO - Started process (PID=160653) to work on /opt/airflow/dags/1_first_dag.py
[2026-09-13T01:07:37.871+0000] {processor.py:799} INFO - Processing file /opt/airflow/dags/1_first_dag.py for tasks to queue
[2026-09-13T01:07:37.873+0000] {logging_mixin.py:149} INFO - [2026-09-13T01:07:37.873+0000] {dagbag.py:541} INFO - Filling up the DagBag from /opt/airflow/dags/1_first_dag.py
[2026-09-13T01:07:37.900+0000] {processor.py:809} INFO - DAG(s) dict_keys(['1-miprimerdag']) retrieved from /opt/airflow/dags/1_first_dag.py
[2026-09-13T01:07:37.982+0000] {logging_mixin.py:149} INFO - [2026-09-13T01:07:37.982+0000] {dag.py:2726} INFO - Sync 1 DAGs
[2026-09-13T01:07:38.045+0000] {logging_mixin.py:149} INFO - [2026-09-13T01:07:38.044+0000] {dag.py:3490} INFO - Setting next_dagrun for 1-miprimerdag to 2023-05-01T00:00:00+00:00, run_after=2023-05-01T00:00:00+00:00
[2026-09-13T01:07:38.088+0000] {processor.py:178} INFO - Processing /opt/airflow/dags/1_first_dag.py took 0.232 seconds
[2026-09-13T01:08:08.274+0000] {processor.py:156} INFO - Started process (PID=160667) to work on /opt/airflow/dags/1_first_dag.py
[2026-09-13T01:08:08.278+0000] {processor.py:799} INFO - Processing file /opt/airflow/dags/1_first_dag.py for tasks to queue
[2026-09-13T01:08:08.280+0000] {logging_mixin.py:149} INFO - [2026-09-13T01:08:08.280+0000] {dagbag.py:541} INFO - Filling up the DagBag from /opt/airflow/dags/1_first_dag.py
[2026-09-13T01:08:08.307+0000] {processor.py:809} INFO - DAG(s) dict_keys(['1-miprimerdag']) retrieved from /opt/airflow/dags/1_first_dag.py
[2026-09-13T01:08:08.396+0000] {logging_mixin.py:149} INFO - [2026-09-13T01:08:08.395+0000] {dag.py:2726} INFO - Sync 1 DAGs
[2026-09-13T01:08:08.455+0000] {logging_mixin.py:149} INFO - [2026-09-13T01:08:08.455+0000] {dag.py:3490} INFO - Setting next_dagrun for 1-miprimerdag to 2023-05-01T00:00:00+00:00, run_after=2023-05-01T00:00:00+00:00
[2026-09-13T01:08:08.705+0000] {processor.py:178} INFO - Processing /opt/airflow/dags/1_first_dag.py took 0.442 seconds
[2026-09-13T01:08:38.904+0000] {processor.py:156} INFO - Started process (PID=160681) to work on /opt/airflow/dags/1_first_dag.py
[2026-09-13T01:08:38.910+0000] {processor.py:799} INFO - Processing file /opt/airflow/dags/1_first_dag.py for tasks to queue
[2026-09-13T01:08:38.911+0000] {logging_mixin.py:149} INFO - [2026-09-13T01:08:38.911+0000] {dagbag.py:541} INFO - Filling up the DagBag from /opt/airflow/dags/1_first_dag.py
[2026-09-13T01:08:38.934+0000] {processor.py:809} INFO - DAG(s) dict_keys(['1-miprimerdag']) retrieved from /opt/airflow/dags/1_first_dag.py
[2026-09-13T01:08:39.021+0000] {logging_mixin.py:149} INFO - [2026-09-13T01:08:39.020+0000] {dag.py:2726} INFO - Sync 1 DAGs
[2026-09-13T01:08:39.349+0000] {logging_mixin.py:149} INFO - [2026-09-13T01:08:39.348+0000] {dag.py:3490} INFO - Setting next_dagrun for 1-miprimerdag to 2023-05-01T00:00:00+00:00, run_after=2023-05-01T00:00:00+00:00
[2026-09-13T01:08:39.410+0000] {processor.py:178} INFO - Processing /opt/airflow/dags/1_first_dag.py took 0.519 seconds
[2026-09-13T01:09:09.832+0000] {processor.py:156} INFO - Started process (PID=160695) to work on /opt/airflow/dags/1_first_dag.py
[2026-09-13T01:09:09.835+0000] {processor.py:799} INFO - Processing file /opt/airflow/dags/1_first_dag.py for tasks to queue
[2026-09-13T01:09:09.837+0000] {logging_mixin.py:149} INFO - [2026-09-13T01:09:09.837+0000] {dagbag.py:541} INFO - Filling up the DagBag from /opt/airflow/dags/1_first_dag.py
[2026-09-13T01:09:09.859+0000] {processor.py:809} INFO - DAG(s) dict_keys(['1-miprimerdag']) retrieved from /opt/airflow/dags/1_first_dag.py
[2026-09-13T01:09:09.950+0000] {logging_mixin.py:149} INFO - [2026-09-13T01:09:09.950+0000] {dag.py:2726} INFO - Sync 1 DAGs
[2026-09-13T01:09:10.256+0000] {logging_mixin.py:149} INFO - [2026-09-13T01:09:10.255+0000] {dag.py:3490} INFO - Setting next_dagrun for 1-miprimerdag to 2023-05-01T00:00:00+00:00, run_after=2023-05-01T00:00:00+00:00
[2026-09-13T01:09:10.296+0000] {processor.py:178} INFO - Processing /opt/airflow/dags/1_first_dag.py took 0.478 seconds
[2026-09-13T01:09:40.967+0000] {processor.py:156} INFO - Started process (PID=160709) to work on /opt/airflow/dags/1_first_dag.py
[2026-09-13T01:09:40.971+0000] {processor.py:799} INFO - Processing file /opt/airflow/dags/1_first_dag.py for tasks to queue
[2026-09-13T01:09:40.973+0000] {logging_mixin.py:149} INFO - [2026-09-13T01:09:40.973+0000] {dagbag.py:541} INFO - Filling up the DagBag from /opt/airflow/dags/1_first_dag.py
[2026-09-13T01:09:40.998+0000] {processor.py:809} INFO - DAG(s) dict_keys(['1-miprimerdag']) retrieved from /opt/airflow/dags/1_first_dag.py
[2026-09-13T01:09:41.091+0000] {logging_mixin.py:149} INFO - [2026-09-13T01:09:41.090+0000] {dag.py:2726} INFO - Sync 1 DAGs
[2026-09-13T01:09:41.160+0000] {logging_mixin.py:149} INFO - [2026-09-13T01:09:41.159+0000] {dag.py:3490} INFO - Setting next_dagrun for 1-miprimerdag to 2023-05-01T00:00:00+00:00, run_after=2023-05-01T00:00:00+00:00
[2026-09-13T01:09:41.225+0000] {processor.py:178} INFO - Processing /opt/airflow/dags/1_first_dag.py took 0.268 seconds
[2026-09-13T01:10:11.400+0000] {processor.py:156} INFO - Started process (PID=160722) to work on /opt/airflow/dags/1_first_dag.py
[2026-09-13T01:10:11.404+0000] {processor.py:799} INFO - Processing file /opt/airflow/dags/1_first_dag.py for tasks to queue
[2026-09-13T01:10:11.406+0000] {logging_mixin.py:149} INFO - [2026-09-13T01:10:11.406+0000] {dagbag.py:541} INFO - Filling up the DagBag from /opt/airflow/dags/1_first_dag.py
[2026-09-13T01:10:11.432+0000] {processor.py:809} INFO - DAG(s) dict_keys(['1-miprimerdag']) retrieved from /opt/airflow/dags/1_first_dag.py
[2026-09-13T01:10:11.518+0000] {logging_mixin.py:149} INFO - [2026-09-13T01:10:11.518+0000] {dag.py:2726} INFO - Sync 1 DAGs
[2026-09-13T01:10:11.581+0000] {logging_mixin.py:149} INFO - [2026-09-13T01:10:11.580+0000] {dag.py:3490} INFO - Setting next_dagrun for 1-miprimerdag to 2023-05-01T00:00:00+00:00, run_after=2023-05-01T00:00:00+00:00
[2026-09-13T01:10:11.636+0000] {processor.py:178} INFO - Processing /opt/airflow/dags/1_first_dag.py took 0.250 seconds
[2026-09-13T01:10:41.884+0000] {processor.py:156} INFO - Started process (PID=160737) to work on /opt/airflow/dags/1_first_dag.py
[2026-09-13T01:10:41.889+0000] {processor.py:799} INFO - Processing file /opt/airflow/dags/1_first_dag.py for tasks to queue
[2026-09-13T01:10:41.890+0000] {logging_mixin.py:149} INFO - [2026-09-13T01:10:41.890+0000] {dagbag.py:541} INFO - Filling up the DagBag from /opt/airflow/dags/1_first_dag.py
[2026-09-13T01:10:41.914+0000] {processor.py:809} INFO - DAG(s) dict_keys(['1-miprimerdag']) retrieved from /opt/airflow/dags/1_first_dag.py
[2026-09-13T01:10:42.005+0000] {logging_mixin.py:149} INFO - [2026-09-13T01:10:42.005+0000] {dag.py:2726} INFO - Sync 1 DAGs
[2026-09-13T01:10:42.075+0000] {logging_mixin.py:149} INFO - [2026-09-13T01:10:42.074+0000] {dag.py:3490} INFO - Setting next_dagrun for 1-miprimerdag to 2023-05-01T00:00:00+00:00, run_after=2023-05-01T00:00:00+00:00
[2026-09-13T01:10:42.146+0000] {processor.py:178} INFO - Processing /opt/airflow/dags/1_first_dag.py took 0.272 seconds
[2026-09-13T01:11:12.544+0000] {processor.py:156} INFO - Started process (PID=160750) to work on /opt/airflow/dags/1_first_dag.py
[2026-09-13T01:11:12.549+0000] {processor.py:799} INFO - Processing file /opt/airflow/dags/1_first_dag.py for tasks to queue
[2026-09-13T01:11:12.553+0000] {logging_mixin.py:149} INFO - [2026-09-13T01:11:12.552+0000] {dagbag.py:541} INFO - Filling up the DagBag from /opt/airflow/dags/1_first_dag.py
[2026-09-13T01:11:12.584+0000] {processor.py:809} INFO - DAG(s) dict_keys(['1-miprimerdag']) retrieved from /opt/airflow/dags/1_first_dag.py
[2026-09-13T01:11:12.668+0000] {logging_mixin.py:149} INFO - [2026-09-13T01:11:12.667+0000] {dag.py:2726} INFO - Sync 1 DAGs
[2026-09-13T01:11:12.736+0000] {logging_mixin.py:149} INFO - [2026-09-13T01:11:12.735+0000] {dag.py:3490} INFO - Setting next_dagrun for 1-miprimerdag to 2023-05-01T00:00:00+00:00, run_after=2023-05-01T00:00:00+00:00
[2026-09-13T01:11:13.060+0000] {processor.py:178} INFO - Processing /opt/airflow/dags/1_first_dag.py took 0.530 seconds
[2026-09-13T01:11:43.290+0000] {processor.py:156} INFO - Started process (PID=160764) to work on /opt/airflow/dags/1_first_dag.py
[2026-09-13T01:11:43.293+0000] {processor.py:799} INFO - Processing file /opt/airflow/dags/1_first_dag.py for tasks to queue
[2026-09-13T01:11:43.295+0000] {logging_mixin.py:149} INFO - [2026-09-13T01:11:43.295+0000] {dagbag.py:541} INFO - Filling up the DagBag from /opt/airflow/dags/1_first_dag.py
[2026-09-13T01:11:43.320+0000] {processor.py:809} INFO - DAG(s) dict_keys(['1-miprimerdag']) retrieved from /opt/airflow/dags/1_first_dag.py
[2026-09-13T01:11:43.409+0000] {logging_mixin.py:149} INFO - [2026-09-13T01:11:43.409+0000] {dag.py:2726} INFO - Sync 1 DAGs
[2026-09-13T01:11:43.682+0000] {logging_mixin.py:149} INFO - [2026-09-13T01:11:43.682+0000] {dag.py:3490} INFO - Setting next_dagrun for 1-miprimerdag to 2023-05-01T00:00:00+00:00, run_after=2023-05-01T00:00:00+00:00
[2026-09-13T01:11:43.726+0000] {processor.py:178} INFO - Processing /opt/airflow/dags/1_first_dag.py took 0.446 seconds
[2026-09-13T01:12:14.136+0000] {processor.py:156} INFO - Started process (PID=160778) to work on /opt/airflow/dags/1_first_dag.py
[2026-09-13T01:12:14.140+0000] {processor.py:799} INFO - Processing file /opt/airflow/dags/1_first_dag.py for tasks to queue
[2026-09-13T01:12:14.143+0000] {logging_mixin.py:149} INFO - [2026-09-13T01:12:14.142+0000] {dagbag.py:541} INFO - Filling up the DagBag from /opt/airflow/dags/1_first_dag.py
[2026-09-13T01:12:14.172+0000] {processor.py:809} INFO - DAG(s) dict_keys(['1-miprimerdag']) retrieved from /opt/airflow/dags/1_first_dag.py
[2026-09-13T01:12:14.261+0000] {logging_mixin.py:149} INFO - [2026-09-13T01:12:14.261+0000] {dag.py:2726} INFO - Sync 1 DAGs
[2026-09-13T01:12:14.342+0000] {logging_mixin.py:149} INFO - [2026-09-13T01:12:14.341+0000] {dag.py:3490} INFO - Setting next_dagrun for 1-miprimerdag to 2023-05-01T00:00:00+00:00, run_after=2023-05-01T00:00:00+00:00
[2026-09-13T01:12:14.410+0000] {processor.py:178} INFO - Processing /opt/airflow/dags/1_first_dag.py took 0.285 seconds
[2026-09-13T01:12:44.531+0000] {processor.py:156} INFO - Started process (PID=160791) to work on /opt/airflow/dags/1_first_dag.py
[2026-09-13T01:12:44.536+0000] {processor.py:799} INFO - Processing file /opt/airflow/dags/1_first_dag.py for tasks to queue
[2026-09-13T01:12:44.537+0000] {logging_mixin.py:149} INFO - [2026-09-13T01:12:44.537+0000] {dagbag.py:541} INFO - Filling up the DagBag from /opt/airflow/dags/1_first_dag.py
[2026-09-13T01:12:44.562+0000] {processor.py:809} INFO - DAG(s) dict_keys(['1-miprimerdag']) retrieved from /opt/airflow/dags/1_first_dag.py
[2026-09-13T01:12:44.641+0000] {logging_mixin.py:149} INFO - [2026-09-13T01:12:44.641+0000] {dag.py:2726} INFO - Sync 1 DAGs
[2026-09-13T01:12:44.700+0000] {logging_mixin.py:149} INFO - [2026-09-13T01:12:44.700+0000] {dag.py:3490} INFO - Setting next_dagrun for 1-miprimerdag to 2023-05-01T00:00:00+00:00, run_after=2023-05-01T00:00:00+00:00
[2026-09-13T01:12:44.746+0000] {processor.py:178} INFO - Processing /opt/airflow/dags/1_first_dag.py took 0.226 seconds
[2026-09-13T01:13:14.987+0000] {processor.py:156} INFO - Started process (PID=160805) to work on /opt/airflow/dags/1_first_dag.py
[2026-09-13T01:13:14.989+0000] {processor.py:799} INFO - Processing file /opt/airflow/dags/1_first_dag.py for tasks to queue
[2026-09-13T01:13:14.991+0000] {logging_mixin.py:149} INFO - [2026-09-13T01:13:14.990+0000] {dagbag.py:541} INFO - Filling up the DagBag from /opt/airflow/dags/1_first_dag.py
[2026-09-13T01:13:15.008+0000] {processor.py:809} INFO - DAG(s) dict_keys(['1-miprimerdag']) retrieved from /opt/airflow/dags/1_first_dag.py
[2026-09-13T01:13:15.071+0000] {logging_mixin.py:149} INFO - [2026-09-13T01:13:15.070+0000] {dag.py:2726} INFO - Sync 1 DAGs
[2026-09-13T01:13:15.122+0000] {logging_mixin.py:149} INFO - [2026-09-13T01:13:15.122+0000] {dag.py:3490} INFO - Setting next_dagrun for 1-miprimerdag to 2023-05-01T00:00:00+00:00, run_after=2023-05-01T00:00:00+00:00
[2026-09-13T01:13:15.173+0000] {processor.py:178} INFO - Processing /opt/airflow/dags/1_first_dag.py took 0.195 seconds
[2026-09-13T01:13:45.365+0000] {processor.py:156} INFO - Started process (PID=160819) to work on /opt/airflow/dags/1_first_dag.py
[2026-09-13T01:13:45.369+0000] {processor.py:799} INFO - Processing file /opt/airflow/dags/1_first_dag.py for tasks to queue
[2026-09-13T01:13:45.371+0000] {logging_mixin.py:149} INFO - [2026-09-13T01:13:45.370+0000] {dagbag.py:541} INFO - Filling up the DagBag from /opt/airflow/dags/1_first_dag.py
[2026-09-13T01:13:45.396+0000] {processor.py:809} INFO - DAG(s) dict_keys(['1-miprimerdag']) retrieved from /opt/airflow/dags/1_first_dag.py
[2026-09-13T01:13:45.488+0000] {logging_mixin.py:149} INFO - [2026-09-13T01:13:45.487+0000] {dag.py:2726} INFO - Sync 1 DAGs
[2026-09-13T01:13:45.562+0000] {logging_mixin.py:149} INFO - [2026-09-13T01:13:45.562+0000] {dag.py:3490} INFO - Setting next_dagrun for 1-miprimerdag to 2023-05-01T00:00:00+00:00, run_after=2023-05-01T00:00:00+00:00
[2026-09-13T01:13:45.881+0000] {processor.py:178} INFO - Processing /opt/airflow/dags/1_first_dag.py took 0.527 seconds
[2026-09-13T01:14:16.063+0000] {processor.py:156} INFO - Started process (PID=160834) to work on /opt/airflow/dags/1_first_dag.py
[2026-09-13T01:14:16.067+0000] {processor.py:799} INFO - Processing file /opt/airflow/dags/1_first_dag.py for tasks to queue
[2026-09-13T01:14:16.069+0000] {logging_mixin.py:149} INFO - [2026-09-13T01:14:16.068+0000] {dagbag.py:541} INFO - Filling up the DagBag from /opt/airflow/dags/1_first_dag.py
[2026-09-13T01:14:16.094+0000] {processor.py:809} INFO - DAG(s) dict_keys(['1-miprimerdag']) retrieved from /opt/airflow/dags/1_first_dag.py
[2026-09-13T01:14:16.230+0000] {logging_mixin.py:149} INFO - [2026-09-13T01:14:16.228+0000] {dag.py:2726} INFO - Sync 1 DAGs
[2026-09-13T01:14:16.583+0000] {logging_mixin.py:149} INFO - [2026-09-13T01:14:16.582+0000] {dag.py:3490} INFO - Setting next_dagrun for 1-miprimerdag to 2023-05-01T00:00:00+00:00, run_after=2023-05-01T00:00:00+00:00
[2026-09-13T01:14:16.638+0000] {processor.py:178} INFO - Processing /opt/airflow/dags/1_first_dag.py took 0.586 seconds
[2026-09-13T01:14:46.905+0000] {processor.py:156} INFO - Started process (PID=160856) to work on /opt/airflow/dags/1_first_dag.py
[2026-09-13T01:14:46.909+0000] {processor.py:799} INFO - Processing file /opt/airflow/dags/1_first_dag.py for tasks to queue
[2026-09-13T01:14:46.911+0000] {logging_mixin.py:149} INFO - [2026-09-13T01:14:46.910+0000] {dagbag.py:541} INFO - Filling up the DagBag from /opt/airflow/dags/1_first_dag.py
[2026-09-13T01:14:46.935+0000] {processor.py:809} INFO - DAG(s) dict_keys(['1-miprimerdag']) retrieved from /opt/airflow/dags/1_first_dag.py
[2026-09-13T01:14:47.026+0000] {logging_mixin.py:149} INFO - [2026-09-13T01:14:47.025+0000] {dag.py:2726} INFO - Sync 1 DAGs
[2026-09-13T01:14:47.365+0000] {logging_mixin.py:149} INFO - [2026-09-13T01:14:47.365+0000] {dag.py:3490} INFO - Setting next_dagrun for 1-miprimerdag to 2023-05-01T00:00:00+00:00, run_after=2023-05-01T00:00:00+00:00
[2026-09-13T01:14:47.419+0000] {processor.py:178} INFO - Processing /opt/airflow/dags/1_first_dag.py took 0.525 seconds
[2026-09-13T01:15:17.674+0000] {processor.py:156} INFO - Started process (PID=160870) to work on /opt/airflow/dags/1_first_dag.py
[2026-09-13T01:15:17.681+0000] {processor.py:799} INFO - Processing file /opt/airflow/dags/1_first_dag.py for tasks to queue
[2026-09-13T01:15:17.683+0000] {logging_mixin.py:149} INFO - [2026-09-13T01:15:17.683+0000] {dagbag.py:541} INFO - Filling up the DagBag from /opt/airflow/dags/1_first_dag.py
[2026-09-13T01:15:17.710+0000] {processor.py:809} INFO - DAG(s) dict_keys(['1-miprimerdag']) retrieved from /opt/airflow/dags/1_first_dag.py
[2026-09-13T01:15:17.788+0000] {logging_mixin.py:149} INFO - [2026-09-13T01:15:17.787+0000] {dag.py:2726} INFO - Sync 1 DAGs
[2026-09-13T01:15:17.849+0000] {logging_mixin.py:149} INFO - [2026-09-13T01:15:17.848+0000] {dag.py:3490} INFO - Setting next_dagrun for 1-miprimerdag to 2023-05-01T00:00:00+00:00, run_after=2023-05-01T00:00:00+00:00
[2026-09-13T01:15:17.916+0000] {processor.py:178} INFO - Processing /opt/airflow/dags/1_first_dag.py took 0.254 seconds
[2026-09-13T01:15:48.119+0000] {processor.py:156} INFO - Started process (PID=160885) to work on /opt/airflow/dags/1_first_dag.py
[2026-09-13T01:15:48.122+0000] {processor.py:799} INFO - Processing file /opt/airflow/dags/1_first_dag.py for tasks to queue
[2026-09-13T01:15:48.124+0000] {logging_mixin.py:149} INFO - [2026-09-13T01:15:48.124+0000] {dagbag.py:541} INFO - Filling up the DagBag from /opt/airflow/dags/1_first_dag.py
[2026-09-13T01:15:48.149+0000] {processor.py:809} INFO - DAG(s) dict_keys(['1-miprimerdag']) retrieved from /opt/airflow/dags/1_first_dag.py
[2026-09-13T01:15:48.237+0000] {logging_mixin.py:149} INFO - [2026-09-13T01:15:48.237+0000] {dag.py:2726} INFO - Sync 1 DAGs
[2026-09-13T01:15:48.310+0000] {logging_mixin.py:149} INFO - [2026-09-13T01:15:48.310+0000] {dag.py:3490} INFO - Setting next_dagrun for 1-miprimerdag to 2023-05-01T00:00:00+00:00, run_after=2023-05-01T00:00:00+00:00
[2026-09-13T01:15:48.375+0000] {processor.py:178} INFO - Processing /opt/airflow/dags/1_first_dag.py took 0.272 seconds
[2026-09-13T01:16:18.584+0000] {processor.py:156} INFO - Started process (PID=160899) to work on /opt/airflow/dags/1_first_dag.py
[2026-09-13T01:16:18.588+0000] {processor.py:799} INFO - Processing file /opt/airflow/dags/1_first_dag.py for tasks to queue
[2026-09-13T01:16:18.590+0000] {logging_mixin.py:149} INFO - [2026-09-13T01:16:18.590+0000] {dagbag.py:541} INFO - Filling up the DagBag from /opt/airflow/dags/1_first_dag.py
[2026-09-13T01:16:18.615+0000] {processor.py:809} INFO - DAG(s) dict_keys(['1-miprimerdag']) retrieved from /opt/airflow/dags/1_first_dag.py
[2026-09-13T01:16:18.706+0000] {logging_mixin.py:149} INFO - [2026-09-13T01:16:18.706+0000] {dag.py:2726} INFO - Sync 1 DAGs
[2026-09-13T01:16:18.782+0000] {logging_mixin.py:149} INFO - [2026-09-13T01:16:18.782+0000] {dag.py:3490} INFO - Setting next_dagrun for 1-miprimerdag to 2023-05-01T00:00:00+00:00, run_after=2023-05-01T00:00:00+00:00
[2026-09-13T01:16:18.847+0000] {processor.py:178} INFO - Processing /opt/airflow/dags/1_first_dag.py took 0.274 seconds
[2026-09-13T01:16:49.208+0000] {processor.py:156} INFO - Started process (PID=160913) to work on /opt/airflow/dags/1_first_dag.py
[2026-09-13T01:16:49.212+0000] {processor.py:799} INFO - Processing file /opt/airflow/dags/1_first_dag.py for tasks to queue
[2026-09-13T01:16:49.214+0000] {logging_mixin.py:149} INFO - [2026-09-13T01:16:49.213+0000] {dagbag.py:541} INFO - Filling up the DagBag from /opt/airflow/dags/1_first_dag.py
[2026-09-13T01:16:49.240+0000] {processor.py:809} INFO - DAG(s) dict_keys(['1-miprimerdag']) retrieved from /opt/airflow/dags/1_first_dag.py
[2026-09-13T01:16:49.329+0000] {logging_mixin.py:149} INFO - [2026-09-13T01:16:49.328+0000] {dag.py:2726} INFO - Sync 1 DAGs
[2026-09-13T01:16:49.653+0000] {logging_mixin.py:149} INFO - [2026-09-13T01:16:49.653+0000] {dag.py:3490} INFO - Setting next_dagrun for 1-miprimerdag to 2023-05-01T00:00:00+00:00, run_after=2023-05-01T00:00:00+00:00
[2026-09-13T01:16:49.704+0000] {processor.py:178} INFO - Processing /opt/airflow/dags/1_first_dag.py took 0.507 seconds
[2026-09-13T01:17:20.067+0000] {processor.py:156} INFO - Started process (PID=160927) to work on /opt/airflow/dags/1_first_dag.py
[2026-09-13T01:17:20.072+0000] {processor.py:799} INFO - Processing file /opt/airflow/dags/1_first_dag.py for tasks to queue
[2026-09-13T01:17:20.074+0000] {logging_mixin.py:149} INFO - [2026-09-13T01:17:20.074+0000] {dagbag.py:541} INFO - Filling up the DagBag from /opt/airflow/dags/1_first_dag.py
[2026-09-13T01:17:20.108+0000] {processor.py:809} INFO - DAG(s) dict_keys(['1-miprimerdag']) retrieved from /opt/airflow/dags/1_first_dag.py
[2026-09-13T01:17:20.214+0000] {logging_mixin.py:149} INFO - [2026-09-13T01:17:20.213+0000] {dag.py:2726} INFO - Sync 1 DAGs
[2026-09-13T01:17:20.531+0000] {logging_mixin.py:149} INFO - [2026-09-13T01:17:20.530+0000] {dag.py:3490} INFO - Setting next_dagrun for 1-miprimerdag to 2023-05-01T00:00:00+00:00, run_after=2023-05-01T00:00:00+00:00
[2026-09-13T01:17:20.599+0000] {processor.py:178} INFO - Processing /opt/airflow/dags/1_first_dag.py took 0.547 seconds
[2026-09-13T01:17:50.846+0000] {processor.py:156} INFO - Started process (PID=160941) to work on /opt/airflow/dags/1_first_dag.py
[2026-09-13T01:17:50.849+0000] {processor.py:799} INFO - Processing file /opt/airflow/dags/1_first_dag.py for tasks to queue
[2026-09-13T01:17:50.851+0000] {logging_mixin.py:149} INFO - [2026-09-13T01:17:50.851+0000] {dagbag.py:541} INFO - Filling up the DagBag from /opt/airflow/dags/1_first_dag.py
[2026-09-13T01:17:50.880+0000] {processor.py:809} INFO - DAG(s) dict_keys(['1-miprimerdag']) retrieved from /opt/airflow/dags/1_first_dag.py
[2026-09-13T01:17:50.968+0000] {logging_mixin.py:149} INFO - [2026-09-13T01:17:50.967+0000] {dag.py:2726} INFO - Sync 1 DAGs
[2026-09-13T01:17:51.217+0000] {logging_mixin.py:149} INFO - [2026-09-13T01:17:51.217+0000] {dag.py:3490} INFO - Setting next_dagrun for 1-miprimerdag to 2023-05-01T00:00:00+00:00, run_after=2023-05-01T00:00:00+00:00
[2026-09-13T01:17:51.247+0000] {processor.py:178} INFO - Processing /opt/airflow/dags/1_first_dag.py took 0.413 seconds
[2026-09-13T01:18:21.432+0000] {processor.py:156} INFO - Started process (PID=160955) to work on /opt/airflow/dags/1_first_dag.py
[2026-09-13T01:18:21.436+0000] {processor.py:799} INFO - Processing file /opt/airflow/dags/1_first_dag.py for tasks to queue
[2026-09-13T01:18:21.438+0000] {logging_mixin.py:149} INFO - [2026-09-13T01:18:21.437+0000] {dagbag.py:541} INFO - Filling up the DagBag from /opt/airflow/dags/1_first_dag.py
[2026-09-13T01:18:21.466+0000] {processor.py:809} INFO - DAG(s) dict_keys(['1-miprimerdag']) retrieved from /opt/airflow/dags/1_first_dag.py
[2026-09-13T01:18:21.558+0000] {logging_mixin.py:149} INFO - [2026-09-13T01:18:21.558+0000] {dag.py:2726} INFO - Sync 1 DAGs
[2026-09-13T01:18:21.626+0000] {logging_mixin.py:149} INFO - [2026-09-13T01:18:21.625+0000] {dag.py:3490} INFO - Setting next_dagrun for 1-miprimerdag to 2023-05-01T00:00:00+00:00, run_after=2023-05-01T00:00:00+00:00
[2026-09-13T01:18:21.701+0000] {processor.py:178} INFO - Processing /opt/airflow/dags/1_first_dag.py took 0.281 seconds
[2026-09-13T01:18:51.828+0000] {processor.py:156} INFO - Started process (PID=160969) to work on /opt/airflow/dags/1_first_dag.py
[2026-09-13T01:18:51.832+0000] {processor.py:799} INFO - Processing file /opt/airflow/dags/1_first_dag.py for tasks to queue
[2026-09-13T01:18:51.834+0000] {logging_mixin.py:149} INFO - [2026-09-13T01:18:51.834+0000] {dagbag.py:541} INFO - Filling up the DagBag from /opt/airflow/dags/1_first_dag.py
[2026-09-13T01:18:51.863+0000] {processor.py:809} INFO - DAG(s) dict_keys(['1-miprimerdag']) retrieved from /opt/airflow/dags/1_first_dag.py
[2026-09-13T01:18:51.941+0000] {logging_mixin.py:149} INFO - [2026-09-13T01:18:51.941+0000] {dag.py:2726} INFO - Sync 1 DAGs
[2026-09-13T01:18:51.990+0000] {logging_mixin.py:149} INFO - [2026-09-13T01:18:51.989+0000] {dag.py:3490} INFO - Setting next_dagrun for 1-miprimerdag to 2023-05-01T00:00:00+00:00, run_after=2023-05-01T00:00:00+00:00
[2026-09-13T01:18:52.029+0000] {processor.py:178} INFO - Processing /opt/airflow/dags/1_first_dag.py took 0.212 seconds
[2026-09-13T01:19:22.208+0000] {processor.py:156} INFO - Started process (PID=160983) to work on /opt/airflow/dags/1_first_dag.py
[2026-09-13T01:19:22.211+0000] {processor.py:799} INFO - Processing file /opt/airflow/dags/1_first_dag.py for tasks to queue
[2026-09-13T01:19:22.213+0000] {logging_mixin.py:149} INFO - [2026-09-13T01:19:22.213+0000] {dagbag.py:541} INFO - Filling up the DagBag from /opt/airflow/dags/1_first_dag.py
[2026-09-13T01:19:22.238+0000] {processor.py:809} INFO - DAG(s) dict_keys(['1-miprimerdag']) retrieved from /opt/airflow/dags/1_first_dag.py
[2026-09-13T01:19:22.318+0000] {logging_mixin.py:149} INFO - [2026-09-13T01:19:22.318+0000] {dag.py:2726} INFO - Sync 1 DAGs
[2026-09-13T01:19:22.397+0000] {logging_mixin.py:149} INFO - [2026-09-13T01:19:22.397+0000] {dag.py:3490} INFO - Setting next_dagrun for 1-miprimerdag to 2023-05-01T00:00:00+00:00, run_after=2023-05-01T00:00:00+00:00
[2026-09-13T01:19:22.718+0000] {processor.py:178} INFO - Processing /opt/airflow/dags/1_first_dag.py took 0.521 seconds
[2026-09-13T01:19:53.025+0000] {processor.py:156} INFO - Started process (PID=160997) to work on /opt/airflow/dags/1_first_dag.py
[2026-09-13T01:19:53.029+0000] {processor.py:799} INFO - Processing file /opt/airflow/dags/1_first_dag.py for tasks to queue
[2026-09-13T01:19:53.032+0000] {logging_mixin.py:149} INFO - [2026-09-13T01:19:53.031+0000] {dagbag.py:541} INFO - Filling up the DagBag from /opt/airflow/dags/1_first_dag.py
[2026-09-13T01:19:53.061+0000] {processor.py:809} INFO - DAG(s) dict_keys(['1-miprimerdag']) retrieved from /opt/airflow/dags/1_first_dag.py
[2026-09-13T01:19:53.149+0000] {logging_mixin.py:149} INFO - [2026-09-13T01:19:53.149+0000] {dag.py:2726} INFO - Sync 1 DAGs
[2026-09-13T01:19:53.468+0000] {logging_mixin.py:149} INFO - [2026-09-13T01:19:53.468+0000] {dag.py:3490} INFO - Setting next_dagrun for 1-miprimerdag to 2023-05-01T00:00:00+00:00, run_after=2023-05-01T00:00:00+00:00
[2026-09-13T01:19:53.525+0000] {processor.py:178} INFO - Processing /opt/airflow/dags/1_first_dag.py took 0.512 seconds
[2026-09-13T01:20:23.630+0000] {processor.py:156} INFO - Started process (PID=161011) to work on /opt/airflow/dags/1_first_dag.py
[2026-09-13T01:20:23.635+0000] {processor.py:799} INFO - Processing file /opt/airflow/dags/1_first_dag.py for tasks to queue
[2026-09-13T01:20:23.637+0000] {logging_mixin.py:149} INFO - [2026-09-13T01:20:23.636+0000] {dagbag.py:541} INFO - Filling up the DagBag from /opt/airflow/dags/1_first_dag.py
[2026-09-13T01:20:23.662+0000] {processor.py:809} INFO - DAG(s) dict_keys(['1-miprimerdag']) retrieved from /opt/airflow/dags/1_first_dag.py
[2026-09-13T01:20:23.770+0000] {logging_mixin.py:149} INFO - [2026-09-13T01:20:23.770+0000] {dag.py:2726} INFO - Sync 1 DAGs
[2026-09-13T01:20:24.051+0000] {logging_mixin.py:149} INFO - [2026-09-13T01:20:24.050+0000] {dag.py:3490} INFO - Setting next_dagrun for 1-miprimerdag to 2023-05-01T00:00:00+00:00, run_after=2023-05-01T00:00:00+00:00
[2026-09-13T01:20:24.096+0000] {processor.py:178} INFO - Processing /opt/airflow/dags/1_first_dag.py took 0.482 seconds
[2026-09-13T01:20:54.525+0000] {processor.py:156} INFO - Started process (PID=161024) to work on /opt/airflow/dags/1_first_dag.py
[2026-09-13T01:20:54.529+0000] {processor.py:799} INFO - Processing file /opt/airflow/dags/1_first_dag.py for tasks to queue
[2026-09-13T01:20:54.531+0000] {logging_mixin.py:149} INFO - [2026-09-13T01:20:54.531+0000] {dagbag.py:541} INFO - Filling up the DagBag from /opt/airflow/dags/1_first_dag.py
[2026-09-13T01:20:54.563+0000] {processor.py:809} INFO - DAG(s) dict_keys(['1-miprimerdag']) retrieved from /opt/airflow/dags/1_first_dag.py
[2026-09-13T01:20:54.642+0000] {logging_mixin.py:149} INFO - [2026-09-13T01:20:54.642+0000] {dag.py:2726} INFO - Sync 1 DAGs
[2026-09-13T01:20:54.709+0000] {logging_mixin.py:149} INFO - [2026-09-13T01:20:54.709+0000] {dag.py:3490} INFO - Setting next_dagrun for 1-miprimerdag to 2023-05-01T00:00:00+00:00, run_after=2023-05-01T00:00:00+00:00
[2026-09-13T01:20:54.776+0000] {processor.py:178} INFO - Processing /opt/airflow/dags/1_first_dag.py took 0.261 seconds
[2026-09-13T01:21:25.013+0000] {processor.py:156} INFO - Started process (PID=161038) to work on /opt/airflow/dags/1_first_dag.py
[2026-09-13T01:21:25.018+0000] {processor.py:799} INFO - Processing file /opt/airflow/dags/1_first_dag.py for tasks to queue
[2026-09-13T01:21:25.019+0000] {logging_mixin.py:149} INFO - [2026-09-13T01:21:25.019+0000] {dagbag.py:541} INFO - Filling up the DagBag from /opt/airflow/dags/1_first_dag.py
[2026-09-13T01:21:25.044+0000] {processor.py:809} INFO - DAG(s) dict_keys(['1-miprimerdag']) retrieved from /opt/airflow/dags/1_first_dag.py
[2026-09-13T01:21:25.133+0000] {logging_mixin.py:149} INFO - [2026-09-13T01:21:25.132+0000] {dag.py:2726} INFO - Sync 1 DAGs
[2026-09-13T01:21:25.200+0000] {logging_mixin.py:149} INFO - [2026-09-13T01:21:25.199+0000] {dag.py:3490} INFO - Setting next_dagrun for 1-miprimerdag to 2023-05-01T00:00:00+00:00, run_after=2023-05-01T00:00:00+00:00
[2026-09-13T01:21:25.275+0000] {processor.py:178} INFO - Processing /opt/airflow/dags/1_first_dag.py took 0.273 seconds
[2026-09-13T01:21:55.444+0000] {processor.py:156} INFO - Started process (PID=161053) to work on /opt/airflow/dags/1_first_dag.py
[2026-09-13T01:21:55.447+0000] {processor.py:799} INFO - Processing file /opt/airflow/dags/1_first_dag.py for tasks to queue
[2026-09-13T01:21:55.449+0000] {logging_mixin.py:149} INFO - [2026-09-13T01:21:55.449+0000] {dagbag.py:541} INFO - Filling up the DagBag from /opt/airflow/dags/1_first_dag.py
[2026-09-13T01:21:55.474+0000] {processor.py:809} INFO - DAG(s) dict_keys(['1-miprimerdag']) retrieved from /opt/airflow/dags/1_first_dag.py
[2026-09-13T01:21:55.559+0000] {logging_mixin.py:149} INFO - [2026-09-13T01:21:55.559+0000] {dag.py:2726} INFO - Sync 1 DAGs
[2026-09-13T01:21:55.621+0000] {logging_mixin.py:149} INFO - [2026-09-13T01:21:55.620+0000] {dag.py:3490} INFO - Setting next_dagrun for 1-miprimerdag to 2023-05-01T00:00:00+00:00, run_after=2023-05-01T00:00:00+00:00
[2026-09-13T01:21:55.687+0000] {processor.py:178} INFO - Processing /opt/airflow/dags/1_first_dag.py took 0.255 seconds
[2026-09-13T01:22:26.252+0000] {processor.py:156} INFO - Started process (PID=161068) to work on /opt/airflow/dags/1_first_dag.py
[2026-09-13T01:22:26.256+0000] {processor.py:799} INFO - Processing file /opt/airflow/dags/1_first_dag.py for tasks to queue
[2026-09-13T01:22:26.258+0000] {logging_mixin.py:149} INFO - [2026-09-13T01:22:26.257+0000] {dagbag.py:541} INFO - Filling up the DagBag from /opt/airflow/dags/1_first_dag.py
[2026-09-13T01:22:26.286+0000] {processor.py:809} INFO - DAG(s) dict_keys(['1-miprimerdag']) retrieved from /opt/airflow/dags/1_first_dag.py
[2026-09-13T01:22:26.379+0000] {logging_mixin.py:149} INFO - [2026-09-13T01:22:26.379+0000] {dag.py:2726} INFO - Sync 1 DAGs
[2026-09-13T01:22:26.732+0000] {logging_mixin.py:149} INFO - [2026-09-13T01:22:26.731+0000] {dag.py:3490} INFO - Setting next_dagrun for 1-miprimerdag to 2023-05-01T00:00:00+00:00, run_after=2023-05-01T00:00:00+00:00
[2026-09-13T01:22:26.768+0000] {processor.py:178} INFO - Processing /opt/airflow/dags/1_first_dag.py took 0.527 seconds
[2026-09-13T01:22:57.082+0000] {processor.py:156} INFO - Started process (PID=161082) to work on /opt/airflow/dags/1_first_dag.py
[2026-09-13T01:22:57.086+0000] {processor.py:799} INFO - Processing file /opt/airflow/dags/1_first_dag.py for tasks to queue
[2026-09-13T01:22:57.088+0000] {logging_mixin.py:149} INFO - [2026-09-13T01:22:57.087+0000] {dagbag.py:541} INFO - Filling up the DagBag from /opt/airflow/dags/1_first_dag.py
[2026-09-13T01:22:57.114+0000] {processor.py:809} INFO - DAG(s) dict_keys(['1-miprimerdag']) retrieved from /opt/airflow/dags/1_first_dag.py
[2026-09-13T01:22:57.197+0000] {logging_mixin.py:149} INFO - [2026-09-13T01:22:57.196+0000] {dag.py:2726} INFO - Sync 1 DAGs
[2026-09-13T01:22:57.456+0000] {logging_mixin.py:149} INFO - [2026-09-13T01:22:57.455+0000] {dag.py:3490} INFO - Setting next_dagrun for 1-miprimerdag to 2023-05-01T00:00:00+00:00, run_after=2023-05-01T00:00:00+00:00
[2026-09-13T01:22:57.484+0000] {processor.py:178} INFO - Processing /opt/airflow/dags/1_first_dag.py took 0.414 seconds
[2026-09-13T01:23:27.846+0000] {processor.py:156} INFO - Started process (PID=161096) to work on /opt/airflow/dags/1_first_dag.py
[2026-09-13T01:23:27.852+0000] {processor.py:799} INFO - Processing file /opt/airflow/dags/1_first_dag.py for tasks to queue
[2026-09-13T01:23:27.854+0000] {logging_mixin.py:149} INFO - [2026-09-13T01:23:27.854+0000] {dagbag.py:541} INFO - Filling up the DagBag from /opt/airflow/dags/1_first_dag.py
[2026-09-13T01:23:27.879+0000] {processor.py:809} INFO - DAG(s) dict_keys(['1-miprimerdag']) retrieved from /opt/airflow/dags/1_first_dag.py
[2026-09-13T01:23:28.158+0000] {logging_mixin.py:149} INFO - [2026-09-13T01:23:28.158+0000] {dag.py:2726} INFO - Sync 1 DAGs
[2026-09-13T01:23:28.196+0000] {logging_mixin.py:149} INFO - [2026-09-13T01:23:28.196+0000] {dag.py:3490} INFO - Setting next_dagrun for 1-miprimerdag to 2023-05-01T00:00:00+00:00, run_after=2023-05-01T00:00:00+00:00
[2026-09-13T01:23:28.233+0000] {processor.py:178} INFO - Processing /opt/airflow/dags/1_first_dag.py took 0.398 seconds
[2026-09-13T01:23:58.377+0000] {processor.py:156} INFO - Started process (PID=161110) to work on /opt/airflow/dags/1_first_dag.py
[2026-09-13T01:23:58.380+0000] {processor.py:799} INFO - Processing file /opt/airflow/dags/1_first_dag.py for tasks to queue
[2026-09-13T01:23:58.381+0000] {logging_mixin.py:149} INFO - [2026-09-13T01:23:58.381+0000] {dagbag.py:541} INFO - Filling up the DagBag from /opt/airflow/dags/1_first_dag.py
[2026-09-13T01:23:58.408+0000] {processor.py:809} INFO - DAG(s) dict_keys(['1-miprimerdag']) retrieved from /opt/airflow/dags/1_first_dag.py
[2026-09-13T01:23:58.492+0000] {logging_mixin.py:149} INFO - [2026-09-13T01:23:58.492+0000] {dag.py:2726} INFO - Sync 1 DAGs
[2026-09-13T01:23:58.559+0000] {logging_mixin.py:149} INFO - [2026-09-13T01:23:58.559+0000] {dag.py:3490} INFO - Setting next_dagrun for 1-miprimerdag to 2023-05-01T00:00:00+00:00, run_after=2023-05-01T00:00:00+00:00
[2026-09-13T01:23:58.630+0000] {processor.py:178} INFO - Processing /opt/airflow/dags/1_first_dag.py took 0.266 seconds
[2026-09-13T01:24:29.308+0000] {processor.py:156} INFO - Started process (PID=161124) to work on /opt/airflow/dags/1_first_dag.py
[2026-09-13T01:24:29.311+0000] {processor.py:799} INFO - Processing file /opt/airflow/dags/1_first_dag.py for tasks to queue
[2026-09-13T01:24:29.313+0000] {logging_mixin.py:149} INFO - [2026-09-13T01:24:29.313+0000] {dagbag.py:541} INFO - Filling up the DagBag from /opt/airflow/dags/1_first_dag.py
[2026-09-13T01:24:29.341+0000] {processor.py:809} INFO - DAG(s) dict_keys(['1-miprimerdag']) retrieved from /opt/airflow/dags/1_first_dag.py
[2026-09-13T01:24:29.409+0000] {logging_mixin.py:149} INFO - [2026-09-13T01:24:29.409+0000] {dag.py:2726} INFO - Sync 1 DAGs
[2026-09-13T01:24:29.451+0000] {logging_mixin.py:149} INFO - [2026-09-13T01:24:29.450+0000] {dag.py:3490} INFO - Setting next_dagrun for 1-miprimerdag to 2023-05-01T00:00:00+00:00, run_after=2023-05-01T00:00:00+00:00
[2026-09-13T01:24:29.478+0000] {processor.py:178} INFO - Processing /opt/airflow/dags/1_first_dag.py took 0.184 seconds
[2026-09-13T01:24:59.898+0000] {processor.py:156} INFO - Started process (PID=161138) to work on /opt/airflow/dags/1_first_dag.py
[2026-09-13T01:24:59.901+0000] {processor.py:799} INFO - Processing file /opt/airflow/dags/1_first_dag.py for tasks to queue
[2026-09-13T01:24:59.908+0000] {logging_mixin.py:149} INFO - [2026-09-13T01:24:59.907+0000] {dagbag.py:541} INFO - Filling up the DagBag from /opt/airflow/dags/1_first_dag.py
[2026-09-13T01:24:59.935+0000] {processor.py:809} INFO - DAG(s) dict_keys(['1-miprimerdag']) retrieved from /opt/airflow/dags/1_first_dag.py
[2026-09-13T01:25:00.030+0000] {logging_mixin.py:149} INFO - [2026-09-13T01:25:00.029+0000] {dag.py:2726} INFO - Sync 1 DAGs
[2026-09-13T01:25:00.085+0000] {logging_mixin.py:149} INFO - [2026-09-13T01:25:00.084+0000] {dag.py:3490} INFO - Setting next_dagrun for 1-miprimerdag to 2023-05-01T00:00:00+00:00, run_after=2023-05-01T00:00:00+00:00
[2026-09-13T01:25:00.344+0000] {processor.py:178} INFO - Processing /opt/airflow/dags/1_first_dag.py took 0.457 seconds
[2026-09-13T01:25:30.815+0000] {processor.py:156} INFO - Started process (PID=161152) to work on /opt/airflow/dags/1_first_dag.py
[2026-09-13T01:25:30.819+0000] {processor.py:799} INFO - Processing file /opt/airflow/dags/1_first_dag.py for tasks to queue
[2026-09-13T01:25:30.821+0000] {logging_mixin.py:149} INFO - [2026-09-13T01:25:30.821+0000] {dagbag.py:541} INFO - Filling up the DagBag from /opt/airflow/dags/1_first_dag.py
[2026-09-13T01:25:30.846+0000] {processor.py:809} INFO - DAG(s) dict_keys(['1-miprimerdag']) retrieved from /opt/airflow/dags/1_first_dag.py
[2026-09-13T01:25:30.937+0000] {logging_mixin.py:149} INFO - [2026-09-13T01:25:30.937+0000] {dag.py:2726} INFO - Sync 1 DAGs
[2026-09-13T01:25:31.272+0000] {logging_mixin.py:149} INFO - [2026-09-13T01:25:31.272+0000] {dag.py:3490} INFO - Setting next_dagrun for 1-miprimerdag to 2023-05-01T00:00:00+00:00, run_after=2023-05-01T00:00:00+00:00
[2026-09-13T01:25:31.311+0000] {processor.py:178} INFO - Processing /opt/airflow/dags/1_first_dag.py took 0.512 seconds
[2026-09-13T01:26:01.711+0000] {processor.py:156} INFO - Started process (PID=161166) to work on /opt/airflow/dags/1_first_dag.py
[2026-09-13T01:26:01.714+0000] {processor.py:799} INFO - Processing file /opt/airflow/dags/1_first_dag.py for tasks to queue
[2026-09-13T01:26:01.716+0000] {logging_mixin.py:149} INFO - [2026-09-13T01:26:01.716+0000] {dagbag.py:541} INFO - Filling up the DagBag from /opt/airflow/dags/1_first_dag.py
[2026-09-13T01:26:01.742+0000] {processor.py:809} INFO - DAG(s) dict_keys(['1-miprimerdag']) retrieved from /opt/airflow/dags/1_first_dag.py
[2026-09-13T01:26:01.839+0000] {logging_mixin.py:149} INFO - [2026-09-13T01:26:01.839+0000] {dag.py:2726} INFO - Sync 1 DAGs
[2026-09-13T01:26:02.105+0000] {logging_mixin.py:149} INFO - [2026-09-13T01:26:02.105+0000] {dag.py:3490} INFO - Setting next_dagrun for 1-miprimerdag to 2023-05-01T00:00:00+00:00, run_after=2023-05-01T00:00:00+00:00
[2026-09-13T01:26:02.157+0000] {processor.py:178} INFO - Processing /opt/airflow/dags/1_first_dag.py took 0.458 seconds
[2026-09-13T01:26:32.394+0000] {processor.py:156} INFO - Started process (PID=161181) to work on /opt/airflow/dags/1_first_dag.py
[2026-09-13T01:26:32.398+0000] {processor.py:799} INFO - Processing file /opt/airflow/dags/1_first_dag.py for tasks to queue
[2026-09-13T01:26:32.401+0000] {logging_mixin.py:149} INFO - [2026-09-13T01:26:32.400+0000] {dagbag.py:541} INFO - Filling up the DagBag from /opt/airflow/dags/1_first_dag.py
[2026-09-13T01:26:32.430+0000] {processor.py:809} INFO - DAG(s) dict_keys(['1-miprimerdag']) retrieved from /opt/airflow/dags/1_first_dag.py
[2026-09-13T01:26:32.513+0000] {logging_mixin.py:149} INFO - [2026-09-13T01:26:32.513+0000] {dag.py:2726} INFO - Sync 1 DAGs
[2026-09-13T01:26:32.579+0000] {logging_mixin.py:149} INFO - [2026-09-13T01:26:32.579+0000] {dag.py:3490} INFO - Setting next_dagrun for 1-miprimerdag to 2023-05-01T00:00:00+00:00, run_after=2023-05-01T00:00:00+00:00
[2026-09-13T01:26:32.645+0000] {processor.py:178} INFO - Processing /opt/airflow/dags/1_first_dag.py took 0.264 seconds
[2026-09-13T01:27:02.765+0000] {processor.py:156} INFO - Started process (PID=161195) to work on /opt/airflow/dags/1_first_dag.py
[2026-09-13T01:27:02.769+0000] {processor.py:799} INFO - Processing file /opt/airflow/dags/1_first_dag.py for tasks to queue
[2026-09-13T01:27:02.771+0000] {logging_mixin.py:149} INFO - [2026-09-13T01:27:02.770+0000] {dagbag.py:541} INFO - Filling up the DagBag from /opt/airflow/dags/1_first_dag.py
[2026-09-13T01:27:02.799+0000] {processor.py:809} INFO - DAG(s) dict_keys(['1-miprimerdag']) retrieved from /opt/airflow/dags/1_first_dag.py
[2026-09-13T01:27:02.897+0000] {logging_mixin.py:149} INFO - [2026-09-13T01:27:02.896+0000] {dag.py:2726} INFO - Sync 1 DAGs
[2026-09-13T01:27:02.958+0000] {logging_mixin.py:149} INFO - [2026-09-13T01:27:02.957+0000] {dag.py:3490} INFO - Setting next_dagrun for 1-miprimerdag to 2023-05-01T00:00:00+00:00, run_after=2023-05-01T00:00:00+00:00
[2026-09-13T01:27:03.003+0000] {processor.py:178} INFO - Processing /opt/airflow/dags/1_first_dag.py took 0.250 seconds
[2026-09-13T01:27:33.173+0000] {processor.py:156} INFO - Started process (PID=161209) to work on /opt/airflow/dags/1_first_dag.py
[2026-09-13T01:27:33.176+0000] {processor.py:799} INFO - Processing file /opt/airflow/dags/1_first_dag.py for tasks to queue
[2026-09-13T01:27:33.178+0000] {logging_mixin.py:149} INFO - [2026-09-13T01:27:33.178+0000] {dagbag.py:541} INFO - Filling up the DagBag from /opt/airflow/dags/1_first_dag.py
[2026-09-13T01:27:33.204+0000] {processor.py:809} INFO - DAG(s) dict_keys(['1-miprimerdag']) retrieved from /opt/airflow/dags/1_first_dag.py
[2026-09-13T01:27:33.289+0000] {logging_mixin.py:149} INFO - [2026-09-13T01:27:33.288+0000] {dag.py:2726} INFO - Sync 1 DAGs
[2026-09-13T01:27:33.354+0000] {logging_mixin.py:149} INFO - [2026-09-13T01:27:33.354+0000] {dag.py:3490} INFO - Setting next_dagrun for 1-miprimerdag to 2023-05-01T00:00:00+00:00, run_after=2023-05-01T00:00:00+00:00
[2026-09-13T01:27:33.653+0000] {processor.py:178} INFO - Processing /opt/airflow/dags/1_first_dag.py took 0.493 seconds
[2026-09-13T01:28:04.032+0000] {processor.py:156} INFO - Started process (PID=161223) to work on /opt/airflow/dags/1_first_dag.py
[2026-09-13T01:28:04.035+0000] {processor.py:799} INFO - Processing file /opt/airflow/dags/1_first_dag.py for tasks to queue
[2026-09-13T01:28:04.037+0000] {logging_mixin.py:149} INFO - [2026-09-13T01:28:04.037+0000] {dagbag.py:541} INFO - Filling up the DagBag from /opt/airflow/dags/1_first_dag.py
[2026-09-13T01:28:04.063+0000] {processor.py:809} INFO - DAG(s) dict_keys(['1-miprimerdag']) retrieved from /opt/airflow/dags/1_first_dag.py
[2026-09-13T01:28:04.153+0000] {logging_mixin.py:149} INFO - [2026-09-13T01:28:04.152+0000] {dag.py:2726} INFO - Sync 1 DAGs
[2026-09-13T01:28:04.494+0000] {logging_mixin.py:149} INFO - [2026-09-13T01:28:04.494+0000] {dag.py:3490} INFO - Setting next_dagrun for 1-miprimerdag to 2023-05-01T00:00:00+00:00, run_after=2023-05-01T00:00:00+00:00
[2026-09-13T01:28:04.554+0000] {processor.py:178} INFO - Processing /opt/airflow/dags/1_first_dag.py took 0.533 seconds
[2026-09-13T01:28:35.289+0000] {processor.py:156} INFO - Started process (PID=161237) to work on /opt/airflow/dags/1_first_dag.py
[2026-09-13T01:28:35.295+0000] {processor.py:799} INFO - Processing file /opt/airflow/dags/1_first_dag.py for tasks to queue
[2026-09-13T01:28:35.297+0000] {logging_mixin.py:149} INFO - [2026-09-13T01:28:35.296+0000] {dagbag.py:541} INFO - Filling up the DagBag from /opt/airflow/dags/1_first_dag.py
[2026-09-13T01:28:35.325+0000] {processor.py:809} INFO - DAG(s) dict_keys(['1-miprimerdag']) retrieved from /opt/airflow/dags/1_first_dag.py
[2026-09-13T01:28:35.414+0000] {logging_mixin.py:149} INFO - [2026-09-13T01:28:35.413+0000] {dag.py:2726} INFO - Sync 1 DAGs
[2026-09-13T01:28:35.671+0000] {logging_mixin.py:149} INFO - [2026-09-13T01:28:35.671+0000] {dag.py:3490} INFO - Setting next_dagrun for 1-miprimerdag to 2023-05-01T00:00:00+00:00, run_after=2023-05-01T00:00:00+00:00
[2026-09-13T01:28:35.697+0000] {processor.py:178} INFO - Processing /opt/airflow/dags/1_first_dag.py took 0.420 seconds
[2026-09-13T01:29:06.205+0000] {processor.py:156} INFO - Started process (PID=161251) to work on /opt/airflow/dags/1_first_dag.py
[2026-09-13T01:29:06.210+0000] {processor.py:799} INFO - Processing file /opt/airflow/dags/1_first_dag.py for tasks to queue
[2026-09-13T01:29:06.212+0000] {logging_mixin.py:149} INFO - [2026-09-13T01:29:06.211+0000] {dagbag.py:541} INFO - Filling up the DagBag from /opt/airflow/dags/1_first_dag.py
[2026-09-13T01:29:06.239+0000] {processor.py:809} INFO - DAG(s) dict_keys(['1-miprimerdag']) retrieved from /opt/airflow/dags/1_first_dag.py
[2026-09-13T01:29:06.545+0000] {logging_mixin.py:149} INFO - [2026-09-13T01:29:06.544+0000] {dag.py:2726} INFO - Sync 1 DAGs
[2026-09-13T01:29:06.606+0000] {logging_mixin.py:149} INFO - [2026-09-13T01:29:06.606+0000] {dag.py:3490} INFO - Setting next_dagrun for 1-miprimerdag to 2023-05-01T00:00:00+00:00, run_after=2023-05-01T00:00:00+00:00
[2026-09-13T01:29:06.664+0000] {processor.py:178} INFO - Processing /opt/airflow/dags/1_first_dag.py took 0.471 seconds
[2026-09-13T01:29:37.040+0000] {processor.py:156} INFO - Started process (PID=161266) to work on /opt/airflow/dags/1_first_dag.py
[2026-09-13T01:29:37.044+0000] {processor.py:799} INFO - Processing file /opt/airflow/dags/1_first_dag.py for tasks to queue
[2026-09-13T01:29:37.046+0000] {logging_mixin.py:149} INFO - [2026-09-13T01:29:37.046+0000] {dagbag.py:541} INFO - Filling up the DagBag from /opt/airflow/dags/1_first_dag.py
[2026-09-13T01:29:37.072+0000] {processor.py:809} INFO - DAG(s) dict_keys(['1-miprimerdag']) retrieved from /opt/airflow/dags/1_first_dag.py
[2026-09-13T01:29:37.160+0000] {logging_mixin.py:149} INFO - [2026-09-13T01:29:37.160+0000] {dag.py:2726} INFO - Sync 1 DAGs
[2026-09-13T01:29:37.224+0000] {logging_mixin.py:149} INFO - [2026-09-13T01:29:37.223+0000] {dag.py:3490} INFO - Setting next_dagrun for 1-miprimerdag to 2023-05-01T00:00:00+00:00, run_after=2023-05-01T00:00:00+00:00
[2026-09-13T01:29:37.288+0000] {processor.py:178} INFO - Processing /opt/airflow/dags/1_first_dag.py took 0.258 seconds
[2026-09-13T01:30:07.394+0000] {processor.py:156} INFO - Started process (PID=161280) to work on /opt/airflow/dags/1_first_dag.py
[2026-09-13T01:30:07.397+0000] {processor.py:799} INFO - Processing file /opt/airflow/dags/1_first_dag.py for tasks to queue
[2026-09-13T01:30:07.399+0000] {logging_mixin.py:149} INFO - [2026-09-13T01:30:07.399+0000] {dagbag.py:541} INFO - Filling up the DagBag from /opt/airflow/dags/1_first_dag.py
[2026-09-13T01:30:07.422+0000] {processor.py:809} INFO - DAG(s) dict_keys(['1-miprimerdag']) retrieved from /opt/airflow/dags/1_first_dag.py
[2026-09-13T01:30:07.501+0000] {logging_mixin.py:149} INFO - [2026-09-13T01:30:07.501+0000] {dag.py:2726} INFO - Sync 1 DAGs
[2026-09-13T01:30:07.574+0000] {logging_mixin.py:149} INFO - [2026-09-13T01:30:07.574+0000] {dag.py:3490} INFO - Setting next_dagrun for 1-miprimerdag to 2023-05-01T00:00:00+00:00, run_after=2023-05-01T00:00:00+00:00
[2026-09-13T01:30:07.642+0000] {processor.py:178} INFO - Processing /opt/airflow/dags/1_first_dag.py took 0.261 seconds
[2026-09-13T01:30:38.167+0000] {processor.py:156} INFO - Started process (PID=161295) to work on /opt/airflow/dags/1_first_dag.py
[2026-09-13T01:30:38.171+0000] {processor.py:799} INFO - Processing file /opt/airflow/dags/1_first_dag.py for tasks to queue
[2026-09-13T01:30:38.173+0000] {logging_mixin.py:149} INFO - [2026-09-13T01:30:38.173+0000] {dagbag.py:541} INFO - Filling up the DagBag from /opt/airflow/dags/1_first_dag.py
[2026-09-13T01:30:38.205+0000] {processor.py:809} INFO - DAG(s) dict_keys(['1-miprimerdag']) retrieved from /opt/airflow/dags/1_first_dag.py
[2026-09-13T01:30:38.296+0000] {logging_mixin.py:149} INFO - [2026-09-13T01:30:38.296+0000] {dag.py:2726} INFO - Sync 1 DAGs
[2026-09-13T01:30:38.611+0000] {logging_mixin.py:149} INFO - [2026-09-13T01:30:38.610+0000] {dag.py:3490} INFO - Setting next_dagrun for 1-miprimerdag to 2023-05-01T00:00:00+00:00, run_after=2023-05-01T00:00:00+00:00
[2026-09-13T01:30:38.646+0000] {processor.py:178} INFO - Processing /opt/airflow/dags/1_first_dag.py took 0.492 seconds
[2026-09-13T01:31:08.907+0000] {processor.py:156} INFO - Started process (PID=161309) to work on /opt/airflow/dags/1_first_dag.py
[2026-09-13T01:31:08.911+0000] {processor.py:799} INFO - Processing file /opt/airflow/dags/1_first_dag.py for tasks to queue
[2026-09-13T01:31:08.913+0000] {logging_mixin.py:149} INFO - [2026-09-13T01:31:08.913+0000] {dagbag.py:541} INFO - Filling up the DagBag from /opt/airflow/dags/1_first_dag.py
[2026-09-13T01:31:08.941+0000] {processor.py:809} INFO - DAG(s) dict_keys(['1-miprimerdag']) retrieved from /opt/airflow/dags/1_first_dag.py
[2026-09-13T01:31:09.053+0000] {logging_mixin.py:149} INFO - [2026-09-13T01:31:09.052+0000] {dag.py:2726} INFO - Sync 1 DAGs
[2026-09-13T01:31:09.406+0000] {logging_mixin.py:149} INFO - [2026-09-13T01:31:09.405+0000] {dag.py:3490} INFO - Setting next_dagrun for 1-miprimerdag to 2023-05-01T00:00:00+00:00, run_after=2023-05-01T00:00:00+00:00
[2026-09-13T01:31:09.452+0000] {processor.py:178} INFO - Processing /opt/airflow/dags/1_first_dag.py took 0.557 seconds
[2026-09-13T01:31:39.565+0000] {processor.py:156} INFO - Started process (PID=161323) to work on /opt/airflow/dags/1_first_dag.py
[2026-09-13T01:31:39.569+0000] {processor.py:799} INFO - Processing file /opt/airflow/dags/1_first_dag.py for tasks to queue
[2026-09-13T01:31:39.570+0000] {logging_mixin.py:149} INFO - [2026-09-13T01:31:39.570+0000] {dagbag.py:541} INFO - Filling up the DagBag from /opt/airflow/dags/1_first_dag.py
[2026-09-13T01:31:39.596+0000] {processor.py:809} INFO - DAG(s) dict_keys(['1-miprimerdag']) retrieved from /opt/airflow/dags/1_first_dag.py
[2026-09-13T01:31:39.689+0000] {logging_mixin.py:149} INFO - [2026-09-13T01:31:39.688+0000] {dag.py:2726} INFO - Sync 1 DAGs
[2026-09-13T01:31:39.943+0000] {logging_mixin.py:149} INFO - [2026-09-13T01:31:39.942+0000] {dag.py:3490} INFO - Setting next_dagrun for 1-miprimerdag to 2023-05-01T00:00:00+00:00, run_after=2023-05-01T00:00:00+00:00
[2026-09-13T01:31:39.968+0000] {processor.py:178} INFO - Processing /opt/airflow/dags/1_first_dag.py took 0.414 seconds
[2026-09-13T01:32:10.352+0000] {processor.py:156} INFO - Started process (PID=161337) to work on /opt/airflow/dags/1_first_dag.py
[2026-09-13T01:32:10.355+0000] {processor.py:799} INFO - Processing file /opt/airflow/dags/1_first_dag.py for tasks to queue
[2026-09-13T01:32:10.356+0000] {logging_mixin.py:149} INFO - [2026-09-13T01:32:10.356+0000] {dagbag.py:541} INFO - Filling up the DagBag from /opt/airflow/dags/1_first_dag.py
[2026-09-13T01:32:10.377+0000] {processor.py:809} INFO - DAG(s) dict_keys(['1-miprimerdag']) retrieved from /opt/airflow/dags/1_first_dag.py
[2026-09-13T01:32:10.738+0000] {logging_mixin.py:149} INFO - [2026-09-13T01:32:10.737+0000] {dag.py:2726} INFO - Sync 1 DAGs
[2026-09-13T01:32:10.816+0000] {logging_mixin.py:149} INFO - [2026-09-13T01:32:10.816+0000] {dag.py:3490} INFO - Setting next_dagrun for 1-miprimerdag to 2023-05-01T00:00:00+00:00, run_after=2023-05-01T00:00:00+00:00
[2026-09-13T01:32:10.879+0000] {processor.py:178} INFO - Processing /opt/airflow/dags/1_first_dag.py took 0.535 seconds
[2026-09-13T01:32:41.617+0000] {processor.py:156} INFO - Started process (PID=161351) to work on /opt/airflow/dags/1_first_dag.py
[2026-09-13T01:32:41.620+0000] {processor.py:799} INFO - Processing file /opt/airflow/dags/1_first_dag.py for tasks to queue
[2026-09-13T01:32:41.625+0000] {logging_mixin.py:149} INFO - [2026-09-13T01:32:41.625+0000] {dagbag.py:541} INFO - Filling up the DagBag from /opt/airflow/dags/1_first_dag.py
[2026-09-13T01:32:41.648+0000] {processor.py:809} INFO - DAG(s) dict_keys(['1-miprimerdag']) retrieved from /opt/airflow/dags/1_first_dag.py
[2026-09-13T01:32:41.729+0000] {logging_mixin.py:149} INFO - [2026-09-13T01:32:41.728+0000] {dag.py:2726} INFO - Sync 1 DAGs
[2026-09-13T01:32:41.793+0000] {logging_mixin.py:149} INFO - [2026-09-13T01:32:41.793+0000] {dag.py:3490} INFO - Setting next_dagrun for 1-miprimerdag to 2023-05-01T00:00:00+00:00, run_after=2023-05-01T00:00:00+00:00
[2026-09-13T01:32:41.854+0000] {processor.py:178} INFO - Processing /opt/airflow/dags/1_first_dag.py took 0.247 seconds
[2026-09-13T01:33:12.273+0000] {processor.py:156} INFO - Started process (PID=161365) to work on /opt/airflow/dags/1_first_dag.py
[2026-09-13T01:33:12.277+0000] {processor.py:799} INFO - Processing file /opt/airflow/dags/1_first_dag.py for tasks to queue
[2026-09-13T01:33:12.279+0000] {logging_mixin.py:149} INFO - [2026-09-13T01:33:12.278+0000] {dagbag.py:541} INFO - Filling up the DagBag from /opt/airflow/dags/1_first_dag.py
[2026-09-13T01:33:12.302+0000] {processor.py:809} INFO - DAG(s) dict_keys(['1-miprimerdag']) retrieved from /opt/airflow/dags/1_first_dag.py
[2026-09-13T01:33:12.385+0000] {logging_mixin.py:149} INFO - [2026-09-13T01:33:12.385+0000] {dag.py:2726} INFO - Sync 1 DAGs
[2026-09-13T01:33:12.449+0000] {logging_mixin.py:149} INFO - [2026-09-13T01:33:12.448+0000] {dag.py:3490} INFO - Setting next_dagrun for 1-miprimerdag to 2023-05-01T00:00:00+00:00, run_after=2023-05-01T00:00:00+00:00
[2026-09-13T01:33:12.712+0000] {processor.py:178} INFO - Processing /opt/airflow/dags/1_first_dag.py took 0.450 seconds
[2026-09-13T01:33:42.970+0000] {processor.py:156} INFO - Started process (PID=161379) to work on /opt/airflow/dags/1_first_dag.py
[2026-09-13T01:33:42.973+0000] {processor.py:799} INFO - Processing file /opt/airflow/dags/1_first_dag.py for tasks to queue
[2026-09-13T01:33:42.975+0000] {logging_mixin.py:149} INFO - [2026-09-13T01:33:42.975+0000] {dagbag.py:541} INFO - Filling up the DagBag from /opt/airflow/dags/1_first_dag.py
[2026-09-13T01:33:42.999+0000] {processor.py:809} INFO - DAG(s) dict_keys(['1-miprimerdag']) retrieved from /opt/airflow/dags/1_first_dag.py
[2026-09-13T01:33:43.082+0000] {logging_mixin.py:149} INFO - [2026-09-13T01:33:43.081+0000] {dag.py:2726} INFO - Sync 1 DAGs
[2026-09-13T01:33:43.361+0000] {logging_mixin.py:149} INFO - [2026-09-13T01:33:43.360+0000] {dag.py:3490} INFO - Setting next_dagrun for 1-miprimerdag to 2023-05-01T00:00:00+00:00, run_after=2023-05-01T00:00:00+00:00
[2026-09-13T01:33:43.417+0000] {processor.py:178} INFO - Processing /opt/airflow/dags/1_first_dag.py took 0.457 seconds
[2026-09-13T01:34:13.828+0000] {processor.py:156} INFO - Started process (PID=161393) to work on /opt/airflow/dags/1_first_dag.py
[2026-09-13T01:34:13.831+0000] {processor.py:799} INFO - Processing file /opt/airflow/dags/1_first_dag.py for tasks to queue
[2026-09-13T01:34:13.833+0000] {logging_mixin.py:149} INFO - [2026-09-13T01:34:13.833+0000] {dagbag.py:541} INFO - Filling up the DagBag from /opt/airflow/dags/1_first_dag.py
[2026-09-13T01:34:13.857+0000] {processor.py:809} INFO - DAG(s) dict_keys(['1-miprimerdag']) retrieved from /opt/airflow/dags/1_first_dag.py
[2026-09-13T01:34:13.944+0000] {logging_mixin.py:149} INFO - [2026-09-13T01:34:13.944+0000] {dag.py:2726} INFO - Sync 1 DAGs
[2026-09-13T01:34:14.200+0000] {logging_mixin.py:149} INFO - [2026-09-13T01:34:14.199+0000] {dag.py:3490} INFO - Setting next_dagrun for 1-miprimerdag to 2023-05-01T00:00:00+00:00, run_after=2023-05-01T00:00:00+00:00
[2026-09-13T01:34:14.247+0000] {processor.py:178} INFO - Processing /opt/airflow/dags/1_first_dag.py took 0.430 seconds
[2026-09-13T01:34:44.508+0000] {processor.py:156} INFO - Started process (PID=161406) to work on /opt/airflow/dags/1_first_dag.py
[2026-09-13T01:34:44.514+0000] {processor.py:799} INFO - Processing file /opt/airflow/dags/1_first_dag.py for tasks to queue
[2026-09-13T01:34:44.516+0000] {logging_mixin.py:149} INFO - [2026-09-13T01:34:44.516+0000] {dagbag.py:541} INFO - Filling up the DagBag from /opt/airflow/dags/1_first_dag.py
[2026-09-13T01:34:44.544+0000] {processor.py:809} INFO - DAG(s) dict_keys(['1-miprimerdag']) retrieved from /opt/airflow/dags/1_first_dag.py
[2026-09-13T01:34:44.851+0000] {logging_mixin.py:149} INFO - [2026-09-13T01:34:44.851+0000] {dag.py:2726} INFO - Sync 1 DAGs
[2026-09-13T01:34:44.889+0000] {logging_mixin.py:149} INFO - [2026-09-13T01:34:44.888+0000] {dag.py:3490} INFO - Setting next_dagrun for 1-miprimerdag to 2023-05-01T00:00:00+00:00, run_after=2023-05-01T00:00:00+00:00
[2026-09-13T01:34:44.946+0000] {processor.py:178} INFO - Processing /opt/airflow/dags/1_first_dag.py took 0.450 seconds
[2026-09-13T01:35:15.006+0000] {processor.py:156} INFO - Started process (PID=161420) to work on /opt/airflow/dags/1_first_dag.py
[2026-09-13T01:35:15.010+0000] {processor.py:799} INFO - Processing file /opt/airflow/dags/1_first_dag.py for tasks to queue
[2026-09-13T01:35:15.013+0000] {logging_mixin.py:149} INFO - [2026-09-13T01:35:15.012+0000] {dagbag.py:541} INFO - Filling up the DagBag from /opt/airflow/dags/1_first_dag.py
[2026-09-13T01:35:15.037+0000] {processor.py:809} INFO - DAG(s) dict_keys(['1-miprimerdag']) retrieved from /opt/airflow/dags/1_first_dag.py
[2026-09-13T01:35:15.143+0000] {logging_mixin.py:149} INFO - [2026-09-13T01:35:15.142+0000] {dag.py:2726} INFO - Sync 1 DAGs
[2026-09-13T01:35:15.209+0000] {logging_mixin.py:149} INFO - [2026-09-13T01:35:15.209+0000] {dag.py:3490} INFO - Setting next_dagrun for 1-miprimerdag to 2023-05-01T00:00:00+00:00, run_after=2023-05-01T00:00:00+00:00
[2026-09-13T01:35:15.295+0000] {processor.py:178} INFO - Processing /opt/airflow/dags/1_first_dag.py took 0.299 seconds
[2026-09-13T01:35:45.505+0000] {processor.py:156} INFO - Started process (PID=161434) to work on /opt/airflow/dags/1_first_dag.py
[2026-09-13T01:35:45.511+0000] {processor.py:799} INFO - Processing file /opt/airflow/dags/1_first_dag.py for tasks to queue
[2026-09-13T01:35:45.513+0000] {logging_mixin.py:149} INFO - [2026-09-13T01:35:45.513+0000] {dagbag.py:541} INFO - Filling up the DagBag from /opt/airflow/dags/1_first_dag.py
[2026-09-13T01:35:45.544+0000] {processor.py:809} INFO - DAG(s) dict_keys(['1-miprimerdag']) retrieved from /opt/airflow/dags/1_first_dag.py
[2026-09-13T01:35:45.637+0000] {logging_mixin.py:149} INFO - [2026-09-13T01:35:45.637+0000] {dag.py:2726} INFO - Sync 1 DAGs
[2026-09-13T01:35:45.693+0000] {logging_mixin.py:149} INFO - [2026-09-13T01:35:45.693+0000] {dag.py:3490} INFO - Setting next_dagrun for 1-miprimerdag to 2023-05-01T00:00:00+00:00, run_after=2023-05-01T00:00:00+00:00
[2026-09-13T01:35:45.739+0000] {processor.py:178} INFO - Processing /opt/airflow/dags/1_first_dag.py took 0.246 seconds
[2026-09-13T01:36:16.222+0000] {processor.py:156} INFO - Started process (PID=161448) to work on /opt/airflow/dags/1_first_dag.py
[2026-09-13T01:36:16.225+0000] {processor.py:799} INFO - Processing file /opt/airflow/dags/1_first_dag.py for tasks to queue
[2026-09-13T01:36:16.227+0000] {logging_mixin.py:149} INFO - [2026-09-13T01:36:16.226+0000] {dagbag.py:541} INFO - Filling up the DagBag from /opt/airflow/dags/1_first_dag.py
[2026-09-13T01:36:16.250+0000] {processor.py:809} INFO - DAG(s) dict_keys(['1-miprimerdag']) retrieved from /opt/airflow/dags/1_first_dag.py
[2026-09-13T01:36:16.336+0000] {logging_mixin.py:149} INFO - [2026-09-13T01:36:16.336+0000] {dag.py:2726} INFO - Sync 1 DAGs
[2026-09-13T01:36:16.642+0000] {logging_mixin.py:149} INFO - [2026-09-13T01:36:16.642+0000] {dag.py:3490} INFO - Setting next_dagrun for 1-miprimerdag to 2023-05-01T00:00:00+00:00, run_after=2023-05-01T00:00:00+00:00
[2026-09-13T01:36:16.675+0000] {processor.py:178} INFO - Processing /opt/airflow/dags/1_first_dag.py took 0.464 seconds
[2026-09-13T01:36:46.956+0000] {processor.py:156} INFO - Started process (PID=161461) to work on /opt/airflow/dags/1_first_dag.py
[2026-09-13T01:36:46.959+0000] {processor.py:799} INFO - Processing file /opt/airflow/dags/1_first_dag.py for tasks to queue
[2026-09-13T01:36:46.961+0000] {logging_mixin.py:149} INFO - [2026-09-13T01:36:46.961+0000] {dagbag.py:541} INFO - Filling up the DagBag from /opt/airflow/dags/1_first_dag.py
[2026-09-13T01:36:46.994+0000] {processor.py:809} INFO - DAG(s) dict_keys(['1-miprimerdag']) retrieved from /opt/airflow/dags/1_first_dag.py
[2026-09-13T01:36:47.083+0000] {logging_mixin.py:149} INFO - [2026-09-13T01:36:47.083+0000] {dag.py:2726} INFO - Sync 1 DAGs
[2026-09-13T01:36:47.391+0000] {logging_mixin.py:149} INFO - [2026-09-13T01:36:47.390+0000] {dag.py:3490} INFO - Setting next_dagrun for 1-miprimerdag to 2023-05-01T00:00:00+00:00, run_after=2023-05-01T00:00:00+00:00
[2026-09-13T01:36:47.454+0000] {processor.py:178} INFO - Processing /opt/airflow/dags/1_first_dag.py took 0.509 seconds
[2026-09-13T01:37:17.755+0000] {processor.py:156} INFO - Started process (PID=161475) to work on /opt/airflow/dags/1_first_dag.py
[2026-09-13T01:37:17.758+0000] {processor.py:799} INFO - Processing file /opt/airflow/dags/1_first_dag.py for tasks to queue
[2026-09-13T01:37:17.759+0000] {logging_mixin.py:149} INFO - [2026-09-13T01:37:17.759+0000] {dagbag.py:541} INFO - Filling up the DagBag from /opt/airflow/dags/1_first_dag.py
[2026-09-13T01:37:17.780+0000] {processor.py:809} INFO - DAG(s) dict_keys(['1-miprimerdag']) retrieved from /opt/airflow/dags/1_first_dag.py
[2026-09-13T01:37:18.122+0000] {logging_mixin.py:149} INFO - [2026-09-13T01:37:18.121+0000] {dag.py:2726} INFO - Sync 1 DAGs
[2026-09-13T01:37:18.174+0000] {logging_mixin.py:149} INFO - [2026-09-13T01:37:18.174+0000] {dag.py:3490} INFO - Setting next_dagrun for 1-miprimerdag to 2023-05-01T00:00:00+00:00, run_after=2023-05-01T00:00:00+00:00
[2026-09-13T01:37:18.210+0000] {processor.py:178} INFO - Processing /opt/airflow/dags/1_first_dag.py took 0.464 seconds
[2026-09-13T01:37:48.700+0000] {processor.py:156} INFO - Started process (PID=161490) to work on /opt/airflow/dags/1_first_dag.py
[2026-09-13T01:37:48.704+0000] {processor.py:799} INFO - Processing file /opt/airflow/dags/1_first_dag.py for tasks to queue
[2026-09-13T01:37:48.705+0000] {logging_mixin.py:149} INFO - [2026-09-13T01:37:48.705+0000] {dagbag.py:541} INFO - Filling up the DagBag from /opt/airflow/dags/1_first_dag.py
[2026-09-13T01:37:48.729+0000] {processor.py:809} INFO - DAG(s) dict_keys(['1-miprimerdag']) retrieved from /opt/airflow/dags/1_first_dag.py
[2026-09-13T01:37:49.035+0000] {logging_mixin.py:149} INFO - [2026-09-13T01:37:49.034+0000] {dag.py:2726} INFO - Sync 1 DAGs
[2026-09-13T01:37:49.078+0000] {logging_mixin.py:149} INFO - [2026-09-13T01:37:49.077+0000] {dag.py:3490} INFO - Setting next_dagrun for 1-miprimerdag to 2023-05-01T00:00:00+00:00, run_after=2023-05-01T00:00:00+00:00
[2026-09-13T01:37:49.133+0000] {processor.py:178} INFO - Processing /opt/airflow/dags/1_first_dag.py took 0.442 seconds
[2026-09-13T01:38:19.317+0000] {processor.py:156} INFO - Started process (PID=161504) to work on /opt/airflow/dags/1_first_dag.py
[2026-09-13T01:38:19.320+0000] {processor.py:799} INFO - Processing file /opt/airflow/dags/1_first_dag.py for tasks to queue
[2026-09-13T01:38:19.322+0000] {logging_mixin.py:149} INFO - [2026-09-13T01:38:19.322+0000] {dagbag.py:541} INFO - Filling up the DagBag from /opt/airflow/dags/1_first_dag.py
[2026-09-13T01:38:19.348+0000] {processor.py:809} INFO - DAG(s) dict_keys(['1-miprimerdag']) retrieved from /opt/airflow/dags/1_first_dag.py
[2026-09-13T01:38:19.447+0000] {logging_mixin.py:149} INFO - [2026-09-13T01:38:19.447+0000] {dag.py:2726} INFO - Sync 1 DAGs
[2026-09-13T01:38:19.531+0000] {logging_mixin.py:149} INFO - [2026-09-13T01:38:19.530+0000] {dag.py:3490} INFO - Setting next_dagrun for 1-miprimerdag to 2023-05-01T00:00:00+00:00, run_after=2023-05-01T00:00:00+00:00
[2026-09-13T01:38:19.601+0000] {processor.py:178} INFO - Processing /opt/airflow/dags/1_first_dag.py took 0.297 seconds
[2026-09-13T01:38:49.827+0000] {processor.py:156} INFO - Started process (PID=161518) to work on /opt/airflow/dags/1_first_dag.py
[2026-09-13T01:38:49.834+0000] {processor.py:799} INFO - Processing file /opt/airflow/dags/1_first_dag.py for tasks to queue
[2026-09-13T01:38:49.837+0000] {logging_mixin.py:149} INFO - [2026-09-13T01:38:49.836+0000] {dagbag.py:541} INFO - Filling up the DagBag from /opt/airflow/dags/1_first_dag.py
[2026-09-13T01:38:49.870+0000] {processor.py:809} INFO - DAG(s) dict_keys(['1-miprimerdag']) retrieved from /opt/airflow/dags/1_first_dag.py
[2026-09-13T01:38:49.965+0000] {logging_mixin.py:149} INFO - [2026-09-13T01:38:49.965+0000] {dag.py:2726} INFO - Sync 1 DAGs
[2026-09-13T01:38:50.028+0000] {logging_mixin.py:149} INFO - [2026-09-13T01:38:50.027+0000] {dag.py:3490} INFO - Setting next_dagrun for 1-miprimerdag to 2023-05-01T00:00:00+00:00, run_after=2023-05-01T00:00:00+00:00
[2026-09-13T01:38:50.315+0000] {processor.py:178} INFO - Processing /opt/airflow/dags/1_first_dag.py took 0.499 seconds
[2026-09-13T01:39:20.448+0000] {processor.py:156} INFO - Started process (PID=161532) to work on /opt/airflow/dags/1_first_dag.py
[2026-09-13T01:39:20.453+0000] {processor.py:799} INFO - Processing file /opt/airflow/dags/1_first_dag.py for tasks to queue
[2026-09-13T01:39:20.456+0000] {logging_mixin.py:149} INFO - [2026-09-13T01:39:20.455+0000] {dagbag.py:541} INFO - Filling up the DagBag from /opt/airflow/dags/1_first_dag.py
[2026-09-13T01:39:20.485+0000] {processor.py:809} INFO - DAG(s) dict_keys(['1-miprimerdag']) retrieved from /opt/airflow/dags/1_first_dag.py
[2026-09-13T01:39:20.578+0000] {logging_mixin.py:149} INFO - [2026-09-13T01:39:20.578+0000] {dag.py:2726} INFO - Sync 1 DAGs
[2026-09-13T01:39:20.861+0000] {logging_mixin.py:149} INFO - [2026-09-13T01:39:20.861+0000] {dag.py:3490} INFO - Setting next_dagrun for 1-miprimerdag to 2023-05-01T00:00:00+00:00, run_after=2023-05-01T00:00:00+00:00
[2026-09-13T01:39:20.914+0000] {processor.py:178} INFO - Processing /opt/airflow/dags/1_first_dag.py took 0.478 seconds
[2026-09-13T01:39:51.303+0000] {processor.py:156} INFO - Started process (PID=161546) to work on /opt/airflow/dags/1_first_dag.py
[2026-09-13T01:39:51.307+0000] {processor.py:799} INFO - Processing file /opt/airflow/dags/1_first_dag.py for tasks to queue
[2026-09-13T01:39:51.309+0000] {logging_mixin.py:149} INFO - [2026-09-13T01:39:51.308+0000] {dagbag.py:541} INFO - Filling up the DagBag from /opt/airflow/dags/1_first_dag.py
[2026-09-13T01:39:51.335+0000] {processor.py:809} INFO - DAG(s) dict_keys(['1-miprimerdag']) retrieved from /opt/airflow/dags/1_first_dag.py
[2026-09-13T01:39:51.420+0000] {logging_mixin.py:149} INFO - [2026-09-13T01:39:51.420+0000] {dag.py:2726} INFO - Sync 1 DAGs
[2026-09-13T01:39:51.688+0000] {logging_mixin.py:149} INFO - [2026-09-13T01:39:51.687+0000] {dag.py:3490} INFO - Setting next_dagrun for 1-miprimerdag to 2023-05-01T00:00:00+00:00, run_after=2023-05-01T00:00:00+00:00
[2026-09-13T01:39:51.745+0000] {processor.py:178} INFO - Processing /opt/airflow/dags/1_first_dag.py took 0.455 seconds
[2026-09-13T01:40:22.012+0000] {processor.py:156} INFO - Started process (PID=161560) to work on /opt/airflow/dags/1_first_dag.py
[2026-09-13T01:40:22.016+0000] {processor.py:799} INFO - Processing file /opt/airflow/dags/1_first_dag.py for tasks to queue
[2026-09-13T01:40:22.018+0000] {logging_mixin.py:149} INFO - [2026-09-13T01:40:22.018+0000] {dagbag.py:541} INFO - Filling up the DagBag from /opt/airflow/dags/1_first_dag.py
[2026-09-13T01:40:22.045+0000] {processor.py:809} INFO - DAG(s) dict_keys(['1-miprimerdag']) retrieved from /opt/airflow/dags/1_first_dag.py
[2026-09-13T01:40:22.364+0000] {logging_mixin.py:149} INFO - [2026-09-13T01:40:22.364+0000] {dag.py:2726} INFO - Sync 1 DAGs
[2026-09-13T01:40:22.405+0000] {logging_mixin.py:149} INFO - [2026-09-13T01:40:22.405+0000] {dag.py:3490} INFO - Setting next_dagrun for 1-miprimerdag to 2023-05-01T00:00:00+00:00, run_after=2023-05-01T00:00:00+00:00
[2026-09-13T01:40:22.468+0000] {processor.py:178} INFO - Processing /opt/airflow/dags/1_first_dag.py took 0.466 seconds
[2026-09-13T01:40:52.600+0000] {processor.py:156} INFO - Started process (PID=161574) to work on /opt/airflow/dags/1_first_dag.py
[2026-09-13T01:40:52.604+0000] {processor.py:799} INFO - Processing file /opt/airflow/dags/1_first_dag.py for tasks to queue
[2026-09-13T01:40:52.606+0000] {logging_mixin.py:149} INFO - [2026-09-13T01:40:52.606+0000] {dagbag.py:541} INFO - Filling up the DagBag from /opt/airflow/dags/1_first_dag.py
[2026-09-13T01:40:52.637+0000] {processor.py:809} INFO - DAG(s) dict_keys(['1-miprimerdag']) retrieved from /opt/airflow/dags/1_first_dag.py
[2026-09-13T01:40:52.723+0000] {logging_mixin.py:149} INFO - [2026-09-13T01:40:52.723+0000] {dag.py:2726} INFO - Sync 1 DAGs
[2026-09-13T01:40:52.789+0000] {logging_mixin.py:149} INFO - [2026-09-13T01:40:52.789+0000] {dag.py:3490} INFO - Setting next_dagrun for 1-miprimerdag to 2023-05-01T00:00:00+00:00, run_after=2023-05-01T00:00:00+00:00
[2026-09-13T01:40:52.865+0000] {processor.py:178} INFO - Processing /opt/airflow/dags/1_first_dag.py took 0.278 seconds
[2026-09-13T01:41:23.056+0000] {processor.py:156} INFO - Started process (PID=161588) to work on /opt/airflow/dags/1_first_dag.py
[2026-09-13T01:41:23.060+0000] {processor.py:799} INFO - Processing file /opt/airflow/dags/1_first_dag.py for tasks to queue
[2026-09-13T01:41:23.062+0000] {logging_mixin.py:149} INFO - [2026-09-13T01:41:23.061+0000] {dagbag.py:541} INFO - Filling up the DagBag from /opt/airflow/dags/1_first_dag.py
[2026-09-13T01:41:23.087+0000] {processor.py:809} INFO - DAG(s) dict_keys(['1-miprimerdag']) retrieved from /opt/airflow/dags/1_first_dag.py
[2026-09-13T01:41:23.138+0000] {logging_mixin.py:149} INFO - [2026-09-13T01:41:23.138+0000] {dag.py:2726} INFO - Sync 1 DAGs
[2026-09-13T01:41:23.182+0000] {logging_mixin.py:149} INFO - [2026-09-13T01:41:23.182+0000] {dag.py:3490} INFO - Setting next_dagrun for 1-miprimerdag to 2023-05-01T00:00:00+00:00, run_after=2023-05-01T00:00:00+00:00
[2026-09-13T01:41:23.258+0000] {processor.py:178} INFO - Processing /opt/airflow/dags/1_first_dag.py took 0.214 seconds
[2026-09-13T01:41:53.501+0000] {processor.py:156} INFO - Started process (PID=161603) to work on /opt/airflow/dags/1_first_dag.py
[2026-09-13T01:41:53.505+0000] {processor.py:799} INFO - Processing file /opt/airflow/dags/1_first_dag.py for tasks to queue
[2026-09-13T01:41:53.506+0000] {logging_mixin.py:149} INFO - [2026-09-13T01:41:53.506+0000] {dagbag.py:541} INFO - Filling up the DagBag from /opt/airflow/dags/1_first_dag.py
[2026-09-13T01:41:53.532+0000] {processor.py:809} INFO - DAG(s) dict_keys(['1-miprimerdag']) retrieved from /opt/airflow/dags/1_first_dag.py
[2026-09-13T01:41:53.622+0000] {logging_mixin.py:149} INFO - [2026-09-13T01:41:53.622+0000] {dag.py:2726} INFO - Sync 1 DAGs
[2026-09-13T01:41:53.943+0000] {logging_mixin.py:149} INFO - [2026-09-13T01:41:53.943+0000] {dag.py:3490} INFO - Setting next_dagrun for 1-miprimerdag to 2023-05-01T00:00:00+00:00, run_after=2023-05-01T00:00:00+00:00
[2026-09-13T01:41:53.971+0000] {processor.py:178} INFO - Processing /opt/airflow/dags/1_first_dag.py took 0.481 seconds
[2026-09-13T01:42:24.327+0000] {processor.py:156} INFO - Started process (PID=161617) to work on /opt/airflow/dags/1_first_dag.py
[2026-09-13T01:42:24.334+0000] {processor.py:799} INFO - Processing file /opt/airflow/dags/1_first_dag.py for tasks to queue
[2026-09-13T01:42:24.337+0000] {logging_mixin.py:149} INFO - [2026-09-13T01:42:24.336+0000] {dagbag.py:541} INFO - Filling up the DagBag from /opt/airflow/dags/1_first_dag.py
[2026-09-13T01:42:24.366+0000] {processor.py:809} INFO - DAG(s) dict_keys(['1-miprimerdag']) retrieved from /opt/airflow/dags/1_first_dag.py
[2026-09-13T01:42:24.455+0000] {logging_mixin.py:149} INFO - [2026-09-13T01:42:24.455+0000] {dag.py:2726} INFO - Sync 1 DAGs
[2026-09-13T01:42:24.722+0000] {logging_mixin.py:149} INFO - [2026-09-13T01:42:24.721+0000] {dag.py:3490} INFO - Setting next_dagrun for 1-miprimerdag to 2023-05-01T00:00:00+00:00, run_after=2023-05-01T00:00:00+00:00
[2026-09-13T01:42:24.769+0000] {processor.py:178} INFO - Processing /opt/airflow/dags/1_first_dag.py took 0.453 seconds
[2026-09-13T01:42:55.020+0000] {processor.py:156} INFO - Started process (PID=161631) to work on /opt/airflow/dags/1_first_dag.py
[2026-09-13T01:42:55.027+0000] {processor.py:799} INFO - Processing file /opt/airflow/dags/1_first_dag.py for tasks to queue
[2026-09-13T01:42:55.029+0000] {logging_mixin.py:149} INFO - [2026-09-13T01:42:55.029+0000] {dagbag.py:541} INFO - Filling up the DagBag from /opt/airflow/dags/1_first_dag.py
[2026-09-13T01:42:55.056+0000] {processor.py:809} INFO - DAG(s) dict_keys(['1-miprimerdag']) retrieved from /opt/airflow/dags/1_first_dag.py
[2026-09-13T01:42:55.403+0000] {logging_mixin.py:149} INFO - [2026-09-13T01:42:55.402+0000] {dag.py:2726} INFO - Sync 1 DAGs
[2026-09-13T01:42:55.444+0000] {logging_mixin.py:149} INFO - [2026-09-13T01:42:55.443+0000] {dag.py:3490} INFO - Setting next_dagrun for 1-miprimerdag to 2023-05-01T00:00:00+00:00, run_after=2023-05-01T00:00:00+00:00
[2026-09-13T01:42:55.500+0000] {processor.py:178} INFO - Processing /opt/airflow/dags/1_first_dag.py took 0.492 seconds
[2026-09-13T01:43:25.898+0000] {processor.py:156} INFO - Started process (PID=161652) to work on /opt/airflow/dags/1_first_dag.py
[2026-09-13T01:43:25.901+0000] {processor.py:799} INFO - Processing file /opt/airflow/dags/1_first_dag.py for tasks to queue
[2026-09-13T01:43:25.903+0000] {logging_mixin.py:149} INFO - [2026-09-13T01:43:25.903+0000] {dagbag.py:541} INFO - Filling up the DagBag from /opt/airflow/dags/1_first_dag.py
[2026-09-13T01:43:25.928+0000] {processor.py:809} INFO - DAG(s) dict_keys(['1-miprimerdag']) retrieved from /opt/airflow/dags/1_first_dag.py
[2026-09-13T01:43:26.285+0000] {logging_mixin.py:149} INFO - [2026-09-13T01:43:26.285+0000] {dag.py:2726} INFO - Sync 1 DAGs
[2026-09-13T01:43:26.355+0000] {logging_mixin.py:149} INFO - [2026-09-13T01:43:26.355+0000] {dag.py:3490} INFO - Setting next_dagrun for 1-miprimerdag to 2023-05-01T00:00:00+00:00, run_after=2023-05-01T00:00:00+00:00
[2026-09-13T01:43:26.415+0000] {processor.py:178} INFO - Processing /opt/airflow/dags/1_first_dag.py took 0.528 seconds
[2026-09-13T01:43:56.576+0000] {processor.py:156} INFO - Started process (PID=161666) to work on /opt/airflow/dags/1_first_dag.py
[2026-09-13T01:43:56.579+0000] {processor.py:799} INFO - Processing file /opt/airflow/dags/1_first_dag.py for tasks to queue
[2026-09-13T01:43:56.581+0000] {logging_mixin.py:149} INFO - [2026-09-13T01:43:56.581+0000] {dagbag.py:541} INFO - Filling up the DagBag from /opt/airflow/dags/1_first_dag.py
[2026-09-13T01:43:56.608+0000] {processor.py:809} INFO - DAG(s) dict_keys(['1-miprimerdag']) retrieved from /opt/airflow/dags/1_first_dag.py
[2026-09-13T01:43:56.699+0000] {logging_mixin.py:149} INFO - [2026-09-13T01:43:56.698+0000] {dag.py:2726} INFO - Sync 1 DAGs
[2026-09-13T01:43:56.769+0000] {logging_mixin.py:149} INFO - [2026-09-13T01:43:56.768+0000] {dag.py:3490} INFO - Setting next_dagrun for 1-miprimerdag to 2023-05-01T00:00:00+00:00, run_after=2023-05-01T00:00:00+00:00
[2026-09-13T01:43:56.849+0000] {processor.py:178} INFO - Processing /opt/airflow/dags/1_first_dag.py took 0.284 seconds
[2026-09-13T01:44:27.385+0000] {processor.py:156} INFO - Started process (PID=161680) to work on /opt/airflow/dags/1_first_dag.py
[2026-09-13T01:44:27.389+0000] {processor.py:799} INFO - Processing file /opt/airflow/dags/1_first_dag.py for tasks to queue
[2026-09-13T01:44:27.390+0000] {logging_mixin.py:149} INFO - [2026-09-13T01:44:27.390+0000] {dagbag.py:541} INFO - Filling up the DagBag from /opt/airflow/dags/1_first_dag.py
[2026-09-13T01:44:27.417+0000] {processor.py:809} INFO - DAG(s) dict_keys(['1-miprimerdag']) retrieved from /opt/airflow/dags/1_first_dag.py
[2026-09-13T01:44:27.511+0000] {logging_mixin.py:149} INFO - [2026-09-13T01:44:27.511+0000] {dag.py:2726} INFO - Sync 1 DAGs
[2026-09-13T01:44:27.590+0000] {logging_mixin.py:149} INFO - [2026-09-13T01:44:27.589+0000] {dag.py:3490} INFO - Setting next_dagrun for 1-miprimerdag to 2023-05-01T00:00:00+00:00, run_after=2023-05-01T00:00:00+00:00
[2026-09-13T01:44:27.882+0000] {processor.py:178} INFO - Processing /opt/airflow/dags/1_first_dag.py took 0.508 seconds
[2026-09-13T01:44:58.188+0000] {processor.py:156} INFO - Started process (PID=161694) to work on /opt/airflow/dags/1_first_dag.py
[2026-09-13T01:44:58.194+0000] {processor.py:799} INFO - Processing file /opt/airflow/dags/1_first_dag.py for tasks to queue
[2026-09-13T01:44:58.196+0000] {logging_mixin.py:149} INFO - [2026-09-13T01:44:58.196+0000] {dagbag.py:541} INFO - Filling up the DagBag from /opt/airflow/dags/1_first_dag.py
[2026-09-13T01:44:58.225+0000] {processor.py:809} INFO - DAG(s) dict_keys(['1-miprimerdag']) retrieved from /opt/airflow/dags/1_first_dag.py
[2026-09-13T01:44:58.309+0000] {logging_mixin.py:149} INFO - [2026-09-13T01:44:58.308+0000] {dag.py:2726} INFO - Sync 1 DAGs
[2026-09-13T01:44:58.657+0000] {logging_mixin.py:149} INFO - [2026-09-13T01:44:58.656+0000] {dag.py:3490} INFO - Setting next_dagrun for 1-miprimerdag to 2023-05-01T00:00:00+00:00, run_after=2023-05-01T00:00:00+00:00
[2026-09-13T01:44:58.695+0000] {processor.py:178} INFO - Processing /opt/airflow/dags/1_first_dag.py took 0.518 seconds
[2026-09-13T01:45:28.924+0000] {processor.py:156} INFO - Started process (PID=161708) to work on /opt/airflow/dags/1_first_dag.py
[2026-09-13T01:45:28.928+0000] {processor.py:799} INFO - Processing file /opt/airflow/dags/1_first_dag.py for tasks to queue
[2026-09-13T01:45:28.930+0000] {logging_mixin.py:149} INFO - [2026-09-13T01:45:28.929+0000] {dagbag.py:541} INFO - Filling up the DagBag from /opt/airflow/dags/1_first_dag.py
[2026-09-13T01:45:28.954+0000] {processor.py:809} INFO - DAG(s) dict_keys(['1-miprimerdag']) retrieved from /opt/airflow/dags/1_first_dag.py
[2026-09-13T01:45:29.039+0000] {logging_mixin.py:149} INFO - [2026-09-13T01:45:29.038+0000] {dag.py:2726} INFO - Sync 1 DAGs
[2026-09-13T01:45:29.371+0000] {logging_mixin.py:149} INFO - [2026-09-13T01:45:29.371+0000] {dag.py:3490} INFO - Setting next_dagrun for 1-miprimerdag to 2023-05-01T00:00:00+00:00, run_after=2023-05-01T00:00:00+00:00
[2026-09-13T01:45:29.418+0000] {processor.py:178} INFO - Processing /opt/airflow/dags/1_first_dag.py took 0.504 seconds
[2026-09-13T01:45:59.616+0000] {processor.py:156} INFO - Started process (PID=161722) to work on /opt/airflow/dags/1_first_dag.py
[2026-09-13T01:45:59.622+0000] {processor.py:799} INFO - Processing file /opt/airflow/dags/1_first_dag.py for tasks to queue
[2026-09-13T01:45:59.625+0000] {logging_mixin.py:149} INFO - [2026-09-13T01:45:59.625+0000] {dagbag.py:541} INFO - Filling up the DagBag from /opt/airflow/dags/1_first_dag.py
[2026-09-13T01:45:59.655+0000] {processor.py:809} INFO - DAG(s) dict_keys(['1-miprimerdag']) retrieved from /opt/airflow/dags/1_first_dag.py
[2026-09-13T01:45:59.963+0000] {logging_mixin.py:149} INFO - [2026-09-13T01:45:59.962+0000] {dag.py:2726} INFO - Sync 1 DAGs
[2026-09-13T01:46:00.002+0000] {logging_mixin.py:149} INFO - [2026-09-13T01:46:00.001+0000] {dag.py:3490} INFO - Setting next_dagrun for 1-miprimerdag to 2023-05-01T00:00:00+00:00, run_after=2023-05-01T00:00:00+00:00
[2026-09-13T01:46:00.046+0000] {processor.py:178} INFO - Processing /opt/airflow/dags/1_first_dag.py took 0.442 seconds
[2026-09-13T01:46:30.473+0000] {processor.py:156} INFO - Started process (PID=161736) to work on /opt/airflow/dags/1_first_dag.py
[2026-09-13T01:46:30.476+0000] {processor.py:799} INFO - Processing file /opt/airflow/dags/1_first_dag.py for tasks to queue
[2026-09-13T01:46:30.478+0000] {logging_mixin.py:149} INFO - [2026-09-13T01:46:30.478+0000] {dagbag.py:541} INFO - Filling up the DagBag from /opt/airflow/dags/1_first_dag.py
[2026-09-13T01:46:30.739+0000] {processor.py:809} INFO - DAG(s) dict_keys(['1-miprimerdag']) retrieved from /opt/airflow/dags/1_first_dag.py
[2026-09-13T01:46:30.795+0000] {logging_mixin.py:149} INFO - [2026-09-13T01:46:30.795+0000] {dag.py:2726} INFO - Sync 1 DAGs
[2026-09-13T01:46:30.848+0000] {logging_mixin.py:149} INFO - [2026-09-13T01:46:30.848+0000] {dag.py:3490} INFO - Setting next_dagrun for 1-miprimerdag to 2023-05-01T00:00:00+00:00, run_after=2023-05-01T00:00:00+00:00
[2026-09-13T01:46:30.873+0000] {processor.py:178} INFO - Processing /opt/airflow/dags/1_first_dag.py took 0.413 seconds
[2026-09-13T01:47:01.089+0000] {processor.py:156} INFO - Started process (PID=161750) to work on /opt/airflow/dags/1_first_dag.py
[2026-09-13T01:47:01.093+0000] {processor.py:799} INFO - Processing file /opt/airflow/dags/1_first_dag.py for tasks to queue
[2026-09-13T01:47:01.095+0000] {logging_mixin.py:149} INFO - [2026-09-13T01:47:01.095+0000] {dagbag.py:541} INFO - Filling up the DagBag from /opt/airflow/dags/1_first_dag.py
[2026-09-13T01:47:01.123+0000] {processor.py:809} INFO - DAG(s) dict_keys(['1-miprimerdag']) retrieved from /opt/airflow/dags/1_first_dag.py
[2026-09-13T01:47:01.211+0000] {logging_mixin.py:149} INFO - [2026-09-13T01:47:01.211+0000] {dag.py:2726} INFO - Sync 1 DAGs
[2026-09-13T01:47:01.279+0000] {logging_mixin.py:149} INFO - [2026-09-13T01:47:01.278+0000] {dag.py:3490} INFO - Setting next_dagrun for 1-miprimerdag to 2023-05-01T00:00:00+00:00, run_after=2023-05-01T00:00:00+00:00
[2026-09-13T01:47:01.326+0000] {processor.py:178} INFO - Processing /opt/airflow/dags/1_first_dag.py took 0.250 seconds
[2026-09-13T01:47:31.550+0000] {processor.py:156} INFO - Started process (PID=161764) to work on /opt/airflow/dags/1_first_dag.py
[2026-09-13T01:47:31.552+0000] {processor.py:799} INFO - Processing file /opt/airflow/dags/1_first_dag.py for tasks to queue
[2026-09-13T01:47:31.553+0000] {logging_mixin.py:149} INFO - [2026-09-13T01:47:31.553+0000] {dagbag.py:541} INFO - Filling up the DagBag from /opt/airflow/dags/1_first_dag.py
[2026-09-13T01:47:31.567+0000] {processor.py:809} INFO - DAG(s) dict_keys(['1-miprimerdag']) retrieved from /opt/airflow/dags/1_first_dag.py
[2026-09-13T01:47:31.639+0000] {logging_mixin.py:149} INFO - [2026-09-13T01:47:31.639+0000] {dag.py:2726} INFO - Sync 1 DAGs
[2026-09-13T01:47:31.702+0000] {logging_mixin.py:149} INFO - [2026-09-13T01:47:31.702+0000] {dag.py:3490} INFO - Setting next_dagrun for 1-miprimerdag to 2023-05-01T00:00:00+00:00, run_after=2023-05-01T00:00:00+00:00
[2026-09-13T01:47:31.768+0000] {processor.py:178} INFO - Processing /opt/airflow/dags/1_first_dag.py took 0.222 seconds
[2026-09-13T01:48:01.983+0000] {processor.py:156} INFO - Started process (PID=161778) to work on /opt/airflow/dags/1_first_dag.py
[2026-09-13T01:48:01.990+0000] {processor.py:799} INFO - Processing file /opt/airflow/dags/1_first_dag.py for tasks to queue
[2026-09-13T01:48:01.992+0000] {logging_mixin.py:149} INFO - [2026-09-13T01:48:01.992+0000] {dagbag.py:541} INFO - Filling up the DagBag from /opt/airflow/dags/1_first_dag.py
[2026-09-13T01:48:02.020+0000] {processor.py:809} INFO - DAG(s) dict_keys(['1-miprimerdag']) retrieved from /opt/airflow/dags/1_first_dag.py
[2026-09-13T01:48:02.113+0000] {logging_mixin.py:149} INFO - [2026-09-13T01:48:02.113+0000] {dag.py:2726} INFO - Sync 1 DAGs
[2026-09-13T01:48:02.193+0000] {logging_mixin.py:149} INFO - [2026-09-13T01:48:02.192+0000] {dag.py:3490} INFO - Setting next_dagrun for 1-miprimerdag to 2023-05-01T00:00:00+00:00, run_after=2023-05-01T00:00:00+00:00
[2026-09-13T01:48:02.255+0000] {processor.py:178} INFO - Processing /opt/airflow/dags/1_first_dag.py took 0.283 seconds
[2026-09-13T01:48:32.430+0000] {processor.py:156} INFO - Started process (PID=161792) to work on /opt/airflow/dags/1_first_dag.py
[2026-09-13T01:48:32.435+0000] {processor.py:799} INFO - Processing file /opt/airflow/dags/1_first_dag.py for tasks to queue
[2026-09-13T01:48:32.437+0000] {logging_mixin.py:149} INFO - [2026-09-13T01:48:32.437+0000] {dagbag.py:541} INFO - Filling up the DagBag from /opt/airflow/dags/1_first_dag.py
[2026-09-13T01:48:32.464+0000] {processor.py:809} INFO - DAG(s) dict_keys(['1-miprimerdag']) retrieved from /opt/airflow/dags/1_first_dag.py
[2026-09-13T01:48:32.558+0000] {logging_mixin.py:149} INFO - [2026-09-13T01:48:32.558+0000] {dag.py:2726} INFO - Sync 1 DAGs
[2026-09-13T01:48:32.619+0000] {logging_mixin.py:149} INFO - [2026-09-13T01:48:32.618+0000] {dag.py:3490} INFO - Setting next_dagrun for 1-miprimerdag to 2023-05-01T00:00:00+00:00, run_after=2023-05-01T00:00:00+00:00
[2026-09-13T01:48:32.688+0000] {processor.py:178} INFO - Processing /opt/airflow/dags/1_first_dag.py took 0.269 seconds
[2026-09-13T01:49:02.927+0000] {processor.py:156} INFO - Started process (PID=161806) to work on /opt/airflow/dags/1_first_dag.py
[2026-09-13T01:49:02.930+0000] {processor.py:799} INFO - Processing file /opt/airflow/dags/1_first_dag.py for tasks to queue
[2026-09-13T01:49:02.932+0000] {logging_mixin.py:149} INFO - [2026-09-13T01:49:02.932+0000] {dagbag.py:541} INFO - Filling up the DagBag from /opt/airflow/dags/1_first_dag.py
[2026-09-13T01:49:02.959+0000] {processor.py:809} INFO - DAG(s) dict_keys(['1-miprimerdag']) retrieved from /opt/airflow/dags/1_first_dag.py
[2026-09-13T01:49:03.057+0000] {logging_mixin.py:149} INFO - [2026-09-13T01:49:03.057+0000] {dag.py:2726} INFO - Sync 1 DAGs
[2026-09-13T01:49:03.125+0000] {logging_mixin.py:149} INFO - [2026-09-13T01:49:03.124+0000] {dag.py:3490} INFO - Setting next_dagrun for 1-miprimerdag to 2023-05-01T00:00:00+00:00, run_after=2023-05-01T00:00:00+00:00
[2026-09-13T01:49:03.180+0000] {processor.py:178} INFO - Processing /opt/airflow/dags/1_first_dag.py took 0.264 seconds
[2026-09-13T01:49:33.427+0000] {processor.py:156} INFO - Started process (PID=161820) to work on /opt/airflow/dags/1_first_dag.py
[2026-09-13T01:49:33.432+0000] {processor.py:799} INFO - Processing file /opt/airflow/dags/1_first_dag.py for tasks to queue
[2026-09-13T01:49:33.434+0000] {logging_mixin.py:149} INFO - [2026-09-13T01:49:33.433+0000] {dagbag.py:541} INFO - Filling up the DagBag from /opt/airflow/dags/1_first_dag.py
[2026-09-13T01:49:33.461+0000] {processor.py:809} INFO - DAG(s) dict_keys(['1-miprimerdag']) retrieved from /opt/airflow/dags/1_first_dag.py
[2026-09-13T01:49:33.545+0000] {logging_mixin.py:149} INFO - [2026-09-13T01:49:33.545+0000] {dag.py:2726} INFO - Sync 1 DAGs
[2026-09-13T01:49:33.614+0000] {logging_mixin.py:149} INFO - [2026-09-13T01:49:33.613+0000] {dag.py:3490} INFO - Setting next_dagrun for 1-miprimerdag to 2023-05-01T00:00:00+00:00, run_after=2023-05-01T00:00:00+00:00
[2026-09-13T01:49:33.682+0000] {processor.py:178} INFO - Processing /opt/airflow/dags/1_first_dag.py took 0.267 seconds
[2026-09-13T01:50:03.892+0000] {processor.py:156} INFO - Started process (PID=161834) to work on /opt/airflow/dags/1_first_dag.py
[2026-09-13T01:50:03.896+0000] {processor.py:799} INFO - Processing file /opt/airflow/dags/1_first_dag.py for tasks to queue
[2026-09-13T01:50:03.898+0000] {logging_mixin.py:149} INFO - [2026-09-13T01:50:03.897+0000] {dagbag.py:541} INFO - Filling up the DagBag from /opt/airflow/dags/1_first_dag.py
[2026-09-13T01:50:03.922+0000] {processor.py:809} INFO - DAG(s) dict_keys(['1-miprimerdag']) retrieved from /opt/airflow/dags/1_first_dag.py
[2026-09-13T01:50:04.010+0000] {logging_mixin.py:149} INFO - [2026-09-13T01:50:04.010+0000] {dag.py:2726} INFO - Sync 1 DAGs
[2026-09-13T01:50:04.078+0000] {logging_mixin.py:149} INFO - [2026-09-13T01:50:04.077+0000] {dag.py:3490} INFO - Setting next_dagrun for 1-miprimerdag to 2023-05-01T00:00:00+00:00, run_after=2023-05-01T00:00:00+00:00
[2026-09-13T01:50:04.145+0000] {processor.py:178} INFO - Processing /opt/airflow/dags/1_first_dag.py took 0.264 seconds
[2026-09-13T01:50:34.389+0000] {processor.py:156} INFO - Started process (PID=161848) to work on /opt/airflow/dags/1_first_dag.py
[2026-09-13T01:50:34.392+0000] {processor.py:799} INFO - Processing file /opt/airflow/dags/1_first_dag.py for tasks to queue
[2026-09-13T01:50:34.394+0000] {logging_mixin.py:149} INFO - [2026-09-13T01:50:34.394+0000] {dagbag.py:541} INFO - Filling up the DagBag from /opt/airflow/dags/1_first_dag.py
[2026-09-13T01:50:34.420+0000] {processor.py:809} INFO - DAG(s) dict_keys(['1-miprimerdag']) retrieved from /opt/airflow/dags/1_first_dag.py
[2026-09-13T01:50:34.500+0000] {logging_mixin.py:149} INFO - [2026-09-13T01:50:34.500+0000] {dag.py:2726} INFO - Sync 1 DAGs
[2026-09-13T01:50:34.565+0000] {logging_mixin.py:149} INFO - [2026-09-13T01:50:34.564+0000] {dag.py:3490} INFO - Setting next_dagrun for 1-miprimerdag to 2023-05-01T00:00:00+00:00, run_after=2023-05-01T00:00:00+00:00
[2026-09-13T01:50:34.618+0000] {processor.py:178} INFO - Processing /opt/airflow/dags/1_first_dag.py took 0.239 seconds
[2026-09-13T01:51:04.762+0000] {processor.py:156} INFO - Started process (PID=161862) to work on /opt/airflow/dags/1_first_dag.py
[2026-09-13T01:51:04.765+0000] {processor.py:799} INFO - Processing file /opt/airflow/dags/1_first_dag.py for tasks to queue
[2026-09-13T01:51:04.767+0000] {logging_mixin.py:149} INFO - [2026-09-13T01:51:04.767+0000] {dagbag.py:541} INFO - Filling up the DagBag from /opt/airflow/dags/1_first_dag.py
[2026-09-13T01:51:04.794+0000] {processor.py:809} INFO - DAG(s) dict_keys(['1-miprimerdag']) retrieved from /opt/airflow/dags/1_first_dag.py
[2026-09-13T01:51:04.885+0000] {logging_mixin.py:149} INFO - [2026-09-13T01:51:04.885+0000] {dag.py:2726} INFO - Sync 1 DAGs
[2026-09-13T01:51:04.955+0000] {logging_mixin.py:149} INFO - [2026-09-13T01:51:04.954+0000] {dag.py:3490} INFO - Setting next_dagrun for 1-miprimerdag to 2023-05-01T00:00:00+00:00, run_after=2023-05-01T00:00:00+00:00
[2026-09-13T01:51:05.021+0000] {processor.py:178} INFO - Processing /opt/airflow/dags/1_first_dag.py took 0.274 seconds
[2026-09-13T01:51:35.124+0000] {processor.py:156} INFO - Started process (PID=161876) to work on /opt/airflow/dags/1_first_dag.py
[2026-09-13T01:51:35.128+0000] {processor.py:799} INFO - Processing file /opt/airflow/dags/1_first_dag.py for tasks to queue
[2026-09-13T01:51:35.130+0000] {logging_mixin.py:149} INFO - [2026-09-13T01:51:35.129+0000] {dagbag.py:541} INFO - Filling up the DagBag from /opt/airflow/dags/1_first_dag.py
[2026-09-13T01:51:35.156+0000] {processor.py:809} INFO - DAG(s) dict_keys(['1-miprimerdag']) retrieved from /opt/airflow/dags/1_first_dag.py
[2026-09-13T01:51:35.244+0000] {logging_mixin.py:149} INFO - [2026-09-13T01:51:35.243+0000] {dag.py:2726} INFO - Sync 1 DAGs
[2026-09-13T01:51:35.315+0000] {logging_mixin.py:149} INFO - [2026-09-13T01:51:35.315+0000] {dag.py:3490} INFO - Setting next_dagrun for 1-miprimerdag to 2023-05-01T00:00:00+00:00, run_after=2023-05-01T00:00:00+00:00
[2026-09-13T01:51:35.375+0000] {processor.py:178} INFO - Processing /opt/airflow/dags/1_first_dag.py took 0.263 seconds
[2026-09-13T01:52:05.705+0000] {processor.py:156} INFO - Started process (PID=161889) to work on /opt/airflow/dags/1_first_dag.py
[2026-09-13T01:52:05.709+0000] {processor.py:799} INFO - Processing file /opt/airflow/dags/1_first_dag.py for tasks to queue
[2026-09-13T01:52:05.711+0000] {logging_mixin.py:149} INFO - [2026-09-13T01:52:05.711+0000] {dagbag.py:541} INFO - Filling up the DagBag from /opt/airflow/dags/1_first_dag.py
[2026-09-13T01:52:05.737+0000] {processor.py:809} INFO - DAG(s) dict_keys(['1-miprimerdag']) retrieved from /opt/airflow/dags/1_first_dag.py
[2026-09-13T01:52:05.824+0000] {logging_mixin.py:149} INFO - [2026-09-13T01:52:05.824+0000] {dag.py:2726} INFO - Sync 1 DAGs
[2026-09-13T01:52:05.898+0000] {logging_mixin.py:149} INFO - [2026-09-13T01:52:05.897+0000] {dag.py:3490} INFO - Setting next_dagrun for 1-miprimerdag to 2023-05-01T00:00:00+00:00, run_after=2023-05-01T00:00:00+00:00
[2026-09-13T01:52:05.958+0000] {processor.py:178} INFO - Processing /opt/airflow/dags/1_first_dag.py took 0.268 seconds
[2026-09-13T01:52:36.265+0000] {processor.py:156} INFO - Started process (PID=161903) to work on /opt/airflow/dags/1_first_dag.py
[2026-09-13T01:52:36.271+0000] {processor.py:799} INFO - Processing file /opt/airflow/dags/1_first_dag.py for tasks to queue
[2026-09-13T01:52:36.273+0000] {logging_mixin.py:149} INFO - [2026-09-13T01:52:36.273+0000] {dagbag.py:541} INFO - Filling up the DagBag from /opt/airflow/dags/1_first_dag.py
[2026-09-13T01:52:36.307+0000] {processor.py:809} INFO - DAG(s) dict_keys(['1-miprimerdag']) retrieved from /opt/airflow/dags/1_first_dag.py
[2026-09-13T01:52:36.403+0000] {logging_mixin.py:149} INFO - [2026-09-13T01:52:36.403+0000] {dag.py:2726} INFO - Sync 1 DAGs
[2026-09-13T01:52:36.481+0000] {logging_mixin.py:149} INFO - [2026-09-13T01:52:36.480+0000] {dag.py:3490} INFO - Setting next_dagrun for 1-miprimerdag to 2023-05-01T00:00:00+00:00, run_after=2023-05-01T00:00:00+00:00
[2026-09-13T01:52:36.552+0000] {processor.py:178} INFO - Processing /opt/airflow/dags/1_first_dag.py took 0.298 seconds
[2026-09-13T01:53:06.857+0000] {processor.py:156} INFO - Started process (PID=161917) to work on /opt/airflow/dags/1_first_dag.py
[2026-09-13T01:53:06.861+0000] {processor.py:799} INFO - Processing file /opt/airflow/dags/1_first_dag.py for tasks to queue
[2026-09-13T01:53:06.863+0000] {logging_mixin.py:149} INFO - [2026-09-13T01:53:06.862+0000] {dagbag.py:541} INFO - Filling up the DagBag from /opt/airflow/dags/1_first_dag.py
[2026-09-13T01:53:06.888+0000] {processor.py:809} INFO - DAG(s) dict_keys(['1-miprimerdag']) retrieved from /opt/airflow/dags/1_first_dag.py
[2026-09-13T01:53:06.979+0000] {logging_mixin.py:149} INFO - [2026-09-13T01:53:06.979+0000] {dag.py:2726} INFO - Sync 1 DAGs
[2026-09-13T01:53:07.046+0000] {logging_mixin.py:149} INFO - [2026-09-13T01:53:07.045+0000] {dag.py:3490} INFO - Setting next_dagrun for 1-miprimerdag to 2023-05-01T00:00:00+00:00, run_after=2023-05-01T00:00:00+00:00
[2026-09-13T01:53:07.089+0000] {processor.py:178} INFO - Processing /opt/airflow/dags/1_first_dag.py took 0.244 seconds
[2026-09-13T01:53:37.277+0000] {processor.py:156} INFO - Started process (PID=161932) to work on /opt/airflow/dags/1_first_dag.py
[2026-09-13T01:53:37.281+0000] {processor.py:799} INFO - Processing file /opt/airflow/dags/1_first_dag.py for tasks to queue
[2026-09-13T01:53:37.283+0000] {logging_mixin.py:149} INFO - [2026-09-13T01:53:37.283+0000] {dagbag.py:541} INFO - Filling up the DagBag from /opt/airflow/dags/1_first_dag.py
[2026-09-13T01:53:37.308+0000] {processor.py:809} INFO - DAG(s) dict_keys(['1-miprimerdag']) retrieved from /opt/airflow/dags/1_first_dag.py
[2026-09-13T01:53:37.400+0000] {logging_mixin.py:149} INFO - [2026-09-13T01:53:37.399+0000] {dag.py:2726} INFO - Sync 1 DAGs
[2026-09-13T01:53:37.476+0000] {logging_mixin.py:149} INFO - [2026-09-13T01:53:37.475+0000] {dag.py:3490} INFO - Setting next_dagrun for 1-miprimerdag to 2023-05-01T00:00:00+00:00, run_after=2023-05-01T00:00:00+00:00
[2026-09-13T01:53:37.540+0000] {processor.py:178} INFO - Processing /opt/airflow/dags/1_first_dag.py took 0.274 seconds
[2026-09-13T01:54:07.755+0000] {processor.py:156} INFO - Started process (PID=161946) to work on /opt/airflow/dags/1_first_dag.py
[2026-09-13T01:54:07.759+0000] {processor.py:799} INFO - Processing file /opt/airflow/dags/1_first_dag.py for tasks to queue
[2026-09-13T01:54:07.762+0000] {logging_mixin.py:149} INFO - [2026-09-13T01:54:07.761+0000] {dagbag.py:541} INFO - Filling up the DagBag from /opt/airflow/dags/1_first_dag.py
[2026-09-13T01:54:07.788+0000] {processor.py:809} INFO - DAG(s) dict_keys(['1-miprimerdag']) retrieved from /opt/airflow/dags/1_first_dag.py
[2026-09-13T01:54:07.888+0000] {logging_mixin.py:149} INFO - [2026-09-13T01:54:07.888+0000] {dag.py:2726} INFO - Sync 1 DAGs
[2026-09-13T01:54:07.957+0000] {logging_mixin.py:149} INFO - [2026-09-13T01:54:07.956+0000] {dag.py:3490} INFO - Setting next_dagrun for 1-miprimerdag to 2023-05-01T00:00:00+00:00, run_after=2023-05-01T00:00:00+00:00
[2026-09-13T01:54:08.008+0000] {processor.py:178} INFO - Processing /opt/airflow/dags/1_first_dag.py took 0.263 seconds
[2026-09-13T01:54:38.160+0000] {processor.py:156} INFO - Started process (PID=161960) to work on /opt/airflow/dags/1_first_dag.py
[2026-09-13T01:54:38.165+0000] {processor.py:799} INFO - Processing file /opt/airflow/dags/1_first_dag.py for tasks to queue
[2026-09-13T01:54:38.167+0000] {logging_mixin.py:149} INFO - [2026-09-13T01:54:38.167+0000] {dagbag.py:541} INFO - Filling up the DagBag from /opt/airflow/dags/1_first_dag.py
[2026-09-13T01:54:38.192+0000] {processor.py:809} INFO - DAG(s) dict_keys(['1-miprimerdag']) retrieved from /opt/airflow/dags/1_first_dag.py
[2026-09-13T01:54:38.286+0000] {logging_mixin.py:149} INFO - [2026-09-13T01:54:38.286+0000] {dag.py:2726} INFO - Sync 1 DAGs
[2026-09-13T01:54:38.338+0000] {logging_mixin.py:149} INFO - [2026-09-13T01:54:38.338+0000] {dag.py:3490} INFO - Setting next_dagrun for 1-miprimerdag to 2023-05-01T00:00:00+00:00, run_after=2023-05-01T00:00:00+00:00
[2026-09-13T01:54:38.407+0000] {processor.py:178} INFO - Processing /opt/airflow/dags/1_first_dag.py took 0.257 seconds
[2026-09-13T01:55:08.663+0000] {processor.py:156} INFO - Started process (PID=161974) to work on /opt/airflow/dags/1_first_dag.py
[2026-09-13T01:55:08.667+0000] {processor.py:799} INFO - Processing file /opt/airflow/dags/1_first_dag.py for tasks to queue
[2026-09-13T01:55:08.669+0000] {logging_mixin.py:149} INFO - [2026-09-13T01:55:08.668+0000] {dagbag.py:541} INFO - Filling up the DagBag from /opt/airflow/dags/1_first_dag.py
[2026-09-13T01:55:08.695+0000] {processor.py:809} INFO - DAG(s) dict_keys(['1-miprimerdag']) retrieved from /opt/airflow/dags/1_first_dag.py
[2026-09-13T01:55:08.787+0000] {logging_mixin.py:149} INFO - [2026-09-13T01:55:08.787+0000] {dag.py:2726} INFO - Sync 1 DAGs
[2026-09-13T01:55:08.858+0000] {logging_mixin.py:149} INFO - [2026-09-13T01:55:08.857+0000] {dag.py:3490} INFO - Setting next_dagrun for 1-miprimerdag to 2023-05-01T00:00:00+00:00, run_after=2023-05-01T00:00:00+00:00
[2026-09-13T01:55:08.928+0000] {processor.py:178} INFO - Processing /opt/airflow/dags/1_first_dag.py took 0.276 seconds
[2026-09-13T01:55:39.181+0000] {processor.py:156} INFO - Started process (PID=161989) to work on /opt/airflow/dags/1_first_dag.py
[2026-09-13T01:55:39.185+0000] {processor.py:799} INFO - Processing file /opt/airflow/dags/1_first_dag.py for tasks to queue
[2026-09-13T01:55:39.187+0000] {logging_mixin.py:149} INFO - [2026-09-13T01:55:39.187+0000] {dagbag.py:541} INFO - Filling up the DagBag from /opt/airflow/dags/1_first_dag.py
[2026-09-13T01:55:39.210+0000] {processor.py:809} INFO - DAG(s) dict_keys(['1-miprimerdag']) retrieved from /opt/airflow/dags/1_first_dag.py
[2026-09-13T01:55:39.304+0000] {logging_mixin.py:149} INFO - [2026-09-13T01:55:39.304+0000] {dag.py:2726} INFO - Sync 1 DAGs
[2026-09-13T01:55:39.375+0000] {logging_mixin.py:149} INFO - [2026-09-13T01:55:39.374+0000] {dag.py:3490} INFO - Setting next_dagrun for 1-miprimerdag to 2023-05-01T00:00:00+00:00, run_after=2023-05-01T00:00:00+00:00
[2026-09-13T01:55:39.437+0000] {processor.py:178} INFO - Processing /opt/airflow/dags/1_first_dag.py took 0.268 seconds
[2026-09-13T01:56:09.691+0000] {processor.py:156} INFO - Started process (PID=162003) to work on /opt/airflow/dags/1_first_dag.py
[2026-09-13T01:56:09.694+0000] {processor.py:799} INFO - Processing file /opt/airflow/dags/1_first_dag.py for tasks to queue
[2026-09-13T01:56:09.696+0000] {logging_mixin.py:149} INFO - [2026-09-13T01:56:09.696+0000] {dagbag.py:541} INFO - Filling up the DagBag from /opt/airflow/dags/1_first_dag.py
[2026-09-13T01:56:09.719+0000] {processor.py:809} INFO - DAG(s) dict_keys(['1-miprimerdag']) retrieved from /opt/airflow/dags/1_first_dag.py
[2026-09-13T01:56:09.804+0000] {logging_mixin.py:149} INFO - [2026-09-13T01:56:09.803+0000] {dag.py:2726} INFO - Sync 1 DAGs
[2026-09-13T01:56:09.866+0000] {logging_mixin.py:149} INFO - [2026-09-13T01:56:09.866+0000] {dag.py:3490} INFO - Setting next_dagrun for 1-miprimerdag to 2023-05-01T00:00:00+00:00, run_after=2023-05-01T00:00:00+00:00
[2026-09-13T01:56:09.924+0000] {processor.py:178} INFO - Processing /opt/airflow/dags/1_first_dag.py took 0.243 seconds
[2026-09-13T01:56:40.198+0000] {processor.py:156} INFO - Started process (PID=162017) to work on /opt/airflow/dags/1_first_dag.py
[2026-09-13T01:56:40.201+0000] {processor.py:799} INFO - Processing file /opt/airflow/dags/1_first_dag.py for tasks to queue
[2026-09-13T01:56:40.203+0000] {logging_mixin.py:149} INFO - [2026-09-13T01:56:40.203+0000] {dagbag.py:541} INFO - Filling up the DagBag from /opt/airflow/dags/1_first_dag.py
[2026-09-13T01:56:40.226+0000] {processor.py:809} INFO - DAG(s) dict_keys(['1-miprimerdag']) retrieved from /opt/airflow/dags/1_first_dag.py
[2026-09-13T01:56:40.315+0000] {logging_mixin.py:149} INFO - [2026-09-13T01:56:40.315+0000] {dag.py:2726} INFO - Sync 1 DAGs
[2026-09-13T01:56:40.382+0000] {logging_mixin.py:149} INFO - [2026-09-13T01:56:40.381+0000] {dag.py:3490} INFO - Setting next_dagrun for 1-miprimerdag to 2023-05-01T00:00:00+00:00, run_after=2023-05-01T00:00:00+00:00
[2026-09-13T01:56:40.439+0000] {processor.py:178} INFO - Processing /opt/airflow/dags/1_first_dag.py took 0.254 seconds
[2026-09-13T01:57:10.548+0000] {processor.py:156} INFO - Started process (PID=162031) to work on /opt/airflow/dags/1_first_dag.py
[2026-09-13T01:57:10.552+0000] {processor.py:799} INFO - Processing file /opt/airflow/dags/1_first_dag.py for tasks to queue
[2026-09-13T01:57:10.554+0000] {logging_mixin.py:149} INFO - [2026-09-13T01:57:10.553+0000] {dagbag.py:541} INFO - Filling up the DagBag from /opt/airflow/dags/1_first_dag.py
[2026-09-13T01:57:10.576+0000] {processor.py:809} INFO - DAG(s) dict_keys(['1-miprimerdag']) retrieved from /opt/airflow/dags/1_first_dag.py
[2026-09-13T01:57:10.655+0000] {logging_mixin.py:149} INFO - [2026-09-13T01:57:10.655+0000] {dag.py:2726} INFO - Sync 1 DAGs
[2026-09-13T01:57:10.737+0000] {logging_mixin.py:149} INFO - [2026-09-13T01:57:10.736+0000] {dag.py:3490} INFO - Setting next_dagrun for 1-miprimerdag to 2023-05-01T00:00:00+00:00, run_after=2023-05-01T00:00:00+00:00
[2026-09-13T01:57:10.801+0000] {processor.py:178} INFO - Processing /opt/airflow/dags/1_first_dag.py took 0.261 seconds
[2026-09-13T01:57:40.997+0000] {processor.py:156} INFO - Started process (PID=162045) to work on /opt/airflow/dags/1_first_dag.py
[2026-09-13T01:57:41.001+0000] {processor.py:799} INFO - Processing file /opt/airflow/dags/1_first_dag.py for tasks to queue
[2026-09-13T01:57:41.003+0000] {logging_mixin.py:149} INFO - [2026-09-13T01:57:41.003+0000] {dagbag.py:541} INFO - Filling up the DagBag from /opt/airflow/dags/1_first_dag.py
[2026-09-13T01:57:41.028+0000] {processor.py:809} INFO - DAG(s) dict_keys(['1-miprimerdag']) retrieved from /opt/airflow/dags/1_first_dag.py
[2026-09-13T01:57:41.111+0000] {logging_mixin.py:149} INFO - [2026-09-13T01:57:41.111+0000] {dag.py:2726} INFO - Sync 1 DAGs
[2026-09-13T01:57:41.173+0000] {logging_mixin.py:149} INFO - [2026-09-13T01:57:41.172+0000] {dag.py:3490} INFO - Setting next_dagrun for 1-miprimerdag to 2023-05-01T00:00:00+00:00, run_after=2023-05-01T00:00:00+00:00
[2026-09-13T01:57:41.210+0000] {processor.py:178} INFO - Processing /opt/airflow/dags/1_first_dag.py took 0.224 seconds
[2026-09-13T01:58:11.469+0000] {processor.py:156} INFO - Started process (PID=162059) to work on /opt/airflow/dags/1_first_dag.py
[2026-09-13T01:58:11.472+0000] {processor.py:799} INFO - Processing file /opt/airflow/dags/1_first_dag.py for tasks to queue
[2026-09-13T01:58:11.474+0000] {logging_mixin.py:149} INFO - [2026-09-13T01:58:11.474+0000] {dagbag.py:541} INFO - Filling up the DagBag from /opt/airflow/dags/1_first_dag.py
[2026-09-13T01:58:11.500+0000] {processor.py:809} INFO - DAG(s) dict_keys(['1-miprimerdag']) retrieved from /opt/airflow/dags/1_first_dag.py
[2026-09-13T01:58:11.593+0000] {logging_mixin.py:149} INFO - [2026-09-13T01:58:11.592+0000] {dag.py:2726} INFO - Sync 1 DAGs
[2026-09-13T01:58:11.670+0000] {logging_mixin.py:149} INFO - [2026-09-13T01:58:11.670+0000] {dag.py:3490} INFO - Setting next_dagrun for 1-miprimerdag to 2023-05-01T00:00:00+00:00, run_after=2023-05-01T00:00:00+00:00
[2026-09-13T01:58:11.747+0000] {processor.py:178} INFO - Processing /opt/airflow/dags/1_first_dag.py took 0.289 seconds
[2026-09-13T01:58:41.974+0000] {processor.py:156} INFO - Started process (PID=162073) to work on /opt/airflow/dags/1_first_dag.py
[2026-09-13T01:58:41.979+0000] {processor.py:799} INFO - Processing file /opt/airflow/dags/1_first_dag.py for tasks to queue
[2026-09-13T01:58:41.981+0000] {logging_mixin.py:149} INFO - [2026-09-13T01:58:41.980+0000] {dagbag.py:541} INFO - Filling up the DagBag from /opt/airflow/dags/1_first_dag.py
[2026-09-13T01:58:42.005+0000] {processor.py:809} INFO - DAG(s) dict_keys(['1-miprimerdag']) retrieved from /opt/airflow/dags/1_first_dag.py
[2026-09-13T01:58:42.095+0000] {logging_mixin.py:149} INFO - [2026-09-13T01:58:42.095+0000] {dag.py:2726} INFO - Sync 1 DAGs
[2026-09-13T01:58:42.150+0000] {logging_mixin.py:149} INFO - [2026-09-13T01:58:42.150+0000] {dag.py:3490} INFO - Setting next_dagrun for 1-miprimerdag to 2023-05-01T00:00:00+00:00, run_after=2023-05-01T00:00:00+00:00
[2026-09-13T01:58:42.181+0000] {processor.py:178} INFO - Processing /opt/airflow/dags/1_first_dag.py took 0.221 seconds
[2026-09-13T01:59:12.433+0000] {processor.py:156} INFO - Started process (PID=162087) to work on /opt/airflow/dags/1_first_dag.py
[2026-09-13T01:59:12.437+0000] {processor.py:799} INFO - Processing file /opt/airflow/dags/1_first_dag.py for tasks to queue
[2026-09-13T01:59:12.439+0000] {logging_mixin.py:149} INFO - [2026-09-13T01:59:12.438+0000] {dagbag.py:541} INFO - Filling up the DagBag from /opt/airflow/dags/1_first_dag.py
[2026-09-13T01:59:12.463+0000] {processor.py:809} INFO - DAG(s) dict_keys(['1-miprimerdag']) retrieved from /opt/airflow/dags/1_first_dag.py
[2026-09-13T01:59:12.551+0000] {logging_mixin.py:149} INFO - [2026-09-13T01:59:12.550+0000] {dag.py:2726} INFO - Sync 1 DAGs
[2026-09-13T01:59:12.620+0000] {logging_mixin.py:149} INFO - [2026-09-13T01:59:12.619+0000] {dag.py:3490} INFO - Setting next_dagrun for 1-miprimerdag to 2023-05-01T00:00:00+00:00, run_after=2023-05-01T00:00:00+00:00
[2026-09-13T01:59:12.684+0000] {processor.py:178} INFO - Processing /opt/airflow/dags/1_first_dag.py took 0.263 seconds
[2026-09-13T01:59:42.782+0000] {processor.py:156} INFO - Started process (PID=162101) to work on /opt/airflow/dags/1_first_dag.py
[2026-09-13T01:59:42.787+0000] {processor.py:799} INFO - Processing file /opt/airflow/dags/1_first_dag.py for tasks to queue
[2026-09-13T01:59:42.789+0000] {logging_mixin.py:149} INFO - [2026-09-13T01:59:42.789+0000] {dagbag.py:541} INFO - Filling up the DagBag from /opt/airflow/dags/1_first_dag.py
[2026-09-13T01:59:42.814+0000] {processor.py:809} INFO - DAG(s) dict_keys(['1-miprimerdag']) retrieved from /opt/airflow/dags/1_first_dag.py
[2026-09-13T01:59:42.911+0000] {logging_mixin.py:149} INFO - [2026-09-13T01:59:42.911+0000] {dag.py:2726} INFO - Sync 1 DAGs
[2026-09-13T01:59:42.997+0000] {logging_mixin.py:149} INFO - [2026-09-13T01:59:42.996+0000] {dag.py:3490} INFO - Setting next_dagrun for 1-miprimerdag to 2023-05-01T00:00:00+00:00, run_after=2023-05-01T00:00:00+00:00
[2026-09-13T01:59:43.060+0000] {processor.py:178} INFO - Processing /opt/airflow/dags/1_first_dag.py took 0.289 seconds
[2026-09-13T02:00:13.165+0000] {processor.py:156} INFO - Started process (PID=162115) to work on /opt/airflow/dags/1_first_dag.py
[2026-09-13T02:00:13.168+0000] {processor.py:799} INFO - Processing file /opt/airflow/dags/1_first_dag.py for tasks to queue
[2026-09-13T02:00:13.169+0000] {logging_mixin.py:149} INFO - [2026-09-13T02:00:13.169+0000] {dagbag.py:541} INFO - Filling up the DagBag from /opt/airflow/dags/1_first_dag.py
[2026-09-13T02:00:13.193+0000] {processor.py:809} INFO - DAG(s) dict_keys(['1-miprimerdag']) retrieved from /opt/airflow/dags/1_first_dag.py
[2026-09-13T02:00:13.274+0000] {logging_mixin.py:149} INFO - [2026-09-13T02:00:13.274+0000] {dag.py:2726} INFO - Sync 1 DAGs
[2026-09-13T02:00:13.339+0000] {logging_mixin.py:149} INFO - [2026-09-13T02:00:13.339+0000] {dag.py:3490} INFO - Setting next_dagrun for 1-miprimerdag to 2023-05-01T00:00:00+00:00, run_after=2023-05-01T00:00:00+00:00
[2026-09-13T02:00:13.398+0000] {processor.py:178} INFO - Processing /opt/airflow/dags/1_first_dag.py took 0.242 seconds
[2026-09-13T02:00:43.697+0000] {processor.py:156} INFO - Started process (PID=162129) to work on /opt/airflow/dags/1_first_dag.py
[2026-09-13T02:00:43.702+0000] {processor.py:799} INFO - Processing file /opt/airflow/dags/1_first_dag.py for tasks to queue
[2026-09-13T02:00:43.704+0000] {logging_mixin.py:149} INFO - [2026-09-13T02:00:43.704+0000] {dagbag.py:541} INFO - Filling up the DagBag from /opt/airflow/dags/1_first_dag.py
[2026-09-13T02:00:43.732+0000] {processor.py:809} INFO - DAG(s) dict_keys(['1-miprimerdag']) retrieved from /opt/airflow/dags/1_first_dag.py
[2026-09-13T02:00:43.824+0000] {logging_mixin.py:149} INFO - [2026-09-13T02:00:43.824+0000] {dag.py:2726} INFO - Sync 1 DAGs
[2026-09-13T02:00:43.907+0000] {logging_mixin.py:149} INFO - [2026-09-13T02:00:43.907+0000] {dag.py:3490} INFO - Setting next_dagrun for 1-miprimerdag to 2023-05-01T00:00:00+00:00, run_after=2023-05-01T00:00:00+00:00
[2026-09-13T02:00:43.974+0000] {processor.py:178} INFO - Processing /opt/airflow/dags/1_first_dag.py took 0.289 seconds
[2026-09-13T02:01:14.198+0000] {processor.py:156} INFO - Started process (PID=162143) to work on /opt/airflow/dags/1_first_dag.py
[2026-09-13T02:01:14.202+0000] {processor.py:799} INFO - Processing file /opt/airflow/dags/1_first_dag.py for tasks to queue
[2026-09-13T02:01:14.206+0000] {logging_mixin.py:149} INFO - [2026-09-13T02:01:14.205+0000] {dagbag.py:541} INFO - Filling up the DagBag from /opt/airflow/dags/1_first_dag.py
[2026-09-13T02:01:14.230+0000] {processor.py:809} INFO - DAG(s) dict_keys(['1-miprimerdag']) retrieved from /opt/airflow/dags/1_first_dag.py
[2026-09-13T02:01:14.311+0000] {logging_mixin.py:149} INFO - [2026-09-13T02:01:14.310+0000] {dag.py:2726} INFO - Sync 1 DAGs
[2026-09-13T02:01:14.397+0000] {logging_mixin.py:149} INFO - [2026-09-13T02:01:14.397+0000] {dag.py:3490} INFO - Setting next_dagrun for 1-miprimerdag to 2023-05-01T00:00:00+00:00, run_after=2023-05-01T00:00:00+00:00
[2026-09-13T02:01:14.460+0000] {processor.py:178} INFO - Processing /opt/airflow/dags/1_first_dag.py took 0.272 seconds
[2026-09-13T02:01:44.590+0000] {processor.py:156} INFO - Started process (PID=162157) to work on /opt/airflow/dags/1_first_dag.py
[2026-09-13T02:01:44.593+0000] {processor.py:799} INFO - Processing file /opt/airflow/dags/1_first_dag.py for tasks to queue
[2026-09-13T02:01:44.596+0000] {logging_mixin.py:149} INFO - [2026-09-13T02:01:44.595+0000] {dagbag.py:541} INFO - Filling up the DagBag from /opt/airflow/dags/1_first_dag.py
[2026-09-13T02:01:44.622+0000] {processor.py:809} INFO - DAG(s) dict_keys(['1-miprimerdag']) retrieved from /opt/airflow/dags/1_first_dag.py
[2026-09-13T02:01:44.713+0000] {logging_mixin.py:149} INFO - [2026-09-13T02:01:44.713+0000] {dag.py:2726} INFO - Sync 1 DAGs
[2026-09-13T02:01:44.806+0000] {logging_mixin.py:149} INFO - [2026-09-13T02:01:44.805+0000] {dag.py:3490} INFO - Setting next_dagrun for 1-miprimerdag to 2023-05-01T00:00:00+00:00, run_after=2023-05-01T00:00:00+00:00
[2026-09-13T02:01:44.884+0000] {processor.py:178} INFO - Processing /opt/airflow/dags/1_first_dag.py took 0.306 seconds
[2026-09-13T02:02:15.131+0000] {processor.py:156} INFO - Started process (PID=162171) to work on /opt/airflow/dags/1_first_dag.py
[2026-09-13T02:02:15.137+0000] {processor.py:799} INFO - Processing file /opt/airflow/dags/1_first_dag.py for tasks to queue
[2026-09-13T02:02:15.139+0000] {logging_mixin.py:149} INFO - [2026-09-13T02:02:15.139+0000] {dagbag.py:541} INFO - Filling up the DagBag from /opt/airflow/dags/1_first_dag.py
[2026-09-13T02:02:15.165+0000] {processor.py:809} INFO - DAG(s) dict_keys(['1-miprimerdag']) retrieved from /opt/airflow/dags/1_first_dag.py
[2026-09-13T02:02:15.253+0000] {logging_mixin.py:149} INFO - [2026-09-13T02:02:15.253+0000] {dag.py:2726} INFO - Sync 1 DAGs
[2026-09-13T02:02:15.317+0000] {logging_mixin.py:149} INFO - [2026-09-13T02:02:15.317+0000] {dag.py:3490} INFO - Setting next_dagrun for 1-miprimerdag to 2023-05-01T00:00:00+00:00, run_after=2023-05-01T00:00:00+00:00
[2026-09-13T02:02:15.370+0000] {processor.py:178} INFO - Processing /opt/airflow/dags/1_first_dag.py took 0.250 seconds
[2026-09-13T02:02:45.427+0000] {processor.py:156} INFO - Started process (PID=162185) to work on /opt/airflow/dags/1_first_dag.py
[2026-09-13T02:02:45.430+0000] {processor.py:799} INFO - Processing file /opt/airflow/dags/1_first_dag.py for tasks to queue
[2026-09-13T02:02:45.432+0000] {logging_mixin.py:149} INFO - [2026-09-13T02:02:45.432+0000] {dagbag.py:541} INFO - Filling up the DagBag from /opt/airflow/dags/1_first_dag.py
[2026-09-13T02:02:45.459+0000] {processor.py:809} INFO - DAG(s) dict_keys(['1-miprimerdag']) retrieved from /opt/airflow/dags/1_first_dag.py
[2026-09-13T02:02:45.546+0000] {logging_mixin.py:149} INFO - [2026-09-13T02:02:45.546+0000] {dag.py:2726} INFO - Sync 1 DAGs
[2026-09-13T02:02:45.611+0000] {logging_mixin.py:149} INFO - [2026-09-13T02:02:45.610+0000] {dag.py:3490} INFO - Setting next_dagrun for 1-miprimerdag to 2023-05-01T00:00:00+00:00, run_after=2023-05-01T00:00:00+00:00
[2026-09-13T02:02:45.685+0000] {processor.py:178} INFO - Processing /opt/airflow/dags/1_first_dag.py took 0.269 seconds
[2026-09-13T02:03:16.140+0000] {processor.py:156} INFO - Started process (PID=162199) to work on /opt/airflow/dags/1_first_dag.py
[2026-09-13T02:03:16.147+0000] {processor.py:799} INFO - Processing file /opt/airflow/dags/1_first_dag.py for tasks to queue
[2026-09-13T02:03:16.149+0000] {logging_mixin.py:149} INFO - [2026-09-13T02:03:16.148+0000] {dagbag.py:541} INFO - Filling up the DagBag from /opt/airflow/dags/1_first_dag.py
[2026-09-13T02:03:16.181+0000] {processor.py:809} INFO - DAG(s) dict_keys(['1-miprimerdag']) retrieved from /opt/airflow/dags/1_first_dag.py
[2026-09-13T02:03:16.265+0000] {logging_mixin.py:149} INFO - [2026-09-13T02:03:16.264+0000] {dag.py:2726} INFO - Sync 1 DAGs
[2026-09-13T02:03:16.330+0000] {logging_mixin.py:149} INFO - [2026-09-13T02:03:16.330+0000] {dag.py:3490} INFO - Setting next_dagrun for 1-miprimerdag to 2023-05-01T00:00:00+00:00, run_after=2023-05-01T00:00:00+00:00
[2026-09-13T02:03:16.390+0000] {processor.py:178} INFO - Processing /opt/airflow/dags/1_first_dag.py took 0.260 seconds
[2026-09-13T02:03:46.668+0000] {processor.py:156} INFO - Started process (PID=162213) to work on /opt/airflow/dags/1_first_dag.py
[2026-09-13T02:03:46.671+0000] {processor.py:799} INFO - Processing file /opt/airflow/dags/1_first_dag.py for tasks to queue
[2026-09-13T02:03:46.673+0000] {logging_mixin.py:149} INFO - [2026-09-13T02:03:46.673+0000] {dagbag.py:541} INFO - Filling up the DagBag from /opt/airflow/dags/1_first_dag.py
[2026-09-13T02:03:46.694+0000] {processor.py:809} INFO - DAG(s) dict_keys(['1-miprimerdag']) retrieved from /opt/airflow/dags/1_first_dag.py
[2026-09-13T02:03:46.751+0000] {logging_mixin.py:149} INFO - [2026-09-13T02:03:46.750+0000] {dag.py:2726} INFO - Sync 1 DAGs
[2026-09-13T02:03:46.790+0000] {logging_mixin.py:149} INFO - [2026-09-13T02:03:46.789+0000] {dag.py:3490} INFO - Setting next_dagrun for 1-miprimerdag to 2023-05-01T00:00:00+00:00, run_after=2023-05-01T00:00:00+00:00
[2026-09-13T02:03:46.817+0000] {processor.py:178} INFO - Processing /opt/airflow/dags/1_first_dag.py took 0.166 seconds
[2026-09-13T02:04:17.061+0000] {processor.py:156} INFO - Started process (PID=162227) to work on /opt/airflow/dags/1_first_dag.py
[2026-09-13T02:04:17.065+0000] {processor.py:799} INFO - Processing file /opt/airflow/dags/1_first_dag.py for tasks to queue
[2026-09-13T02:04:17.068+0000] {logging_mixin.py:149} INFO - [2026-09-13T02:04:17.067+0000] {dagbag.py:541} INFO - Filling up the DagBag from /opt/airflow/dags/1_first_dag.py
[2026-09-13T02:04:17.092+0000] {processor.py:809} INFO - DAG(s) dict_keys(['1-miprimerdag']) retrieved from /opt/airflow/dags/1_first_dag.py
[2026-09-13T02:04:17.191+0000] {logging_mixin.py:149} INFO - [2026-09-13T02:04:17.191+0000] {dag.py:2726} INFO - Sync 1 DAGs
[2026-09-13T02:04:17.275+0000] {logging_mixin.py:149} INFO - [2026-09-13T02:04:17.274+0000] {dag.py:3490} INFO - Setting next_dagrun for 1-miprimerdag to 2023-05-01T00:00:00+00:00, run_after=2023-05-01T00:00:00+00:00
[2026-09-13T02:04:17.359+0000] {processor.py:178} INFO - Processing /opt/airflow/dags/1_first_dag.py took 0.308 seconds
[2026-09-13T02:04:47.605+0000] {processor.py:156} INFO - Started process (PID=162241) to work on /opt/airflow/dags/1_first_dag.py
[2026-09-13T02:04:47.609+0000] {processor.py:799} INFO - Processing file /opt/airflow/dags/1_first_dag.py for tasks to queue
[2026-09-13T02:04:47.611+0000] {logging_mixin.py:149} INFO - [2026-09-13T02:04:47.610+0000] {dagbag.py:541} INFO - Filling up the DagBag from /opt/airflow/dags/1_first_dag.py
[2026-09-13T02:04:47.637+0000] {processor.py:809} INFO - DAG(s) dict_keys(['1-miprimerdag']) retrieved from /opt/airflow/dags/1_first_dag.py
[2026-09-13T02:04:47.722+0000] {logging_mixin.py:149} INFO - [2026-09-13T02:04:47.721+0000] {dag.py:2726} INFO - Sync 1 DAGs
[2026-09-13T02:04:47.788+0000] {logging_mixin.py:149} INFO - [2026-09-13T02:04:47.788+0000] {dag.py:3490} INFO - Setting next_dagrun for 1-miprimerdag to 2023-05-01T00:00:00+00:00, run_after=2023-05-01T00:00:00+00:00
[2026-09-13T02:04:47.851+0000] {processor.py:178} INFO - Processing /opt/airflow/dags/1_first_dag.py took 0.258 seconds
[2026-09-13T02:05:18.024+0000] {processor.py:156} INFO - Started process (PID=162255) to work on /opt/airflow/dags/1_first_dag.py
[2026-09-13T02:05:18.027+0000] {processor.py:799} INFO - Processing file /opt/airflow/dags/1_first_dag.py for tasks to queue
[2026-09-13T02:05:18.029+0000] {logging_mixin.py:149} INFO - [2026-09-13T02:05:18.029+0000] {dagbag.py:541} INFO - Filling up the DagBag from /opt/airflow/dags/1_first_dag.py
[2026-09-13T02:05:18.054+0000] {processor.py:809} INFO - DAG(s) dict_keys(['1-miprimerdag']) retrieved from /opt/airflow/dags/1_first_dag.py
[2026-09-13T02:05:18.147+0000] {logging_mixin.py:149} INFO - [2026-09-13T02:05:18.146+0000] {dag.py:2726} INFO - Sync 1 DAGs
[2026-09-13T02:05:18.234+0000] {logging_mixin.py:149} INFO - [2026-09-13T02:05:18.233+0000] {dag.py:3490} INFO - Setting next_dagrun for 1-miprimerdag to 2023-05-01T00:00:00+00:00, run_after=2023-05-01T00:00:00+00:00
[2026-09-13T02:05:18.309+0000] {processor.py:178} INFO - Processing /opt/airflow/dags/1_first_dag.py took 0.295 seconds
[2026-09-13T02:05:48.405+0000] {processor.py:156} INFO - Started process (PID=162269) to work on /opt/airflow/dags/1_first_dag.py
[2026-09-13T02:05:48.410+0000] {processor.py:799} INFO - Processing file /opt/airflow/dags/1_first_dag.py for tasks to queue
[2026-09-13T02:05:48.412+0000] {logging_mixin.py:149} INFO - [2026-09-13T02:05:48.412+0000] {dagbag.py:541} INFO - Filling up the DagBag from /opt/airflow/dags/1_first_dag.py
[2026-09-13T02:05:48.438+0000] {processor.py:809} INFO - DAG(s) dict_keys(['1-miprimerdag']) retrieved from /opt/airflow/dags/1_first_dag.py
[2026-09-13T02:05:48.524+0000] {logging_mixin.py:149} INFO - [2026-09-13T02:05:48.523+0000] {dag.py:2726} INFO - Sync 1 DAGs
[2026-09-13T02:05:48.603+0000] {logging_mixin.py:149} INFO - [2026-09-13T02:05:48.602+0000] {dag.py:3490} INFO - Setting next_dagrun for 1-miprimerdag to 2023-05-01T00:00:00+00:00, run_after=2023-05-01T00:00:00+00:00
[2026-09-13T02:05:48.662+0000] {processor.py:178} INFO - Processing /opt/airflow/dags/1_first_dag.py took 0.268 seconds
[2026-09-13T02:06:18.929+0000] {processor.py:156} INFO - Started process (PID=162283) to work on /opt/airflow/dags/1_first_dag.py
[2026-09-13T02:06:18.933+0000] {processor.py:799} INFO - Processing file /opt/airflow/dags/1_first_dag.py for tasks to queue
[2026-09-13T02:06:18.935+0000] {logging_mixin.py:149} INFO - [2026-09-13T02:06:18.934+0000] {dagbag.py:541} INFO - Filling up the DagBag from /opt/airflow/dags/1_first_dag.py
[2026-09-13T02:06:18.959+0000] {processor.py:809} INFO - DAG(s) dict_keys(['1-miprimerdag']) retrieved from /opt/airflow/dags/1_first_dag.py
[2026-09-13T02:06:19.043+0000] {logging_mixin.py:149} INFO - [2026-09-13T02:06:19.043+0000] {dag.py:2726} INFO - Sync 1 DAGs
[2026-09-13T02:06:19.109+0000] {logging_mixin.py:149} INFO - [2026-09-13T02:06:19.108+0000] {dag.py:3490} INFO - Setting next_dagrun for 1-miprimerdag to 2023-05-01T00:00:00+00:00, run_after=2023-05-01T00:00:00+00:00
[2026-09-13T02:06:19.170+0000] {processor.py:178} INFO - Processing /opt/airflow/dags/1_first_dag.py took 0.251 seconds
[2026-09-13T02:06:49.421+0000] {processor.py:156} INFO - Started process (PID=162298) to work on /opt/airflow/dags/1_first_dag.py
[2026-09-13T02:06:49.424+0000] {processor.py:799} INFO - Processing file /opt/airflow/dags/1_first_dag.py for tasks to queue
[2026-09-13T02:06:49.426+0000] {logging_mixin.py:149} INFO - [2026-09-13T02:06:49.426+0000] {dagbag.py:541} INFO - Filling up the DagBag from /opt/airflow/dags/1_first_dag.py
[2026-09-13T02:06:49.450+0000] {processor.py:809} INFO - DAG(s) dict_keys(['1-miprimerdag']) retrieved from /opt/airflow/dags/1_first_dag.py
[2026-09-13T02:06:49.549+0000] {logging_mixin.py:149} INFO - [2026-09-13T02:06:49.549+0000] {dag.py:2726} INFO - Sync 1 DAGs
[2026-09-13T02:06:49.626+0000] {logging_mixin.py:149} INFO - [2026-09-13T02:06:49.626+0000] {dag.py:3490} INFO - Setting next_dagrun for 1-miprimerdag to 2023-05-01T00:00:00+00:00, run_after=2023-05-01T00:00:00+00:00
[2026-09-13T02:06:49.686+0000] {processor.py:178} INFO - Processing /opt/airflow/dags/1_first_dag.py took 0.278 seconds
[2026-09-13T02:07:19.882+0000] {processor.py:156} INFO - Started process (PID=162312) to work on /opt/airflow/dags/1_first_dag.py
[2026-09-13T02:07:19.885+0000] {processor.py:799} INFO - Processing file /opt/airflow/dags/1_first_dag.py for tasks to queue
[2026-09-13T02:07:19.886+0000] {logging_mixin.py:149} INFO - [2026-09-13T02:07:19.886+0000] {dagbag.py:541} INFO - Filling up the DagBag from /opt/airflow/dags/1_first_dag.py
[2026-09-13T02:07:19.908+0000] {processor.py:809} INFO - DAG(s) dict_keys(['1-miprimerdag']) retrieved from /opt/airflow/dags/1_first_dag.py
[2026-09-13T02:07:19.995+0000] {logging_mixin.py:149} INFO - [2026-09-13T02:07:19.995+0000] {dag.py:2726} INFO - Sync 1 DAGs
[2026-09-13T02:07:20.053+0000] {logging_mixin.py:149} INFO - [2026-09-13T02:07:20.053+0000] {dag.py:3490} INFO - Setting next_dagrun for 1-miprimerdag to 2023-05-01T00:00:00+00:00, run_after=2023-05-01T00:00:00+00:00
[2026-09-13T02:07:20.121+0000] {processor.py:178} INFO - Processing /opt/airflow/dags/1_first_dag.py took 0.249 seconds
[2026-09-13T02:07:50.449+0000] {processor.py:156} INFO - Started process (PID=162326) to work on /opt/airflow/dags/1_first_dag.py
[2026-09-13T02:07:50.453+0000] {processor.py:799} INFO - Processing file /opt/airflow/dags/1_first_dag.py for tasks to queue
[2026-09-13T02:07:50.455+0000] {logging_mixin.py:149} INFO - [2026-09-13T02:07:50.455+0000] {dagbag.py:541} INFO - Filling up the DagBag from /opt/airflow/dags/1_first_dag.py
[2026-09-13T02:07:50.482+0000] {processor.py:809} INFO - DAG(s) dict_keys(['1-miprimerdag']) retrieved from /opt/airflow/dags/1_first_dag.py
[2026-09-13T02:07:50.563+0000] {logging_mixin.py:149} INFO - [2026-09-13T02:07:50.563+0000] {dag.py:2726} INFO - Sync 1 DAGs
[2026-09-13T02:07:50.645+0000] {logging_mixin.py:149} INFO - [2026-09-13T02:07:50.645+0000] {dag.py:3490} INFO - Setting next_dagrun for 1-miprimerdag to 2023-05-01T00:00:00+00:00, run_after=2023-05-01T00:00:00+00:00
[2026-09-13T02:07:50.705+0000] {processor.py:178} INFO - Processing /opt/airflow/dags/1_first_dag.py took 0.270 seconds
[2026-09-13T02:08:20.917+0000] {processor.py:156} INFO - Started process (PID=162340) to work on /opt/airflow/dags/1_first_dag.py
[2026-09-13T02:08:20.924+0000] {processor.py:799} INFO - Processing file /opt/airflow/dags/1_first_dag.py for tasks to queue
[2026-09-13T02:08:20.926+0000] {logging_mixin.py:149} INFO - [2026-09-13T02:08:20.926+0000] {dagbag.py:541} INFO - Filling up the DagBag from /opt/airflow/dags/1_first_dag.py
[2026-09-13T02:08:20.956+0000] {processor.py:809} INFO - DAG(s) dict_keys(['1-miprimerdag']) retrieved from /opt/airflow/dags/1_first_dag.py
[2026-09-13T02:08:21.052+0000] {logging_mixin.py:149} INFO - [2026-09-13T02:08:21.052+0000] {dag.py:2726} INFO - Sync 1 DAGs
[2026-09-13T02:08:21.123+0000] {logging_mixin.py:149} INFO - [2026-09-13T02:08:21.122+0000] {dag.py:3490} INFO - Setting next_dagrun for 1-miprimerdag to 2023-05-01T00:00:00+00:00, run_after=2023-05-01T00:00:00+00:00
[2026-09-13T02:08:21.181+0000] {processor.py:178} INFO - Processing /opt/airflow/dags/1_first_dag.py took 0.277 seconds
[2026-09-13T02:08:51.274+0000] {processor.py:156} INFO - Started process (PID=162354) to work on /opt/airflow/dags/1_first_dag.py
[2026-09-13T02:08:51.277+0000] {processor.py:799} INFO - Processing file /opt/airflow/dags/1_first_dag.py for tasks to queue
[2026-09-13T02:08:51.279+0000] {logging_mixin.py:149} INFO - [2026-09-13T02:08:51.279+0000] {dagbag.py:541} INFO - Filling up the DagBag from /opt/airflow/dags/1_first_dag.py
[2026-09-13T02:08:51.304+0000] {processor.py:809} INFO - DAG(s) dict_keys(['1-miprimerdag']) retrieved from /opt/airflow/dags/1_first_dag.py
[2026-09-13T02:08:51.392+0000] {logging_mixin.py:149} INFO - [2026-09-13T02:08:51.391+0000] {dag.py:2726} INFO - Sync 1 DAGs
[2026-09-13T02:08:51.475+0000] {logging_mixin.py:149} INFO - [2026-09-13T02:08:51.474+0000] {dag.py:3490} INFO - Setting next_dagrun for 1-miprimerdag to 2023-05-01T00:00:00+00:00, run_after=2023-05-01T00:00:00+00:00
[2026-09-13T02:08:51.543+0000] {processor.py:178} INFO - Processing /opt/airflow/dags/1_first_dag.py took 0.281 seconds
[2026-09-13T02:09:21.590+0000] {processor.py:156} INFO - Started process (PID=162369) to work on /opt/airflow/dags/1_first_dag.py
[2026-09-13T02:09:21.593+0000] {processor.py:799} INFO - Processing file /opt/airflow/dags/1_first_dag.py for tasks to queue
[2026-09-13T02:09:21.594+0000] {logging_mixin.py:149} INFO - [2026-09-13T02:09:21.594+0000] {dagbag.py:541} INFO - Filling up the DagBag from /opt/airflow/dags/1_first_dag.py
[2026-09-13T02:09:21.610+0000] {processor.py:809} INFO - DAG(s) dict_keys(['1-miprimerdag']) retrieved from /opt/airflow/dags/1_first_dag.py
[2026-09-13T02:09:21.682+0000] {logging_mixin.py:149} INFO - [2026-09-13T02:09:21.681+0000] {dag.py:2726} INFO - Sync 1 DAGs
[2026-09-13T02:09:21.746+0000] {logging_mixin.py:149} INFO - [2026-09-13T02:09:21.745+0000] {dag.py:3490} INFO - Setting next_dagrun for 1-miprimerdag to 2023-05-01T00:00:00+00:00, run_after=2023-05-01T00:00:00+00:00
[2026-09-13T02:09:21.831+0000] {processor.py:178} INFO - Processing /opt/airflow/dags/1_first_dag.py took 0.247 seconds
[2026-09-13T02:09:52.037+0000] {processor.py:156} INFO - Started process (PID=162382) to work on /opt/airflow/dags/1_first_dag.py
[2026-09-13T02:09:52.040+0000] {processor.py:799} INFO - Processing file /opt/airflow/dags/1_first_dag.py for tasks to queue
[2026-09-13T02:09:52.042+0000] {logging_mixin.py:149} INFO - [2026-09-13T02:09:52.042+0000] {dagbag.py:541} INFO - Filling up the DagBag from /opt/airflow/dags/1_first_dag.py
[2026-09-13T02:09:52.067+0000] {processor.py:809} INFO - DAG(s) dict_keys(['1-miprimerdag']) retrieved from /opt/airflow/dags/1_first_dag.py
[2026-09-13T02:09:52.147+0000] {logging_mixin.py:149} INFO - [2026-09-13T02:09:52.146+0000] {dag.py:2726} INFO - Sync 1 DAGs
[2026-09-13T02:09:52.196+0000] {logging_mixin.py:149} INFO - [2026-09-13T02:09:52.196+0000] {dag.py:3490} INFO - Setting next_dagrun for 1-miprimerdag to 2023-05-01T00:00:00+00:00, run_after=2023-05-01T00:00:00+00:00
[2026-09-13T02:09:52.226+0000] {processor.py:178} INFO - Processing /opt/airflow/dags/1_first_dag.py took 0.200 seconds
[2026-09-13T02:10:22.402+0000] {processor.py:156} INFO - Started process (PID=162396) to work on /opt/airflow/dags/1_first_dag.py
[2026-09-13T02:10:22.407+0000] {processor.py:799} INFO - Processing file /opt/airflow/dags/1_first_dag.py for tasks to queue
[2026-09-13T02:10:22.409+0000] {logging_mixin.py:149} INFO - [2026-09-13T02:10:22.408+0000] {dagbag.py:541} INFO - Filling up the DagBag from /opt/airflow/dags/1_first_dag.py
[2026-09-13T02:10:22.433+0000] {processor.py:809} INFO - DAG(s) dict_keys(['1-miprimerdag']) retrieved from /opt/airflow/dags/1_first_dag.py
[2026-09-13T02:10:22.530+0000] {logging_mixin.py:149} INFO - [2026-09-13T02:10:22.530+0000] {dag.py:2726} INFO - Sync 1 DAGs
[2026-09-13T02:10:22.601+0000] {logging_mixin.py:149} INFO - [2026-09-13T02:10:22.600+0000] {dag.py:3490} INFO - Setting next_dagrun for 1-miprimerdag to 2023-05-01T00:00:00+00:00, run_after=2023-05-01T00:00:00+00:00
[2026-09-13T02:10:22.661+0000] {processor.py:178} INFO - Processing /opt/airflow/dags/1_first_dag.py took 0.269 seconds
[2026-09-13T02:10:52.846+0000] {processor.py:156} INFO - Started process (PID=162410) to work on /opt/airflow/dags/1_first_dag.py
[2026-09-13T02:10:52.850+0000] {processor.py:799} INFO - Processing file /opt/airflow/dags/1_first_dag.py for tasks to queue
[2026-09-13T02:10:52.853+0000] {logging_mixin.py:149} INFO - [2026-09-13T02:10:52.853+0000] {dagbag.py:541} INFO - Filling up the DagBag from /opt/airflow/dags/1_first_dag.py
[2026-09-13T02:10:52.883+0000] {processor.py:809} INFO - DAG(s) dict_keys(['1-miprimerdag']) retrieved from /opt/airflow/dags/1_first_dag.py
[2026-09-13T02:10:52.979+0000] {logging_mixin.py:149} INFO - [2026-09-13T02:10:52.979+0000] {dag.py:2726} INFO - Sync 1 DAGs
[2026-09-13T02:10:53.045+0000] {logging_mixin.py:149} INFO - [2026-09-13T02:10:53.045+0000] {dag.py:3490} INFO - Setting next_dagrun for 1-miprimerdag to 2023-05-01T00:00:00+00:00, run_after=2023-05-01T00:00:00+00:00
[2026-09-13T02:10:53.107+0000] {processor.py:178} INFO - Processing /opt/airflow/dags/1_first_dag.py took 0.270 seconds
[2026-09-13T02:11:23.266+0000] {processor.py:156} INFO - Started process (PID=162424) to work on /opt/airflow/dags/1_first_dag.py
[2026-09-13T02:11:23.269+0000] {processor.py:799} INFO - Processing file /opt/airflow/dags/1_first_dag.py for tasks to queue
[2026-09-13T02:11:23.271+0000] {logging_mixin.py:149} INFO - [2026-09-13T02:11:23.270+0000] {dagbag.py:541} INFO - Filling up the DagBag from /opt/airflow/dags/1_first_dag.py
[2026-09-13T02:11:23.297+0000] {processor.py:809} INFO - DAG(s) dict_keys(['1-miprimerdag']) retrieved from /opt/airflow/dags/1_first_dag.py
[2026-09-13T02:11:23.391+0000] {logging_mixin.py:149} INFO - [2026-09-13T02:11:23.391+0000] {dag.py:2726} INFO - Sync 1 DAGs
[2026-09-13T02:11:23.468+0000] {logging_mixin.py:149} INFO - [2026-09-13T02:11:23.468+0000] {dag.py:3490} INFO - Setting next_dagrun for 1-miprimerdag to 2023-05-01T00:00:00+00:00, run_after=2023-05-01T00:00:00+00:00
[2026-09-13T02:11:23.516+0000] {processor.py:178} INFO - Processing /opt/airflow/dags/1_first_dag.py took 0.264 seconds
[2026-09-13T02:11:53.713+0000] {processor.py:156} INFO - Started process (PID=162438) to work on /opt/airflow/dags/1_first_dag.py
[2026-09-13T02:11:53.718+0000] {processor.py:799} INFO - Processing file /opt/airflow/dags/1_first_dag.py for tasks to queue
[2026-09-13T02:11:53.720+0000] {logging_mixin.py:149} INFO - [2026-09-13T02:11:53.720+0000] {dagbag.py:541} INFO - Filling up the DagBag from /opt/airflow/dags/1_first_dag.py
[2026-09-13T02:11:53.747+0000] {processor.py:809} INFO - DAG(s) dict_keys(['1-miprimerdag']) retrieved from /opt/airflow/dags/1_first_dag.py
[2026-09-13T02:11:53.840+0000] {logging_mixin.py:149} INFO - [2026-09-13T02:11:53.840+0000] {dag.py:2726} INFO - Sync 1 DAGs
[2026-09-13T02:11:53.893+0000] {logging_mixin.py:149} INFO - [2026-09-13T02:11:53.893+0000] {dag.py:3490} INFO - Setting next_dagrun for 1-miprimerdag to 2023-05-01T00:00:00+00:00, run_after=2023-05-01T00:00:00+00:00
[2026-09-13T02:11:53.926+0000] {processor.py:178} INFO - Processing /opt/airflow/dags/1_first_dag.py took 0.226 seconds
[2026-09-13T02:12:24.208+0000] {processor.py:156} INFO - Started process (PID=162452) to work on /opt/airflow/dags/1_first_dag.py
[2026-09-13T02:12:24.212+0000] {processor.py:799} INFO - Processing file /opt/airflow/dags/1_first_dag.py for tasks to queue
[2026-09-13T02:12:24.214+0000] {logging_mixin.py:149} INFO - [2026-09-13T02:12:24.213+0000] {dagbag.py:541} INFO - Filling up the DagBag from /opt/airflow/dags/1_first_dag.py
[2026-09-13T02:12:24.238+0000] {processor.py:809} INFO - DAG(s) dict_keys(['1-miprimerdag']) retrieved from /opt/airflow/dags/1_first_dag.py
[2026-09-13T02:12:24.324+0000] {logging_mixin.py:149} INFO - [2026-09-13T02:12:24.323+0000] {dag.py:2726} INFO - Sync 1 DAGs
[2026-09-13T02:12:24.388+0000] {logging_mixin.py:149} INFO - [2026-09-13T02:12:24.387+0000] {dag.py:3490} INFO - Setting next_dagrun for 1-miprimerdag to 2023-05-01T00:00:00+00:00, run_after=2023-05-01T00:00:00+00:00
[2026-09-13T02:12:24.458+0000] {processor.py:178} INFO - Processing /opt/airflow/dags/1_first_dag.py took 0.260 seconds
[2026-09-13T02:12:54.521+0000] {processor.py:156} INFO - Started process (PID=162467) to work on /opt/airflow/dags/1_first_dag.py
[2026-09-13T02:12:54.524+0000] {processor.py:799} INFO - Processing file /opt/airflow/dags/1_first_dag.py for tasks to queue
[2026-09-13T02:12:54.526+0000] {logging_mixin.py:149} INFO - [2026-09-13T02:12:54.525+0000] {dagbag.py:541} INFO - Filling up the DagBag from /opt/airflow/dags/1_first_dag.py
[2026-09-13T02:12:54.550+0000] {processor.py:809} INFO - DAG(s) dict_keys(['1-miprimerdag']) retrieved from /opt/airflow/dags/1_first_dag.py
[2026-09-13T02:12:54.634+0000] {logging_mixin.py:149} INFO - [2026-09-13T02:12:54.634+0000] {dag.py:2726} INFO - Sync 1 DAGs
[2026-09-13T02:12:54.725+0000] {logging_mixin.py:149} INFO - [2026-09-13T02:12:54.724+0000] {dag.py:3490} INFO - Setting next_dagrun for 1-miprimerdag to 2023-05-01T00:00:00+00:00, run_after=2023-05-01T00:00:00+00:00
[2026-09-13T02:12:54.791+0000] {processor.py:178} INFO - Processing /opt/airflow/dags/1_first_dag.py took 0.282 seconds
[2026-09-13T02:13:25.114+0000] {processor.py:156} INFO - Started process (PID=162481) to work on /opt/airflow/dags/1_first_dag.py
[2026-09-13T02:13:25.117+0000] {processor.py:799} INFO - Processing file /opt/airflow/dags/1_first_dag.py for tasks to queue
[2026-09-13T02:13:25.119+0000] {logging_mixin.py:149} INFO - [2026-09-13T02:13:25.118+0000] {dagbag.py:541} INFO - Filling up the DagBag from /opt/airflow/dags/1_first_dag.py
[2026-09-13T02:13:25.140+0000] {processor.py:809} INFO - DAG(s) dict_keys(['1-miprimerdag']) retrieved from /opt/airflow/dags/1_first_dag.py
[2026-09-13T02:13:25.225+0000] {logging_mixin.py:149} INFO - [2026-09-13T02:13:25.224+0000] {dag.py:2726} INFO - Sync 1 DAGs
[2026-09-13T02:13:25.306+0000] {logging_mixin.py:149} INFO - [2026-09-13T02:13:25.306+0000] {dag.py:3490} INFO - Setting next_dagrun for 1-miprimerdag to 2023-05-01T00:00:00+00:00, run_after=2023-05-01T00:00:00+00:00
[2026-09-13T02:13:25.371+0000] {processor.py:178} INFO - Processing /opt/airflow/dags/1_first_dag.py took 0.272 seconds
[2026-09-13T02:13:55.642+0000] {processor.py:156} INFO - Started process (PID=162495) to work on /opt/airflow/dags/1_first_dag.py
[2026-09-13T02:13:55.646+0000] {processor.py:799} INFO - Processing file /opt/airflow/dags/1_first_dag.py for tasks to queue
[2026-09-13T02:13:55.648+0000] {logging_mixin.py:149} INFO - [2026-09-13T02:13:55.648+0000] {dagbag.py:541} INFO - Filling up the DagBag from /opt/airflow/dags/1_first_dag.py
[2026-09-13T02:13:55.673+0000] {processor.py:809} INFO - DAG(s) dict_keys(['1-miprimerdag']) retrieved from /opt/airflow/dags/1_first_dag.py
[2026-09-13T02:13:55.762+0000] {logging_mixin.py:149} INFO - [2026-09-13T02:13:55.761+0000] {dag.py:2726} INFO - Sync 1 DAGs
[2026-09-13T02:13:55.832+0000] {logging_mixin.py:149} INFO - [2026-09-13T02:13:55.832+0000] {dag.py:3490} INFO - Setting next_dagrun for 1-miprimerdag to 2023-05-01T00:00:00+00:00, run_after=2023-05-01T00:00:00+00:00
[2026-09-13T02:13:55.895+0000] {processor.py:178} INFO - Processing /opt/airflow/dags/1_first_dag.py took 0.263 seconds
[2026-09-13T02:14:26.121+0000] {processor.py:156} INFO - Started process (PID=162509) to work on /opt/airflow/dags/1_first_dag.py
[2026-09-13T02:14:26.127+0000] {processor.py:799} INFO - Processing file /opt/airflow/dags/1_first_dag.py for tasks to queue
[2026-09-13T02:14:26.128+0000] {logging_mixin.py:149} INFO - [2026-09-13T02:14:26.128+0000] {dagbag.py:541} INFO - Filling up the DagBag from /opt/airflow/dags/1_first_dag.py
[2026-09-13T02:14:26.155+0000] {processor.py:809} INFO - DAG(s) dict_keys(['1-miprimerdag']) retrieved from /opt/airflow/dags/1_first_dag.py
[2026-09-13T02:14:26.243+0000] {logging_mixin.py:149} INFO - [2026-09-13T02:14:26.242+0000] {dag.py:2726} INFO - Sync 1 DAGs
[2026-09-13T02:14:26.327+0000] {logging_mixin.py:149} INFO - [2026-09-13T02:14:26.326+0000] {dag.py:3490} INFO - Setting next_dagrun for 1-miprimerdag to 2023-05-01T00:00:00+00:00, run_after=2023-05-01T00:00:00+00:00
[2026-09-13T02:14:26.388+0000] {processor.py:178} INFO - Processing /opt/airflow/dags/1_first_dag.py took 0.278 seconds
[2026-09-13T02:14:56.597+0000] {processor.py:156} INFO - Started process (PID=162522) to work on /opt/airflow/dags/1_first_dag.py
[2026-09-13T02:14:56.601+0000] {processor.py:799} INFO - Processing file /opt/airflow/dags/1_first_dag.py for tasks to queue
[2026-09-13T02:14:56.602+0000] {logging_mixin.py:149} INFO - [2026-09-13T02:14:56.602+0000] {dagbag.py:541} INFO - Filling up the DagBag from /opt/airflow/dags/1_first_dag.py
[2026-09-13T02:14:56.625+0000] {processor.py:809} INFO - DAG(s) dict_keys(['1-miprimerdag']) retrieved from /opt/airflow/dags/1_first_dag.py
[2026-09-13T02:14:56.691+0000] {logging_mixin.py:149} INFO - [2026-09-13T02:14:56.690+0000] {dag.py:2726} INFO - Sync 1 DAGs
[2026-09-13T02:14:56.764+0000] {logging_mixin.py:149} INFO - [2026-09-13T02:14:56.763+0000] {dag.py:3490} INFO - Setting next_dagrun for 1-miprimerdag to 2023-05-01T00:00:00+00:00, run_after=2023-05-01T00:00:00+00:00
[2026-09-13T02:14:56.839+0000] {processor.py:178} INFO - Processing /opt/airflow/dags/1_first_dag.py took 0.250 seconds
[2026-09-13T02:15:27.117+0000] {processor.py:156} INFO - Started process (PID=162536) to work on /opt/airflow/dags/1_first_dag.py
[2026-09-13T02:15:27.121+0000] {processor.py:799} INFO - Processing file /opt/airflow/dags/1_first_dag.py for tasks to queue
[2026-09-13T02:15:27.123+0000] {logging_mixin.py:149} INFO - [2026-09-13T02:15:27.122+0000] {dagbag.py:541} INFO - Filling up the DagBag from /opt/airflow/dags/1_first_dag.py
[2026-09-13T02:15:27.149+0000] {processor.py:809} INFO - DAG(s) dict_keys(['1-miprimerdag']) retrieved from /opt/airflow/dags/1_first_dag.py
[2026-09-13T02:15:27.215+0000] {logging_mixin.py:149} INFO - [2026-09-13T02:15:27.215+0000] {dag.py:2726} INFO - Sync 1 DAGs
[2026-09-13T02:15:27.290+0000] {logging_mixin.py:149} INFO - [2026-09-13T02:15:27.289+0000] {dag.py:3490} INFO - Setting next_dagrun for 1-miprimerdag to 2023-05-01T00:00:00+00:00, run_after=2023-05-01T00:00:00+00:00
[2026-09-13T02:15:27.337+0000] {processor.py:178} INFO - Processing /opt/airflow/dags/1_first_dag.py took 0.230 seconds
[2026-09-13T02:15:57.637+0000] {processor.py:156} INFO - Started process (PID=162550) to work on /opt/airflow/dags/1_first_dag.py
[2026-09-13T02:15:57.641+0000] {processor.py:799} INFO - Processing file /opt/airflow/dags/1_first_dag.py for tasks to queue
[2026-09-13T02:15:57.643+0000] {logging_mixin.py:149} INFO - [2026-09-13T02:15:57.642+0000] {dagbag.py:541} INFO - Filling up the DagBag from /opt/airflow/dags/1_first_dag.py
[2026-09-13T02:15:57.667+0000] {processor.py:809} INFO - DAG(s) dict_keys(['1-miprimerdag']) retrieved from /opt/airflow/dags/1_first_dag.py
[2026-09-13T02:15:57.750+0000] {logging_mixin.py:149} INFO - [2026-09-13T02:15:57.749+0000] {dag.py:2726} INFO - Sync 1 DAGs
[2026-09-13T02:15:57.816+0000] {logging_mixin.py:149} INFO - [2026-09-13T02:15:57.816+0000] {dag.py:3490} INFO - Setting next_dagrun for 1-miprimerdag to 2023-05-01T00:00:00+00:00, run_after=2023-05-01T00:00:00+00:00
[2026-09-13T02:15:57.877+0000] {processor.py:178} INFO - Processing /opt/airflow/dags/1_first_dag.py took 0.250 seconds
[2026-09-13T02:16:27.936+0000] {processor.py:156} INFO - Started process (PID=162565) to work on /opt/airflow/dags/1_first_dag.py
[2026-09-13T02:16:27.939+0000] {processor.py:799} INFO - Processing file /opt/airflow/dags/1_first_dag.py for tasks to queue
[2026-09-13T02:16:27.941+0000] {logging_mixin.py:149} INFO - [2026-09-13T02:16:27.941+0000] {dagbag.py:541} INFO - Filling up the DagBag from /opt/airflow/dags/1_first_dag.py
[2026-09-13T02:16:27.968+0000] {processor.py:809} INFO - DAG(s) dict_keys(['1-miprimerdag']) retrieved from /opt/airflow/dags/1_first_dag.py
[2026-09-13T02:16:28.064+0000] {logging_mixin.py:149} INFO - [2026-09-13T02:16:28.063+0000] {dag.py:2726} INFO - Sync 1 DAGs
[2026-09-13T02:16:28.145+0000] {logging_mixin.py:149} INFO - [2026-09-13T02:16:28.145+0000] {dag.py:3490} INFO - Setting next_dagrun for 1-miprimerdag to 2023-05-01T00:00:00+00:00, run_after=2023-05-01T00:00:00+00:00
[2026-09-13T02:16:28.207+0000] {processor.py:178} INFO - Processing /opt/airflow/dags/1_first_dag.py took 0.284 seconds
[2026-09-13T02:16:58.434+0000] {processor.py:156} INFO - Started process (PID=162578) to work on /opt/airflow/dags/1_first_dag.py
[2026-09-13T02:16:58.437+0000] {processor.py:799} INFO - Processing file /opt/airflow/dags/1_first_dag.py for tasks to queue
[2026-09-13T02:16:58.439+0000] {logging_mixin.py:149} INFO - [2026-09-13T02:16:58.438+0000] {dagbag.py:541} INFO - Filling up the DagBag from /opt/airflow/dags/1_first_dag.py
[2026-09-13T02:16:58.463+0000] {processor.py:809} INFO - DAG(s) dict_keys(['1-miprimerdag']) retrieved from /opt/airflow/dags/1_first_dag.py
[2026-09-13T02:16:58.547+0000] {logging_mixin.py:149} INFO - [2026-09-13T02:16:58.547+0000] {dag.py:2726} INFO - Sync 1 DAGs
[2026-09-13T02:16:58.612+0000] {logging_mixin.py:149} INFO - [2026-09-13T02:16:58.611+0000] {dag.py:3490} INFO - Setting next_dagrun for 1-miprimerdag to 2023-05-01T00:00:00+00:00, run_after=2023-05-01T00:00:00+00:00
[2026-09-13T02:16:58.667+0000] {processor.py:178} INFO - Processing /opt/airflow/dags/1_first_dag.py took 0.244 seconds
[2026-09-13T02:17:28.855+0000] {processor.py:156} INFO - Started process (PID=162592) to work on /opt/airflow/dags/1_first_dag.py
[2026-09-13T02:17:28.857+0000] {processor.py:799} INFO - Processing file /opt/airflow/dags/1_first_dag.py for tasks to queue
[2026-09-13T02:17:28.858+0000] {logging_mixin.py:149} INFO - [2026-09-13T02:17:28.858+0000] {dagbag.py:541} INFO - Filling up the DagBag from /opt/airflow/dags/1_first_dag.py
[2026-09-13T02:17:28.877+0000] {processor.py:809} INFO - DAG(s) dict_keys(['1-miprimerdag']) retrieved from /opt/airflow/dags/1_first_dag.py
[2026-09-13T02:17:28.962+0000] {logging_mixin.py:149} INFO - [2026-09-13T02:17:28.961+0000] {dag.py:2726} INFO - Sync 1 DAGs
[2026-09-13T02:17:29.011+0000] {logging_mixin.py:149} INFO - [2026-09-13T02:17:29.011+0000] {dag.py:3490} INFO - Setting next_dagrun for 1-miprimerdag to 2023-05-01T00:00:00+00:00, run_after=2023-05-01T00:00:00+00:00
[2026-09-13T02:17:29.075+0000] {processor.py:178} INFO - Processing /opt/airflow/dags/1_first_dag.py took 0.227 seconds
[2026-09-13T02:17:59.272+0000] {processor.py:156} INFO - Started process (PID=162606) to work on /opt/airflow/dags/1_first_dag.py
[2026-09-13T02:17:59.275+0000] {processor.py:799} INFO - Processing file /opt/airflow/dags/1_first_dag.py for tasks to queue
[2026-09-13T02:17:59.277+0000] {logging_mixin.py:149} INFO - [2026-09-13T02:17:59.277+0000] {dagbag.py:541} INFO - Filling up the DagBag from /opt/airflow/dags/1_first_dag.py
[2026-09-13T02:17:59.301+0000] {processor.py:809} INFO - DAG(s) dict_keys(['1-miprimerdag']) retrieved from /opt/airflow/dags/1_first_dag.py
[2026-09-13T02:17:59.392+0000] {logging_mixin.py:149} INFO - [2026-09-13T02:17:59.392+0000] {dag.py:2726} INFO - Sync 1 DAGs
[2026-09-13T02:17:59.471+0000] {logging_mixin.py:149} INFO - [2026-09-13T02:17:59.471+0000] {dag.py:3490} INFO - Setting next_dagrun for 1-miprimerdag to 2023-05-01T00:00:00+00:00, run_after=2023-05-01T00:00:00+00:00
[2026-09-13T02:17:59.527+0000] {processor.py:178} INFO - Processing /opt/airflow/dags/1_first_dag.py took 0.267 seconds
[2026-09-13T02:18:29.714+0000] {processor.py:156} INFO - Started process (PID=162621) to work on /opt/airflow/dags/1_first_dag.py
[2026-09-13T02:18:29.717+0000] {processor.py:799} INFO - Processing file /opt/airflow/dags/1_first_dag.py for tasks to queue
[2026-09-13T02:18:29.718+0000] {logging_mixin.py:149} INFO - [2026-09-13T02:18:29.718+0000] {dagbag.py:541} INFO - Filling up the DagBag from /opt/airflow/dags/1_first_dag.py
[2026-09-13T02:18:29.741+0000] {processor.py:809} INFO - DAG(s) dict_keys(['1-miprimerdag']) retrieved from /opt/airflow/dags/1_first_dag.py
[2026-09-13T02:18:29.830+0000] {logging_mixin.py:149} INFO - [2026-09-13T02:18:29.829+0000] {dag.py:2726} INFO - Sync 1 DAGs
[2026-09-13T02:18:29.891+0000] {logging_mixin.py:149} INFO - [2026-09-13T02:18:29.890+0000] {dag.py:3490} INFO - Setting next_dagrun for 1-miprimerdag to 2023-05-01T00:00:00+00:00, run_after=2023-05-01T00:00:00+00:00
[2026-09-13T02:18:29.963+0000] {processor.py:178} INFO - Processing /opt/airflow/dags/1_first_dag.py took 0.266 seconds
[2026-09-13T02:19:00.285+0000] {processor.py:156} INFO - Started process (PID=162635) to work on /opt/airflow/dags/1_first_dag.py
[2026-09-13T02:19:00.290+0000] {processor.py:799} INFO - Processing file /opt/airflow/dags/1_first_dag.py for tasks to queue
[2026-09-13T02:19:00.291+0000] {logging_mixin.py:149} INFO - [2026-09-13T02:19:00.291+0000] {dagbag.py:541} INFO - Filling up the DagBag from /opt/airflow/dags/1_first_dag.py
[2026-09-13T02:19:00.317+0000] {processor.py:809} INFO - DAG(s) dict_keys(['1-miprimerdag']) retrieved from /opt/airflow/dags/1_first_dag.py
[2026-09-13T02:19:00.414+0000] {logging_mixin.py:149} INFO - [2026-09-13T02:19:00.413+0000] {dag.py:2726} INFO - Sync 1 DAGs
[2026-09-13T02:19:00.496+0000] {logging_mixin.py:149} INFO - [2026-09-13T02:19:00.495+0000] {dag.py:3490} INFO - Setting next_dagrun for 1-miprimerdag to 2023-05-01T00:00:00+00:00, run_after=2023-05-01T00:00:00+00:00
[2026-09-13T02:19:00.574+0000] {processor.py:178} INFO - Processing /opt/airflow/dags/1_first_dag.py took 0.301 seconds
[2026-09-13T02:19:30.676+0000] {processor.py:156} INFO - Started process (PID=162649) to work on /opt/airflow/dags/1_first_dag.py
[2026-09-13T02:19:30.680+0000] {processor.py:799} INFO - Processing file /opt/airflow/dags/1_first_dag.py for tasks to queue
[2026-09-13T02:19:30.683+0000] {logging_mixin.py:149} INFO - [2026-09-13T02:19:30.682+0000] {dagbag.py:541} INFO - Filling up the DagBag from /opt/airflow/dags/1_first_dag.py
[2026-09-13T02:19:30.707+0000] {processor.py:809} INFO - DAG(s) dict_keys(['1-miprimerdag']) retrieved from /opt/airflow/dags/1_first_dag.py
[2026-09-13T02:19:30.797+0000] {logging_mixin.py:149} INFO - [2026-09-13T02:19:30.796+0000] {dag.py:2726} INFO - Sync 1 DAGs
[2026-09-13T02:19:30.866+0000] {logging_mixin.py:149} INFO - [2026-09-13T02:19:30.865+0000] {dag.py:3490} INFO - Setting next_dagrun for 1-miprimerdag to 2023-05-01T00:00:00+00:00, run_after=2023-05-01T00:00:00+00:00
[2026-09-13T02:19:30.923+0000] {processor.py:178} INFO - Processing /opt/airflow/dags/1_first_dag.py took 0.260 seconds
[2026-09-13T02:20:01.156+0000] {processor.py:156} INFO - Started process (PID=162662) to work on /opt/airflow/dags/1_first_dag.py
[2026-09-13T02:20:01.160+0000] {processor.py:799} INFO - Processing file /opt/airflow/dags/1_first_dag.py for tasks to queue
[2026-09-13T02:20:01.163+0000] {logging_mixin.py:149} INFO - [2026-09-13T02:20:01.161+0000] {dagbag.py:541} INFO - Filling up the DagBag from /opt/airflow/dags/1_first_dag.py
[2026-09-13T02:20:01.183+0000] {processor.py:809} INFO - DAG(s) dict_keys(['1-miprimerdag']) retrieved from /opt/airflow/dags/1_first_dag.py
[2026-09-13T02:20:01.240+0000] {logging_mixin.py:149} INFO - [2026-09-13T02:20:01.239+0000] {dag.py:2726} INFO - Sync 1 DAGs
[2026-09-13T02:20:01.279+0000] {logging_mixin.py:149} INFO - [2026-09-13T02:20:01.278+0000] {dag.py:3490} INFO - Setting next_dagrun for 1-miprimerdag to 2023-05-01T00:00:00+00:00, run_after=2023-05-01T00:00:00+00:00
[2026-09-13T02:20:01.309+0000] {processor.py:178} INFO - Processing /opt/airflow/dags/1_first_dag.py took 0.163 seconds
[2026-09-13T02:20:31.523+0000] {processor.py:156} INFO - Started process (PID=162676) to work on /opt/airflow/dags/1_first_dag.py
[2026-09-13T02:20:31.528+0000] {processor.py:799} INFO - Processing file /opt/airflow/dags/1_first_dag.py for tasks to queue
[2026-09-13T02:20:31.530+0000] {logging_mixin.py:149} INFO - [2026-09-13T02:20:31.529+0000] {dagbag.py:541} INFO - Filling up the DagBag from /opt/airflow/dags/1_first_dag.py
[2026-09-13T02:20:31.554+0000] {processor.py:809} INFO - DAG(s) dict_keys(['1-miprimerdag']) retrieved from /opt/airflow/dags/1_first_dag.py
[2026-09-13T02:20:31.635+0000] {logging_mixin.py:149} INFO - [2026-09-13T02:20:31.635+0000] {dag.py:2726} INFO - Sync 1 DAGs
[2026-09-13T02:20:31.685+0000] {logging_mixin.py:149} INFO - [2026-09-13T02:20:31.685+0000] {dag.py:3490} INFO - Setting next_dagrun for 1-miprimerdag to 2023-05-01T00:00:00+00:00, run_after=2023-05-01T00:00:00+00:00
[2026-09-13T02:20:31.720+0000] {processor.py:178} INFO - Processing /opt/airflow/dags/1_first_dag.py took 0.209 seconds
[2026-09-13T02:21:01.938+0000] {processor.py:156} INFO - Started process (PID=162690) to work on /opt/airflow/dags/1_first_dag.py
[2026-09-13T02:21:01.941+0000] {processor.py:799} INFO - Processing file /opt/airflow/dags/1_first_dag.py for tasks to queue
[2026-09-13T02:21:01.944+0000] {logging_mixin.py:149} INFO - [2026-09-13T02:21:01.943+0000] {dagbag.py:541} INFO - Filling up the DagBag from /opt/airflow/dags/1_first_dag.py
[2026-09-13T02:21:01.969+0000] {processor.py:809} INFO - DAG(s) dict_keys(['1-miprimerdag']) retrieved from /opt/airflow/dags/1_first_dag.py
[2026-09-13T02:21:02.068+0000] {logging_mixin.py:149} INFO - [2026-09-13T02:21:02.068+0000] {dag.py:2726} INFO - Sync 1 DAGs
[2026-09-13T02:21:02.149+0000] {logging_mixin.py:149} INFO - [2026-09-13T02:21:02.148+0000] {dag.py:3490} INFO - Setting next_dagrun for 1-miprimerdag to 2023-05-01T00:00:00+00:00, run_after=2023-05-01T00:00:00+00:00
[2026-09-13T02:21:02.222+0000] {processor.py:178} INFO - Processing /opt/airflow/dags/1_first_dag.py took 0.303 seconds
[2026-09-13T02:21:32.521+0000] {processor.py:156} INFO - Started process (PID=162704) to work on /opt/airflow/dags/1_first_dag.py
[2026-09-13T02:21:32.525+0000] {processor.py:799} INFO - Processing file /opt/airflow/dags/1_first_dag.py for tasks to queue
[2026-09-13T02:21:32.527+0000] {logging_mixin.py:149} INFO - [2026-09-13T02:21:32.527+0000] {dagbag.py:541} INFO - Filling up the DagBag from /opt/airflow/dags/1_first_dag.py
[2026-09-13T02:21:32.554+0000] {processor.py:809} INFO - DAG(s) dict_keys(['1-miprimerdag']) retrieved from /opt/airflow/dags/1_first_dag.py
[2026-09-13T02:21:32.644+0000] {logging_mixin.py:149} INFO - [2026-09-13T02:21:32.643+0000] {dag.py:2726} INFO - Sync 1 DAGs
[2026-09-13T02:21:32.726+0000] {logging_mixin.py:149} INFO - [2026-09-13T02:21:32.726+0000] {dag.py:3490} INFO - Setting next_dagrun for 1-miprimerdag to 2023-05-01T00:00:00+00:00, run_after=2023-05-01T00:00:00+00:00
[2026-09-13T02:21:32.793+0000] {processor.py:178} INFO - Processing /opt/airflow/dags/1_first_dag.py took 0.286 seconds
[2026-09-13T02:22:03.628+0000] {processor.py:156} INFO - Started process (PID=162718) to work on /opt/airflow/dags/1_first_dag.py
[2026-09-13T02:22:03.632+0000] {processor.py:799} INFO - Processing file /opt/airflow/dags/1_first_dag.py for tasks to queue
[2026-09-13T02:22:03.634+0000] {logging_mixin.py:149} INFO - [2026-09-13T02:22:03.634+0000] {dagbag.py:541} INFO - Filling up the DagBag from /opt/airflow/dags/1_first_dag.py
[2026-09-13T02:22:03.659+0000] {processor.py:809} INFO - DAG(s) dict_keys(['1-miprimerdag']) retrieved from /opt/airflow/dags/1_first_dag.py
[2026-09-13T02:22:03.745+0000] {logging_mixin.py:149} INFO - [2026-09-13T02:22:03.744+0000] {dag.py:2726} INFO - Sync 1 DAGs
[2026-09-13T02:22:03.821+0000] {logging_mixin.py:149} INFO - [2026-09-13T02:22:03.820+0000] {dag.py:3490} INFO - Setting next_dagrun for 1-miprimerdag to 2023-05-01T00:00:00+00:00, run_after=2023-05-01T00:00:00+00:00
[2026-09-13T02:22:03.893+0000] {processor.py:178} INFO - Processing /opt/airflow/dags/1_first_dag.py took 0.275 seconds
[2026-09-13T02:22:34.113+0000] {processor.py:156} INFO - Started process (PID=162732) to work on /opt/airflow/dags/1_first_dag.py
[2026-09-13T02:22:34.116+0000] {processor.py:799} INFO - Processing file /opt/airflow/dags/1_first_dag.py for tasks to queue
[2026-09-13T02:22:34.117+0000] {logging_mixin.py:149} INFO - [2026-09-13T02:22:34.117+0000] {dagbag.py:541} INFO - Filling up the DagBag from /opt/airflow/dags/1_first_dag.py
[2026-09-13T02:22:34.140+0000] {processor.py:809} INFO - DAG(s) dict_keys(['1-miprimerdag']) retrieved from /opt/airflow/dags/1_first_dag.py
[2026-09-13T02:22:34.224+0000] {logging_mixin.py:149} INFO - [2026-09-13T02:22:34.223+0000] {dag.py:2726} INFO - Sync 1 DAGs
[2026-09-13T02:22:34.299+0000] {logging_mixin.py:149} INFO - [2026-09-13T02:22:34.299+0000] {dag.py:3490} INFO - Setting next_dagrun for 1-miprimerdag to 2023-05-01T00:00:00+00:00, run_after=2023-05-01T00:00:00+00:00
[2026-09-13T02:22:34.345+0000] {processor.py:178} INFO - Processing /opt/airflow/dags/1_first_dag.py took 0.241 seconds
[2026-09-13T02:23:04.541+0000] {processor.py:156} INFO - Started process (PID=162746) to work on /opt/airflow/dags/1_first_dag.py
[2026-09-13T02:23:04.544+0000] {processor.py:799} INFO - Processing file /opt/airflow/dags/1_first_dag.py for tasks to queue
[2026-09-13T02:23:04.546+0000] {logging_mixin.py:149} INFO - [2026-09-13T02:23:04.546+0000] {dagbag.py:541} INFO - Filling up the DagBag from /opt/airflow/dags/1_first_dag.py
[2026-09-13T02:23:04.571+0000] {processor.py:809} INFO - DAG(s) dict_keys(['1-miprimerdag']) retrieved from /opt/airflow/dags/1_first_dag.py
[2026-09-13T02:23:04.664+0000] {logging_mixin.py:149} INFO - [2026-09-13T02:23:04.663+0000] {dag.py:2726} INFO - Sync 1 DAGs
[2026-09-13T02:23:04.726+0000] {logging_mixin.py:149} INFO - [2026-09-13T02:23:04.725+0000] {dag.py:3490} INFO - Setting next_dagrun for 1-miprimerdag to 2023-05-01T00:00:00+00:00, run_after=2023-05-01T00:00:00+00:00
[2026-09-13T02:23:04.788+0000] {processor.py:178} INFO - Processing /opt/airflow/dags/1_first_dag.py took 0.260 seconds
[2026-09-13T02:23:35.026+0000] {processor.py:156} INFO - Started process (PID=162760) to work on /opt/airflow/dags/1_first_dag.py
[2026-09-13T02:23:35.030+0000] {processor.py:799} INFO - Processing file /opt/airflow/dags/1_first_dag.py for tasks to queue
[2026-09-13T02:23:35.031+0000] {logging_mixin.py:149} INFO - [2026-09-13T02:23:35.031+0000] {dagbag.py:541} INFO - Filling up the DagBag from /opt/airflow/dags/1_first_dag.py
[2026-09-13T02:23:35.056+0000] {processor.py:809} INFO - DAG(s) dict_keys(['1-miprimerdag']) retrieved from /opt/airflow/dags/1_first_dag.py
[2026-09-13T02:23:35.147+0000] {logging_mixin.py:149} INFO - [2026-09-13T02:23:35.147+0000] {dag.py:2726} INFO - Sync 1 DAGs
[2026-09-13T02:23:35.206+0000] {logging_mixin.py:149} INFO - [2026-09-13T02:23:35.206+0000] {dag.py:3490} INFO - Setting next_dagrun for 1-miprimerdag to 2023-05-01T00:00:00+00:00, run_after=2023-05-01T00:00:00+00:00
[2026-09-13T02:23:35.280+0000] {processor.py:178} INFO - Processing /opt/airflow/dags/1_first_dag.py took 0.266 seconds
[2026-09-13T02:24:05.449+0000] {processor.py:156} INFO - Started process (PID=162774) to work on /opt/airflow/dags/1_first_dag.py
[2026-09-13T02:24:05.453+0000] {processor.py:799} INFO - Processing file /opt/airflow/dags/1_first_dag.py for tasks to queue
[2026-09-13T02:24:05.455+0000] {logging_mixin.py:149} INFO - [2026-09-13T02:24:05.455+0000] {dagbag.py:541} INFO - Filling up the DagBag from /opt/airflow/dags/1_first_dag.py
[2026-09-13T02:24:05.486+0000] {processor.py:809} INFO - DAG(s) dict_keys(['1-miprimerdag']) retrieved from /opt/airflow/dags/1_first_dag.py
[2026-09-13T02:24:05.567+0000] {logging_mixin.py:149} INFO - [2026-09-13T02:24:05.567+0000] {dag.py:2726} INFO - Sync 1 DAGs
[2026-09-13T02:24:05.645+0000] {logging_mixin.py:149} INFO - [2026-09-13T02:24:05.644+0000] {dag.py:3490} INFO - Setting next_dagrun for 1-miprimerdag to 2023-05-01T00:00:00+00:00, run_after=2023-05-01T00:00:00+00:00
[2026-09-13T02:24:05.717+0000] {processor.py:178} INFO - Processing /opt/airflow/dags/1_first_dag.py took 0.280 seconds
[2026-09-13T02:24:35.941+0000] {processor.py:156} INFO - Started process (PID=162788) to work on /opt/airflow/dags/1_first_dag.py
[2026-09-13T02:24:35.947+0000] {processor.py:799} INFO - Processing file /opt/airflow/dags/1_first_dag.py for tasks to queue
[2026-09-13T02:24:35.949+0000] {logging_mixin.py:149} INFO - [2026-09-13T02:24:35.949+0000] {dagbag.py:541} INFO - Filling up the DagBag from /opt/airflow/dags/1_first_dag.py
[2026-09-13T02:24:35.977+0000] {processor.py:809} INFO - DAG(s) dict_keys(['1-miprimerdag']) retrieved from /opt/airflow/dags/1_first_dag.py
[2026-09-13T02:24:36.061+0000] {logging_mixin.py:149} INFO - [2026-09-13T02:24:36.061+0000] {dag.py:2726} INFO - Sync 1 DAGs
[2026-09-13T02:24:36.125+0000] {logging_mixin.py:149} INFO - [2026-09-13T02:24:36.125+0000] {dag.py:3490} INFO - Setting next_dagrun for 1-miprimerdag to 2023-05-01T00:00:00+00:00, run_after=2023-05-01T00:00:00+00:00
[2026-09-13T02:24:36.205+0000] {processor.py:178} INFO - Processing /opt/airflow/dags/1_first_dag.py took 0.277 seconds
[2026-09-13T02:25:06.469+0000] {processor.py:156} INFO - Started process (PID=162802) to work on /opt/airflow/dags/1_first_dag.py
[2026-09-13T02:25:06.473+0000] {processor.py:799} INFO - Processing file /opt/airflow/dags/1_first_dag.py for tasks to queue
[2026-09-13T02:25:06.475+0000] {logging_mixin.py:149} INFO - [2026-09-13T02:25:06.475+0000] {dagbag.py:541} INFO - Filling up the DagBag from /opt/airflow/dags/1_first_dag.py
[2026-09-13T02:25:06.502+0000] {processor.py:809} INFO - DAG(s) dict_keys(['1-miprimerdag']) retrieved from /opt/airflow/dags/1_first_dag.py
[2026-09-13T02:25:06.596+0000] {logging_mixin.py:149} INFO - [2026-09-13T02:25:06.596+0000] {dag.py:2726} INFO - Sync 1 DAGs
[2026-09-13T02:25:06.680+0000] {logging_mixin.py:149} INFO - [2026-09-13T02:25:06.679+0000] {dag.py:3490} INFO - Setting next_dagrun for 1-miprimerdag to 2023-05-01T00:00:00+00:00, run_after=2023-05-01T00:00:00+00:00
[2026-09-13T02:25:06.748+0000] {processor.py:178} INFO - Processing /opt/airflow/dags/1_first_dag.py took 0.290 seconds
[2026-09-13T02:25:36.879+0000] {processor.py:156} INFO - Started process (PID=162816) to work on /opt/airflow/dags/1_first_dag.py
[2026-09-13T02:25:36.883+0000] {processor.py:799} INFO - Processing file /opt/airflow/dags/1_first_dag.py for tasks to queue
[2026-09-13T02:25:36.885+0000] {logging_mixin.py:149} INFO - [2026-09-13T02:25:36.884+0000] {dagbag.py:541} INFO - Filling up the DagBag from /opt/airflow/dags/1_first_dag.py
[2026-09-13T02:25:36.911+0000] {processor.py:809} INFO - DAG(s) dict_keys(['1-miprimerdag']) retrieved from /opt/airflow/dags/1_first_dag.py
[2026-09-13T02:25:37.008+0000] {logging_mixin.py:149} INFO - [2026-09-13T02:25:37.007+0000] {dag.py:2726} INFO - Sync 1 DAGs
[2026-09-13T02:25:37.059+0000] {logging_mixin.py:149} INFO - [2026-09-13T02:25:37.059+0000] {dag.py:3490} INFO - Setting next_dagrun for 1-miprimerdag to 2023-05-01T00:00:00+00:00, run_after=2023-05-01T00:00:00+00:00
[2026-09-13T02:25:37.107+0000] {processor.py:178} INFO - Processing /opt/airflow/dags/1_first_dag.py took 0.241 seconds
[2026-09-13T02:26:07.360+0000] {processor.py:156} INFO - Started process (PID=162830) to work on /opt/airflow/dags/1_first_dag.py
[2026-09-13T02:26:07.367+0000] {processor.py:799} INFO - Processing file /opt/airflow/dags/1_first_dag.py for tasks to queue
[2026-09-13T02:26:07.369+0000] {logging_mixin.py:149} INFO - [2026-09-13T02:26:07.369+0000] {dagbag.py:541} INFO - Filling up the DagBag from /opt/airflow/dags/1_first_dag.py
[2026-09-13T02:26:07.391+0000] {processor.py:809} INFO - DAG(s) dict_keys(['1-miprimerdag']) retrieved from /opt/airflow/dags/1_first_dag.py
[2026-09-13T02:26:07.480+0000] {logging_mixin.py:149} INFO - [2026-09-13T02:26:07.480+0000] {dag.py:2726} INFO - Sync 1 DAGs
[2026-09-13T02:26:07.548+0000] {logging_mixin.py:149} INFO - [2026-09-13T02:26:07.547+0000] {dag.py:3490} INFO - Setting next_dagrun for 1-miprimerdag to 2023-05-01T00:00:00+00:00, run_after=2023-05-01T00:00:00+00:00
[2026-09-13T02:26:07.614+0000] {processor.py:178} INFO - Processing /opt/airflow/dags/1_first_dag.py took 0.267 seconds
[2026-09-13T02:26:37.808+0000] {processor.py:156} INFO - Started process (PID=162845) to work on /opt/airflow/dags/1_first_dag.py
[2026-09-13T02:26:37.812+0000] {processor.py:799} INFO - Processing file /opt/airflow/dags/1_first_dag.py for tasks to queue
[2026-09-13T02:26:37.814+0000] {logging_mixin.py:149} INFO - [2026-09-13T02:26:37.814+0000] {dagbag.py:541} INFO - Filling up the DagBag from /opt/airflow/dags/1_first_dag.py
[2026-09-13T02:26:37.839+0000] {processor.py:809} INFO - DAG(s) dict_keys(['1-miprimerdag']) retrieved from /opt/airflow/dags/1_first_dag.py
[2026-09-13T02:26:37.922+0000] {logging_mixin.py:149} INFO - [2026-09-13T02:26:37.922+0000] {dag.py:2726} INFO - Sync 1 DAGs
[2026-09-13T02:26:37.969+0000] {logging_mixin.py:149} INFO - [2026-09-13T02:26:37.969+0000] {dag.py:3490} INFO - Setting next_dagrun for 1-miprimerdag to 2023-05-01T00:00:00+00:00, run_after=2023-05-01T00:00:00+00:00
[2026-09-13T02:26:38.026+0000] {processor.py:178} INFO - Processing /opt/airflow/dags/1_first_dag.py took 0.230 seconds
[2026-09-13T02:27:08.327+0000] {processor.py:156} INFO - Started process (PID=162859) to work on /opt/airflow/dags/1_first_dag.py
[2026-09-13T02:27:08.330+0000] {processor.py:799} INFO - Processing file /opt/airflow/dags/1_first_dag.py for tasks to queue
[2026-09-13T02:27:08.331+0000] {logging_mixin.py:149} INFO - [2026-09-13T02:27:08.331+0000] {dagbag.py:541} INFO - Filling up the DagBag from /opt/airflow/dags/1_first_dag.py
[2026-09-13T02:27:08.355+0000] {processor.py:809} INFO - DAG(s) dict_keys(['1-miprimerdag']) retrieved from /opt/airflow/dags/1_first_dag.py
[2026-09-13T02:27:08.445+0000] {logging_mixin.py:149} INFO - [2026-09-13T02:27:08.444+0000] {dag.py:2726} INFO - Sync 1 DAGs
[2026-09-13T02:27:08.529+0000] {logging_mixin.py:149} INFO - [2026-09-13T02:27:08.529+0000] {dag.py:3490} INFO - Setting next_dagrun for 1-miprimerdag to 2023-05-01T00:00:00+00:00, run_after=2023-05-01T00:00:00+00:00
[2026-09-13T02:27:08.594+0000] {processor.py:178} INFO - Processing /opt/airflow/dags/1_first_dag.py took 0.277 seconds
[2026-09-13T02:27:38.722+0000] {processor.py:156} INFO - Started process (PID=162873) to work on /opt/airflow/dags/1_first_dag.py
[2026-09-13T02:27:38.725+0000] {processor.py:799} INFO - Processing file /opt/airflow/dags/1_first_dag.py for tasks to queue
[2026-09-13T02:27:38.727+0000] {logging_mixin.py:149} INFO - [2026-09-13T02:27:38.727+0000] {dagbag.py:541} INFO - Filling up the DagBag from /opt/airflow/dags/1_first_dag.py
[2026-09-13T02:27:38.753+0000] {processor.py:809} INFO - DAG(s) dict_keys(['1-miprimerdag']) retrieved from /opt/airflow/dags/1_first_dag.py
[2026-09-13T02:27:38.841+0000] {logging_mixin.py:149} INFO - [2026-09-13T02:27:38.840+0000] {dag.py:2726} INFO - Sync 1 DAGs
[2026-09-13T02:27:38.906+0000] {logging_mixin.py:149} INFO - [2026-09-13T02:27:38.905+0000] {dag.py:3490} INFO - Setting next_dagrun for 1-miprimerdag to 2023-05-01T00:00:00+00:00, run_after=2023-05-01T00:00:00+00:00
[2026-09-13T02:27:38.966+0000] {processor.py:178} INFO - Processing /opt/airflow/dags/1_first_dag.py took 0.254 seconds
[2026-09-13T02:28:09.179+0000] {processor.py:156} INFO - Started process (PID=162887) to work on /opt/airflow/dags/1_first_dag.py
[2026-09-13T02:28:09.182+0000] {processor.py:799} INFO - Processing file /opt/airflow/dags/1_first_dag.py for tasks to queue
[2026-09-13T02:28:09.184+0000] {logging_mixin.py:149} INFO - [2026-09-13T02:28:09.184+0000] {dagbag.py:541} INFO - Filling up the DagBag from /opt/airflow/dags/1_first_dag.py
[2026-09-13T02:28:09.212+0000] {processor.py:809} INFO - DAG(s) dict_keys(['1-miprimerdag']) retrieved from /opt/airflow/dags/1_first_dag.py
[2026-09-13T02:28:09.301+0000] {logging_mixin.py:149} INFO - [2026-09-13T02:28:09.300+0000] {dag.py:2726} INFO - Sync 1 DAGs
[2026-09-13T02:28:09.384+0000] {logging_mixin.py:149} INFO - [2026-09-13T02:28:09.384+0000] {dag.py:3490} INFO - Setting next_dagrun for 1-miprimerdag to 2023-05-01T00:00:00+00:00, run_after=2023-05-01T00:00:00+00:00
[2026-09-13T02:28:09.479+0000] {processor.py:178} INFO - Processing /opt/airflow/dags/1_first_dag.py took 0.311 seconds
[2026-09-13T02:28:39.633+0000] {processor.py:156} INFO - Started process (PID=162909) to work on /opt/airflow/dags/1_first_dag.py
[2026-09-13T02:28:39.635+0000] {processor.py:799} INFO - Processing file /opt/airflow/dags/1_first_dag.py for tasks to queue
[2026-09-13T02:28:39.637+0000] {logging_mixin.py:149} INFO - [2026-09-13T02:28:39.637+0000] {dagbag.py:541} INFO - Filling up the DagBag from /opt/airflow/dags/1_first_dag.py
[2026-09-13T02:28:39.656+0000] {processor.py:809} INFO - DAG(s) dict_keys(['1-miprimerdag']) retrieved from /opt/airflow/dags/1_first_dag.py
[2026-09-13T02:28:39.728+0000] {logging_mixin.py:149} INFO - [2026-09-13T02:28:39.728+0000] {dag.py:2726} INFO - Sync 1 DAGs
[2026-09-13T02:28:39.793+0000] {logging_mixin.py:149} INFO - [2026-09-13T02:28:39.792+0000] {dag.py:3490} INFO - Setting next_dagrun for 1-miprimerdag to 2023-05-01T00:00:00+00:00, run_after=2023-05-01T00:00:00+00:00
[2026-09-13T02:28:39.820+0000] {processor.py:178} INFO - Processing /opt/airflow/dags/1_first_dag.py took 0.196 seconds
[2026-09-13T02:29:09.952+0000] {processor.py:156} INFO - Started process (PID=162924) to work on /opt/airflow/dags/1_first_dag.py
[2026-09-13T02:29:09.956+0000] {processor.py:799} INFO - Processing file /opt/airflow/dags/1_first_dag.py for tasks to queue
[2026-09-13T02:29:09.957+0000] {logging_mixin.py:149} INFO - [2026-09-13T02:29:09.957+0000] {dagbag.py:541} INFO - Filling up the DagBag from /opt/airflow/dags/1_first_dag.py
[2026-09-13T02:29:09.983+0000] {processor.py:809} INFO - DAG(s) dict_keys(['1-miprimerdag']) retrieved from /opt/airflow/dags/1_first_dag.py
[2026-09-13T02:29:10.076+0000] {logging_mixin.py:149} INFO - [2026-09-13T02:29:10.075+0000] {dag.py:2726} INFO - Sync 1 DAGs
[2026-09-13T02:29:10.146+0000] {logging_mixin.py:149} INFO - [2026-09-13T02:29:10.146+0000] {dag.py:3490} INFO - Setting next_dagrun for 1-miprimerdag to 2023-05-01T00:00:00+00:00, run_after=2023-05-01T00:00:00+00:00
[2026-09-13T02:29:10.216+0000] {processor.py:178} INFO - Processing /opt/airflow/dags/1_first_dag.py took 0.274 seconds
[2026-09-13T02:29:40.436+0000] {processor.py:156} INFO - Started process (PID=162938) to work on /opt/airflow/dags/1_first_dag.py
[2026-09-13T02:29:40.444+0000] {processor.py:799} INFO - Processing file /opt/airflow/dags/1_first_dag.py for tasks to queue
[2026-09-13T02:29:40.446+0000] {logging_mixin.py:149} INFO - [2026-09-13T02:29:40.446+0000] {dagbag.py:541} INFO - Filling up the DagBag from /opt/airflow/dags/1_first_dag.py
[2026-09-13T02:29:40.475+0000] {processor.py:809} INFO - DAG(s) dict_keys(['1-miprimerdag']) retrieved from /opt/airflow/dags/1_first_dag.py
[2026-09-13T02:29:40.567+0000] {logging_mixin.py:149} INFO - [2026-09-13T02:29:40.567+0000] {dag.py:2726} INFO - Sync 1 DAGs
[2026-09-13T02:29:40.646+0000] {logging_mixin.py:149} INFO - [2026-09-13T02:29:40.646+0000] {dag.py:3490} INFO - Setting next_dagrun for 1-miprimerdag to 2023-05-01T00:00:00+00:00, run_after=2023-05-01T00:00:00+00:00
[2026-09-13T02:29:40.721+0000] {processor.py:178} INFO - Processing /opt/airflow/dags/1_first_dag.py took 0.298 seconds
[2026-09-13T02:30:10.814+0000] {processor.py:156} INFO - Started process (PID=162953) to work on /opt/airflow/dags/1_first_dag.py
[2026-09-13T02:30:10.818+0000] {processor.py:799} INFO - Processing file /opt/airflow/dags/1_first_dag.py for tasks to queue
[2026-09-13T02:30:10.823+0000] {logging_mixin.py:149} INFO - [2026-09-13T02:30:10.823+0000] {dagbag.py:541} INFO - Filling up the DagBag from /opt/airflow/dags/1_first_dag.py
[2026-09-13T02:30:10.854+0000] {processor.py:809} INFO - DAG(s) dict_keys(['1-miprimerdag']) retrieved from /opt/airflow/dags/1_first_dag.py
[2026-09-13T02:30:10.920+0000] {logging_mixin.py:149} INFO - [2026-09-13T02:30:10.920+0000] {dag.py:2726} INFO - Sync 1 DAGs
[2026-09-13T02:30:10.973+0000] {logging_mixin.py:149} INFO - [2026-09-13T02:30:10.972+0000] {dag.py:3490} INFO - Setting next_dagrun for 1-miprimerdag to 2023-05-01T00:00:00+00:00, run_after=2023-05-01T00:00:00+00:00
[2026-09-13T02:30:11.037+0000] {processor.py:178} INFO - Processing /opt/airflow/dags/1_first_dag.py took 0.237 seconds
[2026-09-13T02:30:41.292+0000] {processor.py:156} INFO - Started process (PID=162967) to work on /opt/airflow/dags/1_first_dag.py
[2026-09-13T02:30:41.297+0000] {processor.py:799} INFO - Processing file /opt/airflow/dags/1_first_dag.py for tasks to queue
[2026-09-13T02:30:41.299+0000] {logging_mixin.py:149} INFO - [2026-09-13T02:30:41.298+0000] {dagbag.py:541} INFO - Filling up the DagBag from /opt/airflow/dags/1_first_dag.py
[2026-09-13T02:30:41.322+0000] {processor.py:809} INFO - DAG(s) dict_keys(['1-miprimerdag']) retrieved from /opt/airflow/dags/1_first_dag.py
[2026-09-13T02:30:41.420+0000] {logging_mixin.py:149} INFO - [2026-09-13T02:30:41.419+0000] {dag.py:2726} INFO - Sync 1 DAGs
[2026-09-13T02:30:41.503+0000] {logging_mixin.py:149} INFO - [2026-09-13T02:30:41.502+0000] {dag.py:3490} INFO - Setting next_dagrun for 1-miprimerdag to 2023-05-01T00:00:00+00:00, run_after=2023-05-01T00:00:00+00:00
[2026-09-13T02:30:41.581+0000] {processor.py:178} INFO - Processing /opt/airflow/dags/1_first_dag.py took 0.300 seconds
[2026-09-13T02:31:11.847+0000] {processor.py:156} INFO - Started process (PID=162981) to work on /opt/airflow/dags/1_first_dag.py
[2026-09-13T02:31:11.851+0000] {processor.py:799} INFO - Processing file /opt/airflow/dags/1_first_dag.py for tasks to queue
[2026-09-13T02:31:11.853+0000] {logging_mixin.py:149} INFO - [2026-09-13T02:31:11.853+0000] {dagbag.py:541} INFO - Filling up the DagBag from /opt/airflow/dags/1_first_dag.py
[2026-09-13T02:31:11.877+0000] {processor.py:809} INFO - DAG(s) dict_keys(['1-miprimerdag']) retrieved from /opt/airflow/dags/1_first_dag.py
[2026-09-13T02:31:11.979+0000] {logging_mixin.py:149} INFO - [2026-09-13T02:31:11.978+0000] {dag.py:2726} INFO - Sync 1 DAGs
[2026-09-13T02:31:12.057+0000] {logging_mixin.py:149} INFO - [2026-09-13T02:31:12.056+0000] {dag.py:3490} INFO - Setting next_dagrun for 1-miprimerdag to 2023-05-01T00:00:00+00:00, run_after=2023-05-01T00:00:00+00:00
[2026-09-13T02:31:12.123+0000] {processor.py:178} INFO - Processing /opt/airflow/dags/1_first_dag.py took 0.288 seconds
[2026-09-13T02:31:42.443+0000] {processor.py:156} INFO - Started process (PID=162995) to work on /opt/airflow/dags/1_first_dag.py
[2026-09-13T02:31:42.446+0000] {processor.py:799} INFO - Processing file /opt/airflow/dags/1_first_dag.py for tasks to queue
[2026-09-13T02:31:42.448+0000] {logging_mixin.py:149} INFO - [2026-09-13T02:31:42.447+0000] {dagbag.py:541} INFO - Filling up the DagBag from /opt/airflow/dags/1_first_dag.py
[2026-09-13T02:31:42.469+0000] {processor.py:809} INFO - DAG(s) dict_keys(['1-miprimerdag']) retrieved from /opt/airflow/dags/1_first_dag.py
[2026-09-13T02:31:42.551+0000] {logging_mixin.py:149} INFO - [2026-09-13T02:31:42.551+0000] {dag.py:2726} INFO - Sync 1 DAGs
[2026-09-13T02:31:42.622+0000] {logging_mixin.py:149} INFO - [2026-09-13T02:31:42.621+0000] {dag.py:3490} INFO - Setting next_dagrun for 1-miprimerdag to 2023-05-01T00:00:00+00:00, run_after=2023-05-01T00:00:00+00:00
[2026-09-13T02:31:42.689+0000] {processor.py:178} INFO - Processing /opt/airflow/dags/1_first_dag.py took 0.255 seconds
[2026-09-13T02:32:12.883+0000] {processor.py:156} INFO - Started process (PID=163010) to work on /opt/airflow/dags/1_first_dag.py
[2026-09-13T02:32:12.892+0000] {processor.py:799} INFO - Processing file /opt/airflow/dags/1_first_dag.py for tasks to queue
[2026-09-13T02:32:12.894+0000] {logging_mixin.py:149} INFO - [2026-09-13T02:32:12.894+0000] {dagbag.py:541} INFO - Filling up the DagBag from /opt/airflow/dags/1_first_dag.py
[2026-09-13T02:32:12.921+0000] {processor.py:809} INFO - DAG(s) dict_keys(['1-miprimerdag']) retrieved from /opt/airflow/dags/1_first_dag.py
[2026-09-13T02:32:13.012+0000] {logging_mixin.py:149} INFO - [2026-09-13T02:32:13.012+0000] {dag.py:2726} INFO - Sync 1 DAGs
[2026-09-13T02:32:13.081+0000] {logging_mixin.py:149} INFO - [2026-09-13T02:32:13.080+0000] {dag.py:3490} INFO - Setting next_dagrun for 1-miprimerdag to 2023-05-01T00:00:00+00:00, run_after=2023-05-01T00:00:00+00:00
[2026-09-13T02:32:13.144+0000] {processor.py:178} INFO - Processing /opt/airflow/dags/1_first_dag.py took 0.273 seconds
[2026-09-13T02:32:43.294+0000] {processor.py:156} INFO - Started process (PID=163024) to work on /opt/airflow/dags/1_first_dag.py
[2026-09-13T02:32:43.301+0000] {processor.py:799} INFO - Processing file /opt/airflow/dags/1_first_dag.py for tasks to queue
[2026-09-13T02:32:43.303+0000] {logging_mixin.py:149} INFO - [2026-09-13T02:32:43.303+0000] {dagbag.py:541} INFO - Filling up the DagBag from /opt/airflow/dags/1_first_dag.py
[2026-09-13T02:32:43.332+0000] {processor.py:809} INFO - DAG(s) dict_keys(['1-miprimerdag']) retrieved from /opt/airflow/dags/1_first_dag.py
[2026-09-13T02:32:43.422+0000] {logging_mixin.py:149} INFO - [2026-09-13T02:32:43.422+0000] {dag.py:2726} INFO - Sync 1 DAGs
[2026-09-13T02:32:43.486+0000] {logging_mixin.py:149} INFO - [2026-09-13T02:32:43.486+0000] {dag.py:3490} INFO - Setting next_dagrun for 1-miprimerdag to 2023-05-01T00:00:00+00:00, run_after=2023-05-01T00:00:00+00:00
[2026-09-13T02:32:43.549+0000] {processor.py:178} INFO - Processing /opt/airflow/dags/1_first_dag.py took 0.267 seconds
[2026-09-13T02:33:13.832+0000] {processor.py:156} INFO - Started process (PID=163038) to work on /opt/airflow/dags/1_first_dag.py
[2026-09-13T02:33:13.836+0000] {processor.py:799} INFO - Processing file /opt/airflow/dags/1_first_dag.py for tasks to queue
[2026-09-13T02:33:13.838+0000] {logging_mixin.py:149} INFO - [2026-09-13T02:33:13.837+0000] {dagbag.py:541} INFO - Filling up the DagBag from /opt/airflow/dags/1_first_dag.py
[2026-09-13T02:33:13.860+0000] {processor.py:809} INFO - DAG(s) dict_keys(['1-miprimerdag']) retrieved from /opt/airflow/dags/1_first_dag.py
[2026-09-13T02:33:13.938+0000] {logging_mixin.py:149} INFO - [2026-09-13T02:33:13.937+0000] {dag.py:2726} INFO - Sync 1 DAGs
[2026-09-13T02:33:14.006+0000] {logging_mixin.py:149} INFO - [2026-09-13T02:33:14.005+0000] {dag.py:3490} INFO - Setting next_dagrun for 1-miprimerdag to 2023-05-01T00:00:00+00:00, run_after=2023-05-01T00:00:00+00:00
[2026-09-13T02:33:14.077+0000] {processor.py:178} INFO - Processing /opt/airflow/dags/1_first_dag.py took 0.255 seconds
[2026-09-13T02:33:44.207+0000] {processor.py:156} INFO - Started process (PID=163052) to work on /opt/airflow/dags/1_first_dag.py
[2026-09-13T02:33:44.211+0000] {processor.py:799} INFO - Processing file /opt/airflow/dags/1_first_dag.py for tasks to queue
[2026-09-13T02:33:44.213+0000] {logging_mixin.py:149} INFO - [2026-09-13T02:33:44.213+0000] {dagbag.py:541} INFO - Filling up the DagBag from /opt/airflow/dags/1_first_dag.py
[2026-09-13T02:33:44.243+0000] {processor.py:809} INFO - DAG(s) dict_keys(['1-miprimerdag']) retrieved from /opt/airflow/dags/1_first_dag.py
[2026-09-13T02:33:44.331+0000] {logging_mixin.py:149} INFO - [2026-09-13T02:33:44.330+0000] {dag.py:2726} INFO - Sync 1 DAGs
[2026-09-13T02:33:44.397+0000] {logging_mixin.py:149} INFO - [2026-09-13T02:33:44.396+0000] {dag.py:3490} INFO - Setting next_dagrun for 1-miprimerdag to 2023-05-01T00:00:00+00:00, run_after=2023-05-01T00:00:00+00:00
[2026-09-13T02:33:44.467+0000] {processor.py:178} INFO - Processing /opt/airflow/dags/1_first_dag.py took 0.273 seconds
[2026-09-13T02:34:14.694+0000] {processor.py:156} INFO - Started process (PID=163065) to work on /opt/airflow/dags/1_first_dag.py
[2026-09-13T02:34:14.698+0000] {processor.py:799} INFO - Processing file /opt/airflow/dags/1_first_dag.py for tasks to queue
[2026-09-13T02:34:14.700+0000] {logging_mixin.py:149} INFO - [2026-09-13T02:34:14.700+0000] {dagbag.py:541} INFO - Filling up the DagBag from /opt/airflow/dags/1_first_dag.py
[2026-09-13T02:34:14.728+0000] {processor.py:809} INFO - DAG(s) dict_keys(['1-miprimerdag']) retrieved from /opt/airflow/dags/1_first_dag.py
[2026-09-13T02:34:14.819+0000] {logging_mixin.py:149} INFO - [2026-09-13T02:34:14.818+0000] {dag.py:2726} INFO - Sync 1 DAGs
[2026-09-13T02:34:14.888+0000] {logging_mixin.py:149} INFO - [2026-09-13T02:34:14.888+0000] {dag.py:3490} INFO - Setting next_dagrun for 1-miprimerdag to 2023-05-01T00:00:00+00:00, run_after=2023-05-01T00:00:00+00:00
[2026-09-13T02:34:14.932+0000] {processor.py:178} INFO - Processing /opt/airflow/dags/1_first_dag.py took 0.246 seconds
[2026-09-13T02:34:45.085+0000] {processor.py:156} INFO - Started process (PID=163079) to work on /opt/airflow/dags/1_first_dag.py
[2026-09-13T02:34:45.088+0000] {processor.py:799} INFO - Processing file /opt/airflow/dags/1_first_dag.py for tasks to queue
[2026-09-13T02:34:45.090+0000] {logging_mixin.py:149} INFO - [2026-09-13T02:34:45.090+0000] {dagbag.py:541} INFO - Filling up the DagBag from /opt/airflow/dags/1_first_dag.py
[2026-09-13T02:34:45.113+0000] {processor.py:809} INFO - DAG(s) dict_keys(['1-miprimerdag']) retrieved from /opt/airflow/dags/1_first_dag.py
[2026-09-13T02:34:45.194+0000] {logging_mixin.py:149} INFO - [2026-09-13T02:34:45.194+0000] {dag.py:2726} INFO - Sync 1 DAGs
[2026-09-13T02:34:45.265+0000] {logging_mixin.py:149} INFO - [2026-09-13T02:34:45.265+0000] {dag.py:3490} INFO - Setting next_dagrun for 1-miprimerdag to 2023-05-01T00:00:00+00:00, run_after=2023-05-01T00:00:00+00:00
[2026-09-13T02:34:45.335+0000] {processor.py:178} INFO - Processing /opt/airflow/dags/1_first_dag.py took 0.264 seconds
[2026-09-13T02:35:15.527+0000] {processor.py:156} INFO - Started process (PID=163093) to work on /opt/airflow/dags/1_first_dag.py
[2026-09-13T02:35:15.533+0000] {processor.py:799} INFO - Processing file /opt/airflow/dags/1_first_dag.py for tasks to queue
[2026-09-13T02:35:15.535+0000] {logging_mixin.py:149} INFO - [2026-09-13T02:35:15.534+0000] {dagbag.py:541} INFO - Filling up the DagBag from /opt/airflow/dags/1_first_dag.py
[2026-09-13T02:35:15.562+0000] {processor.py:809} INFO - DAG(s) dict_keys(['1-miprimerdag']) retrieved from /opt/airflow/dags/1_first_dag.py
[2026-09-13T02:35:15.647+0000] {logging_mixin.py:149} INFO - [2026-09-13T02:35:15.647+0000] {dag.py:2726} INFO - Sync 1 DAGs
[2026-09-13T02:35:15.721+0000] {logging_mixin.py:149} INFO - [2026-09-13T02:35:15.720+0000] {dag.py:3490} INFO - Setting next_dagrun for 1-miprimerdag to 2023-05-01T00:00:00+00:00, run_after=2023-05-01T00:00:00+00:00
[2026-09-13T02:35:15.787+0000] {processor.py:178} INFO - Processing /opt/airflow/dags/1_first_dag.py took 0.272 seconds
[2026-09-13T02:35:46.071+0000] {processor.py:156} INFO - Started process (PID=163108) to work on /opt/airflow/dags/1_first_dag.py
[2026-09-13T02:35:46.075+0000] {processor.py:799} INFO - Processing file /opt/airflow/dags/1_first_dag.py for tasks to queue
[2026-09-13T02:35:46.077+0000] {logging_mixin.py:149} INFO - [2026-09-13T02:35:46.076+0000] {dagbag.py:541} INFO - Filling up the DagBag from /opt/airflow/dags/1_first_dag.py
[2026-09-13T02:35:46.105+0000] {processor.py:809} INFO - DAG(s) dict_keys(['1-miprimerdag']) retrieved from /opt/airflow/dags/1_first_dag.py
[2026-09-13T02:35:46.203+0000] {logging_mixin.py:149} INFO - [2026-09-13T02:35:46.203+0000] {dag.py:2726} INFO - Sync 1 DAGs
[2026-09-13T02:35:46.280+0000] {logging_mixin.py:149} INFO - [2026-09-13T02:35:46.279+0000] {dag.py:3490} INFO - Setting next_dagrun for 1-miprimerdag to 2023-05-01T00:00:00+00:00, run_after=2023-05-01T00:00:00+00:00
[2026-09-13T02:35:46.356+0000] {processor.py:178} INFO - Processing /opt/airflow/dags/1_first_dag.py took 0.297 seconds
[2026-09-13T02:36:16.580+0000] {processor.py:156} INFO - Started process (PID=163122) to work on /opt/airflow/dags/1_first_dag.py
[2026-09-13T02:36:16.584+0000] {processor.py:799} INFO - Processing file /opt/airflow/dags/1_first_dag.py for tasks to queue
[2026-09-13T02:36:16.586+0000] {logging_mixin.py:149} INFO - [2026-09-13T02:36:16.585+0000] {dagbag.py:541} INFO - Filling up the DagBag from /opt/airflow/dags/1_first_dag.py
[2026-09-13T02:36:16.615+0000] {processor.py:809} INFO - DAG(s) dict_keys(['1-miprimerdag']) retrieved from /opt/airflow/dags/1_first_dag.py
[2026-09-13T02:36:16.691+0000] {logging_mixin.py:149} INFO - [2026-09-13T02:36:16.691+0000] {dag.py:2726} INFO - Sync 1 DAGs
[2026-09-13T02:36:16.756+0000] {logging_mixin.py:149} INFO - [2026-09-13T02:36:16.755+0000] {dag.py:3490} INFO - Setting next_dagrun for 1-miprimerdag to 2023-05-01T00:00:00+00:00, run_after=2023-05-01T00:00:00+00:00
[2026-09-13T02:36:16.815+0000] {processor.py:178} INFO - Processing /opt/airflow/dags/1_first_dag.py took 0.246 seconds
[2026-09-13T02:36:47.083+0000] {processor.py:156} INFO - Started process (PID=163136) to work on /opt/airflow/dags/1_first_dag.py
[2026-09-13T02:36:47.087+0000] {processor.py:799} INFO - Processing file /opt/airflow/dags/1_first_dag.py for tasks to queue
[2026-09-13T02:36:47.088+0000] {logging_mixin.py:149} INFO - [2026-09-13T02:36:47.088+0000] {dagbag.py:541} INFO - Filling up the DagBag from /opt/airflow/dags/1_first_dag.py
[2026-09-13T02:36:47.117+0000] {processor.py:809} INFO - DAG(s) dict_keys(['1-miprimerdag']) retrieved from /opt/airflow/dags/1_first_dag.py
[2026-09-13T02:36:47.208+0000] {logging_mixin.py:149} INFO - [2026-09-13T02:36:47.208+0000] {dag.py:2726} INFO - Sync 1 DAGs
[2026-09-13T02:36:47.270+0000] {logging_mixin.py:149} INFO - [2026-09-13T02:36:47.269+0000] {dag.py:3490} INFO - Setting next_dagrun for 1-miprimerdag to 2023-05-01T00:00:00+00:00, run_after=2023-05-01T00:00:00+00:00
[2026-09-13T02:36:47.331+0000] {processor.py:178} INFO - Processing /opt/airflow/dags/1_first_dag.py took 0.263 seconds
[2026-09-13T02:37:17.561+0000] {processor.py:156} INFO - Started process (PID=163151) to work on /opt/airflow/dags/1_first_dag.py
[2026-09-13T02:37:17.565+0000] {processor.py:799} INFO - Processing file /opt/airflow/dags/1_first_dag.py for tasks to queue
[2026-09-13T02:37:17.566+0000] {logging_mixin.py:149} INFO - [2026-09-13T02:37:17.566+0000] {dagbag.py:541} INFO - Filling up the DagBag from /opt/airflow/dags/1_first_dag.py
[2026-09-13T02:37:17.589+0000] {processor.py:809} INFO - DAG(s) dict_keys(['1-miprimerdag']) retrieved from /opt/airflow/dags/1_first_dag.py
[2026-09-13T02:37:17.684+0000] {logging_mixin.py:149} INFO - [2026-09-13T02:37:17.684+0000] {dag.py:2726} INFO - Sync 1 DAGs
[2026-09-13T02:37:17.765+0000] {logging_mixin.py:149} INFO - [2026-09-13T02:37:17.764+0000] {dag.py:3490} INFO - Setting next_dagrun for 1-miprimerdag to 2023-05-01T00:00:00+00:00, run_after=2023-05-01T00:00:00+00:00
[2026-09-13T02:37:17.811+0000] {processor.py:178} INFO - Processing /opt/airflow/dags/1_first_dag.py took 0.264 seconds
[2026-09-13T02:37:48.011+0000] {processor.py:156} INFO - Started process (PID=163165) to work on /opt/airflow/dags/1_first_dag.py
[2026-09-13T02:37:48.015+0000] {processor.py:799} INFO - Processing file /opt/airflow/dags/1_first_dag.py for tasks to queue
[2026-09-13T02:37:48.017+0000] {logging_mixin.py:149} INFO - [2026-09-13T02:37:48.017+0000] {dagbag.py:541} INFO - Filling up the DagBag from /opt/airflow/dags/1_first_dag.py
[2026-09-13T02:37:48.039+0000] {processor.py:809} INFO - DAG(s) dict_keys(['1-miprimerdag']) retrieved from /opt/airflow/dags/1_first_dag.py
[2026-09-13T02:37:48.123+0000] {logging_mixin.py:149} INFO - [2026-09-13T02:37:48.123+0000] {dag.py:2726} INFO - Sync 1 DAGs
[2026-09-13T02:37:48.198+0000] {logging_mixin.py:149} INFO - [2026-09-13T02:37:48.197+0000] {dag.py:3490} INFO - Setting next_dagrun for 1-miprimerdag to 2023-05-01T00:00:00+00:00, run_after=2023-05-01T00:00:00+00:00
[2026-09-13T02:37:48.258+0000] {processor.py:178} INFO - Processing /opt/airflow/dags/1_first_dag.py took 0.259 seconds
[2026-09-13T02:38:18.482+0000] {processor.py:156} INFO - Started process (PID=163179) to work on /opt/airflow/dags/1_first_dag.py
[2026-09-13T02:38:18.485+0000] {processor.py:799} INFO - Processing file /opt/airflow/dags/1_first_dag.py for tasks to queue
[2026-09-13T02:38:18.487+0000] {logging_mixin.py:149} INFO - [2026-09-13T02:38:18.487+0000] {dagbag.py:541} INFO - Filling up the DagBag from /opt/airflow/dags/1_first_dag.py
[2026-09-13T02:38:18.509+0000] {processor.py:809} INFO - DAG(s) dict_keys(['1-miprimerdag']) retrieved from /opt/airflow/dags/1_first_dag.py
[2026-09-13T02:38:18.601+0000] {logging_mixin.py:149} INFO - [2026-09-13T02:38:18.600+0000] {dag.py:2726} INFO - Sync 1 DAGs
[2026-09-13T02:38:18.676+0000] {logging_mixin.py:149} INFO - [2026-09-13T02:38:18.675+0000] {dag.py:3490} INFO - Setting next_dagrun for 1-miprimerdag to 2023-05-01T00:00:00+00:00, run_after=2023-05-01T00:00:00+00:00
[2026-09-13T02:38:18.728+0000] {processor.py:178} INFO - Processing /opt/airflow/dags/1_first_dag.py took 0.256 seconds
[2026-09-13T02:38:49.037+0000] {processor.py:156} INFO - Started process (PID=163193) to work on /opt/airflow/dags/1_first_dag.py
[2026-09-13T02:38:49.041+0000] {processor.py:799} INFO - Processing file /opt/airflow/dags/1_first_dag.py for tasks to queue
[2026-09-13T02:38:49.044+0000] {logging_mixin.py:149} INFO - [2026-09-13T02:38:49.043+0000] {dagbag.py:541} INFO - Filling up the DagBag from /opt/airflow/dags/1_first_dag.py
[2026-09-13T02:38:49.066+0000] {processor.py:809} INFO - DAG(s) dict_keys(['1-miprimerdag']) retrieved from /opt/airflow/dags/1_first_dag.py
[2026-09-13T02:38:49.149+0000] {logging_mixin.py:149} INFO - [2026-09-13T02:38:49.148+0000] {dag.py:2726} INFO - Sync 1 DAGs
[2026-09-13T02:38:49.212+0000] {logging_mixin.py:149} INFO - [2026-09-13T02:38:49.211+0000] {dag.py:3490} INFO - Setting next_dagrun for 1-miprimerdag to 2023-05-01T00:00:00+00:00, run_after=2023-05-01T00:00:00+00:00
[2026-09-13T02:38:49.268+0000] {processor.py:178} INFO - Processing /opt/airflow/dags/1_first_dag.py took 0.239 seconds
[2026-09-13T02:39:19.539+0000] {processor.py:156} INFO - Started process (PID=163207) to work on /opt/airflow/dags/1_first_dag.py
[2026-09-13T02:39:19.542+0000] {processor.py:799} INFO - Processing file /opt/airflow/dags/1_first_dag.py for tasks to queue
[2026-09-13T02:39:19.543+0000] {logging_mixin.py:149} INFO - [2026-09-13T02:39:19.543+0000] {dagbag.py:541} INFO - Filling up the DagBag from /opt/airflow/dags/1_first_dag.py
[2026-09-13T02:39:19.569+0000] {processor.py:809} INFO - DAG(s) dict_keys(['1-miprimerdag']) retrieved from /opt/airflow/dags/1_first_dag.py
[2026-09-13T02:39:19.647+0000] {logging_mixin.py:149} INFO - [2026-09-13T02:39:19.647+0000] {dag.py:2726} INFO - Sync 1 DAGs
[2026-09-13T02:39:19.701+0000] {logging_mixin.py:149} INFO - [2026-09-13T02:39:19.700+0000] {dag.py:3490} INFO - Setting next_dagrun for 1-miprimerdag to 2023-05-01T00:00:00+00:00, run_after=2023-05-01T00:00:00+00:00
[2026-09-13T02:39:19.768+0000] {processor.py:178} INFO - Processing /opt/airflow/dags/1_first_dag.py took 0.241 seconds
[2026-09-13T02:39:50.103+0000] {processor.py:156} INFO - Started process (PID=163222) to work on /opt/airflow/dags/1_first_dag.py
[2026-09-13T02:39:50.107+0000] {processor.py:799} INFO - Processing file /opt/airflow/dags/1_first_dag.py for tasks to queue
[2026-09-13T02:39:50.109+0000] {logging_mixin.py:149} INFO - [2026-09-13T02:39:50.108+0000] {dagbag.py:541} INFO - Filling up the DagBag from /opt/airflow/dags/1_first_dag.py
[2026-09-13T02:39:50.132+0000] {processor.py:809} INFO - DAG(s) dict_keys(['1-miprimerdag']) retrieved from /opt/airflow/dags/1_first_dag.py
[2026-09-13T02:39:50.233+0000] {logging_mixin.py:149} INFO - [2026-09-13T02:39:50.232+0000] {dag.py:2726} INFO - Sync 1 DAGs
[2026-09-13T02:39:50.308+0000] {logging_mixin.py:149} INFO - [2026-09-13T02:39:50.308+0000] {dag.py:3490} INFO - Setting next_dagrun for 1-miprimerdag to 2023-05-01T00:00:00+00:00, run_after=2023-05-01T00:00:00+00:00
[2026-09-13T02:39:50.371+0000] {processor.py:178} INFO - Processing /opt/airflow/dags/1_first_dag.py took 0.280 seconds
[2026-09-13T02:40:20.560+0000] {processor.py:156} INFO - Started process (PID=163237) to work on /opt/airflow/dags/1_first_dag.py
[2026-09-13T02:40:20.564+0000] {processor.py:799} INFO - Processing file /opt/airflow/dags/1_first_dag.py for tasks to queue
[2026-09-13T02:40:20.566+0000] {logging_mixin.py:149} INFO - [2026-09-13T02:40:20.565+0000] {dagbag.py:541} INFO - Filling up the DagBag from /opt/airflow/dags/1_first_dag.py
[2026-09-13T02:40:20.589+0000] {processor.py:809} INFO - DAG(s) dict_keys(['1-miprimerdag']) retrieved from /opt/airflow/dags/1_first_dag.py
[2026-09-13T02:40:20.685+0000] {logging_mixin.py:149} INFO - [2026-09-13T02:40:20.684+0000] {dag.py:2726} INFO - Sync 1 DAGs
[2026-09-13T02:40:20.750+0000] {logging_mixin.py:149} INFO - [2026-09-13T02:40:20.750+0000] {dag.py:3490} INFO - Setting next_dagrun for 1-miprimerdag to 2023-05-01T00:00:00+00:00, run_after=2023-05-01T00:00:00+00:00
[2026-09-13T02:40:20.783+0000] {processor.py:178} INFO - Processing /opt/airflow/dags/1_first_dag.py took 0.235 seconds
[2026-09-13T02:40:51.059+0000] {processor.py:156} INFO - Started process (PID=163251) to work on /opt/airflow/dags/1_first_dag.py
[2026-09-13T02:40:51.062+0000] {processor.py:799} INFO - Processing file /opt/airflow/dags/1_first_dag.py for tasks to queue
[2026-09-13T02:40:51.063+0000] {logging_mixin.py:149} INFO - [2026-09-13T02:40:51.063+0000] {dagbag.py:541} INFO - Filling up the DagBag from /opt/airflow/dags/1_first_dag.py
[2026-09-13T02:40:51.089+0000] {processor.py:809} INFO - DAG(s) dict_keys(['1-miprimerdag']) retrieved from /opt/airflow/dags/1_first_dag.py
[2026-09-13T02:40:51.191+0000] {logging_mixin.py:149} INFO - [2026-09-13T02:40:51.191+0000] {dag.py:2726} INFO - Sync 1 DAGs
[2026-09-13T02:40:51.260+0000] {logging_mixin.py:149} INFO - [2026-09-13T02:40:51.259+0000] {dag.py:3490} INFO - Setting next_dagrun for 1-miprimerdag to 2023-05-01T00:00:00+00:00, run_after=2023-05-01T00:00:00+00:00
[2026-09-13T02:40:51.333+0000] {processor.py:178} INFO - Processing /opt/airflow/dags/1_first_dag.py took 0.288 seconds
[2026-09-13T02:41:21.508+0000] {processor.py:156} INFO - Started process (PID=163264) to work on /opt/airflow/dags/1_first_dag.py
[2026-09-13T02:41:21.511+0000] {processor.py:799} INFO - Processing file /opt/airflow/dags/1_first_dag.py for tasks to queue
[2026-09-13T02:41:21.513+0000] {logging_mixin.py:149} INFO - [2026-09-13T02:41:21.512+0000] {dagbag.py:541} INFO - Filling up the DagBag from /opt/airflow/dags/1_first_dag.py
[2026-09-13T02:41:21.536+0000] {processor.py:809} INFO - DAG(s) dict_keys(['1-miprimerdag']) retrieved from /opt/airflow/dags/1_first_dag.py
[2026-09-13T02:41:21.615+0000] {logging_mixin.py:149} INFO - [2026-09-13T02:41:21.614+0000] {dag.py:2726} INFO - Sync 1 DAGs
[2026-09-13T02:41:21.672+0000] {logging_mixin.py:149} INFO - [2026-09-13T02:41:21.671+0000] {dag.py:3490} INFO - Setting next_dagrun for 1-miprimerdag to 2023-05-01T00:00:00+00:00, run_after=2023-05-01T00:00:00+00:00
[2026-09-13T02:41:21.741+0000] {processor.py:178} INFO - Processing /opt/airflow/dags/1_first_dag.py took 0.243 seconds
[2026-09-13T02:41:52.037+0000] {processor.py:156} INFO - Started process (PID=163278) to work on /opt/airflow/dags/1_first_dag.py
[2026-09-13T02:41:52.041+0000] {processor.py:799} INFO - Processing file /opt/airflow/dags/1_first_dag.py for tasks to queue
[2026-09-13T02:41:52.044+0000] {logging_mixin.py:149} INFO - [2026-09-13T02:41:52.043+0000] {dagbag.py:541} INFO - Filling up the DagBag from /opt/airflow/dags/1_first_dag.py
[2026-09-13T02:41:52.068+0000] {processor.py:809} INFO - DAG(s) dict_keys(['1-miprimerdag']) retrieved from /opt/airflow/dags/1_first_dag.py
[2026-09-13T02:41:52.165+0000] {logging_mixin.py:149} INFO - [2026-09-13T02:41:52.165+0000] {dag.py:2726} INFO - Sync 1 DAGs
[2026-09-13T02:41:52.240+0000] {logging_mixin.py:149} INFO - [2026-09-13T02:41:52.239+0000] {dag.py:3490} INFO - Setting next_dagrun for 1-miprimerdag to 2023-05-01T00:00:00+00:00, run_after=2023-05-01T00:00:00+00:00
[2026-09-13T02:41:52.304+0000] {processor.py:178} INFO - Processing /opt/airflow/dags/1_first_dag.py took 0.283 seconds
[2026-09-13T02:42:22.554+0000] {processor.py:156} INFO - Started process (PID=163292) to work on /opt/airflow/dags/1_first_dag.py
[2026-09-13T02:42:22.563+0000] {processor.py:799} INFO - Processing file /opt/airflow/dags/1_first_dag.py for tasks to queue
[2026-09-13T02:42:22.565+0000] {logging_mixin.py:149} INFO - [2026-09-13T02:42:22.565+0000] {dagbag.py:541} INFO - Filling up the DagBag from /opt/airflow/dags/1_first_dag.py
[2026-09-13T02:42:22.592+0000] {processor.py:809} INFO - DAG(s) dict_keys(['1-miprimerdag']) retrieved from /opt/airflow/dags/1_first_dag.py
[2026-09-13T02:42:22.685+0000] {logging_mixin.py:149} INFO - [2026-09-13T02:42:22.685+0000] {dag.py:2726} INFO - Sync 1 DAGs
[2026-09-13T02:42:22.760+0000] {logging_mixin.py:149} INFO - [2026-09-13T02:42:22.758+0000] {dag.py:3490} INFO - Setting next_dagrun for 1-miprimerdag to 2023-05-01T00:00:00+00:00, run_after=2023-05-01T00:00:00+00:00
[2026-09-13T02:42:22.822+0000] {processor.py:178} INFO - Processing /opt/airflow/dags/1_first_dag.py took 0.279 seconds
[2026-09-13T02:42:52.980+0000] {processor.py:156} INFO - Started process (PID=163306) to work on /opt/airflow/dags/1_first_dag.py
[2026-09-13T02:42:52.983+0000] {processor.py:799} INFO - Processing file /opt/airflow/dags/1_first_dag.py for tasks to queue
[2026-09-13T02:42:52.985+0000] {logging_mixin.py:149} INFO - [2026-09-13T02:42:52.984+0000] {dagbag.py:541} INFO - Filling up the DagBag from /opt/airflow/dags/1_first_dag.py
[2026-09-13T02:42:53.009+0000] {processor.py:809} INFO - DAG(s) dict_keys(['1-miprimerdag']) retrieved from /opt/airflow/dags/1_first_dag.py
[2026-09-13T02:42:53.101+0000] {logging_mixin.py:149} INFO - [2026-09-13T02:42:53.100+0000] {dag.py:2726} INFO - Sync 1 DAGs
[2026-09-13T02:42:53.173+0000] {logging_mixin.py:149} INFO - [2026-09-13T02:42:53.173+0000] {dag.py:3490} INFO - Setting next_dagrun for 1-miprimerdag to 2023-05-01T00:00:00+00:00, run_after=2023-05-01T00:00:00+00:00
[2026-09-13T02:42:53.222+0000] {processor.py:178} INFO - Processing /opt/airflow/dags/1_first_dag.py took 0.253 seconds
[2026-09-13T02:43:23.515+0000] {processor.py:156} INFO - Started process (PID=163321) to work on /opt/airflow/dags/1_first_dag.py
[2026-09-13T02:43:23.519+0000] {processor.py:799} INFO - Processing file /opt/airflow/dags/1_first_dag.py for tasks to queue
[2026-09-13T02:43:23.521+0000] {logging_mixin.py:149} INFO - [2026-09-13T02:43:23.521+0000] {dagbag.py:541} INFO - Filling up the DagBag from /opt/airflow/dags/1_first_dag.py
[2026-09-13T02:43:23.550+0000] {processor.py:809} INFO - DAG(s) dict_keys(['1-miprimerdag']) retrieved from /opt/airflow/dags/1_first_dag.py
[2026-09-13T02:43:23.634+0000] {logging_mixin.py:149} INFO - [2026-09-13T02:43:23.634+0000] {dag.py:2726} INFO - Sync 1 DAGs
[2026-09-13T02:43:23.706+0000] {logging_mixin.py:149} INFO - [2026-09-13T02:43:23.705+0000] {dag.py:3490} INFO - Setting next_dagrun for 1-miprimerdag to 2023-05-01T00:00:00+00:00, run_after=2023-05-01T00:00:00+00:00
[2026-09-13T02:43:23.800+0000] {processor.py:178} INFO - Processing /opt/airflow/dags/1_first_dag.py took 0.297 seconds
[2026-09-13T02:43:53.980+0000] {processor.py:156} INFO - Started process (PID=163336) to work on /opt/airflow/dags/1_first_dag.py
[2026-09-13T02:43:53.983+0000] {processor.py:799} INFO - Processing file /opt/airflow/dags/1_first_dag.py for tasks to queue
[2026-09-13T02:43:53.985+0000] {logging_mixin.py:149} INFO - [2026-09-13T02:43:53.985+0000] {dagbag.py:541} INFO - Filling up the DagBag from /opt/airflow/dags/1_first_dag.py
[2026-09-13T02:43:54.008+0000] {processor.py:809} INFO - DAG(s) dict_keys(['1-miprimerdag']) retrieved from /opt/airflow/dags/1_first_dag.py
[2026-09-13T02:43:54.105+0000] {logging_mixin.py:149} INFO - [2026-09-13T02:43:54.105+0000] {dag.py:2726} INFO - Sync 1 DAGs
[2026-09-13T02:43:54.170+0000] {logging_mixin.py:149} INFO - [2026-09-13T02:43:54.170+0000] {dag.py:3490} INFO - Setting next_dagrun for 1-miprimerdag to 2023-05-01T00:00:00+00:00, run_after=2023-05-01T00:00:00+00:00
[2026-09-13T02:43:54.246+0000] {processor.py:178} INFO - Processing /opt/airflow/dags/1_first_dag.py took 0.278 seconds
[2026-09-13T02:44:24.451+0000] {processor.py:156} INFO - Started process (PID=163350) to work on /opt/airflow/dags/1_first_dag.py
[2026-09-13T02:44:24.466+0000] {processor.py:799} INFO - Processing file /opt/airflow/dags/1_first_dag.py for tasks to queue
[2026-09-13T02:44:24.469+0000] {logging_mixin.py:149} INFO - [2026-09-13T02:44:24.468+0000] {dagbag.py:541} INFO - Filling up the DagBag from /opt/airflow/dags/1_first_dag.py
[2026-09-13T02:44:24.512+0000] {processor.py:809} INFO - DAG(s) dict_keys(['1-miprimerdag']) retrieved from /opt/airflow/dags/1_first_dag.py
[2026-09-13T02:44:24.607+0000] {logging_mixin.py:149} INFO - [2026-09-13T02:44:24.606+0000] {dag.py:2726} INFO - Sync 1 DAGs
[2026-09-13T02:44:24.679+0000] {logging_mixin.py:149} INFO - [2026-09-13T02:44:24.679+0000] {dag.py:3490} INFO - Setting next_dagrun for 1-miprimerdag to 2023-05-01T00:00:00+00:00, run_after=2023-05-01T00:00:00+00:00
[2026-09-13T02:44:24.738+0000] {processor.py:178} INFO - Processing /opt/airflow/dags/1_first_dag.py took 0.300 seconds
[2026-09-13T02:44:54.810+0000] {processor.py:156} INFO - Started process (PID=163364) to work on /opt/airflow/dags/1_first_dag.py
[2026-09-13T02:44:54.813+0000] {processor.py:799} INFO - Processing file /opt/airflow/dags/1_first_dag.py for tasks to queue
[2026-09-13T02:44:54.815+0000] {logging_mixin.py:149} INFO - [2026-09-13T02:44:54.815+0000] {dagbag.py:541} INFO - Filling up the DagBag from /opt/airflow/dags/1_first_dag.py
[2026-09-13T02:44:54.842+0000] {processor.py:809} INFO - DAG(s) dict_keys(['1-miprimerdag']) retrieved from /opt/airflow/dags/1_first_dag.py
[2026-09-13T02:44:54.925+0000] {logging_mixin.py:149} INFO - [2026-09-13T02:44:54.924+0000] {dag.py:2726} INFO - Sync 1 DAGs
[2026-09-13T02:44:54.987+0000] {logging_mixin.py:149} INFO - [2026-09-13T02:44:54.986+0000] {dag.py:3490} INFO - Setting next_dagrun for 1-miprimerdag to 2023-05-01T00:00:00+00:00, run_after=2023-05-01T00:00:00+00:00
[2026-09-13T02:44:55.035+0000] {processor.py:178} INFO - Processing /opt/airflow/dags/1_first_dag.py took 0.238 seconds
[2026-09-13T02:45:25.249+0000] {processor.py:156} INFO - Started process (PID=163378) to work on /opt/airflow/dags/1_first_dag.py
[2026-09-13T02:45:25.253+0000] {processor.py:799} INFO - Processing file /opt/airflow/dags/1_first_dag.py for tasks to queue
[2026-09-13T02:45:25.255+0000] {logging_mixin.py:149} INFO - [2026-09-13T02:45:25.255+0000] {dagbag.py:541} INFO - Filling up the DagBag from /opt/airflow/dags/1_first_dag.py
[2026-09-13T02:45:25.279+0000] {processor.py:809} INFO - DAG(s) dict_keys(['1-miprimerdag']) retrieved from /opt/airflow/dags/1_first_dag.py
[2026-09-13T02:45:25.377+0000] {logging_mixin.py:149} INFO - [2026-09-13T02:45:25.376+0000] {dag.py:2726} INFO - Sync 1 DAGs
[2026-09-13T02:45:25.431+0000] {logging_mixin.py:149} INFO - [2026-09-13T02:45:25.431+0000] {dag.py:3490} INFO - Setting next_dagrun for 1-miprimerdag to 2023-05-01T00:00:00+00:00, run_after=2023-05-01T00:00:00+00:00
[2026-09-13T02:45:25.461+0000] {processor.py:178} INFO - Processing /opt/airflow/dags/1_first_dag.py took 0.222 seconds
[2026-09-13T02:45:55.631+0000] {processor.py:156} INFO - Started process (PID=163392) to work on /opt/airflow/dags/1_first_dag.py
[2026-09-13T02:45:55.637+0000] {processor.py:799} INFO - Processing file /opt/airflow/dags/1_first_dag.py for tasks to queue
[2026-09-13T02:45:55.639+0000] {logging_mixin.py:149} INFO - [2026-09-13T02:45:55.639+0000] {dagbag.py:541} INFO - Filling up the DagBag from /opt/airflow/dags/1_first_dag.py
[2026-09-13T02:45:55.666+0000] {processor.py:809} INFO - DAG(s) dict_keys(['1-miprimerdag']) retrieved from /opt/airflow/dags/1_first_dag.py
[2026-09-13T02:45:55.760+0000] {logging_mixin.py:149} INFO - [2026-09-13T02:45:55.759+0000] {dag.py:2726} INFO - Sync 1 DAGs
[2026-09-13T02:45:55.828+0000] {logging_mixin.py:149} INFO - [2026-09-13T02:45:55.827+0000] {dag.py:3490} INFO - Setting next_dagrun for 1-miprimerdag to 2023-05-01T00:00:00+00:00, run_after=2023-05-01T00:00:00+00:00
[2026-09-13T02:45:55.899+0000] {processor.py:178} INFO - Processing /opt/airflow/dags/1_first_dag.py took 0.278 seconds
[2026-09-13T02:46:25.988+0000] {processor.py:156} INFO - Started process (PID=163407) to work on /opt/airflow/dags/1_first_dag.py
[2026-09-13T02:46:25.993+0000] {processor.py:799} INFO - Processing file /opt/airflow/dags/1_first_dag.py for tasks to queue
[2026-09-13T02:46:25.995+0000] {logging_mixin.py:149} INFO - [2026-09-13T02:46:25.995+0000] {dagbag.py:541} INFO - Filling up the DagBag from /opt/airflow/dags/1_first_dag.py
[2026-09-13T02:46:26.019+0000] {processor.py:809} INFO - DAG(s) dict_keys(['1-miprimerdag']) retrieved from /opt/airflow/dags/1_first_dag.py
[2026-09-13T02:46:26.121+0000] {logging_mixin.py:149} INFO - [2026-09-13T02:46:26.121+0000] {dag.py:2726} INFO - Sync 1 DAGs
[2026-09-13T02:46:26.194+0000] {logging_mixin.py:149} INFO - [2026-09-13T02:46:26.194+0000] {dag.py:3490} INFO - Setting next_dagrun for 1-miprimerdag to 2023-05-01T00:00:00+00:00, run_after=2023-05-01T00:00:00+00:00
[2026-09-13T02:46:26.257+0000] {processor.py:178} INFO - Processing /opt/airflow/dags/1_first_dag.py took 0.280 seconds
[2026-09-13T02:46:56.504+0000] {processor.py:156} INFO - Started process (PID=163420) to work on /opt/airflow/dags/1_first_dag.py
[2026-09-13T02:46:56.507+0000] {processor.py:799} INFO - Processing file /opt/airflow/dags/1_first_dag.py for tasks to queue
[2026-09-13T02:46:56.509+0000] {logging_mixin.py:149} INFO - [2026-09-13T02:46:56.508+0000] {dagbag.py:541} INFO - Filling up the DagBag from /opt/airflow/dags/1_first_dag.py
[2026-09-13T02:46:56.530+0000] {processor.py:809} INFO - DAG(s) dict_keys(['1-miprimerdag']) retrieved from /opt/airflow/dags/1_first_dag.py
[2026-09-13T02:46:56.619+0000] {logging_mixin.py:149} INFO - [2026-09-13T02:46:56.619+0000] {dag.py:2726} INFO - Sync 1 DAGs
[2026-09-13T02:46:56.689+0000] {logging_mixin.py:149} INFO - [2026-09-13T02:46:56.688+0000] {dag.py:3490} INFO - Setting next_dagrun for 1-miprimerdag to 2023-05-01T00:00:00+00:00, run_after=2023-05-01T00:00:00+00:00
[2026-09-13T02:46:56.743+0000] {processor.py:178} INFO - Processing /opt/airflow/dags/1_first_dag.py took 0.248 seconds
[2026-09-13T02:47:26.959+0000] {processor.py:156} INFO - Started process (PID=163434) to work on /opt/airflow/dags/1_first_dag.py
[2026-09-13T02:47:26.962+0000] {processor.py:799} INFO - Processing file /opt/airflow/dags/1_first_dag.py for tasks to queue
[2026-09-13T02:47:26.963+0000] {logging_mixin.py:149} INFO - [2026-09-13T02:47:26.963+0000] {dagbag.py:541} INFO - Filling up the DagBag from /opt/airflow/dags/1_first_dag.py
[2026-09-13T02:47:26.987+0000] {processor.py:809} INFO - DAG(s) dict_keys(['1-miprimerdag']) retrieved from /opt/airflow/dags/1_first_dag.py
[2026-09-13T02:47:27.072+0000] {logging_mixin.py:149} INFO - [2026-09-13T02:47:27.072+0000] {dag.py:2726} INFO - Sync 1 DAGs
[2026-09-13T02:47:27.139+0000] {logging_mixin.py:149} INFO - [2026-09-13T02:47:27.139+0000] {dag.py:3490} INFO - Setting next_dagrun for 1-miprimerdag to 2023-05-01T00:00:00+00:00, run_after=2023-05-01T00:00:00+00:00
[2026-09-13T02:47:27.203+0000] {processor.py:178} INFO - Processing /opt/airflow/dags/1_first_dag.py took 0.256 seconds
[2026-09-13T02:47:57.483+0000] {processor.py:156} INFO - Started process (PID=163449) to work on /opt/airflow/dags/1_first_dag.py
[2026-09-13T02:47:57.487+0000] {processor.py:799} INFO - Processing file /opt/airflow/dags/1_first_dag.py for tasks to queue
[2026-09-13T02:47:57.489+0000] {logging_mixin.py:149} INFO - [2026-09-13T02:47:57.489+0000] {dagbag.py:541} INFO - Filling up the DagBag from /opt/airflow/dags/1_first_dag.py
[2026-09-13T02:47:57.517+0000] {processor.py:809} INFO - DAG(s) dict_keys(['1-miprimerdag']) retrieved from /opt/airflow/dags/1_first_dag.py
[2026-09-13T02:47:57.599+0000] {logging_mixin.py:149} INFO - [2026-09-13T02:47:57.599+0000] {dag.py:2726} INFO - Sync 1 DAGs
[2026-09-13T02:47:57.670+0000] {logging_mixin.py:149} INFO - [2026-09-13T02:47:57.670+0000] {dag.py:3490} INFO - Setting next_dagrun for 1-miprimerdag to 2023-05-01T00:00:00+00:00, run_after=2023-05-01T00:00:00+00:00
[2026-09-13T02:47:57.735+0000] {processor.py:178} INFO - Processing /opt/airflow/dags/1_first_dag.py took 0.264 seconds
[2026-09-13T02:48:27.943+0000] {processor.py:156} INFO - Started process (PID=163463) to work on /opt/airflow/dags/1_first_dag.py
[2026-09-13T02:48:27.948+0000] {processor.py:799} INFO - Processing file /opt/airflow/dags/1_first_dag.py for tasks to queue
[2026-09-13T02:48:27.950+0000] {logging_mixin.py:149} INFO - [2026-09-13T02:48:27.950+0000] {dagbag.py:541} INFO - Filling up the DagBag from /opt/airflow/dags/1_first_dag.py
[2026-09-13T02:48:27.979+0000] {processor.py:809} INFO - DAG(s) dict_keys(['1-miprimerdag']) retrieved from /opt/airflow/dags/1_first_dag.py
[2026-09-13T02:48:28.062+0000] {logging_mixin.py:149} INFO - [2026-09-13T02:48:28.061+0000] {dag.py:2726} INFO - Sync 1 DAGs
[2026-09-13T02:48:28.113+0000] {logging_mixin.py:149} INFO - [2026-09-13T02:48:28.112+0000] {dag.py:3490} INFO - Setting next_dagrun for 1-miprimerdag to 2023-05-01T00:00:00+00:00, run_after=2023-05-01T00:00:00+00:00
[2026-09-13T02:48:28.177+0000] {processor.py:178} INFO - Processing /opt/airflow/dags/1_first_dag.py took 0.243 seconds
[2026-09-13T02:48:58.293+0000] {processor.py:156} INFO - Started process (PID=163477) to work on /opt/airflow/dags/1_first_dag.py
[2026-09-13T02:48:58.298+0000] {processor.py:799} INFO - Processing file /opt/airflow/dags/1_first_dag.py for tasks to queue
[2026-09-13T02:48:58.300+0000] {logging_mixin.py:149} INFO - [2026-09-13T02:48:58.299+0000] {dagbag.py:541} INFO - Filling up the DagBag from /opt/airflow/dags/1_first_dag.py
[2026-09-13T02:48:58.325+0000] {processor.py:809} INFO - DAG(s) dict_keys(['1-miprimerdag']) retrieved from /opt/airflow/dags/1_first_dag.py
[2026-09-13T02:48:58.421+0000] {logging_mixin.py:149} INFO - [2026-09-13T02:48:58.420+0000] {dag.py:2726} INFO - Sync 1 DAGs
[2026-09-13T02:48:58.496+0000] {logging_mixin.py:149} INFO - [2026-09-13T02:48:58.495+0000] {dag.py:3490} INFO - Setting next_dagrun for 1-miprimerdag to 2023-05-01T00:00:00+00:00, run_after=2023-05-01T00:00:00+00:00
[2026-09-13T02:48:58.564+0000] {processor.py:178} INFO - Processing /opt/airflow/dags/1_first_dag.py took 0.282 seconds
[2026-09-13T02:49:29.397+0000] {processor.py:156} INFO - Started process (PID=163491) to work on /opt/airflow/dags/1_first_dag.py
[2026-09-13T02:49:29.401+0000] {processor.py:799} INFO - Processing file /opt/airflow/dags/1_first_dag.py for tasks to queue
[2026-09-13T02:49:29.403+0000] {logging_mixin.py:149} INFO - [2026-09-13T02:49:29.402+0000] {dagbag.py:541} INFO - Filling up the DagBag from /opt/airflow/dags/1_first_dag.py
[2026-09-13T02:49:29.428+0000] {processor.py:809} INFO - DAG(s) dict_keys(['1-miprimerdag']) retrieved from /opt/airflow/dags/1_first_dag.py
[2026-09-13T02:49:29.512+0000] {logging_mixin.py:149} INFO - [2026-09-13T02:49:29.512+0000] {dag.py:2726} INFO - Sync 1 DAGs
[2026-09-13T02:49:29.579+0000] {logging_mixin.py:149} INFO - [2026-09-13T02:49:29.579+0000] {dag.py:3490} INFO - Setting next_dagrun for 1-miprimerdag to 2023-05-01T00:00:00+00:00, run_after=2023-05-01T00:00:00+00:00
[2026-09-13T02:49:29.642+0000] {processor.py:178} INFO - Processing /opt/airflow/dags/1_first_dag.py took 0.255 seconds
[2026-09-13T02:49:59.777+0000] {processor.py:156} INFO - Started process (PID=163504) to work on /opt/airflow/dags/1_first_dag.py
[2026-09-13T02:49:59.780+0000] {processor.py:799} INFO - Processing file /opt/airflow/dags/1_first_dag.py for tasks to queue
[2026-09-13T02:49:59.782+0000] {logging_mixin.py:149} INFO - [2026-09-13T02:49:59.782+0000] {dagbag.py:541} INFO - Filling up the DagBag from /opt/airflow/dags/1_first_dag.py
[2026-09-13T02:49:59.809+0000] {processor.py:809} INFO - DAG(s) dict_keys(['1-miprimerdag']) retrieved from /opt/airflow/dags/1_first_dag.py
[2026-09-13T02:49:59.881+0000] {logging_mixin.py:149} INFO - [2026-09-13T02:49:59.880+0000] {dag.py:2726} INFO - Sync 1 DAGs
[2026-09-13T02:49:59.933+0000] {logging_mixin.py:149} INFO - [2026-09-13T02:49:59.933+0000] {dag.py:3490} INFO - Setting next_dagrun for 1-miprimerdag to 2023-05-01T00:00:00+00:00, run_after=2023-05-01T00:00:00+00:00
[2026-09-13T02:50:00.001+0000] {processor.py:178} INFO - Processing /opt/airflow/dags/1_first_dag.py took 0.236 seconds
[2026-09-13T02:50:30.295+0000] {processor.py:156} INFO - Started process (PID=163518) to work on /opt/airflow/dags/1_first_dag.py
[2026-09-13T02:50:30.298+0000] {processor.py:799} INFO - Processing file /opt/airflow/dags/1_first_dag.py for tasks to queue
[2026-09-13T02:50:30.302+0000] {logging_mixin.py:149} INFO - [2026-09-13T02:50:30.302+0000] {dagbag.py:541} INFO - Filling up the DagBag from /opt/airflow/dags/1_first_dag.py
[2026-09-13T02:50:30.325+0000] {processor.py:809} INFO - DAG(s) dict_keys(['1-miprimerdag']) retrieved from /opt/airflow/dags/1_first_dag.py
[2026-09-13T02:50:30.415+0000] {logging_mixin.py:149} INFO - [2026-09-13T02:50:30.415+0000] {dag.py:2726} INFO - Sync 1 DAGs
[2026-09-13T02:50:30.494+0000] {logging_mixin.py:149} INFO - [2026-09-13T02:50:30.493+0000] {dag.py:3490} INFO - Setting next_dagrun for 1-miprimerdag to 2023-05-01T00:00:00+00:00, run_after=2023-05-01T00:00:00+00:00
[2026-09-13T02:50:30.561+0000] {processor.py:178} INFO - Processing /opt/airflow/dags/1_first_dag.py took 0.278 seconds
[2026-09-13T02:51:00.950+0000] {processor.py:156} INFO - Started process (PID=163532) to work on /opt/airflow/dags/1_first_dag.py
[2026-09-13T02:51:00.955+0000] {processor.py:799} INFO - Processing file /opt/airflow/dags/1_first_dag.py for tasks to queue
[2026-09-13T02:51:00.957+0000] {logging_mixin.py:149} INFO - [2026-09-13T02:51:00.957+0000] {dagbag.py:541} INFO - Filling up the DagBag from /opt/airflow/dags/1_first_dag.py
[2026-09-13T02:51:00.985+0000] {processor.py:809} INFO - DAG(s) dict_keys(['1-miprimerdag']) retrieved from /opt/airflow/dags/1_first_dag.py
[2026-09-13T02:51:01.071+0000] {logging_mixin.py:149} INFO - [2026-09-13T02:51:01.070+0000] {dag.py:2726} INFO - Sync 1 DAGs
[2026-09-13T02:51:01.147+0000] {logging_mixin.py:149} INFO - [2026-09-13T02:51:01.146+0000] {dag.py:3490} INFO - Setting next_dagrun for 1-miprimerdag to 2023-05-01T00:00:00+00:00, run_after=2023-05-01T00:00:00+00:00
[2026-09-13T02:51:01.210+0000] {processor.py:178} INFO - Processing /opt/airflow/dags/1_first_dag.py took 0.271 seconds
[2026-09-13T02:51:31.444+0000] {processor.py:156} INFO - Started process (PID=163546) to work on /opt/airflow/dags/1_first_dag.py
[2026-09-13T02:51:31.449+0000] {processor.py:799} INFO - Processing file /opt/airflow/dags/1_first_dag.py for tasks to queue
[2026-09-13T02:51:31.451+0000] {logging_mixin.py:149} INFO - [2026-09-13T02:51:31.450+0000] {dagbag.py:541} INFO - Filling up the DagBag from /opt/airflow/dags/1_first_dag.py
[2026-09-13T02:51:31.474+0000] {processor.py:809} INFO - DAG(s) dict_keys(['1-miprimerdag']) retrieved from /opt/airflow/dags/1_first_dag.py
[2026-09-13T02:51:31.561+0000] {logging_mixin.py:149} INFO - [2026-09-13T02:51:31.561+0000] {dag.py:2726} INFO - Sync 1 DAGs
[2026-09-13T02:51:31.634+0000] {logging_mixin.py:149} INFO - [2026-09-13T02:51:31.634+0000] {dag.py:3490} INFO - Setting next_dagrun for 1-miprimerdag to 2023-05-01T00:00:00+00:00, run_after=2023-05-01T00:00:00+00:00
[2026-09-13T02:51:31.699+0000] {processor.py:178} INFO - Processing /opt/airflow/dags/1_first_dag.py took 0.265 seconds
[2026-09-13T02:52:01.840+0000] {processor.py:156} INFO - Started process (PID=163560) to work on /opt/airflow/dags/1_first_dag.py
[2026-09-13T02:52:01.845+0000] {processor.py:799} INFO - Processing file /opt/airflow/dags/1_first_dag.py for tasks to queue
[2026-09-13T02:52:01.846+0000] {logging_mixin.py:149} INFO - [2026-09-13T02:52:01.846+0000] {dagbag.py:541} INFO - Filling up the DagBag from /opt/airflow/dags/1_first_dag.py
[2026-09-13T02:52:01.872+0000] {processor.py:809} INFO - DAG(s) dict_keys(['1-miprimerdag']) retrieved from /opt/airflow/dags/1_first_dag.py
[2026-09-13T02:52:01.958+0000] {logging_mixin.py:149} INFO - [2026-09-13T02:52:01.957+0000] {dag.py:2726} INFO - Sync 1 DAGs
[2026-09-13T02:52:02.029+0000] {logging_mixin.py:149} INFO - [2026-09-13T02:52:02.026+0000] {dag.py:3490} INFO - Setting next_dagrun for 1-miprimerdag to 2023-05-01T00:00:00+00:00, run_after=2023-05-01T00:00:00+00:00
[2026-09-13T02:52:02.094+0000] {processor.py:178} INFO - Processing /opt/airflow/dags/1_first_dag.py took 0.264 seconds
[2026-09-13T02:52:32.304+0000] {processor.py:156} INFO - Started process (PID=163574) to work on /opt/airflow/dags/1_first_dag.py
[2026-09-13T02:52:32.309+0000] {processor.py:799} INFO - Processing file /opt/airflow/dags/1_first_dag.py for tasks to queue
[2026-09-13T02:52:32.311+0000] {logging_mixin.py:149} INFO - [2026-09-13T02:52:32.311+0000] {dagbag.py:541} INFO - Filling up the DagBag from /opt/airflow/dags/1_first_dag.py
[2026-09-13T02:52:32.334+0000] {processor.py:809} INFO - DAG(s) dict_keys(['1-miprimerdag']) retrieved from /opt/airflow/dags/1_first_dag.py
[2026-09-13T02:52:32.413+0000] {logging_mixin.py:149} INFO - [2026-09-13T02:52:32.412+0000] {dag.py:2726} INFO - Sync 1 DAGs
[2026-09-13T02:52:32.468+0000] {logging_mixin.py:149} INFO - [2026-09-13T02:52:32.467+0000] {dag.py:3490} INFO - Setting next_dagrun for 1-miprimerdag to 2023-05-01T00:00:00+00:00, run_after=2023-05-01T00:00:00+00:00
[2026-09-13T02:52:32.528+0000] {processor.py:178} INFO - Processing /opt/airflow/dags/1_first_dag.py took 0.236 seconds
[2026-09-13T02:53:02.742+0000] {processor.py:156} INFO - Started process (PID=163588) to work on /opt/airflow/dags/1_first_dag.py
[2026-09-13T02:53:02.744+0000] {processor.py:799} INFO - Processing file /opt/airflow/dags/1_first_dag.py for tasks to queue
[2026-09-13T02:53:02.745+0000] {logging_mixin.py:149} INFO - [2026-09-13T02:53:02.745+0000] {dagbag.py:541} INFO - Filling up the DagBag from /opt/airflow/dags/1_first_dag.py
[2026-09-13T02:53:02.759+0000] {processor.py:809} INFO - DAG(s) dict_keys(['1-miprimerdag']) retrieved from /opt/airflow/dags/1_first_dag.py
[2026-09-13T02:53:02.825+0000] {logging_mixin.py:149} INFO - [2026-09-13T02:53:02.824+0000] {dag.py:2726} INFO - Sync 1 DAGs
[2026-09-13T02:53:02.867+0000] {logging_mixin.py:149} INFO - [2026-09-13T02:53:02.867+0000] {dag.py:3490} INFO - Setting next_dagrun for 1-miprimerdag to 2023-05-01T00:00:00+00:00, run_after=2023-05-01T00:00:00+00:00
[2026-09-13T02:53:02.906+0000] {processor.py:178} INFO - Processing /opt/airflow/dags/1_first_dag.py took 0.169 seconds
[2026-09-13T02:53:33.405+0000] {processor.py:156} INFO - Started process (PID=163601) to work on /opt/airflow/dags/1_first_dag.py
[2026-09-13T02:53:33.410+0000] {processor.py:799} INFO - Processing file /opt/airflow/dags/1_first_dag.py for tasks to queue
[2026-09-13T02:53:33.414+0000] {logging_mixin.py:149} INFO - [2026-09-13T02:53:33.414+0000] {dagbag.py:541} INFO - Filling up the DagBag from /opt/airflow/dags/1_first_dag.py
[2026-09-13T02:53:33.441+0000] {processor.py:809} INFO - DAG(s) dict_keys(['1-miprimerdag']) retrieved from /opt/airflow/dags/1_first_dag.py
[2026-09-13T02:53:33.519+0000] {logging_mixin.py:149} INFO - [2026-09-13T02:53:33.519+0000] {dag.py:2726} INFO - Sync 1 DAGs
[2026-09-13T02:53:33.567+0000] {logging_mixin.py:149} INFO - [2026-09-13T02:53:33.566+0000] {dag.py:3490} INFO - Setting next_dagrun for 1-miprimerdag to 2023-05-01T00:00:00+00:00, run_after=2023-05-01T00:00:00+00:00
[2026-09-13T02:53:33.607+0000] {processor.py:178} INFO - Processing /opt/airflow/dags/1_first_dag.py took 0.230 seconds
[2026-09-13T02:54:03.956+0000] {processor.py:156} INFO - Started process (PID=163615) to work on /opt/airflow/dags/1_first_dag.py
[2026-09-13T02:54:03.958+0000] {processor.py:799} INFO - Processing file /opt/airflow/dags/1_first_dag.py for tasks to queue
[2026-09-13T02:54:03.960+0000] {logging_mixin.py:149} INFO - [2026-09-13T02:54:03.960+0000] {dagbag.py:541} INFO - Filling up the DagBag from /opt/airflow/dags/1_first_dag.py
[2026-09-13T02:54:03.984+0000] {processor.py:809} INFO - DAG(s) dict_keys(['1-miprimerdag']) retrieved from /opt/airflow/dags/1_first_dag.py
[2026-09-13T02:54:04.072+0000] {logging_mixin.py:149} INFO - [2026-09-13T02:54:04.071+0000] {dag.py:2726} INFO - Sync 1 DAGs
[2026-09-13T02:54:04.143+0000] {logging_mixin.py:149} INFO - [2026-09-13T02:54:04.142+0000] {dag.py:3490} INFO - Setting next_dagrun for 1-miprimerdag to 2023-05-01T00:00:00+00:00, run_after=2023-05-01T00:00:00+00:00
[2026-09-13T02:54:04.214+0000] {processor.py:178} INFO - Processing /opt/airflow/dags/1_first_dag.py took 0.270 seconds
[2026-09-13T02:54:34.321+0000] {processor.py:156} INFO - Started process (PID=163629) to work on /opt/airflow/dags/1_first_dag.py
[2026-09-13T02:54:34.335+0000] {processor.py:799} INFO - Processing file /opt/airflow/dags/1_first_dag.py for tasks to queue
[2026-09-13T02:54:34.338+0000] {logging_mixin.py:149} INFO - [2026-09-13T02:54:34.337+0000] {dagbag.py:541} INFO - Filling up the DagBag from /opt/airflow/dags/1_first_dag.py
[2026-09-13T02:54:34.366+0000] {processor.py:809} INFO - DAG(s) dict_keys(['1-miprimerdag']) retrieved from /opt/airflow/dags/1_first_dag.py
[2026-09-13T02:54:34.455+0000] {logging_mixin.py:149} INFO - [2026-09-13T02:54:34.455+0000] {dag.py:2726} INFO - Sync 1 DAGs
[2026-09-13T02:54:34.521+0000] {logging_mixin.py:149} INFO - [2026-09-13T02:54:34.520+0000] {dag.py:3490} INFO - Setting next_dagrun for 1-miprimerdag to 2023-05-01T00:00:00+00:00, run_after=2023-05-01T00:00:00+00:00
[2026-09-13T02:54:34.556+0000] {processor.py:178} INFO - Processing /opt/airflow/dags/1_first_dag.py took 0.246 seconds
[2026-09-13T02:55:04.842+0000] {processor.py:156} INFO - Started process (PID=163642) to work on /opt/airflow/dags/1_first_dag.py
[2026-09-13T02:55:04.845+0000] {processor.py:799} INFO - Processing file /opt/airflow/dags/1_first_dag.py for tasks to queue
[2026-09-13T02:55:04.847+0000] {logging_mixin.py:149} INFO - [2026-09-13T02:55:04.847+0000] {dagbag.py:541} INFO - Filling up the DagBag from /opt/airflow/dags/1_first_dag.py
[2026-09-13T02:55:04.867+0000] {processor.py:809} INFO - DAG(s) dict_keys(['1-miprimerdag']) retrieved from /opt/airflow/dags/1_first_dag.py
[2026-09-13T02:55:04.952+0000] {logging_mixin.py:149} INFO - [2026-09-13T02:55:04.952+0000] {dag.py:2726} INFO - Sync 1 DAGs
[2026-09-13T02:55:05.030+0000] {logging_mixin.py:149} INFO - [2026-09-13T02:55:05.030+0000] {dag.py:3490} INFO - Setting next_dagrun for 1-miprimerdag to 2023-05-01T00:00:00+00:00, run_after=2023-05-01T00:00:00+00:00
[2026-09-13T02:55:05.071+0000] {processor.py:178} INFO - Processing /opt/airflow/dags/1_first_dag.py took 0.237 seconds
[2026-09-13T02:55:35.152+0000] {processor.py:156} INFO - Started process (PID=163656) to work on /opt/airflow/dags/1_first_dag.py
[2026-09-13T02:55:35.156+0000] {processor.py:799} INFO - Processing file /opt/airflow/dags/1_first_dag.py for tasks to queue
[2026-09-13T02:55:35.158+0000] {logging_mixin.py:149} INFO - [2026-09-13T02:55:35.158+0000] {dagbag.py:541} INFO - Filling up the DagBag from /opt/airflow/dags/1_first_dag.py
[2026-09-13T02:55:35.184+0000] {processor.py:809} INFO - DAG(s) dict_keys(['1-miprimerdag']) retrieved from /opt/airflow/dags/1_first_dag.py
[2026-09-13T02:55:35.279+0000] {logging_mixin.py:149} INFO - [2026-09-13T02:55:35.278+0000] {dag.py:2726} INFO - Sync 1 DAGs
[2026-09-13T02:55:35.350+0000] {logging_mixin.py:149} INFO - [2026-09-13T02:55:35.349+0000] {dag.py:3490} INFO - Setting next_dagrun for 1-miprimerdag to 2023-05-01T00:00:00+00:00, run_after=2023-05-01T00:00:00+00:00
[2026-09-13T02:55:35.420+0000] {processor.py:178} INFO - Processing /opt/airflow/dags/1_first_dag.py took 0.278 seconds
[2026-09-13T02:56:05.751+0000] {processor.py:156} INFO - Started process (PID=163670) to work on /opt/airflow/dags/1_first_dag.py
[2026-09-13T02:56:05.755+0000] {processor.py:799} INFO - Processing file /opt/airflow/dags/1_first_dag.py for tasks to queue
[2026-09-13T02:56:05.757+0000] {logging_mixin.py:149} INFO - [2026-09-13T02:56:05.757+0000] {dagbag.py:541} INFO - Filling up the DagBag from /opt/airflow/dags/1_first_dag.py
[2026-09-13T02:56:05.782+0000] {processor.py:809} INFO - DAG(s) dict_keys(['1-miprimerdag']) retrieved from /opt/airflow/dags/1_first_dag.py
[2026-09-13T02:56:05.875+0000] {logging_mixin.py:149} INFO - [2026-09-13T02:56:05.874+0000] {dag.py:2726} INFO - Sync 1 DAGs
[2026-09-13T02:56:05.953+0000] {logging_mixin.py:149} INFO - [2026-09-13T02:56:05.952+0000] {dag.py:3490} INFO - Setting next_dagrun for 1-miprimerdag to 2023-05-01T00:00:00+00:00, run_after=2023-05-01T00:00:00+00:00
[2026-09-13T02:56:06.030+0000] {processor.py:178} INFO - Processing /opt/airflow/dags/1_first_dag.py took 0.291 seconds
[2026-09-13T02:56:36.232+0000] {processor.py:156} INFO - Started process (PID=163684) to work on /opt/airflow/dags/1_first_dag.py
[2026-09-13T02:56:36.236+0000] {processor.py:799} INFO - Processing file /opt/airflow/dags/1_first_dag.py for tasks to queue
[2026-09-13T02:56:36.237+0000] {logging_mixin.py:149} INFO - [2026-09-13T02:56:36.237+0000] {dagbag.py:541} INFO - Filling up the DagBag from /opt/airflow/dags/1_first_dag.py
[2026-09-13T02:56:36.261+0000] {processor.py:809} INFO - DAG(s) dict_keys(['1-miprimerdag']) retrieved from /opt/airflow/dags/1_first_dag.py
[2026-09-13T02:56:36.344+0000] {logging_mixin.py:149} INFO - [2026-09-13T02:56:36.343+0000] {dag.py:2726} INFO - Sync 1 DAGs
[2026-09-13T02:56:36.411+0000] {logging_mixin.py:149} INFO - [2026-09-13T02:56:36.410+0000] {dag.py:3490} INFO - Setting next_dagrun for 1-miprimerdag to 2023-05-01T00:00:00+00:00, run_after=2023-05-01T00:00:00+00:00
[2026-09-13T02:56:36.478+0000] {processor.py:178} INFO - Processing /opt/airflow/dags/1_first_dag.py took 0.256 seconds
[2026-09-13T02:57:06.747+0000] {processor.py:156} INFO - Started process (PID=163697) to work on /opt/airflow/dags/1_first_dag.py
[2026-09-13T02:57:06.750+0000] {processor.py:799} INFO - Processing file /opt/airflow/dags/1_first_dag.py for tasks to queue
[2026-09-13T02:57:06.752+0000] {logging_mixin.py:149} INFO - [2026-09-13T02:57:06.752+0000] {dagbag.py:541} INFO - Filling up the DagBag from /opt/airflow/dags/1_first_dag.py
[2026-09-13T02:57:06.778+0000] {processor.py:809} INFO - DAG(s) dict_keys(['1-miprimerdag']) retrieved from /opt/airflow/dags/1_first_dag.py
[2026-09-13T02:57:06.869+0000] {logging_mixin.py:149} INFO - [2026-09-13T02:57:06.869+0000] {dag.py:2726} INFO - Sync 1 DAGs
[2026-09-13T02:57:06.933+0000] {logging_mixin.py:149} INFO - [2026-09-13T02:57:06.933+0000] {dag.py:3490} INFO - Setting next_dagrun for 1-miprimerdag to 2023-05-01T00:00:00+00:00, run_after=2023-05-01T00:00:00+00:00
[2026-09-13T02:57:06.987+0000] {processor.py:178} INFO - Processing /opt/airflow/dags/1_first_dag.py took 0.251 seconds
[2026-09-13T02:57:37.099+0000] {processor.py:156} INFO - Started process (PID=163711) to work on /opt/airflow/dags/1_first_dag.py
[2026-09-13T02:57:37.104+0000] {processor.py:799} INFO - Processing file /opt/airflow/dags/1_first_dag.py for tasks to queue
[2026-09-13T02:57:37.106+0000] {logging_mixin.py:149} INFO - [2026-09-13T02:57:37.105+0000] {dagbag.py:541} INFO - Filling up the DagBag from /opt/airflow/dags/1_first_dag.py
[2026-09-13T02:57:37.130+0000] {processor.py:809} INFO - DAG(s) dict_keys(['1-miprimerdag']) retrieved from /opt/airflow/dags/1_first_dag.py
[2026-09-13T02:57:37.219+0000] {logging_mixin.py:149} INFO - [2026-09-13T02:57:37.218+0000] {dag.py:2726} INFO - Sync 1 DAGs
[2026-09-13T02:57:37.283+0000] {logging_mixin.py:149} INFO - [2026-09-13T02:57:37.282+0000] {dag.py:3490} INFO - Setting next_dagrun for 1-miprimerdag to 2023-05-01T00:00:00+00:00, run_after=2023-05-01T00:00:00+00:00
[2026-09-13T02:57:37.347+0000] {processor.py:178} INFO - Processing /opt/airflow/dags/1_first_dag.py took 0.263 seconds
[2026-09-13T02:58:07.585+0000] {processor.py:156} INFO - Started process (PID=163725) to work on /opt/airflow/dags/1_first_dag.py
[2026-09-13T02:58:07.588+0000] {processor.py:799} INFO - Processing file /opt/airflow/dags/1_first_dag.py for tasks to queue
[2026-09-13T02:58:07.590+0000] {logging_mixin.py:149} INFO - [2026-09-13T02:58:07.590+0000] {dagbag.py:541} INFO - Filling up the DagBag from /opt/airflow/dags/1_first_dag.py
[2026-09-13T02:58:07.617+0000] {processor.py:809} INFO - DAG(s) dict_keys(['1-miprimerdag']) retrieved from /opt/airflow/dags/1_first_dag.py
[2026-09-13T02:58:07.707+0000] {logging_mixin.py:149} INFO - [2026-09-13T02:58:07.707+0000] {dag.py:2726} INFO - Sync 1 DAGs
[2026-09-13T02:58:07.791+0000] {logging_mixin.py:149} INFO - [2026-09-13T02:58:07.791+0000] {dag.py:3490} INFO - Setting next_dagrun for 1-miprimerdag to 2023-05-01T00:00:00+00:00, run_after=2023-05-01T00:00:00+00:00
[2026-09-13T02:58:07.864+0000] {processor.py:178} INFO - Processing /opt/airflow/dags/1_first_dag.py took 0.292 seconds
[2026-09-13T02:58:38.077+0000] {processor.py:156} INFO - Started process (PID=163739) to work on /opt/airflow/dags/1_first_dag.py
[2026-09-13T02:58:38.081+0000] {processor.py:799} INFO - Processing file /opt/airflow/dags/1_first_dag.py for tasks to queue
[2026-09-13T02:58:38.084+0000] {logging_mixin.py:149} INFO - [2026-09-13T02:58:38.083+0000] {dagbag.py:541} INFO - Filling up the DagBag from /opt/airflow/dags/1_first_dag.py
[2026-09-13T02:58:38.120+0000] {processor.py:809} INFO - DAG(s) dict_keys(['1-miprimerdag']) retrieved from /opt/airflow/dags/1_first_dag.py
[2026-09-13T02:58:38.214+0000] {logging_mixin.py:149} INFO - [2026-09-13T02:58:38.213+0000] {dag.py:2726} INFO - Sync 1 DAGs
[2026-09-13T02:58:38.282+0000] {logging_mixin.py:149} INFO - [2026-09-13T02:58:38.282+0000] {dag.py:3490} INFO - Setting next_dagrun for 1-miprimerdag to 2023-05-01T00:00:00+00:00, run_after=2023-05-01T00:00:00+00:00
[2026-09-13T02:58:38.348+0000] {processor.py:178} INFO - Processing /opt/airflow/dags/1_first_dag.py took 0.286 seconds
[2026-09-13T02:59:08.499+0000] {processor.py:156} INFO - Started process (PID=163753) to work on /opt/airflow/dags/1_first_dag.py
[2026-09-13T02:59:08.503+0000] {processor.py:799} INFO - Processing file /opt/airflow/dags/1_first_dag.py for tasks to queue
[2026-09-13T02:59:08.505+0000] {logging_mixin.py:149} INFO - [2026-09-13T02:59:08.505+0000] {dagbag.py:541} INFO - Filling up the DagBag from /opt/airflow/dags/1_first_dag.py
[2026-09-13T02:59:08.533+0000] {processor.py:809} INFO - DAG(s) dict_keys(['1-miprimerdag']) retrieved from /opt/airflow/dags/1_first_dag.py
[2026-09-13T02:59:08.623+0000] {logging_mixin.py:149} INFO - [2026-09-13T02:59:08.622+0000] {dag.py:2726} INFO - Sync 1 DAGs
[2026-09-13T02:59:08.687+0000] {logging_mixin.py:149} INFO - [2026-09-13T02:59:08.687+0000] {dag.py:3490} INFO - Setting next_dagrun for 1-miprimerdag to 2023-05-01T00:00:00+00:00, run_after=2023-05-01T00:00:00+00:00
[2026-09-13T02:59:08.753+0000] {processor.py:178} INFO - Processing /opt/airflow/dags/1_first_dag.py took 0.266 seconds
[2026-09-13T02:59:38.951+0000] {processor.py:156} INFO - Started process (PID=163768) to work on /opt/airflow/dags/1_first_dag.py
[2026-09-13T02:59:38.955+0000] {processor.py:799} INFO - Processing file /opt/airflow/dags/1_first_dag.py for tasks to queue
[2026-09-13T02:59:38.957+0000] {logging_mixin.py:149} INFO - [2026-09-13T02:59:38.956+0000] {dagbag.py:541} INFO - Filling up the DagBag from /opt/airflow/dags/1_first_dag.py
[2026-09-13T02:59:38.980+0000] {processor.py:809} INFO - DAG(s) dict_keys(['1-miprimerdag']) retrieved from /opt/airflow/dags/1_first_dag.py
[2026-09-13T02:59:39.070+0000] {logging_mixin.py:149} INFO - [2026-09-13T02:59:39.070+0000] {dag.py:2726} INFO - Sync 1 DAGs
[2026-09-13T02:59:39.135+0000] {logging_mixin.py:149} INFO - [2026-09-13T02:59:39.135+0000] {dag.py:3490} INFO - Setting next_dagrun for 1-miprimerdag to 2023-05-01T00:00:00+00:00, run_after=2023-05-01T00:00:00+00:00
[2026-09-13T02:59:39.206+0000] {processor.py:178} INFO - Processing /opt/airflow/dags/1_first_dag.py took 0.266 seconds
[2026-09-13T03:00:09.383+0000] {processor.py:156} INFO - Started process (PID=163783) to work on /opt/airflow/dags/1_first_dag.py
[2026-09-13T03:00:09.386+0000] {processor.py:799} INFO - Processing file /opt/airflow/dags/1_first_dag.py for tasks to queue
[2026-09-13T03:00:09.388+0000] {logging_mixin.py:149} INFO - [2026-09-13T03:00:09.388+0000] {dagbag.py:541} INFO - Filling up the DagBag from /opt/airflow/dags/1_first_dag.py
[2026-09-13T03:00:09.415+0000] {processor.py:809} INFO - DAG(s) dict_keys(['1-miprimerdag']) retrieved from /opt/airflow/dags/1_first_dag.py
[2026-09-13T03:00:09.504+0000] {logging_mixin.py:149} INFO - [2026-09-13T03:00:09.503+0000] {dag.py:2726} INFO - Sync 1 DAGs
[2026-09-13T03:00:09.571+0000] {logging_mixin.py:149} INFO - [2026-09-13T03:00:09.570+0000] {dag.py:3490} INFO - Setting next_dagrun for 1-miprimerdag to 2023-05-01T00:00:00+00:00, run_after=2023-05-01T00:00:00+00:00
[2026-09-13T03:00:09.621+0000] {processor.py:178} INFO - Processing /opt/airflow/dags/1_first_dag.py took 0.249 seconds
[2026-09-13T03:00:39.860+0000] {processor.py:156} INFO - Started process (PID=163797) to work on /opt/airflow/dags/1_first_dag.py
[2026-09-13T03:00:39.864+0000] {processor.py:799} INFO - Processing file /opt/airflow/dags/1_first_dag.py for tasks to queue
[2026-09-13T03:00:39.867+0000] {logging_mixin.py:149} INFO - [2026-09-13T03:00:39.866+0000] {dagbag.py:541} INFO - Filling up the DagBag from /opt/airflow/dags/1_first_dag.py
[2026-09-13T03:00:39.890+0000] {processor.py:809} INFO - DAG(s) dict_keys(['1-miprimerdag']) retrieved from /opt/airflow/dags/1_first_dag.py
[2026-09-13T03:00:39.973+0000] {logging_mixin.py:149} INFO - [2026-09-13T03:00:39.973+0000] {dag.py:2726} INFO - Sync 1 DAGs
[2026-09-13T03:00:40.037+0000] {logging_mixin.py:149} INFO - [2026-09-13T03:00:40.036+0000] {dag.py:3490} INFO - Setting next_dagrun for 1-miprimerdag to 2023-05-01T00:00:00+00:00, run_after=2023-05-01T00:00:00+00:00
[2026-09-13T03:00:40.102+0000] {processor.py:178} INFO - Processing /opt/airflow/dags/1_first_dag.py took 0.253 seconds
[2026-09-13T03:01:10.237+0000] {processor.py:156} INFO - Started process (PID=163811) to work on /opt/airflow/dags/1_first_dag.py
[2026-09-13T03:01:10.243+0000] {processor.py:799} INFO - Processing file /opt/airflow/dags/1_first_dag.py for tasks to queue
[2026-09-13T03:01:10.245+0000] {logging_mixin.py:149} INFO - [2026-09-13T03:01:10.245+0000] {dagbag.py:541} INFO - Filling up the DagBag from /opt/airflow/dags/1_first_dag.py
[2026-09-13T03:01:10.273+0000] {processor.py:809} INFO - DAG(s) dict_keys(['1-miprimerdag']) retrieved from /opt/airflow/dags/1_first_dag.py
[2026-09-13T03:01:10.368+0000] {logging_mixin.py:149} INFO - [2026-09-13T03:01:10.367+0000] {dag.py:2726} INFO - Sync 1 DAGs
[2026-09-13T03:01:10.432+0000] {logging_mixin.py:149} INFO - [2026-09-13T03:01:10.431+0000] {dag.py:3490} INFO - Setting next_dagrun for 1-miprimerdag to 2023-05-01T00:00:00+00:00, run_after=2023-05-01T00:00:00+00:00
[2026-09-13T03:01:10.473+0000] {processor.py:178} INFO - Processing /opt/airflow/dags/1_first_dag.py took 0.248 seconds
[2026-09-13T03:01:40.668+0000] {processor.py:156} INFO - Started process (PID=163824) to work on /opt/airflow/dags/1_first_dag.py
[2026-09-13T03:01:40.671+0000] {processor.py:799} INFO - Processing file /opt/airflow/dags/1_first_dag.py for tasks to queue
[2026-09-13T03:01:40.673+0000] {logging_mixin.py:149} INFO - [2026-09-13T03:01:40.673+0000] {dagbag.py:541} INFO - Filling up the DagBag from /opt/airflow/dags/1_first_dag.py
[2026-09-13T03:01:40.704+0000] {processor.py:809} INFO - DAG(s) dict_keys(['1-miprimerdag']) retrieved from /opt/airflow/dags/1_first_dag.py
[2026-09-13T03:01:40.792+0000] {logging_mixin.py:149} INFO - [2026-09-13T03:01:40.792+0000] {dag.py:2726} INFO - Sync 1 DAGs
[2026-09-13T03:01:40.845+0000] {logging_mixin.py:149} INFO - [2026-09-13T03:01:40.845+0000] {dag.py:3490} INFO - Setting next_dagrun for 1-miprimerdag to 2023-05-01T00:00:00+00:00, run_after=2023-05-01T00:00:00+00:00
[2026-09-13T03:01:40.908+0000] {processor.py:178} INFO - Processing /opt/airflow/dags/1_first_dag.py took 0.251 seconds
[2026-09-13T03:02:11.070+0000] {processor.py:156} INFO - Started process (PID=163839) to work on /opt/airflow/dags/1_first_dag.py
[2026-09-13T03:02:11.075+0000] {processor.py:799} INFO - Processing file /opt/airflow/dags/1_first_dag.py for tasks to queue
[2026-09-13T03:02:11.079+0000] {logging_mixin.py:149} INFO - [2026-09-13T03:02:11.077+0000] {dagbag.py:541} INFO - Filling up the DagBag from /opt/airflow/dags/1_first_dag.py
[2026-09-13T03:02:11.107+0000] {processor.py:809} INFO - DAG(s) dict_keys(['1-miprimerdag']) retrieved from /opt/airflow/dags/1_first_dag.py
[2026-09-13T03:02:11.186+0000] {logging_mixin.py:149} INFO - [2026-09-13T03:02:11.186+0000] {dag.py:2726} INFO - Sync 1 DAGs
[2026-09-13T03:02:11.259+0000] {logging_mixin.py:149} INFO - [2026-09-13T03:02:11.259+0000] {dag.py:3490} INFO - Setting next_dagrun for 1-miprimerdag to 2023-05-01T00:00:00+00:00, run_after=2023-05-01T00:00:00+00:00
[2026-09-13T03:02:11.328+0000] {processor.py:178} INFO - Processing /opt/airflow/dags/1_first_dag.py took 0.272 seconds
[2026-09-13T03:02:41.471+0000] {processor.py:156} INFO - Started process (PID=163853) to work on /opt/airflow/dags/1_first_dag.py
[2026-09-13T03:02:41.475+0000] {processor.py:799} INFO - Processing file /opt/airflow/dags/1_first_dag.py for tasks to queue
[2026-09-13T03:02:41.477+0000] {logging_mixin.py:149} INFO - [2026-09-13T03:02:41.477+0000] {dagbag.py:541} INFO - Filling up the DagBag from /opt/airflow/dags/1_first_dag.py
[2026-09-13T03:02:41.501+0000] {processor.py:809} INFO - DAG(s) dict_keys(['1-miprimerdag']) retrieved from /opt/airflow/dags/1_first_dag.py
[2026-09-13T03:02:41.602+0000] {logging_mixin.py:149} INFO - [2026-09-13T03:02:41.601+0000] {dag.py:2726} INFO - Sync 1 DAGs
[2026-09-13T03:02:41.676+0000] {logging_mixin.py:149} INFO - [2026-09-13T03:02:41.676+0000] {dag.py:3490} INFO - Setting next_dagrun for 1-miprimerdag to 2023-05-01T00:00:00+00:00, run_after=2023-05-01T00:00:00+00:00
[2026-09-13T03:02:41.742+0000] {processor.py:178} INFO - Processing /opt/airflow/dags/1_first_dag.py took 0.283 seconds
[2026-09-13T03:03:11.928+0000] {processor.py:156} INFO - Started process (PID=163867) to work on /opt/airflow/dags/1_first_dag.py
[2026-09-13T03:03:11.931+0000] {processor.py:799} INFO - Processing file /opt/airflow/dags/1_first_dag.py for tasks to queue
[2026-09-13T03:03:11.934+0000] {logging_mixin.py:149} INFO - [2026-09-13T03:03:11.933+0000] {dagbag.py:541} INFO - Filling up the DagBag from /opt/airflow/dags/1_first_dag.py
[2026-09-13T03:03:11.960+0000] {processor.py:809} INFO - DAG(s) dict_keys(['1-miprimerdag']) retrieved from /opt/airflow/dags/1_first_dag.py
[2026-09-13T03:03:12.049+0000] {logging_mixin.py:149} INFO - [2026-09-13T03:03:12.049+0000] {dag.py:2726} INFO - Sync 1 DAGs
[2026-09-13T03:03:12.117+0000] {logging_mixin.py:149} INFO - [2026-09-13T03:03:12.117+0000] {dag.py:3490} INFO - Setting next_dagrun for 1-miprimerdag to 2023-05-01T00:00:00+00:00, run_after=2023-05-01T00:00:00+00:00
[2026-09-13T03:03:12.178+0000] {processor.py:178} INFO - Processing /opt/airflow/dags/1_first_dag.py took 0.263 seconds
[2026-09-13T03:03:42.497+0000] {processor.py:156} INFO - Started process (PID=163882) to work on /opt/airflow/dags/1_first_dag.py
[2026-09-13T03:03:42.501+0000] {processor.py:799} INFO - Processing file /opt/airflow/dags/1_first_dag.py for tasks to queue
[2026-09-13T03:03:42.503+0000] {logging_mixin.py:149} INFO - [2026-09-13T03:03:42.503+0000] {dagbag.py:541} INFO - Filling up the DagBag from /opt/airflow/dags/1_first_dag.py
[2026-09-13T03:03:42.529+0000] {processor.py:809} INFO - DAG(s) dict_keys(['1-miprimerdag']) retrieved from /opt/airflow/dags/1_first_dag.py
[2026-09-13T03:03:42.625+0000] {logging_mixin.py:149} INFO - [2026-09-13T03:03:42.625+0000] {dag.py:2726} INFO - Sync 1 DAGs
[2026-09-13T03:03:42.679+0000] {logging_mixin.py:149} INFO - [2026-09-13T03:03:42.679+0000] {dag.py:3490} INFO - Setting next_dagrun for 1-miprimerdag to 2023-05-01T00:00:00+00:00, run_after=2023-05-01T00:00:00+00:00
[2026-09-13T03:03:42.710+0000] {processor.py:178} INFO - Processing /opt/airflow/dags/1_first_dag.py took 0.223 seconds
[2026-09-13T03:04:12.995+0000] {processor.py:156} INFO - Started process (PID=163896) to work on /opt/airflow/dags/1_first_dag.py
[2026-09-13T03:04:12.999+0000] {processor.py:799} INFO - Processing file /opt/airflow/dags/1_first_dag.py for tasks to queue
[2026-09-13T03:04:13.001+0000] {logging_mixin.py:149} INFO - [2026-09-13T03:04:13.000+0000] {dagbag.py:541} INFO - Filling up the DagBag from /opt/airflow/dags/1_first_dag.py
[2026-09-13T03:04:13.026+0000] {processor.py:809} INFO - DAG(s) dict_keys(['1-miprimerdag']) retrieved from /opt/airflow/dags/1_first_dag.py
[2026-09-13T03:04:13.113+0000] {logging_mixin.py:149} INFO - [2026-09-13T03:04:13.113+0000] {dag.py:2726} INFO - Sync 1 DAGs
[2026-09-13T03:04:13.183+0000] {logging_mixin.py:149} INFO - [2026-09-13T03:04:13.182+0000] {dag.py:3490} INFO - Setting next_dagrun for 1-miprimerdag to 2023-05-01T00:00:00+00:00, run_after=2023-05-01T00:00:00+00:00
[2026-09-13T03:04:13.252+0000] {processor.py:178} INFO - Processing /opt/airflow/dags/1_first_dag.py took 0.267 seconds
[2026-09-13T03:04:43.470+0000] {processor.py:156} INFO - Started process (PID=163910) to work on /opt/airflow/dags/1_first_dag.py
[2026-09-13T03:04:43.476+0000] {processor.py:799} INFO - Processing file /opt/airflow/dags/1_first_dag.py for tasks to queue
[2026-09-13T03:04:43.478+0000] {logging_mixin.py:149} INFO - [2026-09-13T03:04:43.478+0000] {dagbag.py:541} INFO - Filling up the DagBag from /opt/airflow/dags/1_first_dag.py
[2026-09-13T03:04:43.506+0000] {processor.py:809} INFO - DAG(s) dict_keys(['1-miprimerdag']) retrieved from /opt/airflow/dags/1_first_dag.py
[2026-09-13T03:04:43.596+0000] {logging_mixin.py:149} INFO - [2026-09-13T03:04:43.596+0000] {dag.py:2726} INFO - Sync 1 DAGs
[2026-09-13T03:04:43.660+0000] {logging_mixin.py:149} INFO - [2026-09-13T03:04:43.659+0000] {dag.py:3490} INFO - Setting next_dagrun for 1-miprimerdag to 2023-05-01T00:00:00+00:00, run_after=2023-05-01T00:00:00+00:00
[2026-09-13T03:04:43.718+0000] {processor.py:178} INFO - Processing /opt/airflow/dags/1_first_dag.py took 0.259 seconds
[2026-09-13T03:05:13.998+0000] {processor.py:156} INFO - Started process (PID=163925) to work on /opt/airflow/dags/1_first_dag.py
[2026-09-13T03:05:14.001+0000] {processor.py:799} INFO - Processing file /opt/airflow/dags/1_first_dag.py for tasks to queue
[2026-09-13T03:05:14.003+0000] {logging_mixin.py:149} INFO - [2026-09-13T03:05:14.003+0000] {dagbag.py:541} INFO - Filling up the DagBag from /opt/airflow/dags/1_first_dag.py
[2026-09-13T03:05:14.033+0000] {processor.py:809} INFO - DAG(s) dict_keys(['1-miprimerdag']) retrieved from /opt/airflow/dags/1_first_dag.py
[2026-09-13T03:05:14.147+0000] {logging_mixin.py:149} INFO - [2026-09-13T03:05:14.147+0000] {dag.py:2726} INFO - Sync 1 DAGs
[2026-09-13T03:05:14.202+0000] {logging_mixin.py:149} INFO - [2026-09-13T03:05:14.201+0000] {dag.py:3490} INFO - Setting next_dagrun for 1-miprimerdag to 2023-05-01T00:00:00+00:00, run_after=2023-05-01T00:00:00+00:00
[2026-09-13T03:05:14.238+0000] {processor.py:178} INFO - Processing /opt/airflow/dags/1_first_dag.py took 0.251 seconds
[2026-09-13T03:05:44.319+0000] {processor.py:156} INFO - Started process (PID=163939) to work on /opt/airflow/dags/1_first_dag.py
[2026-09-13T03:05:44.323+0000] {processor.py:799} INFO - Processing file /opt/airflow/dags/1_first_dag.py for tasks to queue
[2026-09-13T03:05:44.325+0000] {logging_mixin.py:149} INFO - [2026-09-13T03:05:44.325+0000] {dagbag.py:541} INFO - Filling up the DagBag from /opt/airflow/dags/1_first_dag.py
[2026-09-13T03:05:44.348+0000] {processor.py:809} INFO - DAG(s) dict_keys(['1-miprimerdag']) retrieved from /opt/airflow/dags/1_first_dag.py
[2026-09-13T03:05:44.454+0000] {logging_mixin.py:149} INFO - [2026-09-13T03:05:44.454+0000] {dag.py:2726} INFO - Sync 1 DAGs
[2026-09-13T03:05:44.530+0000] {logging_mixin.py:149} INFO - [2026-09-13T03:05:44.529+0000] {dag.py:3490} INFO - Setting next_dagrun for 1-miprimerdag to 2023-05-01T00:00:00+00:00, run_after=2023-05-01T00:00:00+00:00
[2026-09-13T03:05:44.589+0000] {processor.py:178} INFO - Processing /opt/airflow/dags/1_first_dag.py took 0.282 seconds
[2026-09-13T03:06:14.827+0000] {processor.py:156} INFO - Started process (PID=163953) to work on /opt/airflow/dags/1_first_dag.py
[2026-09-13T03:06:14.831+0000] {processor.py:799} INFO - Processing file /opt/airflow/dags/1_first_dag.py for tasks to queue
[2026-09-13T03:06:14.834+0000] {logging_mixin.py:149} INFO - [2026-09-13T03:06:14.834+0000] {dagbag.py:541} INFO - Filling up the DagBag from /opt/airflow/dags/1_first_dag.py
[2026-09-13T03:06:14.861+0000] {processor.py:809} INFO - DAG(s) dict_keys(['1-miprimerdag']) retrieved from /opt/airflow/dags/1_first_dag.py
[2026-09-13T03:06:14.944+0000] {logging_mixin.py:149} INFO - [2026-09-13T03:06:14.944+0000] {dag.py:2726} INFO - Sync 1 DAGs
[2026-09-13T03:06:15.008+0000] {logging_mixin.py:149} INFO - [2026-09-13T03:06:15.008+0000] {dag.py:3490} INFO - Setting next_dagrun for 1-miprimerdag to 2023-05-01T00:00:00+00:00, run_after=2023-05-01T00:00:00+00:00
[2026-09-13T03:06:15.068+0000] {processor.py:178} INFO - Processing /opt/airflow/dags/1_first_dag.py took 0.255 seconds
[2026-09-13T03:06:45.200+0000] {processor.py:156} INFO - Started process (PID=163968) to work on /opt/airflow/dags/1_first_dag.py
[2026-09-13T03:06:45.204+0000] {processor.py:799} INFO - Processing file /opt/airflow/dags/1_first_dag.py for tasks to queue
[2026-09-13T03:06:45.206+0000] {logging_mixin.py:149} INFO - [2026-09-13T03:06:45.205+0000] {dagbag.py:541} INFO - Filling up the DagBag from /opt/airflow/dags/1_first_dag.py
[2026-09-13T03:06:45.237+0000] {processor.py:809} INFO - DAG(s) dict_keys(['1-miprimerdag']) retrieved from /opt/airflow/dags/1_first_dag.py
[2026-09-13T03:06:45.326+0000] {logging_mixin.py:149} INFO - [2026-09-13T03:06:45.326+0000] {dag.py:2726} INFO - Sync 1 DAGs
[2026-09-13T03:06:45.402+0000] {logging_mixin.py:149} INFO - [2026-09-13T03:06:45.402+0000] {dag.py:3490} INFO - Setting next_dagrun for 1-miprimerdag to 2023-05-01T00:00:00+00:00, run_after=2023-05-01T00:00:00+00:00
[2026-09-13T03:06:45.472+0000] {processor.py:178} INFO - Processing /opt/airflow/dags/1_first_dag.py took 0.283 seconds
[2026-09-13T03:07:15.534+0000] {processor.py:156} INFO - Started process (PID=163982) to work on /opt/airflow/dags/1_first_dag.py
[2026-09-13T03:07:15.538+0000] {processor.py:799} INFO - Processing file /opt/airflow/dags/1_first_dag.py for tasks to queue
[2026-09-13T03:07:15.540+0000] {logging_mixin.py:149} INFO - [2026-09-13T03:07:15.539+0000] {dagbag.py:541} INFO - Filling up the DagBag from /opt/airflow/dags/1_first_dag.py
[2026-09-13T03:07:15.565+0000] {processor.py:809} INFO - DAG(s) dict_keys(['1-miprimerdag']) retrieved from /opt/airflow/dags/1_first_dag.py
[2026-09-13T03:07:15.658+0000] {logging_mixin.py:149} INFO - [2026-09-13T03:07:15.658+0000] {dag.py:2726} INFO - Sync 1 DAGs
[2026-09-13T03:07:15.741+0000] {logging_mixin.py:149} INFO - [2026-09-13T03:07:15.741+0000] {dag.py:3490} INFO - Setting next_dagrun for 1-miprimerdag to 2023-05-01T00:00:00+00:00, run_after=2023-05-01T00:00:00+00:00
[2026-09-13T03:07:15.807+0000] {processor.py:178} INFO - Processing /opt/airflow/dags/1_first_dag.py took 0.283 seconds
[2026-09-13T03:07:45.969+0000] {processor.py:156} INFO - Started process (PID=163996) to work on /opt/airflow/dags/1_first_dag.py
[2026-09-13T03:07:45.978+0000] {processor.py:799} INFO - Processing file /opt/airflow/dags/1_first_dag.py for tasks to queue
[2026-09-13T03:07:45.981+0000] {logging_mixin.py:149} INFO - [2026-09-13T03:07:45.981+0000] {dagbag.py:541} INFO - Filling up the DagBag from /opt/airflow/dags/1_first_dag.py
[2026-09-13T03:07:46.007+0000] {processor.py:809} INFO - DAG(s) dict_keys(['1-miprimerdag']) retrieved from /opt/airflow/dags/1_first_dag.py
[2026-09-13T03:07:46.095+0000] {logging_mixin.py:149} INFO - [2026-09-13T03:07:46.095+0000] {dag.py:2726} INFO - Sync 1 DAGs
[2026-09-13T03:07:46.178+0000] {logging_mixin.py:149} INFO - [2026-09-13T03:07:46.178+0000] {dag.py:3490} INFO - Setting next_dagrun for 1-miprimerdag to 2023-05-01T00:00:00+00:00, run_after=2023-05-01T00:00:00+00:00
[2026-09-13T03:07:46.232+0000] {processor.py:178} INFO - Processing /opt/airflow/dags/1_first_dag.py took 0.277 seconds
[2026-09-13T03:08:16.452+0000] {processor.py:156} INFO - Started process (PID=164009) to work on /opt/airflow/dags/1_first_dag.py
[2026-09-13T03:08:16.457+0000] {processor.py:799} INFO - Processing file /opt/airflow/dags/1_first_dag.py for tasks to queue
[2026-09-13T03:08:16.458+0000] {logging_mixin.py:149} INFO - [2026-09-13T03:08:16.458+0000] {dagbag.py:541} INFO - Filling up the DagBag from /opt/airflow/dags/1_first_dag.py
[2026-09-13T03:08:16.483+0000] {processor.py:809} INFO - DAG(s) dict_keys(['1-miprimerdag']) retrieved from /opt/airflow/dags/1_first_dag.py
[2026-09-13T03:08:16.579+0000] {logging_mixin.py:149} INFO - [2026-09-13T03:08:16.578+0000] {dag.py:2726} INFO - Sync 1 DAGs
[2026-09-13T03:08:16.653+0000] {logging_mixin.py:149} INFO - [2026-09-13T03:08:16.652+0000] {dag.py:3490} INFO - Setting next_dagrun for 1-miprimerdag to 2023-05-01T00:00:00+00:00, run_after=2023-05-01T00:00:00+00:00
[2026-09-13T03:08:16.711+0000] {processor.py:178} INFO - Processing /opt/airflow/dags/1_first_dag.py took 0.269 seconds
[2026-09-13T03:08:46.842+0000] {processor.py:156} INFO - Started process (PID=164023) to work on /opt/airflow/dags/1_first_dag.py
[2026-09-13T03:08:46.846+0000] {processor.py:799} INFO - Processing file /opt/airflow/dags/1_first_dag.py for tasks to queue
[2026-09-13T03:08:46.848+0000] {logging_mixin.py:149} INFO - [2026-09-13T03:08:46.847+0000] {dagbag.py:541} INFO - Filling up the DagBag from /opt/airflow/dags/1_first_dag.py
[2026-09-13T03:08:46.871+0000] {processor.py:809} INFO - DAG(s) dict_keys(['1-miprimerdag']) retrieved from /opt/airflow/dags/1_first_dag.py
[2026-09-13T03:08:46.959+0000] {logging_mixin.py:149} INFO - [2026-09-13T03:08:46.958+0000] {dag.py:2726} INFO - Sync 1 DAGs
[2026-09-13T03:08:47.031+0000] {logging_mixin.py:149} INFO - [2026-09-13T03:08:47.031+0000] {dag.py:3490} INFO - Setting next_dagrun for 1-miprimerdag to 2023-05-01T00:00:00+00:00, run_after=2023-05-01T00:00:00+00:00
[2026-09-13T03:08:47.092+0000] {processor.py:178} INFO - Processing /opt/airflow/dags/1_first_dag.py took 0.261 seconds
[2026-09-13T03:09:17.395+0000] {processor.py:156} INFO - Started process (PID=164037) to work on /opt/airflow/dags/1_first_dag.py
[2026-09-13T03:09:17.399+0000] {processor.py:799} INFO - Processing file /opt/airflow/dags/1_first_dag.py for tasks to queue
[2026-09-13T03:09:17.400+0000] {logging_mixin.py:149} INFO - [2026-09-13T03:09:17.400+0000] {dagbag.py:541} INFO - Filling up the DagBag from /opt/airflow/dags/1_first_dag.py
[2026-09-13T03:09:17.424+0000] {processor.py:809} INFO - DAG(s) dict_keys(['1-miprimerdag']) retrieved from /opt/airflow/dags/1_first_dag.py
[2026-09-13T03:09:17.518+0000] {logging_mixin.py:149} INFO - [2026-09-13T03:09:17.518+0000] {dag.py:2726} INFO - Sync 1 DAGs
[2026-09-13T03:09:17.583+0000] {logging_mixin.py:149} INFO - [2026-09-13T03:09:17.583+0000] {dag.py:3490} INFO - Setting next_dagrun for 1-miprimerdag to 2023-05-01T00:00:00+00:00, run_after=2023-05-01T00:00:00+00:00
[2026-09-13T03:09:17.655+0000] {processor.py:178} INFO - Processing /opt/airflow/dags/1_first_dag.py took 0.270 seconds
[2026-09-13T03:09:47.992+0000] {processor.py:156} INFO - Started process (PID=164051) to work on /opt/airflow/dags/1_first_dag.py
[2026-09-13T03:09:47.996+0000] {processor.py:799} INFO - Processing file /opt/airflow/dags/1_first_dag.py for tasks to queue
[2026-09-13T03:09:47.998+0000] {logging_mixin.py:149} INFO - [2026-09-13T03:09:47.997+0000] {dagbag.py:541} INFO - Filling up the DagBag from /opt/airflow/dags/1_first_dag.py
[2026-09-13T03:09:48.020+0000] {processor.py:809} INFO - DAG(s) dict_keys(['1-miprimerdag']) retrieved from /opt/airflow/dags/1_first_dag.py
[2026-09-13T03:09:48.117+0000] {logging_mixin.py:149} INFO - [2026-09-13T03:09:48.117+0000] {dag.py:2726} INFO - Sync 1 DAGs
[2026-09-13T03:09:48.167+0000] {logging_mixin.py:149} INFO - [2026-09-13T03:09:48.167+0000] {dag.py:3490} INFO - Setting next_dagrun for 1-miprimerdag to 2023-05-01T00:00:00+00:00, run_after=2023-05-01T00:00:00+00:00
[2026-09-13T03:09:48.196+0000] {processor.py:178} INFO - Processing /opt/airflow/dags/1_first_dag.py took 0.215 seconds
[2026-09-13T03:10:18.478+0000] {processor.py:156} INFO - Started process (PID=164065) to work on /opt/airflow/dags/1_first_dag.py
[2026-09-13T03:10:18.484+0000] {processor.py:799} INFO - Processing file /opt/airflow/dags/1_first_dag.py for tasks to queue
[2026-09-13T03:10:18.485+0000] {logging_mixin.py:149} INFO - [2026-09-13T03:10:18.485+0000] {dagbag.py:541} INFO - Filling up the DagBag from /opt/airflow/dags/1_first_dag.py
[2026-09-13T03:10:18.511+0000] {processor.py:809} INFO - DAG(s) dict_keys(['1-miprimerdag']) retrieved from /opt/airflow/dags/1_first_dag.py
[2026-09-13T03:10:18.606+0000] {logging_mixin.py:149} INFO - [2026-09-13T03:10:18.605+0000] {dag.py:2726} INFO - Sync 1 DAGs
[2026-09-13T03:10:18.674+0000] {logging_mixin.py:149} INFO - [2026-09-13T03:10:18.674+0000] {dag.py:3490} INFO - Setting next_dagrun for 1-miprimerdag to 2023-05-01T00:00:00+00:00, run_after=2023-05-01T00:00:00+00:00
[2026-09-13T03:10:18.748+0000] {processor.py:178} INFO - Processing /opt/airflow/dags/1_first_dag.py took 0.282 seconds
[2026-09-13T03:10:49.043+0000] {processor.py:156} INFO - Started process (PID=164079) to work on /opt/airflow/dags/1_first_dag.py
[2026-09-13T03:10:49.046+0000] {processor.py:799} INFO - Processing file /opt/airflow/dags/1_first_dag.py for tasks to queue
[2026-09-13T03:10:49.047+0000] {logging_mixin.py:149} INFO - [2026-09-13T03:10:49.047+0000] {dagbag.py:541} INFO - Filling up the DagBag from /opt/airflow/dags/1_first_dag.py
[2026-09-13T03:10:49.069+0000] {processor.py:809} INFO - DAG(s) dict_keys(['1-miprimerdag']) retrieved from /opt/airflow/dags/1_first_dag.py
[2026-09-13T03:10:49.138+0000] {logging_mixin.py:149} INFO - [2026-09-13T03:10:49.138+0000] {dag.py:2726} INFO - Sync 1 DAGs
[2026-09-13T03:10:49.211+0000] {logging_mixin.py:149} INFO - [2026-09-13T03:10:49.210+0000] {dag.py:3490} INFO - Setting next_dagrun for 1-miprimerdag to 2023-05-01T00:00:00+00:00, run_after=2023-05-01T00:00:00+00:00
[2026-09-13T03:10:49.280+0000] {processor.py:178} INFO - Processing /opt/airflow/dags/1_first_dag.py took 0.247 seconds
[2026-09-13T03:11:19.514+0000] {processor.py:156} INFO - Started process (PID=164093) to work on /opt/airflow/dags/1_first_dag.py
[2026-09-13T03:11:19.519+0000] {processor.py:799} INFO - Processing file /opt/airflow/dags/1_first_dag.py for tasks to queue
[2026-09-13T03:11:19.522+0000] {logging_mixin.py:149} INFO - [2026-09-13T03:11:19.521+0000] {dagbag.py:541} INFO - Filling up the DagBag from /opt/airflow/dags/1_first_dag.py
[2026-09-13T03:11:19.554+0000] {processor.py:809} INFO - DAG(s) dict_keys(['1-miprimerdag']) retrieved from /opt/airflow/dags/1_first_dag.py
[2026-09-13T03:11:19.648+0000] {logging_mixin.py:149} INFO - [2026-09-13T03:11:19.647+0000] {dag.py:2726} INFO - Sync 1 DAGs
[2026-09-13T03:11:19.716+0000] {logging_mixin.py:149} INFO - [2026-09-13T03:11:19.716+0000] {dag.py:3490} INFO - Setting next_dagrun for 1-miprimerdag to 2023-05-01T00:00:00+00:00, run_after=2023-05-01T00:00:00+00:00
[2026-09-13T03:11:19.756+0000] {processor.py:178} INFO - Processing /opt/airflow/dags/1_first_dag.py took 0.254 seconds
[2026-09-13T03:11:50.019+0000] {processor.py:156} INFO - Started process (PID=164107) to work on /opt/airflow/dags/1_first_dag.py
[2026-09-13T03:11:50.023+0000] {processor.py:799} INFO - Processing file /opt/airflow/dags/1_first_dag.py for tasks to queue
[2026-09-13T03:11:50.025+0000] {logging_mixin.py:149} INFO - [2026-09-13T03:11:50.025+0000] {dagbag.py:541} INFO - Filling up the DagBag from /opt/airflow/dags/1_first_dag.py
[2026-09-13T03:11:50.051+0000] {processor.py:809} INFO - DAG(s) dict_keys(['1-miprimerdag']) retrieved from /opt/airflow/dags/1_first_dag.py
[2026-09-13T03:11:50.143+0000] {logging_mixin.py:149} INFO - [2026-09-13T03:11:50.143+0000] {dag.py:2726} INFO - Sync 1 DAGs
[2026-09-13T03:11:50.216+0000] {logging_mixin.py:149} INFO - [2026-09-13T03:11:50.216+0000] {dag.py:3490} INFO - Setting next_dagrun for 1-miprimerdag to 2023-05-01T00:00:00+00:00, run_after=2023-05-01T00:00:00+00:00
[2026-09-13T03:11:50.283+0000] {processor.py:178} INFO - Processing /opt/airflow/dags/1_first_dag.py took 0.276 seconds
[2026-09-13T03:12:20.561+0000] {processor.py:156} INFO - Started process (PID=164122) to work on /opt/airflow/dags/1_first_dag.py
[2026-09-13T03:12:20.566+0000] {processor.py:799} INFO - Processing file /opt/airflow/dags/1_first_dag.py for tasks to queue
[2026-09-13T03:12:20.569+0000] {logging_mixin.py:149} INFO - [2026-09-13T03:12:20.568+0000] {dagbag.py:541} INFO - Filling up the DagBag from /opt/airflow/dags/1_first_dag.py
[2026-09-13T03:12:20.598+0000] {processor.py:809} INFO - DAG(s) dict_keys(['1-miprimerdag']) retrieved from /opt/airflow/dags/1_first_dag.py
[2026-09-13T03:12:20.686+0000] {logging_mixin.py:149} INFO - [2026-09-13T03:12:20.686+0000] {dag.py:2726} INFO - Sync 1 DAGs
[2026-09-13T03:12:20.759+0000] {logging_mixin.py:149} INFO - [2026-09-13T03:12:20.758+0000] {dag.py:3490} INFO - Setting next_dagrun for 1-miprimerdag to 2023-05-01T00:00:00+00:00, run_after=2023-05-01T00:00:00+00:00
[2026-09-13T03:12:20.827+0000] {processor.py:178} INFO - Processing /opt/airflow/dags/1_first_dag.py took 0.278 seconds
[2026-09-13T03:12:51.147+0000] {processor.py:156} INFO - Started process (PID=164137) to work on /opt/airflow/dags/1_first_dag.py
[2026-09-13T03:12:51.153+0000] {processor.py:799} INFO - Processing file /opt/airflow/dags/1_first_dag.py for tasks to queue
[2026-09-13T03:12:51.155+0000] {logging_mixin.py:149} INFO - [2026-09-13T03:12:51.155+0000] {dagbag.py:541} INFO - Filling up the DagBag from /opt/airflow/dags/1_first_dag.py
[2026-09-13T03:12:51.182+0000] {processor.py:809} INFO - DAG(s) dict_keys(['1-miprimerdag']) retrieved from /opt/airflow/dags/1_first_dag.py
[2026-09-13T03:12:51.277+0000] {logging_mixin.py:149} INFO - [2026-09-13T03:12:51.276+0000] {dag.py:2726} INFO - Sync 1 DAGs
[2026-09-13T03:12:51.349+0000] {logging_mixin.py:149} INFO - [2026-09-13T03:12:51.348+0000] {dag.py:3490} INFO - Setting next_dagrun for 1-miprimerdag to 2023-05-01T00:00:00+00:00, run_after=2023-05-01T00:00:00+00:00
[2026-09-13T03:12:51.424+0000] {processor.py:178} INFO - Processing /opt/airflow/dags/1_first_dag.py took 0.287 seconds
[2026-09-13T03:13:21.517+0000] {processor.py:156} INFO - Started process (PID=164151) to work on /opt/airflow/dags/1_first_dag.py
[2026-09-13T03:13:21.521+0000] {processor.py:799} INFO - Processing file /opt/airflow/dags/1_first_dag.py for tasks to queue
[2026-09-13T03:13:21.523+0000] {logging_mixin.py:149} INFO - [2026-09-13T03:13:21.522+0000] {dagbag.py:541} INFO - Filling up the DagBag from /opt/airflow/dags/1_first_dag.py
[2026-09-13T03:13:21.548+0000] {processor.py:809} INFO - DAG(s) dict_keys(['1-miprimerdag']) retrieved from /opt/airflow/dags/1_first_dag.py
[2026-09-13T03:13:21.611+0000] {logging_mixin.py:149} INFO - [2026-09-13T03:13:21.611+0000] {dag.py:2726} INFO - Sync 1 DAGs
[2026-09-13T03:13:21.652+0000] {logging_mixin.py:149} INFO - [2026-09-13T03:13:21.651+0000] {dag.py:3490} INFO - Setting next_dagrun for 1-miprimerdag to 2023-05-01T00:00:00+00:00, run_after=2023-05-01T00:00:00+00:00
[2026-09-13T03:13:21.679+0000] {processor.py:178} INFO - Processing /opt/airflow/dags/1_first_dag.py took 0.186 seconds
[2026-09-13T03:13:51.961+0000] {processor.py:156} INFO - Started process (PID=164164) to work on /opt/airflow/dags/1_first_dag.py
[2026-09-13T03:13:51.965+0000] {processor.py:799} INFO - Processing file /opt/airflow/dags/1_first_dag.py for tasks to queue
[2026-09-13T03:13:51.967+0000] {logging_mixin.py:149} INFO - [2026-09-13T03:13:51.967+0000] {dagbag.py:541} INFO - Filling up the DagBag from /opt/airflow/dags/1_first_dag.py
[2026-09-13T03:13:51.994+0000] {processor.py:809} INFO - DAG(s) dict_keys(['1-miprimerdag']) retrieved from /opt/airflow/dags/1_first_dag.py
[2026-09-13T03:13:52.086+0000] {logging_mixin.py:149} INFO - [2026-09-13T03:13:52.085+0000] {dag.py:2726} INFO - Sync 1 DAGs
[2026-09-13T03:13:52.152+0000] {logging_mixin.py:149} INFO - [2026-09-13T03:13:52.151+0000] {dag.py:3490} INFO - Setting next_dagrun for 1-miprimerdag to 2023-05-01T00:00:00+00:00, run_after=2023-05-01T00:00:00+00:00
[2026-09-13T03:13:52.223+0000] {processor.py:178} INFO - Processing /opt/airflow/dags/1_first_dag.py took 0.273 seconds
[2026-09-13T03:14:22.420+0000] {processor.py:156} INFO - Started process (PID=164179) to work on /opt/airflow/dags/1_first_dag.py
[2026-09-13T03:14:22.425+0000] {processor.py:799} INFO - Processing file /opt/airflow/dags/1_first_dag.py for tasks to queue
[2026-09-13T03:14:22.428+0000] {logging_mixin.py:149} INFO - [2026-09-13T03:14:22.428+0000] {dagbag.py:541} INFO - Filling up the DagBag from /opt/airflow/dags/1_first_dag.py
[2026-09-13T03:14:22.458+0000] {processor.py:809} INFO - DAG(s) dict_keys(['1-miprimerdag']) retrieved from /opt/airflow/dags/1_first_dag.py
[2026-09-13T03:14:22.550+0000] {logging_mixin.py:149} INFO - [2026-09-13T03:14:22.549+0000] {dag.py:2726} INFO - Sync 1 DAGs
[2026-09-13T03:14:22.620+0000] {logging_mixin.py:149} INFO - [2026-09-13T03:14:22.619+0000] {dag.py:3490} INFO - Setting next_dagrun for 1-miprimerdag to 2023-05-01T00:00:00+00:00, run_after=2023-05-01T00:00:00+00:00
[2026-09-13T03:14:22.705+0000] {processor.py:178} INFO - Processing /opt/airflow/dags/1_first_dag.py took 0.295 seconds
[2026-09-13T03:14:52.958+0000] {processor.py:156} INFO - Started process (PID=164193) to work on /opt/airflow/dags/1_first_dag.py
[2026-09-13T03:14:52.962+0000] {processor.py:799} INFO - Processing file /opt/airflow/dags/1_first_dag.py for tasks to queue
[2026-09-13T03:14:52.964+0000] {logging_mixin.py:149} INFO - [2026-09-13T03:14:52.963+0000] {dagbag.py:541} INFO - Filling up the DagBag from /opt/airflow/dags/1_first_dag.py
[2026-09-13T03:14:52.988+0000] {processor.py:809} INFO - DAG(s) dict_keys(['1-miprimerdag']) retrieved from /opt/airflow/dags/1_first_dag.py
[2026-09-13T03:14:53.080+0000] {logging_mixin.py:149} INFO - [2026-09-13T03:14:53.080+0000] {dag.py:2726} INFO - Sync 1 DAGs
[2026-09-13T03:14:53.157+0000] {logging_mixin.py:149} INFO - [2026-09-13T03:14:53.157+0000] {dag.py:3490} INFO - Setting next_dagrun for 1-miprimerdag to 2023-05-01T00:00:00+00:00, run_after=2023-05-01T00:00:00+00:00
[2026-09-13T03:14:53.246+0000] {processor.py:178} INFO - Processing /opt/airflow/dags/1_first_dag.py took 0.301 seconds
[2026-09-13T03:15:23.501+0000] {processor.py:156} INFO - Started process (PID=164207) to work on /opt/airflow/dags/1_first_dag.py
[2026-09-13T03:15:23.509+0000] {processor.py:799} INFO - Processing file /opt/airflow/dags/1_first_dag.py for tasks to queue
[2026-09-13T03:15:23.511+0000] {logging_mixin.py:149} INFO - [2026-09-13T03:15:23.510+0000] {dagbag.py:541} INFO - Filling up the DagBag from /opt/airflow/dags/1_first_dag.py
[2026-09-13T03:15:23.543+0000] {processor.py:809} INFO - DAG(s) dict_keys(['1-miprimerdag']) retrieved from /opt/airflow/dags/1_first_dag.py
[2026-09-13T03:15:23.625+0000] {logging_mixin.py:149} INFO - [2026-09-13T03:15:23.624+0000] {dag.py:2726} INFO - Sync 1 DAGs
[2026-09-13T03:15:23.679+0000] {logging_mixin.py:149} INFO - [2026-09-13T03:15:23.678+0000] {dag.py:3490} INFO - Setting next_dagrun for 1-miprimerdag to 2023-05-01T00:00:00+00:00, run_after=2023-05-01T00:00:00+00:00
[2026-09-13T03:15:23.730+0000] {processor.py:178} INFO - Processing /opt/airflow/dags/1_first_dag.py took 0.239 seconds
[2026-09-13T03:15:54.025+0000] {processor.py:156} INFO - Started process (PID=164220) to work on /opt/airflow/dags/1_first_dag.py
[2026-09-13T03:15:54.028+0000] {processor.py:799} INFO - Processing file /opt/airflow/dags/1_first_dag.py for tasks to queue
[2026-09-13T03:15:54.029+0000] {logging_mixin.py:149} INFO - [2026-09-13T03:15:54.029+0000] {dagbag.py:541} INFO - Filling up the DagBag from /opt/airflow/dags/1_first_dag.py
[2026-09-13T03:15:54.060+0000] {processor.py:809} INFO - DAG(s) dict_keys(['1-miprimerdag']) retrieved from /opt/airflow/dags/1_first_dag.py
[2026-09-13T03:15:54.162+0000] {logging_mixin.py:149} INFO - [2026-09-13T03:15:54.161+0000] {dag.py:2726} INFO - Sync 1 DAGs
[2026-09-13T03:15:54.237+0000] {logging_mixin.py:149} INFO - [2026-09-13T03:15:54.236+0000] {dag.py:3490} INFO - Setting next_dagrun for 1-miprimerdag to 2023-05-01T00:00:00+00:00, run_after=2023-05-01T00:00:00+00:00
[2026-09-13T03:15:54.307+0000] {processor.py:178} INFO - Processing /opt/airflow/dags/1_first_dag.py took 0.294 seconds
[2026-09-13T03:16:24.501+0000] {processor.py:156} INFO - Started process (PID=164235) to work on /opt/airflow/dags/1_first_dag.py
[2026-09-13T03:16:24.504+0000] {processor.py:799} INFO - Processing file /opt/airflow/dags/1_first_dag.py for tasks to queue
[2026-09-13T03:16:24.506+0000] {logging_mixin.py:149} INFO - [2026-09-13T03:16:24.506+0000] {dagbag.py:541} INFO - Filling up the DagBag from /opt/airflow/dags/1_first_dag.py
[2026-09-13T03:16:24.529+0000] {processor.py:809} INFO - DAG(s) dict_keys(['1-miprimerdag']) retrieved from /opt/airflow/dags/1_first_dag.py
[2026-09-13T03:16:24.594+0000] {logging_mixin.py:149} INFO - [2026-09-13T03:16:24.594+0000] {dag.py:2726} INFO - Sync 1 DAGs
[2026-09-13T03:16:24.633+0000] {logging_mixin.py:149} INFO - [2026-09-13T03:16:24.633+0000] {dag.py:3490} INFO - Setting next_dagrun for 1-miprimerdag to 2023-05-01T00:00:00+00:00, run_after=2023-05-01T00:00:00+00:00
[2026-09-13T03:16:24.680+0000] {processor.py:178} INFO - Processing /opt/airflow/dags/1_first_dag.py took 0.190 seconds
[2026-09-13T03:16:54.969+0000] {processor.py:156} INFO - Started process (PID=164255) to work on /opt/airflow/dags/1_first_dag.py
[2026-09-13T03:16:54.972+0000] {processor.py:799} INFO - Processing file /opt/airflow/dags/1_first_dag.py for tasks to queue
[2026-09-13T03:16:54.974+0000] {logging_mixin.py:149} INFO - [2026-09-13T03:16:54.974+0000] {dagbag.py:541} INFO - Filling up the DagBag from /opt/airflow/dags/1_first_dag.py
[2026-09-13T03:16:55.000+0000] {processor.py:809} INFO - DAG(s) dict_keys(['1-miprimerdag']) retrieved from /opt/airflow/dags/1_first_dag.py
[2026-09-13T03:16:55.089+0000] {logging_mixin.py:149} INFO - [2026-09-13T03:16:55.089+0000] {dag.py:2726} INFO - Sync 1 DAGs
[2026-09-13T03:16:55.152+0000] {logging_mixin.py:149} INFO - [2026-09-13T03:16:55.151+0000] {dag.py:3490} INFO - Setting next_dagrun for 1-miprimerdag to 2023-05-01T00:00:00+00:00, run_after=2023-05-01T00:00:00+00:00
[2026-09-13T03:16:55.205+0000] {processor.py:178} INFO - Processing /opt/airflow/dags/1_first_dag.py took 0.247 seconds
[2026-09-13T03:17:25.377+0000] {processor.py:156} INFO - Started process (PID=164268) to work on /opt/airflow/dags/1_first_dag.py
[2026-09-13T03:17:25.381+0000] {processor.py:799} INFO - Processing file /opt/airflow/dags/1_first_dag.py for tasks to queue
[2026-09-13T03:17:25.385+0000] {logging_mixin.py:149} INFO - [2026-09-13T03:17:25.384+0000] {dagbag.py:541} INFO - Filling up the DagBag from /opt/airflow/dags/1_first_dag.py
[2026-09-13T03:17:25.408+0000] {processor.py:809} INFO - DAG(s) dict_keys(['1-miprimerdag']) retrieved from /opt/airflow/dags/1_first_dag.py
[2026-09-13T03:17:25.495+0000] {logging_mixin.py:149} INFO - [2026-09-13T03:17:25.494+0000] {dag.py:2726} INFO - Sync 1 DAGs
[2026-09-13T03:17:25.588+0000] {logging_mixin.py:149} INFO - [2026-09-13T03:17:25.588+0000] {dag.py:3490} INFO - Setting next_dagrun for 1-miprimerdag to 2023-05-01T00:00:00+00:00, run_after=2023-05-01T00:00:00+00:00
[2026-09-13T03:17:25.658+0000] {processor.py:178} INFO - Processing /opt/airflow/dags/1_first_dag.py took 0.292 seconds
[2026-09-13T03:17:55.904+0000] {processor.py:156} INFO - Started process (PID=164282) to work on /opt/airflow/dags/1_first_dag.py
[2026-09-13T03:17:55.907+0000] {processor.py:799} INFO - Processing file /opt/airflow/dags/1_first_dag.py for tasks to queue
[2026-09-13T03:17:55.909+0000] {logging_mixin.py:149} INFO - [2026-09-13T03:17:55.909+0000] {dagbag.py:541} INFO - Filling up the DagBag from /opt/airflow/dags/1_first_dag.py
[2026-09-13T03:17:55.929+0000] {processor.py:809} INFO - DAG(s) dict_keys(['1-miprimerdag']) retrieved from /opt/airflow/dags/1_first_dag.py
[2026-09-13T03:17:55.984+0000] {logging_mixin.py:149} INFO - [2026-09-13T03:17:55.984+0000] {dag.py:2726} INFO - Sync 1 DAGs
[2026-09-13T03:17:56.045+0000] {logging_mixin.py:149} INFO - [2026-09-13T03:17:56.044+0000] {dag.py:3490} INFO - Setting next_dagrun for 1-miprimerdag to 2023-05-01T00:00:00+00:00, run_after=2023-05-01T00:00:00+00:00
[2026-09-13T03:17:56.115+0000] {processor.py:178} INFO - Processing /opt/airflow/dags/1_first_dag.py took 0.221 seconds
[2026-09-13T03:18:26.181+0000] {processor.py:156} INFO - Started process (PID=164297) to work on /opt/airflow/dags/1_first_dag.py
[2026-09-13T03:18:26.189+0000] {processor.py:799} INFO - Processing file /opt/airflow/dags/1_first_dag.py for tasks to queue
[2026-09-13T03:18:26.191+0000] {logging_mixin.py:149} INFO - [2026-09-13T03:18:26.191+0000] {dagbag.py:541} INFO - Filling up the DagBag from /opt/airflow/dags/1_first_dag.py
[2026-09-13T03:18:26.218+0000] {processor.py:809} INFO - DAG(s) dict_keys(['1-miprimerdag']) retrieved from /opt/airflow/dags/1_first_dag.py
[2026-09-13T03:18:26.310+0000] {logging_mixin.py:149} INFO - [2026-09-13T03:18:26.310+0000] {dag.py:2726} INFO - Sync 1 DAGs
[2026-09-13T03:18:26.380+0000] {logging_mixin.py:149} INFO - [2026-09-13T03:18:26.379+0000] {dag.py:3490} INFO - Setting next_dagrun for 1-miprimerdag to 2023-05-01T00:00:00+00:00, run_after=2023-05-01T00:00:00+00:00
[2026-09-13T03:18:26.447+0000] {processor.py:178} INFO - Processing /opt/airflow/dags/1_first_dag.py took 0.278 seconds
[2026-09-13T03:18:56.640+0000] {processor.py:156} INFO - Started process (PID=164311) to work on /opt/airflow/dags/1_first_dag.py
[2026-09-13T03:18:56.644+0000] {processor.py:799} INFO - Processing file /opt/airflow/dags/1_first_dag.py for tasks to queue
[2026-09-13T03:18:56.647+0000] {logging_mixin.py:149} INFO - [2026-09-13T03:18:56.646+0000] {dagbag.py:541} INFO - Filling up the DagBag from /opt/airflow/dags/1_first_dag.py
[2026-09-13T03:18:56.676+0000] {processor.py:809} INFO - DAG(s) dict_keys(['1-miprimerdag']) retrieved from /opt/airflow/dags/1_first_dag.py
[2026-09-13T03:18:56.775+0000] {logging_mixin.py:149} INFO - [2026-09-13T03:18:56.774+0000] {dag.py:2726} INFO - Sync 1 DAGs
[2026-09-13T03:18:56.855+0000] {logging_mixin.py:149} INFO - [2026-09-13T03:18:56.854+0000] {dag.py:3490} INFO - Setting next_dagrun for 1-miprimerdag to 2023-05-01T00:00:00+00:00, run_after=2023-05-01T00:00:00+00:00
[2026-09-13T03:18:56.917+0000] {processor.py:178} INFO - Processing /opt/airflow/dags/1_first_dag.py took 0.303 seconds
[2026-09-13T03:19:26.982+0000] {processor.py:156} INFO - Started process (PID=164325) to work on /opt/airflow/dags/1_first_dag.py
[2026-09-13T03:19:26.987+0000] {processor.py:799} INFO - Processing file /opt/airflow/dags/1_first_dag.py for tasks to queue
[2026-09-13T03:19:26.989+0000] {logging_mixin.py:149} INFO - [2026-09-13T03:19:26.989+0000] {dagbag.py:541} INFO - Filling up the DagBag from /opt/airflow/dags/1_first_dag.py
[2026-09-13T03:19:27.017+0000] {processor.py:809} INFO - DAG(s) dict_keys(['1-miprimerdag']) retrieved from /opt/airflow/dags/1_first_dag.py
[2026-09-13T03:19:27.120+0000] {logging_mixin.py:149} INFO - [2026-09-13T03:19:27.120+0000] {dag.py:2726} INFO - Sync 1 DAGs
[2026-09-13T03:19:27.186+0000] {logging_mixin.py:149} INFO - [2026-09-13T03:19:27.185+0000] {dag.py:3490} INFO - Setting next_dagrun for 1-miprimerdag to 2023-05-01T00:00:00+00:00, run_after=2023-05-01T00:00:00+00:00
[2026-09-13T03:19:27.254+0000] {processor.py:178} INFO - Processing /opt/airflow/dags/1_first_dag.py took 0.287 seconds
[2026-09-13T03:19:57.471+0000] {processor.py:156} INFO - Started process (PID=164339) to work on /opt/airflow/dags/1_first_dag.py
[2026-09-13T03:19:57.474+0000] {processor.py:799} INFO - Processing file /opt/airflow/dags/1_first_dag.py for tasks to queue
[2026-09-13T03:19:57.476+0000] {logging_mixin.py:149} INFO - [2026-09-13T03:19:57.476+0000] {dagbag.py:541} INFO - Filling up the DagBag from /opt/airflow/dags/1_first_dag.py
[2026-09-13T03:19:57.498+0000] {processor.py:809} INFO - DAG(s) dict_keys(['1-miprimerdag']) retrieved from /opt/airflow/dags/1_first_dag.py
[2026-09-13T03:19:57.584+0000] {logging_mixin.py:149} INFO - [2026-09-13T03:19:57.583+0000] {dag.py:2726} INFO - Sync 1 DAGs
[2026-09-13T03:19:57.651+0000] {logging_mixin.py:149} INFO - [2026-09-13T03:19:57.650+0000] {dag.py:3490} INFO - Setting next_dagrun for 1-miprimerdag to 2023-05-01T00:00:00+00:00, run_after=2023-05-01T00:00:00+00:00
[2026-09-13T03:19:57.708+0000] {processor.py:178} INFO - Processing /opt/airflow/dags/1_first_dag.py took 0.248 seconds
[2026-09-13T03:20:28.029+0000] {processor.py:156} INFO - Started process (PID=164353) to work on /opt/airflow/dags/1_first_dag.py
[2026-09-13T03:20:28.034+0000] {processor.py:799} INFO - Processing file /opt/airflow/dags/1_first_dag.py for tasks to queue
[2026-09-13T03:20:28.036+0000] {logging_mixin.py:149} INFO - [2026-09-13T03:20:28.036+0000] {dagbag.py:541} INFO - Filling up the DagBag from /opt/airflow/dags/1_first_dag.py
[2026-09-13T03:20:28.063+0000] {processor.py:809} INFO - DAG(s) dict_keys(['1-miprimerdag']) retrieved from /opt/airflow/dags/1_first_dag.py
[2026-09-13T03:20:28.153+0000] {logging_mixin.py:149} INFO - [2026-09-13T03:20:28.152+0000] {dag.py:2726} INFO - Sync 1 DAGs
[2026-09-13T03:20:28.220+0000] {logging_mixin.py:149} INFO - [2026-09-13T03:20:28.220+0000] {dag.py:3490} INFO - Setting next_dagrun for 1-miprimerdag to 2023-05-01T00:00:00+00:00, run_after=2023-05-01T00:00:00+00:00
[2026-09-13T03:20:28.288+0000] {processor.py:178} INFO - Processing /opt/airflow/dags/1_first_dag.py took 0.271 seconds
[2026-09-13T03:20:58.528+0000] {processor.py:156} INFO - Started process (PID=164367) to work on /opt/airflow/dags/1_first_dag.py
[2026-09-13T03:20:58.531+0000] {processor.py:799} INFO - Processing file /opt/airflow/dags/1_first_dag.py for tasks to queue
[2026-09-13T03:20:58.533+0000] {logging_mixin.py:149} INFO - [2026-09-13T03:20:58.533+0000] {dagbag.py:541} INFO - Filling up the DagBag from /opt/airflow/dags/1_first_dag.py
[2026-09-13T03:20:58.558+0000] {processor.py:809} INFO - DAG(s) dict_keys(['1-miprimerdag']) retrieved from /opt/airflow/dags/1_first_dag.py
[2026-09-13T03:20:58.643+0000] {logging_mixin.py:149} INFO - [2026-09-13T03:20:58.643+0000] {dag.py:2726} INFO - Sync 1 DAGs
[2026-09-13T03:20:58.716+0000] {logging_mixin.py:149} INFO - [2026-09-13T03:20:58.715+0000] {dag.py:3490} INFO - Setting next_dagrun for 1-miprimerdag to 2023-05-01T00:00:00+00:00, run_after=2023-05-01T00:00:00+00:00
[2026-09-13T03:20:58.778+0000] {processor.py:178} INFO - Processing /opt/airflow/dags/1_first_dag.py took 0.261 seconds
[2026-09-13T03:21:28.942+0000] {processor.py:156} INFO - Started process (PID=164381) to work on /opt/airflow/dags/1_first_dag.py
[2026-09-13T03:21:28.946+0000] {processor.py:799} INFO - Processing file /opt/airflow/dags/1_first_dag.py for tasks to queue
[2026-09-13T03:21:28.948+0000] {logging_mixin.py:149} INFO - [2026-09-13T03:21:28.948+0000] {dagbag.py:541} INFO - Filling up the DagBag from /opt/airflow/dags/1_first_dag.py
[2026-09-13T03:21:28.974+0000] {processor.py:809} INFO - DAG(s) dict_keys(['1-miprimerdag']) retrieved from /opt/airflow/dags/1_first_dag.py
[2026-09-13T03:21:29.059+0000] {logging_mixin.py:149} INFO - [2026-09-13T03:21:29.059+0000] {dag.py:2726} INFO - Sync 1 DAGs
[2026-09-13T03:21:29.126+0000] {logging_mixin.py:149} INFO - [2026-09-13T03:21:29.126+0000] {dag.py:3490} INFO - Setting next_dagrun for 1-miprimerdag to 2023-05-01T00:00:00+00:00, run_after=2023-05-01T00:00:00+00:00
[2026-09-13T03:21:29.188+0000] {processor.py:178} INFO - Processing /opt/airflow/dags/1_first_dag.py took 0.257 seconds
[2026-09-13T03:21:59.424+0000] {processor.py:156} INFO - Started process (PID=164396) to work on /opt/airflow/dags/1_first_dag.py
[2026-09-13T03:21:59.428+0000] {processor.py:799} INFO - Processing file /opt/airflow/dags/1_first_dag.py for tasks to queue
[2026-09-13T03:21:59.431+0000] {logging_mixin.py:149} INFO - [2026-09-13T03:21:59.431+0000] {dagbag.py:541} INFO - Filling up the DagBag from /opt/airflow/dags/1_first_dag.py
[2026-09-13T03:21:59.466+0000] {processor.py:809} INFO - DAG(s) dict_keys(['1-miprimerdag']) retrieved from /opt/airflow/dags/1_first_dag.py
[2026-09-13T03:21:59.549+0000] {logging_mixin.py:149} INFO - [2026-09-13T03:21:59.548+0000] {dag.py:2726} INFO - Sync 1 DAGs
[2026-09-13T03:21:59.594+0000] {logging_mixin.py:149} INFO - [2026-09-13T03:21:59.594+0000] {dag.py:3490} INFO - Setting next_dagrun for 1-miprimerdag to 2023-05-01T00:00:00+00:00, run_after=2023-05-01T00:00:00+00:00
[2026-09-13T03:21:59.623+0000] {processor.py:178} INFO - Processing /opt/airflow/dags/1_first_dag.py took 0.214 seconds
[2026-09-13T03:22:29.772+0000] {processor.py:156} INFO - Started process (PID=164410) to work on /opt/airflow/dags/1_first_dag.py
[2026-09-13T03:22:29.779+0000] {processor.py:799} INFO - Processing file /opt/airflow/dags/1_first_dag.py for tasks to queue
[2026-09-13T03:22:29.781+0000] {logging_mixin.py:149} INFO - [2026-09-13T03:22:29.780+0000] {dagbag.py:541} INFO - Filling up the DagBag from /opt/airflow/dags/1_first_dag.py
[2026-09-13T03:22:29.806+0000] {processor.py:809} INFO - DAG(s) dict_keys(['1-miprimerdag']) retrieved from /opt/airflow/dags/1_first_dag.py
[2026-09-13T03:22:29.897+0000] {logging_mixin.py:149} INFO - [2026-09-13T03:22:29.896+0000] {dag.py:2726} INFO - Sync 1 DAGs
[2026-09-13T03:22:29.972+0000] {logging_mixin.py:149} INFO - [2026-09-13T03:22:29.972+0000] {dag.py:3490} INFO - Setting next_dagrun for 1-miprimerdag to 2023-05-01T00:00:00+00:00, run_after=2023-05-01T00:00:00+00:00
[2026-09-13T03:22:30.038+0000] {processor.py:178} INFO - Processing /opt/airflow/dags/1_first_dag.py took 0.279 seconds
[2026-09-13T03:23:00.209+0000] {processor.py:156} INFO - Started process (PID=164424) to work on /opt/airflow/dags/1_first_dag.py
[2026-09-13T03:23:00.213+0000] {processor.py:799} INFO - Processing file /opt/airflow/dags/1_first_dag.py for tasks to queue
[2026-09-13T03:23:00.215+0000] {logging_mixin.py:149} INFO - [2026-09-13T03:23:00.214+0000] {dagbag.py:541} INFO - Filling up the DagBag from /opt/airflow/dags/1_first_dag.py
[2026-09-13T03:23:00.239+0000] {processor.py:809} INFO - DAG(s) dict_keys(['1-miprimerdag']) retrieved from /opt/airflow/dags/1_first_dag.py
[2026-09-13T03:23:00.322+0000] {logging_mixin.py:149} INFO - [2026-09-13T03:23:00.322+0000] {dag.py:2726} INFO - Sync 1 DAGs
[2026-09-13T03:23:00.402+0000] {logging_mixin.py:149} INFO - [2026-09-13T03:23:00.402+0000] {dag.py:3490} INFO - Setting next_dagrun for 1-miprimerdag to 2023-05-01T00:00:00+00:00, run_after=2023-05-01T00:00:00+00:00
[2026-09-13T03:23:00.470+0000] {processor.py:178} INFO - Processing /opt/airflow/dags/1_first_dag.py took 0.272 seconds
[2026-09-13T03:23:30.658+0000] {processor.py:156} INFO - Started process (PID=164438) to work on /opt/airflow/dags/1_first_dag.py
[2026-09-13T03:23:30.661+0000] {processor.py:799} INFO - Processing file /opt/airflow/dags/1_first_dag.py for tasks to queue
[2026-09-13T03:23:30.662+0000] {logging_mixin.py:149} INFO - [2026-09-13T03:23:30.662+0000] {dagbag.py:541} INFO - Filling up the DagBag from /opt/airflow/dags/1_first_dag.py
[2026-09-13T03:23:30.685+0000] {processor.py:809} INFO - DAG(s) dict_keys(['1-miprimerdag']) retrieved from /opt/airflow/dags/1_first_dag.py
[2026-09-13T03:23:30.765+0000] {logging_mixin.py:149} INFO - [2026-09-13T03:23:30.764+0000] {dag.py:2726} INFO - Sync 1 DAGs
[2026-09-13T03:23:30.845+0000] {logging_mixin.py:149} INFO - [2026-09-13T03:23:30.844+0000] {dag.py:3490} INFO - Setting next_dagrun for 1-miprimerdag to 2023-05-01T00:00:00+00:00, run_after=2023-05-01T00:00:00+00:00
[2026-09-13T03:23:30.899+0000] {processor.py:178} INFO - Processing /opt/airflow/dags/1_first_dag.py took 0.252 seconds
[2026-09-13T03:24:01.061+0000] {processor.py:156} INFO - Started process (PID=164452) to work on /opt/airflow/dags/1_first_dag.py
[2026-09-13T03:24:01.064+0000] {processor.py:799} INFO - Processing file /opt/airflow/dags/1_first_dag.py for tasks to queue
[2026-09-13T03:24:01.066+0000] {logging_mixin.py:149} INFO - [2026-09-13T03:24:01.065+0000] {dagbag.py:541} INFO - Filling up the DagBag from /opt/airflow/dags/1_first_dag.py
[2026-09-13T03:24:01.089+0000] {processor.py:809} INFO - DAG(s) dict_keys(['1-miprimerdag']) retrieved from /opt/airflow/dags/1_first_dag.py
[2026-09-13T03:24:01.173+0000] {logging_mixin.py:149} INFO - [2026-09-13T03:24:01.173+0000] {dag.py:2726} INFO - Sync 1 DAGs
[2026-09-13T03:24:01.240+0000] {logging_mixin.py:149} INFO - [2026-09-13T03:24:01.240+0000] {dag.py:3490} INFO - Setting next_dagrun for 1-miprimerdag to 2023-05-01T00:00:00+00:00, run_after=2023-05-01T00:00:00+00:00
[2026-09-13T03:24:01.303+0000] {processor.py:178} INFO - Processing /opt/airflow/dags/1_first_dag.py took 0.253 seconds
[2026-09-13T03:24:31.366+0000] {processor.py:156} INFO - Started process (PID=164466) to work on /opt/airflow/dags/1_first_dag.py
[2026-09-13T03:24:31.375+0000] {processor.py:799} INFO - Processing file /opt/airflow/dags/1_first_dag.py for tasks to queue
[2026-09-13T03:24:31.377+0000] {logging_mixin.py:149} INFO - [2026-09-13T03:24:31.377+0000] {dagbag.py:541} INFO - Filling up the DagBag from /opt/airflow/dags/1_first_dag.py
[2026-09-13T03:24:31.406+0000] {processor.py:809} INFO - DAG(s) dict_keys(['1-miprimerdag']) retrieved from /opt/airflow/dags/1_first_dag.py
[2026-09-13T03:24:31.501+0000] {logging_mixin.py:149} INFO - [2026-09-13T03:24:31.501+0000] {dag.py:2726} INFO - Sync 1 DAGs
[2026-09-13T03:24:31.594+0000] {logging_mixin.py:149} INFO - [2026-09-13T03:24:31.593+0000] {dag.py:3490} INFO - Setting next_dagrun for 1-miprimerdag to 2023-05-01T00:00:00+00:00, run_after=2023-05-01T00:00:00+00:00
[2026-09-13T03:24:31.664+0000] {processor.py:178} INFO - Processing /opt/airflow/dags/1_first_dag.py took 0.310 seconds
[2026-09-13T03:25:01.840+0000] {processor.py:156} INFO - Started process (PID=164480) to work on /opt/airflow/dags/1_first_dag.py
[2026-09-13T03:25:01.845+0000] {processor.py:799} INFO - Processing file /opt/airflow/dags/1_first_dag.py for tasks to queue
[2026-09-13T03:25:01.847+0000] {logging_mixin.py:149} INFO - [2026-09-13T03:25:01.846+0000] {dagbag.py:541} INFO - Filling up the DagBag from /opt/airflow/dags/1_first_dag.py
[2026-09-13T03:25:01.869+0000] {processor.py:809} INFO - DAG(s) dict_keys(['1-miprimerdag']) retrieved from /opt/airflow/dags/1_first_dag.py
[2026-09-13T03:25:01.949+0000] {logging_mixin.py:149} INFO - [2026-09-13T03:25:01.948+0000] {dag.py:2726} INFO - Sync 1 DAGs
[2026-09-13T03:25:01.997+0000] {logging_mixin.py:149} INFO - [2026-09-13T03:25:01.997+0000] {dag.py:3490} INFO - Setting next_dagrun for 1-miprimerdag to 2023-05-01T00:00:00+00:00, run_after=2023-05-01T00:00:00+00:00
[2026-09-13T03:25:02.026+0000] {processor.py:178} INFO - Processing /opt/airflow/dags/1_first_dag.py took 0.196 seconds
[2026-09-13T03:25:32.278+0000] {processor.py:156} INFO - Started process (PID=164494) to work on /opt/airflow/dags/1_first_dag.py
[2026-09-13T03:25:32.282+0000] {processor.py:799} INFO - Processing file /opt/airflow/dags/1_first_dag.py for tasks to queue
[2026-09-13T03:25:32.284+0000] {logging_mixin.py:149} INFO - [2026-09-13T03:25:32.283+0000] {dagbag.py:541} INFO - Filling up the DagBag from /opt/airflow/dags/1_first_dag.py
[2026-09-13T03:25:32.308+0000] {processor.py:809} INFO - DAG(s) dict_keys(['1-miprimerdag']) retrieved from /opt/airflow/dags/1_first_dag.py
[2026-09-13T03:25:32.400+0000] {logging_mixin.py:149} INFO - [2026-09-13T03:25:32.400+0000] {dag.py:2726} INFO - Sync 1 DAGs
[2026-09-13T03:25:32.475+0000] {logging_mixin.py:149} INFO - [2026-09-13T03:25:32.474+0000] {dag.py:3490} INFO - Setting next_dagrun for 1-miprimerdag to 2023-05-01T00:00:00+00:00, run_after=2023-05-01T00:00:00+00:00
[2026-09-13T03:25:32.543+0000] {processor.py:178} INFO - Processing /opt/airflow/dags/1_first_dag.py took 0.275 seconds
[2026-09-13T03:26:02.828+0000] {processor.py:156} INFO - Started process (PID=164508) to work on /opt/airflow/dags/1_first_dag.py
[2026-09-13T03:26:02.830+0000] {processor.py:799} INFO - Processing file /opt/airflow/dags/1_first_dag.py for tasks to queue
[2026-09-13T03:26:02.832+0000] {logging_mixin.py:149} INFO - [2026-09-13T03:26:02.832+0000] {dagbag.py:541} INFO - Filling up the DagBag from /opt/airflow/dags/1_first_dag.py
[2026-09-13T03:26:02.861+0000] {processor.py:809} INFO - DAG(s) dict_keys(['1-miprimerdag']) retrieved from /opt/airflow/dags/1_first_dag.py
[2026-09-13T03:26:02.911+0000] {logging_mixin.py:149} INFO - [2026-09-13T03:26:02.911+0000] {dag.py:2726} INFO - Sync 1 DAGs
[2026-09-13T03:26:02.948+0000] {logging_mixin.py:149} INFO - [2026-09-13T03:26:02.948+0000] {dag.py:3490} INFO - Setting next_dagrun for 1-miprimerdag to 2023-05-01T00:00:00+00:00, run_after=2023-05-01T00:00:00+00:00
[2026-09-13T03:26:02.980+0000] {processor.py:178} INFO - Processing /opt/airflow/dags/1_first_dag.py took 0.167 seconds
[2026-09-13T03:26:33.176+0000] {processor.py:156} INFO - Started process (PID=164522) to work on /opt/airflow/dags/1_first_dag.py
[2026-09-13T03:26:33.180+0000] {processor.py:799} INFO - Processing file /opt/airflow/dags/1_first_dag.py for tasks to queue
[2026-09-13T03:26:33.182+0000] {logging_mixin.py:149} INFO - [2026-09-13T03:26:33.181+0000] {dagbag.py:541} INFO - Filling up the DagBag from /opt/airflow/dags/1_first_dag.py
[2026-09-13T03:26:33.206+0000] {processor.py:809} INFO - DAG(s) dict_keys(['1-miprimerdag']) retrieved from /opt/airflow/dags/1_first_dag.py
[2026-09-13T03:26:33.289+0000] {logging_mixin.py:149} INFO - [2026-09-13T03:26:33.289+0000] {dag.py:2726} INFO - Sync 1 DAGs
[2026-09-13T03:26:33.354+0000] {logging_mixin.py:149} INFO - [2026-09-13T03:26:33.354+0000] {dag.py:3490} INFO - Setting next_dagrun for 1-miprimerdag to 2023-05-01T00:00:00+00:00, run_after=2023-05-01T00:00:00+00:00
[2026-09-13T03:26:33.419+0000] {processor.py:178} INFO - Processing /opt/airflow/dags/1_first_dag.py took 0.255 seconds
[2026-09-13T03:27:03.743+0000] {processor.py:156} INFO - Started process (PID=164537) to work on /opt/airflow/dags/1_first_dag.py
[2026-09-13T03:27:03.748+0000] {processor.py:799} INFO - Processing file /opt/airflow/dags/1_first_dag.py for tasks to queue
[2026-09-13T03:27:03.749+0000] {logging_mixin.py:149} INFO - [2026-09-13T03:27:03.749+0000] {dagbag.py:541} INFO - Filling up the DagBag from /opt/airflow/dags/1_first_dag.py
[2026-09-13T03:27:03.774+0000] {processor.py:809} INFO - DAG(s) dict_keys(['1-miprimerdag']) retrieved from /opt/airflow/dags/1_first_dag.py
[2026-09-13T03:27:03.852+0000] {logging_mixin.py:149} INFO - [2026-09-13T03:27:03.851+0000] {dag.py:2726} INFO - Sync 1 DAGs
[2026-09-13T03:27:03.904+0000] {logging_mixin.py:149} INFO - [2026-09-13T03:27:03.903+0000] {dag.py:3490} INFO - Setting next_dagrun for 1-miprimerdag to 2023-05-01T00:00:00+00:00, run_after=2023-05-01T00:00:00+00:00
[2026-09-13T03:27:03.936+0000] {processor.py:178} INFO - Processing /opt/airflow/dags/1_first_dag.py took 0.204 seconds
[2026-09-13T03:27:34.158+0000] {processor.py:156} INFO - Started process (PID=164551) to work on /opt/airflow/dags/1_first_dag.py
[2026-09-13T03:27:34.162+0000] {processor.py:799} INFO - Processing file /opt/airflow/dags/1_first_dag.py for tasks to queue
[2026-09-13T03:27:34.164+0000] {logging_mixin.py:149} INFO - [2026-09-13T03:27:34.163+0000] {dagbag.py:541} INFO - Filling up the DagBag from /opt/airflow/dags/1_first_dag.py
[2026-09-13T03:27:34.189+0000] {processor.py:809} INFO - DAG(s) dict_keys(['1-miprimerdag']) retrieved from /opt/airflow/dags/1_first_dag.py
[2026-09-13T03:27:34.274+0000] {logging_mixin.py:149} INFO - [2026-09-13T03:27:34.274+0000] {dag.py:2726} INFO - Sync 1 DAGs
[2026-09-13T03:27:34.325+0000] {logging_mixin.py:149} INFO - [2026-09-13T03:27:34.324+0000] {dag.py:3490} INFO - Setting next_dagrun for 1-miprimerdag to 2023-05-01T00:00:00+00:00, run_after=2023-05-01T00:00:00+00:00
[2026-09-13T03:27:34.354+0000] {processor.py:178} INFO - Processing /opt/airflow/dags/1_first_dag.py took 0.213 seconds
[2026-09-13T03:28:04.456+0000] {processor.py:156} INFO - Started process (PID=164565) to work on /opt/airflow/dags/1_first_dag.py
[2026-09-13T03:28:04.462+0000] {processor.py:799} INFO - Processing file /opt/airflow/dags/1_first_dag.py for tasks to queue
[2026-09-13T03:28:04.464+0000] {logging_mixin.py:149} INFO - [2026-09-13T03:28:04.464+0000] {dagbag.py:541} INFO - Filling up the DagBag from /opt/airflow/dags/1_first_dag.py
[2026-09-13T03:28:04.491+0000] {processor.py:809} INFO - DAG(s) dict_keys(['1-miprimerdag']) retrieved from /opt/airflow/dags/1_first_dag.py
[2026-09-13T03:28:04.577+0000] {logging_mixin.py:149} INFO - [2026-09-13T03:28:04.576+0000] {dag.py:2726} INFO - Sync 1 DAGs
[2026-09-13T03:28:04.650+0000] {logging_mixin.py:149} INFO - [2026-09-13T03:28:04.650+0000] {dag.py:3490} INFO - Setting next_dagrun for 1-miprimerdag to 2023-05-01T00:00:00+00:00, run_after=2023-05-01T00:00:00+00:00
[2026-09-13T03:28:04.710+0000] {processor.py:178} INFO - Processing /opt/airflow/dags/1_first_dag.py took 0.266 seconds
[2026-09-13T03:28:34.844+0000] {processor.py:156} INFO - Started process (PID=164579) to work on /opt/airflow/dags/1_first_dag.py
[2026-09-13T03:28:34.850+0000] {processor.py:799} INFO - Processing file /opt/airflow/dags/1_first_dag.py for tasks to queue
[2026-09-13T03:28:34.851+0000] {logging_mixin.py:149} INFO - [2026-09-13T03:28:34.851+0000] {dagbag.py:541} INFO - Filling up the DagBag from /opt/airflow/dags/1_first_dag.py
[2026-09-13T03:28:34.875+0000] {processor.py:809} INFO - DAG(s) dict_keys(['1-miprimerdag']) retrieved from /opt/airflow/dags/1_first_dag.py
[2026-09-13T03:28:34.967+0000] {logging_mixin.py:149} INFO - [2026-09-13T03:28:34.966+0000] {dag.py:2726} INFO - Sync 1 DAGs
[2026-09-13T03:28:35.043+0000] {logging_mixin.py:149} INFO - [2026-09-13T03:28:35.042+0000] {dag.py:3490} INFO - Setting next_dagrun for 1-miprimerdag to 2023-05-01T00:00:00+00:00, run_after=2023-05-01T00:00:00+00:00
[2026-09-13T03:28:35.105+0000] {processor.py:178} INFO - Processing /opt/airflow/dags/1_first_dag.py took 0.272 seconds
[2026-09-13T03:29:05.244+0000] {processor.py:156} INFO - Started process (PID=164592) to work on /opt/airflow/dags/1_first_dag.py
[2026-09-13T03:29:05.248+0000] {processor.py:799} INFO - Processing file /opt/airflow/dags/1_first_dag.py for tasks to queue
[2026-09-13T03:29:05.250+0000] {logging_mixin.py:149} INFO - [2026-09-13T03:29:05.249+0000] {dagbag.py:541} INFO - Filling up the DagBag from /opt/airflow/dags/1_first_dag.py
[2026-09-13T03:29:05.275+0000] {processor.py:809} INFO - DAG(s) dict_keys(['1-miprimerdag']) retrieved from /opt/airflow/dags/1_first_dag.py
[2026-09-13T03:29:05.357+0000] {logging_mixin.py:149} INFO - [2026-09-13T03:29:05.356+0000] {dag.py:2726} INFO - Sync 1 DAGs
[2026-09-13T03:29:05.428+0000] {logging_mixin.py:149} INFO - [2026-09-13T03:29:05.427+0000] {dag.py:3490} INFO - Setting next_dagrun for 1-miprimerdag to 2023-05-01T00:00:00+00:00, run_after=2023-05-01T00:00:00+00:00
[2026-09-13T03:29:05.498+0000] {processor.py:178} INFO - Processing /opt/airflow/dags/1_first_dag.py took 0.265 seconds
[2026-09-13T03:29:35.718+0000] {processor.py:156} INFO - Started process (PID=164605) to work on /opt/airflow/dags/1_first_dag.py
[2026-09-13T03:29:35.721+0000] {processor.py:799} INFO - Processing file /opt/airflow/dags/1_first_dag.py for tasks to queue
[2026-09-13T03:29:35.723+0000] {logging_mixin.py:149} INFO - [2026-09-13T03:29:35.723+0000] {dagbag.py:541} INFO - Filling up the DagBag from /opt/airflow/dags/1_first_dag.py
[2026-09-13T03:29:35.748+0000] {processor.py:809} INFO - DAG(s) dict_keys(['1-miprimerdag']) retrieved from /opt/airflow/dags/1_first_dag.py
[2026-09-13T03:29:35.850+0000] {logging_mixin.py:149} INFO - [2026-09-13T03:29:35.849+0000] {dag.py:2726} INFO - Sync 1 DAGs
[2026-09-13T03:29:35.928+0000] {logging_mixin.py:149} INFO - [2026-09-13T03:29:35.927+0000] {dag.py:3490} INFO - Setting next_dagrun for 1-miprimerdag to 2023-05-01T00:00:00+00:00, run_after=2023-05-01T00:00:00+00:00
[2026-09-13T03:29:35.999+0000] {processor.py:178} INFO - Processing /opt/airflow/dags/1_first_dag.py took 0.292 seconds
[2026-09-13T03:30:06.149+0000] {processor.py:156} INFO - Started process (PID=164619) to work on /opt/airflow/dags/1_first_dag.py
[2026-09-13T03:30:06.154+0000] {processor.py:799} INFO - Processing file /opt/airflow/dags/1_first_dag.py for tasks to queue
[2026-09-13T03:30:06.156+0000] {logging_mixin.py:149} INFO - [2026-09-13T03:30:06.156+0000] {dagbag.py:541} INFO - Filling up the DagBag from /opt/airflow/dags/1_first_dag.py
[2026-09-13T03:30:06.183+0000] {processor.py:809} INFO - DAG(s) dict_keys(['1-miprimerdag']) retrieved from /opt/airflow/dags/1_first_dag.py
[2026-09-13T03:30:06.267+0000] {logging_mixin.py:149} INFO - [2026-09-13T03:30:06.267+0000] {dag.py:2726} INFO - Sync 1 DAGs
[2026-09-13T03:30:06.347+0000] {logging_mixin.py:149} INFO - [2026-09-13T03:30:06.346+0000] {dag.py:3490} INFO - Setting next_dagrun for 1-miprimerdag to 2023-05-01T00:00:00+00:00, run_after=2023-05-01T00:00:00+00:00
[2026-09-13T03:30:06.415+0000] {processor.py:178} INFO - Processing /opt/airflow/dags/1_first_dag.py took 0.278 seconds
[2026-09-13T03:30:36.690+0000] {processor.py:156} INFO - Started process (PID=164633) to work on /opt/airflow/dags/1_first_dag.py
[2026-09-13T03:30:36.694+0000] {processor.py:799} INFO - Processing file /opt/airflow/dags/1_first_dag.py for tasks to queue
[2026-09-13T03:30:36.696+0000] {logging_mixin.py:149} INFO - [2026-09-13T03:30:36.696+0000] {dagbag.py:541} INFO - Filling up the DagBag from /opt/airflow/dags/1_first_dag.py
[2026-09-13T03:30:36.724+0000] {processor.py:809} INFO - DAG(s) dict_keys(['1-miprimerdag']) retrieved from /opt/airflow/dags/1_first_dag.py
[2026-09-13T03:30:36.820+0000] {logging_mixin.py:149} INFO - [2026-09-13T03:30:36.820+0000] {dag.py:2726} INFO - Sync 1 DAGs
[2026-09-13T03:30:36.892+0000] {logging_mixin.py:149} INFO - [2026-09-13T03:30:36.892+0000] {dag.py:3490} INFO - Setting next_dagrun for 1-miprimerdag to 2023-05-01T00:00:00+00:00, run_after=2023-05-01T00:00:00+00:00
[2026-09-13T03:30:36.928+0000] {processor.py:178} INFO - Processing /opt/airflow/dags/1_first_dag.py took 0.251 seconds
[2026-09-13T03:31:07.201+0000] {processor.py:156} INFO - Started process (PID=164647) to work on /opt/airflow/dags/1_first_dag.py
[2026-09-13T03:31:07.205+0000] {processor.py:799} INFO - Processing file /opt/airflow/dags/1_first_dag.py for tasks to queue
[2026-09-13T03:31:07.207+0000] {logging_mixin.py:149} INFO - [2026-09-13T03:31:07.207+0000] {dagbag.py:541} INFO - Filling up the DagBag from /opt/airflow/dags/1_first_dag.py
[2026-09-13T03:31:07.234+0000] {processor.py:809} INFO - DAG(s) dict_keys(['1-miprimerdag']) retrieved from /opt/airflow/dags/1_first_dag.py
[2026-09-13T03:31:07.317+0000] {logging_mixin.py:149} INFO - [2026-09-13T03:31:07.316+0000] {dag.py:2726} INFO - Sync 1 DAGs
[2026-09-13T03:31:07.381+0000] {logging_mixin.py:149} INFO - [2026-09-13T03:31:07.381+0000] {dag.py:3490} INFO - Setting next_dagrun for 1-miprimerdag to 2023-05-01T00:00:00+00:00, run_after=2023-05-01T00:00:00+00:00
[2026-09-13T03:31:07.447+0000] {processor.py:178} INFO - Processing /opt/airflow/dags/1_first_dag.py took 0.258 seconds
[2026-09-13T03:31:37.749+0000] {processor.py:156} INFO - Started process (PID=164661) to work on /opt/airflow/dags/1_first_dag.py
[2026-09-13T03:31:37.753+0000] {processor.py:799} INFO - Processing file /opt/airflow/dags/1_first_dag.py for tasks to queue
[2026-09-13T03:31:37.755+0000] {logging_mixin.py:149} INFO - [2026-09-13T03:31:37.754+0000] {dagbag.py:541} INFO - Filling up the DagBag from /opt/airflow/dags/1_first_dag.py
[2026-09-13T03:31:37.778+0000] {processor.py:809} INFO - DAG(s) dict_keys(['1-miprimerdag']) retrieved from /opt/airflow/dags/1_first_dag.py
[2026-09-13T03:31:37.874+0000] {logging_mixin.py:149} INFO - [2026-09-13T03:31:37.873+0000] {dag.py:2726} INFO - Sync 1 DAGs
[2026-09-13T03:31:37.929+0000] {logging_mixin.py:149} INFO - [2026-09-13T03:31:37.928+0000] {dag.py:3490} INFO - Setting next_dagrun for 1-miprimerdag to 2023-05-01T00:00:00+00:00, run_after=2023-05-01T00:00:00+00:00
[2026-09-13T03:31:37.962+0000] {processor.py:178} INFO - Processing /opt/airflow/dags/1_first_dag.py took 0.227 seconds
[2026-09-13T03:32:08.062+0000] {processor.py:156} INFO - Started process (PID=164676) to work on /opt/airflow/dags/1_first_dag.py
[2026-09-13T03:32:08.066+0000] {processor.py:799} INFO - Processing file /opt/airflow/dags/1_first_dag.py for tasks to queue
[2026-09-13T03:32:08.068+0000] {logging_mixin.py:149} INFO - [2026-09-13T03:32:08.068+0000] {dagbag.py:541} INFO - Filling up the DagBag from /opt/airflow/dags/1_first_dag.py
[2026-09-13T03:32:08.094+0000] {processor.py:809} INFO - DAG(s) dict_keys(['1-miprimerdag']) retrieved from /opt/airflow/dags/1_first_dag.py
[2026-09-13T03:32:08.188+0000] {logging_mixin.py:149} INFO - [2026-09-13T03:32:08.186+0000] {dag.py:2726} INFO - Sync 1 DAGs
[2026-09-13T03:32:08.255+0000] {logging_mixin.py:149} INFO - [2026-09-13T03:32:08.254+0000] {dag.py:3490} INFO - Setting next_dagrun for 1-miprimerdag to 2023-05-01T00:00:00+00:00, run_after=2023-05-01T00:00:00+00:00
[2026-09-13T03:32:08.320+0000] {processor.py:178} INFO - Processing /opt/airflow/dags/1_first_dag.py took 0.270 seconds
[2026-09-13T03:32:38.595+0000] {processor.py:156} INFO - Started process (PID=164689) to work on /opt/airflow/dags/1_first_dag.py
[2026-09-13T03:32:38.600+0000] {processor.py:799} INFO - Processing file /opt/airflow/dags/1_first_dag.py for tasks to queue
[2026-09-13T03:32:38.602+0000] {logging_mixin.py:149} INFO - [2026-09-13T03:32:38.602+0000] {dagbag.py:541} INFO - Filling up the DagBag from /opt/airflow/dags/1_first_dag.py
[2026-09-13T03:32:38.629+0000] {processor.py:809} INFO - DAG(s) dict_keys(['1-miprimerdag']) retrieved from /opt/airflow/dags/1_first_dag.py
[2026-09-13T03:32:38.719+0000] {logging_mixin.py:149} INFO - [2026-09-13T03:32:38.719+0000] {dag.py:2726} INFO - Sync 1 DAGs
[2026-09-13T03:32:38.770+0000] {logging_mixin.py:149} INFO - [2026-09-13T03:32:38.770+0000] {dag.py:3490} INFO - Setting next_dagrun for 1-miprimerdag to 2023-05-01T00:00:00+00:00, run_after=2023-05-01T00:00:00+00:00
[2026-09-13T03:32:38.806+0000] {processor.py:178} INFO - Processing /opt/airflow/dags/1_first_dag.py took 0.223 seconds
[2026-09-13T03:33:09.094+0000] {processor.py:156} INFO - Started process (PID=164704) to work on /opt/airflow/dags/1_first_dag.py
[2026-09-13T03:33:09.098+0000] {processor.py:799} INFO - Processing file /opt/airflow/dags/1_first_dag.py for tasks to queue
[2026-09-13T03:33:09.099+0000] {logging_mixin.py:149} INFO - [2026-09-13T03:33:09.099+0000] {dagbag.py:541} INFO - Filling up the DagBag from /opt/airflow/dags/1_first_dag.py
[2026-09-13T03:33:09.123+0000] {processor.py:809} INFO - DAG(s) dict_keys(['1-miprimerdag']) retrieved from /opt/airflow/dags/1_first_dag.py
[2026-09-13T03:33:09.223+0000] {logging_mixin.py:149} INFO - [2026-09-13T03:33:09.222+0000] {dag.py:2726} INFO - Sync 1 DAGs
[2026-09-13T03:33:09.303+0000] {logging_mixin.py:149} INFO - [2026-09-13T03:33:09.302+0000] {dag.py:3490} INFO - Setting next_dagrun for 1-miprimerdag to 2023-05-01T00:00:00+00:00, run_after=2023-05-01T00:00:00+00:00
[2026-09-13T03:33:09.369+0000] {processor.py:178} INFO - Processing /opt/airflow/dags/1_first_dag.py took 0.286 seconds
[2026-09-13T03:33:39.554+0000] {processor.py:156} INFO - Started process (PID=164719) to work on /opt/airflow/dags/1_first_dag.py
[2026-09-13T03:33:39.561+0000] {processor.py:799} INFO - Processing file /opt/airflow/dags/1_first_dag.py for tasks to queue
[2026-09-13T03:33:39.563+0000] {logging_mixin.py:149} INFO - [2026-09-13T03:33:39.562+0000] {dagbag.py:541} INFO - Filling up the DagBag from /opt/airflow/dags/1_first_dag.py
[2026-09-13T03:33:39.587+0000] {processor.py:809} INFO - DAG(s) dict_keys(['1-miprimerdag']) retrieved from /opt/airflow/dags/1_first_dag.py
[2026-09-13T03:33:39.673+0000] {logging_mixin.py:149} INFO - [2026-09-13T03:33:39.673+0000] {dag.py:2726} INFO - Sync 1 DAGs
[2026-09-13T03:33:39.758+0000] {logging_mixin.py:149} INFO - [2026-09-13T03:33:39.757+0000] {dag.py:3490} INFO - Setting next_dagrun for 1-miprimerdag to 2023-05-01T00:00:00+00:00, run_after=2023-05-01T00:00:00+00:00
[2026-09-13T03:33:39.823+0000] {processor.py:178} INFO - Processing /opt/airflow/dags/1_first_dag.py took 0.279 seconds
[2026-09-13T03:34:10.172+0000] {processor.py:156} INFO - Started process (PID=164733) to work on /opt/airflow/dags/1_first_dag.py
[2026-09-13T03:34:10.175+0000] {processor.py:799} INFO - Processing file /opt/airflow/dags/1_first_dag.py for tasks to queue
[2026-09-13T03:34:10.176+0000] {logging_mixin.py:149} INFO - [2026-09-13T03:34:10.176+0000] {dagbag.py:541} INFO - Filling up the DagBag from /opt/airflow/dags/1_first_dag.py
[2026-09-13T03:34:10.197+0000] {processor.py:809} INFO - DAG(s) dict_keys(['1-miprimerdag']) retrieved from /opt/airflow/dags/1_first_dag.py
[2026-09-13T03:34:10.285+0000] {logging_mixin.py:149} INFO - [2026-09-13T03:34:10.285+0000] {dag.py:2726} INFO - Sync 1 DAGs
[2026-09-13T03:34:10.347+0000] {logging_mixin.py:149} INFO - [2026-09-13T03:34:10.346+0000] {dag.py:3490} INFO - Setting next_dagrun for 1-miprimerdag to 2023-05-01T00:00:00+00:00, run_after=2023-05-01T00:00:00+00:00
[2026-09-13T03:34:10.419+0000] {processor.py:178} INFO - Processing /opt/airflow/dags/1_first_dag.py took 0.255 seconds
[2026-09-13T03:34:40.543+0000] {processor.py:156} INFO - Started process (PID=164747) to work on /opt/airflow/dags/1_first_dag.py
[2026-09-13T03:34:40.547+0000] {processor.py:799} INFO - Processing file /opt/airflow/dags/1_first_dag.py for tasks to queue
[2026-09-13T03:34:40.549+0000] {logging_mixin.py:149} INFO - [2026-09-13T03:34:40.549+0000] {dagbag.py:541} INFO - Filling up the DagBag from /opt/airflow/dags/1_first_dag.py
[2026-09-13T03:34:40.573+0000] {processor.py:809} INFO - DAG(s) dict_keys(['1-miprimerdag']) retrieved from /opt/airflow/dags/1_first_dag.py
[2026-09-13T03:34:40.662+0000] {logging_mixin.py:149} INFO - [2026-09-13T03:34:40.662+0000] {dag.py:2726} INFO - Sync 1 DAGs
[2026-09-13T03:34:40.739+0000] {logging_mixin.py:149} INFO - [2026-09-13T03:34:40.739+0000] {dag.py:3490} INFO - Setting next_dagrun for 1-miprimerdag to 2023-05-01T00:00:00+00:00, run_after=2023-05-01T00:00:00+00:00
[2026-09-13T03:34:40.818+0000] {processor.py:178} INFO - Processing /opt/airflow/dags/1_first_dag.py took 0.286 seconds
[2026-09-13T03:35:11.063+0000] {processor.py:156} INFO - Started process (PID=164762) to work on /opt/airflow/dags/1_first_dag.py
[2026-09-13T03:35:11.066+0000] {processor.py:799} INFO - Processing file /opt/airflow/dags/1_first_dag.py for tasks to queue
[2026-09-13T03:35:11.068+0000] {logging_mixin.py:149} INFO - [2026-09-13T03:35:11.068+0000] {dagbag.py:541} INFO - Filling up the DagBag from /opt/airflow/dags/1_first_dag.py
[2026-09-13T03:35:11.092+0000] {processor.py:809} INFO - DAG(s) dict_keys(['1-miprimerdag']) retrieved from /opt/airflow/dags/1_first_dag.py
[2026-09-13T03:35:11.179+0000] {logging_mixin.py:149} INFO - [2026-09-13T03:35:11.179+0000] {dag.py:2726} INFO - Sync 1 DAGs
[2026-09-13T03:35:11.256+0000] {logging_mixin.py:149} INFO - [2026-09-13T03:35:11.255+0000] {dag.py:3490} INFO - Setting next_dagrun for 1-miprimerdag to 2023-05-01T00:00:00+00:00, run_after=2023-05-01T00:00:00+00:00
[2026-09-13T03:35:11.327+0000] {processor.py:178} INFO - Processing /opt/airflow/dags/1_first_dag.py took 0.275 seconds
[2026-09-13T03:35:41.450+0000] {processor.py:156} INFO - Started process (PID=164777) to work on /opt/airflow/dags/1_first_dag.py
[2026-09-13T03:35:41.455+0000] {processor.py:799} INFO - Processing file /opt/airflow/dags/1_first_dag.py for tasks to queue
[2026-09-13T03:35:41.457+0000] {logging_mixin.py:149} INFO - [2026-09-13T03:35:41.457+0000] {dagbag.py:541} INFO - Filling up the DagBag from /opt/airflow/dags/1_first_dag.py
[2026-09-13T03:35:41.483+0000] {processor.py:809} INFO - DAG(s) dict_keys(['1-miprimerdag']) retrieved from /opt/airflow/dags/1_first_dag.py
[2026-09-13T03:35:41.570+0000] {logging_mixin.py:149} INFO - [2026-09-13T03:35:41.570+0000] {dag.py:2726} INFO - Sync 1 DAGs
[2026-09-13T03:35:41.638+0000] {logging_mixin.py:149} INFO - [2026-09-13T03:35:41.637+0000] {dag.py:3490} INFO - Setting next_dagrun for 1-miprimerdag to 2023-05-01T00:00:00+00:00, run_after=2023-05-01T00:00:00+00:00
[2026-09-13T03:35:41.703+0000] {processor.py:178} INFO - Processing /opt/airflow/dags/1_first_dag.py took 0.264 seconds
[2026-09-13T03:36:11.804+0000] {processor.py:156} INFO - Started process (PID=164790) to work on /opt/airflow/dags/1_first_dag.py
[2026-09-13T03:36:11.807+0000] {processor.py:799} INFO - Processing file /opt/airflow/dags/1_first_dag.py for tasks to queue
[2026-09-13T03:36:11.811+0000] {logging_mixin.py:149} INFO - [2026-09-13T03:36:11.809+0000] {dagbag.py:541} INFO - Filling up the DagBag from /opt/airflow/dags/1_first_dag.py
[2026-09-13T03:36:11.831+0000] {processor.py:809} INFO - DAG(s) dict_keys(['1-miprimerdag']) retrieved from /opt/airflow/dags/1_first_dag.py
[2026-09-13T03:36:11.919+0000] {logging_mixin.py:149} INFO - [2026-09-13T03:36:11.919+0000] {dag.py:2726} INFO - Sync 1 DAGs
[2026-09-13T03:36:11.996+0000] {logging_mixin.py:149} INFO - [2026-09-13T03:36:11.995+0000] {dag.py:3490} INFO - Setting next_dagrun for 1-miprimerdag to 2023-05-01T00:00:00+00:00, run_after=2023-05-01T00:00:00+00:00
[2026-09-13T03:36:12.071+0000] {processor.py:178} INFO - Processing /opt/airflow/dags/1_first_dag.py took 0.276 seconds
[2026-09-13T03:36:42.365+0000] {processor.py:156} INFO - Started process (PID=164804) to work on /opt/airflow/dags/1_first_dag.py
[2026-09-13T03:36:42.369+0000] {processor.py:799} INFO - Processing file /opt/airflow/dags/1_first_dag.py for tasks to queue
[2026-09-13T03:36:42.371+0000] {logging_mixin.py:149} INFO - [2026-09-13T03:36:42.371+0000] {dagbag.py:541} INFO - Filling up the DagBag from /opt/airflow/dags/1_first_dag.py
[2026-09-13T03:36:42.396+0000] {processor.py:809} INFO - DAG(s) dict_keys(['1-miprimerdag']) retrieved from /opt/airflow/dags/1_first_dag.py
[2026-09-13T03:36:42.484+0000] {logging_mixin.py:149} INFO - [2026-09-13T03:36:42.483+0000] {dag.py:2726} INFO - Sync 1 DAGs
[2026-09-13T03:36:42.552+0000] {logging_mixin.py:149} INFO - [2026-09-13T03:36:42.551+0000] {dag.py:3490} INFO - Setting next_dagrun for 1-miprimerdag to 2023-05-01T00:00:00+00:00, run_after=2023-05-01T00:00:00+00:00
[2026-09-13T03:36:42.610+0000] {processor.py:178} INFO - Processing /opt/airflow/dags/1_first_dag.py took 0.255 seconds
[2026-09-13T03:37:12.843+0000] {processor.py:156} INFO - Started process (PID=164819) to work on /opt/airflow/dags/1_first_dag.py
[2026-09-13T03:37:12.848+0000] {processor.py:799} INFO - Processing file /opt/airflow/dags/1_first_dag.py for tasks to queue
[2026-09-13T03:37:12.850+0000] {logging_mixin.py:149} INFO - [2026-09-13T03:37:12.850+0000] {dagbag.py:541} INFO - Filling up the DagBag from /opt/airflow/dags/1_first_dag.py
[2026-09-13T03:37:12.876+0000] {processor.py:809} INFO - DAG(s) dict_keys(['1-miprimerdag']) retrieved from /opt/airflow/dags/1_first_dag.py
[2026-09-13T03:37:12.964+0000] {logging_mixin.py:149} INFO - [2026-09-13T03:37:12.963+0000] {dag.py:2726} INFO - Sync 1 DAGs
[2026-09-13T03:37:13.035+0000] {logging_mixin.py:149} INFO - [2026-09-13T03:37:13.034+0000] {dag.py:3490} INFO - Setting next_dagrun for 1-miprimerdag to 2023-05-01T00:00:00+00:00, run_after=2023-05-01T00:00:00+00:00
[2026-09-13T03:37:13.092+0000] {processor.py:178} INFO - Processing /opt/airflow/dags/1_first_dag.py took 0.261 seconds
[2026-09-13T04:42:07.260+0000] {processor.py:156} INFO - Started process (PID=57) to work on /opt/airflow/dags/1_first_dag.py
[2026-09-13T04:42:07.268+0000] {processor.py:799} INFO - Processing file /opt/airflow/dags/1_first_dag.py for tasks to queue
[2026-09-13T04:42:07.269+0000] {logging_mixin.py:149} INFO - [2026-09-13T04:42:07.269+0000] {dagbag.py:541} INFO - Filling up the DagBag from /opt/airflow/dags/1_first_dag.py
[2026-09-13T04:42:07.573+0000] {processor.py:809} INFO - DAG(s) dict_keys(['1-miprimerdag']) retrieved from /opt/airflow/dags/1_first_dag.py
[2026-09-13T04:42:07.665+0000] {logging_mixin.py:149} INFO - [2026-09-13T04:42:07.665+0000] {dag.py:2726} INFO - Sync 1 DAGs
[2026-09-13T04:42:07.695+0000] {logging_mixin.py:149} INFO - [2026-09-13T04:42:07.695+0000] {dag.py:3490} INFO - Setting next_dagrun for 1-miprimerdag to 2023-05-01T00:00:00+00:00, run_after=2023-05-01T00:00:00+00:00
[2026-09-13T04:42:07.738+0000] {processor.py:178} INFO - Processing /opt/airflow/dags/1_first_dag.py took 0.488 seconds
[2026-09-13T04:42:37.944+0000] {processor.py:156} INFO - Started process (PID=72) to work on /opt/airflow/dags/1_first_dag.py
[2026-09-13T04:42:37.947+0000] {processor.py:799} INFO - Processing file /opt/airflow/dags/1_first_dag.py for tasks to queue
[2026-09-13T04:42:37.948+0000] {logging_mixin.py:149} INFO - [2026-09-13T04:42:37.948+0000] {dagbag.py:541} INFO - Filling up the DagBag from /opt/airflow/dags/1_first_dag.py
[2026-09-13T04:42:37.968+0000] {processor.py:809} INFO - DAG(s) dict_keys(['1-miprimerdag']) retrieved from /opt/airflow/dags/1_first_dag.py
[2026-09-13T04:42:38.078+0000] {logging_mixin.py:149} INFO - [2026-09-13T04:42:38.078+0000] {dag.py:2726} INFO - Sync 1 DAGs
[2026-09-13T04:42:38.159+0000] {logging_mixin.py:149} INFO - [2026-09-13T04:42:38.159+0000] {dag.py:3490} INFO - Setting next_dagrun for 1-miprimerdag to 2023-05-01T00:00:00+00:00, run_after=2023-05-01T00:00:00+00:00
[2026-09-13T04:42:38.203+0000] {processor.py:178} INFO - Processing /opt/airflow/dags/1_first_dag.py took 0.267 seconds
[2026-09-13T04:43:08.649+0000] {processor.py:156} INFO - Started process (PID=86) to work on /opt/airflow/dags/1_first_dag.py
[2026-09-13T04:43:08.654+0000] {processor.py:799} INFO - Processing file /opt/airflow/dags/1_first_dag.py for tasks to queue
[2026-09-13T04:43:08.656+0000] {logging_mixin.py:149} INFO - [2026-09-13T04:43:08.656+0000] {dagbag.py:541} INFO - Filling up the DagBag from /opt/airflow/dags/1_first_dag.py
[2026-09-13T04:43:08.690+0000] {processor.py:809} INFO - DAG(s) dict_keys(['1-miprimerdag']) retrieved from /opt/airflow/dags/1_first_dag.py
[2026-09-13T04:43:08.771+0000] {logging_mixin.py:149} INFO - [2026-09-13T04:43:08.770+0000] {dag.py:2726} INFO - Sync 1 DAGs
[2026-09-13T04:43:08.846+0000] {logging_mixin.py:149} INFO - [2026-09-13T04:43:08.846+0000] {dag.py:3490} INFO - Setting next_dagrun for 1-miprimerdag to 2023-05-01T00:00:00+00:00, run_after=2023-05-01T00:00:00+00:00
[2026-09-13T04:43:08.903+0000] {processor.py:178} INFO - Processing /opt/airflow/dags/1_first_dag.py took 0.267 seconds
[2026-09-13T04:43:39.134+0000] {processor.py:156} INFO - Started process (PID=101) to work on /opt/airflow/dags/1_first_dag.py
[2026-09-13T04:43:39.137+0000] {processor.py:799} INFO - Processing file /opt/airflow/dags/1_first_dag.py for tasks to queue
[2026-09-13T04:43:39.140+0000] {logging_mixin.py:149} INFO - [2026-09-13T04:43:39.139+0000] {dagbag.py:541} INFO - Filling up the DagBag from /opt/airflow/dags/1_first_dag.py
[2026-09-13T04:43:39.165+0000] {processor.py:809} INFO - DAG(s) dict_keys(['1-miprimerdag']) retrieved from /opt/airflow/dags/1_first_dag.py
[2026-09-13T04:43:39.251+0000] {logging_mixin.py:149} INFO - [2026-09-13T04:43:39.251+0000] {dag.py:2726} INFO - Sync 1 DAGs
[2026-09-13T04:43:39.331+0000] {logging_mixin.py:149} INFO - [2026-09-13T04:43:39.330+0000] {dag.py:3490} INFO - Setting next_dagrun for 1-miprimerdag to 2023-05-01T00:00:00+00:00, run_after=2023-05-01T00:00:00+00:00
[2026-09-13T04:43:39.381+0000] {processor.py:178} INFO - Processing /opt/airflow/dags/1_first_dag.py took 0.259 seconds
[2026-09-13T04:44:09.594+0000] {processor.py:156} INFO - Started process (PID=115) to work on /opt/airflow/dags/1_first_dag.py
[2026-09-13T04:44:09.601+0000] {processor.py:799} INFO - Processing file /opt/airflow/dags/1_first_dag.py for tasks to queue
[2026-09-13T04:44:09.603+0000] {logging_mixin.py:149} INFO - [2026-09-13T04:44:09.603+0000] {dagbag.py:541} INFO - Filling up the DagBag from /opt/airflow/dags/1_first_dag.py
[2026-09-13T04:44:09.633+0000] {processor.py:809} INFO - DAG(s) dict_keys(['1-miprimerdag']) retrieved from /opt/airflow/dags/1_first_dag.py
[2026-09-13T04:44:09.718+0000] {logging_mixin.py:149} INFO - [2026-09-13T04:44:09.718+0000] {dag.py:2726} INFO - Sync 1 DAGs
[2026-09-13T04:44:09.798+0000] {logging_mixin.py:149} INFO - [2026-09-13T04:44:09.797+0000] {dag.py:3490} INFO - Setting next_dagrun for 1-miprimerdag to 2023-05-01T00:00:00+00:00, run_after=2023-05-01T00:00:00+00:00
[2026-09-13T04:44:09.865+0000] {processor.py:178} INFO - Processing /opt/airflow/dags/1_first_dag.py took 0.281 seconds
[2026-09-13T04:44:40.094+0000] {processor.py:156} INFO - Started process (PID=129) to work on /opt/airflow/dags/1_first_dag.py
[2026-09-13T04:44:40.097+0000] {processor.py:799} INFO - Processing file /opt/airflow/dags/1_first_dag.py for tasks to queue
[2026-09-13T04:44:40.099+0000] {logging_mixin.py:149} INFO - [2026-09-13T04:44:40.099+0000] {dagbag.py:541} INFO - Filling up the DagBag from /opt/airflow/dags/1_first_dag.py
[2026-09-13T04:44:40.124+0000] {processor.py:809} INFO - DAG(s) dict_keys(['1-miprimerdag']) retrieved from /opt/airflow/dags/1_first_dag.py
[2026-09-13T04:44:40.197+0000] {logging_mixin.py:149} INFO - [2026-09-13T04:44:40.197+0000] {dag.py:2726} INFO - Sync 1 DAGs
[2026-09-13T04:44:40.269+0000] {logging_mixin.py:149} INFO - [2026-09-13T04:44:40.269+0000] {dag.py:3490} INFO - Setting next_dagrun for 1-miprimerdag to 2023-05-01T00:00:00+00:00, run_after=2023-05-01T00:00:00+00:00
[2026-09-13T04:44:40.326+0000] {processor.py:178} INFO - Processing /opt/airflow/dags/1_first_dag.py took 0.242 seconds
[2026-09-13T04:45:10.475+0000] {processor.py:156} INFO - Started process (PID=143) to work on /opt/airflow/dags/1_first_dag.py
[2026-09-13T04:45:10.479+0000] {processor.py:799} INFO - Processing file /opt/airflow/dags/1_first_dag.py for tasks to queue
[2026-09-13T04:45:10.480+0000] {logging_mixin.py:149} INFO - [2026-09-13T04:45:10.480+0000] {dagbag.py:541} INFO - Filling up the DagBag from /opt/airflow/dags/1_first_dag.py
[2026-09-13T04:45:10.505+0000] {processor.py:809} INFO - DAG(s) dict_keys(['1-miprimerdag']) retrieved from /opt/airflow/dags/1_first_dag.py
[2026-09-13T04:45:10.580+0000] {logging_mixin.py:149} INFO - [2026-09-13T04:45:10.579+0000] {dag.py:2726} INFO - Sync 1 DAGs
[2026-09-13T04:45:10.637+0000] {logging_mixin.py:149} INFO - [2026-09-13T04:45:10.637+0000] {dag.py:3490} INFO - Setting next_dagrun for 1-miprimerdag to 2023-05-01T00:00:00+00:00, run_after=2023-05-01T00:00:00+00:00
[2026-09-13T04:45:10.700+0000] {processor.py:178} INFO - Processing /opt/airflow/dags/1_first_dag.py took 0.237 seconds
[2026-09-13T04:45:40.967+0000] {processor.py:156} INFO - Started process (PID=157) to work on /opt/airflow/dags/1_first_dag.py
[2026-09-13T04:45:40.971+0000] {processor.py:799} INFO - Processing file /opt/airflow/dags/1_first_dag.py for tasks to queue
[2026-09-13T04:45:40.973+0000] {logging_mixin.py:149} INFO - [2026-09-13T04:45:40.972+0000] {dagbag.py:541} INFO - Filling up the DagBag from /opt/airflow/dags/1_first_dag.py
[2026-09-13T04:45:40.998+0000] {processor.py:809} INFO - DAG(s) dict_keys(['1-miprimerdag']) retrieved from /opt/airflow/dags/1_first_dag.py
[2026-09-13T04:45:41.075+0000] {logging_mixin.py:149} INFO - [2026-09-13T04:45:41.075+0000] {dag.py:2726} INFO - Sync 1 DAGs
[2026-09-13T04:45:41.156+0000] {logging_mixin.py:149} INFO - [2026-09-13T04:45:41.155+0000] {dag.py:3490} INFO - Setting next_dagrun for 1-miprimerdag to 2023-05-01T00:00:00+00:00, run_after=2023-05-01T00:00:00+00:00
[2026-09-13T04:45:41.214+0000] {processor.py:178} INFO - Processing /opt/airflow/dags/1_first_dag.py took 0.258 seconds
[2026-09-13T04:46:11.493+0000] {processor.py:156} INFO - Started process (PID=171) to work on /opt/airflow/dags/1_first_dag.py
[2026-09-13T04:46:11.496+0000] {processor.py:799} INFO - Processing file /opt/airflow/dags/1_first_dag.py for tasks to queue
[2026-09-13T04:46:11.498+0000] {logging_mixin.py:149} INFO - [2026-09-13T04:46:11.497+0000] {dagbag.py:541} INFO - Filling up the DagBag from /opt/airflow/dags/1_first_dag.py
[2026-09-13T04:46:11.518+0000] {processor.py:809} INFO - DAG(s) dict_keys(['1-miprimerdag']) retrieved from /opt/airflow/dags/1_first_dag.py
[2026-09-13T04:46:11.570+0000] {logging_mixin.py:149} INFO - [2026-09-13T04:46:11.569+0000] {dag.py:2726} INFO - Sync 1 DAGs
[2026-09-13T04:46:11.609+0000] {logging_mixin.py:149} INFO - [2026-09-13T04:46:11.609+0000] {dag.py:3490} INFO - Setting next_dagrun for 1-miprimerdag to 2023-05-01T00:00:00+00:00, run_after=2023-05-01T00:00:00+00:00
[2026-09-13T04:46:11.633+0000] {processor.py:178} INFO - Processing /opt/airflow/dags/1_first_dag.py took 0.148 seconds
[2026-09-13T04:46:41.825+0000] {processor.py:156} INFO - Started process (PID=185) to work on /opt/airflow/dags/1_first_dag.py
[2026-09-13T04:46:41.829+0000] {processor.py:799} INFO - Processing file /opt/airflow/dags/1_first_dag.py for tasks to queue
[2026-09-13T04:46:41.831+0000] {logging_mixin.py:149} INFO - [2026-09-13T04:46:41.831+0000] {dagbag.py:541} INFO - Filling up the DagBag from /opt/airflow/dags/1_first_dag.py
[2026-09-13T04:46:41.863+0000] {processor.py:809} INFO - DAG(s) dict_keys(['1-miprimerdag']) retrieved from /opt/airflow/dags/1_first_dag.py
[2026-09-13T04:46:41.915+0000] {logging_mixin.py:149} INFO - [2026-09-13T04:46:41.915+0000] {dag.py:2726} INFO - Sync 1 DAGs
[2026-09-13T04:46:41.951+0000] {logging_mixin.py:149} INFO - [2026-09-13T04:46:41.951+0000] {dag.py:3490} INFO - Setting next_dagrun for 1-miprimerdag to 2023-05-01T00:00:00+00:00, run_after=2023-05-01T00:00:00+00:00
[2026-09-13T04:46:41.975+0000] {processor.py:178} INFO - Processing /opt/airflow/dags/1_first_dag.py took 0.160 seconds
[2026-09-13T04:47:12.807+0000] {processor.py:156} INFO - Started process (PID=199) to work on /opt/airflow/dags/1_first_dag.py
[2026-09-13T04:47:12.813+0000] {processor.py:799} INFO - Processing file /opt/airflow/dags/1_first_dag.py for tasks to queue
[2026-09-13T04:47:12.814+0000] {logging_mixin.py:149} INFO - [2026-09-13T04:47:12.814+0000] {dagbag.py:541} INFO - Filling up the DagBag from /opt/airflow/dags/1_first_dag.py
[2026-09-13T04:47:12.832+0000] {processor.py:809} INFO - DAG(s) dict_keys(['1-miprimerdag']) retrieved from /opt/airflow/dags/1_first_dag.py
[2026-09-13T04:47:12.882+0000] {logging_mixin.py:149} INFO - [2026-09-13T04:47:12.881+0000] {dag.py:2726} INFO - Sync 1 DAGs
[2026-09-13T04:47:12.918+0000] {logging_mixin.py:149} INFO - [2026-09-13T04:47:12.918+0000] {dag.py:3490} INFO - Setting next_dagrun for 1-miprimerdag to 2023-05-01T00:00:00+00:00, run_after=2023-05-01T00:00:00+00:00
[2026-09-13T04:47:12.943+0000] {processor.py:178} INFO - Processing /opt/airflow/dags/1_first_dag.py took 0.144 seconds
[2026-09-13T04:47:43.104+0000] {processor.py:156} INFO - Started process (PID=213) to work on /opt/airflow/dags/1_first_dag.py
[2026-09-13T04:47:43.106+0000] {processor.py:799} INFO - Processing file /opt/airflow/dags/1_first_dag.py for tasks to queue
[2026-09-13T04:47:43.107+0000] {logging_mixin.py:149} INFO - [2026-09-13T04:47:43.107+0000] {dagbag.py:541} INFO - Filling up the DagBag from /opt/airflow/dags/1_first_dag.py
[2026-09-13T04:47:43.120+0000] {processor.py:809} INFO - DAG(s) dict_keys(['1-miprimerdag']) retrieved from /opt/airflow/dags/1_first_dag.py
[2026-09-13T04:47:43.182+0000] {logging_mixin.py:149} INFO - [2026-09-13T04:47:43.182+0000] {dag.py:2726} INFO - Sync 1 DAGs
[2026-09-13T04:47:43.227+0000] {logging_mixin.py:149} INFO - [2026-09-13T04:47:43.227+0000] {dag.py:3490} INFO - Setting next_dagrun for 1-miprimerdag to 2023-05-01T00:00:00+00:00, run_after=2023-05-01T00:00:00+00:00
[2026-09-13T04:47:43.253+0000] {processor.py:178} INFO - Processing /opt/airflow/dags/1_first_dag.py took 0.155 seconds
[2026-09-13T04:48:14.233+0000] {processor.py:156} INFO - Started process (PID=228) to work on /opt/airflow/dags/1_first_dag.py
[2026-09-13T04:48:14.237+0000] {processor.py:799} INFO - Processing file /opt/airflow/dags/1_first_dag.py for tasks to queue
[2026-09-13T04:48:14.239+0000] {logging_mixin.py:149} INFO - [2026-09-13T04:48:14.238+0000] {dagbag.py:541} INFO - Filling up the DagBag from /opt/airflow/dags/1_first_dag.py
[2026-09-13T04:48:14.262+0000] {processor.py:809} INFO - DAG(s) dict_keys(['1-miprimerdag']) retrieved from /opt/airflow/dags/1_first_dag.py
[2026-09-13T04:48:14.338+0000] {logging_mixin.py:149} INFO - [2026-09-13T04:48:14.338+0000] {dag.py:2726} INFO - Sync 1 DAGs
[2026-09-13T04:48:14.413+0000] {logging_mixin.py:149} INFO - [2026-09-13T04:48:14.413+0000] {dag.py:3490} INFO - Setting next_dagrun for 1-miprimerdag to 2023-05-01T00:00:00+00:00, run_after=2023-05-01T00:00:00+00:00
[2026-09-13T04:48:14.483+0000] {processor.py:178} INFO - Processing /opt/airflow/dags/1_first_dag.py took 0.261 seconds
[2026-09-13T04:48:44.590+0000] {processor.py:156} INFO - Started process (PID=243) to work on /opt/airflow/dags/1_first_dag.py
[2026-09-13T04:48:44.593+0000] {processor.py:799} INFO - Processing file /opt/airflow/dags/1_first_dag.py for tasks to queue
[2026-09-13T04:48:44.596+0000] {logging_mixin.py:149} INFO - [2026-09-13T04:48:44.595+0000] {dagbag.py:541} INFO - Filling up the DagBag from /opt/airflow/dags/1_first_dag.py
[2026-09-13T04:48:44.623+0000] {processor.py:809} INFO - DAG(s) dict_keys(['1-miprimerdag']) retrieved from /opt/airflow/dags/1_first_dag.py
[2026-09-13T04:48:44.693+0000] {logging_mixin.py:149} INFO - [2026-09-13T04:48:44.693+0000] {dag.py:2726} INFO - Sync 1 DAGs
[2026-09-13T04:48:44.766+0000] {logging_mixin.py:149} INFO - [2026-09-13T04:48:44.765+0000] {dag.py:3490} INFO - Setting next_dagrun for 1-miprimerdag to 2023-05-01T00:00:00+00:00, run_after=2023-05-01T00:00:00+00:00
[2026-09-13T04:48:44.820+0000] {processor.py:178} INFO - Processing /opt/airflow/dags/1_first_dag.py took 0.241 seconds
[2026-09-13T04:49:14.998+0000] {processor.py:156} INFO - Started process (PID=257) to work on /opt/airflow/dags/1_first_dag.py
[2026-09-13T04:49:15.002+0000] {processor.py:799} INFO - Processing file /opt/airflow/dags/1_first_dag.py for tasks to queue
[2026-09-13T04:49:15.005+0000] {logging_mixin.py:149} INFO - [2026-09-13T04:49:15.004+0000] {dagbag.py:541} INFO - Filling up the DagBag from /opt/airflow/dags/1_first_dag.py
[2026-09-13T04:49:15.028+0000] {processor.py:809} INFO - DAG(s) dict_keys(['1-miprimerdag']) retrieved from /opt/airflow/dags/1_first_dag.py
[2026-09-13T04:49:15.108+0000] {logging_mixin.py:149} INFO - [2026-09-13T04:49:15.107+0000] {dag.py:2726} INFO - Sync 1 DAGs
[2026-09-13T04:49:15.185+0000] {logging_mixin.py:149} INFO - [2026-09-13T04:49:15.185+0000] {dag.py:3490} INFO - Setting next_dagrun for 1-miprimerdag to 2023-05-01T00:00:00+00:00, run_after=2023-05-01T00:00:00+00:00
[2026-09-13T04:49:15.241+0000] {processor.py:178} INFO - Processing /opt/airflow/dags/1_first_dag.py took 0.254 seconds
[2026-09-13T04:49:45.475+0000] {processor.py:156} INFO - Started process (PID=271) to work on /opt/airflow/dags/1_first_dag.py
[2026-09-13T04:49:45.479+0000] {processor.py:799} INFO - Processing file /opt/airflow/dags/1_first_dag.py for tasks to queue
[2026-09-13T04:49:45.481+0000] {logging_mixin.py:149} INFO - [2026-09-13T04:49:45.480+0000] {dagbag.py:541} INFO - Filling up the DagBag from /opt/airflow/dags/1_first_dag.py
[2026-09-13T04:49:45.503+0000] {processor.py:809} INFO - DAG(s) dict_keys(['1-miprimerdag']) retrieved from /opt/airflow/dags/1_first_dag.py
[2026-09-13T04:49:45.589+0000] {logging_mixin.py:149} INFO - [2026-09-13T04:49:45.589+0000] {dag.py:2726} INFO - Sync 1 DAGs
[2026-09-13T04:49:45.656+0000] {logging_mixin.py:149} INFO - [2026-09-13T04:49:45.655+0000] {dag.py:3490} INFO - Setting next_dagrun for 1-miprimerdag to 2023-05-01T00:00:00+00:00, run_after=2023-05-01T00:00:00+00:00
[2026-09-13T04:49:45.709+0000] {processor.py:178} INFO - Processing /opt/airflow/dags/1_first_dag.py took 0.246 seconds
[2026-09-13T04:50:15.824+0000] {processor.py:156} INFO - Started process (PID=285) to work on /opt/airflow/dags/1_first_dag.py
[2026-09-13T04:50:15.828+0000] {processor.py:799} INFO - Processing file /opt/airflow/dags/1_first_dag.py for tasks to queue
[2026-09-13T04:50:15.830+0000] {logging_mixin.py:149} INFO - [2026-09-13T04:50:15.829+0000] {dagbag.py:541} INFO - Filling up the DagBag from /opt/airflow/dags/1_first_dag.py
[2026-09-13T04:50:15.853+0000] {processor.py:809} INFO - DAG(s) dict_keys(['1-miprimerdag']) retrieved from /opt/airflow/dags/1_first_dag.py
[2026-09-13T04:50:15.933+0000] {logging_mixin.py:149} INFO - [2026-09-13T04:50:15.933+0000] {dag.py:2726} INFO - Sync 1 DAGs
[2026-09-13T04:50:16.000+0000] {logging_mixin.py:149} INFO - [2026-09-13T04:50:16.000+0000] {dag.py:3490} INFO - Setting next_dagrun for 1-miprimerdag to 2023-05-01T00:00:00+00:00, run_after=2023-05-01T00:00:00+00:00
[2026-09-13T04:50:16.072+0000] {processor.py:178} INFO - Processing /opt/airflow/dags/1_first_dag.py took 0.260 seconds
[2026-09-13T04:50:46.196+0000] {processor.py:156} INFO - Started process (PID=300) to work on /opt/airflow/dags/1_first_dag.py
[2026-09-13T04:50:46.199+0000] {processor.py:799} INFO - Processing file /opt/airflow/dags/1_first_dag.py for tasks to queue
[2026-09-13T04:50:46.201+0000] {logging_mixin.py:149} INFO - [2026-09-13T04:50:46.201+0000] {dagbag.py:541} INFO - Filling up the DagBag from /opt/airflow/dags/1_first_dag.py
[2026-09-13T04:50:46.225+0000] {processor.py:809} INFO - DAG(s) dict_keys(['1-miprimerdag']) retrieved from /opt/airflow/dags/1_first_dag.py
[2026-09-13T04:50:46.307+0000] {logging_mixin.py:149} INFO - [2026-09-13T04:50:46.306+0000] {dag.py:2726} INFO - Sync 1 DAGs
[2026-09-13T04:50:46.371+0000] {logging_mixin.py:149} INFO - [2026-09-13T04:50:46.371+0000] {dag.py:3490} INFO - Setting next_dagrun for 1-miprimerdag to 2023-05-01T00:00:00+00:00, run_after=2023-05-01T00:00:00+00:00
[2026-09-13T04:50:46.431+0000] {processor.py:178} INFO - Processing /opt/airflow/dags/1_first_dag.py took 0.246 seconds
[2026-09-13T04:51:16.624+0000] {processor.py:156} INFO - Started process (PID=314) to work on /opt/airflow/dags/1_first_dag.py
[2026-09-13T04:51:16.628+0000] {processor.py:799} INFO - Processing file /opt/airflow/dags/1_first_dag.py for tasks to queue
[2026-09-13T04:51:16.629+0000] {logging_mixin.py:149} INFO - [2026-09-13T04:51:16.629+0000] {dagbag.py:541} INFO - Filling up the DagBag from /opt/airflow/dags/1_first_dag.py
[2026-09-13T04:51:16.645+0000] {processor.py:809} INFO - DAG(s) dict_keys(['1-miprimerdag']) retrieved from /opt/airflow/dags/1_first_dag.py
[2026-09-13T04:51:16.722+0000] {logging_mixin.py:149} INFO - [2026-09-13T04:51:16.722+0000] {dag.py:2726} INFO - Sync 1 DAGs
[2026-09-13T04:51:16.789+0000] {logging_mixin.py:149} INFO - [2026-09-13T04:51:16.789+0000] {dag.py:3490} INFO - Setting next_dagrun for 1-miprimerdag to 2023-05-01T00:00:00+00:00, run_after=2023-05-01T00:00:00+00:00
[2026-09-13T04:51:16.853+0000] {processor.py:178} INFO - Processing /opt/airflow/dags/1_first_dag.py took 0.238 seconds
[2026-09-13T04:51:47.100+0000] {processor.py:156} INFO - Started process (PID=328) to work on /opt/airflow/dags/1_first_dag.py
[2026-09-13T04:51:47.104+0000] {processor.py:799} INFO - Processing file /opt/airflow/dags/1_first_dag.py for tasks to queue
[2026-09-13T04:51:47.106+0000] {logging_mixin.py:149} INFO - [2026-09-13T04:51:47.106+0000] {dagbag.py:541} INFO - Filling up the DagBag from /opt/airflow/dags/1_first_dag.py
[2026-09-13T04:51:47.133+0000] {processor.py:809} INFO - DAG(s) dict_keys(['1-miprimerdag']) retrieved from /opt/airflow/dags/1_first_dag.py
[2026-09-13T04:51:47.221+0000] {logging_mixin.py:149} INFO - [2026-09-13T04:51:47.220+0000] {dag.py:2726} INFO - Sync 1 DAGs
[2026-09-13T04:51:47.280+0000] {logging_mixin.py:149} INFO - [2026-09-13T04:51:47.280+0000] {dag.py:3490} INFO - Setting next_dagrun for 1-miprimerdag to 2023-05-01T00:00:00+00:00, run_after=2023-05-01T00:00:00+00:00
[2026-09-13T04:51:47.333+0000] {processor.py:178} INFO - Processing /opt/airflow/dags/1_first_dag.py took 0.246 seconds
[2026-09-13T04:52:17.598+0000] {processor.py:156} INFO - Started process (PID=342) to work on /opt/airflow/dags/1_first_dag.py
[2026-09-13T04:52:17.602+0000] {processor.py:799} INFO - Processing file /opt/airflow/dags/1_first_dag.py for tasks to queue
[2026-09-13T04:52:17.604+0000] {logging_mixin.py:149} INFO - [2026-09-13T04:52:17.604+0000] {dagbag.py:541} INFO - Filling up the DagBag from /opt/airflow/dags/1_first_dag.py
[2026-09-13T04:52:17.625+0000] {processor.py:809} INFO - DAG(s) dict_keys(['1-miprimerdag']) retrieved from /opt/airflow/dags/1_first_dag.py
[2026-09-13T04:52:17.705+0000] {logging_mixin.py:149} INFO - [2026-09-13T04:52:17.705+0000] {dag.py:2726} INFO - Sync 1 DAGs
[2026-09-13T04:52:17.791+0000] {logging_mixin.py:149} INFO - [2026-09-13T04:52:17.791+0000] {dag.py:3490} INFO - Setting next_dagrun for 1-miprimerdag to 2023-05-01T00:00:00+00:00, run_after=2023-05-01T00:00:00+00:00
[2026-09-13T04:52:17.854+0000] {processor.py:178} INFO - Processing /opt/airflow/dags/1_first_dag.py took 0.275 seconds
[2026-09-13T04:52:47.942+0000] {processor.py:156} INFO - Started process (PID=356) to work on /opt/airflow/dags/1_first_dag.py
[2026-09-13T04:52:47.944+0000] {processor.py:799} INFO - Processing file /opt/airflow/dags/1_first_dag.py for tasks to queue
[2026-09-13T04:52:47.945+0000] {logging_mixin.py:149} INFO - [2026-09-13T04:52:47.945+0000] {dagbag.py:541} INFO - Filling up the DagBag from /opt/airflow/dags/1_first_dag.py
[2026-09-13T04:52:47.960+0000] {processor.py:809} INFO - DAG(s) dict_keys(['1-miprimerdag']) retrieved from /opt/airflow/dags/1_first_dag.py
[2026-09-13T04:52:48.050+0000] {logging_mixin.py:149} INFO - [2026-09-13T04:52:48.049+0000] {dag.py:2726} INFO - Sync 1 DAGs
[2026-09-13T04:52:48.113+0000] {logging_mixin.py:149} INFO - [2026-09-13T04:52:48.113+0000] {dag.py:3490} INFO - Setting next_dagrun for 1-miprimerdag to 2023-05-01T00:00:00+00:00, run_after=2023-05-01T00:00:00+00:00
[2026-09-13T04:52:48.165+0000] {processor.py:178} INFO - Processing /opt/airflow/dags/1_first_dag.py took 0.228 seconds
