[2026-09-13T00:00:10.626+0000] {processor.py:156} INFO - Started process (PID=158781) to work on /opt/airflow/dags/2_bash_operator.py
[2026-09-13T00:00:10.629+0000] {processor.py:799} INFO - Processing file /opt/airflow/dags/2_bash_operator.py for tasks to queue
[2026-09-13T00:00:10.630+0000] {logging_mixin.py:149} INFO - [2026-09-13T00:00:10.630+0000] {dagbag.py:541} INFO - Filling up the DagBag from /opt/airflow/dags/2_bash_operator.py
[2026-09-13T00:00:10.655+0000] {processor.py:809} INFO - DAG(s) dict_keys(['2-bashoperator']) retrieved from /opt/airflow/dags/2_bash_operator.py
[2026-09-13T00:00:10.760+0000] {logging_mixin.py:149} INFO - [2026-09-13T00:00:10.759+0000] {dag.py:2726} INFO - Sync 1 DAGs
[2026-09-13T00:00:10.812+0000] {logging_mixin.py:149} INFO - [2026-09-13T00:00:10.812+0000] {dag.py:3490} INFO - Setting next_dagrun for 2-bashoperator to 2026-09-13T00:00:00+00:00, run_after=2026-09-14T00:00:00+00:00
[2026-09-13T00:00:10.848+0000] {processor.py:178} INFO - Processing /opt/airflow/dags/2_bash_operator.py took 0.235 seconds
[2026-09-13T00:00:40.971+0000] {processor.py:156} INFO - Started process (PID=158795) to work on /opt/airflow/dags/2_bash_operator.py
[2026-09-13T00:00:40.974+0000] {processor.py:799} INFO - Processing file /opt/airflow/dags/2_bash_operator.py for tasks to queue
[2026-09-13T00:00:40.976+0000] {logging_mixin.py:149} INFO - [2026-09-13T00:00:40.975+0000] {dagbag.py:541} INFO - Filling up the DagBag from /opt/airflow/dags/2_bash_operator.py
[2026-09-13T00:00:40.999+0000] {processor.py:809} INFO - DAG(s) dict_keys(['2-bashoperator']) retrieved from /opt/airflow/dags/2_bash_operator.py
[2026-09-13T00:00:41.083+0000] {logging_mixin.py:149} INFO - [2026-09-13T00:00:41.083+0000] {dag.py:2726} INFO - Sync 1 DAGs
[2026-09-13T00:00:41.163+0000] {logging_mixin.py:149} INFO - [2026-09-13T00:00:41.163+0000] {dag.py:3490} INFO - Setting next_dagrun for 2-bashoperator to 2026-09-13T00:00:00+00:00, run_after=2026-09-14T00:00:00+00:00
[2026-09-13T00:00:41.214+0000] {processor.py:178} INFO - Processing /opt/airflow/dags/2_bash_operator.py took 0.251 seconds
[2026-09-13T00:01:11.325+0000] {processor.py:156} INFO - Started process (PID=158809) to work on /opt/airflow/dags/2_bash_operator.py
[2026-09-13T00:01:11.329+0000] {processor.py:799} INFO - Processing file /opt/airflow/dags/2_bash_operator.py for tasks to queue
[2026-09-13T00:01:11.331+0000] {logging_mixin.py:149} INFO - [2026-09-13T00:01:11.331+0000] {dagbag.py:541} INFO - Filling up the DagBag from /opt/airflow/dags/2_bash_operator.py
[2026-09-13T00:01:11.367+0000] {processor.py:809} INFO - DAG(s) dict_keys(['2-bashoperator']) retrieved from /opt/airflow/dags/2_bash_operator.py
[2026-09-13T00:01:11.473+0000] {logging_mixin.py:149} INFO - [2026-09-13T00:01:11.472+0000] {dag.py:2726} INFO - Sync 1 DAGs
[2026-09-13T00:01:11.537+0000] {logging_mixin.py:149} INFO - [2026-09-13T00:01:11.536+0000] {dag.py:3490} INFO - Setting next_dagrun for 2-bashoperator to 2026-09-13T00:00:00+00:00, run_after=2026-09-14T00:00:00+00:00
[2026-09-13T00:01:11.593+0000] {processor.py:178} INFO - Processing /opt/airflow/dags/2_bash_operator.py took 0.280 seconds
[2026-09-13T00:01:41.753+0000] {processor.py:156} INFO - Started process (PID=158823) to work on /opt/airflow/dags/2_bash_operator.py
[2026-09-13T00:01:41.755+0000] {processor.py:799} INFO - Processing file /opt/airflow/dags/2_bash_operator.py for tasks to queue
[2026-09-13T00:01:41.757+0000] {logging_mixin.py:149} INFO - [2026-09-13T00:01:41.757+0000] {dagbag.py:541} INFO - Filling up the DagBag from /opt/airflow/dags/2_bash_operator.py
[2026-09-13T00:01:41.805+0000] {processor.py:809} INFO - DAG(s) dict_keys(['2-bashoperator']) retrieved from /opt/airflow/dags/2_bash_operator.py
[2026-09-13T00:01:41.882+0000] {logging_mixin.py:149} INFO - [2026-09-13T00:01:41.882+0000] {dag.py:2726} INFO - Sync 1 DAGs
[2026-09-13T00:01:41.958+0000] {logging_mixin.py:149} INFO - [2026-09-13T00:01:41.958+0000] {dag.py:3490} INFO - Setting next_dagrun for 2-bashoperator to 2026-09-13T00:00:00+00:00, run_after=2026-09-14T00:00:00+00:00
[2026-09-13T00:01:42.021+0000] {processor.py:178} INFO - Processing /opt/airflow/dags/2_bash_operator.py took 0.274 seconds
[2026-09-13T00:02:12.193+0000] {processor.py:156} INFO - Started process (PID=158836) to work on /opt/airflow/dags/2_bash_operator.py
[2026-09-13T00:02:12.194+0000] {processor.py:799} INFO - Processing file /opt/airflow/dags/2_bash_operator.py for tasks to queue
[2026-09-13T00:02:12.196+0000] {logging_mixin.py:149} INFO - [2026-09-13T00:02:12.195+0000] {dagbag.py:541} INFO - Filling up the DagBag from /opt/airflow/dags/2_bash_operator.py
[2026-09-13T00:02:12.210+0000] {processor.py:809} INFO - DAG(s) dict_keys(['2-bashoperator']) retrieved from /opt/airflow/dags/2_bash_operator.py
[2026-09-13T00:02:12.295+0000] {logging_mixin.py:149} INFO - [2026-09-13T00:02:12.295+0000] {dag.py:2726} INFO - Sync 1 DAGs
[2026-09-13T00:02:12.382+0000] {logging_mixin.py:149} INFO - [2026-09-13T00:02:12.382+0000] {dag.py:3490} INFO - Setting next_dagrun for 2-bashoperator to 2026-09-13T00:00:00+00:00, run_after=2026-09-14T00:00:00+00:00
[2026-09-13T00:02:12.446+0000] {processor.py:178} INFO - Processing /opt/airflow/dags/2_bash_operator.py took 0.259 seconds
[2026-09-13T00:02:42.650+0000] {processor.py:156} INFO - Started process (PID=158850) to work on /opt/airflow/dags/2_bash_operator.py
[2026-09-13T00:02:42.652+0000] {processor.py:799} INFO - Processing file /opt/airflow/dags/2_bash_operator.py for tasks to queue
[2026-09-13T00:02:42.654+0000] {logging_mixin.py:149} INFO - [2026-09-13T00:02:42.654+0000] {dagbag.py:541} INFO - Filling up the DagBag from /opt/airflow/dags/2_bash_operator.py
[2026-09-13T00:02:42.685+0000] {processor.py:809} INFO - DAG(s) dict_keys(['2-bashoperator']) retrieved from /opt/airflow/dags/2_bash_operator.py
[2026-09-13T00:02:42.773+0000] {logging_mixin.py:149} INFO - [2026-09-13T00:02:42.773+0000] {dag.py:2726} INFO - Sync 1 DAGs
[2026-09-13T00:02:42.845+0000] {logging_mixin.py:149} INFO - [2026-09-13T00:02:42.845+0000] {dag.py:3490} INFO - Setting next_dagrun for 2-bashoperator to 2026-09-13T00:00:00+00:00, run_after=2026-09-14T00:00:00+00:00
[2026-09-13T00:02:42.915+0000] {processor.py:178} INFO - Processing /opt/airflow/dags/2_bash_operator.py took 0.277 seconds
[2026-09-13T00:03:13.109+0000] {processor.py:156} INFO - Started process (PID=158865) to work on /opt/airflow/dags/2_bash_operator.py
[2026-09-13T00:03:13.111+0000] {processor.py:799} INFO - Processing file /opt/airflow/dags/2_bash_operator.py for tasks to queue
[2026-09-13T00:03:13.112+0000] {logging_mixin.py:149} INFO - [2026-09-13T00:03:13.112+0000] {dagbag.py:541} INFO - Filling up the DagBag from /opt/airflow/dags/2_bash_operator.py
[2026-09-13T00:03:13.127+0000] {processor.py:809} INFO - DAG(s) dict_keys(['2-bashoperator']) retrieved from /opt/airflow/dags/2_bash_operator.py
[2026-09-13T00:03:13.173+0000] {logging_mixin.py:149} INFO - [2026-09-13T00:03:13.173+0000] {dag.py:2726} INFO - Sync 1 DAGs
[2026-09-13T00:03:13.207+0000] {logging_mixin.py:149} INFO - [2026-09-13T00:03:13.207+0000] {dag.py:3490} INFO - Setting next_dagrun for 2-bashoperator to 2026-09-13T00:00:00+00:00, run_after=2026-09-14T00:00:00+00:00
[2026-09-13T00:03:13.249+0000] {processor.py:178} INFO - Processing /opt/airflow/dags/2_bash_operator.py took 0.146 seconds
[2026-09-13T00:03:43.489+0000] {processor.py:156} INFO - Started process (PID=158879) to work on /opt/airflow/dags/2_bash_operator.py
[2026-09-13T00:03:43.496+0000] {processor.py:799} INFO - Processing file /opt/airflow/dags/2_bash_operator.py for tasks to queue
[2026-09-13T00:03:43.505+0000] {logging_mixin.py:149} INFO - [2026-09-13T00:03:43.505+0000] {dagbag.py:541} INFO - Filling up the DagBag from /opt/airflow/dags/2_bash_operator.py
[2026-09-13T00:03:43.539+0000] {processor.py:809} INFO - DAG(s) dict_keys(['2-bashoperator']) retrieved from /opt/airflow/dags/2_bash_operator.py
[2026-09-13T00:03:43.593+0000] {logging_mixin.py:149} INFO - [2026-09-13T00:03:43.593+0000] {dag.py:2726} INFO - Sync 1 DAGs
[2026-09-13T00:03:43.638+0000] {logging_mixin.py:149} INFO - [2026-09-13T00:03:43.638+0000] {dag.py:3490} INFO - Setting next_dagrun for 2-bashoperator to 2026-09-13T00:00:00+00:00, run_after=2026-09-14T00:00:00+00:00
[2026-09-13T00:03:43.666+0000] {processor.py:178} INFO - Processing /opt/airflow/dags/2_bash_operator.py took 0.188 seconds
[2026-09-13T00:04:13.895+0000] {processor.py:156} INFO - Started process (PID=158893) to work on /opt/airflow/dags/2_bash_operator.py
[2026-09-13T00:04:13.897+0000] {processor.py:799} INFO - Processing file /opt/airflow/dags/2_bash_operator.py for tasks to queue
[2026-09-13T00:04:13.899+0000] {logging_mixin.py:149} INFO - [2026-09-13T00:04:13.898+0000] {dagbag.py:541} INFO - Filling up the DagBag from /opt/airflow/dags/2_bash_operator.py
[2026-09-13T00:04:13.920+0000] {processor.py:809} INFO - DAG(s) dict_keys(['2-bashoperator']) retrieved from /opt/airflow/dags/2_bash_operator.py
[2026-09-13T00:04:14.018+0000] {logging_mixin.py:149} INFO - [2026-09-13T00:04:14.017+0000] {dag.py:2726} INFO - Sync 1 DAGs
[2026-09-13T00:04:14.091+0000] {logging_mixin.py:149} INFO - [2026-09-13T00:04:14.090+0000] {dag.py:3490} INFO - Setting next_dagrun for 2-bashoperator to 2026-09-13T00:00:00+00:00, run_after=2026-09-14T00:00:00+00:00
[2026-09-13T00:04:14.162+0000] {processor.py:178} INFO - Processing /opt/airflow/dags/2_bash_operator.py took 0.277 seconds
[2026-09-13T00:04:44.392+0000] {processor.py:156} INFO - Started process (PID=158907) to work on /opt/airflow/dags/2_bash_operator.py
[2026-09-13T00:04:44.395+0000] {processor.py:799} INFO - Processing file /opt/airflow/dags/2_bash_operator.py for tasks to queue
[2026-09-13T00:04:44.396+0000] {logging_mixin.py:149} INFO - [2026-09-13T00:04:44.396+0000] {dagbag.py:541} INFO - Filling up the DagBag from /opt/airflow/dags/2_bash_operator.py
[2026-09-13T00:04:44.420+0000] {processor.py:809} INFO - DAG(s) dict_keys(['2-bashoperator']) retrieved from /opt/airflow/dags/2_bash_operator.py
[2026-09-13T00:04:44.505+0000] {logging_mixin.py:149} INFO - [2026-09-13T00:04:44.505+0000] {dag.py:2726} INFO - Sync 1 DAGs
[2026-09-13T00:04:44.582+0000] {logging_mixin.py:149} INFO - [2026-09-13T00:04:44.581+0000] {dag.py:3490} INFO - Setting next_dagrun for 2-bashoperator to 2026-09-13T00:00:00+00:00, run_after=2026-09-14T00:00:00+00:00
[2026-09-13T00:04:44.645+0000] {processor.py:178} INFO - Processing /opt/airflow/dags/2_bash_operator.py took 0.261 seconds
[2026-09-13T00:05:14.890+0000] {processor.py:156} INFO - Started process (PID=158921) to work on /opt/airflow/dags/2_bash_operator.py
[2026-09-13T00:05:14.893+0000] {processor.py:799} INFO - Processing file /opt/airflow/dags/2_bash_operator.py for tasks to queue
[2026-09-13T00:05:14.895+0000] {logging_mixin.py:149} INFO - [2026-09-13T00:05:14.895+0000] {dagbag.py:541} INFO - Filling up the DagBag from /opt/airflow/dags/2_bash_operator.py
[2026-09-13T00:05:14.919+0000] {processor.py:809} INFO - DAG(s) dict_keys(['2-bashoperator']) retrieved from /opt/airflow/dags/2_bash_operator.py
[2026-09-13T00:05:15.002+0000] {logging_mixin.py:149} INFO - [2026-09-13T00:05:15.001+0000] {dag.py:2726} INFO - Sync 1 DAGs
[2026-09-13T00:05:15.075+0000] {logging_mixin.py:149} INFO - [2026-09-13T00:05:15.075+0000] {dag.py:3490} INFO - Setting next_dagrun for 2-bashoperator to 2026-09-13T00:00:00+00:00, run_after=2026-09-14T00:00:00+00:00
[2026-09-13T00:05:15.147+0000] {processor.py:178} INFO - Processing /opt/airflow/dags/2_bash_operator.py took 0.270 seconds
[2026-09-13T00:05:45.368+0000] {processor.py:156} INFO - Started process (PID=158936) to work on /opt/airflow/dags/2_bash_operator.py
[2026-09-13T00:05:45.369+0000] {processor.py:799} INFO - Processing file /opt/airflow/dags/2_bash_operator.py for tasks to queue
[2026-09-13T00:05:45.370+0000] {logging_mixin.py:149} INFO - [2026-09-13T00:05:45.370+0000] {dagbag.py:541} INFO - Filling up the DagBag from /opt/airflow/dags/2_bash_operator.py
[2026-09-13T00:05:45.391+0000] {processor.py:809} INFO - DAG(s) dict_keys(['2-bashoperator']) retrieved from /opt/airflow/dags/2_bash_operator.py
[2026-09-13T00:05:45.435+0000] {logging_mixin.py:149} INFO - [2026-09-13T00:05:45.435+0000] {dag.py:2726} INFO - Sync 1 DAGs
[2026-09-13T00:05:45.474+0000] {logging_mixin.py:149} INFO - [2026-09-13T00:05:45.474+0000] {dag.py:3490} INFO - Setting next_dagrun for 2-bashoperator to 2026-09-13T00:00:00+00:00, run_after=2026-09-14T00:00:00+00:00
[2026-09-13T00:05:45.528+0000] {processor.py:178} INFO - Processing /opt/airflow/dags/2_bash_operator.py took 0.165 seconds
[2026-09-13T00:06:15.758+0000] {processor.py:156} INFO - Started process (PID=158950) to work on /opt/airflow/dags/2_bash_operator.py
[2026-09-13T00:06:15.765+0000] {processor.py:799} INFO - Processing file /opt/airflow/dags/2_bash_operator.py for tasks to queue
[2026-09-13T00:06:15.767+0000] {logging_mixin.py:149} INFO - [2026-09-13T00:06:15.766+0000] {dagbag.py:541} INFO - Filling up the DagBag from /opt/airflow/dags/2_bash_operator.py
[2026-09-13T00:06:15.791+0000] {processor.py:809} INFO - DAG(s) dict_keys(['2-bashoperator']) retrieved from /opt/airflow/dags/2_bash_operator.py
[2026-09-13T00:06:15.867+0000] {logging_mixin.py:149} INFO - [2026-09-13T00:06:15.867+0000] {dag.py:2726} INFO - Sync 1 DAGs
[2026-09-13T00:06:15.937+0000] {logging_mixin.py:149} INFO - [2026-09-13T00:06:15.936+0000] {dag.py:3490} INFO - Setting next_dagrun for 2-bashoperator to 2026-09-13T00:00:00+00:00, run_after=2026-09-14T00:00:00+00:00
[2026-09-13T00:06:15.988+0000] {processor.py:178} INFO - Processing /opt/airflow/dags/2_bash_operator.py took 0.242 seconds
[2026-09-13T00:06:46.098+0000] {processor.py:156} INFO - Started process (PID=158964) to work on /opt/airflow/dags/2_bash_operator.py
[2026-09-13T00:06:46.100+0000] {processor.py:799} INFO - Processing file /opt/airflow/dags/2_bash_operator.py for tasks to queue
[2026-09-13T00:06:46.101+0000] {logging_mixin.py:149} INFO - [2026-09-13T00:06:46.101+0000] {dagbag.py:541} INFO - Filling up the DagBag from /opt/airflow/dags/2_bash_operator.py
[2026-09-13T00:06:46.116+0000] {processor.py:809} INFO - DAG(s) dict_keys(['2-bashoperator']) retrieved from /opt/airflow/dags/2_bash_operator.py
[2026-09-13T00:06:46.159+0000] {logging_mixin.py:149} INFO - [2026-09-13T00:06:46.159+0000] {dag.py:2726} INFO - Sync 1 DAGs
[2026-09-13T00:06:46.203+0000] {logging_mixin.py:149} INFO - [2026-09-13T00:06:46.202+0000] {dag.py:3490} INFO - Setting next_dagrun for 2-bashoperator to 2026-09-13T00:00:00+00:00, run_after=2026-09-14T00:00:00+00:00
[2026-09-13T00:06:46.275+0000] {processor.py:178} INFO - Processing /opt/airflow/dags/2_bash_operator.py took 0.182 seconds
[2026-09-13T00:07:16.542+0000] {processor.py:156} INFO - Started process (PID=158977) to work on /opt/airflow/dags/2_bash_operator.py
[2026-09-13T00:07:16.549+0000] {processor.py:799} INFO - Processing file /opt/airflow/dags/2_bash_operator.py for tasks to queue
[2026-09-13T00:07:16.551+0000] {logging_mixin.py:149} INFO - [2026-09-13T00:07:16.550+0000] {dagbag.py:541} INFO - Filling up the DagBag from /opt/airflow/dags/2_bash_operator.py
[2026-09-13T00:07:16.577+0000] {processor.py:809} INFO - DAG(s) dict_keys(['2-bashoperator']) retrieved from /opt/airflow/dags/2_bash_operator.py
[2026-09-13T00:07:16.664+0000] {logging_mixin.py:149} INFO - [2026-09-13T00:07:16.663+0000] {dag.py:2726} INFO - Sync 1 DAGs
[2026-09-13T00:07:16.729+0000] {logging_mixin.py:149} INFO - [2026-09-13T00:07:16.728+0000] {dag.py:3490} INFO - Setting next_dagrun for 2-bashoperator to 2026-09-13T00:00:00+00:00, run_after=2026-09-14T00:00:00+00:00
[2026-09-13T00:07:16.795+0000] {processor.py:178} INFO - Processing /opt/airflow/dags/2_bash_operator.py took 0.263 seconds
[2026-09-13T00:07:46.936+0000] {processor.py:156} INFO - Started process (PID=158991) to work on /opt/airflow/dags/2_bash_operator.py
[2026-09-13T00:07:46.938+0000] {processor.py:799} INFO - Processing file /opt/airflow/dags/2_bash_operator.py for tasks to queue
[2026-09-13T00:07:46.940+0000] {logging_mixin.py:149} INFO - [2026-09-13T00:07:46.939+0000] {dagbag.py:541} INFO - Filling up the DagBag from /opt/airflow/dags/2_bash_operator.py
[2026-09-13T00:07:46.962+0000] {processor.py:809} INFO - DAG(s) dict_keys(['2-bashoperator']) retrieved from /opt/airflow/dags/2_bash_operator.py
[2026-09-13T00:07:47.038+0000] {logging_mixin.py:149} INFO - [2026-09-13T00:07:47.037+0000] {dag.py:2726} INFO - Sync 1 DAGs
[2026-09-13T00:07:47.108+0000] {logging_mixin.py:149} INFO - [2026-09-13T00:07:47.107+0000] {dag.py:3490} INFO - Setting next_dagrun for 2-bashoperator to 2026-09-13T00:00:00+00:00, run_after=2026-09-14T00:00:00+00:00
[2026-09-13T00:07:47.166+0000] {processor.py:178} INFO - Processing /opt/airflow/dags/2_bash_operator.py took 0.238 seconds
[2026-09-13T00:08:17.293+0000] {processor.py:156} INFO - Started process (PID=159006) to work on /opt/airflow/dags/2_bash_operator.py
[2026-09-13T00:08:17.296+0000] {processor.py:799} INFO - Processing file /opt/airflow/dags/2_bash_operator.py for tasks to queue
[2026-09-13T00:08:17.297+0000] {logging_mixin.py:149} INFO - [2026-09-13T00:08:17.297+0000] {dagbag.py:541} INFO - Filling up the DagBag from /opt/airflow/dags/2_bash_operator.py
[2026-09-13T00:08:17.312+0000] {processor.py:809} INFO - DAG(s) dict_keys(['2-bashoperator']) retrieved from /opt/airflow/dags/2_bash_operator.py
[2026-09-13T00:08:17.354+0000] {logging_mixin.py:149} INFO - [2026-09-13T00:08:17.354+0000] {dag.py:2726} INFO - Sync 1 DAGs
[2026-09-13T00:08:17.389+0000] {logging_mixin.py:149} INFO - [2026-09-13T00:08:17.389+0000] {dag.py:3490} INFO - Setting next_dagrun for 2-bashoperator to 2026-09-13T00:00:00+00:00, run_after=2026-09-14T00:00:00+00:00
[2026-09-13T00:08:17.418+0000] {processor.py:178} INFO - Processing /opt/airflow/dags/2_bash_operator.py took 0.130 seconds
[2026-09-13T00:08:47.795+0000] {processor.py:156} INFO - Started process (PID=159020) to work on /opt/airflow/dags/2_bash_operator.py
[2026-09-13T00:08:47.797+0000] {processor.py:799} INFO - Processing file /opt/airflow/dags/2_bash_operator.py for tasks to queue
[2026-09-13T00:08:47.799+0000] {logging_mixin.py:149} INFO - [2026-09-13T00:08:47.799+0000] {dagbag.py:541} INFO - Filling up the DagBag from /opt/airflow/dags/2_bash_operator.py
[2026-09-13T00:08:47.828+0000] {processor.py:809} INFO - DAG(s) dict_keys(['2-bashoperator']) retrieved from /opt/airflow/dags/2_bash_operator.py
[2026-09-13T00:08:47.921+0000] {logging_mixin.py:149} INFO - [2026-09-13T00:08:47.920+0000] {dag.py:2726} INFO - Sync 1 DAGs
[2026-09-13T00:08:47.996+0000] {logging_mixin.py:149} INFO - [2026-09-13T00:08:47.995+0000] {dag.py:3490} INFO - Setting next_dagrun for 2-bashoperator to 2026-09-13T00:00:00+00:00, run_after=2026-09-14T00:00:00+00:00
[2026-09-13T00:08:48.068+0000] {processor.py:178} INFO - Processing /opt/airflow/dags/2_bash_operator.py took 0.295 seconds
[2026-09-13T00:09:18.133+0000] {processor.py:156} INFO - Started process (PID=159034) to work on /opt/airflow/dags/2_bash_operator.py
[2026-09-13T00:09:18.136+0000] {processor.py:799} INFO - Processing file /opt/airflow/dags/2_bash_operator.py for tasks to queue
[2026-09-13T00:09:18.137+0000] {logging_mixin.py:149} INFO - [2026-09-13T00:09:18.137+0000] {dagbag.py:541} INFO - Filling up the DagBag from /opt/airflow/dags/2_bash_operator.py
[2026-09-13T00:09:18.160+0000] {processor.py:809} INFO - DAG(s) dict_keys(['2-bashoperator']) retrieved from /opt/airflow/dags/2_bash_operator.py
[2026-09-13T00:09:18.243+0000] {logging_mixin.py:149} INFO - [2026-09-13T00:09:18.243+0000] {dag.py:2726} INFO - Sync 1 DAGs
[2026-09-13T00:09:18.318+0000] {logging_mixin.py:149} INFO - [2026-09-13T00:09:18.318+0000] {dag.py:3490} INFO - Setting next_dagrun for 2-bashoperator to 2026-09-13T00:00:00+00:00, run_after=2026-09-14T00:00:00+00:00
[2026-09-13T00:09:18.385+0000] {processor.py:178} INFO - Processing /opt/airflow/dags/2_bash_operator.py took 0.260 seconds
[2026-09-13T00:09:48.586+0000] {processor.py:156} INFO - Started process (PID=159048) to work on /opt/airflow/dags/2_bash_operator.py
[2026-09-13T00:09:48.590+0000] {processor.py:799} INFO - Processing file /opt/airflow/dags/2_bash_operator.py for tasks to queue
[2026-09-13T00:09:48.592+0000] {logging_mixin.py:149} INFO - [2026-09-13T00:09:48.592+0000] {dagbag.py:541} INFO - Filling up the DagBag from /opt/airflow/dags/2_bash_operator.py
[2026-09-13T00:09:48.620+0000] {processor.py:809} INFO - DAG(s) dict_keys(['2-bashoperator']) retrieved from /opt/airflow/dags/2_bash_operator.py
[2026-09-13T00:09:48.712+0000] {logging_mixin.py:149} INFO - [2026-09-13T00:09:48.712+0000] {dag.py:2726} INFO - Sync 1 DAGs
[2026-09-13T00:09:48.792+0000] {logging_mixin.py:149} INFO - [2026-09-13T00:09:48.792+0000] {dag.py:3490} INFO - Setting next_dagrun for 2-bashoperator to 2026-09-13T00:00:00+00:00, run_after=2026-09-14T00:00:00+00:00
[2026-09-13T00:09:48.862+0000] {processor.py:178} INFO - Processing /opt/airflow/dags/2_bash_operator.py took 0.289 seconds
[2026-09-13T00:10:18.999+0000] {processor.py:156} INFO - Started process (PID=159062) to work on /opt/airflow/dags/2_bash_operator.py
[2026-09-13T00:10:19.002+0000] {processor.py:799} INFO - Processing file /opt/airflow/dags/2_bash_operator.py for tasks to queue
[2026-09-13T00:10:19.004+0000] {logging_mixin.py:149} INFO - [2026-09-13T00:10:19.004+0000] {dagbag.py:541} INFO - Filling up the DagBag from /opt/airflow/dags/2_bash_operator.py
[2026-09-13T00:10:19.032+0000] {processor.py:809} INFO - DAG(s) dict_keys(['2-bashoperator']) retrieved from /opt/airflow/dags/2_bash_operator.py
[2026-09-13T00:10:19.118+0000] {logging_mixin.py:149} INFO - [2026-09-13T00:10:19.118+0000] {dag.py:2726} INFO - Sync 1 DAGs
[2026-09-13T00:10:19.189+0000] {logging_mixin.py:149} INFO - [2026-09-13T00:10:19.188+0000] {dag.py:3490} INFO - Setting next_dagrun for 2-bashoperator to 2026-09-13T00:00:00+00:00, run_after=2026-09-14T00:00:00+00:00
[2026-09-13T00:10:19.244+0000] {processor.py:178} INFO - Processing /opt/airflow/dags/2_bash_operator.py took 0.258 seconds
[2026-09-13T00:10:49.416+0000] {processor.py:156} INFO - Started process (PID=159076) to work on /opt/airflow/dags/2_bash_operator.py
[2026-09-13T00:10:49.419+0000] {processor.py:799} INFO - Processing file /opt/airflow/dags/2_bash_operator.py for tasks to queue
[2026-09-13T00:10:49.421+0000] {logging_mixin.py:149} INFO - [2026-09-13T00:10:49.420+0000] {dagbag.py:541} INFO - Filling up the DagBag from /opt/airflow/dags/2_bash_operator.py
[2026-09-13T00:10:49.451+0000] {processor.py:809} INFO - DAG(s) dict_keys(['2-bashoperator']) retrieved from /opt/airflow/dags/2_bash_operator.py
[2026-09-13T00:10:49.538+0000] {logging_mixin.py:149} INFO - [2026-09-13T00:10:49.538+0000] {dag.py:2726} INFO - Sync 1 DAGs
[2026-09-13T00:10:49.607+0000] {logging_mixin.py:149} INFO - [2026-09-13T00:10:49.607+0000] {dag.py:3490} INFO - Setting next_dagrun for 2-bashoperator to 2026-09-13T00:00:00+00:00, run_after=2026-09-14T00:00:00+00:00
[2026-09-13T00:10:49.674+0000] {processor.py:178} INFO - Processing /opt/airflow/dags/2_bash_operator.py took 0.271 seconds
[2026-09-13T00:11:19.839+0000] {processor.py:156} INFO - Started process (PID=159091) to work on /opt/airflow/dags/2_bash_operator.py
[2026-09-13T00:11:19.851+0000] {processor.py:799} INFO - Processing file /opt/airflow/dags/2_bash_operator.py for tasks to queue
[2026-09-13T00:11:19.857+0000] {logging_mixin.py:149} INFO - [2026-09-13T00:11:19.857+0000] {dagbag.py:541} INFO - Filling up the DagBag from /opt/airflow/dags/2_bash_operator.py
[2026-09-13T00:11:19.898+0000] {processor.py:809} INFO - DAG(s) dict_keys(['2-bashoperator']) retrieved from /opt/airflow/dags/2_bash_operator.py
[2026-09-13T00:11:19.984+0000] {logging_mixin.py:149} INFO - [2026-09-13T00:11:19.984+0000] {dag.py:2726} INFO - Sync 1 DAGs
[2026-09-13T00:11:20.043+0000] {logging_mixin.py:149} INFO - [2026-09-13T00:11:20.043+0000] {dag.py:3490} INFO - Setting next_dagrun for 2-bashoperator to 2026-09-13T00:00:00+00:00, run_after=2026-09-14T00:00:00+00:00
[2026-09-13T00:11:20.104+0000] {processor.py:178} INFO - Processing /opt/airflow/dags/2_bash_operator.py took 0.270 seconds
[2026-09-13T00:11:50.244+0000] {processor.py:156} INFO - Started process (PID=159105) to work on /opt/airflow/dags/2_bash_operator.py
[2026-09-13T00:11:50.246+0000] {processor.py:799} INFO - Processing file /opt/airflow/dags/2_bash_operator.py for tasks to queue
[2026-09-13T00:11:50.247+0000] {logging_mixin.py:149} INFO - [2026-09-13T00:11:50.247+0000] {dagbag.py:541} INFO - Filling up the DagBag from /opt/airflow/dags/2_bash_operator.py
[2026-09-13T00:11:50.263+0000] {processor.py:809} INFO - DAG(s) dict_keys(['2-bashoperator']) retrieved from /opt/airflow/dags/2_bash_operator.py
[2026-09-13T00:11:50.337+0000] {logging_mixin.py:149} INFO - [2026-09-13T00:11:50.336+0000] {dag.py:2726} INFO - Sync 1 DAGs
[2026-09-13T00:11:50.391+0000] {logging_mixin.py:149} INFO - [2026-09-13T00:11:50.391+0000] {dag.py:3490} INFO - Setting next_dagrun for 2-bashoperator to 2026-09-13T00:00:00+00:00, run_after=2026-09-14T00:00:00+00:00
[2026-09-13T00:11:50.443+0000] {processor.py:178} INFO - Processing /opt/airflow/dags/2_bash_operator.py took 0.207 seconds
[2026-09-13T00:12:20.986+0000] {processor.py:156} INFO - Started process (PID=159119) to work on /opt/airflow/dags/2_bash_operator.py
[2026-09-13T00:12:20.989+0000] {processor.py:799} INFO - Processing file /opt/airflow/dags/2_bash_operator.py for tasks to queue
[2026-09-13T00:12:20.993+0000] {logging_mixin.py:149} INFO - [2026-09-13T00:12:20.993+0000] {dagbag.py:541} INFO - Filling up the DagBag from /opt/airflow/dags/2_bash_operator.py
[2026-09-13T00:12:21.013+0000] {processor.py:809} INFO - DAG(s) dict_keys(['2-bashoperator']) retrieved from /opt/airflow/dags/2_bash_operator.py
[2026-09-13T00:12:21.105+0000] {logging_mixin.py:149} INFO - [2026-09-13T00:12:21.104+0000] {dag.py:2726} INFO - Sync 1 DAGs
[2026-09-13T00:12:21.168+0000] {logging_mixin.py:149} INFO - [2026-09-13T00:12:21.168+0000] {dag.py:3490} INFO - Setting next_dagrun for 2-bashoperator to 2026-09-13T00:00:00+00:00, run_after=2026-09-14T00:00:00+00:00
[2026-09-13T00:12:21.221+0000] {processor.py:178} INFO - Processing /opt/airflow/dags/2_bash_operator.py took 0.244 seconds
[2026-09-13T00:12:51.423+0000] {processor.py:156} INFO - Started process (PID=159133) to work on /opt/airflow/dags/2_bash_operator.py
[2026-09-13T00:12:51.425+0000] {processor.py:799} INFO - Processing file /opt/airflow/dags/2_bash_operator.py for tasks to queue
[2026-09-13T00:12:51.426+0000] {logging_mixin.py:149} INFO - [2026-09-13T00:12:51.426+0000] {dagbag.py:541} INFO - Filling up the DagBag from /opt/airflow/dags/2_bash_operator.py
[2026-09-13T00:12:51.448+0000] {processor.py:809} INFO - DAG(s) dict_keys(['2-bashoperator']) retrieved from /opt/airflow/dags/2_bash_operator.py
[2026-09-13T00:12:51.531+0000] {logging_mixin.py:149} INFO - [2026-09-13T00:12:51.530+0000] {dag.py:2726} INFO - Sync 1 DAGs
[2026-09-13T00:12:51.598+0000] {logging_mixin.py:149} INFO - [2026-09-13T00:12:51.597+0000] {dag.py:3490} INFO - Setting next_dagrun for 2-bashoperator to 2026-09-13T00:00:00+00:00, run_after=2026-09-14T00:00:00+00:00
[2026-09-13T00:12:51.669+0000] {processor.py:178} INFO - Processing /opt/airflow/dags/2_bash_operator.py took 0.258 seconds
[2026-09-13T00:13:21.870+0000] {processor.py:156} INFO - Started process (PID=159147) to work on /opt/airflow/dags/2_bash_operator.py
[2026-09-13T00:13:21.872+0000] {processor.py:799} INFO - Processing file /opt/airflow/dags/2_bash_operator.py for tasks to queue
[2026-09-13T00:13:21.874+0000] {logging_mixin.py:149} INFO - [2026-09-13T00:13:21.874+0000] {dagbag.py:541} INFO - Filling up the DagBag from /opt/airflow/dags/2_bash_operator.py
[2026-09-13T00:13:21.900+0000] {processor.py:809} INFO - DAG(s) dict_keys(['2-bashoperator']) retrieved from /opt/airflow/dags/2_bash_operator.py
[2026-09-13T00:13:21.988+0000] {logging_mixin.py:149} INFO - [2026-09-13T00:13:21.987+0000] {dag.py:2726} INFO - Sync 1 DAGs
[2026-09-13T00:13:22.057+0000] {logging_mixin.py:149} INFO - [2026-09-13T00:13:22.057+0000] {dag.py:3490} INFO - Setting next_dagrun for 2-bashoperator to 2026-09-13T00:00:00+00:00, run_after=2026-09-14T00:00:00+00:00
[2026-09-13T00:13:22.111+0000] {processor.py:178} INFO - Processing /opt/airflow/dags/2_bash_operator.py took 0.252 seconds
[2026-09-13T00:13:52.400+0000] {processor.py:156} INFO - Started process (PID=159161) to work on /opt/airflow/dags/2_bash_operator.py
[2026-09-13T00:13:52.402+0000] {processor.py:799} INFO - Processing file /opt/airflow/dags/2_bash_operator.py for tasks to queue
[2026-09-13T00:13:52.404+0000] {logging_mixin.py:149} INFO - [2026-09-13T00:13:52.404+0000] {dagbag.py:541} INFO - Filling up the DagBag from /opt/airflow/dags/2_bash_operator.py
[2026-09-13T00:13:52.431+0000] {processor.py:809} INFO - DAG(s) dict_keys(['2-bashoperator']) retrieved from /opt/airflow/dags/2_bash_operator.py
[2026-09-13T00:13:52.526+0000] {logging_mixin.py:149} INFO - [2026-09-13T00:13:52.526+0000] {dag.py:2726} INFO - Sync 1 DAGs
[2026-09-13T00:13:52.591+0000] {logging_mixin.py:149} INFO - [2026-09-13T00:13:52.591+0000] {dag.py:3490} INFO - Setting next_dagrun for 2-bashoperator to 2026-09-13T00:00:00+00:00, run_after=2026-09-14T00:00:00+00:00
[2026-09-13T00:13:52.658+0000] {processor.py:178} INFO - Processing /opt/airflow/dags/2_bash_operator.py took 0.269 seconds
[2026-09-13T00:14:22.884+0000] {processor.py:156} INFO - Started process (PID=159175) to work on /opt/airflow/dags/2_bash_operator.py
[2026-09-13T00:14:22.886+0000] {processor.py:799} INFO - Processing file /opt/airflow/dags/2_bash_operator.py for tasks to queue
[2026-09-13T00:14:22.890+0000] {logging_mixin.py:149} INFO - [2026-09-13T00:14:22.887+0000] {dagbag.py:541} INFO - Filling up the DagBag from /opt/airflow/dags/2_bash_operator.py
[2026-09-13T00:14:22.915+0000] {processor.py:809} INFO - DAG(s) dict_keys(['2-bashoperator']) retrieved from /opt/airflow/dags/2_bash_operator.py
[2026-09-13T00:14:23.007+0000] {logging_mixin.py:149} INFO - [2026-09-13T00:14:23.007+0000] {dag.py:2726} INFO - Sync 1 DAGs
[2026-09-13T00:14:23.069+0000] {logging_mixin.py:149} INFO - [2026-09-13T00:14:23.069+0000] {dag.py:3490} INFO - Setting next_dagrun for 2-bashoperator to 2026-09-13T00:00:00+00:00, run_after=2026-09-14T00:00:00+00:00
[2026-09-13T00:14:23.124+0000] {processor.py:178} INFO - Processing /opt/airflow/dags/2_bash_operator.py took 0.252 seconds
[2026-09-13T00:14:53.199+0000] {processor.py:156} INFO - Started process (PID=159190) to work on /opt/airflow/dags/2_bash_operator.py
[2026-09-13T00:14:53.202+0000] {processor.py:799} INFO - Processing file /opt/airflow/dags/2_bash_operator.py for tasks to queue
[2026-09-13T00:14:53.203+0000] {logging_mixin.py:149} INFO - [2026-09-13T00:14:53.203+0000] {dagbag.py:541} INFO - Filling up the DagBag from /opt/airflow/dags/2_bash_operator.py
[2026-09-13T00:14:53.229+0000] {processor.py:809} INFO - DAG(s) dict_keys(['2-bashoperator']) retrieved from /opt/airflow/dags/2_bash_operator.py
[2026-09-13T00:14:53.310+0000] {logging_mixin.py:149} INFO - [2026-09-13T00:14:53.310+0000] {dag.py:2726} INFO - Sync 1 DAGs
[2026-09-13T00:14:53.360+0000] {logging_mixin.py:149} INFO - [2026-09-13T00:14:53.359+0000] {dag.py:3490} INFO - Setting next_dagrun for 2-bashoperator to 2026-09-13T00:00:00+00:00, run_after=2026-09-14T00:00:00+00:00
[2026-09-13T00:14:53.388+0000] {processor.py:178} INFO - Processing /opt/airflow/dags/2_bash_operator.py took 0.204 seconds
[2026-09-13T00:15:23.557+0000] {processor.py:156} INFO - Started process (PID=159204) to work on /opt/airflow/dags/2_bash_operator.py
[2026-09-13T00:15:23.560+0000] {processor.py:799} INFO - Processing file /opt/airflow/dags/2_bash_operator.py for tasks to queue
[2026-09-13T00:15:23.562+0000] {logging_mixin.py:149} INFO - [2026-09-13T00:15:23.561+0000] {dagbag.py:541} INFO - Filling up the DagBag from /opt/airflow/dags/2_bash_operator.py
[2026-09-13T00:15:23.586+0000] {processor.py:809} INFO - DAG(s) dict_keys(['2-bashoperator']) retrieved from /opt/airflow/dags/2_bash_operator.py
[2026-09-13T00:15:23.672+0000] {logging_mixin.py:149} INFO - [2026-09-13T00:15:23.672+0000] {dag.py:2726} INFO - Sync 1 DAGs
[2026-09-13T00:15:23.749+0000] {logging_mixin.py:149} INFO - [2026-09-13T00:15:23.749+0000] {dag.py:3490} INFO - Setting next_dagrun for 2-bashoperator to 2026-09-13T00:00:00+00:00, run_after=2026-09-14T00:00:00+00:00
[2026-09-13T00:15:23.819+0000] {processor.py:178} INFO - Processing /opt/airflow/dags/2_bash_operator.py took 0.273 seconds
[2026-09-13T00:15:53.941+0000] {processor.py:156} INFO - Started process (PID=159218) to work on /opt/airflow/dags/2_bash_operator.py
[2026-09-13T00:15:53.945+0000] {processor.py:799} INFO - Processing file /opt/airflow/dags/2_bash_operator.py for tasks to queue
[2026-09-13T00:15:53.946+0000] {logging_mixin.py:149} INFO - [2026-09-13T00:15:53.946+0000] {dagbag.py:541} INFO - Filling up the DagBag from /opt/airflow/dags/2_bash_operator.py
[2026-09-13T00:15:53.976+0000] {processor.py:809} INFO - DAG(s) dict_keys(['2-bashoperator']) retrieved from /opt/airflow/dags/2_bash_operator.py
[2026-09-13T00:15:54.074+0000] {logging_mixin.py:149} INFO - [2026-09-13T00:15:54.073+0000] {dag.py:2726} INFO - Sync 1 DAGs
[2026-09-13T00:15:54.173+0000] {logging_mixin.py:149} INFO - [2026-09-13T00:15:54.173+0000] {dag.py:3490} INFO - Setting next_dagrun for 2-bashoperator to 2026-09-13T00:00:00+00:00, run_after=2026-09-14T00:00:00+00:00
[2026-09-13T00:15:54.237+0000] {processor.py:178} INFO - Processing /opt/airflow/dags/2_bash_operator.py took 0.307 seconds
[2026-09-13T00:16:24.458+0000] {processor.py:156} INFO - Started process (PID=159231) to work on /opt/airflow/dags/2_bash_operator.py
[2026-09-13T00:16:24.460+0000] {processor.py:799} INFO - Processing file /opt/airflow/dags/2_bash_operator.py for tasks to queue
[2026-09-13T00:16:24.461+0000] {logging_mixin.py:149} INFO - [2026-09-13T00:16:24.461+0000] {dagbag.py:541} INFO - Filling up the DagBag from /opt/airflow/dags/2_bash_operator.py
[2026-09-13T00:16:24.483+0000] {processor.py:809} INFO - DAG(s) dict_keys(['2-bashoperator']) retrieved from /opt/airflow/dags/2_bash_operator.py
[2026-09-13T00:16:24.569+0000] {logging_mixin.py:149} INFO - [2026-09-13T00:16:24.568+0000] {dag.py:2726} INFO - Sync 1 DAGs
[2026-09-13T00:16:24.647+0000] {logging_mixin.py:149} INFO - [2026-09-13T00:16:24.646+0000] {dag.py:3490} INFO - Setting next_dagrun for 2-bashoperator to 2026-09-13T00:00:00+00:00, run_after=2026-09-14T00:00:00+00:00
[2026-09-13T00:16:24.707+0000] {processor.py:178} INFO - Processing /opt/airflow/dags/2_bash_operator.py took 0.259 seconds
[2026-09-13T00:16:55.496+0000] {processor.py:156} INFO - Started process (PID=159244) to work on /opt/airflow/dags/2_bash_operator.py
[2026-09-13T00:16:55.499+0000] {processor.py:799} INFO - Processing file /opt/airflow/dags/2_bash_operator.py for tasks to queue
[2026-09-13T00:16:55.501+0000] {logging_mixin.py:149} INFO - [2026-09-13T00:16:55.501+0000] {dagbag.py:541} INFO - Filling up the DagBag from /opt/airflow/dags/2_bash_operator.py
[2026-09-13T00:16:55.531+0000] {processor.py:809} INFO - DAG(s) dict_keys(['2-bashoperator']) retrieved from /opt/airflow/dags/2_bash_operator.py
[2026-09-13T00:16:55.629+0000] {logging_mixin.py:149} INFO - [2026-09-13T00:16:55.628+0000] {dag.py:2726} INFO - Sync 1 DAGs
[2026-09-13T00:16:55.712+0000] {logging_mixin.py:149} INFO - [2026-09-13T00:16:55.712+0000] {dag.py:3490} INFO - Setting next_dagrun for 2-bashoperator to 2026-09-13T00:00:00+00:00, run_after=2026-09-14T00:00:00+00:00
[2026-09-13T00:16:55.793+0000] {processor.py:178} INFO - Processing /opt/airflow/dags/2_bash_operator.py took 0.304 seconds
[2026-09-13T00:17:26.027+0000] {processor.py:156} INFO - Started process (PID=159258) to work on /opt/airflow/dags/2_bash_operator.py
[2026-09-13T00:17:26.030+0000] {processor.py:799} INFO - Processing file /opt/airflow/dags/2_bash_operator.py for tasks to queue
[2026-09-13T00:17:26.032+0000] {logging_mixin.py:149} INFO - [2026-09-13T00:17:26.031+0000] {dagbag.py:541} INFO - Filling up the DagBag from /opt/airflow/dags/2_bash_operator.py
[2026-09-13T00:17:26.057+0000] {processor.py:809} INFO - DAG(s) dict_keys(['2-bashoperator']) retrieved from /opt/airflow/dags/2_bash_operator.py
[2026-09-13T00:17:26.146+0000] {logging_mixin.py:149} INFO - [2026-09-13T00:17:26.145+0000] {dag.py:2726} INFO - Sync 1 DAGs
[2026-09-13T00:17:26.212+0000] {logging_mixin.py:149} INFO - [2026-09-13T00:17:26.212+0000] {dag.py:3490} INFO - Setting next_dagrun for 2-bashoperator to 2026-09-13T00:00:00+00:00, run_after=2026-09-14T00:00:00+00:00
[2026-09-13T00:17:26.270+0000] {processor.py:178} INFO - Processing /opt/airflow/dags/2_bash_operator.py took 0.257 seconds
[2026-09-13T00:17:56.472+0000] {processor.py:156} INFO - Started process (PID=159272) to work on /opt/airflow/dags/2_bash_operator.py
[2026-09-13T00:17:56.476+0000] {processor.py:799} INFO - Processing file /opt/airflow/dags/2_bash_operator.py for tasks to queue
[2026-09-13T00:17:56.478+0000] {logging_mixin.py:149} INFO - [2026-09-13T00:17:56.478+0000] {dagbag.py:541} INFO - Filling up the DagBag from /opt/airflow/dags/2_bash_operator.py
[2026-09-13T00:17:56.507+0000] {processor.py:809} INFO - DAG(s) dict_keys(['2-bashoperator']) retrieved from /opt/airflow/dags/2_bash_operator.py
[2026-09-13T00:17:56.606+0000] {logging_mixin.py:149} INFO - [2026-09-13T00:17:56.605+0000] {dag.py:2726} INFO - Sync 1 DAGs
[2026-09-13T00:17:56.680+0000] {logging_mixin.py:149} INFO - [2026-09-13T00:17:56.680+0000] {dag.py:3490} INFO - Setting next_dagrun for 2-bashoperator to 2026-09-13T00:00:00+00:00, run_after=2026-09-14T00:00:00+00:00
[2026-09-13T00:17:56.752+0000] {processor.py:178} INFO - Processing /opt/airflow/dags/2_bash_operator.py took 0.292 seconds
[2026-09-13T00:18:27.046+0000] {processor.py:156} INFO - Started process (PID=159286) to work on /opt/airflow/dags/2_bash_operator.py
[2026-09-13T00:18:27.054+0000] {processor.py:799} INFO - Processing file /opt/airflow/dags/2_bash_operator.py for tasks to queue
[2026-09-13T00:18:27.055+0000] {logging_mixin.py:149} INFO - [2026-09-13T00:18:27.054+0000] {dagbag.py:541} INFO - Filling up the DagBag from /opt/airflow/dags/2_bash_operator.py
[2026-09-13T00:18:27.069+0000] {processor.py:809} INFO - DAG(s) dict_keys(['2-bashoperator']) retrieved from /opt/airflow/dags/2_bash_operator.py
[2026-09-13T00:18:27.109+0000] {logging_mixin.py:149} INFO - [2026-09-13T00:18:27.109+0000] {dag.py:2726} INFO - Sync 1 DAGs
[2026-09-13T00:18:27.144+0000] {logging_mixin.py:149} INFO - [2026-09-13T00:18:27.144+0000] {dag.py:3490} INFO - Setting next_dagrun for 2-bashoperator to 2026-09-13T00:00:00+00:00, run_after=2026-09-14T00:00:00+00:00
[2026-09-13T00:18:27.170+0000] {processor.py:178} INFO - Processing /opt/airflow/dags/2_bash_operator.py took 0.129 seconds
[2026-09-13T00:18:57.340+0000] {processor.py:156} INFO - Started process (PID=159300) to work on /opt/airflow/dags/2_bash_operator.py
[2026-09-13T00:18:57.345+0000] {processor.py:799} INFO - Processing file /opt/airflow/dags/2_bash_operator.py for tasks to queue
[2026-09-13T00:18:57.347+0000] {logging_mixin.py:149} INFO - [2026-09-13T00:18:57.347+0000] {dagbag.py:541} INFO - Filling up the DagBag from /opt/airflow/dags/2_bash_operator.py
[2026-09-13T00:18:57.375+0000] {processor.py:809} INFO - DAG(s) dict_keys(['2-bashoperator']) retrieved from /opt/airflow/dags/2_bash_operator.py
[2026-09-13T00:18:57.463+0000] {logging_mixin.py:149} INFO - [2026-09-13T00:18:57.463+0000] {dag.py:2726} INFO - Sync 1 DAGs
[2026-09-13T00:18:57.550+0000] {logging_mixin.py:149} INFO - [2026-09-13T00:18:57.549+0000] {dag.py:3490} INFO - Setting next_dagrun for 2-bashoperator to 2026-09-13T00:00:00+00:00, run_after=2026-09-14T00:00:00+00:00
[2026-09-13T00:18:57.620+0000] {processor.py:178} INFO - Processing /opt/airflow/dags/2_bash_operator.py took 0.295 seconds
[2026-09-13T00:19:27.761+0000] {processor.py:156} INFO - Started process (PID=159314) to work on /opt/airflow/dags/2_bash_operator.py
[2026-09-13T00:19:27.764+0000] {processor.py:799} INFO - Processing file /opt/airflow/dags/2_bash_operator.py for tasks to queue
[2026-09-13T00:19:27.766+0000] {logging_mixin.py:149} INFO - [2026-09-13T00:19:27.765+0000] {dagbag.py:541} INFO - Filling up the DagBag from /opt/airflow/dags/2_bash_operator.py
[2026-09-13T00:19:27.791+0000] {processor.py:809} INFO - DAG(s) dict_keys(['2-bashoperator']) retrieved from /opt/airflow/dags/2_bash_operator.py
[2026-09-13T00:19:27.876+0000] {logging_mixin.py:149} INFO - [2026-09-13T00:19:27.875+0000] {dag.py:2726} INFO - Sync 1 DAGs
[2026-09-13T00:19:27.933+0000] {logging_mixin.py:149} INFO - [2026-09-13T00:19:27.932+0000] {dag.py:3490} INFO - Setting next_dagrun for 2-bashoperator to 2026-09-13T00:00:00+00:00, run_after=2026-09-14T00:00:00+00:00
[2026-09-13T00:19:28.005+0000] {processor.py:178} INFO - Processing /opt/airflow/dags/2_bash_operator.py took 0.257 seconds
[2026-09-13T00:19:58.074+0000] {processor.py:156} INFO - Started process (PID=159328) to work on /opt/airflow/dags/2_bash_operator.py
[2026-09-13T00:19:58.078+0000] {processor.py:799} INFO - Processing file /opt/airflow/dags/2_bash_operator.py for tasks to queue
[2026-09-13T00:19:58.079+0000] {logging_mixin.py:149} INFO - [2026-09-13T00:19:58.079+0000] {dagbag.py:541} INFO - Filling up the DagBag from /opt/airflow/dags/2_bash_operator.py
[2026-09-13T00:19:58.105+0000] {processor.py:809} INFO - DAG(s) dict_keys(['2-bashoperator']) retrieved from /opt/airflow/dags/2_bash_operator.py
[2026-09-13T00:19:58.184+0000] {logging_mixin.py:149} INFO - [2026-09-13T00:19:58.184+0000] {dag.py:2726} INFO - Sync 1 DAGs
[2026-09-13T00:19:58.242+0000] {logging_mixin.py:149} INFO - [2026-09-13T00:19:58.242+0000] {dag.py:3490} INFO - Setting next_dagrun for 2-bashoperator to 2026-09-13T00:00:00+00:00, run_after=2026-09-14T00:00:00+00:00
[2026-09-13T00:19:58.304+0000] {processor.py:178} INFO - Processing /opt/airflow/dags/2_bash_operator.py took 0.241 seconds
[2026-09-13T00:20:29.327+0000] {processor.py:156} INFO - Started process (PID=159348) to work on /opt/airflow/dags/2_bash_operator.py
[2026-09-13T00:20:29.329+0000] {processor.py:799} INFO - Processing file /opt/airflow/dags/2_bash_operator.py for tasks to queue
[2026-09-13T00:20:29.329+0000] {logging_mixin.py:149} INFO - [2026-09-13T00:20:29.329+0000] {dagbag.py:541} INFO - Filling up the DagBag from /opt/airflow/dags/2_bash_operator.py
[2026-09-13T00:20:29.344+0000] {processor.py:809} INFO - DAG(s) dict_keys(['2-bashoperator']) retrieved from /opt/airflow/dags/2_bash_operator.py
[2026-09-13T00:20:29.406+0000] {logging_mixin.py:149} INFO - [2026-09-13T00:20:29.406+0000] {dag.py:2726} INFO - Sync 1 DAGs
[2026-09-13T00:20:29.447+0000] {logging_mixin.py:149} INFO - [2026-09-13T00:20:29.446+0000] {dag.py:3490} INFO - Setting next_dagrun for 2-bashoperator to 2026-09-13T00:00:00+00:00, run_after=2026-09-14T00:00:00+00:00
[2026-09-13T00:20:29.493+0000] {processor.py:178} INFO - Processing /opt/airflow/dags/2_bash_operator.py took 0.170 seconds
[2026-09-13T00:20:59.690+0000] {processor.py:156} INFO - Started process (PID=159362) to work on /opt/airflow/dags/2_bash_operator.py
[2026-09-13T00:20:59.696+0000] {processor.py:799} INFO - Processing file /opt/airflow/dags/2_bash_operator.py for tasks to queue
[2026-09-13T00:20:59.697+0000] {logging_mixin.py:149} INFO - [2026-09-13T00:20:59.697+0000] {dagbag.py:541} INFO - Filling up the DagBag from /opt/airflow/dags/2_bash_operator.py
[2026-09-13T00:20:59.727+0000] {processor.py:809} INFO - DAG(s) dict_keys(['2-bashoperator']) retrieved from /opt/airflow/dags/2_bash_operator.py
[2026-09-13T00:20:59.820+0000] {logging_mixin.py:149} INFO - [2026-09-13T00:20:59.819+0000] {dag.py:2726} INFO - Sync 1 DAGs
[2026-09-13T00:20:59.898+0000] {logging_mixin.py:149} INFO - [2026-09-13T00:20:59.897+0000] {dag.py:3490} INFO - Setting next_dagrun for 2-bashoperator to 2026-09-13T00:00:00+00:00, run_after=2026-09-14T00:00:00+00:00
[2026-09-13T00:20:59.971+0000] {processor.py:178} INFO - Processing /opt/airflow/dags/2_bash_operator.py took 0.293 seconds
[2026-09-13T00:21:30.253+0000] {processor.py:156} INFO - Started process (PID=159377) to work on /opt/airflow/dags/2_bash_operator.py
[2026-09-13T00:21:30.255+0000] {processor.py:799} INFO - Processing file /opt/airflow/dags/2_bash_operator.py for tasks to queue
[2026-09-13T00:21:30.256+0000] {logging_mixin.py:149} INFO - [2026-09-13T00:21:30.256+0000] {dagbag.py:541} INFO - Filling up the DagBag from /opt/airflow/dags/2_bash_operator.py
[2026-09-13T00:21:30.280+0000] {processor.py:809} INFO - DAG(s) dict_keys(['2-bashoperator']) retrieved from /opt/airflow/dags/2_bash_operator.py
[2026-09-13T00:21:30.364+0000] {logging_mixin.py:149} INFO - [2026-09-13T00:21:30.364+0000] {dag.py:2726} INFO - Sync 1 DAGs
[2026-09-13T00:21:30.437+0000] {logging_mixin.py:149} INFO - [2026-09-13T00:21:30.437+0000] {dag.py:3490} INFO - Setting next_dagrun for 2-bashoperator to 2026-09-13T00:00:00+00:00, run_after=2026-09-14T00:00:00+00:00
[2026-09-13T00:21:30.505+0000] {processor.py:178} INFO - Processing /opt/airflow/dags/2_bash_operator.py took 0.263 seconds
[2026-09-13T00:22:00.751+0000] {processor.py:156} INFO - Started process (PID=159391) to work on /opt/airflow/dags/2_bash_operator.py
[2026-09-13T00:22:00.754+0000] {processor.py:799} INFO - Processing file /opt/airflow/dags/2_bash_operator.py for tasks to queue
[2026-09-13T00:22:00.756+0000] {logging_mixin.py:149} INFO - [2026-09-13T00:22:00.756+0000] {dagbag.py:541} INFO - Filling up the DagBag from /opt/airflow/dags/2_bash_operator.py
[2026-09-13T00:22:00.780+0000] {processor.py:809} INFO - DAG(s) dict_keys(['2-bashoperator']) retrieved from /opt/airflow/dags/2_bash_operator.py
[2026-09-13T00:22:00.868+0000] {logging_mixin.py:149} INFO - [2026-09-13T00:22:00.868+0000] {dag.py:2726} INFO - Sync 1 DAGs
[2026-09-13T00:22:00.937+0000] {logging_mixin.py:149} INFO - [2026-09-13T00:22:00.936+0000] {dag.py:3490} INFO - Setting next_dagrun for 2-bashoperator to 2026-09-13T00:00:00+00:00, run_after=2026-09-14T00:00:00+00:00
[2026-09-13T00:22:00.997+0000] {processor.py:178} INFO - Processing /opt/airflow/dags/2_bash_operator.py took 0.259 seconds
[2026-09-13T00:22:31.196+0000] {processor.py:156} INFO - Started process (PID=159405) to work on /opt/airflow/dags/2_bash_operator.py
[2026-09-13T00:22:31.199+0000] {processor.py:799} INFO - Processing file /opt/airflow/dags/2_bash_operator.py for tasks to queue
[2026-09-13T00:22:31.201+0000] {logging_mixin.py:149} INFO - [2026-09-13T00:22:31.200+0000] {dagbag.py:541} INFO - Filling up the DagBag from /opt/airflow/dags/2_bash_operator.py
[2026-09-13T00:22:31.227+0000] {processor.py:809} INFO - DAG(s) dict_keys(['2-bashoperator']) retrieved from /opt/airflow/dags/2_bash_operator.py
[2026-09-13T00:22:31.306+0000] {logging_mixin.py:149} INFO - [2026-09-13T00:22:31.306+0000] {dag.py:2726} INFO - Sync 1 DAGs
[2026-09-13T00:22:31.355+0000] {logging_mixin.py:149} INFO - [2026-09-13T00:22:31.355+0000] {dag.py:3490} INFO - Setting next_dagrun for 2-bashoperator to 2026-09-13T00:00:00+00:00, run_after=2026-09-14T00:00:00+00:00
[2026-09-13T00:22:31.387+0000] {processor.py:178} INFO - Processing /opt/airflow/dags/2_bash_operator.py took 0.202 seconds
[2026-09-13T00:23:01.644+0000] {processor.py:156} INFO - Started process (PID=159419) to work on /opt/airflow/dags/2_bash_operator.py
[2026-09-13T00:23:01.647+0000] {processor.py:799} INFO - Processing file /opt/airflow/dags/2_bash_operator.py for tasks to queue
[2026-09-13T00:23:01.649+0000] {logging_mixin.py:149} INFO - [2026-09-13T00:23:01.649+0000] {dagbag.py:541} INFO - Filling up the DagBag from /opt/airflow/dags/2_bash_operator.py
[2026-09-13T00:23:01.677+0000] {processor.py:809} INFO - DAG(s) dict_keys(['2-bashoperator']) retrieved from /opt/airflow/dags/2_bash_operator.py
[2026-09-13T00:23:01.771+0000] {logging_mixin.py:149} INFO - [2026-09-13T00:23:01.771+0000] {dag.py:2726} INFO - Sync 1 DAGs
[2026-09-13T00:23:01.850+0000] {logging_mixin.py:149} INFO - [2026-09-13T00:23:01.850+0000] {dag.py:3490} INFO - Setting next_dagrun for 2-bashoperator to 2026-09-13T00:00:00+00:00, run_after=2026-09-14T00:00:00+00:00
[2026-09-13T00:23:01.922+0000] {processor.py:178} INFO - Processing /opt/airflow/dags/2_bash_operator.py took 0.288 seconds
[2026-09-13T00:23:32.267+0000] {processor.py:156} INFO - Started process (PID=159433) to work on /opt/airflow/dags/2_bash_operator.py
[2026-09-13T00:23:32.269+0000] {processor.py:799} INFO - Processing file /opt/airflow/dags/2_bash_operator.py for tasks to queue
[2026-09-13T00:23:32.271+0000] {logging_mixin.py:149} INFO - [2026-09-13T00:23:32.270+0000] {dagbag.py:541} INFO - Filling up the DagBag from /opt/airflow/dags/2_bash_operator.py
[2026-09-13T00:23:32.294+0000] {processor.py:809} INFO - DAG(s) dict_keys(['2-bashoperator']) retrieved from /opt/airflow/dags/2_bash_operator.py
[2026-09-13T00:23:32.383+0000] {logging_mixin.py:149} INFO - [2026-09-13T00:23:32.382+0000] {dag.py:2726} INFO - Sync 1 DAGs
[2026-09-13T00:23:32.454+0000] {logging_mixin.py:149} INFO - [2026-09-13T00:23:32.454+0000] {dag.py:3490} INFO - Setting next_dagrun for 2-bashoperator to 2026-09-13T00:00:00+00:00, run_after=2026-09-14T00:00:00+00:00
[2026-09-13T00:23:32.534+0000] {processor.py:178} INFO - Processing /opt/airflow/dags/2_bash_operator.py took 0.280 seconds
[2026-09-13T00:24:03.135+0000] {processor.py:156} INFO - Started process (PID=159447) to work on /opt/airflow/dags/2_bash_operator.py
[2026-09-13T00:24:03.141+0000] {processor.py:799} INFO - Processing file /opt/airflow/dags/2_bash_operator.py for tasks to queue
[2026-09-13T00:24:03.144+0000] {logging_mixin.py:149} INFO - [2026-09-13T00:24:03.143+0000] {dagbag.py:541} INFO - Filling up the DagBag from /opt/airflow/dags/2_bash_operator.py
[2026-09-13T00:24:03.170+0000] {processor.py:809} INFO - DAG(s) dict_keys(['2-bashoperator']) retrieved from /opt/airflow/dags/2_bash_operator.py
[2026-09-13T00:24:03.258+0000] {logging_mixin.py:149} INFO - [2026-09-13T00:24:03.258+0000] {dag.py:2726} INFO - Sync 1 DAGs
[2026-09-13T00:24:03.335+0000] {logging_mixin.py:149} INFO - [2026-09-13T00:24:03.334+0000] {dag.py:3490} INFO - Setting next_dagrun for 2-bashoperator to 2026-09-13T00:00:00+00:00, run_after=2026-09-14T00:00:00+00:00
[2026-09-13T00:24:03.403+0000] {processor.py:178} INFO - Processing /opt/airflow/dags/2_bash_operator.py took 0.278 seconds
[2026-09-13T00:24:33.688+0000] {processor.py:156} INFO - Started process (PID=159461) to work on /opt/airflow/dags/2_bash_operator.py
[2026-09-13T00:24:33.693+0000] {processor.py:799} INFO - Processing file /opt/airflow/dags/2_bash_operator.py for tasks to queue
[2026-09-13T00:24:33.695+0000] {logging_mixin.py:149} INFO - [2026-09-13T00:24:33.695+0000] {dagbag.py:541} INFO - Filling up the DagBag from /opt/airflow/dags/2_bash_operator.py
[2026-09-13T00:24:33.721+0000] {processor.py:809} INFO - DAG(s) dict_keys(['2-bashoperator']) retrieved from /opt/airflow/dags/2_bash_operator.py
[2026-09-13T00:24:33.809+0000] {logging_mixin.py:149} INFO - [2026-09-13T00:24:33.809+0000] {dag.py:2726} INFO - Sync 1 DAGs
[2026-09-13T00:24:33.877+0000] {logging_mixin.py:149} INFO - [2026-09-13T00:24:33.876+0000] {dag.py:3490} INFO - Setting next_dagrun for 2-bashoperator to 2026-09-13T00:00:00+00:00, run_after=2026-09-14T00:00:00+00:00
[2026-09-13T00:24:33.935+0000] {processor.py:178} INFO - Processing /opt/airflow/dags/2_bash_operator.py took 0.259 seconds
[2026-09-13T00:25:04.205+0000] {processor.py:156} INFO - Started process (PID=159475) to work on /opt/airflow/dags/2_bash_operator.py
[2026-09-13T00:25:04.209+0000] {processor.py:799} INFO - Processing file /opt/airflow/dags/2_bash_operator.py for tasks to queue
[2026-09-13T00:25:04.211+0000] {logging_mixin.py:149} INFO - [2026-09-13T00:25:04.210+0000] {dagbag.py:541} INFO - Filling up the DagBag from /opt/airflow/dags/2_bash_operator.py
[2026-09-13T00:25:04.237+0000] {processor.py:809} INFO - DAG(s) dict_keys(['2-bashoperator']) retrieved from /opt/airflow/dags/2_bash_operator.py
[2026-09-13T00:25:04.322+0000] {logging_mixin.py:149} INFO - [2026-09-13T00:25:04.322+0000] {dag.py:2726} INFO - Sync 1 DAGs
[2026-09-13T00:25:04.388+0000] {logging_mixin.py:149} INFO - [2026-09-13T00:25:04.388+0000] {dag.py:3490} INFO - Setting next_dagrun for 2-bashoperator to 2026-09-13T00:00:00+00:00, run_after=2026-09-14T00:00:00+00:00
[2026-09-13T00:25:04.447+0000] {processor.py:178} INFO - Processing /opt/airflow/dags/2_bash_operator.py took 0.252 seconds
[2026-09-13T00:25:34.612+0000] {processor.py:156} INFO - Started process (PID=159489) to work on /opt/airflow/dags/2_bash_operator.py
[2026-09-13T00:25:34.616+0000] {processor.py:799} INFO - Processing file /opt/airflow/dags/2_bash_operator.py for tasks to queue
[2026-09-13T00:25:34.618+0000] {logging_mixin.py:149} INFO - [2026-09-13T00:25:34.617+0000] {dagbag.py:541} INFO - Filling up the DagBag from /opt/airflow/dags/2_bash_operator.py
[2026-09-13T00:25:34.645+0000] {processor.py:809} INFO - DAG(s) dict_keys(['2-bashoperator']) retrieved from /opt/airflow/dags/2_bash_operator.py
[2026-09-13T00:25:34.728+0000] {logging_mixin.py:149} INFO - [2026-09-13T00:25:34.728+0000] {dag.py:2726} INFO - Sync 1 DAGs
[2026-09-13T00:25:34.798+0000] {logging_mixin.py:149} INFO - [2026-09-13T00:25:34.797+0000] {dag.py:3490} INFO - Setting next_dagrun for 2-bashoperator to 2026-09-13T00:00:00+00:00, run_after=2026-09-14T00:00:00+00:00
[2026-09-13T00:25:34.868+0000] {processor.py:178} INFO - Processing /opt/airflow/dags/2_bash_operator.py took 0.266 seconds
[2026-09-13T00:26:05.015+0000] {processor.py:156} INFO - Started process (PID=159503) to work on /opt/airflow/dags/2_bash_operator.py
[2026-09-13T00:26:05.019+0000] {processor.py:799} INFO - Processing file /opt/airflow/dags/2_bash_operator.py for tasks to queue
[2026-09-13T00:26:05.022+0000] {logging_mixin.py:149} INFO - [2026-09-13T00:26:05.021+0000] {dagbag.py:541} INFO - Filling up the DagBag from /opt/airflow/dags/2_bash_operator.py
[2026-09-13T00:26:05.049+0000] {processor.py:809} INFO - DAG(s) dict_keys(['2-bashoperator']) retrieved from /opt/airflow/dags/2_bash_operator.py
[2026-09-13T00:26:05.136+0000] {logging_mixin.py:149} INFO - [2026-09-13T00:26:05.136+0000] {dag.py:2726} INFO - Sync 1 DAGs
[2026-09-13T00:26:05.208+0000] {logging_mixin.py:149} INFO - [2026-09-13T00:26:05.207+0000] {dag.py:3490} INFO - Setting next_dagrun for 2-bashoperator to 2026-09-13T00:00:00+00:00, run_after=2026-09-14T00:00:00+00:00
[2026-09-13T00:26:05.269+0000] {processor.py:178} INFO - Processing /opt/airflow/dags/2_bash_operator.py took 0.268 seconds
[2026-09-13T00:26:35.553+0000] {processor.py:156} INFO - Started process (PID=159518) to work on /opt/airflow/dags/2_bash_operator.py
[2026-09-13T00:26:35.558+0000] {processor.py:799} INFO - Processing file /opt/airflow/dags/2_bash_operator.py for tasks to queue
[2026-09-13T00:26:35.560+0000] {logging_mixin.py:149} INFO - [2026-09-13T00:26:35.559+0000] {dagbag.py:541} INFO - Filling up the DagBag from /opt/airflow/dags/2_bash_operator.py
[2026-09-13T00:26:35.587+0000] {processor.py:809} INFO - DAG(s) dict_keys(['2-bashoperator']) retrieved from /opt/airflow/dags/2_bash_operator.py
[2026-09-13T00:26:35.673+0000] {logging_mixin.py:149} INFO - [2026-09-13T00:26:35.673+0000] {dag.py:2726} INFO - Sync 1 DAGs
[2026-09-13T00:26:35.745+0000] {logging_mixin.py:149} INFO - [2026-09-13T00:26:35.744+0000] {dag.py:3490} INFO - Setting next_dagrun for 2-bashoperator to 2026-09-13T00:00:00+00:00, run_after=2026-09-14T00:00:00+00:00
[2026-09-13T00:26:35.817+0000] {processor.py:178} INFO - Processing /opt/airflow/dags/2_bash_operator.py took 0.274 seconds
[2026-09-13T00:27:06.037+0000] {processor.py:156} INFO - Started process (PID=159532) to work on /opt/airflow/dags/2_bash_operator.py
[2026-09-13T00:27:06.041+0000] {processor.py:799} INFO - Processing file /opt/airflow/dags/2_bash_operator.py for tasks to queue
[2026-09-13T00:27:06.043+0000] {logging_mixin.py:149} INFO - [2026-09-13T00:27:06.043+0000] {dagbag.py:541} INFO - Filling up the DagBag from /opt/airflow/dags/2_bash_operator.py
[2026-09-13T00:27:06.070+0000] {processor.py:809} INFO - DAG(s) dict_keys(['2-bashoperator']) retrieved from /opt/airflow/dags/2_bash_operator.py
[2026-09-13T00:27:06.153+0000] {logging_mixin.py:149} INFO - [2026-09-13T00:27:06.153+0000] {dag.py:2726} INFO - Sync 1 DAGs
[2026-09-13T00:27:06.226+0000] {logging_mixin.py:149} INFO - [2026-09-13T00:27:06.226+0000] {dag.py:3490} INFO - Setting next_dagrun for 2-bashoperator to 2026-09-13T00:00:00+00:00, run_after=2026-09-14T00:00:00+00:00
[2026-09-13T00:27:06.284+0000] {processor.py:178} INFO - Processing /opt/airflow/dags/2_bash_operator.py took 0.259 seconds
[2026-09-13T00:27:36.538+0000] {processor.py:156} INFO - Started process (PID=159546) to work on /opt/airflow/dags/2_bash_operator.py
[2026-09-13T00:27:36.542+0000] {processor.py:799} INFO - Processing file /opt/airflow/dags/2_bash_operator.py for tasks to queue
[2026-09-13T00:27:36.544+0000] {logging_mixin.py:149} INFO - [2026-09-13T00:27:36.544+0000] {dagbag.py:541} INFO - Filling up the DagBag from /opt/airflow/dags/2_bash_operator.py
[2026-09-13T00:27:36.573+0000] {processor.py:809} INFO - DAG(s) dict_keys(['2-bashoperator']) retrieved from /opt/airflow/dags/2_bash_operator.py
[2026-09-13T00:27:36.662+0000] {logging_mixin.py:149} INFO - [2026-09-13T00:27:36.661+0000] {dag.py:2726} INFO - Sync 1 DAGs
[2026-09-13T00:27:36.741+0000] {logging_mixin.py:149} INFO - [2026-09-13T00:27:36.741+0000] {dag.py:3490} INFO - Setting next_dagrun for 2-bashoperator to 2026-09-13T00:00:00+00:00, run_after=2026-09-14T00:00:00+00:00
[2026-09-13T00:27:36.810+0000] {processor.py:178} INFO - Processing /opt/airflow/dags/2_bash_operator.py took 0.283 seconds
[2026-09-13T00:28:06.896+0000] {processor.py:156} INFO - Started process (PID=159560) to work on /opt/airflow/dags/2_bash_operator.py
[2026-09-13T00:28:06.900+0000] {processor.py:799} INFO - Processing file /opt/airflow/dags/2_bash_operator.py for tasks to queue
[2026-09-13T00:28:06.901+0000] {logging_mixin.py:149} INFO - [2026-09-13T00:28:06.901+0000] {dagbag.py:541} INFO - Filling up the DagBag from /opt/airflow/dags/2_bash_operator.py
[2026-09-13T00:28:06.926+0000] {processor.py:809} INFO - DAG(s) dict_keys(['2-bashoperator']) retrieved from /opt/airflow/dags/2_bash_operator.py
[2026-09-13T00:28:07.021+0000] {logging_mixin.py:149} INFO - [2026-09-13T00:28:07.020+0000] {dag.py:2726} INFO - Sync 1 DAGs
[2026-09-13T00:28:07.113+0000] {logging_mixin.py:149} INFO - [2026-09-13T00:28:07.113+0000] {dag.py:3490} INFO - Setting next_dagrun for 2-bashoperator to 2026-09-13T00:00:00+00:00, run_after=2026-09-14T00:00:00+00:00
[2026-09-13T00:28:07.175+0000] {processor.py:178} INFO - Processing /opt/airflow/dags/2_bash_operator.py took 0.295 seconds
[2026-09-13T00:28:37.256+0000] {processor.py:156} INFO - Started process (PID=159574) to work on /opt/airflow/dags/2_bash_operator.py
[2026-09-13T00:28:37.262+0000] {processor.py:799} INFO - Processing file /opt/airflow/dags/2_bash_operator.py for tasks to queue
[2026-09-13T00:28:37.263+0000] {logging_mixin.py:149} INFO - [2026-09-13T00:28:37.263+0000] {dagbag.py:541} INFO - Filling up the DagBag from /opt/airflow/dags/2_bash_operator.py
[2026-09-13T00:28:37.287+0000] {processor.py:809} INFO - DAG(s) dict_keys(['2-bashoperator']) retrieved from /opt/airflow/dags/2_bash_operator.py
[2026-09-13T00:28:37.369+0000] {logging_mixin.py:149} INFO - [2026-09-13T00:28:37.368+0000] {dag.py:2726} INFO - Sync 1 DAGs
[2026-09-13T00:28:37.441+0000] {logging_mixin.py:149} INFO - [2026-09-13T00:28:37.441+0000] {dag.py:3490} INFO - Setting next_dagrun for 2-bashoperator to 2026-09-13T00:00:00+00:00, run_after=2026-09-14T00:00:00+00:00
[2026-09-13T00:28:37.504+0000] {processor.py:178} INFO - Processing /opt/airflow/dags/2_bash_operator.py took 0.259 seconds
[2026-09-13T00:29:07.721+0000] {processor.py:156} INFO - Started process (PID=159588) to work on /opt/airflow/dags/2_bash_operator.py
[2026-09-13T00:29:07.724+0000] {processor.py:799} INFO - Processing file /opt/airflow/dags/2_bash_operator.py for tasks to queue
[2026-09-13T00:29:07.726+0000] {logging_mixin.py:149} INFO - [2026-09-13T00:29:07.725+0000] {dagbag.py:541} INFO - Filling up the DagBag from /opt/airflow/dags/2_bash_operator.py
[2026-09-13T00:29:07.775+0000] {processor.py:809} INFO - DAG(s) dict_keys(['2-bashoperator']) retrieved from /opt/airflow/dags/2_bash_operator.py
[2026-09-13T00:29:07.839+0000] {logging_mixin.py:149} INFO - [2026-09-13T00:29:07.839+0000] {dag.py:2726} INFO - Sync 1 DAGs
[2026-09-13T00:29:07.886+0000] {logging_mixin.py:149} INFO - [2026-09-13T00:29:07.886+0000] {dag.py:3490} INFO - Setting next_dagrun for 2-bashoperator to 2026-09-13T00:00:00+00:00, run_after=2026-09-14T00:00:00+00:00
[2026-09-13T00:29:07.921+0000] {processor.py:178} INFO - Processing /opt/airflow/dags/2_bash_operator.py took 0.208 seconds
[2026-09-13T00:29:38.427+0000] {processor.py:156} INFO - Started process (PID=159602) to work on /opt/airflow/dags/2_bash_operator.py
[2026-09-13T00:29:38.434+0000] {processor.py:799} INFO - Processing file /opt/airflow/dags/2_bash_operator.py for tasks to queue
[2026-09-13T00:29:38.436+0000] {logging_mixin.py:149} INFO - [2026-09-13T00:29:38.435+0000] {dagbag.py:541} INFO - Filling up the DagBag from /opt/airflow/dags/2_bash_operator.py
[2026-09-13T00:29:38.467+0000] {processor.py:809} INFO - DAG(s) dict_keys(['2-bashoperator']) retrieved from /opt/airflow/dags/2_bash_operator.py
[2026-09-13T00:29:38.554+0000] {logging_mixin.py:149} INFO - [2026-09-13T00:29:38.554+0000] {dag.py:2726} INFO - Sync 1 DAGs
[2026-09-13T00:29:38.623+0000] {logging_mixin.py:149} INFO - [2026-09-13T00:29:38.623+0000] {dag.py:3490} INFO - Setting next_dagrun for 2-bashoperator to 2026-09-13T00:00:00+00:00, run_after=2026-09-14T00:00:00+00:00
[2026-09-13T00:29:38.954+0000] {processor.py:178} INFO - Processing /opt/airflow/dags/2_bash_operator.py took 0.538 seconds
[2026-09-13T00:30:09.204+0000] {processor.py:156} INFO - Started process (PID=159616) to work on /opt/airflow/dags/2_bash_operator.py
[2026-09-13T00:30:09.210+0000] {processor.py:799} INFO - Processing file /opt/airflow/dags/2_bash_operator.py for tasks to queue
[2026-09-13T00:30:09.211+0000] {logging_mixin.py:149} INFO - [2026-09-13T00:30:09.211+0000] {dagbag.py:541} INFO - Filling up the DagBag from /opt/airflow/dags/2_bash_operator.py
[2026-09-13T00:30:09.237+0000] {processor.py:809} INFO - DAG(s) dict_keys(['2-bashoperator']) retrieved from /opt/airflow/dags/2_bash_operator.py
[2026-09-13T00:30:09.332+0000] {logging_mixin.py:149} INFO - [2026-09-13T00:30:09.331+0000] {dag.py:2726} INFO - Sync 1 DAGs
[2026-09-13T00:30:09.406+0000] {logging_mixin.py:149} INFO - [2026-09-13T00:30:09.405+0000] {dag.py:3490} INFO - Setting next_dagrun for 2-bashoperator to 2026-09-13T00:00:00+00:00, run_after=2026-09-14T00:00:00+00:00
[2026-09-13T00:30:09.476+0000] {processor.py:178} INFO - Processing /opt/airflow/dags/2_bash_operator.py took 0.280 seconds
[2026-09-13T00:30:39.729+0000] {processor.py:156} INFO - Started process (PID=159631) to work on /opt/airflow/dags/2_bash_operator.py
[2026-09-13T00:30:39.733+0000] {processor.py:799} INFO - Processing file /opt/airflow/dags/2_bash_operator.py for tasks to queue
[2026-09-13T00:30:39.735+0000] {logging_mixin.py:149} INFO - [2026-09-13T00:30:39.735+0000] {dagbag.py:541} INFO - Filling up the DagBag from /opt/airflow/dags/2_bash_operator.py
[2026-09-13T00:30:39.758+0000] {processor.py:809} INFO - DAG(s) dict_keys(['2-bashoperator']) retrieved from /opt/airflow/dags/2_bash_operator.py
[2026-09-13T00:30:39.846+0000] {logging_mixin.py:149} INFO - [2026-09-13T00:30:39.845+0000] {dag.py:2726} INFO - Sync 1 DAGs
[2026-09-13T00:30:39.912+0000] {logging_mixin.py:149} INFO - [2026-09-13T00:30:39.912+0000] {dag.py:3490} INFO - Setting next_dagrun for 2-bashoperator to 2026-09-13T00:00:00+00:00, run_after=2026-09-14T00:00:00+00:00
[2026-09-13T00:30:39.977+0000] {processor.py:178} INFO - Processing /opt/airflow/dags/2_bash_operator.py took 0.263 seconds
[2026-09-13T00:31:10.240+0000] {processor.py:156} INFO - Started process (PID=159645) to work on /opt/airflow/dags/2_bash_operator.py
[2026-09-13T00:31:10.243+0000] {processor.py:799} INFO - Processing file /opt/airflow/dags/2_bash_operator.py for tasks to queue
[2026-09-13T00:31:10.245+0000] {logging_mixin.py:149} INFO - [2026-09-13T00:31:10.245+0000] {dagbag.py:541} INFO - Filling up the DagBag from /opt/airflow/dags/2_bash_operator.py
[2026-09-13T00:31:10.272+0000] {processor.py:809} INFO - DAG(s) dict_keys(['2-bashoperator']) retrieved from /opt/airflow/dags/2_bash_operator.py
[2026-09-13T00:31:10.361+0000] {logging_mixin.py:149} INFO - [2026-09-13T00:31:10.361+0000] {dag.py:2726} INFO - Sync 1 DAGs
[2026-09-13T00:31:10.431+0000] {logging_mixin.py:149} INFO - [2026-09-13T00:31:10.431+0000] {dag.py:3490} INFO - Setting next_dagrun for 2-bashoperator to 2026-09-13T00:00:00+00:00, run_after=2026-09-14T00:00:00+00:00
[2026-09-13T00:31:10.496+0000] {processor.py:178} INFO - Processing /opt/airflow/dags/2_bash_operator.py took 0.267 seconds
[2026-09-13T00:31:40.610+0000] {processor.py:156} INFO - Started process (PID=159659) to work on /opt/airflow/dags/2_bash_operator.py
[2026-09-13T00:31:40.616+0000] {processor.py:799} INFO - Processing file /opt/airflow/dags/2_bash_operator.py for tasks to queue
[2026-09-13T00:31:40.619+0000] {logging_mixin.py:149} INFO - [2026-09-13T00:31:40.619+0000] {dagbag.py:541} INFO - Filling up the DagBag from /opt/airflow/dags/2_bash_operator.py
[2026-09-13T00:31:40.647+0000] {processor.py:809} INFO - DAG(s) dict_keys(['2-bashoperator']) retrieved from /opt/airflow/dags/2_bash_operator.py
[2026-09-13T00:31:40.731+0000] {logging_mixin.py:149} INFO - [2026-09-13T00:31:40.731+0000] {dag.py:2726} INFO - Sync 1 DAGs
[2026-09-13T00:31:40.804+0000] {logging_mixin.py:149} INFO - [2026-09-13T00:31:40.804+0000] {dag.py:3490} INFO - Setting next_dagrun for 2-bashoperator to 2026-09-13T00:00:00+00:00, run_after=2026-09-14T00:00:00+00:00
[2026-09-13T00:31:40.870+0000] {processor.py:178} INFO - Processing /opt/airflow/dags/2_bash_operator.py took 0.270 seconds
[2026-09-13T00:32:11.048+0000] {processor.py:156} INFO - Started process (PID=159672) to work on /opt/airflow/dags/2_bash_operator.py
[2026-09-13T00:32:11.052+0000] {processor.py:799} INFO - Processing file /opt/airflow/dags/2_bash_operator.py for tasks to queue
[2026-09-13T00:32:11.053+0000] {logging_mixin.py:149} INFO - [2026-09-13T00:32:11.053+0000] {dagbag.py:541} INFO - Filling up the DagBag from /opt/airflow/dags/2_bash_operator.py
[2026-09-13T00:32:11.080+0000] {processor.py:809} INFO - DAG(s) dict_keys(['2-bashoperator']) retrieved from /opt/airflow/dags/2_bash_operator.py
[2026-09-13T00:32:11.163+0000] {logging_mixin.py:149} INFO - [2026-09-13T00:32:11.163+0000] {dag.py:2726} INFO - Sync 1 DAGs
[2026-09-13T00:32:11.231+0000] {logging_mixin.py:149} INFO - [2026-09-13T00:32:11.230+0000] {dag.py:3490} INFO - Setting next_dagrun for 2-bashoperator to 2026-09-13T00:00:00+00:00, run_after=2026-09-14T00:00:00+00:00
[2026-09-13T00:32:11.524+0000] {processor.py:178} INFO - Processing /opt/airflow/dags/2_bash_operator.py took 0.487 seconds
[2026-09-13T00:32:41.686+0000] {processor.py:156} INFO - Started process (PID=159686) to work on /opt/airflow/dags/2_bash_operator.py
[2026-09-13T00:32:41.690+0000] {processor.py:799} INFO - Processing file /opt/airflow/dags/2_bash_operator.py for tasks to queue
[2026-09-13T00:32:41.692+0000] {logging_mixin.py:149} INFO - [2026-09-13T00:32:41.692+0000] {dagbag.py:541} INFO - Filling up the DagBag from /opt/airflow/dags/2_bash_operator.py
[2026-09-13T00:32:41.720+0000] {processor.py:809} INFO - DAG(s) dict_keys(['2-bashoperator']) retrieved from /opt/airflow/dags/2_bash_operator.py
[2026-09-13T00:32:41.810+0000] {logging_mixin.py:149} INFO - [2026-09-13T00:32:41.810+0000] {dag.py:2726} INFO - Sync 1 DAGs
[2026-09-13T00:32:41.898+0000] {logging_mixin.py:149} INFO - [2026-09-13T00:32:41.897+0000] {dag.py:3490} INFO - Setting next_dagrun for 2-bashoperator to 2026-09-13T00:00:00+00:00, run_after=2026-09-14T00:00:00+00:00
[2026-09-13T00:32:41.959+0000] {processor.py:178} INFO - Processing /opt/airflow/dags/2_bash_operator.py took 0.283 seconds
[2026-09-13T00:33:12.497+0000] {processor.py:156} INFO - Started process (PID=159700) to work on /opt/airflow/dags/2_bash_operator.py
[2026-09-13T00:33:12.500+0000] {processor.py:799} INFO - Processing file /opt/airflow/dags/2_bash_operator.py for tasks to queue
[2026-09-13T00:33:12.502+0000] {logging_mixin.py:149} INFO - [2026-09-13T00:33:12.502+0000] {dagbag.py:541} INFO - Filling up the DagBag from /opt/airflow/dags/2_bash_operator.py
[2026-09-13T00:33:12.526+0000] {processor.py:809} INFO - DAG(s) dict_keys(['2-bashoperator']) retrieved from /opt/airflow/dags/2_bash_operator.py
[2026-09-13T00:33:12.618+0000] {logging_mixin.py:149} INFO - [2026-09-13T00:33:12.617+0000] {dag.py:2726} INFO - Sync 1 DAGs
[2026-09-13T00:33:12.691+0000] {logging_mixin.py:149} INFO - [2026-09-13T00:33:12.691+0000] {dag.py:3490} INFO - Setting next_dagrun for 2-bashoperator to 2026-09-13T00:00:00+00:00, run_after=2026-09-14T00:00:00+00:00
[2026-09-13T00:33:12.747+0000] {processor.py:178} INFO - Processing /opt/airflow/dags/2_bash_operator.py took 0.263 seconds
[2026-09-13T00:33:42.953+0000] {processor.py:156} INFO - Started process (PID=159714) to work on /opt/airflow/dags/2_bash_operator.py
[2026-09-13T00:33:42.963+0000] {processor.py:799} INFO - Processing file /opt/airflow/dags/2_bash_operator.py for tasks to queue
[2026-09-13T00:33:42.966+0000] {logging_mixin.py:149} INFO - [2026-09-13T00:33:42.966+0000] {dagbag.py:541} INFO - Filling up the DagBag from /opt/airflow/dags/2_bash_operator.py
[2026-09-13T00:33:43.003+0000] {processor.py:809} INFO - DAG(s) dict_keys(['2-bashoperator']) retrieved from /opt/airflow/dags/2_bash_operator.py
[2026-09-13T00:33:43.057+0000] {logging_mixin.py:149} INFO - [2026-09-13T00:33:43.057+0000] {dag.py:2726} INFO - Sync 1 DAGs
[2026-09-13T00:33:43.105+0000] {logging_mixin.py:149} INFO - [2026-09-13T00:33:43.105+0000] {dag.py:3490} INFO - Setting next_dagrun for 2-bashoperator to 2026-09-13T00:00:00+00:00, run_after=2026-09-14T00:00:00+00:00
[2026-09-13T00:33:43.180+0000] {processor.py:178} INFO - Processing /opt/airflow/dags/2_bash_operator.py took 0.237 seconds
[2026-09-13T00:34:13.424+0000] {processor.py:156} INFO - Started process (PID=159729) to work on /opt/airflow/dags/2_bash_operator.py
[2026-09-13T00:34:13.428+0000] {processor.py:799} INFO - Processing file /opt/airflow/dags/2_bash_operator.py for tasks to queue
[2026-09-13T00:34:13.430+0000] {logging_mixin.py:149} INFO - [2026-09-13T00:34:13.429+0000] {dagbag.py:541} INFO - Filling up the DagBag from /opt/airflow/dags/2_bash_operator.py
[2026-09-13T00:34:13.455+0000] {processor.py:809} INFO - DAG(s) dict_keys(['2-bashoperator']) retrieved from /opt/airflow/dags/2_bash_operator.py
[2026-09-13T00:34:13.547+0000] {logging_mixin.py:149} INFO - [2026-09-13T00:34:13.547+0000] {dag.py:2726} INFO - Sync 1 DAGs
[2026-09-13T00:34:13.616+0000] {logging_mixin.py:149} INFO - [2026-09-13T00:34:13.615+0000] {dag.py:3490} INFO - Setting next_dagrun for 2-bashoperator to 2026-09-13T00:00:00+00:00, run_after=2026-09-14T00:00:00+00:00
[2026-09-13T00:34:13.686+0000] {processor.py:178} INFO - Processing /opt/airflow/dags/2_bash_operator.py took 0.273 seconds
[2026-09-13T00:34:43.854+0000] {processor.py:156} INFO - Started process (PID=159744) to work on /opt/airflow/dags/2_bash_operator.py
[2026-09-13T00:34:43.857+0000] {processor.py:799} INFO - Processing file /opt/airflow/dags/2_bash_operator.py for tasks to queue
[2026-09-13T00:34:43.858+0000] {logging_mixin.py:149} INFO - [2026-09-13T00:34:43.858+0000] {dagbag.py:541} INFO - Filling up the DagBag from /opt/airflow/dags/2_bash_operator.py
[2026-09-13T00:34:43.878+0000] {processor.py:809} INFO - DAG(s) dict_keys(['2-bashoperator']) retrieved from /opt/airflow/dags/2_bash_operator.py
[2026-09-13T00:34:43.958+0000] {logging_mixin.py:149} INFO - [2026-09-13T00:34:43.958+0000] {dag.py:2726} INFO - Sync 1 DAGs
[2026-09-13T00:34:44.036+0000] {logging_mixin.py:149} INFO - [2026-09-13T00:34:44.033+0000] {dag.py:3490} INFO - Setting next_dagrun for 2-bashoperator to 2026-09-13T00:00:00+00:00, run_after=2026-09-14T00:00:00+00:00
[2026-09-13T00:34:44.086+0000] {processor.py:178} INFO - Processing /opt/airflow/dags/2_bash_operator.py took 0.239 seconds
[2026-09-13T00:35:14.923+0000] {processor.py:156} INFO - Started process (PID=159758) to work on /opt/airflow/dags/2_bash_operator.py
[2026-09-13T00:35:14.927+0000] {processor.py:799} INFO - Processing file /opt/airflow/dags/2_bash_operator.py for tasks to queue
[2026-09-13T00:35:14.929+0000] {logging_mixin.py:149} INFO - [2026-09-13T00:35:14.929+0000] {dagbag.py:541} INFO - Filling up the DagBag from /opt/airflow/dags/2_bash_operator.py
[2026-09-13T00:35:14.961+0000] {processor.py:809} INFO - DAG(s) dict_keys(['2-bashoperator']) retrieved from /opt/airflow/dags/2_bash_operator.py
[2026-09-13T00:35:15.052+0000] {logging_mixin.py:149} INFO - [2026-09-13T00:35:15.051+0000] {dag.py:2726} INFO - Sync 1 DAGs
[2026-09-13T00:35:15.152+0000] {logging_mixin.py:149} INFO - [2026-09-13T00:35:15.152+0000] {dag.py:3490} INFO - Setting next_dagrun for 2-bashoperator to 2026-09-13T00:00:00+00:00, run_after=2026-09-14T00:00:00+00:00
[2026-09-13T00:35:15.411+0000] {processor.py:178} INFO - Processing /opt/airflow/dags/2_bash_operator.py took 0.513 seconds
[2026-09-13T00:35:45.544+0000] {processor.py:156} INFO - Started process (PID=159772) to work on /opt/airflow/dags/2_bash_operator.py
[2026-09-13T00:35:45.548+0000] {processor.py:799} INFO - Processing file /opt/airflow/dags/2_bash_operator.py for tasks to queue
[2026-09-13T00:35:45.550+0000] {logging_mixin.py:149} INFO - [2026-09-13T00:35:45.550+0000] {dagbag.py:541} INFO - Filling up the DagBag from /opt/airflow/dags/2_bash_operator.py
[2026-09-13T00:35:45.575+0000] {processor.py:809} INFO - DAG(s) dict_keys(['2-bashoperator']) retrieved from /opt/airflow/dags/2_bash_operator.py
[2026-09-13T00:35:45.644+0000] {logging_mixin.py:149} INFO - [2026-09-13T00:35:45.644+0000] {dag.py:2726} INFO - Sync 1 DAGs
[2026-09-13T00:35:45.698+0000] {logging_mixin.py:149} INFO - [2026-09-13T00:35:45.698+0000] {dag.py:3490} INFO - Setting next_dagrun for 2-bashoperator to 2026-09-13T00:00:00+00:00, run_after=2026-09-14T00:00:00+00:00
[2026-09-13T00:35:45.762+0000] {processor.py:178} INFO - Processing /opt/airflow/dags/2_bash_operator.py took 0.232 seconds
[2026-09-13T00:36:16.033+0000] {processor.py:156} INFO - Started process (PID=159787) to work on /opt/airflow/dags/2_bash_operator.py
[2026-09-13T00:36:16.041+0000] {processor.py:799} INFO - Processing file /opt/airflow/dags/2_bash_operator.py for tasks to queue
[2026-09-13T00:36:16.043+0000] {logging_mixin.py:149} INFO - [2026-09-13T00:36:16.043+0000] {dagbag.py:541} INFO - Filling up the DagBag from /opt/airflow/dags/2_bash_operator.py
[2026-09-13T00:36:16.074+0000] {processor.py:809} INFO - DAG(s) dict_keys(['2-bashoperator']) retrieved from /opt/airflow/dags/2_bash_operator.py
[2026-09-13T00:36:16.168+0000] {logging_mixin.py:149} INFO - [2026-09-13T00:36:16.168+0000] {dag.py:2726} INFO - Sync 1 DAGs
[2026-09-13T00:36:16.250+0000] {logging_mixin.py:149} INFO - [2026-09-13T00:36:16.250+0000] {dag.py:3490} INFO - Setting next_dagrun for 2-bashoperator to 2026-09-13T00:00:00+00:00, run_after=2026-09-14T00:00:00+00:00
[2026-09-13T00:36:16.326+0000] {processor.py:178} INFO - Processing /opt/airflow/dags/2_bash_operator.py took 0.304 seconds
[2026-09-13T00:36:46.454+0000] {processor.py:156} INFO - Started process (PID=159801) to work on /opt/airflow/dags/2_bash_operator.py
[2026-09-13T00:36:46.458+0000] {processor.py:799} INFO - Processing file /opt/airflow/dags/2_bash_operator.py for tasks to queue
[2026-09-13T00:36:46.460+0000] {logging_mixin.py:149} INFO - [2026-09-13T00:36:46.460+0000] {dagbag.py:541} INFO - Filling up the DagBag from /opt/airflow/dags/2_bash_operator.py
[2026-09-13T00:36:46.489+0000] {processor.py:809} INFO - DAG(s) dict_keys(['2-bashoperator']) retrieved from /opt/airflow/dags/2_bash_operator.py
[2026-09-13T00:36:46.573+0000] {logging_mixin.py:149} INFO - [2026-09-13T00:36:46.572+0000] {dag.py:2726} INFO - Sync 1 DAGs
[2026-09-13T00:36:46.622+0000] {logging_mixin.py:149} INFO - [2026-09-13T00:36:46.622+0000] {dag.py:3490} INFO - Setting next_dagrun for 2-bashoperator to 2026-09-13T00:00:00+00:00, run_after=2026-09-14T00:00:00+00:00
[2026-09-13T00:36:46.651+0000] {processor.py:178} INFO - Processing /opt/airflow/dags/2_bash_operator.py took 0.209 seconds
[2026-09-13T00:37:16.806+0000] {processor.py:156} INFO - Started process (PID=159816) to work on /opt/airflow/dags/2_bash_operator.py
[2026-09-13T00:37:16.813+0000] {processor.py:799} INFO - Processing file /opt/airflow/dags/2_bash_operator.py for tasks to queue
[2026-09-13T00:37:16.815+0000] {logging_mixin.py:149} INFO - [2026-09-13T00:37:16.814+0000] {dagbag.py:541} INFO - Filling up the DagBag from /opt/airflow/dags/2_bash_operator.py
[2026-09-13T00:37:16.849+0000] {processor.py:809} INFO - DAG(s) dict_keys(['2-bashoperator']) retrieved from /opt/airflow/dags/2_bash_operator.py
[2026-09-13T00:37:16.946+0000] {logging_mixin.py:149} INFO - [2026-09-13T00:37:16.945+0000] {dag.py:2726} INFO - Sync 1 DAGs
[2026-09-13T00:37:16.994+0000] {logging_mixin.py:149} INFO - [2026-09-13T00:37:16.994+0000] {dag.py:3490} INFO - Setting next_dagrun for 2-bashoperator to 2026-09-13T00:00:00+00:00, run_after=2026-09-14T00:00:00+00:00
[2026-09-13T00:37:17.075+0000] {processor.py:178} INFO - Processing /opt/airflow/dags/2_bash_operator.py took 0.279 seconds
[2026-09-13T00:37:47.289+0000] {processor.py:156} INFO - Started process (PID=159830) to work on /opt/airflow/dags/2_bash_operator.py
[2026-09-13T00:37:47.292+0000] {processor.py:799} INFO - Processing file /opt/airflow/dags/2_bash_operator.py for tasks to queue
[2026-09-13T00:37:47.294+0000] {logging_mixin.py:149} INFO - [2026-09-13T00:37:47.293+0000] {dagbag.py:541} INFO - Filling up the DagBag from /opt/airflow/dags/2_bash_operator.py
[2026-09-13T00:37:47.318+0000] {processor.py:809} INFO - DAG(s) dict_keys(['2-bashoperator']) retrieved from /opt/airflow/dags/2_bash_operator.py
[2026-09-13T00:37:47.387+0000] {logging_mixin.py:149} INFO - [2026-09-13T00:37:47.387+0000] {dag.py:2726} INFO - Sync 1 DAGs
[2026-09-13T00:37:47.430+0000] {logging_mixin.py:149} INFO - [2026-09-13T00:37:47.430+0000] {dag.py:3490} INFO - Setting next_dagrun for 2-bashoperator to 2026-09-13T00:00:00+00:00, run_after=2026-09-14T00:00:00+00:00
[2026-09-13T00:37:47.664+0000] {processor.py:178} INFO - Processing /opt/airflow/dags/2_bash_operator.py took 0.385 seconds
[2026-09-13T00:38:17.915+0000] {processor.py:156} INFO - Started process (PID=159844) to work on /opt/airflow/dags/2_bash_operator.py
[2026-09-13T00:38:17.923+0000] {processor.py:799} INFO - Processing file /opt/airflow/dags/2_bash_operator.py for tasks to queue
[2026-09-13T00:38:17.925+0000] {logging_mixin.py:149} INFO - [2026-09-13T00:38:17.924+0000] {dagbag.py:541} INFO - Filling up the DagBag from /opt/airflow/dags/2_bash_operator.py
[2026-09-13T00:38:17.962+0000] {processor.py:809} INFO - DAG(s) dict_keys(['2-bashoperator']) retrieved from /opt/airflow/dags/2_bash_operator.py
[2026-09-13T00:38:18.047+0000] {logging_mixin.py:149} INFO - [2026-09-13T00:38:18.047+0000] {dag.py:2726} INFO - Sync 1 DAGs
[2026-09-13T00:38:18.097+0000] {logging_mixin.py:149} INFO - [2026-09-13T00:38:18.096+0000] {dag.py:3490} INFO - Setting next_dagrun for 2-bashoperator to 2026-09-13T00:00:00+00:00, run_after=2026-09-14T00:00:00+00:00
[2026-09-13T00:38:18.126+0000] {processor.py:178} INFO - Processing /opt/airflow/dags/2_bash_operator.py took 0.220 seconds
[2026-09-13T00:38:48.476+0000] {processor.py:156} INFO - Started process (PID=159858) to work on /opt/airflow/dags/2_bash_operator.py
[2026-09-13T00:38:48.479+0000] {processor.py:799} INFO - Processing file /opt/airflow/dags/2_bash_operator.py for tasks to queue
[2026-09-13T00:38:48.481+0000] {logging_mixin.py:149} INFO - [2026-09-13T00:38:48.481+0000] {dagbag.py:541} INFO - Filling up the DagBag from /opt/airflow/dags/2_bash_operator.py
[2026-09-13T00:38:48.509+0000] {processor.py:809} INFO - DAG(s) dict_keys(['2-bashoperator']) retrieved from /opt/airflow/dags/2_bash_operator.py
[2026-09-13T00:38:48.589+0000] {logging_mixin.py:149} INFO - [2026-09-13T00:38:48.588+0000] {dag.py:2726} INFO - Sync 1 DAGs
[2026-09-13T00:38:48.663+0000] {logging_mixin.py:149} INFO - [2026-09-13T00:38:48.662+0000] {dag.py:3490} INFO - Setting next_dagrun for 2-bashoperator to 2026-09-13T00:00:00+00:00, run_after=2026-09-14T00:00:00+00:00
[2026-09-13T00:38:48.696+0000] {processor.py:178} INFO - Processing /opt/airflow/dags/2_bash_operator.py took 0.231 seconds
[2026-09-13T00:39:19.528+0000] {processor.py:156} INFO - Started process (PID=159872) to work on /opt/airflow/dags/2_bash_operator.py
[2026-09-13T00:39:19.532+0000] {processor.py:799} INFO - Processing file /opt/airflow/dags/2_bash_operator.py for tasks to queue
[2026-09-13T00:39:19.534+0000] {logging_mixin.py:149} INFO - [2026-09-13T00:39:19.534+0000] {dagbag.py:541} INFO - Filling up the DagBag from /opt/airflow/dags/2_bash_operator.py
[2026-09-13T00:39:19.565+0000] {processor.py:809} INFO - DAG(s) dict_keys(['2-bashoperator']) retrieved from /opt/airflow/dags/2_bash_operator.py
[2026-09-13T00:39:19.628+0000] {logging_mixin.py:149} INFO - [2026-09-13T00:39:19.628+0000] {dag.py:2726} INFO - Sync 1 DAGs
[2026-09-13T00:39:19.675+0000] {logging_mixin.py:149} INFO - [2026-09-13T00:39:19.674+0000] {dag.py:3490} INFO - Setting next_dagrun for 2-bashoperator to 2026-09-13T00:00:00+00:00, run_after=2026-09-14T00:00:00+00:00
[2026-09-13T00:39:19.721+0000] {processor.py:178} INFO - Processing /opt/airflow/dags/2_bash_operator.py took 0.204 seconds
[2026-09-13T00:39:50.653+0000] {processor.py:156} INFO - Started process (PID=159886) to work on /opt/airflow/dags/2_bash_operator.py
[2026-09-13T00:39:50.656+0000] {processor.py:799} INFO - Processing file /opt/airflow/dags/2_bash_operator.py for tasks to queue
[2026-09-13T00:39:50.658+0000] {logging_mixin.py:149} INFO - [2026-09-13T00:39:50.657+0000] {dagbag.py:541} INFO - Filling up the DagBag from /opt/airflow/dags/2_bash_operator.py
[2026-09-13T00:39:50.685+0000] {processor.py:809} INFO - DAG(s) dict_keys(['2-bashoperator']) retrieved from /opt/airflow/dags/2_bash_operator.py
[2026-09-13T00:39:50.743+0000] {logging_mixin.py:149} INFO - [2026-09-13T00:39:50.743+0000] {dag.py:2726} INFO - Sync 1 DAGs
[2026-09-13T00:39:50.799+0000] {logging_mixin.py:149} INFO - [2026-09-13T00:39:50.798+0000] {dag.py:3490} INFO - Setting next_dagrun for 2-bashoperator to 2026-09-13T00:00:00+00:00, run_after=2026-09-14T00:00:00+00:00
[2026-09-13T00:39:50.847+0000] {processor.py:178} INFO - Processing /opt/airflow/dags/2_bash_operator.py took 0.215 seconds
[2026-09-13T00:40:21.018+0000] {processor.py:156} INFO - Started process (PID=159900) to work on /opt/airflow/dags/2_bash_operator.py
[2026-09-13T00:40:21.021+0000] {processor.py:799} INFO - Processing file /opt/airflow/dags/2_bash_operator.py for tasks to queue
[2026-09-13T00:40:21.023+0000] {logging_mixin.py:149} INFO - [2026-09-13T00:40:21.023+0000] {dagbag.py:541} INFO - Filling up the DagBag from /opt/airflow/dags/2_bash_operator.py
[2026-09-13T00:40:21.049+0000] {processor.py:809} INFO - DAG(s) dict_keys(['2-bashoperator']) retrieved from /opt/airflow/dags/2_bash_operator.py
[2026-09-13T00:40:21.136+0000] {logging_mixin.py:149} INFO - [2026-09-13T00:40:21.136+0000] {dag.py:2726} INFO - Sync 1 DAGs
[2026-09-13T00:40:21.215+0000] {logging_mixin.py:149} INFO - [2026-09-13T00:40:21.214+0000] {dag.py:3490} INFO - Setting next_dagrun for 2-bashoperator to 2026-09-13T00:00:00+00:00, run_after=2026-09-14T00:00:00+00:00
[2026-09-13T00:40:21.283+0000] {processor.py:178} INFO - Processing /opt/airflow/dags/2_bash_operator.py took 0.278 seconds
[2026-09-13T00:40:51.630+0000] {processor.py:156} INFO - Started process (PID=159913) to work on /opt/airflow/dags/2_bash_operator.py
[2026-09-13T00:40:51.634+0000] {processor.py:799} INFO - Processing file /opt/airflow/dags/2_bash_operator.py for tasks to queue
[2026-09-13T00:40:51.636+0000] {logging_mixin.py:149} INFO - [2026-09-13T00:40:51.636+0000] {dagbag.py:541} INFO - Filling up the DagBag from /opt/airflow/dags/2_bash_operator.py
[2026-09-13T00:40:51.662+0000] {processor.py:809} INFO - DAG(s) dict_keys(['2-bashoperator']) retrieved from /opt/airflow/dags/2_bash_operator.py
[2026-09-13T00:40:51.748+0000] {logging_mixin.py:149} INFO - [2026-09-13T00:40:51.748+0000] {dag.py:2726} INFO - Sync 1 DAGs
[2026-09-13T00:40:52.015+0000] {logging_mixin.py:149} INFO - [2026-09-13T00:40:52.014+0000] {dag.py:3490} INFO - Setting next_dagrun for 2-bashoperator to 2026-09-13T00:00:00+00:00, run_after=2026-09-14T00:00:00+00:00
[2026-09-13T00:40:52.081+0000] {processor.py:178} INFO - Processing /opt/airflow/dags/2_bash_operator.py took 0.463 seconds
[2026-09-13T00:41:22.323+0000] {processor.py:156} INFO - Started process (PID=159927) to work on /opt/airflow/dags/2_bash_operator.py
[2026-09-13T00:41:22.327+0000] {processor.py:799} INFO - Processing file /opt/airflow/dags/2_bash_operator.py for tasks to queue
[2026-09-13T00:41:22.329+0000] {logging_mixin.py:149} INFO - [2026-09-13T00:41:22.328+0000] {dagbag.py:541} INFO - Filling up the DagBag from /opt/airflow/dags/2_bash_operator.py
[2026-09-13T00:41:22.355+0000] {processor.py:809} INFO - DAG(s) dict_keys(['2-bashoperator']) retrieved from /opt/airflow/dags/2_bash_operator.py
[2026-09-13T00:41:22.452+0000] {logging_mixin.py:149} INFO - [2026-09-13T00:41:22.452+0000] {dag.py:2726} INFO - Sync 1 DAGs
[2026-09-13T00:41:22.530+0000] {logging_mixin.py:149} INFO - [2026-09-13T00:41:22.530+0000] {dag.py:3490} INFO - Setting next_dagrun for 2-bashoperator to 2026-09-13T00:00:00+00:00, run_after=2026-09-14T00:00:00+00:00
[2026-09-13T00:41:22.613+0000] {processor.py:178} INFO - Processing /opt/airflow/dags/2_bash_operator.py took 0.303 seconds
[2026-09-13T00:41:52.810+0000] {processor.py:156} INFO - Started process (PID=159941) to work on /opt/airflow/dags/2_bash_operator.py
[2026-09-13T00:41:52.820+0000] {processor.py:799} INFO - Processing file /opt/airflow/dags/2_bash_operator.py for tasks to queue
[2026-09-13T00:41:52.822+0000] {logging_mixin.py:149} INFO - [2026-09-13T00:41:52.821+0000] {dagbag.py:541} INFO - Filling up the DagBag from /opt/airflow/dags/2_bash_operator.py
[2026-09-13T00:41:52.839+0000] {processor.py:809} INFO - DAG(s) dict_keys(['2-bashoperator']) retrieved from /opt/airflow/dags/2_bash_operator.py
[2026-09-13T00:41:52.912+0000] {logging_mixin.py:149} INFO - [2026-09-13T00:41:52.912+0000] {dag.py:2726} INFO - Sync 1 DAGs
[2026-09-13T00:41:52.972+0000] {logging_mixin.py:149} INFO - [2026-09-13T00:41:52.972+0000] {dag.py:3490} INFO - Setting next_dagrun for 2-bashoperator to 2026-09-13T00:00:00+00:00, run_after=2026-09-14T00:00:00+00:00
[2026-09-13T00:41:53.016+0000] {processor.py:178} INFO - Processing /opt/airflow/dags/2_bash_operator.py took 0.210 seconds
[2026-09-13T00:42:23.238+0000] {processor.py:156} INFO - Started process (PID=159954) to work on /opt/airflow/dags/2_bash_operator.py
[2026-09-13T00:42:23.245+0000] {processor.py:799} INFO - Processing file /opt/airflow/dags/2_bash_operator.py for tasks to queue
[2026-09-13T00:42:23.247+0000] {logging_mixin.py:149} INFO - [2026-09-13T00:42:23.246+0000] {dagbag.py:541} INFO - Filling up the DagBag from /opt/airflow/dags/2_bash_operator.py
[2026-09-13T00:42:23.275+0000] {processor.py:809} INFO - DAG(s) dict_keys(['2-bashoperator']) retrieved from /opt/airflow/dags/2_bash_operator.py
[2026-09-13T00:42:23.335+0000] {logging_mixin.py:149} INFO - [2026-09-13T00:42:23.334+0000] {dag.py:2726} INFO - Sync 1 DAGs
[2026-09-13T00:42:23.376+0000] {logging_mixin.py:149} INFO - [2026-09-13T00:42:23.376+0000] {dag.py:3490} INFO - Setting next_dagrun for 2-bashoperator to 2026-09-13T00:00:00+00:00, run_after=2026-09-14T00:00:00+00:00
[2026-09-13T00:42:23.425+0000] {processor.py:178} INFO - Processing /opt/airflow/dags/2_bash_operator.py took 0.200 seconds
[2026-09-13T00:42:53.690+0000] {processor.py:156} INFO - Started process (PID=159969) to work on /opt/airflow/dags/2_bash_operator.py
[2026-09-13T00:42:53.693+0000] {processor.py:799} INFO - Processing file /opt/airflow/dags/2_bash_operator.py for tasks to queue
[2026-09-13T00:42:53.694+0000] {logging_mixin.py:149} INFO - [2026-09-13T00:42:53.694+0000] {dagbag.py:541} INFO - Filling up the DagBag from /opt/airflow/dags/2_bash_operator.py
[2026-09-13T00:42:53.720+0000] {processor.py:809} INFO - DAG(s) dict_keys(['2-bashoperator']) retrieved from /opt/airflow/dags/2_bash_operator.py
[2026-09-13T00:42:53.790+0000] {logging_mixin.py:149} INFO - [2026-09-13T00:42:53.789+0000] {dag.py:2726} INFO - Sync 1 DAGs
[2026-09-13T00:42:53.838+0000] {logging_mixin.py:149} INFO - [2026-09-13T00:42:53.837+0000] {dag.py:3490} INFO - Setting next_dagrun for 2-bashoperator to 2026-09-13T00:00:00+00:00, run_after=2026-09-14T00:00:00+00:00
[2026-09-13T00:42:53.867+0000] {processor.py:178} INFO - Processing /opt/airflow/dags/2_bash_operator.py took 0.189 seconds
[2026-09-13T00:43:24.649+0000] {processor.py:156} INFO - Started process (PID=159984) to work on /opt/airflow/dags/2_bash_operator.py
[2026-09-13T00:43:24.653+0000] {processor.py:799} INFO - Processing file /opt/airflow/dags/2_bash_operator.py for tasks to queue
[2026-09-13T00:43:24.655+0000] {logging_mixin.py:149} INFO - [2026-09-13T00:43:24.654+0000] {dagbag.py:541} INFO - Filling up the DagBag from /opt/airflow/dags/2_bash_operator.py
[2026-09-13T00:43:24.683+0000] {processor.py:809} INFO - DAG(s) dict_keys(['2-bashoperator']) retrieved from /opt/airflow/dags/2_bash_operator.py
[2026-09-13T00:43:24.767+0000] {logging_mixin.py:149} INFO - [2026-09-13T00:43:24.767+0000] {dag.py:2726} INFO - Sync 1 DAGs
[2026-09-13T00:43:24.854+0000] {logging_mixin.py:149} INFO - [2026-09-13T00:43:24.854+0000] {dag.py:3490} INFO - Setting next_dagrun for 2-bashoperator to 2026-09-13T00:00:00+00:00, run_after=2026-09-14T00:00:00+00:00
[2026-09-13T00:43:25.131+0000] {processor.py:178} INFO - Processing /opt/airflow/dags/2_bash_operator.py took 0.493 seconds
[2026-09-13T00:43:55.385+0000] {processor.py:156} INFO - Started process (PID=159999) to work on /opt/airflow/dags/2_bash_operator.py
[2026-09-13T00:43:55.394+0000] {processor.py:799} INFO - Processing file /opt/airflow/dags/2_bash_operator.py for tasks to queue
[2026-09-13T00:43:55.396+0000] {logging_mixin.py:149} INFO - [2026-09-13T00:43:55.395+0000] {dagbag.py:541} INFO - Filling up the DagBag from /opt/airflow/dags/2_bash_operator.py
[2026-09-13T00:43:55.432+0000] {processor.py:809} INFO - DAG(s) dict_keys(['2-bashoperator']) retrieved from /opt/airflow/dags/2_bash_operator.py
[2026-09-13T00:43:55.522+0000] {logging_mixin.py:149} INFO - [2026-09-13T00:43:55.521+0000] {dag.py:2726} INFO - Sync 1 DAGs
[2026-09-13T00:43:55.603+0000] {logging_mixin.py:149} INFO - [2026-09-13T00:43:55.602+0000] {dag.py:3490} INFO - Setting next_dagrun for 2-bashoperator to 2026-09-13T00:00:00+00:00, run_after=2026-09-14T00:00:00+00:00
[2026-09-13T00:43:55.673+0000] {processor.py:178} INFO - Processing /opt/airflow/dags/2_bash_operator.py took 0.297 seconds
[2026-09-13T00:44:26.031+0000] {processor.py:156} INFO - Started process (PID=160014) to work on /opt/airflow/dags/2_bash_operator.py
[2026-09-13T00:44:26.034+0000] {processor.py:799} INFO - Processing file /opt/airflow/dags/2_bash_operator.py for tasks to queue
[2026-09-13T00:44:26.036+0000] {logging_mixin.py:149} INFO - [2026-09-13T00:44:26.036+0000] {dagbag.py:541} INFO - Filling up the DagBag from /opt/airflow/dags/2_bash_operator.py
[2026-09-13T00:44:26.066+0000] {processor.py:809} INFO - DAG(s) dict_keys(['2-bashoperator']) retrieved from /opt/airflow/dags/2_bash_operator.py
[2026-09-13T00:44:26.142+0000] {logging_mixin.py:149} INFO - [2026-09-13T00:44:26.141+0000] {dag.py:2726} INFO - Sync 1 DAGs
[2026-09-13T00:44:26.220+0000] {logging_mixin.py:149} INFO - [2026-09-13T00:44:26.220+0000] {dag.py:3490} INFO - Setting next_dagrun for 2-bashoperator to 2026-09-13T00:00:00+00:00, run_after=2026-09-14T00:00:00+00:00
[2026-09-13T00:44:26.289+0000] {processor.py:178} INFO - Processing /opt/airflow/dags/2_bash_operator.py took 0.272 seconds
[2026-09-13T00:44:56.499+0000] {processor.py:156} INFO - Started process (PID=160028) to work on /opt/airflow/dags/2_bash_operator.py
[2026-09-13T00:44:56.506+0000] {processor.py:799} INFO - Processing file /opt/airflow/dags/2_bash_operator.py for tasks to queue
[2026-09-13T00:44:56.508+0000] {logging_mixin.py:149} INFO - [2026-09-13T00:44:56.508+0000] {dagbag.py:541} INFO - Filling up the DagBag from /opt/airflow/dags/2_bash_operator.py
[2026-09-13T00:44:56.535+0000] {processor.py:809} INFO - DAG(s) dict_keys(['2-bashoperator']) retrieved from /opt/airflow/dags/2_bash_operator.py
[2026-09-13T00:44:56.618+0000] {logging_mixin.py:149} INFO - [2026-09-13T00:44:56.618+0000] {dag.py:2726} INFO - Sync 1 DAGs
[2026-09-13T00:44:56.684+0000] {logging_mixin.py:149} INFO - [2026-09-13T00:44:56.684+0000] {dag.py:3490} INFO - Setting next_dagrun for 2-bashoperator to 2026-09-13T00:00:00+00:00, run_after=2026-09-14T00:00:00+00:00
[2026-09-13T00:44:56.731+0000] {processor.py:178} INFO - Processing /opt/airflow/dags/2_bash_operator.py took 0.242 seconds
[2026-09-13T00:45:26.837+0000] {processor.py:156} INFO - Started process (PID=160043) to work on /opt/airflow/dags/2_bash_operator.py
[2026-09-13T00:45:26.841+0000] {processor.py:799} INFO - Processing file /opt/airflow/dags/2_bash_operator.py for tasks to queue
[2026-09-13T00:45:26.842+0000] {logging_mixin.py:149} INFO - [2026-09-13T00:45:26.842+0000] {dagbag.py:541} INFO - Filling up the DagBag from /opt/airflow/dags/2_bash_operator.py
[2026-09-13T00:45:26.867+0000] {processor.py:809} INFO - DAG(s) dict_keys(['2-bashoperator']) retrieved from /opt/airflow/dags/2_bash_operator.py
[2026-09-13T00:45:26.955+0000] {logging_mixin.py:149} INFO - [2026-09-13T00:45:26.954+0000] {dag.py:2726} INFO - Sync 1 DAGs
[2026-09-13T00:45:27.021+0000] {logging_mixin.py:149} INFO - [2026-09-13T00:45:27.021+0000] {dag.py:3490} INFO - Setting next_dagrun for 2-bashoperator to 2026-09-13T00:00:00+00:00, run_after=2026-09-14T00:00:00+00:00
[2026-09-13T00:45:27.069+0000] {processor.py:178} INFO - Processing /opt/airflow/dags/2_bash_operator.py took 0.243 seconds
[2026-09-13T00:45:57.327+0000] {processor.py:156} INFO - Started process (PID=160057) to work on /opt/airflow/dags/2_bash_operator.py
[2026-09-13T00:45:57.331+0000] {processor.py:799} INFO - Processing file /opt/airflow/dags/2_bash_operator.py for tasks to queue
[2026-09-13T00:45:57.333+0000] {logging_mixin.py:149} INFO - [2026-09-13T00:45:57.333+0000] {dagbag.py:541} INFO - Filling up the DagBag from /opt/airflow/dags/2_bash_operator.py
[2026-09-13T00:45:57.362+0000] {processor.py:809} INFO - DAG(s) dict_keys(['2-bashoperator']) retrieved from /opt/airflow/dags/2_bash_operator.py
[2026-09-13T00:45:57.450+0000] {logging_mixin.py:149} INFO - [2026-09-13T00:45:57.450+0000] {dag.py:2726} INFO - Sync 1 DAGs
[2026-09-13T00:45:57.524+0000] {logging_mixin.py:149} INFO - [2026-09-13T00:45:57.523+0000] {dag.py:3490} INFO - Setting next_dagrun for 2-bashoperator to 2026-09-13T00:00:00+00:00, run_after=2026-09-14T00:00:00+00:00
[2026-09-13T00:45:57.866+0000] {processor.py:178} INFO - Processing /opt/airflow/dags/2_bash_operator.py took 0.552 seconds
[2026-09-13T00:46:28.148+0000] {processor.py:156} INFO - Started process (PID=160071) to work on /opt/airflow/dags/2_bash_operator.py
[2026-09-13T00:46:28.151+0000] {processor.py:799} INFO - Processing file /opt/airflow/dags/2_bash_operator.py for tasks to queue
[2026-09-13T00:46:28.153+0000] {logging_mixin.py:149} INFO - [2026-09-13T00:46:28.152+0000] {dagbag.py:541} INFO - Filling up the DagBag from /opt/airflow/dags/2_bash_operator.py
[2026-09-13T00:46:28.177+0000] {processor.py:809} INFO - DAG(s) dict_keys(['2-bashoperator']) retrieved from /opt/airflow/dags/2_bash_operator.py
[2026-09-13T00:46:28.262+0000] {logging_mixin.py:149} INFO - [2026-09-13T00:46:28.261+0000] {dag.py:2726} INFO - Sync 1 DAGs
[2026-09-13T00:46:28.554+0000] {logging_mixin.py:149} INFO - [2026-09-13T00:46:28.553+0000] {dag.py:3490} INFO - Setting next_dagrun for 2-bashoperator to 2026-09-13T00:00:00+00:00, run_after=2026-09-14T00:00:00+00:00
[2026-09-13T00:46:28.605+0000] {processor.py:178} INFO - Processing /opt/airflow/dags/2_bash_operator.py took 0.466 seconds
[2026-09-13T00:46:58.662+0000] {processor.py:156} INFO - Started process (PID=160085) to work on /opt/airflow/dags/2_bash_operator.py
[2026-09-13T00:46:58.665+0000] {processor.py:799} INFO - Processing file /opt/airflow/dags/2_bash_operator.py for tasks to queue
[2026-09-13T00:46:58.667+0000] {logging_mixin.py:149} INFO - [2026-09-13T00:46:58.667+0000] {dagbag.py:541} INFO - Filling up the DagBag from /opt/airflow/dags/2_bash_operator.py
[2026-09-13T00:46:58.695+0000] {processor.py:809} INFO - DAG(s) dict_keys(['2-bashoperator']) retrieved from /opt/airflow/dags/2_bash_operator.py
[2026-09-13T00:46:58.769+0000] {logging_mixin.py:149} INFO - [2026-09-13T00:46:58.768+0000] {dag.py:2726} INFO - Sync 1 DAGs
[2026-09-13T00:46:58.816+0000] {logging_mixin.py:149} INFO - [2026-09-13T00:46:58.815+0000] {dag.py:3490} INFO - Setting next_dagrun for 2-bashoperator to 2026-09-13T00:00:00+00:00, run_after=2026-09-14T00:00:00+00:00
[2026-09-13T00:46:58.845+0000] {processor.py:178} INFO - Processing /opt/airflow/dags/2_bash_operator.py took 0.193 seconds
[2026-09-13T00:47:29.055+0000] {processor.py:156} INFO - Started process (PID=160099) to work on /opt/airflow/dags/2_bash_operator.py
[2026-09-13T00:47:29.058+0000] {processor.py:799} INFO - Processing file /opt/airflow/dags/2_bash_operator.py for tasks to queue
[2026-09-13T00:47:29.060+0000] {logging_mixin.py:149} INFO - [2026-09-13T00:47:29.059+0000] {dagbag.py:541} INFO - Filling up the DagBag from /opt/airflow/dags/2_bash_operator.py
[2026-09-13T00:47:29.085+0000] {processor.py:809} INFO - DAG(s) dict_keys(['2-bashoperator']) retrieved from /opt/airflow/dags/2_bash_operator.py
[2026-09-13T00:47:29.174+0000] {logging_mixin.py:149} INFO - [2026-09-13T00:47:29.173+0000] {dag.py:2726} INFO - Sync 1 DAGs
[2026-09-13T00:47:29.242+0000] {logging_mixin.py:149} INFO - [2026-09-13T00:47:29.241+0000] {dag.py:3490} INFO - Setting next_dagrun for 2-bashoperator to 2026-09-13T00:00:00+00:00, run_after=2026-09-14T00:00:00+00:00
[2026-09-13T00:47:29.312+0000] {processor.py:178} INFO - Processing /opt/airflow/dags/2_bash_operator.py took 0.271 seconds
[2026-09-13T00:47:59.585+0000] {processor.py:156} INFO - Started process (PID=160114) to work on /opt/airflow/dags/2_bash_operator.py
[2026-09-13T00:47:59.624+0000] {processor.py:799} INFO - Processing file /opt/airflow/dags/2_bash_operator.py for tasks to queue
[2026-09-13T00:47:59.633+0000] {logging_mixin.py:149} INFO - [2026-09-13T00:47:59.632+0000] {dagbag.py:541} INFO - Filling up the DagBag from /opt/airflow/dags/2_bash_operator.py
[2026-09-13T00:47:59.666+0000] {processor.py:809} INFO - DAG(s) dict_keys(['2-bashoperator']) retrieved from /opt/airflow/dags/2_bash_operator.py
[2026-09-13T00:47:59.761+0000] {logging_mixin.py:149} INFO - [2026-09-13T00:47:59.760+0000] {dag.py:2726} INFO - Sync 1 DAGs
[2026-09-13T00:47:59.851+0000] {logging_mixin.py:149} INFO - [2026-09-13T00:47:59.850+0000] {dag.py:3490} INFO - Setting next_dagrun for 2-bashoperator to 2026-09-13T00:00:00+00:00, run_after=2026-09-14T00:00:00+00:00
[2026-09-13T00:47:59.924+0000] {processor.py:178} INFO - Processing /opt/airflow/dags/2_bash_operator.py took 0.346 seconds
[2026-09-13T00:48:30.214+0000] {processor.py:156} INFO - Started process (PID=160128) to work on /opt/airflow/dags/2_bash_operator.py
[2026-09-13T00:48:30.218+0000] {processor.py:799} INFO - Processing file /opt/airflow/dags/2_bash_operator.py for tasks to queue
[2026-09-13T00:48:30.219+0000] {logging_mixin.py:149} INFO - [2026-09-13T00:48:30.219+0000] {dagbag.py:541} INFO - Filling up the DagBag from /opt/airflow/dags/2_bash_operator.py
[2026-09-13T00:48:30.245+0000] {processor.py:809} INFO - DAG(s) dict_keys(['2-bashoperator']) retrieved from /opt/airflow/dags/2_bash_operator.py
[2026-09-13T00:48:30.332+0000] {logging_mixin.py:149} INFO - [2026-09-13T00:48:30.332+0000] {dag.py:2726} INFO - Sync 1 DAGs
[2026-09-13T00:48:30.425+0000] {logging_mixin.py:149} INFO - [2026-09-13T00:48:30.424+0000] {dag.py:3490} INFO - Setting next_dagrun for 2-bashoperator to 2026-09-13T00:00:00+00:00, run_after=2026-09-14T00:00:00+00:00
[2026-09-13T00:48:30.492+0000] {processor.py:178} INFO - Processing /opt/airflow/dags/2_bash_operator.py took 0.289 seconds
[2026-09-13T00:49:00.829+0000] {processor.py:156} INFO - Started process (PID=160142) to work on /opt/airflow/dags/2_bash_operator.py
[2026-09-13T00:49:00.837+0000] {processor.py:799} INFO - Processing file /opt/airflow/dags/2_bash_operator.py for tasks to queue
[2026-09-13T00:49:00.839+0000] {logging_mixin.py:149} INFO - [2026-09-13T00:49:00.838+0000] {dagbag.py:541} INFO - Filling up the DagBag from /opt/airflow/dags/2_bash_operator.py
[2026-09-13T00:49:00.862+0000] {processor.py:809} INFO - DAG(s) dict_keys(['2-bashoperator']) retrieved from /opt/airflow/dags/2_bash_operator.py
[2026-09-13T00:49:00.938+0000] {logging_mixin.py:149} INFO - [2026-09-13T00:49:00.938+0000] {dag.py:2726} INFO - Sync 1 DAGs
[2026-09-13T00:49:00.998+0000] {logging_mixin.py:149} INFO - [2026-09-13T00:49:00.997+0000] {dag.py:3490} INFO - Setting next_dagrun for 2-bashoperator to 2026-09-13T00:00:00+00:00, run_after=2026-09-14T00:00:00+00:00
[2026-09-13T00:49:01.242+0000] {processor.py:178} INFO - Processing /opt/airflow/dags/2_bash_operator.py took 0.428 seconds
[2026-09-13T00:49:31.530+0000] {processor.py:156} INFO - Started process (PID=160156) to work on /opt/airflow/dags/2_bash_operator.py
[2026-09-13T00:49:31.533+0000] {processor.py:799} INFO - Processing file /opt/airflow/dags/2_bash_operator.py for tasks to queue
[2026-09-13T00:49:31.535+0000] {logging_mixin.py:149} INFO - [2026-09-13T00:49:31.534+0000] {dagbag.py:541} INFO - Filling up the DagBag from /opt/airflow/dags/2_bash_operator.py
[2026-09-13T00:49:31.559+0000] {processor.py:809} INFO - DAG(s) dict_keys(['2-bashoperator']) retrieved from /opt/airflow/dags/2_bash_operator.py
[2026-09-13T00:49:31.637+0000] {logging_mixin.py:149} INFO - [2026-09-13T00:49:31.637+0000] {dag.py:2726} INFO - Sync 1 DAGs
[2026-09-13T00:49:31.726+0000] {logging_mixin.py:149} INFO - [2026-09-13T00:49:31.725+0000] {dag.py:3490} INFO - Setting next_dagrun for 2-bashoperator to 2026-09-13T00:00:00+00:00, run_after=2026-09-14T00:00:00+00:00
[2026-09-13T00:49:31.785+0000] {processor.py:178} INFO - Processing /opt/airflow/dags/2_bash_operator.py took 0.268 seconds
[2026-09-13T00:50:01.895+0000] {processor.py:156} INFO - Started process (PID=160170) to work on /opt/airflow/dags/2_bash_operator.py
[2026-09-13T00:50:01.898+0000] {processor.py:799} INFO - Processing file /opt/airflow/dags/2_bash_operator.py for tasks to queue
[2026-09-13T00:50:01.900+0000] {logging_mixin.py:149} INFO - [2026-09-13T00:50:01.900+0000] {dagbag.py:541} INFO - Filling up the DagBag from /opt/airflow/dags/2_bash_operator.py
[2026-09-13T00:50:01.940+0000] {processor.py:809} INFO - DAG(s) dict_keys(['2-bashoperator']) retrieved from /opt/airflow/dags/2_bash_operator.py
[2026-09-13T00:50:02.042+0000] {logging_mixin.py:149} INFO - [2026-09-13T00:50:02.042+0000] {dag.py:2726} INFO - Sync 1 DAGs
[2026-09-13T00:50:02.122+0000] {logging_mixin.py:149} INFO - [2026-09-13T00:50:02.122+0000] {dag.py:3490} INFO - Setting next_dagrun for 2-bashoperator to 2026-09-13T00:00:00+00:00, run_after=2026-09-14T00:00:00+00:00
[2026-09-13T00:50:02.193+0000] {processor.py:178} INFO - Processing /opt/airflow/dags/2_bash_operator.py took 0.308 seconds
[2026-09-13T00:50:32.362+0000] {processor.py:156} INFO - Started process (PID=160184) to work on /opt/airflow/dags/2_bash_operator.py
[2026-09-13T00:50:32.365+0000] {processor.py:799} INFO - Processing file /opt/airflow/dags/2_bash_operator.py for tasks to queue
[2026-09-13T00:50:32.367+0000] {logging_mixin.py:149} INFO - [2026-09-13T00:50:32.367+0000] {dagbag.py:541} INFO - Filling up the DagBag from /opt/airflow/dags/2_bash_operator.py
[2026-09-13T00:50:32.385+0000] {processor.py:809} INFO - DAG(s) dict_keys(['2-bashoperator']) retrieved from /opt/airflow/dags/2_bash_operator.py
[2026-09-13T00:50:32.442+0000] {logging_mixin.py:149} INFO - [2026-09-13T00:50:32.441+0000] {dag.py:2726} INFO - Sync 1 DAGs
[2026-09-13T00:50:32.482+0000] {logging_mixin.py:149} INFO - [2026-09-13T00:50:32.481+0000] {dag.py:3490} INFO - Setting next_dagrun for 2-bashoperator to 2026-09-13T00:00:00+00:00, run_after=2026-09-14T00:00:00+00:00
[2026-09-13T00:50:32.507+0000] {processor.py:178} INFO - Processing /opt/airflow/dags/2_bash_operator.py took 0.150 seconds
[2026-09-13T00:51:02.652+0000] {processor.py:156} INFO - Started process (PID=160198) to work on /opt/airflow/dags/2_bash_operator.py
[2026-09-13T00:51:02.657+0000] {processor.py:799} INFO - Processing file /opt/airflow/dags/2_bash_operator.py for tasks to queue
[2026-09-13T00:51:02.658+0000] {logging_mixin.py:149} INFO - [2026-09-13T00:51:02.658+0000] {dagbag.py:541} INFO - Filling up the DagBag from /opt/airflow/dags/2_bash_operator.py
[2026-09-13T00:51:02.678+0000] {processor.py:809} INFO - DAG(s) dict_keys(['2-bashoperator']) retrieved from /opt/airflow/dags/2_bash_operator.py
[2026-09-13T00:51:02.747+0000] {logging_mixin.py:149} INFO - [2026-09-13T00:51:02.746+0000] {dag.py:2726} INFO - Sync 1 DAGs
[2026-09-13T00:51:02.802+0000] {logging_mixin.py:149} INFO - [2026-09-13T00:51:02.802+0000] {dag.py:3490} INFO - Setting next_dagrun for 2-bashoperator to 2026-09-13T00:00:00+00:00, run_after=2026-09-14T00:00:00+00:00
[2026-09-13T00:51:02.868+0000] {processor.py:178} INFO - Processing /opt/airflow/dags/2_bash_operator.py took 0.223 seconds
[2026-09-13T00:51:33.059+0000] {processor.py:156} INFO - Started process (PID=160212) to work on /opt/airflow/dags/2_bash_operator.py
[2026-09-13T00:51:33.063+0000] {processor.py:799} INFO - Processing file /opt/airflow/dags/2_bash_operator.py for tasks to queue
[2026-09-13T00:51:33.065+0000] {logging_mixin.py:149} INFO - [2026-09-13T00:51:33.064+0000] {dagbag.py:541} INFO - Filling up the DagBag from /opt/airflow/dags/2_bash_operator.py
[2026-09-13T00:51:33.091+0000] {processor.py:809} INFO - DAG(s) dict_keys(['2-bashoperator']) retrieved from /opt/airflow/dags/2_bash_operator.py
[2026-09-13T00:51:33.176+0000] {logging_mixin.py:149} INFO - [2026-09-13T00:51:33.175+0000] {dag.py:2726} INFO - Sync 1 DAGs
[2026-09-13T00:51:33.243+0000] {logging_mixin.py:149} INFO - [2026-09-13T00:51:33.242+0000] {dag.py:3490} INFO - Setting next_dagrun for 2-bashoperator to 2026-09-13T00:00:00+00:00, run_after=2026-09-14T00:00:00+00:00
[2026-09-13T00:51:33.526+0000] {processor.py:178} INFO - Processing /opt/airflow/dags/2_bash_operator.py took 0.478 seconds
[2026-09-13T00:52:03.828+0000] {processor.py:156} INFO - Started process (PID=160226) to work on /opt/airflow/dags/2_bash_operator.py
[2026-09-13T00:52:03.836+0000] {processor.py:799} INFO - Processing file /opt/airflow/dags/2_bash_operator.py for tasks to queue
[2026-09-13T00:52:03.842+0000] {logging_mixin.py:149} INFO - [2026-09-13T00:52:03.841+0000] {dagbag.py:541} INFO - Filling up the DagBag from /opt/airflow/dags/2_bash_operator.py
[2026-09-13T00:52:03.867+0000] {processor.py:809} INFO - DAG(s) dict_keys(['2-bashoperator']) retrieved from /opt/airflow/dags/2_bash_operator.py
[2026-09-13T00:52:03.960+0000] {logging_mixin.py:149} INFO - [2026-09-13T00:52:03.960+0000] {dag.py:2726} INFO - Sync 1 DAGs
[2026-09-13T00:52:04.268+0000] {logging_mixin.py:149} INFO - [2026-09-13T00:52:04.268+0000] {dag.py:3490} INFO - Setting next_dagrun for 2-bashoperator to 2026-09-13T00:00:00+00:00, run_after=2026-09-14T00:00:00+00:00
[2026-09-13T00:52:04.328+0000] {processor.py:178} INFO - Processing /opt/airflow/dags/2_bash_operator.py took 0.512 seconds
[2026-09-13T00:52:35.219+0000] {processor.py:156} INFO - Started process (PID=160241) to work on /opt/airflow/dags/2_bash_operator.py
[2026-09-13T00:52:35.224+0000] {processor.py:799} INFO - Processing file /opt/airflow/dags/2_bash_operator.py for tasks to queue
[2026-09-13T00:52:35.225+0000] {logging_mixin.py:149} INFO - [2026-09-13T00:52:35.225+0000] {dagbag.py:541} INFO - Filling up the DagBag from /opt/airflow/dags/2_bash_operator.py
[2026-09-13T00:52:35.251+0000] {processor.py:809} INFO - DAG(s) dict_keys(['2-bashoperator']) retrieved from /opt/airflow/dags/2_bash_operator.py
[2026-09-13T00:52:35.344+0000] {logging_mixin.py:149} INFO - [2026-09-13T00:52:35.343+0000] {dag.py:2726} INFO - Sync 1 DAGs
[2026-09-13T00:52:35.416+0000] {logging_mixin.py:149} INFO - [2026-09-13T00:52:35.415+0000] {dag.py:3490} INFO - Setting next_dagrun for 2-bashoperator to 2026-09-13T00:00:00+00:00, run_after=2026-09-14T00:00:00+00:00
[2026-09-13T00:52:35.485+0000] {processor.py:178} INFO - Processing /opt/airflow/dags/2_bash_operator.py took 0.274 seconds
[2026-09-13T00:53:05.735+0000] {processor.py:156} INFO - Started process (PID=160255) to work on /opt/airflow/dags/2_bash_operator.py
[2026-09-13T00:53:05.740+0000] {processor.py:799} INFO - Processing file /opt/airflow/dags/2_bash_operator.py for tasks to queue
[2026-09-13T00:53:05.743+0000] {logging_mixin.py:149} INFO - [2026-09-13T00:53:05.742+0000] {dagbag.py:541} INFO - Filling up the DagBag from /opt/airflow/dags/2_bash_operator.py
[2026-09-13T00:53:05.767+0000] {processor.py:809} INFO - DAG(s) dict_keys(['2-bashoperator']) retrieved from /opt/airflow/dags/2_bash_operator.py
[2026-09-13T00:53:05.847+0000] {logging_mixin.py:149} INFO - [2026-09-13T00:53:05.846+0000] {dag.py:2726} INFO - Sync 1 DAGs
[2026-09-13T00:53:05.895+0000] {logging_mixin.py:149} INFO - [2026-09-13T00:53:05.895+0000] {dag.py:3490} INFO - Setting next_dagrun for 2-bashoperator to 2026-09-13T00:00:00+00:00, run_after=2026-09-14T00:00:00+00:00
[2026-09-13T00:53:05.924+0000] {processor.py:178} INFO - Processing /opt/airflow/dags/2_bash_operator.py took 0.194 seconds
[2026-09-13T00:53:36.152+0000] {processor.py:156} INFO - Started process (PID=160269) to work on /opt/airflow/dags/2_bash_operator.py
[2026-09-13T00:53:36.156+0000] {processor.py:799} INFO - Processing file /opt/airflow/dags/2_bash_operator.py for tasks to queue
[2026-09-13T00:53:36.158+0000] {logging_mixin.py:149} INFO - [2026-09-13T00:53:36.158+0000] {dagbag.py:541} INFO - Filling up the DagBag from /opt/airflow/dags/2_bash_operator.py
[2026-09-13T00:53:36.186+0000] {processor.py:809} INFO - DAG(s) dict_keys(['2-bashoperator']) retrieved from /opt/airflow/dags/2_bash_operator.py
[2026-09-13T00:53:36.264+0000] {logging_mixin.py:149} INFO - [2026-09-13T00:53:36.263+0000] {dag.py:2726} INFO - Sync 1 DAGs
[2026-09-13T00:53:36.314+0000] {logging_mixin.py:149} INFO - [2026-09-13T00:53:36.314+0000] {dag.py:3490} INFO - Setting next_dagrun for 2-bashoperator to 2026-09-13T00:00:00+00:00, run_after=2026-09-14T00:00:00+00:00
[2026-09-13T00:53:36.361+0000] {processor.py:178} INFO - Processing /opt/airflow/dags/2_bash_operator.py took 0.224 seconds
[2026-09-13T00:54:06.532+0000] {processor.py:156} INFO - Started process (PID=160284) to work on /opt/airflow/dags/2_bash_operator.py
[2026-09-13T00:54:06.534+0000] {processor.py:799} INFO - Processing file /opt/airflow/dags/2_bash_operator.py for tasks to queue
[2026-09-13T00:54:06.536+0000] {logging_mixin.py:149} INFO - [2026-09-13T00:54:06.536+0000] {dagbag.py:541} INFO - Filling up the DagBag from /opt/airflow/dags/2_bash_operator.py
[2026-09-13T00:54:06.560+0000] {processor.py:809} INFO - DAG(s) dict_keys(['2-bashoperator']) retrieved from /opt/airflow/dags/2_bash_operator.py
[2026-09-13T00:54:06.641+0000] {logging_mixin.py:149} INFO - [2026-09-13T00:54:06.641+0000] {dag.py:2726} INFO - Sync 1 DAGs
[2026-09-13T00:54:06.733+0000] {logging_mixin.py:149} INFO - [2026-09-13T00:54:06.733+0000] {dag.py:3490} INFO - Setting next_dagrun for 2-bashoperator to 2026-09-13T00:00:00+00:00, run_after=2026-09-14T00:00:00+00:00
[2026-09-13T00:54:06.797+0000] {processor.py:178} INFO - Processing /opt/airflow/dags/2_bash_operator.py took 0.279 seconds
[2026-09-13T00:54:37.580+0000] {processor.py:156} INFO - Started process (PID=160299) to work on /opt/airflow/dags/2_bash_operator.py
[2026-09-13T00:54:37.584+0000] {processor.py:799} INFO - Processing file /opt/airflow/dags/2_bash_operator.py for tasks to queue
[2026-09-13T00:54:37.586+0000] {logging_mixin.py:149} INFO - [2026-09-13T00:54:37.585+0000] {dagbag.py:541} INFO - Filling up the DagBag from /opt/airflow/dags/2_bash_operator.py
[2026-09-13T00:54:37.608+0000] {processor.py:809} INFO - DAG(s) dict_keys(['2-bashoperator']) retrieved from /opt/airflow/dags/2_bash_operator.py
[2026-09-13T00:54:37.679+0000] {logging_mixin.py:149} INFO - [2026-09-13T00:54:37.678+0000] {dag.py:2726} INFO - Sync 1 DAGs
[2026-09-13T00:54:37.938+0000] {logging_mixin.py:149} INFO - [2026-09-13T00:54:37.938+0000] {dag.py:3490} INFO - Setting next_dagrun for 2-bashoperator to 2026-09-13T00:00:00+00:00, run_after=2026-09-14T00:00:00+00:00
[2026-09-13T00:54:37.963+0000] {processor.py:178} INFO - Processing /opt/airflow/dags/2_bash_operator.py took 0.393 seconds
[2026-09-13T00:55:08.198+0000] {processor.py:156} INFO - Started process (PID=160312) to work on /opt/airflow/dags/2_bash_operator.py
[2026-09-13T00:55:08.201+0000] {processor.py:799} INFO - Processing file /opt/airflow/dags/2_bash_operator.py for tasks to queue
[2026-09-13T00:55:08.203+0000] {logging_mixin.py:149} INFO - [2026-09-13T00:55:08.203+0000] {dagbag.py:541} INFO - Filling up the DagBag from /opt/airflow/dags/2_bash_operator.py
[2026-09-13T00:55:08.231+0000] {processor.py:809} INFO - DAG(s) dict_keys(['2-bashoperator']) retrieved from /opt/airflow/dags/2_bash_operator.py
[2026-09-13T00:55:08.322+0000] {logging_mixin.py:149} INFO - [2026-09-13T00:55:08.321+0000] {dag.py:2726} INFO - Sync 1 DAGs
[2026-09-13T00:55:08.402+0000] {logging_mixin.py:149} INFO - [2026-09-13T00:55:08.402+0000] {dag.py:3490} INFO - Setting next_dagrun for 2-bashoperator to 2026-09-13T00:00:00+00:00, run_after=2026-09-14T00:00:00+00:00
[2026-09-13T00:55:08.453+0000] {processor.py:178} INFO - Processing /opt/airflow/dags/2_bash_operator.py took 0.266 seconds
[2026-09-13T00:55:38.738+0000] {processor.py:156} INFO - Started process (PID=160327) to work on /opt/airflow/dags/2_bash_operator.py
[2026-09-13T00:55:38.741+0000] {processor.py:799} INFO - Processing file /opt/airflow/dags/2_bash_operator.py for tasks to queue
[2026-09-13T00:55:38.743+0000] {logging_mixin.py:149} INFO - [2026-09-13T00:55:38.742+0000] {dagbag.py:541} INFO - Filling up the DagBag from /opt/airflow/dags/2_bash_operator.py
[2026-09-13T00:55:38.772+0000] {processor.py:809} INFO - DAG(s) dict_keys(['2-bashoperator']) retrieved from /opt/airflow/dags/2_bash_operator.py
[2026-09-13T00:55:38.873+0000] {logging_mixin.py:149} INFO - [2026-09-13T00:55:38.873+0000] {dag.py:2726} INFO - Sync 1 DAGs
[2026-09-13T00:55:38.936+0000] {logging_mixin.py:149} INFO - [2026-09-13T00:55:38.935+0000] {dag.py:3490} INFO - Setting next_dagrun for 2-bashoperator to 2026-09-13T00:00:00+00:00, run_after=2026-09-14T00:00:00+00:00
[2026-09-13T00:55:39.001+0000] {processor.py:178} INFO - Processing /opt/airflow/dags/2_bash_operator.py took 0.272 seconds
[2026-09-13T00:56:09.115+0000] {processor.py:156} INFO - Started process (PID=160341) to work on /opt/airflow/dags/2_bash_operator.py
[2026-09-13T00:56:09.117+0000] {processor.py:799} INFO - Processing file /opt/airflow/dags/2_bash_operator.py for tasks to queue
[2026-09-13T00:56:09.118+0000] {logging_mixin.py:149} INFO - [2026-09-13T00:56:09.118+0000] {dagbag.py:541} INFO - Filling up the DagBag from /opt/airflow/dags/2_bash_operator.py
[2026-09-13T00:56:09.131+0000] {processor.py:809} INFO - DAG(s) dict_keys(['2-bashoperator']) retrieved from /opt/airflow/dags/2_bash_operator.py
[2026-09-13T00:56:09.186+0000] {logging_mixin.py:149} INFO - [2026-09-13T00:56:09.186+0000] {dag.py:2726} INFO - Sync 1 DAGs
[2026-09-13T00:56:09.234+0000] {logging_mixin.py:149} INFO - [2026-09-13T00:56:09.234+0000] {dag.py:3490} INFO - Setting next_dagrun for 2-bashoperator to 2026-09-13T00:00:00+00:00, run_after=2026-09-14T00:00:00+00:00
[2026-09-13T00:56:09.267+0000] {processor.py:178} INFO - Processing /opt/airflow/dags/2_bash_operator.py took 0.158 seconds
[2026-09-13T00:56:39.512+0000] {processor.py:156} INFO - Started process (PID=160356) to work on /opt/airflow/dags/2_bash_operator.py
[2026-09-13T00:56:39.515+0000] {processor.py:799} INFO - Processing file /opt/airflow/dags/2_bash_operator.py for tasks to queue
[2026-09-13T00:56:39.517+0000] {logging_mixin.py:149} INFO - [2026-09-13T00:56:39.517+0000] {dagbag.py:541} INFO - Filling up the DagBag from /opt/airflow/dags/2_bash_operator.py
[2026-09-13T00:56:39.545+0000] {processor.py:809} INFO - DAG(s) dict_keys(['2-bashoperator']) retrieved from /opt/airflow/dags/2_bash_operator.py
[2026-09-13T00:56:39.651+0000] {logging_mixin.py:149} INFO - [2026-09-13T00:56:39.650+0000] {dag.py:2726} INFO - Sync 1 DAGs
[2026-09-13T00:56:39.707+0000] {logging_mixin.py:149} INFO - [2026-09-13T00:56:39.707+0000] {dag.py:3490} INFO - Setting next_dagrun for 2-bashoperator to 2026-09-13T00:00:00+00:00, run_after=2026-09-14T00:00:00+00:00
[2026-09-13T00:56:39.745+0000] {processor.py:178} INFO - Processing /opt/airflow/dags/2_bash_operator.py took 0.246 seconds
[2026-09-13T00:57:09.916+0000] {processor.py:156} INFO - Started process (PID=160369) to work on /opt/airflow/dags/2_bash_operator.py
[2026-09-13T00:57:09.918+0000] {processor.py:799} INFO - Processing file /opt/airflow/dags/2_bash_operator.py for tasks to queue
[2026-09-13T00:57:09.920+0000] {logging_mixin.py:149} INFO - [2026-09-13T00:57:09.919+0000] {dagbag.py:541} INFO - Filling up the DagBag from /opt/airflow/dags/2_bash_operator.py
[2026-09-13T00:57:09.943+0000] {processor.py:809} INFO - DAG(s) dict_keys(['2-bashoperator']) retrieved from /opt/airflow/dags/2_bash_operator.py
[2026-09-13T00:57:10.000+0000] {logging_mixin.py:149} INFO - [2026-09-13T00:57:09.999+0000] {dag.py:2726} INFO - Sync 1 DAGs
[2026-09-13T00:57:10.047+0000] {logging_mixin.py:149} INFO - [2026-09-13T00:57:10.047+0000] {dag.py:3490} INFO - Setting next_dagrun for 2-bashoperator to 2026-09-13T00:00:00+00:00, run_after=2026-09-14T00:00:00+00:00
[2026-09-13T00:57:10.296+0000] {processor.py:178} INFO - Processing /opt/airflow/dags/2_bash_operator.py took 0.389 seconds
[2026-09-13T00:57:40.737+0000] {processor.py:156} INFO - Started process (PID=160383) to work on /opt/airflow/dags/2_bash_operator.py
[2026-09-13T00:57:40.741+0000] {processor.py:799} INFO - Processing file /opt/airflow/dags/2_bash_operator.py for tasks to queue
[2026-09-13T00:57:40.743+0000] {logging_mixin.py:149} INFO - [2026-09-13T00:57:40.742+0000] {dagbag.py:541} INFO - Filling up the DagBag from /opt/airflow/dags/2_bash_operator.py
[2026-09-13T00:57:40.772+0000] {processor.py:809} INFO - DAG(s) dict_keys(['2-bashoperator']) retrieved from /opt/airflow/dags/2_bash_operator.py
[2026-09-13T00:57:40.840+0000] {logging_mixin.py:149} INFO - [2026-09-13T00:57:40.839+0000] {dag.py:2726} INFO - Sync 1 DAGs
[2026-09-13T00:57:41.216+0000] {logging_mixin.py:149} INFO - [2026-09-13T00:57:41.216+0000] {dag.py:3490} INFO - Setting next_dagrun for 2-bashoperator to 2026-09-13T00:00:00+00:00, run_after=2026-09-14T00:00:00+00:00
[2026-09-13T00:57:41.264+0000] {processor.py:178} INFO - Processing /opt/airflow/dags/2_bash_operator.py took 0.540 seconds
[2026-09-13T00:58:11.379+0000] {processor.py:156} INFO - Started process (PID=160404) to work on /opt/airflow/dags/2_bash_operator.py
[2026-09-13T00:58:11.390+0000] {processor.py:799} INFO - Processing file /opt/airflow/dags/2_bash_operator.py for tasks to queue
[2026-09-13T00:58:11.393+0000] {logging_mixin.py:149} INFO - [2026-09-13T00:58:11.392+0000] {dagbag.py:541} INFO - Filling up the DagBag from /opt/airflow/dags/2_bash_operator.py
[2026-09-13T00:58:11.424+0000] {processor.py:809} INFO - DAG(s) dict_keys(['2-bashoperator']) retrieved from /opt/airflow/dags/2_bash_operator.py
[2026-09-13T00:58:11.509+0000] {logging_mixin.py:149} INFO - [2026-09-13T00:58:11.508+0000] {dag.py:2726} INFO - Sync 1 DAGs
[2026-09-13T00:58:11.580+0000] {logging_mixin.py:149} INFO - [2026-09-13T00:58:11.579+0000] {dag.py:3490} INFO - Setting next_dagrun for 2-bashoperator to 2026-09-13T00:00:00+00:00, run_after=2026-09-14T00:00:00+00:00
[2026-09-13T00:58:11.642+0000] {processor.py:178} INFO - Processing /opt/airflow/dags/2_bash_operator.py took 0.276 seconds
[2026-09-13T00:58:42.545+0000] {processor.py:156} INFO - Started process (PID=160418) to work on /opt/airflow/dags/2_bash_operator.py
[2026-09-13T00:58:42.550+0000] {processor.py:799} INFO - Processing file /opt/airflow/dags/2_bash_operator.py for tasks to queue
[2026-09-13T00:58:42.552+0000] {logging_mixin.py:149} INFO - [2026-09-13T00:58:42.552+0000] {dagbag.py:541} INFO - Filling up the DagBag from /opt/airflow/dags/2_bash_operator.py
[2026-09-13T00:58:42.580+0000] {processor.py:809} INFO - DAG(s) dict_keys(['2-bashoperator']) retrieved from /opt/airflow/dags/2_bash_operator.py
[2026-09-13T00:58:42.666+0000] {logging_mixin.py:149} INFO - [2026-09-13T00:58:42.666+0000] {dag.py:2726} INFO - Sync 1 DAGs
[2026-09-13T00:58:42.734+0000] {logging_mixin.py:149} INFO - [2026-09-13T00:58:42.734+0000] {dag.py:3490} INFO - Setting next_dagrun for 2-bashoperator to 2026-09-13T00:00:00+00:00, run_after=2026-09-14T00:00:00+00:00
[2026-09-13T00:58:42.791+0000] {processor.py:178} INFO - Processing /opt/airflow/dags/2_bash_operator.py took 0.260 seconds
[2026-09-13T00:59:12.990+0000] {processor.py:156} INFO - Started process (PID=160432) to work on /opt/airflow/dags/2_bash_operator.py
[2026-09-13T00:59:12.996+0000] {processor.py:799} INFO - Processing file /opt/airflow/dags/2_bash_operator.py for tasks to queue
[2026-09-13T00:59:12.998+0000] {logging_mixin.py:149} INFO - [2026-09-13T00:59:12.997+0000] {dagbag.py:541} INFO - Filling up the DagBag from /opt/airflow/dags/2_bash_operator.py
[2026-09-13T00:59:13.029+0000] {processor.py:809} INFO - DAG(s) dict_keys(['2-bashoperator']) retrieved from /opt/airflow/dags/2_bash_operator.py
[2026-09-13T00:59:13.118+0000] {logging_mixin.py:149} INFO - [2026-09-13T00:59:13.117+0000] {dag.py:2726} INFO - Sync 1 DAGs
[2026-09-13T00:59:13.181+0000] {logging_mixin.py:149} INFO - [2026-09-13T00:59:13.181+0000] {dag.py:3490} INFO - Setting next_dagrun for 2-bashoperator to 2026-09-13T00:00:00+00:00, run_after=2026-09-14T00:00:00+00:00
[2026-09-13T00:59:13.226+0000] {processor.py:178} INFO - Processing /opt/airflow/dags/2_bash_operator.py took 0.248 seconds
[2026-09-13T00:59:43.340+0000] {processor.py:156} INFO - Started process (PID=160446) to work on /opt/airflow/dags/2_bash_operator.py
[2026-09-13T00:59:43.342+0000] {processor.py:799} INFO - Processing file /opt/airflow/dags/2_bash_operator.py for tasks to queue
[2026-09-13T00:59:43.343+0000] {logging_mixin.py:149} INFO - [2026-09-13T00:59:43.343+0000] {dagbag.py:541} INFO - Filling up the DagBag from /opt/airflow/dags/2_bash_operator.py
[2026-09-13T00:59:43.358+0000] {processor.py:809} INFO - DAG(s) dict_keys(['2-bashoperator']) retrieved from /opt/airflow/dags/2_bash_operator.py
[2026-09-13T00:59:43.447+0000] {logging_mixin.py:149} INFO - [2026-09-13T00:59:43.447+0000] {dag.py:2726} INFO - Sync 1 DAGs
[2026-09-13T00:59:43.527+0000] {logging_mixin.py:149} INFO - [2026-09-13T00:59:43.526+0000] {dag.py:3490} INFO - Setting next_dagrun for 2-bashoperator to 2026-09-13T00:00:00+00:00, run_after=2026-09-14T00:00:00+00:00
[2026-09-13T00:59:43.809+0000] {processor.py:178} INFO - Processing /opt/airflow/dags/2_bash_operator.py took 0.474 seconds
[2026-09-13T01:00:14.296+0000] {processor.py:156} INFO - Started process (PID=160460) to work on /opt/airflow/dags/2_bash_operator.py
[2026-09-13T01:00:14.300+0000] {processor.py:799} INFO - Processing file /opt/airflow/dags/2_bash_operator.py for tasks to queue
[2026-09-13T01:00:14.301+0000] {logging_mixin.py:149} INFO - [2026-09-13T01:00:14.301+0000] {dagbag.py:541} INFO - Filling up the DagBag from /opt/airflow/dags/2_bash_operator.py
[2026-09-13T01:00:14.329+0000] {processor.py:809} INFO - DAG(s) dict_keys(['2-bashoperator']) retrieved from /opt/airflow/dags/2_bash_operator.py
[2026-09-13T01:00:14.422+0000] {logging_mixin.py:149} INFO - [2026-09-13T01:00:14.421+0000] {dag.py:2726} INFO - Sync 1 DAGs
[2026-09-13T01:00:14.708+0000] {logging_mixin.py:149} INFO - [2026-09-13T01:00:14.708+0000] {dag.py:3490} INFO - Setting next_dagrun for 2-bashoperator to 2026-09-13T00:00:00+00:00, run_after=2026-09-14T00:00:00+00:00
[2026-09-13T01:00:14.770+0000] {processor.py:178} INFO - Processing /opt/airflow/dags/2_bash_operator.py took 0.485 seconds
[2026-09-13T01:00:45.059+0000] {processor.py:156} INFO - Started process (PID=160475) to work on /opt/airflow/dags/2_bash_operator.py
[2026-09-13T01:00:45.061+0000] {processor.py:799} INFO - Processing file /opt/airflow/dags/2_bash_operator.py for tasks to queue
[2026-09-13T01:00:45.062+0000] {logging_mixin.py:149} INFO - [2026-09-13T01:00:45.061+0000] {dagbag.py:541} INFO - Filling up the DagBag from /opt/airflow/dags/2_bash_operator.py
[2026-09-13T01:00:45.079+0000] {processor.py:809} INFO - DAG(s) dict_keys(['2-bashoperator']) retrieved from /opt/airflow/dags/2_bash_operator.py
[2026-09-13T01:00:45.159+0000] {logging_mixin.py:149} INFO - [2026-09-13T01:00:45.158+0000] {dag.py:2726} INFO - Sync 1 DAGs
[2026-09-13T01:00:45.439+0000] {logging_mixin.py:149} INFO - [2026-09-13T01:00:45.439+0000] {dag.py:3490} INFO - Setting next_dagrun for 2-bashoperator to 2026-09-13T00:00:00+00:00, run_after=2026-09-14T00:00:00+00:00
[2026-09-13T01:00:45.505+0000] {processor.py:178} INFO - Processing /opt/airflow/dags/2_bash_operator.py took 0.452 seconds
[2026-09-13T01:01:15.569+0000] {processor.py:156} INFO - Started process (PID=160488) to work on /opt/airflow/dags/2_bash_operator.py
[2026-09-13T01:01:15.572+0000] {processor.py:799} INFO - Processing file /opt/airflow/dags/2_bash_operator.py for tasks to queue
[2026-09-13T01:01:15.574+0000] {logging_mixin.py:149} INFO - [2026-09-13T01:01:15.574+0000] {dagbag.py:541} INFO - Filling up the DagBag from /opt/airflow/dags/2_bash_operator.py
[2026-09-13T01:01:15.594+0000] {processor.py:809} INFO - DAG(s) dict_keys(['2-bashoperator']) retrieved from /opt/airflow/dags/2_bash_operator.py
[2026-09-13T01:01:15.679+0000] {logging_mixin.py:149} INFO - [2026-09-13T01:01:15.679+0000] {dag.py:2726} INFO - Sync 1 DAGs
[2026-09-13T01:01:15.751+0000] {logging_mixin.py:149} INFO - [2026-09-13T01:01:15.750+0000] {dag.py:3490} INFO - Setting next_dagrun for 2-bashoperator to 2026-09-13T00:00:00+00:00, run_after=2026-09-14T00:00:00+00:00
[2026-09-13T01:01:15.820+0000] {processor.py:178} INFO - Processing /opt/airflow/dags/2_bash_operator.py took 0.262 seconds
[2026-09-13T01:01:46.016+0000] {processor.py:156} INFO - Started process (PID=160502) to work on /opt/airflow/dags/2_bash_operator.py
[2026-09-13T01:01:46.018+0000] {processor.py:799} INFO - Processing file /opt/airflow/dags/2_bash_operator.py for tasks to queue
[2026-09-13T01:01:46.019+0000] {logging_mixin.py:149} INFO - [2026-09-13T01:01:46.019+0000] {dagbag.py:541} INFO - Filling up the DagBag from /opt/airflow/dags/2_bash_operator.py
[2026-09-13T01:01:46.036+0000] {processor.py:809} INFO - DAG(s) dict_keys(['2-bashoperator']) retrieved from /opt/airflow/dags/2_bash_operator.py
[2026-09-13T01:01:46.118+0000] {logging_mixin.py:149} INFO - [2026-09-13T01:01:46.118+0000] {dag.py:2726} INFO - Sync 1 DAGs
[2026-09-13T01:01:46.182+0000] {logging_mixin.py:149} INFO - [2026-09-13T01:01:46.182+0000] {dag.py:3490} INFO - Setting next_dagrun for 2-bashoperator to 2026-09-13T00:00:00+00:00, run_after=2026-09-14T00:00:00+00:00
[2026-09-13T01:01:46.246+0000] {processor.py:178} INFO - Processing /opt/airflow/dags/2_bash_operator.py took 0.237 seconds
[2026-09-13T01:02:16.462+0000] {processor.py:156} INFO - Started process (PID=160516) to work on /opt/airflow/dags/2_bash_operator.py
[2026-09-13T01:02:16.466+0000] {processor.py:799} INFO - Processing file /opt/airflow/dags/2_bash_operator.py for tasks to queue
[2026-09-13T01:02:16.468+0000] {logging_mixin.py:149} INFO - [2026-09-13T01:02:16.467+0000] {dagbag.py:541} INFO - Filling up the DagBag from /opt/airflow/dags/2_bash_operator.py
[2026-09-13T01:02:16.492+0000] {processor.py:809} INFO - DAG(s) dict_keys(['2-bashoperator']) retrieved from /opt/airflow/dags/2_bash_operator.py
[2026-09-13T01:02:16.582+0000] {logging_mixin.py:149} INFO - [2026-09-13T01:02:16.582+0000] {dag.py:2726} INFO - Sync 1 DAGs
[2026-09-13T01:02:16.654+0000] {logging_mixin.py:149} INFO - [2026-09-13T01:02:16.653+0000] {dag.py:3490} INFO - Setting next_dagrun for 2-bashoperator to 2026-09-13T00:00:00+00:00, run_after=2026-09-14T00:00:00+00:00
[2026-09-13T01:02:16.723+0000] {processor.py:178} INFO - Processing /opt/airflow/dags/2_bash_operator.py took 0.273 seconds
[2026-09-13T01:02:47.233+0000] {processor.py:156} INFO - Started process (PID=160529) to work on /opt/airflow/dags/2_bash_operator.py
[2026-09-13T01:02:47.235+0000] {processor.py:799} INFO - Processing file /opt/airflow/dags/2_bash_operator.py for tasks to queue
[2026-09-13T01:02:47.236+0000] {logging_mixin.py:149} INFO - [2026-09-13T01:02:47.236+0000] {dagbag.py:541} INFO - Filling up the DagBag from /opt/airflow/dags/2_bash_operator.py
[2026-09-13T01:02:47.250+0000] {processor.py:809} INFO - DAG(s) dict_keys(['2-bashoperator']) retrieved from /opt/airflow/dags/2_bash_operator.py
[2026-09-13T01:02:47.302+0000] {logging_mixin.py:149} INFO - [2026-09-13T01:02:47.302+0000] {dag.py:2726} INFO - Sync 1 DAGs
[2026-09-13T01:02:47.346+0000] {logging_mixin.py:149} INFO - [2026-09-13T01:02:47.346+0000] {dag.py:3490} INFO - Setting next_dagrun for 2-bashoperator to 2026-09-13T00:00:00+00:00, run_after=2026-09-14T00:00:00+00:00
[2026-09-13T01:02:47.574+0000] {processor.py:178} INFO - Processing /opt/airflow/dags/2_bash_operator.py took 0.345 seconds
[2026-09-13T01:03:17.966+0000] {processor.py:156} INFO - Started process (PID=160544) to work on /opt/airflow/dags/2_bash_operator.py
[2026-09-13T01:03:17.972+0000] {processor.py:799} INFO - Processing file /opt/airflow/dags/2_bash_operator.py for tasks to queue
[2026-09-13T01:03:17.977+0000] {logging_mixin.py:149} INFO - [2026-09-13T01:03:17.974+0000] {dagbag.py:541} INFO - Filling up the DagBag from /opt/airflow/dags/2_bash_operator.py
[2026-09-13T01:03:18.013+0000] {processor.py:809} INFO - DAG(s) dict_keys(['2-bashoperator']) retrieved from /opt/airflow/dags/2_bash_operator.py
[2026-09-13T01:03:18.121+0000] {logging_mixin.py:149} INFO - [2026-09-13T01:03:18.121+0000] {dag.py:2726} INFO - Sync 1 DAGs
[2026-09-13T01:03:18.425+0000] {logging_mixin.py:149} INFO - [2026-09-13T01:03:18.425+0000] {dag.py:3490} INFO - Setting next_dagrun for 2-bashoperator to 2026-09-13T00:00:00+00:00, run_after=2026-09-14T00:00:00+00:00
[2026-09-13T01:03:18.477+0000] {processor.py:178} INFO - Processing /opt/airflow/dags/2_bash_operator.py took 0.521 seconds
[2026-09-13T01:03:48.603+0000] {processor.py:156} INFO - Started process (PID=160557) to work on /opt/airflow/dags/2_bash_operator.py
[2026-09-13T01:03:48.605+0000] {processor.py:799} INFO - Processing file /opt/airflow/dags/2_bash_operator.py for tasks to queue
[2026-09-13T01:03:48.606+0000] {logging_mixin.py:149} INFO - [2026-09-13T01:03:48.606+0000] {dagbag.py:541} INFO - Filling up the DagBag from /opt/airflow/dags/2_bash_operator.py
[2026-09-13T01:03:48.625+0000] {processor.py:809} INFO - DAG(s) dict_keys(['2-bashoperator']) retrieved from /opt/airflow/dags/2_bash_operator.py
[2026-09-13T01:03:48.697+0000] {logging_mixin.py:149} INFO - [2026-09-13T01:03:48.697+0000] {dag.py:2726} INFO - Sync 1 DAGs
[2026-09-13T01:03:48.745+0000] {logging_mixin.py:149} INFO - [2026-09-13T01:03:48.745+0000] {dag.py:3490} INFO - Setting next_dagrun for 2-bashoperator to 2026-09-13T00:00:00+00:00, run_after=2026-09-14T00:00:00+00:00
[2026-09-13T01:03:48.775+0000] {processor.py:178} INFO - Processing /opt/airflow/dags/2_bash_operator.py took 0.183 seconds
[2026-09-13T01:04:18.911+0000] {processor.py:156} INFO - Started process (PID=160571) to work on /opt/airflow/dags/2_bash_operator.py
[2026-09-13T01:04:18.915+0000] {processor.py:799} INFO - Processing file /opt/airflow/dags/2_bash_operator.py for tasks to queue
[2026-09-13T01:04:18.916+0000] {logging_mixin.py:149} INFO - [2026-09-13T01:04:18.916+0000] {dagbag.py:541} INFO - Filling up the DagBag from /opt/airflow/dags/2_bash_operator.py
[2026-09-13T01:04:18.932+0000] {processor.py:809} INFO - DAG(s) dict_keys(['2-bashoperator']) retrieved from /opt/airflow/dags/2_bash_operator.py
[2026-09-13T01:04:18.991+0000] {logging_mixin.py:149} INFO - [2026-09-13T01:04:18.990+0000] {dag.py:2726} INFO - Sync 1 DAGs
[2026-09-13T01:04:19.030+0000] {logging_mixin.py:149} INFO - [2026-09-13T01:04:19.030+0000] {dag.py:3490} INFO - Setting next_dagrun for 2-bashoperator to 2026-09-13T00:00:00+00:00, run_after=2026-09-14T00:00:00+00:00
[2026-09-13T01:04:19.067+0000] {processor.py:178} INFO - Processing /opt/airflow/dags/2_bash_operator.py took 0.161 seconds
[2026-09-13T01:04:49.288+0000] {processor.py:156} INFO - Started process (PID=160584) to work on /opt/airflow/dags/2_bash_operator.py
[2026-09-13T01:04:49.293+0000] {processor.py:799} INFO - Processing file /opt/airflow/dags/2_bash_operator.py for tasks to queue
[2026-09-13T01:04:49.300+0000] {logging_mixin.py:149} INFO - [2026-09-13T01:04:49.298+0000] {dagbag.py:541} INFO - Filling up the DagBag from /opt/airflow/dags/2_bash_operator.py
[2026-09-13T01:04:49.333+0000] {processor.py:809} INFO - DAG(s) dict_keys(['2-bashoperator']) retrieved from /opt/airflow/dags/2_bash_operator.py
[2026-09-13T01:04:49.428+0000] {logging_mixin.py:149} INFO - [2026-09-13T01:04:49.428+0000] {dag.py:2726} INFO - Sync 1 DAGs
[2026-09-13T01:04:49.484+0000] {logging_mixin.py:149} INFO - [2026-09-13T01:04:49.484+0000] {dag.py:3490} INFO - Setting next_dagrun for 2-bashoperator to 2026-09-13T00:00:00+00:00, run_after=2026-09-14T00:00:00+00:00
[2026-09-13T01:04:49.526+0000] {processor.py:178} INFO - Processing /opt/airflow/dags/2_bash_operator.py took 0.243 seconds
[2026-09-13T01:05:19.790+0000] {processor.py:156} INFO - Started process (PID=160598) to work on /opt/airflow/dags/2_bash_operator.py
[2026-09-13T01:05:19.794+0000] {processor.py:799} INFO - Processing file /opt/airflow/dags/2_bash_operator.py for tasks to queue
[2026-09-13T01:05:19.796+0000] {logging_mixin.py:149} INFO - [2026-09-13T01:05:19.795+0000] {dagbag.py:541} INFO - Filling up the DagBag from /opt/airflow/dags/2_bash_operator.py
[2026-09-13T01:05:19.825+0000] {processor.py:809} INFO - DAG(s) dict_keys(['2-bashoperator']) retrieved from /opt/airflow/dags/2_bash_operator.py
[2026-09-13T01:05:19.906+0000] {logging_mixin.py:149} INFO - [2026-09-13T01:05:19.905+0000] {dag.py:2726} INFO - Sync 1 DAGs
[2026-09-13T01:05:19.973+0000] {logging_mixin.py:149} INFO - [2026-09-13T01:05:19.972+0000] {dag.py:3490} INFO - Setting next_dagrun for 2-bashoperator to 2026-09-13T00:00:00+00:00, run_after=2026-09-14T00:00:00+00:00
[2026-09-13T01:05:20.331+0000] {processor.py:178} INFO - Processing /opt/airflow/dags/2_bash_operator.py took 0.553 seconds
[2026-09-13T01:05:50.952+0000] {processor.py:156} INFO - Started process (PID=160613) to work on /opt/airflow/dags/2_bash_operator.py
[2026-09-13T01:05:50.960+0000] {processor.py:799} INFO - Processing file /opt/airflow/dags/2_bash_operator.py for tasks to queue
[2026-09-13T01:05:50.963+0000] {logging_mixin.py:149} INFO - [2026-09-13T01:05:50.962+0000] {dagbag.py:541} INFO - Filling up the DagBag from /opt/airflow/dags/2_bash_operator.py
[2026-09-13T01:05:50.987+0000] {processor.py:809} INFO - DAG(s) dict_keys(['2-bashoperator']) retrieved from /opt/airflow/dags/2_bash_operator.py
[2026-09-13T01:05:51.077+0000] {logging_mixin.py:149} INFO - [2026-09-13T01:05:51.077+0000] {dag.py:2726} INFO - Sync 1 DAGs
[2026-09-13T01:05:51.386+0000] {logging_mixin.py:149} INFO - [2026-09-13T01:05:51.385+0000] {dag.py:3490} INFO - Setting next_dagrun for 2-bashoperator to 2026-09-13T00:00:00+00:00, run_after=2026-09-14T00:00:00+00:00
[2026-09-13T01:05:51.408+0000] {processor.py:178} INFO - Processing /opt/airflow/dags/2_bash_operator.py took 0.468 seconds
[2026-09-13T01:06:21.740+0000] {processor.py:156} INFO - Started process (PID=160626) to work on /opt/airflow/dags/2_bash_operator.py
[2026-09-13T01:06:21.752+0000] {processor.py:799} INFO - Processing file /opt/airflow/dags/2_bash_operator.py for tasks to queue
[2026-09-13T01:06:21.757+0000] {logging_mixin.py:149} INFO - [2026-09-13T01:06:21.757+0000] {dagbag.py:541} INFO - Filling up the DagBag from /opt/airflow/dags/2_bash_operator.py
[2026-09-13T01:06:21.791+0000] {processor.py:809} INFO - DAG(s) dict_keys(['2-bashoperator']) retrieved from /opt/airflow/dags/2_bash_operator.py
[2026-09-13T01:06:21.873+0000] {logging_mixin.py:149} INFO - [2026-09-13T01:06:21.872+0000] {dag.py:2726} INFO - Sync 1 DAGs
[2026-09-13T01:06:22.173+0000] {logging_mixin.py:149} INFO - [2026-09-13T01:06:22.173+0000] {dag.py:3490} INFO - Setting next_dagrun for 2-bashoperator to 2026-09-13T00:00:00+00:00, run_after=2026-09-14T00:00:00+00:00
[2026-09-13T01:06:22.227+0000] {processor.py:178} INFO - Processing /opt/airflow/dags/2_bash_operator.py took 0.495 seconds
[2026-09-13T01:06:52.282+0000] {processor.py:156} INFO - Started process (PID=160639) to work on /opt/airflow/dags/2_bash_operator.py
[2026-09-13T01:06:52.285+0000] {processor.py:799} INFO - Processing file /opt/airflow/dags/2_bash_operator.py for tasks to queue
[2026-09-13T01:06:52.286+0000] {logging_mixin.py:149} INFO - [2026-09-13T01:06:52.286+0000] {dagbag.py:541} INFO - Filling up the DagBag from /opt/airflow/dags/2_bash_operator.py
[2026-09-13T01:06:52.312+0000] {processor.py:809} INFO - DAG(s) dict_keys(['2-bashoperator']) retrieved from /opt/airflow/dags/2_bash_operator.py
[2026-09-13T01:06:52.393+0000] {logging_mixin.py:149} INFO - [2026-09-13T01:06:52.392+0000] {dag.py:2726} INFO - Sync 1 DAGs
[2026-09-13T01:06:52.444+0000] {logging_mixin.py:149} INFO - [2026-09-13T01:06:52.443+0000] {dag.py:3490} INFO - Setting next_dagrun for 2-bashoperator to 2026-09-13T00:00:00+00:00, run_after=2026-09-14T00:00:00+00:00
[2026-09-13T01:06:52.474+0000] {processor.py:178} INFO - Processing /opt/airflow/dags/2_bash_operator.py took 0.202 seconds
[2026-09-13T01:07:22.678+0000] {processor.py:156} INFO - Started process (PID=160652) to work on /opt/airflow/dags/2_bash_operator.py
[2026-09-13T01:07:22.681+0000] {processor.py:799} INFO - Processing file /opt/airflow/dags/2_bash_operator.py for tasks to queue
[2026-09-13T01:07:22.683+0000] {logging_mixin.py:149} INFO - [2026-09-13T01:07:22.683+0000] {dagbag.py:541} INFO - Filling up the DagBag from /opt/airflow/dags/2_bash_operator.py
[2026-09-13T01:07:22.706+0000] {processor.py:809} INFO - DAG(s) dict_keys(['2-bashoperator']) retrieved from /opt/airflow/dags/2_bash_operator.py
[2026-09-13T01:07:22.781+0000] {logging_mixin.py:149} INFO - [2026-09-13T01:07:22.781+0000] {dag.py:2726} INFO - Sync 1 DAGs
[2026-09-13T01:07:22.836+0000] {logging_mixin.py:149} INFO - [2026-09-13T01:07:22.835+0000] {dag.py:3490} INFO - Setting next_dagrun for 2-bashoperator to 2026-09-13T00:00:00+00:00, run_after=2026-09-14T00:00:00+00:00
[2026-09-13T01:07:22.914+0000] {processor.py:178} INFO - Processing /opt/airflow/dags/2_bash_operator.py took 0.252 seconds
[2026-09-13T01:07:53.081+0000] {processor.py:156} INFO - Started process (PID=160666) to work on /opt/airflow/dags/2_bash_operator.py
[2026-09-13T01:07:53.084+0000] {processor.py:799} INFO - Processing file /opt/airflow/dags/2_bash_operator.py for tasks to queue
[2026-09-13T01:07:53.086+0000] {logging_mixin.py:149} INFO - [2026-09-13T01:07:53.085+0000] {dagbag.py:541} INFO - Filling up the DagBag from /opt/airflow/dags/2_bash_operator.py
[2026-09-13T01:07:53.108+0000] {processor.py:809} INFO - DAG(s) dict_keys(['2-bashoperator']) retrieved from /opt/airflow/dags/2_bash_operator.py
[2026-09-13T01:07:53.189+0000] {logging_mixin.py:149} INFO - [2026-09-13T01:07:53.189+0000] {dag.py:2726} INFO - Sync 1 DAGs
[2026-09-13T01:07:53.246+0000] {logging_mixin.py:149} INFO - [2026-09-13T01:07:53.246+0000] {dag.py:3490} INFO - Setting next_dagrun for 2-bashoperator to 2026-09-13T00:00:00+00:00, run_after=2026-09-14T00:00:00+00:00
[2026-09-13T01:07:53.309+0000] {processor.py:178} INFO - Processing /opt/airflow/dags/2_bash_operator.py took 0.238 seconds
[2026-09-13T01:08:23.641+0000] {processor.py:156} INFO - Started process (PID=160680) to work on /opt/airflow/dags/2_bash_operator.py
[2026-09-13T01:08:23.657+0000] {processor.py:799} INFO - Processing file /opt/airflow/dags/2_bash_operator.py for tasks to queue
[2026-09-13T01:08:23.658+0000] {logging_mixin.py:149} INFO - [2026-09-13T01:08:23.658+0000] {dagbag.py:541} INFO - Filling up the DagBag from /opt/airflow/dags/2_bash_operator.py
[2026-09-13T01:08:23.689+0000] {processor.py:809} INFO - DAG(s) dict_keys(['2-bashoperator']) retrieved from /opt/airflow/dags/2_bash_operator.py
[2026-09-13T01:08:23.737+0000] {logging_mixin.py:149} INFO - [2026-09-13T01:08:23.737+0000] {dag.py:2726} INFO - Sync 1 DAGs
[2026-09-13T01:08:23.983+0000] {logging_mixin.py:149} INFO - [2026-09-13T01:08:23.983+0000] {dag.py:3490} INFO - Setting next_dagrun for 2-bashoperator to 2026-09-13T00:00:00+00:00, run_after=2026-09-14T00:00:00+00:00
[2026-09-13T01:08:24.006+0000] {processor.py:178} INFO - Processing /opt/airflow/dags/2_bash_operator.py took 0.372 seconds
[2026-09-13T01:08:54.242+0000] {processor.py:156} INFO - Started process (PID=160694) to work on /opt/airflow/dags/2_bash_operator.py
[2026-09-13T01:08:54.246+0000] {processor.py:799} INFO - Processing file /opt/airflow/dags/2_bash_operator.py for tasks to queue
[2026-09-13T01:08:54.248+0000] {logging_mixin.py:149} INFO - [2026-09-13T01:08:54.248+0000] {dagbag.py:541} INFO - Filling up the DagBag from /opt/airflow/dags/2_bash_operator.py
[2026-09-13T01:08:54.282+0000] {processor.py:809} INFO - DAG(s) dict_keys(['2-bashoperator']) retrieved from /opt/airflow/dags/2_bash_operator.py
[2026-09-13T01:08:54.339+0000] {logging_mixin.py:149} INFO - [2026-09-13T01:08:54.339+0000] {dag.py:2726} INFO - Sync 1 DAGs
[2026-09-13T01:08:54.634+0000] {logging_mixin.py:149} INFO - [2026-09-13T01:08:54.634+0000] {dag.py:3490} INFO - Setting next_dagrun for 2-bashoperator to 2026-09-13T00:00:00+00:00, run_after=2026-09-14T00:00:00+00:00
[2026-09-13T01:08:54.663+0000] {processor.py:178} INFO - Processing /opt/airflow/dags/2_bash_operator.py took 0.427 seconds
[2026-09-13T01:09:24.828+0000] {processor.py:156} INFO - Started process (PID=160708) to work on /opt/airflow/dags/2_bash_operator.py
[2026-09-13T01:09:24.832+0000] {processor.py:799} INFO - Processing file /opt/airflow/dags/2_bash_operator.py for tasks to queue
[2026-09-13T01:09:24.834+0000] {logging_mixin.py:149} INFO - [2026-09-13T01:09:24.833+0000] {dagbag.py:541} INFO - Filling up the DagBag from /opt/airflow/dags/2_bash_operator.py
[2026-09-13T01:09:24.862+0000] {processor.py:809} INFO - DAG(s) dict_keys(['2-bashoperator']) retrieved from /opt/airflow/dags/2_bash_operator.py
[2026-09-13T01:09:24.953+0000] {logging_mixin.py:149} INFO - [2026-09-13T01:09:24.952+0000] {dag.py:2726} INFO - Sync 1 DAGs
[2026-09-13T01:09:25.025+0000] {logging_mixin.py:149} INFO - [2026-09-13T01:09:25.024+0000] {dag.py:3490} INFO - Setting next_dagrun for 2-bashoperator to 2026-09-13T00:00:00+00:00, run_after=2026-09-14T00:00:00+00:00
[2026-09-13T01:09:25.078+0000] {processor.py:178} INFO - Processing /opt/airflow/dags/2_bash_operator.py took 0.261 seconds
[2026-09-13T01:09:55.219+0000] {processor.py:156} INFO - Started process (PID=160721) to work on /opt/airflow/dags/2_bash_operator.py
[2026-09-13T01:09:55.222+0000] {processor.py:799} INFO - Processing file /opt/airflow/dags/2_bash_operator.py for tasks to queue
[2026-09-13T01:09:55.223+0000] {logging_mixin.py:149} INFO - [2026-09-13T01:09:55.223+0000] {dagbag.py:541} INFO - Filling up the DagBag from /opt/airflow/dags/2_bash_operator.py
[2026-09-13T01:09:55.253+0000] {processor.py:809} INFO - DAG(s) dict_keys(['2-bashoperator']) retrieved from /opt/airflow/dags/2_bash_operator.py
[2026-09-13T01:09:55.328+0000] {logging_mixin.py:149} INFO - [2026-09-13T01:09:55.328+0000] {dag.py:2726} INFO - Sync 1 DAGs
[2026-09-13T01:09:55.399+0000] {logging_mixin.py:149} INFO - [2026-09-13T01:09:55.398+0000] {dag.py:3490} INFO - Setting next_dagrun for 2-bashoperator to 2026-09-13T00:00:00+00:00, run_after=2026-09-14T00:00:00+00:00
[2026-09-13T01:09:55.465+0000] {processor.py:178} INFO - Processing /opt/airflow/dags/2_bash_operator.py took 0.253 seconds
[2026-09-13T01:10:25.685+0000] {processor.py:156} INFO - Started process (PID=160736) to work on /opt/airflow/dags/2_bash_operator.py
[2026-09-13T01:10:25.689+0000] {processor.py:799} INFO - Processing file /opt/airflow/dags/2_bash_operator.py for tasks to queue
[2026-09-13T01:10:25.692+0000] {logging_mixin.py:149} INFO - [2026-09-13T01:10:25.691+0000] {dagbag.py:541} INFO - Filling up the DagBag from /opt/airflow/dags/2_bash_operator.py
[2026-09-13T01:10:25.722+0000] {processor.py:809} INFO - DAG(s) dict_keys(['2-bashoperator']) retrieved from /opt/airflow/dags/2_bash_operator.py
[2026-09-13T01:10:25.797+0000] {logging_mixin.py:149} INFO - [2026-09-13T01:10:25.797+0000] {dag.py:2726} INFO - Sync 1 DAGs
[2026-09-13T01:10:25.860+0000] {logging_mixin.py:149} INFO - [2026-09-13T01:10:25.859+0000] {dag.py:3490} INFO - Setting next_dagrun for 2-bashoperator to 2026-09-13T00:00:00+00:00, run_after=2026-09-14T00:00:00+00:00
[2026-09-13T01:10:25.915+0000] {processor.py:178} INFO - Processing /opt/airflow/dags/2_bash_operator.py took 0.238 seconds
[2026-09-13T01:10:56.345+0000] {processor.py:156} INFO - Started process (PID=160749) to work on /opt/airflow/dags/2_bash_operator.py
[2026-09-13T01:10:56.350+0000] {processor.py:799} INFO - Processing file /opt/airflow/dags/2_bash_operator.py for tasks to queue
[2026-09-13T01:10:56.351+0000] {logging_mixin.py:149} INFO - [2026-09-13T01:10:56.351+0000] {dagbag.py:541} INFO - Filling up the DagBag from /opt/airflow/dags/2_bash_operator.py
[2026-09-13T01:10:56.375+0000] {processor.py:809} INFO - DAG(s) dict_keys(['2-bashoperator']) retrieved from /opt/airflow/dags/2_bash_operator.py
[2026-09-13T01:10:56.459+0000] {logging_mixin.py:149} INFO - [2026-09-13T01:10:56.458+0000] {dag.py:2726} INFO - Sync 1 DAGs
[2026-09-13T01:10:56.530+0000] {logging_mixin.py:149} INFO - [2026-09-13T01:10:56.529+0000] {dag.py:3490} INFO - Setting next_dagrun for 2-bashoperator to 2026-09-13T00:00:00+00:00, run_after=2026-09-14T00:00:00+00:00
[2026-09-13T01:10:56.814+0000] {processor.py:178} INFO - Processing /opt/airflow/dags/2_bash_operator.py took 0.478 seconds
[2026-09-13T01:11:27.141+0000] {processor.py:156} INFO - Started process (PID=160763) to work on /opt/airflow/dags/2_bash_operator.py
[2026-09-13T01:11:27.145+0000] {processor.py:799} INFO - Processing file /opt/airflow/dags/2_bash_operator.py for tasks to queue
[2026-09-13T01:11:27.147+0000] {logging_mixin.py:149} INFO - [2026-09-13T01:11:27.147+0000] {dagbag.py:541} INFO - Filling up the DagBag from /opt/airflow/dags/2_bash_operator.py
[2026-09-13T01:11:27.174+0000] {processor.py:809} INFO - DAG(s) dict_keys(['2-bashoperator']) retrieved from /opt/airflow/dags/2_bash_operator.py
[2026-09-13T01:11:27.264+0000] {logging_mixin.py:149} INFO - [2026-09-13T01:11:27.263+0000] {dag.py:2726} INFO - Sync 1 DAGs
[2026-09-13T01:11:27.551+0000] {logging_mixin.py:149} INFO - [2026-09-13T01:11:27.551+0000] {dag.py:3490} INFO - Setting next_dagrun for 2-bashoperator to 2026-09-13T00:00:00+00:00, run_after=2026-09-14T00:00:00+00:00
[2026-09-13T01:11:27.604+0000] {processor.py:178} INFO - Processing /opt/airflow/dags/2_bash_operator.py took 0.473 seconds
[2026-09-13T01:11:57.996+0000] {processor.py:156} INFO - Started process (PID=160777) to work on /opt/airflow/dags/2_bash_operator.py
[2026-09-13T01:11:58.001+0000] {processor.py:799} INFO - Processing file /opt/airflow/dags/2_bash_operator.py for tasks to queue
[2026-09-13T01:11:58.004+0000] {logging_mixin.py:149} INFO - [2026-09-13T01:11:58.004+0000] {dagbag.py:541} INFO - Filling up the DagBag from /opt/airflow/dags/2_bash_operator.py
[2026-09-13T01:11:58.033+0000] {processor.py:809} INFO - DAG(s) dict_keys(['2-bashoperator']) retrieved from /opt/airflow/dags/2_bash_operator.py
[2026-09-13T01:11:58.120+0000] {logging_mixin.py:149} INFO - [2026-09-13T01:11:58.119+0000] {dag.py:2726} INFO - Sync 1 DAGs
[2026-09-13T01:11:58.403+0000] {logging_mixin.py:149} INFO - [2026-09-13T01:11:58.403+0000] {dag.py:3490} INFO - Setting next_dagrun for 2-bashoperator to 2026-09-13T00:00:00+00:00, run_after=2026-09-14T00:00:00+00:00
[2026-09-13T01:11:58.459+0000] {processor.py:178} INFO - Processing /opt/airflow/dags/2_bash_operator.py took 0.474 seconds
[2026-09-13T01:12:29.371+0000] {processor.py:156} INFO - Started process (PID=160790) to work on /opt/airflow/dags/2_bash_operator.py
[2026-09-13T01:12:29.374+0000] {processor.py:799} INFO - Processing file /opt/airflow/dags/2_bash_operator.py for tasks to queue
[2026-09-13T01:12:29.376+0000] {logging_mixin.py:149} INFO - [2026-09-13T01:12:29.376+0000] {dagbag.py:541} INFO - Filling up the DagBag from /opt/airflow/dags/2_bash_operator.py
[2026-09-13T01:12:29.400+0000] {processor.py:809} INFO - DAG(s) dict_keys(['2-bashoperator']) retrieved from /opt/airflow/dags/2_bash_operator.py
[2026-09-13T01:12:29.484+0000] {logging_mixin.py:149} INFO - [2026-09-13T01:12:29.484+0000] {dag.py:2726} INFO - Sync 1 DAGs
[2026-09-13T01:12:29.551+0000] {logging_mixin.py:149} INFO - [2026-09-13T01:12:29.551+0000] {dag.py:3490} INFO - Setting next_dagrun for 2-bashoperator to 2026-09-13T00:00:00+00:00, run_after=2026-09-14T00:00:00+00:00
[2026-09-13T01:12:29.612+0000] {processor.py:178} INFO - Processing /opt/airflow/dags/2_bash_operator.py took 0.250 seconds
[2026-09-13T01:12:59.826+0000] {processor.py:156} INFO - Started process (PID=160804) to work on /opt/airflow/dags/2_bash_operator.py
[2026-09-13T01:12:59.830+0000] {processor.py:799} INFO - Processing file /opt/airflow/dags/2_bash_operator.py for tasks to queue
[2026-09-13T01:12:59.832+0000] {logging_mixin.py:149} INFO - [2026-09-13T01:12:59.831+0000] {dagbag.py:541} INFO - Filling up the DagBag from /opt/airflow/dags/2_bash_operator.py
[2026-09-13T01:12:59.855+0000] {processor.py:809} INFO - DAG(s) dict_keys(['2-bashoperator']) retrieved from /opt/airflow/dags/2_bash_operator.py
[2026-09-13T01:12:59.944+0000] {logging_mixin.py:149} INFO - [2026-09-13T01:12:59.944+0000] {dag.py:2726} INFO - Sync 1 DAGs
[2026-09-13T01:13:00.011+0000] {logging_mixin.py:149} INFO - [2026-09-13T01:13:00.011+0000] {dag.py:3490} INFO - Setting next_dagrun for 2-bashoperator to 2026-09-13T00:00:00+00:00, run_after=2026-09-14T00:00:00+00:00
[2026-09-13T01:13:00.085+0000] {processor.py:178} INFO - Processing /opt/airflow/dags/2_bash_operator.py took 0.270 seconds
[2026-09-13T01:13:30.157+0000] {processor.py:156} INFO - Started process (PID=160818) to work on /opt/airflow/dags/2_bash_operator.py
[2026-09-13T01:13:30.161+0000] {processor.py:799} INFO - Processing file /opt/airflow/dags/2_bash_operator.py for tasks to queue
[2026-09-13T01:13:30.162+0000] {logging_mixin.py:149} INFO - [2026-09-13T01:13:30.162+0000] {dagbag.py:541} INFO - Filling up the DagBag from /opt/airflow/dags/2_bash_operator.py
[2026-09-13T01:13:30.194+0000] {processor.py:809} INFO - DAG(s) dict_keys(['2-bashoperator']) retrieved from /opt/airflow/dags/2_bash_operator.py
[2026-09-13T01:13:30.298+0000] {logging_mixin.py:149} INFO - [2026-09-13T01:13:30.297+0000] {dag.py:2726} INFO - Sync 1 DAGs
[2026-09-13T01:13:30.379+0000] {logging_mixin.py:149} INFO - [2026-09-13T01:13:30.378+0000] {dag.py:3490} INFO - Setting next_dagrun for 2-bashoperator to 2026-09-13T00:00:00+00:00, run_after=2026-09-14T00:00:00+00:00
[2026-09-13T01:13:30.444+0000] {processor.py:178} INFO - Processing /opt/airflow/dags/2_bash_operator.py took 0.298 seconds
[2026-09-13T01:14:00.905+0000] {processor.py:156} INFO - Started process (PID=160833) to work on /opt/airflow/dags/2_bash_operator.py
[2026-09-13T01:14:00.909+0000] {processor.py:799} INFO - Processing file /opt/airflow/dags/2_bash_operator.py for tasks to queue
[2026-09-13T01:14:00.911+0000] {logging_mixin.py:149} INFO - [2026-09-13T01:14:00.910+0000] {dagbag.py:541} INFO - Filling up the DagBag from /opt/airflow/dags/2_bash_operator.py
[2026-09-13T01:14:00.941+0000] {processor.py:809} INFO - DAG(s) dict_keys(['2-bashoperator']) retrieved from /opt/airflow/dags/2_bash_operator.py
[2026-09-13T01:14:01.024+0000] {logging_mixin.py:149} INFO - [2026-09-13T01:14:01.023+0000] {dag.py:2726} INFO - Sync 1 DAGs
[2026-09-13T01:14:01.279+0000] {logging_mixin.py:149} INFO - [2026-09-13T01:14:01.279+0000] {dag.py:3490} INFO - Setting next_dagrun for 2-bashoperator to 2026-09-13T00:00:00+00:00, run_after=2026-09-14T00:00:00+00:00
[2026-09-13T01:14:01.303+0000] {processor.py:178} INFO - Processing /opt/airflow/dags/2_bash_operator.py took 0.408 seconds
[2026-09-13T01:14:31.686+0000] {processor.py:156} INFO - Started process (PID=160848) to work on /opt/airflow/dags/2_bash_operator.py
[2026-09-13T01:14:31.691+0000] {processor.py:799} INFO - Processing file /opt/airflow/dags/2_bash_operator.py for tasks to queue
[2026-09-13T01:14:31.692+0000] {logging_mixin.py:149} INFO - [2026-09-13T01:14:31.692+0000] {dagbag.py:541} INFO - Filling up the DagBag from /opt/airflow/dags/2_bash_operator.py
[2026-09-13T01:14:31.735+0000] {processor.py:809} INFO - DAG(s) dict_keys(['2-bashoperator']) retrieved from /opt/airflow/dags/2_bash_operator.py
[2026-09-13T01:14:31.814+0000] {logging_mixin.py:149} INFO - [2026-09-13T01:14:31.814+0000] {dag.py:2726} INFO - Sync 1 DAGs
[2026-09-13T01:14:32.121+0000] {logging_mixin.py:149} INFO - [2026-09-13T01:14:32.121+0000] {dag.py:3490} INFO - Setting next_dagrun for 2-bashoperator to 2026-09-13T00:00:00+00:00, run_after=2026-09-14T00:00:00+00:00
[2026-09-13T01:14:32.157+0000] {processor.py:178} INFO - Processing /opt/airflow/dags/2_bash_operator.py took 0.491 seconds
[2026-09-13T01:15:02.336+0000] {processor.py:156} INFO - Started process (PID=160862) to work on /opt/airflow/dags/2_bash_operator.py
[2026-09-13T01:15:02.340+0000] {processor.py:799} INFO - Processing file /opt/airflow/dags/2_bash_operator.py for tasks to queue
[2026-09-13T01:15:02.342+0000] {logging_mixin.py:149} INFO - [2026-09-13T01:15:02.342+0000] {dagbag.py:541} INFO - Filling up the DagBag from /opt/airflow/dags/2_bash_operator.py
[2026-09-13T01:15:02.373+0000] {processor.py:809} INFO - DAG(s) dict_keys(['2-bashoperator']) retrieved from /opt/airflow/dags/2_bash_operator.py
[2026-09-13T01:15:02.687+0000] {logging_mixin.py:149} INFO - [2026-09-13T01:15:02.687+0000] {dag.py:2726} INFO - Sync 1 DAGs
[2026-09-13T01:15:02.721+0000] {logging_mixin.py:149} INFO - [2026-09-13T01:15:02.721+0000] {dag.py:3490} INFO - Setting next_dagrun for 2-bashoperator to 2026-09-13T00:00:00+00:00, run_after=2026-09-14T00:00:00+00:00
[2026-09-13T01:15:02.745+0000] {processor.py:178} INFO - Processing /opt/airflow/dags/2_bash_operator.py took 0.423 seconds
[2026-09-13T01:15:32.981+0000] {processor.py:156} INFO - Started process (PID=160876) to work on /opt/airflow/dags/2_bash_operator.py
[2026-09-13T01:15:32.984+0000] {processor.py:799} INFO - Processing file /opt/airflow/dags/2_bash_operator.py for tasks to queue
[2026-09-13T01:15:32.987+0000] {logging_mixin.py:149} INFO - [2026-09-13T01:15:32.986+0000] {dagbag.py:541} INFO - Filling up the DagBag from /opt/airflow/dags/2_bash_operator.py
[2026-09-13T01:15:33.011+0000] {processor.py:809} INFO - DAG(s) dict_keys(['2-bashoperator']) retrieved from /opt/airflow/dags/2_bash_operator.py
[2026-09-13T01:15:33.102+0000] {logging_mixin.py:149} INFO - [2026-09-13T01:15:33.101+0000] {dag.py:2726} INFO - Sync 1 DAGs
[2026-09-13T01:15:33.176+0000] {logging_mixin.py:149} INFO - [2026-09-13T01:15:33.176+0000] {dag.py:3490} INFO - Setting next_dagrun for 2-bashoperator to 2026-09-13T00:00:00+00:00, run_after=2026-09-14T00:00:00+00:00
[2026-09-13T01:15:33.247+0000] {processor.py:178} INFO - Processing /opt/airflow/dags/2_bash_operator.py took 0.279 seconds
[2026-09-13T01:16:03.456+0000] {processor.py:156} INFO - Started process (PID=160891) to work on /opt/airflow/dags/2_bash_operator.py
[2026-09-13T01:16:03.459+0000] {processor.py:799} INFO - Processing file /opt/airflow/dags/2_bash_operator.py for tasks to queue
[2026-09-13T01:16:03.461+0000] {logging_mixin.py:149} INFO - [2026-09-13T01:16:03.461+0000] {dagbag.py:541} INFO - Filling up the DagBag from /opt/airflow/dags/2_bash_operator.py
[2026-09-13T01:16:03.487+0000] {processor.py:809} INFO - DAG(s) dict_keys(['2-bashoperator']) retrieved from /opt/airflow/dags/2_bash_operator.py
[2026-09-13T01:16:03.580+0000] {logging_mixin.py:149} INFO - [2026-09-13T01:16:03.579+0000] {dag.py:2726} INFO - Sync 1 DAGs
[2026-09-13T01:16:03.654+0000] {logging_mixin.py:149} INFO - [2026-09-13T01:16:03.653+0000] {dag.py:3490} INFO - Setting next_dagrun for 2-bashoperator to 2026-09-13T00:00:00+00:00, run_after=2026-09-14T00:00:00+00:00
[2026-09-13T01:16:03.715+0000] {processor.py:178} INFO - Processing /opt/airflow/dags/2_bash_operator.py took 0.270 seconds
[2026-09-13T01:16:34.597+0000] {processor.py:156} INFO - Started process (PID=160905) to work on /opt/airflow/dags/2_bash_operator.py
[2026-09-13T01:16:34.601+0000] {processor.py:799} INFO - Processing file /opt/airflow/dags/2_bash_operator.py for tasks to queue
[2026-09-13T01:16:34.603+0000] {logging_mixin.py:149} INFO - [2026-09-13T01:16:34.602+0000] {dagbag.py:541} INFO - Filling up the DagBag from /opt/airflow/dags/2_bash_operator.py
[2026-09-13T01:16:34.632+0000] {processor.py:809} INFO - DAG(s) dict_keys(['2-bashoperator']) retrieved from /opt/airflow/dags/2_bash_operator.py
[2026-09-13T01:16:34.720+0000] {logging_mixin.py:149} INFO - [2026-09-13T01:16:34.720+0000] {dag.py:2726} INFO - Sync 1 DAGs
[2026-09-13T01:16:34.796+0000] {logging_mixin.py:149} INFO - [2026-09-13T01:16:34.796+0000] {dag.py:3490} INFO - Setting next_dagrun for 2-bashoperator to 2026-09-13T00:00:00+00:00, run_after=2026-09-14T00:00:00+00:00
[2026-09-13T01:16:35.061+0000] {processor.py:178} INFO - Processing /opt/airflow/dags/2_bash_operator.py took 0.477 seconds
[2026-09-13T01:17:05.388+0000] {processor.py:156} INFO - Started process (PID=160919) to work on /opt/airflow/dags/2_bash_operator.py
[2026-09-13T01:17:05.392+0000] {processor.py:799} INFO - Processing file /opt/airflow/dags/2_bash_operator.py for tasks to queue
[2026-09-13T01:17:05.393+0000] {logging_mixin.py:149} INFO - [2026-09-13T01:17:05.393+0000] {dagbag.py:541} INFO - Filling up the DagBag from /opt/airflow/dags/2_bash_operator.py
[2026-09-13T01:17:05.419+0000] {processor.py:809} INFO - DAG(s) dict_keys(['2-bashoperator']) retrieved from /opt/airflow/dags/2_bash_operator.py
[2026-09-13T01:17:05.505+0000] {logging_mixin.py:149} INFO - [2026-09-13T01:17:05.505+0000] {dag.py:2726} INFO - Sync 1 DAGs
[2026-09-13T01:17:05.807+0000] {logging_mixin.py:149} INFO - [2026-09-13T01:17:05.806+0000] {dag.py:3490} INFO - Setting next_dagrun for 2-bashoperator to 2026-09-13T00:00:00+00:00, run_after=2026-09-14T00:00:00+00:00
[2026-09-13T01:17:05.870+0000] {processor.py:178} INFO - Processing /opt/airflow/dags/2_bash_operator.py took 0.492 seconds
[2026-09-13T01:17:36.205+0000] {processor.py:156} INFO - Started process (PID=160933) to work on /opt/airflow/dags/2_bash_operator.py
[2026-09-13T01:17:36.208+0000] {processor.py:799} INFO - Processing file /opt/airflow/dags/2_bash_operator.py for tasks to queue
[2026-09-13T01:17:36.210+0000] {logging_mixin.py:149} INFO - [2026-09-13T01:17:36.210+0000] {dagbag.py:541} INFO - Filling up the DagBag from /opt/airflow/dags/2_bash_operator.py
[2026-09-13T01:17:36.236+0000] {processor.py:809} INFO - DAG(s) dict_keys(['2-bashoperator']) retrieved from /opt/airflow/dags/2_bash_operator.py
[2026-09-13T01:17:36.315+0000] {logging_mixin.py:149} INFO - [2026-09-13T01:17:36.314+0000] {dag.py:2726} INFO - Sync 1 DAGs
[2026-09-13T01:17:36.616+0000] {logging_mixin.py:149} INFO - [2026-09-13T01:17:36.615+0000] {dag.py:3490} INFO - Setting next_dagrun for 2-bashoperator to 2026-09-13T00:00:00+00:00, run_after=2026-09-14T00:00:00+00:00
[2026-09-13T01:17:36.662+0000] {processor.py:178} INFO - Processing /opt/airflow/dags/2_bash_operator.py took 0.467 seconds
[2026-09-13T01:18:07.008+0000] {processor.py:156} INFO - Started process (PID=160947) to work on /opt/airflow/dags/2_bash_operator.py
[2026-09-13T01:18:07.011+0000] {processor.py:799} INFO - Processing file /opt/airflow/dags/2_bash_operator.py for tasks to queue
[2026-09-13T01:18:07.013+0000] {logging_mixin.py:149} INFO - [2026-09-13T01:18:07.013+0000] {dagbag.py:541} INFO - Filling up the DagBag from /opt/airflow/dags/2_bash_operator.py
[2026-09-13T01:18:07.039+0000] {processor.py:809} INFO - DAG(s) dict_keys(['2-bashoperator']) retrieved from /opt/airflow/dags/2_bash_operator.py
[2026-09-13T01:18:07.123+0000] {logging_mixin.py:149} INFO - [2026-09-13T01:18:07.122+0000] {dag.py:2726} INFO - Sync 1 DAGs
[2026-09-13T01:18:07.201+0000] {logging_mixin.py:149} INFO - [2026-09-13T01:18:07.200+0000] {dag.py:3490} INFO - Setting next_dagrun for 2-bashoperator to 2026-09-13T00:00:00+00:00, run_after=2026-09-14T00:00:00+00:00
[2026-09-13T01:18:07.260+0000] {processor.py:178} INFO - Processing /opt/airflow/dags/2_bash_operator.py took 0.263 seconds
[2026-09-13T01:18:37.409+0000] {processor.py:156} INFO - Started process (PID=160961) to work on /opt/airflow/dags/2_bash_operator.py
[2026-09-13T01:18:37.413+0000] {processor.py:799} INFO - Processing file /opt/airflow/dags/2_bash_operator.py for tasks to queue
[2026-09-13T01:18:37.415+0000] {logging_mixin.py:149} INFO - [2026-09-13T01:18:37.414+0000] {dagbag.py:541} INFO - Filling up the DagBag from /opt/airflow/dags/2_bash_operator.py
[2026-09-13T01:18:37.446+0000] {processor.py:809} INFO - DAG(s) dict_keys(['2-bashoperator']) retrieved from /opt/airflow/dags/2_bash_operator.py
[2026-09-13T01:18:37.537+0000] {logging_mixin.py:149} INFO - [2026-09-13T01:18:37.537+0000] {dag.py:2726} INFO - Sync 1 DAGs
[2026-09-13T01:18:37.602+0000] {logging_mixin.py:149} INFO - [2026-09-13T01:18:37.601+0000] {dag.py:3490} INFO - Setting next_dagrun for 2-bashoperator to 2026-09-13T00:00:00+00:00, run_after=2026-09-14T00:00:00+00:00
[2026-09-13T01:18:37.666+0000] {processor.py:178} INFO - Processing /opt/airflow/dags/2_bash_operator.py took 0.267 seconds
[2026-09-13T01:19:07.878+0000] {processor.py:156} INFO - Started process (PID=160975) to work on /opt/airflow/dags/2_bash_operator.py
[2026-09-13T01:19:07.884+0000] {processor.py:799} INFO - Processing file /opt/airflow/dags/2_bash_operator.py for tasks to queue
[2026-09-13T01:19:07.886+0000] {logging_mixin.py:149} INFO - [2026-09-13T01:19:07.886+0000] {dagbag.py:541} INFO - Filling up the DagBag from /opt/airflow/dags/2_bash_operator.py
[2026-09-13T01:19:07.914+0000] {processor.py:809} INFO - DAG(s) dict_keys(['2-bashoperator']) retrieved from /opt/airflow/dags/2_bash_operator.py
[2026-09-13T01:19:08.009+0000] {logging_mixin.py:149} INFO - [2026-09-13T01:19:08.008+0000] {dag.py:2726} INFO - Sync 1 DAGs
[2026-09-13T01:19:08.084+0000] {logging_mixin.py:149} INFO - [2026-09-13T01:19:08.083+0000] {dag.py:3490} INFO - Setting next_dagrun for 2-bashoperator to 2026-09-13T00:00:00+00:00, run_after=2026-09-14T00:00:00+00:00
[2026-09-13T01:19:08.390+0000] {processor.py:178} INFO - Processing /opt/airflow/dags/2_bash_operator.py took 0.522 seconds
[2026-09-13T01:19:38.752+0000] {processor.py:156} INFO - Started process (PID=160989) to work on /opt/airflow/dags/2_bash_operator.py
[2026-09-13T01:19:38.758+0000] {processor.py:799} INFO - Processing file /opt/airflow/dags/2_bash_operator.py for tasks to queue
[2026-09-13T01:19:38.760+0000] {logging_mixin.py:149} INFO - [2026-09-13T01:19:38.760+0000] {dagbag.py:541} INFO - Filling up the DagBag from /opt/airflow/dags/2_bash_operator.py
[2026-09-13T01:19:38.790+0000] {processor.py:809} INFO - DAG(s) dict_keys(['2-bashoperator']) retrieved from /opt/airflow/dags/2_bash_operator.py
[2026-09-13T01:19:38.891+0000] {logging_mixin.py:149} INFO - [2026-09-13T01:19:38.890+0000] {dag.py:2726} INFO - Sync 1 DAGs
[2026-09-13T01:19:39.182+0000] {logging_mixin.py:149} INFO - [2026-09-13T01:19:39.181+0000] {dag.py:3490} INFO - Setting next_dagrun for 2-bashoperator to 2026-09-13T00:00:00+00:00, run_after=2026-09-14T00:00:00+00:00
[2026-09-13T01:19:39.228+0000] {processor.py:178} INFO - Processing /opt/airflow/dags/2_bash_operator.py took 0.487 seconds
[2026-09-13T01:20:09.471+0000] {processor.py:156} INFO - Started process (PID=161003) to work on /opt/airflow/dags/2_bash_operator.py
[2026-09-13T01:20:09.474+0000] {processor.py:799} INFO - Processing file /opt/airflow/dags/2_bash_operator.py for tasks to queue
[2026-09-13T01:20:09.476+0000] {logging_mixin.py:149} INFO - [2026-09-13T01:20:09.476+0000] {dagbag.py:541} INFO - Filling up the DagBag from /opt/airflow/dags/2_bash_operator.py
[2026-09-13T01:20:09.499+0000] {processor.py:809} INFO - DAG(s) dict_keys(['2-bashoperator']) retrieved from /opt/airflow/dags/2_bash_operator.py
[2026-09-13T01:20:09.587+0000] {logging_mixin.py:149} INFO - [2026-09-13T01:20:09.586+0000] {dag.py:2726} INFO - Sync 1 DAGs
[2026-09-13T01:20:09.923+0000] {logging_mixin.py:149} INFO - [2026-09-13T01:20:09.922+0000] {dag.py:3490} INFO - Setting next_dagrun for 2-bashoperator to 2026-09-13T00:00:00+00:00, run_after=2026-09-14T00:00:00+00:00
[2026-09-13T01:20:09.979+0000] {processor.py:178} INFO - Processing /opt/airflow/dags/2_bash_operator.py took 0.520 seconds
[2026-09-13T01:20:40.249+0000] {processor.py:156} INFO - Started process (PID=161017) to work on /opt/airflow/dags/2_bash_operator.py
[2026-09-13T01:20:40.252+0000] {processor.py:799} INFO - Processing file /opt/airflow/dags/2_bash_operator.py for tasks to queue
[2026-09-13T01:20:40.254+0000] {logging_mixin.py:149} INFO - [2026-09-13T01:20:40.253+0000] {dagbag.py:541} INFO - Filling up the DagBag from /opt/airflow/dags/2_bash_operator.py
[2026-09-13T01:20:40.273+0000] {processor.py:809} INFO - DAG(s) dict_keys(['2-bashoperator']) retrieved from /opt/airflow/dags/2_bash_operator.py
[2026-09-13T01:20:40.632+0000] {logging_mixin.py:149} INFO - [2026-09-13T01:20:40.632+0000] {dag.py:2726} INFO - Sync 1 DAGs
[2026-09-13T01:20:40.665+0000] {logging_mixin.py:149} INFO - [2026-09-13T01:20:40.665+0000] {dag.py:3490} INFO - Setting next_dagrun for 2-bashoperator to 2026-09-13T00:00:00+00:00, run_after=2026-09-14T00:00:00+00:00
[2026-09-13T01:20:40.689+0000] {processor.py:178} INFO - Processing /opt/airflow/dags/2_bash_operator.py took 0.447 seconds
[2026-09-13T01:21:10.892+0000] {processor.py:156} INFO - Started process (PID=161030) to work on /opt/airflow/dags/2_bash_operator.py
[2026-09-13T01:21:10.895+0000] {processor.py:799} INFO - Processing file /opt/airflow/dags/2_bash_operator.py for tasks to queue
[2026-09-13T01:21:10.897+0000] {logging_mixin.py:149} INFO - [2026-09-13T01:21:10.897+0000] {dagbag.py:541} INFO - Filling up the DagBag from /opt/airflow/dags/2_bash_operator.py
[2026-09-13T01:21:10.920+0000] {processor.py:809} INFO - DAG(s) dict_keys(['2-bashoperator']) retrieved from /opt/airflow/dags/2_bash_operator.py
[2026-09-13T01:21:11.007+0000] {logging_mixin.py:149} INFO - [2026-09-13T01:21:11.007+0000] {dag.py:2726} INFO - Sync 1 DAGs
[2026-09-13T01:21:11.078+0000] {logging_mixin.py:149} INFO - [2026-09-13T01:21:11.078+0000] {dag.py:3490} INFO - Setting next_dagrun for 2-bashoperator to 2026-09-13T00:00:00+00:00, run_after=2026-09-14T00:00:00+00:00
[2026-09-13T01:21:11.137+0000] {processor.py:178} INFO - Processing /opt/airflow/dags/2_bash_operator.py took 0.258 seconds
[2026-09-13T01:21:41.320+0000] {processor.py:156} INFO - Started process (PID=161044) to work on /opt/airflow/dags/2_bash_operator.py
[2026-09-13T01:21:41.323+0000] {processor.py:799} INFO - Processing file /opt/airflow/dags/2_bash_operator.py for tasks to queue
[2026-09-13T01:21:41.325+0000] {logging_mixin.py:149} INFO - [2026-09-13T01:21:41.324+0000] {dagbag.py:541} INFO - Filling up the DagBag from /opt/airflow/dags/2_bash_operator.py
[2026-09-13T01:21:41.354+0000] {processor.py:809} INFO - DAG(s) dict_keys(['2-bashoperator']) retrieved from /opt/airflow/dags/2_bash_operator.py
[2026-09-13T01:21:41.450+0000] {logging_mixin.py:149} INFO - [2026-09-13T01:21:41.449+0000] {dag.py:2726} INFO - Sync 1 DAGs
[2026-09-13T01:21:41.537+0000] {logging_mixin.py:149} INFO - [2026-09-13T01:21:41.537+0000] {dag.py:3490} INFO - Setting next_dagrun for 2-bashoperator to 2026-09-13T00:00:00+00:00, run_after=2026-09-14T00:00:00+00:00
[2026-09-13T01:21:41.598+0000] {processor.py:178} INFO - Processing /opt/airflow/dags/2_bash_operator.py took 0.289 seconds
[2026-09-13T01:22:12.013+0000] {processor.py:156} INFO - Started process (PID=161059) to work on /opt/airflow/dags/2_bash_operator.py
[2026-09-13T01:22:12.016+0000] {processor.py:799} INFO - Processing file /opt/airflow/dags/2_bash_operator.py for tasks to queue
[2026-09-13T01:22:12.018+0000] {logging_mixin.py:149} INFO - [2026-09-13T01:22:12.018+0000] {dagbag.py:541} INFO - Filling up the DagBag from /opt/airflow/dags/2_bash_operator.py
[2026-09-13T01:22:12.046+0000] {processor.py:809} INFO - DAG(s) dict_keys(['2-bashoperator']) retrieved from /opt/airflow/dags/2_bash_operator.py
[2026-09-13T01:22:12.133+0000] {logging_mixin.py:149} INFO - [2026-09-13T01:22:12.132+0000] {dag.py:2726} INFO - Sync 1 DAGs
[2026-09-13T01:22:12.201+0000] {logging_mixin.py:149} INFO - [2026-09-13T01:22:12.201+0000] {dag.py:3490} INFO - Setting next_dagrun for 2-bashoperator to 2026-09-13T00:00:00+00:00, run_after=2026-09-14T00:00:00+00:00
[2026-09-13T01:22:12.500+0000] {processor.py:178} INFO - Processing /opt/airflow/dags/2_bash_operator.py took 0.499 seconds
[2026-09-13T01:22:42.896+0000] {processor.py:156} INFO - Started process (PID=161074) to work on /opt/airflow/dags/2_bash_operator.py
[2026-09-13T01:22:42.903+0000] {processor.py:799} INFO - Processing file /opt/airflow/dags/2_bash_operator.py for tasks to queue
[2026-09-13T01:22:42.906+0000] {logging_mixin.py:149} INFO - [2026-09-13T01:22:42.905+0000] {dagbag.py:541} INFO - Filling up the DagBag from /opt/airflow/dags/2_bash_operator.py
[2026-09-13T01:22:42.936+0000] {processor.py:809} INFO - DAG(s) dict_keys(['2-bashoperator']) retrieved from /opt/airflow/dags/2_bash_operator.py
[2026-09-13T01:22:43.024+0000] {logging_mixin.py:149} INFO - [2026-09-13T01:22:43.023+0000] {dag.py:2726} INFO - Sync 1 DAGs
[2026-09-13T01:22:43.303+0000] {logging_mixin.py:149} INFO - [2026-09-13T01:22:43.302+0000] {dag.py:3490} INFO - Setting next_dagrun for 2-bashoperator to 2026-09-13T00:00:00+00:00, run_after=2026-09-14T00:00:00+00:00
[2026-09-13T01:22:43.352+0000] {processor.py:178} INFO - Processing /opt/airflow/dags/2_bash_operator.py took 0.466 seconds
[2026-09-13T01:23:13.656+0000] {processor.py:156} INFO - Started process (PID=161088) to work on /opt/airflow/dags/2_bash_operator.py
[2026-09-13T01:23:13.659+0000] {processor.py:799} INFO - Processing file /opt/airflow/dags/2_bash_operator.py for tasks to queue
[2026-09-13T01:23:13.661+0000] {logging_mixin.py:149} INFO - [2026-09-13T01:23:13.661+0000] {dagbag.py:541} INFO - Filling up the DagBag from /opt/airflow/dags/2_bash_operator.py
[2026-09-13T01:23:13.689+0000] {processor.py:809} INFO - DAG(s) dict_keys(['2-bashoperator']) retrieved from /opt/airflow/dags/2_bash_operator.py
[2026-09-13T01:23:13.777+0000] {logging_mixin.py:149} INFO - [2026-09-13T01:23:13.777+0000] {dag.py:2726} INFO - Sync 1 DAGs
[2026-09-13T01:23:14.106+0000] {logging_mixin.py:149} INFO - [2026-09-13T01:23:14.105+0000] {dag.py:3490} INFO - Setting next_dagrun for 2-bashoperator to 2026-09-13T00:00:00+00:00, run_after=2026-09-14T00:00:00+00:00
[2026-09-13T01:23:14.159+0000] {processor.py:178} INFO - Processing /opt/airflow/dags/2_bash_operator.py took 0.513 seconds
[2026-09-13T01:23:44.237+0000] {processor.py:156} INFO - Started process (PID=161102) to work on /opt/airflow/dags/2_bash_operator.py
[2026-09-13T01:23:44.246+0000] {processor.py:799} INFO - Processing file /opt/airflow/dags/2_bash_operator.py for tasks to queue
[2026-09-13T01:23:44.249+0000] {logging_mixin.py:149} INFO - [2026-09-13T01:23:44.248+0000] {dagbag.py:541} INFO - Filling up the DagBag from /opt/airflow/dags/2_bash_operator.py
[2026-09-13T01:23:44.273+0000] {processor.py:809} INFO - DAG(s) dict_keys(['2-bashoperator']) retrieved from /opt/airflow/dags/2_bash_operator.py
[2026-09-13T01:23:44.362+0000] {logging_mixin.py:149} INFO - [2026-09-13T01:23:44.361+0000] {dag.py:2726} INFO - Sync 1 DAGs
[2026-09-13T01:23:44.434+0000] {logging_mixin.py:149} INFO - [2026-09-13T01:23:44.433+0000] {dag.py:3490} INFO - Setting next_dagrun for 2-bashoperator to 2026-09-13T00:00:00+00:00, run_after=2026-09-14T00:00:00+00:00
[2026-09-13T01:23:44.500+0000] {processor.py:178} INFO - Processing /opt/airflow/dags/2_bash_operator.py took 0.276 seconds
[2026-09-13T01:24:15.138+0000] {processor.py:156} INFO - Started process (PID=161116) to work on /opt/airflow/dags/2_bash_operator.py
[2026-09-13T01:24:15.141+0000] {processor.py:799} INFO - Processing file /opt/airflow/dags/2_bash_operator.py for tasks to queue
[2026-09-13T01:24:15.144+0000] {logging_mixin.py:149} INFO - [2026-09-13T01:24:15.143+0000] {dagbag.py:541} INFO - Filling up the DagBag from /opt/airflow/dags/2_bash_operator.py
[2026-09-13T01:24:15.174+0000] {processor.py:809} INFO - DAG(s) dict_keys(['2-bashoperator']) retrieved from /opt/airflow/dags/2_bash_operator.py
[2026-09-13T01:24:15.258+0000] {logging_mixin.py:149} INFO - [2026-09-13T01:24:15.257+0000] {dag.py:2726} INFO - Sync 1 DAGs
[2026-09-13T01:24:15.333+0000] {logging_mixin.py:149} INFO - [2026-09-13T01:24:15.333+0000] {dag.py:3490} INFO - Setting next_dagrun for 2-bashoperator to 2026-09-13T00:00:00+00:00, run_after=2026-09-14T00:00:00+00:00
[2026-09-13T01:24:15.408+0000] {processor.py:178} INFO - Processing /opt/airflow/dags/2_bash_operator.py took 0.281 seconds
[2026-09-13T01:24:45.738+0000] {processor.py:156} INFO - Started process (PID=161130) to work on /opt/airflow/dags/2_bash_operator.py
[2026-09-13T01:24:45.741+0000] {processor.py:799} INFO - Processing file /opt/airflow/dags/2_bash_operator.py for tasks to queue
[2026-09-13T01:24:45.742+0000] {logging_mixin.py:149} INFO - [2026-09-13T01:24:45.742+0000] {dagbag.py:541} INFO - Filling up the DagBag from /opt/airflow/dags/2_bash_operator.py
[2026-09-13T01:24:45.770+0000] {processor.py:809} INFO - DAG(s) dict_keys(['2-bashoperator']) retrieved from /opt/airflow/dags/2_bash_operator.py
[2026-09-13T01:24:45.845+0000] {logging_mixin.py:149} INFO - [2026-09-13T01:24:45.844+0000] {dag.py:2726} INFO - Sync 1 DAGs
[2026-09-13T01:24:45.926+0000] {logging_mixin.py:149} INFO - [2026-09-13T01:24:45.925+0000] {dag.py:3490} INFO - Setting next_dagrun for 2-bashoperator to 2026-09-13T00:00:00+00:00, run_after=2026-09-14T00:00:00+00:00
[2026-09-13T01:24:46.260+0000] {processor.py:178} INFO - Processing /opt/airflow/dags/2_bash_operator.py took 0.532 seconds
[2026-09-13T01:25:16.609+0000] {processor.py:156} INFO - Started process (PID=161144) to work on /opt/airflow/dags/2_bash_operator.py
[2026-09-13T01:25:16.613+0000] {processor.py:799} INFO - Processing file /opt/airflow/dags/2_bash_operator.py for tasks to queue
[2026-09-13T01:25:16.615+0000] {logging_mixin.py:149} INFO - [2026-09-13T01:25:16.615+0000] {dagbag.py:541} INFO - Filling up the DagBag from /opt/airflow/dags/2_bash_operator.py
[2026-09-13T01:25:16.643+0000] {processor.py:809} INFO - DAG(s) dict_keys(['2-bashoperator']) retrieved from /opt/airflow/dags/2_bash_operator.py
[2026-09-13T01:25:16.728+0000] {logging_mixin.py:149} INFO - [2026-09-13T01:25:16.728+0000] {dag.py:2726} INFO - Sync 1 DAGs
[2026-09-13T01:25:17.004+0000] {logging_mixin.py:149} INFO - [2026-09-13T01:25:17.004+0000] {dag.py:3490} INFO - Setting next_dagrun for 2-bashoperator to 2026-09-13T00:00:00+00:00, run_after=2026-09-14T00:00:00+00:00
[2026-09-13T01:25:17.045+0000] {processor.py:178} INFO - Processing /opt/airflow/dags/2_bash_operator.py took 0.451 seconds
[2026-09-13T01:25:47.451+0000] {processor.py:156} INFO - Started process (PID=161158) to work on /opt/airflow/dags/2_bash_operator.py
[2026-09-13T01:25:47.454+0000] {processor.py:799} INFO - Processing file /opt/airflow/dags/2_bash_operator.py for tasks to queue
[2026-09-13T01:25:47.456+0000] {logging_mixin.py:149} INFO - [2026-09-13T01:25:47.456+0000] {dagbag.py:541} INFO - Filling up the DagBag from /opt/airflow/dags/2_bash_operator.py
[2026-09-13T01:25:47.480+0000] {processor.py:809} INFO - DAG(s) dict_keys(['2-bashoperator']) retrieved from /opt/airflow/dags/2_bash_operator.py
[2026-09-13T01:25:47.548+0000] {logging_mixin.py:149} INFO - [2026-09-13T01:25:47.547+0000] {dag.py:2726} INFO - Sync 1 DAGs
[2026-09-13T01:25:47.826+0000] {logging_mixin.py:149} INFO - [2026-09-13T01:25:47.826+0000] {dag.py:3490} INFO - Setting next_dagrun for 2-bashoperator to 2026-09-13T00:00:00+00:00, run_after=2026-09-14T00:00:00+00:00
[2026-09-13T01:25:47.877+0000] {processor.py:178} INFO - Processing /opt/airflow/dags/2_bash_operator.py took 0.437 seconds
[2026-09-13T01:26:18.208+0000] {processor.py:156} INFO - Started process (PID=161172) to work on /opt/airflow/dags/2_bash_operator.py
[2026-09-13T01:26:18.212+0000] {processor.py:799} INFO - Processing file /opt/airflow/dags/2_bash_operator.py for tasks to queue
[2026-09-13T01:26:18.214+0000] {logging_mixin.py:149} INFO - [2026-09-13T01:26:18.214+0000] {dagbag.py:541} INFO - Filling up the DagBag from /opt/airflow/dags/2_bash_operator.py
[2026-09-13T01:26:18.237+0000] {processor.py:809} INFO - DAG(s) dict_keys(['2-bashoperator']) retrieved from /opt/airflow/dags/2_bash_operator.py
[2026-09-13T01:26:18.562+0000] {logging_mixin.py:149} INFO - [2026-09-13T01:26:18.561+0000] {dag.py:2726} INFO - Sync 1 DAGs
[2026-09-13T01:26:18.597+0000] {logging_mixin.py:149} INFO - [2026-09-13T01:26:18.597+0000] {dag.py:3490} INFO - Setting next_dagrun for 2-bashoperator to 2026-09-13T00:00:00+00:00, run_after=2026-09-14T00:00:00+00:00
[2026-09-13T01:26:18.621+0000] {processor.py:178} INFO - Processing /opt/airflow/dags/2_bash_operator.py took 0.423 seconds
[2026-09-13T01:26:49.377+0000] {processor.py:156} INFO - Started process (PID=161187) to work on /opt/airflow/dags/2_bash_operator.py
[2026-09-13T01:26:49.381+0000] {processor.py:799} INFO - Processing file /opt/airflow/dags/2_bash_operator.py for tasks to queue
[2026-09-13T01:26:49.382+0000] {logging_mixin.py:149} INFO - [2026-09-13T01:26:49.382+0000] {dagbag.py:541} INFO - Filling up the DagBag from /opt/airflow/dags/2_bash_operator.py
[2026-09-13T01:26:49.401+0000] {processor.py:809} INFO - DAG(s) dict_keys(['2-bashoperator']) retrieved from /opt/airflow/dags/2_bash_operator.py
[2026-09-13T01:26:49.467+0000] {logging_mixin.py:149} INFO - [2026-09-13T01:26:49.466+0000] {dag.py:2726} INFO - Sync 1 DAGs
[2026-09-13T01:26:49.546+0000] {logging_mixin.py:149} INFO - [2026-09-13T01:26:49.546+0000] {dag.py:3490} INFO - Setting next_dagrun for 2-bashoperator to 2026-09-13T00:00:00+00:00, run_after=2026-09-14T00:00:00+00:00
[2026-09-13T01:26:49.613+0000] {processor.py:178} INFO - Processing /opt/airflow/dags/2_bash_operator.py took 0.243 seconds
[2026-09-13T01:27:19.808+0000] {processor.py:156} INFO - Started process (PID=161201) to work on /opt/airflow/dags/2_bash_operator.py
[2026-09-13T01:27:19.811+0000] {processor.py:799} INFO - Processing file /opt/airflow/dags/2_bash_operator.py for tasks to queue
[2026-09-13T01:27:19.812+0000] {logging_mixin.py:149} INFO - [2026-09-13T01:27:19.812+0000] {dagbag.py:541} INFO - Filling up the DagBag from /opt/airflow/dags/2_bash_operator.py
[2026-09-13T01:27:19.837+0000] {processor.py:809} INFO - DAG(s) dict_keys(['2-bashoperator']) retrieved from /opt/airflow/dags/2_bash_operator.py
[2026-09-13T01:27:19.931+0000] {logging_mixin.py:149} INFO - [2026-09-13T01:27:19.931+0000] {dag.py:2726} INFO - Sync 1 DAGs
[2026-09-13T01:27:19.974+0000] {logging_mixin.py:149} INFO - [2026-09-13T01:27:19.974+0000] {dag.py:3490} INFO - Setting next_dagrun for 2-bashoperator to 2026-09-13T00:00:00+00:00, run_after=2026-09-14T00:00:00+00:00
[2026-09-13T01:27:20.015+0000] {processor.py:178} INFO - Processing /opt/airflow/dags/2_bash_operator.py took 0.216 seconds
[2026-09-13T01:27:50.850+0000] {processor.py:156} INFO - Started process (PID=161222) to work on /opt/airflow/dags/2_bash_operator.py
[2026-09-13T01:27:50.854+0000] {processor.py:799} INFO - Processing file /opt/airflow/dags/2_bash_operator.py for tasks to queue
[2026-09-13T01:27:50.855+0000] {logging_mixin.py:149} INFO - [2026-09-13T01:27:50.855+0000] {dagbag.py:541} INFO - Filling up the DagBag from /opt/airflow/dags/2_bash_operator.py
[2026-09-13T01:27:50.882+0000] {processor.py:809} INFO - DAG(s) dict_keys(['2-bashoperator']) retrieved from /opt/airflow/dags/2_bash_operator.py
[2026-09-13T01:27:50.965+0000] {logging_mixin.py:149} INFO - [2026-09-13T01:27:50.965+0000] {dag.py:2726} INFO - Sync 1 DAGs
[2026-09-13T01:27:51.249+0000] {logging_mixin.py:149} INFO - [2026-09-13T01:27:51.249+0000] {dag.py:3490} INFO - Setting next_dagrun for 2-bashoperator to 2026-09-13T00:00:00+00:00, run_after=2026-09-14T00:00:00+00:00
[2026-09-13T01:27:51.278+0000] {processor.py:178} INFO - Processing /opt/airflow/dags/2_bash_operator.py took 0.442 seconds
[2026-09-13T01:28:21.726+0000] {processor.py:156} INFO - Started process (PID=161236) to work on /opt/airflow/dags/2_bash_operator.py
[2026-09-13T01:28:21.735+0000] {processor.py:799} INFO - Processing file /opt/airflow/dags/2_bash_operator.py for tasks to queue
[2026-09-13T01:28:21.737+0000] {logging_mixin.py:149} INFO - [2026-09-13T01:28:21.737+0000] {dagbag.py:541} INFO - Filling up the DagBag from /opt/airflow/dags/2_bash_operator.py
[2026-09-13T01:28:21.767+0000] {processor.py:809} INFO - DAG(s) dict_keys(['2-bashoperator']) retrieved from /opt/airflow/dags/2_bash_operator.py
[2026-09-13T01:28:21.865+0000] {logging_mixin.py:149} INFO - [2026-09-13T01:28:21.864+0000] {dag.py:2726} INFO - Sync 1 DAGs
[2026-09-13T01:28:22.171+0000] {logging_mixin.py:149} INFO - [2026-09-13T01:28:22.170+0000] {dag.py:3490} INFO - Setting next_dagrun for 2-bashoperator to 2026-09-13T00:00:00+00:00, run_after=2026-09-14T00:00:00+00:00
[2026-09-13T01:28:22.217+0000] {processor.py:178} INFO - Processing /opt/airflow/dags/2_bash_operator.py took 0.503 seconds
[2026-09-13T01:28:52.545+0000] {processor.py:156} INFO - Started process (PID=161250) to work on /opt/airflow/dags/2_bash_operator.py
[2026-09-13T01:28:52.552+0000] {processor.py:799} INFO - Processing file /opt/airflow/dags/2_bash_operator.py for tasks to queue
[2026-09-13T01:28:52.554+0000] {logging_mixin.py:149} INFO - [2026-09-13T01:28:52.554+0000] {dagbag.py:541} INFO - Filling up the DagBag from /opt/airflow/dags/2_bash_operator.py
[2026-09-13T01:28:52.585+0000] {processor.py:809} INFO - DAG(s) dict_keys(['2-bashoperator']) retrieved from /opt/airflow/dags/2_bash_operator.py
[2026-09-13T01:28:52.893+0000] {logging_mixin.py:149} INFO - [2026-09-13T01:28:52.893+0000] {dag.py:2726} INFO - Sync 1 DAGs
[2026-09-13T01:28:52.965+0000] {logging_mixin.py:149} INFO - [2026-09-13T01:28:52.965+0000] {dag.py:3490} INFO - Setting next_dagrun for 2-bashoperator to 2026-09-13T00:00:00+00:00, run_after=2026-09-14T00:00:00+00:00
[2026-09-13T01:28:53.028+0000] {processor.py:178} INFO - Processing /opt/airflow/dags/2_bash_operator.py took 0.495 seconds
[2026-09-13T01:29:23.728+0000] {processor.py:156} INFO - Started process (PID=161265) to work on /opt/airflow/dags/2_bash_operator.py
[2026-09-13T01:29:23.732+0000] {processor.py:799} INFO - Processing file /opt/airflow/dags/2_bash_operator.py for tasks to queue
[2026-09-13T01:29:23.734+0000] {logging_mixin.py:149} INFO - [2026-09-13T01:29:23.733+0000] {dagbag.py:541} INFO - Filling up the DagBag from /opt/airflow/dags/2_bash_operator.py
[2026-09-13T01:29:23.761+0000] {processor.py:809} INFO - DAG(s) dict_keys(['2-bashoperator']) retrieved from /opt/airflow/dags/2_bash_operator.py
[2026-09-13T01:29:23.851+0000] {logging_mixin.py:149} INFO - [2026-09-13T01:29:23.850+0000] {dag.py:2726} INFO - Sync 1 DAGs
[2026-09-13T01:29:23.920+0000] {logging_mixin.py:149} INFO - [2026-09-13T01:29:23.920+0000] {dag.py:3490} INFO - Setting next_dagrun for 2-bashoperator to 2026-09-13T00:00:00+00:00, run_after=2026-09-14T00:00:00+00:00
[2026-09-13T01:29:23.988+0000] {processor.py:178} INFO - Processing /opt/airflow/dags/2_bash_operator.py took 0.270 seconds
[2026-09-13T01:29:54.160+0000] {processor.py:156} INFO - Started process (PID=161279) to work on /opt/airflow/dags/2_bash_operator.py
[2026-09-13T01:29:54.169+0000] {processor.py:799} INFO - Processing file /opt/airflow/dags/2_bash_operator.py for tasks to queue
[2026-09-13T01:29:54.171+0000] {logging_mixin.py:149} INFO - [2026-09-13T01:29:54.170+0000] {dagbag.py:541} INFO - Filling up the DagBag from /opt/airflow/dags/2_bash_operator.py
[2026-09-13T01:29:54.198+0000] {processor.py:809} INFO - DAG(s) dict_keys(['2-bashoperator']) retrieved from /opt/airflow/dags/2_bash_operator.py
[2026-09-13T01:29:54.285+0000] {logging_mixin.py:149} INFO - [2026-09-13T01:29:54.284+0000] {dag.py:2726} INFO - Sync 1 DAGs
[2026-09-13T01:29:54.347+0000] {logging_mixin.py:149} INFO - [2026-09-13T01:29:54.347+0000] {dag.py:3490} INFO - Setting next_dagrun for 2-bashoperator to 2026-09-13T00:00:00+00:00, run_after=2026-09-14T00:00:00+00:00
[2026-09-13T01:29:54.399+0000] {processor.py:178} INFO - Processing /opt/airflow/dags/2_bash_operator.py took 0.251 seconds
[2026-09-13T01:30:24.972+0000] {processor.py:156} INFO - Started process (PID=161294) to work on /opt/airflow/dags/2_bash_operator.py
[2026-09-13T01:30:24.977+0000] {processor.py:799} INFO - Processing file /opt/airflow/dags/2_bash_operator.py for tasks to queue
[2026-09-13T01:30:24.979+0000] {logging_mixin.py:149} INFO - [2026-09-13T01:30:24.979+0000] {dagbag.py:541} INFO - Filling up the DagBag from /opt/airflow/dags/2_bash_operator.py
[2026-09-13T01:30:25.012+0000] {processor.py:809} INFO - DAG(s) dict_keys(['2-bashoperator']) retrieved from /opt/airflow/dags/2_bash_operator.py
[2026-09-13T01:30:25.106+0000] {logging_mixin.py:149} INFO - [2026-09-13T01:30:25.106+0000] {dag.py:2726} INFO - Sync 1 DAGs
[2026-09-13T01:30:25.186+0000] {logging_mixin.py:149} INFO - [2026-09-13T01:30:25.186+0000] {dag.py:3490} INFO - Setting next_dagrun for 2-bashoperator to 2026-09-13T00:00:00+00:00, run_after=2026-09-14T00:00:00+00:00
[2026-09-13T01:30:25.489+0000] {processor.py:178} INFO - Processing /opt/airflow/dags/2_bash_operator.py took 0.529 seconds
[2026-09-13T01:30:55.737+0000] {processor.py:156} INFO - Started process (PID=161308) to work on /opt/airflow/dags/2_bash_operator.py
[2026-09-13T01:30:55.741+0000] {processor.py:799} INFO - Processing file /opt/airflow/dags/2_bash_operator.py for tasks to queue
[2026-09-13T01:30:55.743+0000] {logging_mixin.py:149} INFO - [2026-09-13T01:30:55.743+0000] {dagbag.py:541} INFO - Filling up the DagBag from /opt/airflow/dags/2_bash_operator.py
[2026-09-13T01:30:55.771+0000] {processor.py:809} INFO - DAG(s) dict_keys(['2-bashoperator']) retrieved from /opt/airflow/dags/2_bash_operator.py
[2026-09-13T01:30:55.865+0000] {logging_mixin.py:149} INFO - [2026-09-13T01:30:55.864+0000] {dag.py:2726} INFO - Sync 1 DAGs
[2026-09-13T01:30:56.170+0000] {logging_mixin.py:149} INFO - [2026-09-13T01:30:56.170+0000] {dag.py:3490} INFO - Setting next_dagrun for 2-bashoperator to 2026-09-13T00:00:00+00:00, run_after=2026-09-14T00:00:00+00:00
[2026-09-13T01:30:56.196+0000] {processor.py:178} INFO - Processing /opt/airflow/dags/2_bash_operator.py took 0.473 seconds
[2026-09-13T01:31:26.451+0000] {processor.py:156} INFO - Started process (PID=161322) to work on /opt/airflow/dags/2_bash_operator.py
[2026-09-13T01:31:26.454+0000] {processor.py:799} INFO - Processing file /opt/airflow/dags/2_bash_operator.py for tasks to queue
[2026-09-13T01:31:26.456+0000] {logging_mixin.py:149} INFO - [2026-09-13T01:31:26.456+0000] {dagbag.py:541} INFO - Filling up the DagBag from /opt/airflow/dags/2_bash_operator.py
[2026-09-13T01:31:26.482+0000] {processor.py:809} INFO - DAG(s) dict_keys(['2-bashoperator']) retrieved from /opt/airflow/dags/2_bash_operator.py
[2026-09-13T01:31:26.559+0000] {logging_mixin.py:149} INFO - [2026-09-13T01:31:26.558+0000] {dag.py:2726} INFO - Sync 1 DAGs
[2026-09-13T01:31:26.848+0000] {logging_mixin.py:149} INFO - [2026-09-13T01:31:26.847+0000] {dag.py:3490} INFO - Setting next_dagrun for 2-bashoperator to 2026-09-13T00:00:00+00:00, run_after=2026-09-14T00:00:00+00:00
[2026-09-13T01:31:26.912+0000] {processor.py:178} INFO - Processing /opt/airflow/dags/2_bash_operator.py took 0.473 seconds
[2026-09-13T01:31:57.180+0000] {processor.py:156} INFO - Started process (PID=161336) to work on /opt/airflow/dags/2_bash_operator.py
[2026-09-13T01:31:57.184+0000] {processor.py:799} INFO - Processing file /opt/airflow/dags/2_bash_operator.py for tasks to queue
[2026-09-13T01:31:57.186+0000] {logging_mixin.py:149} INFO - [2026-09-13T01:31:57.186+0000] {dagbag.py:541} INFO - Filling up the DagBag from /opt/airflow/dags/2_bash_operator.py
[2026-09-13T01:31:57.213+0000] {processor.py:809} INFO - DAG(s) dict_keys(['2-bashoperator']) retrieved from /opt/airflow/dags/2_bash_operator.py
[2026-09-13T01:31:57.558+0000] {logging_mixin.py:149} INFO - [2026-09-13T01:31:57.558+0000] {dag.py:2726} INFO - Sync 1 DAGs
[2026-09-13T01:31:57.593+0000] {logging_mixin.py:149} INFO - [2026-09-13T01:31:57.593+0000] {dag.py:3490} INFO - Setting next_dagrun for 2-bashoperator to 2026-09-13T00:00:00+00:00, run_after=2026-09-14T00:00:00+00:00
[2026-09-13T01:31:57.619+0000] {processor.py:178} INFO - Processing /opt/airflow/dags/2_bash_operator.py took 0.450 seconds
[2026-09-13T01:32:28.476+0000] {processor.py:156} INFO - Started process (PID=161350) to work on /opt/airflow/dags/2_bash_operator.py
[2026-09-13T01:32:28.479+0000] {processor.py:799} INFO - Processing file /opt/airflow/dags/2_bash_operator.py for tasks to queue
[2026-09-13T01:32:28.481+0000] {logging_mixin.py:149} INFO - [2026-09-13T01:32:28.481+0000] {dagbag.py:541} INFO - Filling up the DagBag from /opt/airflow/dags/2_bash_operator.py
[2026-09-13T01:32:28.506+0000] {processor.py:809} INFO - DAG(s) dict_keys(['2-bashoperator']) retrieved from /opt/airflow/dags/2_bash_operator.py
[2026-09-13T01:32:28.593+0000] {logging_mixin.py:149} INFO - [2026-09-13T01:32:28.593+0000] {dag.py:2726} INFO - Sync 1 DAGs
[2026-09-13T01:32:28.666+0000] {logging_mixin.py:149} INFO - [2026-09-13T01:32:28.665+0000] {dag.py:3490} INFO - Setting next_dagrun for 2-bashoperator to 2026-09-13T00:00:00+00:00, run_after=2026-09-14T00:00:00+00:00
[2026-09-13T01:32:28.733+0000] {processor.py:178} INFO - Processing /opt/airflow/dags/2_bash_operator.py took 0.266 seconds
[2026-09-13T01:32:59.032+0000] {processor.py:156} INFO - Started process (PID=161364) to work on /opt/airflow/dags/2_bash_operator.py
[2026-09-13T01:32:59.037+0000] {processor.py:799} INFO - Processing file /opt/airflow/dags/2_bash_operator.py for tasks to queue
[2026-09-13T01:32:59.038+0000] {logging_mixin.py:149} INFO - [2026-09-13T01:32:59.038+0000] {dagbag.py:541} INFO - Filling up the DagBag from /opt/airflow/dags/2_bash_operator.py
[2026-09-13T01:32:59.076+0000] {processor.py:809} INFO - DAG(s) dict_keys(['2-bashoperator']) retrieved from /opt/airflow/dags/2_bash_operator.py
[2026-09-13T01:32:59.179+0000] {logging_mixin.py:149} INFO - [2026-09-13T01:32:59.178+0000] {dag.py:2726} INFO - Sync 1 DAGs
[2026-09-13T01:32:59.243+0000] {logging_mixin.py:149} INFO - [2026-09-13T01:32:59.242+0000] {dag.py:3490} INFO - Setting next_dagrun for 2-bashoperator to 2026-09-13T00:00:00+00:00, run_after=2026-09-14T00:00:00+00:00
[2026-09-13T01:32:59.324+0000] {processor.py:178} INFO - Processing /opt/airflow/dags/2_bash_operator.py took 0.309 seconds
[2026-09-13T01:33:29.769+0000] {processor.py:156} INFO - Started process (PID=161378) to work on /opt/airflow/dags/2_bash_operator.py
[2026-09-13T01:33:29.774+0000] {processor.py:799} INFO - Processing file /opt/airflow/dags/2_bash_operator.py for tasks to queue
[2026-09-13T01:33:29.777+0000] {logging_mixin.py:149} INFO - [2026-09-13T01:33:29.776+0000] {dagbag.py:541} INFO - Filling up the DagBag from /opt/airflow/dags/2_bash_operator.py
[2026-09-13T01:33:29.802+0000] {processor.py:809} INFO - DAG(s) dict_keys(['2-bashoperator']) retrieved from /opt/airflow/dags/2_bash_operator.py
[2026-09-13T01:33:29.899+0000] {logging_mixin.py:149} INFO - [2026-09-13T01:33:29.898+0000] {dag.py:2726} INFO - Sync 1 DAGs
[2026-09-13T01:33:30.208+0000] {logging_mixin.py:149} INFO - [2026-09-13T01:33:30.208+0000] {dag.py:3490} INFO - Setting next_dagrun for 2-bashoperator to 2026-09-13T00:00:00+00:00, run_after=2026-09-14T00:00:00+00:00
[2026-09-13T01:33:30.244+0000] {processor.py:178} INFO - Processing /opt/airflow/dags/2_bash_operator.py took 0.491 seconds
[2026-09-13T01:34:00.611+0000] {processor.py:156} INFO - Started process (PID=161392) to work on /opt/airflow/dags/2_bash_operator.py
[2026-09-13T01:34:00.616+0000] {processor.py:799} INFO - Processing file /opt/airflow/dags/2_bash_operator.py for tasks to queue
[2026-09-13T01:34:00.617+0000] {logging_mixin.py:149} INFO - [2026-09-13T01:34:00.616+0000] {dagbag.py:541} INFO - Filling up the DagBag from /opt/airflow/dags/2_bash_operator.py
[2026-09-13T01:34:00.633+0000] {processor.py:809} INFO - DAG(s) dict_keys(['2-bashoperator']) retrieved from /opt/airflow/dags/2_bash_operator.py
[2026-09-13T01:34:00.686+0000] {logging_mixin.py:149} INFO - [2026-09-13T01:34:00.686+0000] {dag.py:2726} INFO - Sync 1 DAGs
[2026-09-13T01:34:00.959+0000] {logging_mixin.py:149} INFO - [2026-09-13T01:34:00.959+0000] {dag.py:3490} INFO - Setting next_dagrun for 2-bashoperator to 2026-09-13T00:00:00+00:00, run_after=2026-09-14T00:00:00+00:00
[2026-09-13T01:34:01.022+0000] {processor.py:178} INFO - Processing /opt/airflow/dags/2_bash_operator.py took 0.416 seconds
[2026-09-13T01:34:31.309+0000] {processor.py:156} INFO - Started process (PID=161405) to work on /opt/airflow/dags/2_bash_operator.py
[2026-09-13T01:34:31.313+0000] {processor.py:799} INFO - Processing file /opt/airflow/dags/2_bash_operator.py for tasks to queue
[2026-09-13T01:34:31.315+0000] {logging_mixin.py:149} INFO - [2026-09-13T01:34:31.314+0000] {dagbag.py:541} INFO - Filling up the DagBag from /opt/airflow/dags/2_bash_operator.py
[2026-09-13T01:34:31.340+0000] {processor.py:809} INFO - DAG(s) dict_keys(['2-bashoperator']) retrieved from /opt/airflow/dags/2_bash_operator.py
[2026-09-13T01:34:31.638+0000] {logging_mixin.py:149} INFO - [2026-09-13T01:34:31.637+0000] {dag.py:2726} INFO - Sync 1 DAGs
[2026-09-13T01:34:31.668+0000] {logging_mixin.py:149} INFO - [2026-09-13T01:34:31.667+0000] {dag.py:3490} INFO - Setting next_dagrun for 2-bashoperator to 2026-09-13T00:00:00+00:00, run_after=2026-09-14T00:00:00+00:00
[2026-09-13T01:34:31.697+0000] {processor.py:178} INFO - Processing /opt/airflow/dags/2_bash_operator.py took 0.402 seconds
[2026-09-13T01:35:01.864+0000] {processor.py:156} INFO - Started process (PID=161419) to work on /opt/airflow/dags/2_bash_operator.py
[2026-09-13T01:35:01.868+0000] {processor.py:799} INFO - Processing file /opt/airflow/dags/2_bash_operator.py for tasks to queue
[2026-09-13T01:35:01.870+0000] {logging_mixin.py:149} INFO - [2026-09-13T01:35:01.870+0000] {dagbag.py:541} INFO - Filling up the DagBag from /opt/airflow/dags/2_bash_operator.py
[2026-09-13T01:35:01.898+0000] {processor.py:809} INFO - DAG(s) dict_keys(['2-bashoperator']) retrieved from /opt/airflow/dags/2_bash_operator.py
[2026-09-13T01:35:01.991+0000] {logging_mixin.py:149} INFO - [2026-09-13T01:35:01.990+0000] {dag.py:2726} INFO - Sync 1 DAGs
[2026-09-13T01:35:02.064+0000] {logging_mixin.py:149} INFO - [2026-09-13T01:35:02.063+0000] {dag.py:3490} INFO - Setting next_dagrun for 2-bashoperator to 2026-09-13T00:00:00+00:00, run_after=2026-09-14T00:00:00+00:00
[2026-09-13T01:35:02.122+0000] {processor.py:178} INFO - Processing /opt/airflow/dags/2_bash_operator.py took 0.268 seconds
[2026-09-13T01:35:33.098+0000] {processor.py:156} INFO - Started process (PID=161433) to work on /opt/airflow/dags/2_bash_operator.py
[2026-09-13T01:35:33.101+0000] {processor.py:799} INFO - Processing file /opt/airflow/dags/2_bash_operator.py for tasks to queue
[2026-09-13T01:35:33.104+0000] {logging_mixin.py:149} INFO - [2026-09-13T01:35:33.103+0000] {dagbag.py:541} INFO - Filling up the DagBag from /opt/airflow/dags/2_bash_operator.py
[2026-09-13T01:35:33.130+0000] {processor.py:809} INFO - DAG(s) dict_keys(['2-bashoperator']) retrieved from /opt/airflow/dags/2_bash_operator.py
[2026-09-13T01:35:33.211+0000] {logging_mixin.py:149} INFO - [2026-09-13T01:35:33.211+0000] {dag.py:2726} INFO - Sync 1 DAGs
[2026-09-13T01:35:33.291+0000] {logging_mixin.py:149} INFO - [2026-09-13T01:35:33.291+0000] {dag.py:3490} INFO - Setting next_dagrun for 2-bashoperator to 2026-09-13T00:00:00+00:00, run_after=2026-09-14T00:00:00+00:00
[2026-09-13T01:35:33.355+0000] {processor.py:178} INFO - Processing /opt/airflow/dags/2_bash_operator.py took 0.267 seconds
[2026-09-13T01:36:04.046+0000] {processor.py:156} INFO - Started process (PID=161447) to work on /opt/airflow/dags/2_bash_operator.py
[2026-09-13T01:36:04.050+0000] {processor.py:799} INFO - Processing file /opt/airflow/dags/2_bash_operator.py for tasks to queue
[2026-09-13T01:36:04.052+0000] {logging_mixin.py:149} INFO - [2026-09-13T01:36:04.052+0000] {dagbag.py:541} INFO - Filling up the DagBag from /opt/airflow/dags/2_bash_operator.py
[2026-09-13T01:36:04.076+0000] {processor.py:809} INFO - DAG(s) dict_keys(['2-bashoperator']) retrieved from /opt/airflow/dags/2_bash_operator.py
[2026-09-13T01:36:04.158+0000] {logging_mixin.py:149} INFO - [2026-09-13T01:36:04.158+0000] {dag.py:2726} INFO - Sync 1 DAGs
[2026-09-13T01:36:04.229+0000] {logging_mixin.py:149} INFO - [2026-09-13T01:36:04.229+0000] {dag.py:3490} INFO - Setting next_dagrun for 2-bashoperator to 2026-09-13T00:00:00+00:00, run_after=2026-09-14T00:00:00+00:00
[2026-09-13T01:36:04.499+0000] {processor.py:178} INFO - Processing /opt/airflow/dags/2_bash_operator.py took 0.463 seconds
[2026-09-13T01:36:34.783+0000] {processor.py:156} INFO - Started process (PID=161460) to work on /opt/airflow/dags/2_bash_operator.py
[2026-09-13T01:36:34.787+0000] {processor.py:799} INFO - Processing file /opt/airflow/dags/2_bash_operator.py for tasks to queue
[2026-09-13T01:36:34.789+0000] {logging_mixin.py:149} INFO - [2026-09-13T01:36:34.788+0000] {dagbag.py:541} INFO - Filling up the DagBag from /opt/airflow/dags/2_bash_operator.py
[2026-09-13T01:36:34.817+0000] {processor.py:809} INFO - DAG(s) dict_keys(['2-bashoperator']) retrieved from /opt/airflow/dags/2_bash_operator.py
[2026-09-13T01:36:34.904+0000] {logging_mixin.py:149} INFO - [2026-09-13T01:36:34.904+0000] {dag.py:2726} INFO - Sync 1 DAGs
[2026-09-13T01:36:35.185+0000] {logging_mixin.py:149} INFO - [2026-09-13T01:36:35.185+0000] {dag.py:3490} INFO - Setting next_dagrun for 2-bashoperator to 2026-09-13T00:00:00+00:00, run_after=2026-09-14T00:00:00+00:00
[2026-09-13T01:36:35.224+0000] {processor.py:178} INFO - Processing /opt/airflow/dags/2_bash_operator.py took 0.452 seconds
[2026-09-13T01:37:05.463+0000] {processor.py:156} INFO - Started process (PID=161474) to work on /opt/airflow/dags/2_bash_operator.py
[2026-09-13T01:37:05.466+0000] {processor.py:799} INFO - Processing file /opt/airflow/dags/2_bash_operator.py for tasks to queue
[2026-09-13T01:37:05.468+0000] {logging_mixin.py:149} INFO - [2026-09-13T01:37:05.468+0000] {dagbag.py:541} INFO - Filling up the DagBag from /opt/airflow/dags/2_bash_operator.py
[2026-09-13T01:37:05.493+0000] {processor.py:809} INFO - DAG(s) dict_keys(['2-bashoperator']) retrieved from /opt/airflow/dags/2_bash_operator.py
[2026-09-13T01:37:05.584+0000] {logging_mixin.py:149} INFO - [2026-09-13T01:37:05.583+0000] {dag.py:2726} INFO - Sync 1 DAGs
[2026-09-13T01:37:05.887+0000] {logging_mixin.py:149} INFO - [2026-09-13T01:37:05.887+0000] {dag.py:3490} INFO - Setting next_dagrun for 2-bashoperator to 2026-09-13T00:00:00+00:00, run_after=2026-09-14T00:00:00+00:00
[2026-09-13T01:37:05.929+0000] {processor.py:178} INFO - Processing /opt/airflow/dags/2_bash_operator.py took 0.482 seconds
[2026-09-13T01:37:36.475+0000] {processor.py:156} INFO - Started process (PID=161489) to work on /opt/airflow/dags/2_bash_operator.py
[2026-09-13T01:37:36.479+0000] {processor.py:799} INFO - Processing file /opt/airflow/dags/2_bash_operator.py for tasks to queue
[2026-09-13T01:37:36.481+0000] {logging_mixin.py:149} INFO - [2026-09-13T01:37:36.480+0000] {dagbag.py:541} INFO - Filling up the DagBag from /opt/airflow/dags/2_bash_operator.py
[2026-09-13T01:37:36.511+0000] {processor.py:809} INFO - DAG(s) dict_keys(['2-bashoperator']) retrieved from /opt/airflow/dags/2_bash_operator.py
[2026-09-13T01:37:36.820+0000] {logging_mixin.py:149} INFO - [2026-09-13T01:37:36.820+0000] {dag.py:2726} INFO - Sync 1 DAGs
[2026-09-13T01:37:36.862+0000] {logging_mixin.py:149} INFO - [2026-09-13T01:37:36.862+0000] {dag.py:3490} INFO - Setting next_dagrun for 2-bashoperator to 2026-09-13T00:00:00+00:00, run_after=2026-09-14T00:00:00+00:00
[2026-09-13T01:37:36.911+0000] {processor.py:178} INFO - Processing /opt/airflow/dags/2_bash_operator.py took 0.452 seconds
[2026-09-13T01:38:07.935+0000] {processor.py:156} INFO - Started process (PID=161503) to work on /opt/airflow/dags/2_bash_operator.py
[2026-09-13T01:38:07.938+0000] {processor.py:799} INFO - Processing file /opt/airflow/dags/2_bash_operator.py for tasks to queue
[2026-09-13T01:38:07.940+0000] {logging_mixin.py:149} INFO - [2026-09-13T01:38:07.940+0000] {dagbag.py:541} INFO - Filling up the DagBag from /opt/airflow/dags/2_bash_operator.py
[2026-09-13T01:38:07.968+0000] {processor.py:809} INFO - DAG(s) dict_keys(['2-bashoperator']) retrieved from /opt/airflow/dags/2_bash_operator.py
[2026-09-13T01:38:08.047+0000] {logging_mixin.py:149} INFO - [2026-09-13T01:38:08.046+0000] {dag.py:2726} INFO - Sync 1 DAGs
[2026-09-13T01:38:08.116+0000] {logging_mixin.py:149} INFO - [2026-09-13T01:38:08.115+0000] {dag.py:3490} INFO - Setting next_dagrun for 2-bashoperator to 2026-09-13T00:00:00+00:00, run_after=2026-09-14T00:00:00+00:00
[2026-09-13T01:38:08.173+0000] {processor.py:178} INFO - Processing /opt/airflow/dags/2_bash_operator.py took 0.248 seconds
[2026-09-13T01:38:38.464+0000] {processor.py:156} INFO - Started process (PID=161517) to work on /opt/airflow/dags/2_bash_operator.py
[2026-09-13T01:38:38.466+0000] {processor.py:799} INFO - Processing file /opt/airflow/dags/2_bash_operator.py for tasks to queue
[2026-09-13T01:38:38.468+0000] {logging_mixin.py:149} INFO - [2026-09-13T01:38:38.468+0000] {dagbag.py:541} INFO - Filling up the DagBag from /opt/airflow/dags/2_bash_operator.py
[2026-09-13T01:38:38.486+0000] {processor.py:809} INFO - DAG(s) dict_keys(['2-bashoperator']) retrieved from /opt/airflow/dags/2_bash_operator.py
[2026-09-13T01:38:38.568+0000] {logging_mixin.py:149} INFO - [2026-09-13T01:38:38.567+0000] {dag.py:2726} INFO - Sync 1 DAGs
[2026-09-13T01:38:38.642+0000] {logging_mixin.py:149} INFO - [2026-09-13T01:38:38.642+0000] {dag.py:3490} INFO - Setting next_dagrun for 2-bashoperator to 2026-09-13T00:00:00+00:00, run_after=2026-09-14T00:00:00+00:00
[2026-09-13T01:38:38.927+0000] {processor.py:178} INFO - Processing /opt/airflow/dags/2_bash_operator.py took 0.471 seconds
[2026-09-13T01:39:09.825+0000] {processor.py:156} INFO - Started process (PID=161531) to work on /opt/airflow/dags/2_bash_operator.py
[2026-09-13T01:39:09.827+0000] {processor.py:799} INFO - Processing file /opt/airflow/dags/2_bash_operator.py for tasks to queue
[2026-09-13T01:39:09.829+0000] {logging_mixin.py:149} INFO - [2026-09-13T01:39:09.829+0000] {dagbag.py:541} INFO - Filling up the DagBag from /opt/airflow/dags/2_bash_operator.py
[2026-09-13T01:39:09.865+0000] {processor.py:809} INFO - DAG(s) dict_keys(['2-bashoperator']) retrieved from /opt/airflow/dags/2_bash_operator.py
[2026-09-13T01:39:09.934+0000] {logging_mixin.py:149} INFO - [2026-09-13T01:39:09.934+0000] {dag.py:2726} INFO - Sync 1 DAGs
[2026-09-13T01:39:10.235+0000] {logging_mixin.py:149} INFO - [2026-09-13T01:39:10.235+0000] {dag.py:3490} INFO - Setting next_dagrun for 2-bashoperator to 2026-09-13T00:00:00+00:00, run_after=2026-09-14T00:00:00+00:00
[2026-09-13T01:39:10.294+0000] {processor.py:178} INFO - Processing /opt/airflow/dags/2_bash_operator.py took 0.478 seconds
[2026-09-13T01:39:40.728+0000] {processor.py:156} INFO - Started process (PID=161545) to work on /opt/airflow/dags/2_bash_operator.py
[2026-09-13T01:39:40.731+0000] {processor.py:799} INFO - Processing file /opt/airflow/dags/2_bash_operator.py for tasks to queue
[2026-09-13T01:39:40.734+0000] {logging_mixin.py:149} INFO - [2026-09-13T01:39:40.733+0000] {dagbag.py:541} INFO - Filling up the DagBag from /opt/airflow/dags/2_bash_operator.py
[2026-09-13T01:39:40.762+0000] {processor.py:809} INFO - DAG(s) dict_keys(['2-bashoperator']) retrieved from /opt/airflow/dags/2_bash_operator.py
[2026-09-13T01:39:40.860+0000] {logging_mixin.py:149} INFO - [2026-09-13T01:39:40.859+0000] {dag.py:2726} INFO - Sync 1 DAGs
[2026-09-13T01:39:41.131+0000] {logging_mixin.py:149} INFO - [2026-09-13T01:39:41.131+0000] {dag.py:3490} INFO - Setting next_dagrun for 2-bashoperator to 2026-09-13T00:00:00+00:00, run_after=2026-09-14T00:00:00+00:00
[2026-09-13T01:39:41.155+0000] {processor.py:178} INFO - Processing /opt/airflow/dags/2_bash_operator.py took 0.439 seconds
[2026-09-13T01:40:11.415+0000] {processor.py:156} INFO - Started process (PID=161559) to work on /opt/airflow/dags/2_bash_operator.py
[2026-09-13T01:40:11.418+0000] {processor.py:799} INFO - Processing file /opt/airflow/dags/2_bash_operator.py for tasks to queue
[2026-09-13T01:40:11.420+0000] {logging_mixin.py:149} INFO - [2026-09-13T01:40:11.420+0000] {dagbag.py:541} INFO - Filling up the DagBag from /opt/airflow/dags/2_bash_operator.py
[2026-09-13T01:40:11.448+0000] {processor.py:809} INFO - DAG(s) dict_keys(['2-bashoperator']) retrieved from /opt/airflow/dags/2_bash_operator.py
[2026-09-13T01:40:11.811+0000] {logging_mixin.py:149} INFO - [2026-09-13T01:40:11.810+0000] {dag.py:2726} INFO - Sync 1 DAGs
[2026-09-13T01:40:11.845+0000] {logging_mixin.py:149} INFO - [2026-09-13T01:40:11.845+0000] {dag.py:3490} INFO - Setting next_dagrun for 2-bashoperator to 2026-09-13T00:00:00+00:00, run_after=2026-09-14T00:00:00+00:00
[2026-09-13T01:40:11.877+0000] {processor.py:178} INFO - Processing /opt/airflow/dags/2_bash_operator.py took 0.474 seconds
[2026-09-13T01:40:42.214+0000] {processor.py:156} INFO - Started process (PID=161573) to work on /opt/airflow/dags/2_bash_operator.py
[2026-09-13T01:40:42.218+0000] {processor.py:799} INFO - Processing file /opt/airflow/dags/2_bash_operator.py for tasks to queue
[2026-09-13T01:40:42.220+0000] {logging_mixin.py:149} INFO - [2026-09-13T01:40:42.219+0000] {dagbag.py:541} INFO - Filling up the DagBag from /opt/airflow/dags/2_bash_operator.py
[2026-09-13T01:40:42.245+0000] {processor.py:809} INFO - DAG(s) dict_keys(['2-bashoperator']) retrieved from /opt/airflow/dags/2_bash_operator.py
[2026-09-13T01:40:42.332+0000] {logging_mixin.py:149} INFO - [2026-09-13T01:40:42.332+0000] {dag.py:2726} INFO - Sync 1 DAGs
[2026-09-13T01:40:42.409+0000] {logging_mixin.py:149} INFO - [2026-09-13T01:40:42.409+0000] {dag.py:3490} INFO - Setting next_dagrun for 2-bashoperator to 2026-09-13T00:00:00+00:00, run_after=2026-09-14T00:00:00+00:00
[2026-09-13T01:40:42.473+0000] {processor.py:178} INFO - Processing /opt/airflow/dags/2_bash_operator.py took 0.272 seconds
[2026-09-13T01:41:12.639+0000] {processor.py:156} INFO - Started process (PID=161587) to work on /opt/airflow/dags/2_bash_operator.py
[2026-09-13T01:41:12.644+0000] {processor.py:799} INFO - Processing file /opt/airflow/dags/2_bash_operator.py for tasks to queue
[2026-09-13T01:41:12.646+0000] {logging_mixin.py:149} INFO - [2026-09-13T01:41:12.646+0000] {dagbag.py:541} INFO - Filling up the DagBag from /opt/airflow/dags/2_bash_operator.py
[2026-09-13T01:41:12.672+0000] {processor.py:809} INFO - DAG(s) dict_keys(['2-bashoperator']) retrieved from /opt/airflow/dags/2_bash_operator.py
[2026-09-13T01:41:12.758+0000] {logging_mixin.py:149} INFO - [2026-09-13T01:41:12.757+0000] {dag.py:2726} INFO - Sync 1 DAGs
[2026-09-13T01:41:12.818+0000] {logging_mixin.py:149} INFO - [2026-09-13T01:41:12.818+0000] {dag.py:3490} INFO - Setting next_dagrun for 2-bashoperator to 2026-09-13T00:00:00+00:00, run_after=2026-09-14T00:00:00+00:00
[2026-09-13T01:41:12.891+0000] {processor.py:178} INFO - Processing /opt/airflow/dags/2_bash_operator.py took 0.264 seconds
[2026-09-13T01:41:43.307+0000] {processor.py:156} INFO - Started process (PID=161602) to work on /opt/airflow/dags/2_bash_operator.py
[2026-09-13T01:41:43.311+0000] {processor.py:799} INFO - Processing file /opt/airflow/dags/2_bash_operator.py for tasks to queue
[2026-09-13T01:41:43.313+0000] {logging_mixin.py:149} INFO - [2026-09-13T01:41:43.312+0000] {dagbag.py:541} INFO - Filling up the DagBag from /opt/airflow/dags/2_bash_operator.py
[2026-09-13T01:41:43.337+0000] {processor.py:809} INFO - DAG(s) dict_keys(['2-bashoperator']) retrieved from /opt/airflow/dags/2_bash_operator.py
[2026-09-13T01:41:43.429+0000] {logging_mixin.py:149} INFO - [2026-09-13T01:41:43.428+0000] {dag.py:2726} INFO - Sync 1 DAGs
[2026-09-13T01:41:43.733+0000] {logging_mixin.py:149} INFO - [2026-09-13T01:41:43.733+0000] {dag.py:3490} INFO - Setting next_dagrun for 2-bashoperator to 2026-09-13T00:00:00+00:00, run_after=2026-09-14T00:00:00+00:00
[2026-09-13T01:41:43.775+0000] {processor.py:178} INFO - Processing /opt/airflow/dags/2_bash_operator.py took 0.483 seconds
[2026-09-13T01:42:14.220+0000] {processor.py:156} INFO - Started process (PID=161616) to work on /opt/airflow/dags/2_bash_operator.py
[2026-09-13T01:42:14.224+0000] {processor.py:799} INFO - Processing file /opt/airflow/dags/2_bash_operator.py for tasks to queue
[2026-09-13T01:42:14.226+0000] {logging_mixin.py:149} INFO - [2026-09-13T01:42:14.225+0000] {dagbag.py:541} INFO - Filling up the DagBag from /opt/airflow/dags/2_bash_operator.py
[2026-09-13T01:42:14.251+0000] {processor.py:809} INFO - DAG(s) dict_keys(['2-bashoperator']) retrieved from /opt/airflow/dags/2_bash_operator.py
[2026-09-13T01:42:14.333+0000] {logging_mixin.py:149} INFO - [2026-09-13T01:42:14.333+0000] {dag.py:2726} INFO - Sync 1 DAGs
[2026-09-13T01:42:14.603+0000] {logging_mixin.py:149} INFO - [2026-09-13T01:42:14.603+0000] {dag.py:3490} INFO - Setting next_dagrun for 2-bashoperator to 2026-09-13T00:00:00+00:00, run_after=2026-09-14T00:00:00+00:00
[2026-09-13T01:42:14.662+0000] {processor.py:178} INFO - Processing /opt/airflow/dags/2_bash_operator.py took 0.453 seconds
[2026-09-13T01:42:45.470+0000] {processor.py:156} INFO - Started process (PID=161630) to work on /opt/airflow/dags/2_bash_operator.py
[2026-09-13T01:42:45.472+0000] {processor.py:799} INFO - Processing file /opt/airflow/dags/2_bash_operator.py for tasks to queue
[2026-09-13T01:42:45.473+0000] {logging_mixin.py:149} INFO - [2026-09-13T01:42:45.473+0000] {dagbag.py:541} INFO - Filling up the DagBag from /opt/airflow/dags/2_bash_operator.py
[2026-09-13T01:42:45.489+0000] {processor.py:809} INFO - DAG(s) dict_keys(['2-bashoperator']) retrieved from /opt/airflow/dags/2_bash_operator.py
[2026-09-13T01:42:45.572+0000] {logging_mixin.py:149} INFO - [2026-09-13T01:42:45.571+0000] {dag.py:2726} INFO - Sync 1 DAGs
[2026-09-13T01:42:45.829+0000] {logging_mixin.py:149} INFO - [2026-09-13T01:42:45.829+0000] {dag.py:3490} INFO - Setting next_dagrun for 2-bashoperator to 2026-09-13T00:00:00+00:00, run_after=2026-09-14T00:00:00+00:00
[2026-09-13T01:42:45.893+0000] {processor.py:178} INFO - Processing /opt/airflow/dags/2_bash_operator.py took 0.429 seconds
[2026-09-13T01:43:16.310+0000] {processor.py:156} INFO - Started process (PID=161644) to work on /opt/airflow/dags/2_bash_operator.py
[2026-09-13T01:43:16.316+0000] {processor.py:799} INFO - Processing file /opt/airflow/dags/2_bash_operator.py for tasks to queue
[2026-09-13T01:43:16.318+0000] {logging_mixin.py:149} INFO - [2026-09-13T01:43:16.318+0000] {dagbag.py:541} INFO - Filling up the DagBag from /opt/airflow/dags/2_bash_operator.py
[2026-09-13T01:43:16.350+0000] {processor.py:809} INFO - DAG(s) dict_keys(['2-bashoperator']) retrieved from /opt/airflow/dags/2_bash_operator.py
[2026-09-13T01:43:16.653+0000] {logging_mixin.py:149} INFO - [2026-09-13T01:43:16.652+0000] {dag.py:2726} INFO - Sync 1 DAGs
[2026-09-13T01:43:16.699+0000] {logging_mixin.py:149} INFO - [2026-09-13T01:43:16.698+0000] {dag.py:3490} INFO - Setting next_dagrun for 2-bashoperator to 2026-09-13T00:00:00+00:00, run_after=2026-09-14T00:00:00+00:00
[2026-09-13T01:43:16.756+0000] {processor.py:178} INFO - Processing /opt/airflow/dags/2_bash_operator.py took 0.456 seconds
[2026-09-13T01:43:47.180+0000] {processor.py:156} INFO - Started process (PID=161658) to work on /opt/airflow/dags/2_bash_operator.py
[2026-09-13T01:43:47.184+0000] {processor.py:799} INFO - Processing file /opt/airflow/dags/2_bash_operator.py for tasks to queue
[2026-09-13T01:43:47.186+0000] {logging_mixin.py:149} INFO - [2026-09-13T01:43:47.185+0000] {dagbag.py:541} INFO - Filling up the DagBag from /opt/airflow/dags/2_bash_operator.py
[2026-09-13T01:43:47.212+0000] {processor.py:809} INFO - DAG(s) dict_keys(['2-bashoperator']) retrieved from /opt/airflow/dags/2_bash_operator.py
[2026-09-13T01:43:47.299+0000] {logging_mixin.py:149} INFO - [2026-09-13T01:43:47.298+0000] {dag.py:2726} INFO - Sync 1 DAGs
[2026-09-13T01:43:47.365+0000] {logging_mixin.py:149} INFO - [2026-09-13T01:43:47.365+0000] {dag.py:3490} INFO - Setting next_dagrun for 2-bashoperator to 2026-09-13T00:00:00+00:00, run_after=2026-09-14T00:00:00+00:00
[2026-09-13T01:43:47.432+0000] {processor.py:178} INFO - Processing /opt/airflow/dags/2_bash_operator.py took 0.263 seconds
[2026-09-13T01:44:18.200+0000] {processor.py:156} INFO - Started process (PID=161672) to work on /opt/airflow/dags/2_bash_operator.py
[2026-09-13T01:44:18.204+0000] {processor.py:799} INFO - Processing file /opt/airflow/dags/2_bash_operator.py for tasks to queue
[2026-09-13T01:44:18.205+0000] {logging_mixin.py:149} INFO - [2026-09-13T01:44:18.205+0000] {dagbag.py:541} INFO - Filling up the DagBag from /opt/airflow/dags/2_bash_operator.py
[2026-09-13T01:44:18.236+0000] {processor.py:809} INFO - DAG(s) dict_keys(['2-bashoperator']) retrieved from /opt/airflow/dags/2_bash_operator.py
[2026-09-13T01:44:18.308+0000] {logging_mixin.py:149} INFO - [2026-09-13T01:44:18.308+0000] {dag.py:2726} INFO - Sync 1 DAGs
[2026-09-13T01:44:18.363+0000] {logging_mixin.py:149} INFO - [2026-09-13T01:44:18.362+0000] {dag.py:3490} INFO - Setting next_dagrun for 2-bashoperator to 2026-09-13T00:00:00+00:00, run_after=2026-09-14T00:00:00+00:00
[2026-09-13T01:44:18.664+0000] {processor.py:178} INFO - Processing /opt/airflow/dags/2_bash_operator.py took 0.473 seconds
[2026-09-13T01:44:48.957+0000] {processor.py:156} INFO - Started process (PID=161686) to work on /opt/airflow/dags/2_bash_operator.py
[2026-09-13T01:44:48.961+0000] {processor.py:799} INFO - Processing file /opt/airflow/dags/2_bash_operator.py for tasks to queue
[2026-09-13T01:44:48.963+0000] {logging_mixin.py:149} INFO - [2026-09-13T01:44:48.962+0000] {dagbag.py:541} INFO - Filling up the DagBag from /opt/airflow/dags/2_bash_operator.py
[2026-09-13T01:44:48.991+0000] {processor.py:809} INFO - DAG(s) dict_keys(['2-bashoperator']) retrieved from /opt/airflow/dags/2_bash_operator.py
[2026-09-13T01:44:49.092+0000] {logging_mixin.py:149} INFO - [2026-09-13T01:44:49.091+0000] {dag.py:2726} INFO - Sync 1 DAGs
[2026-09-13T01:44:49.434+0000] {logging_mixin.py:149} INFO - [2026-09-13T01:44:49.434+0000] {dag.py:3490} INFO - Setting next_dagrun for 2-bashoperator to 2026-09-13T00:00:00+00:00, run_after=2026-09-14T00:00:00+00:00
[2026-09-13T01:44:49.493+0000] {processor.py:178} INFO - Processing /opt/airflow/dags/2_bash_operator.py took 0.548 seconds
[2026-09-13T01:45:19.815+0000] {processor.py:156} INFO - Started process (PID=161700) to work on /opt/airflow/dags/2_bash_operator.py
[2026-09-13T01:45:19.820+0000] {processor.py:799} INFO - Processing file /opt/airflow/dags/2_bash_operator.py for tasks to queue
[2026-09-13T01:45:19.823+0000] {logging_mixin.py:149} INFO - [2026-09-13T01:45:19.823+0000] {dagbag.py:541} INFO - Filling up the DagBag from /opt/airflow/dags/2_bash_operator.py
[2026-09-13T01:45:19.839+0000] {processor.py:809} INFO - DAG(s) dict_keys(['2-bashoperator']) retrieved from /opt/airflow/dags/2_bash_operator.py
[2026-09-13T01:45:19.879+0000] {logging_mixin.py:149} INFO - [2026-09-13T01:45:19.879+0000] {dag.py:2726} INFO - Sync 1 DAGs
[2026-09-13T01:45:20.108+0000] {logging_mixin.py:149} INFO - [2026-09-13T01:45:20.108+0000] {dag.py:3490} INFO - Setting next_dagrun for 2-bashoperator to 2026-09-13T00:00:00+00:00, run_after=2026-09-14T00:00:00+00:00
[2026-09-13T01:45:20.134+0000] {processor.py:178} INFO - Processing /opt/airflow/dags/2_bash_operator.py took 0.332 seconds
[2026-09-13T01:45:50.495+0000] {processor.py:156} INFO - Started process (PID=161714) to work on /opt/airflow/dags/2_bash_operator.py
[2026-09-13T01:45:50.502+0000] {processor.py:799} INFO - Processing file /opt/airflow/dags/2_bash_operator.py for tasks to queue
[2026-09-13T01:45:50.505+0000] {logging_mixin.py:149} INFO - [2026-09-13T01:45:50.505+0000] {dagbag.py:541} INFO - Filling up the DagBag from /opt/airflow/dags/2_bash_operator.py
[2026-09-13T01:45:50.533+0000] {processor.py:809} INFO - DAG(s) dict_keys(['2-bashoperator']) retrieved from /opt/airflow/dags/2_bash_operator.py
[2026-09-13T01:45:50.882+0000] {logging_mixin.py:149} INFO - [2026-09-13T01:45:50.882+0000] {dag.py:2726} INFO - Sync 1 DAGs
[2026-09-13T01:45:50.921+0000] {logging_mixin.py:149} INFO - [2026-09-13T01:45:50.921+0000] {dag.py:3490} INFO - Setting next_dagrun for 2-bashoperator to 2026-09-13T00:00:00+00:00, run_after=2026-09-14T00:00:00+00:00
[2026-09-13T01:45:50.950+0000] {processor.py:178} INFO - Processing /opt/airflow/dags/2_bash_operator.py took 0.470 seconds
[2026-09-13T01:46:21.244+0000] {processor.py:156} INFO - Started process (PID=161728) to work on /opt/airflow/dags/2_bash_operator.py
[2026-09-13T01:46:21.247+0000] {processor.py:799} INFO - Processing file /opt/airflow/dags/2_bash_operator.py for tasks to queue
[2026-09-13T01:46:21.249+0000] {logging_mixin.py:149} INFO - [2026-09-13T01:46:21.248+0000] {dagbag.py:541} INFO - Filling up the DagBag from /opt/airflow/dags/2_bash_operator.py
[2026-09-13T01:46:21.508+0000] {processor.py:809} INFO - DAG(s) dict_keys(['2-bashoperator']) retrieved from /opt/airflow/dags/2_bash_operator.py
[2026-09-13T01:46:21.582+0000] {logging_mixin.py:149} INFO - [2026-09-13T01:46:21.581+0000] {dag.py:2726} INFO - Sync 1 DAGs
[2026-09-13T01:46:21.648+0000] {logging_mixin.py:149} INFO - [2026-09-13T01:46:21.648+0000] {dag.py:3490} INFO - Setting next_dagrun for 2-bashoperator to 2026-09-13T00:00:00+00:00, run_after=2026-09-14T00:00:00+00:00
[2026-09-13T01:46:21.713+0000] {processor.py:178} INFO - Processing /opt/airflow/dags/2_bash_operator.py took 0.480 seconds
[2026-09-13T01:46:52.710+0000] {processor.py:156} INFO - Started process (PID=161742) to work on /opt/airflow/dags/2_bash_operator.py
[2026-09-13T01:46:52.713+0000] {processor.py:799} INFO - Processing file /opt/airflow/dags/2_bash_operator.py for tasks to queue
[2026-09-13T01:46:52.715+0000] {logging_mixin.py:149} INFO - [2026-09-13T01:46:52.715+0000] {dagbag.py:541} INFO - Filling up the DagBag from /opt/airflow/dags/2_bash_operator.py
[2026-09-13T01:46:52.741+0000] {processor.py:809} INFO - DAG(s) dict_keys(['2-bashoperator']) retrieved from /opt/airflow/dags/2_bash_operator.py
[2026-09-13T01:46:52.831+0000] {logging_mixin.py:149} INFO - [2026-09-13T01:46:52.830+0000] {dag.py:2726} INFO - Sync 1 DAGs
[2026-09-13T01:46:52.905+0000] {logging_mixin.py:149} INFO - [2026-09-13T01:46:52.905+0000] {dag.py:3490} INFO - Setting next_dagrun for 2-bashoperator to 2026-09-13T00:00:00+00:00, run_after=2026-09-14T00:00:00+00:00
[2026-09-13T01:46:52.979+0000] {processor.py:178} INFO - Processing /opt/airflow/dags/2_bash_operator.py took 0.278 seconds
[2026-09-13T01:47:23.190+0000] {processor.py:156} INFO - Started process (PID=161756) to work on /opt/airflow/dags/2_bash_operator.py
[2026-09-13T01:47:23.196+0000] {processor.py:799} INFO - Processing file /opt/airflow/dags/2_bash_operator.py for tasks to queue
[2026-09-13T01:47:23.198+0000] {logging_mixin.py:149} INFO - [2026-09-13T01:47:23.197+0000] {dagbag.py:541} INFO - Filling up the DagBag from /opt/airflow/dags/2_bash_operator.py
[2026-09-13T01:47:23.223+0000] {processor.py:809} INFO - DAG(s) dict_keys(['2-bashoperator']) retrieved from /opt/airflow/dags/2_bash_operator.py
[2026-09-13T01:47:23.325+0000] {logging_mixin.py:149} INFO - [2026-09-13T01:47:23.324+0000] {dag.py:2726} INFO - Sync 1 DAGs
[2026-09-13T01:47:23.397+0000] {logging_mixin.py:149} INFO - [2026-09-13T01:47:23.396+0000] {dag.py:3490} INFO - Setting next_dagrun for 2-bashoperator to 2026-09-13T00:00:00+00:00, run_after=2026-09-14T00:00:00+00:00
[2026-09-13T01:47:23.454+0000] {processor.py:178} INFO - Processing /opt/airflow/dags/2_bash_operator.py took 0.275 seconds
[2026-09-13T01:47:53.607+0000] {processor.py:156} INFO - Started process (PID=161770) to work on /opt/airflow/dags/2_bash_operator.py
[2026-09-13T01:47:53.610+0000] {processor.py:799} INFO - Processing file /opt/airflow/dags/2_bash_operator.py for tasks to queue
[2026-09-13T01:47:53.613+0000] {logging_mixin.py:149} INFO - [2026-09-13T01:47:53.612+0000] {dagbag.py:541} INFO - Filling up the DagBag from /opt/airflow/dags/2_bash_operator.py
[2026-09-13T01:47:53.641+0000] {processor.py:809} INFO - DAG(s) dict_keys(['2-bashoperator']) retrieved from /opt/airflow/dags/2_bash_operator.py
[2026-09-13T01:47:53.725+0000] {logging_mixin.py:149} INFO - [2026-09-13T01:47:53.724+0000] {dag.py:2726} INFO - Sync 1 DAGs
[2026-09-13T01:47:53.792+0000] {logging_mixin.py:149} INFO - [2026-09-13T01:47:53.791+0000] {dag.py:3490} INFO - Setting next_dagrun for 2-bashoperator to 2026-09-13T00:00:00+00:00, run_after=2026-09-14T00:00:00+00:00
[2026-09-13T01:47:53.854+0000] {processor.py:178} INFO - Processing /opt/airflow/dags/2_bash_operator.py took 0.258 seconds
[2026-09-13T01:48:24.093+0000] {processor.py:156} INFO - Started process (PID=161784) to work on /opt/airflow/dags/2_bash_operator.py
[2026-09-13T01:48:24.095+0000] {processor.py:799} INFO - Processing file /opt/airflow/dags/2_bash_operator.py for tasks to queue
[2026-09-13T01:48:24.096+0000] {logging_mixin.py:149} INFO - [2026-09-13T01:48:24.096+0000] {dagbag.py:541} INFO - Filling up the DagBag from /opt/airflow/dags/2_bash_operator.py
[2026-09-13T01:48:24.110+0000] {processor.py:809} INFO - DAG(s) dict_keys(['2-bashoperator']) retrieved from /opt/airflow/dags/2_bash_operator.py
[2026-09-13T01:48:24.173+0000] {logging_mixin.py:149} INFO - [2026-09-13T01:48:24.173+0000] {dag.py:2726} INFO - Sync 1 DAGs
[2026-09-13T01:48:24.234+0000] {logging_mixin.py:149} INFO - [2026-09-13T01:48:24.233+0000] {dag.py:3490} INFO - Setting next_dagrun for 2-bashoperator to 2026-09-13T00:00:00+00:00, run_after=2026-09-14T00:00:00+00:00
[2026-09-13T01:48:24.299+0000] {processor.py:178} INFO - Processing /opt/airflow/dags/2_bash_operator.py took 0.215 seconds
[2026-09-13T01:48:54.575+0000] {processor.py:156} INFO - Started process (PID=161798) to work on /opt/airflow/dags/2_bash_operator.py
[2026-09-13T01:48:54.579+0000] {processor.py:799} INFO - Processing file /opt/airflow/dags/2_bash_operator.py for tasks to queue
[2026-09-13T01:48:54.581+0000] {logging_mixin.py:149} INFO - [2026-09-13T01:48:54.580+0000] {dagbag.py:541} INFO - Filling up the DagBag from /opt/airflow/dags/2_bash_operator.py
[2026-09-13T01:48:54.606+0000] {processor.py:809} INFO - DAG(s) dict_keys(['2-bashoperator']) retrieved from /opt/airflow/dags/2_bash_operator.py
[2026-09-13T01:48:54.693+0000] {logging_mixin.py:149} INFO - [2026-09-13T01:48:54.693+0000] {dag.py:2726} INFO - Sync 1 DAGs
[2026-09-13T01:48:54.757+0000] {logging_mixin.py:149} INFO - [2026-09-13T01:48:54.757+0000] {dag.py:3490} INFO - Setting next_dagrun for 2-bashoperator to 2026-09-13T00:00:00+00:00, run_after=2026-09-14T00:00:00+00:00
[2026-09-13T01:48:54.812+0000] {processor.py:178} INFO - Processing /opt/airflow/dags/2_bash_operator.py took 0.248 seconds
[2026-09-13T01:49:25.041+0000] {processor.py:156} INFO - Started process (PID=161812) to work on /opt/airflow/dags/2_bash_operator.py
[2026-09-13T01:49:25.045+0000] {processor.py:799} INFO - Processing file /opt/airflow/dags/2_bash_operator.py for tasks to queue
[2026-09-13T01:49:25.047+0000] {logging_mixin.py:149} INFO - [2026-09-13T01:49:25.047+0000] {dagbag.py:541} INFO - Filling up the DagBag from /opt/airflow/dags/2_bash_operator.py
[2026-09-13T01:49:25.073+0000] {processor.py:809} INFO - DAG(s) dict_keys(['2-bashoperator']) retrieved from /opt/airflow/dags/2_bash_operator.py
[2026-09-13T01:49:25.159+0000] {logging_mixin.py:149} INFO - [2026-09-13T01:49:25.158+0000] {dag.py:2726} INFO - Sync 1 DAGs
[2026-09-13T01:49:25.241+0000] {logging_mixin.py:149} INFO - [2026-09-13T01:49:25.240+0000] {dag.py:3490} INFO - Setting next_dagrun for 2-bashoperator to 2026-09-13T00:00:00+00:00, run_after=2026-09-14T00:00:00+00:00
[2026-09-13T01:49:25.301+0000] {processor.py:178} INFO - Processing /opt/airflow/dags/2_bash_operator.py took 0.271 seconds
[2026-09-13T01:49:55.537+0000] {processor.py:156} INFO - Started process (PID=161826) to work on /opt/airflow/dags/2_bash_operator.py
[2026-09-13T01:49:55.541+0000] {processor.py:799} INFO - Processing file /opt/airflow/dags/2_bash_operator.py for tasks to queue
[2026-09-13T01:49:55.543+0000] {logging_mixin.py:149} INFO - [2026-09-13T01:49:55.543+0000] {dagbag.py:541} INFO - Filling up the DagBag from /opt/airflow/dags/2_bash_operator.py
[2026-09-13T01:49:55.570+0000] {processor.py:809} INFO - DAG(s) dict_keys(['2-bashoperator']) retrieved from /opt/airflow/dags/2_bash_operator.py
[2026-09-13T01:49:55.640+0000] {logging_mixin.py:149} INFO - [2026-09-13T01:49:55.639+0000] {dag.py:2726} INFO - Sync 1 DAGs
[2026-09-13T01:49:55.698+0000] {logging_mixin.py:149} INFO - [2026-09-13T01:49:55.697+0000] {dag.py:3490} INFO - Setting next_dagrun for 2-bashoperator to 2026-09-13T00:00:00+00:00, run_after=2026-09-14T00:00:00+00:00
[2026-09-13T01:49:55.760+0000] {processor.py:178} INFO - Processing /opt/airflow/dags/2_bash_operator.py took 0.236 seconds
[2026-09-13T01:50:26.014+0000] {processor.py:156} INFO - Started process (PID=161840) to work on /opt/airflow/dags/2_bash_operator.py
[2026-09-13T01:50:26.018+0000] {processor.py:799} INFO - Processing file /opt/airflow/dags/2_bash_operator.py for tasks to queue
[2026-09-13T01:50:26.019+0000] {logging_mixin.py:149} INFO - [2026-09-13T01:50:26.019+0000] {dagbag.py:541} INFO - Filling up the DagBag from /opt/airflow/dags/2_bash_operator.py
[2026-09-13T01:50:26.043+0000] {processor.py:809} INFO - DAG(s) dict_keys(['2-bashoperator']) retrieved from /opt/airflow/dags/2_bash_operator.py
[2026-09-13T01:50:26.125+0000] {logging_mixin.py:149} INFO - [2026-09-13T01:50:26.125+0000] {dag.py:2726} INFO - Sync 1 DAGs
[2026-09-13T01:50:26.210+0000] {logging_mixin.py:149} INFO - [2026-09-13T01:50:26.209+0000] {dag.py:3490} INFO - Setting next_dagrun for 2-bashoperator to 2026-09-13T00:00:00+00:00, run_after=2026-09-14T00:00:00+00:00
[2026-09-13T01:50:26.274+0000] {processor.py:178} INFO - Processing /opt/airflow/dags/2_bash_operator.py took 0.273 seconds
[2026-09-13T01:50:56.363+0000] {processor.py:156} INFO - Started process (PID=161854) to work on /opt/airflow/dags/2_bash_operator.py
[2026-09-13T01:50:56.367+0000] {processor.py:799} INFO - Processing file /opt/airflow/dags/2_bash_operator.py for tasks to queue
[2026-09-13T01:50:56.368+0000] {logging_mixin.py:149} INFO - [2026-09-13T01:50:56.368+0000] {dagbag.py:541} INFO - Filling up the DagBag from /opt/airflow/dags/2_bash_operator.py
[2026-09-13T01:50:56.396+0000] {processor.py:809} INFO - DAG(s) dict_keys(['2-bashoperator']) retrieved from /opt/airflow/dags/2_bash_operator.py
[2026-09-13T01:50:56.493+0000] {logging_mixin.py:149} INFO - [2026-09-13T01:50:56.493+0000] {dag.py:2726} INFO - Sync 1 DAGs
[2026-09-13T01:50:56.571+0000] {logging_mixin.py:149} INFO - [2026-09-13T01:50:56.571+0000] {dag.py:3490} INFO - Setting next_dagrun for 2-bashoperator to 2026-09-13T00:00:00+00:00, run_after=2026-09-14T00:00:00+00:00
[2026-09-13T01:50:56.641+0000] {processor.py:178} INFO - Processing /opt/airflow/dags/2_bash_operator.py took 0.289 seconds
[2026-09-13T01:51:26.881+0000] {processor.py:156} INFO - Started process (PID=161868) to work on /opt/airflow/dags/2_bash_operator.py
[2026-09-13T01:51:26.885+0000] {processor.py:799} INFO - Processing file /opt/airflow/dags/2_bash_operator.py for tasks to queue
[2026-09-13T01:51:26.886+0000] {logging_mixin.py:149} INFO - [2026-09-13T01:51:26.885+0000] {dagbag.py:541} INFO - Filling up the DagBag from /opt/airflow/dags/2_bash_operator.py
[2026-09-13T01:51:26.901+0000] {processor.py:809} INFO - DAG(s) dict_keys(['2-bashoperator']) retrieved from /opt/airflow/dags/2_bash_operator.py
[2026-09-13T01:51:26.945+0000] {logging_mixin.py:149} INFO - [2026-09-13T01:51:26.944+0000] {dag.py:2726} INFO - Sync 1 DAGs
[2026-09-13T01:51:26.980+0000] {logging_mixin.py:149} INFO - [2026-09-13T01:51:26.980+0000] {dag.py:3490} INFO - Setting next_dagrun for 2-bashoperator to 2026-09-13T00:00:00+00:00, run_after=2026-09-14T00:00:00+00:00
[2026-09-13T01:51:27.006+0000] {processor.py:178} INFO - Processing /opt/airflow/dags/2_bash_operator.py took 0.130 seconds
[2026-09-13T01:51:57.597+0000] {processor.py:156} INFO - Started process (PID=161882) to work on /opt/airflow/dags/2_bash_operator.py
[2026-09-13T01:51:57.603+0000] {processor.py:799} INFO - Processing file /opt/airflow/dags/2_bash_operator.py for tasks to queue
[2026-09-13T01:51:57.605+0000] {logging_mixin.py:149} INFO - [2026-09-13T01:51:57.604+0000] {dagbag.py:541} INFO - Filling up the DagBag from /opt/airflow/dags/2_bash_operator.py
[2026-09-13T01:51:57.635+0000] {processor.py:809} INFO - DAG(s) dict_keys(['2-bashoperator']) retrieved from /opt/airflow/dags/2_bash_operator.py
[2026-09-13T01:51:57.729+0000] {logging_mixin.py:149} INFO - [2026-09-13T01:51:57.728+0000] {dag.py:2726} INFO - Sync 1 DAGs
[2026-09-13T01:51:57.797+0000] {logging_mixin.py:149} INFO - [2026-09-13T01:51:57.797+0000] {dag.py:3490} INFO - Setting next_dagrun for 2-bashoperator to 2026-09-13T00:00:00+00:00, run_after=2026-09-14T00:00:00+00:00
[2026-09-13T01:51:57.865+0000] {processor.py:178} INFO - Processing /opt/airflow/dags/2_bash_operator.py took 0.278 seconds
[2026-09-13T01:52:28.168+0000] {processor.py:156} INFO - Started process (PID=161895) to work on /opt/airflow/dags/2_bash_operator.py
[2026-09-13T01:52:28.172+0000] {processor.py:799} INFO - Processing file /opt/airflow/dags/2_bash_operator.py for tasks to queue
[2026-09-13T01:52:28.174+0000] {logging_mixin.py:149} INFO - [2026-09-13T01:52:28.173+0000] {dagbag.py:541} INFO - Filling up the DagBag from /opt/airflow/dags/2_bash_operator.py
[2026-09-13T01:52:28.199+0000] {processor.py:809} INFO - DAG(s) dict_keys(['2-bashoperator']) retrieved from /opt/airflow/dags/2_bash_operator.py
[2026-09-13T01:52:28.296+0000] {logging_mixin.py:149} INFO - [2026-09-13T01:52:28.296+0000] {dag.py:2726} INFO - Sync 1 DAGs
[2026-09-13T01:52:28.368+0000] {logging_mixin.py:149} INFO - [2026-09-13T01:52:28.367+0000] {dag.py:3490} INFO - Setting next_dagrun for 2-bashoperator to 2026-09-13T00:00:00+00:00, run_after=2026-09-14T00:00:00+00:00
[2026-09-13T01:52:28.439+0000] {processor.py:178} INFO - Processing /opt/airflow/dags/2_bash_operator.py took 0.282 seconds
[2026-09-13T01:52:58.773+0000] {processor.py:156} INFO - Started process (PID=161916) to work on /opt/airflow/dags/2_bash_operator.py
[2026-09-13T01:52:58.783+0000] {processor.py:799} INFO - Processing file /opt/airflow/dags/2_bash_operator.py for tasks to queue
[2026-09-13T01:52:58.786+0000] {logging_mixin.py:149} INFO - [2026-09-13T01:52:58.786+0000] {dagbag.py:541} INFO - Filling up the DagBag from /opt/airflow/dags/2_bash_operator.py
[2026-09-13T01:52:58.817+0000] {processor.py:809} INFO - DAG(s) dict_keys(['2-bashoperator']) retrieved from /opt/airflow/dags/2_bash_operator.py
[2026-09-13T01:52:58.879+0000] {logging_mixin.py:149} INFO - [2026-09-13T01:52:58.879+0000] {dag.py:2726} INFO - Sync 1 DAGs
[2026-09-13T01:52:58.920+0000] {logging_mixin.py:149} INFO - [2026-09-13T01:52:58.920+0000] {dag.py:3490} INFO - Setting next_dagrun for 2-bashoperator to 2026-09-13T00:00:00+00:00, run_after=2026-09-14T00:00:00+00:00
[2026-09-13T01:52:58.945+0000] {processor.py:178} INFO - Processing /opt/airflow/dags/2_bash_operator.py took 0.182 seconds
[2026-09-13T01:53:29.204+0000] {processor.py:156} INFO - Started process (PID=161931) to work on /opt/airflow/dags/2_bash_operator.py
[2026-09-13T01:53:29.207+0000] {processor.py:799} INFO - Processing file /opt/airflow/dags/2_bash_operator.py for tasks to queue
[2026-09-13T01:53:29.209+0000] {logging_mixin.py:149} INFO - [2026-09-13T01:53:29.208+0000] {dagbag.py:541} INFO - Filling up the DagBag from /opt/airflow/dags/2_bash_operator.py
[2026-09-13T01:53:29.235+0000] {processor.py:809} INFO - DAG(s) dict_keys(['2-bashoperator']) retrieved from /opt/airflow/dags/2_bash_operator.py
[2026-09-13T01:53:29.341+0000] {logging_mixin.py:149} INFO - [2026-09-13T01:53:29.341+0000] {dag.py:2726} INFO - Sync 1 DAGs
[2026-09-13T01:53:29.420+0000] {logging_mixin.py:149} INFO - [2026-09-13T01:53:29.419+0000] {dag.py:3490} INFO - Setting next_dagrun for 2-bashoperator to 2026-09-13T00:00:00+00:00, run_after=2026-09-14T00:00:00+00:00
[2026-09-13T01:53:29.481+0000] {processor.py:178} INFO - Processing /opt/airflow/dags/2_bash_operator.py took 0.288 seconds
[2026-09-13T01:53:59.678+0000] {processor.py:156} INFO - Started process (PID=161945) to work on /opt/airflow/dags/2_bash_operator.py
[2026-09-13T01:53:59.682+0000] {processor.py:799} INFO - Processing file /opt/airflow/dags/2_bash_operator.py for tasks to queue
[2026-09-13T01:53:59.684+0000] {logging_mixin.py:149} INFO - [2026-09-13T01:53:59.683+0000] {dagbag.py:541} INFO - Filling up the DagBag from /opt/airflow/dags/2_bash_operator.py
[2026-09-13T01:53:59.712+0000] {processor.py:809} INFO - DAG(s) dict_keys(['2-bashoperator']) retrieved from /opt/airflow/dags/2_bash_operator.py
[2026-09-13T01:53:59.801+0000] {logging_mixin.py:149} INFO - [2026-09-13T01:53:59.800+0000] {dag.py:2726} INFO - Sync 1 DAGs
[2026-09-13T01:53:59.880+0000] {logging_mixin.py:149} INFO - [2026-09-13T01:53:59.879+0000] {dag.py:3490} INFO - Setting next_dagrun for 2-bashoperator to 2026-09-13T00:00:00+00:00, run_after=2026-09-14T00:00:00+00:00
[2026-09-13T01:53:59.951+0000] {processor.py:178} INFO - Processing /opt/airflow/dags/2_bash_operator.py took 0.284 seconds
[2026-09-13T01:54:30.079+0000] {processor.py:156} INFO - Started process (PID=161959) to work on /opt/airflow/dags/2_bash_operator.py
[2026-09-13T01:54:30.082+0000] {processor.py:799} INFO - Processing file /opt/airflow/dags/2_bash_operator.py for tasks to queue
[2026-09-13T01:54:30.085+0000] {logging_mixin.py:149} INFO - [2026-09-13T01:54:30.084+0000] {dagbag.py:541} INFO - Filling up the DagBag from /opt/airflow/dags/2_bash_operator.py
[2026-09-13T01:54:30.112+0000] {processor.py:809} INFO - DAG(s) dict_keys(['2-bashoperator']) retrieved from /opt/airflow/dags/2_bash_operator.py
[2026-09-13T01:54:30.208+0000] {logging_mixin.py:149} INFO - [2026-09-13T01:54:30.207+0000] {dag.py:2726} INFO - Sync 1 DAGs
[2026-09-13T01:54:30.296+0000] {logging_mixin.py:149} INFO - [2026-09-13T01:54:30.295+0000] {dag.py:3490} INFO - Setting next_dagrun for 2-bashoperator to 2026-09-13T00:00:00+00:00, run_after=2026-09-14T00:00:00+00:00
[2026-09-13T01:54:30.364+0000] {processor.py:178} INFO - Processing /opt/airflow/dags/2_bash_operator.py took 0.295 seconds
[2026-09-13T01:55:00.590+0000] {processor.py:156} INFO - Started process (PID=161973) to work on /opt/airflow/dags/2_bash_operator.py
[2026-09-13T01:55:00.594+0000] {processor.py:799} INFO - Processing file /opt/airflow/dags/2_bash_operator.py for tasks to queue
[2026-09-13T01:55:00.596+0000] {logging_mixin.py:149} INFO - [2026-09-13T01:55:00.595+0000] {dagbag.py:541} INFO - Filling up the DagBag from /opt/airflow/dags/2_bash_operator.py
[2026-09-13T01:55:00.624+0000] {processor.py:809} INFO - DAG(s) dict_keys(['2-bashoperator']) retrieved from /opt/airflow/dags/2_bash_operator.py
[2026-09-13T01:55:00.710+0000] {logging_mixin.py:149} INFO - [2026-09-13T01:55:00.710+0000] {dag.py:2726} INFO - Sync 1 DAGs
[2026-09-13T01:55:00.778+0000] {logging_mixin.py:149} INFO - [2026-09-13T01:55:00.777+0000] {dag.py:3490} INFO - Setting next_dagrun for 2-bashoperator to 2026-09-13T00:00:00+00:00, run_after=2026-09-14T00:00:00+00:00
[2026-09-13T01:55:00.844+0000] {processor.py:178} INFO - Processing /opt/airflow/dags/2_bash_operator.py took 0.268 seconds
[2026-09-13T01:55:30.918+0000] {processor.py:156} INFO - Started process (PID=161988) to work on /opt/airflow/dags/2_bash_operator.py
[2026-09-13T01:55:30.920+0000] {processor.py:799} INFO - Processing file /opt/airflow/dags/2_bash_operator.py for tasks to queue
[2026-09-13T01:55:30.922+0000] {logging_mixin.py:149} INFO - [2026-09-13T01:55:30.922+0000] {dagbag.py:541} INFO - Filling up the DagBag from /opt/airflow/dags/2_bash_operator.py
[2026-09-13T01:55:30.944+0000] {processor.py:809} INFO - DAG(s) dict_keys(['2-bashoperator']) retrieved from /opt/airflow/dags/2_bash_operator.py
[2026-09-13T01:55:31.022+0000] {logging_mixin.py:149} INFO - [2026-09-13T01:55:31.022+0000] {dag.py:2726} INFO - Sync 1 DAGs
[2026-09-13T01:55:31.093+0000] {logging_mixin.py:149} INFO - [2026-09-13T01:55:31.092+0000] {dag.py:3490} INFO - Setting next_dagrun for 2-bashoperator to 2026-09-13T00:00:00+00:00, run_after=2026-09-14T00:00:00+00:00
[2026-09-13T01:55:31.157+0000] {processor.py:178} INFO - Processing /opt/airflow/dags/2_bash_operator.py took 0.252 seconds
[2026-09-13T01:56:01.282+0000] {processor.py:156} INFO - Started process (PID=162002) to work on /opt/airflow/dags/2_bash_operator.py
[2026-09-13T01:56:01.286+0000] {processor.py:799} INFO - Processing file /opt/airflow/dags/2_bash_operator.py for tasks to queue
[2026-09-13T01:56:01.288+0000] {logging_mixin.py:149} INFO - [2026-09-13T01:56:01.288+0000] {dagbag.py:541} INFO - Filling up the DagBag from /opt/airflow/dags/2_bash_operator.py
[2026-09-13T01:56:01.324+0000] {processor.py:809} INFO - DAG(s) dict_keys(['2-bashoperator']) retrieved from /opt/airflow/dags/2_bash_operator.py
[2026-09-13T01:56:01.417+0000] {logging_mixin.py:149} INFO - [2026-09-13T01:56:01.417+0000] {dag.py:2726} INFO - Sync 1 DAGs
[2026-09-13T01:56:01.486+0000] {logging_mixin.py:149} INFO - [2026-09-13T01:56:01.485+0000] {dag.py:3490} INFO - Setting next_dagrun for 2-bashoperator to 2026-09-13T00:00:00+00:00, run_after=2026-09-14T00:00:00+00:00
[2026-09-13T01:56:01.561+0000] {processor.py:178} INFO - Processing /opt/airflow/dags/2_bash_operator.py took 0.289 seconds
[2026-09-13T01:56:31.812+0000] {processor.py:156} INFO - Started process (PID=162016) to work on /opt/airflow/dags/2_bash_operator.py
[2026-09-13T01:56:31.816+0000] {processor.py:799} INFO - Processing file /opt/airflow/dags/2_bash_operator.py for tasks to queue
[2026-09-13T01:56:31.818+0000] {logging_mixin.py:149} INFO - [2026-09-13T01:56:31.818+0000] {dagbag.py:541} INFO - Filling up the DagBag from /opt/airflow/dags/2_bash_operator.py
[2026-09-13T01:56:31.844+0000] {processor.py:809} INFO - DAG(s) dict_keys(['2-bashoperator']) retrieved from /opt/airflow/dags/2_bash_operator.py
[2026-09-13T01:56:31.936+0000] {logging_mixin.py:149} INFO - [2026-09-13T01:56:31.936+0000] {dag.py:2726} INFO - Sync 1 DAGs
[2026-09-13T01:56:32.007+0000] {logging_mixin.py:149} INFO - [2026-09-13T01:56:32.006+0000] {dag.py:3490} INFO - Setting next_dagrun for 2-bashoperator to 2026-09-13T00:00:00+00:00, run_after=2026-09-14T00:00:00+00:00
[2026-09-13T01:56:32.079+0000] {processor.py:178} INFO - Processing /opt/airflow/dags/2_bash_operator.py took 0.277 seconds
[2026-09-13T01:57:02.310+0000] {processor.py:156} INFO - Started process (PID=162030) to work on /opt/airflow/dags/2_bash_operator.py
[2026-09-13T01:57:02.312+0000] {processor.py:799} INFO - Processing file /opt/airflow/dags/2_bash_operator.py for tasks to queue
[2026-09-13T01:57:02.313+0000] {logging_mixin.py:149} INFO - [2026-09-13T01:57:02.313+0000] {dagbag.py:541} INFO - Filling up the DagBag from /opt/airflow/dags/2_bash_operator.py
[2026-09-13T01:57:02.328+0000] {processor.py:809} INFO - DAG(s) dict_keys(['2-bashoperator']) retrieved from /opt/airflow/dags/2_bash_operator.py
[2026-09-13T01:57:02.371+0000] {logging_mixin.py:149} INFO - [2026-09-13T01:57:02.371+0000] {dag.py:2726} INFO - Sync 1 DAGs
[2026-09-13T01:57:02.406+0000] {logging_mixin.py:149} INFO - [2026-09-13T01:57:02.406+0000] {dag.py:3490} INFO - Setting next_dagrun for 2-bashoperator to 2026-09-13T00:00:00+00:00, run_after=2026-09-14T00:00:00+00:00
[2026-09-13T01:57:02.432+0000] {processor.py:178} INFO - Processing /opt/airflow/dags/2_bash_operator.py took 0.126 seconds
[2026-09-13T01:57:32.662+0000] {processor.py:156} INFO - Started process (PID=162044) to work on /opt/airflow/dags/2_bash_operator.py
[2026-09-13T01:57:32.665+0000] {processor.py:799} INFO - Processing file /opt/airflow/dags/2_bash_operator.py for tasks to queue
[2026-09-13T01:57:32.667+0000] {logging_mixin.py:149} INFO - [2026-09-13T01:57:32.667+0000] {dagbag.py:541} INFO - Filling up the DagBag from /opt/airflow/dags/2_bash_operator.py
[2026-09-13T01:57:32.694+0000] {processor.py:809} INFO - DAG(s) dict_keys(['2-bashoperator']) retrieved from /opt/airflow/dags/2_bash_operator.py
[2026-09-13T01:57:32.778+0000] {logging_mixin.py:149} INFO - [2026-09-13T01:57:32.777+0000] {dag.py:2726} INFO - Sync 1 DAGs
[2026-09-13T01:57:32.843+0000] {logging_mixin.py:149} INFO - [2026-09-13T01:57:32.843+0000] {dag.py:3490} INFO - Setting next_dagrun for 2-bashoperator to 2026-09-13T00:00:00+00:00, run_after=2026-09-14T00:00:00+00:00
[2026-09-13T01:57:32.892+0000] {processor.py:178} INFO - Processing /opt/airflow/dags/2_bash_operator.py took 0.241 seconds
[2026-09-13T01:58:03.091+0000] {processor.py:156} INFO - Started process (PID=162058) to work on /opt/airflow/dags/2_bash_operator.py
[2026-09-13T01:58:03.095+0000] {processor.py:799} INFO - Processing file /opt/airflow/dags/2_bash_operator.py for tasks to queue
[2026-09-13T01:58:03.097+0000] {logging_mixin.py:149} INFO - [2026-09-13T01:58:03.096+0000] {dagbag.py:541} INFO - Filling up the DagBag from /opt/airflow/dags/2_bash_operator.py
[2026-09-13T01:58:03.122+0000] {processor.py:809} INFO - DAG(s) dict_keys(['2-bashoperator']) retrieved from /opt/airflow/dags/2_bash_operator.py
[2026-09-13T01:58:03.213+0000] {logging_mixin.py:149} INFO - [2026-09-13T01:58:03.213+0000] {dag.py:2726} INFO - Sync 1 DAGs
[2026-09-13T01:58:03.293+0000] {logging_mixin.py:149} INFO - [2026-09-13T01:58:03.293+0000] {dag.py:3490} INFO - Setting next_dagrun for 2-bashoperator to 2026-09-13T00:00:00+00:00, run_after=2026-09-14T00:00:00+00:00
[2026-09-13T01:58:03.354+0000] {processor.py:178} INFO - Processing /opt/airflow/dags/2_bash_operator.py took 0.279 seconds
[2026-09-13T01:58:33.553+0000] {processor.py:156} INFO - Started process (PID=162072) to work on /opt/airflow/dags/2_bash_operator.py
[2026-09-13T01:58:33.558+0000] {processor.py:799} INFO - Processing file /opt/airflow/dags/2_bash_operator.py for tasks to queue
[2026-09-13T01:58:33.560+0000] {logging_mixin.py:149} INFO - [2026-09-13T01:58:33.560+0000] {dagbag.py:541} INFO - Filling up the DagBag from /opt/airflow/dags/2_bash_operator.py
[2026-09-13T01:58:33.588+0000] {processor.py:809} INFO - DAG(s) dict_keys(['2-bashoperator']) retrieved from /opt/airflow/dags/2_bash_operator.py
[2026-09-13T01:58:33.689+0000] {logging_mixin.py:149} INFO - [2026-09-13T01:58:33.689+0000] {dag.py:2726} INFO - Sync 1 DAGs
[2026-09-13T01:58:33.778+0000] {logging_mixin.py:149} INFO - [2026-09-13T01:58:33.777+0000] {dag.py:3490} INFO - Setting next_dagrun for 2-bashoperator to 2026-09-13T00:00:00+00:00, run_after=2026-09-14T00:00:00+00:00
[2026-09-13T01:58:33.849+0000] {processor.py:178} INFO - Processing /opt/airflow/dags/2_bash_operator.py took 0.307 seconds
[2026-09-13T01:59:04.104+0000] {processor.py:156} INFO - Started process (PID=162086) to work on /opt/airflow/dags/2_bash_operator.py
[2026-09-13T01:59:04.112+0000] {processor.py:799} INFO - Processing file /opt/airflow/dags/2_bash_operator.py for tasks to queue
[2026-09-13T01:59:04.113+0000] {logging_mixin.py:149} INFO - [2026-09-13T01:59:04.113+0000] {dagbag.py:541} INFO - Filling up the DagBag from /opt/airflow/dags/2_bash_operator.py
[2026-09-13T01:59:04.141+0000] {processor.py:809} INFO - DAG(s) dict_keys(['2-bashoperator']) retrieved from /opt/airflow/dags/2_bash_operator.py
[2026-09-13T01:59:04.220+0000] {logging_mixin.py:149} INFO - [2026-09-13T01:59:04.220+0000] {dag.py:2726} INFO - Sync 1 DAGs
[2026-09-13T01:59:04.268+0000] {logging_mixin.py:149} INFO - [2026-09-13T01:59:04.267+0000] {dag.py:3490} INFO - Setting next_dagrun for 2-bashoperator to 2026-09-13T00:00:00+00:00, run_after=2026-09-14T00:00:00+00:00
[2026-09-13T01:59:04.299+0000] {processor.py:178} INFO - Processing /opt/airflow/dags/2_bash_operator.py took 0.206 seconds
[2026-09-13T01:59:34.414+0000] {processor.py:156} INFO - Started process (PID=162100) to work on /opt/airflow/dags/2_bash_operator.py
[2026-09-13T01:59:34.422+0000] {processor.py:799} INFO - Processing file /opt/airflow/dags/2_bash_operator.py for tasks to queue
[2026-09-13T01:59:34.424+0000] {logging_mixin.py:149} INFO - [2026-09-13T01:59:34.424+0000] {dagbag.py:541} INFO - Filling up the DagBag from /opt/airflow/dags/2_bash_operator.py
[2026-09-13T01:59:34.454+0000] {processor.py:809} INFO - DAG(s) dict_keys(['2-bashoperator']) retrieved from /opt/airflow/dags/2_bash_operator.py
[2026-09-13T01:59:34.545+0000] {logging_mixin.py:149} INFO - [2026-09-13T01:59:34.545+0000] {dag.py:2726} INFO - Sync 1 DAGs
[2026-09-13T01:59:34.609+0000] {logging_mixin.py:149} INFO - [2026-09-13T01:59:34.608+0000] {dag.py:3490} INFO - Setting next_dagrun for 2-bashoperator to 2026-09-13T00:00:00+00:00, run_after=2026-09-14T00:00:00+00:00
[2026-09-13T01:59:34.668+0000] {processor.py:178} INFO - Processing /opt/airflow/dags/2_bash_operator.py took 0.266 seconds
[2026-09-13T02:00:04.807+0000] {processor.py:156} INFO - Started process (PID=162114) to work on /opt/airflow/dags/2_bash_operator.py
[2026-09-13T02:00:04.810+0000] {processor.py:799} INFO - Processing file /opt/airflow/dags/2_bash_operator.py for tasks to queue
[2026-09-13T02:00:04.812+0000] {logging_mixin.py:149} INFO - [2026-09-13T02:00:04.812+0000] {dagbag.py:541} INFO - Filling up the DagBag from /opt/airflow/dags/2_bash_operator.py
[2026-09-13T02:00:04.836+0000] {processor.py:809} INFO - DAG(s) dict_keys(['2-bashoperator']) retrieved from /opt/airflow/dags/2_bash_operator.py
[2026-09-13T02:00:04.937+0000] {logging_mixin.py:149} INFO - [2026-09-13T02:00:04.937+0000] {dag.py:2726} INFO - Sync 1 DAGs
[2026-09-13T02:00:05.010+0000] {logging_mixin.py:149} INFO - [2026-09-13T02:00:05.010+0000] {dag.py:3490} INFO - Setting next_dagrun for 2-bashoperator to 2026-09-13T00:00:00+00:00, run_after=2026-09-14T00:00:00+00:00
[2026-09-13T02:00:05.049+0000] {processor.py:178} INFO - Processing /opt/airflow/dags/2_bash_operator.py took 0.256 seconds
[2026-09-13T02:00:35.322+0000] {processor.py:156} INFO - Started process (PID=162128) to work on /opt/airflow/dags/2_bash_operator.py
[2026-09-13T02:00:35.325+0000] {processor.py:799} INFO - Processing file /opt/airflow/dags/2_bash_operator.py for tasks to queue
[2026-09-13T02:00:35.327+0000] {logging_mixin.py:149} INFO - [2026-09-13T02:00:35.326+0000] {dagbag.py:541} INFO - Filling up the DagBag from /opt/airflow/dags/2_bash_operator.py
[2026-09-13T02:00:35.350+0000] {processor.py:809} INFO - DAG(s) dict_keys(['2-bashoperator']) retrieved from /opt/airflow/dags/2_bash_operator.py
[2026-09-13T02:00:35.437+0000] {logging_mixin.py:149} INFO - [2026-09-13T02:00:35.436+0000] {dag.py:2726} INFO - Sync 1 DAGs
[2026-09-13T02:00:35.497+0000] {logging_mixin.py:149} INFO - [2026-09-13T02:00:35.496+0000] {dag.py:3490} INFO - Setting next_dagrun for 2-bashoperator to 2026-09-13T00:00:00+00:00, run_after=2026-09-14T00:00:00+00:00
[2026-09-13T02:00:35.564+0000] {processor.py:178} INFO - Processing /opt/airflow/dags/2_bash_operator.py took 0.252 seconds
[2026-09-13T02:01:05.831+0000] {processor.py:156} INFO - Started process (PID=162142) to work on /opt/airflow/dags/2_bash_operator.py
[2026-09-13T02:01:05.835+0000] {processor.py:799} INFO - Processing file /opt/airflow/dags/2_bash_operator.py for tasks to queue
[2026-09-13T02:01:05.837+0000] {logging_mixin.py:149} INFO - [2026-09-13T02:01:05.837+0000] {dagbag.py:541} INFO - Filling up the DagBag from /opt/airflow/dags/2_bash_operator.py
[2026-09-13T02:01:05.862+0000] {processor.py:809} INFO - DAG(s) dict_keys(['2-bashoperator']) retrieved from /opt/airflow/dags/2_bash_operator.py
[2026-09-13T02:01:05.952+0000] {logging_mixin.py:149} INFO - [2026-09-13T02:01:05.952+0000] {dag.py:2726} INFO - Sync 1 DAGs
[2026-09-13T02:01:06.037+0000] {logging_mixin.py:149} INFO - [2026-09-13T02:01:06.037+0000] {dag.py:3490} INFO - Setting next_dagrun for 2-bashoperator to 2026-09-13T00:00:00+00:00, run_after=2026-09-14T00:00:00+00:00
[2026-09-13T02:01:06.108+0000] {processor.py:178} INFO - Processing /opt/airflow/dags/2_bash_operator.py took 0.287 seconds
[2026-09-13T02:01:36.224+0000] {processor.py:156} INFO - Started process (PID=162156) to work on /opt/airflow/dags/2_bash_operator.py
[2026-09-13T02:01:36.227+0000] {processor.py:799} INFO - Processing file /opt/airflow/dags/2_bash_operator.py for tasks to queue
[2026-09-13T02:01:36.229+0000] {logging_mixin.py:149} INFO - [2026-09-13T02:01:36.229+0000] {dagbag.py:541} INFO - Filling up the DagBag from /opt/airflow/dags/2_bash_operator.py
[2026-09-13T02:01:36.255+0000] {processor.py:809} INFO - DAG(s) dict_keys(['2-bashoperator']) retrieved from /opt/airflow/dags/2_bash_operator.py
[2026-09-13T02:01:36.347+0000] {logging_mixin.py:149} INFO - [2026-09-13T02:01:36.347+0000] {dag.py:2726} INFO - Sync 1 DAGs
[2026-09-13T02:01:36.429+0000] {logging_mixin.py:149} INFO - [2026-09-13T02:01:36.428+0000] {dag.py:3490} INFO - Setting next_dagrun for 2-bashoperator to 2026-09-13T00:00:00+00:00, run_after=2026-09-14T00:00:00+00:00
[2026-09-13T02:01:36.504+0000] {processor.py:178} INFO - Processing /opt/airflow/dags/2_bash_operator.py took 0.291 seconds
[2026-09-13T02:02:06.768+0000] {processor.py:156} INFO - Started process (PID=162170) to work on /opt/airflow/dags/2_bash_operator.py
[2026-09-13T02:02:06.774+0000] {processor.py:799} INFO - Processing file /opt/airflow/dags/2_bash_operator.py for tasks to queue
[2026-09-13T02:02:06.776+0000] {logging_mixin.py:149} INFO - [2026-09-13T02:02:06.775+0000] {dagbag.py:541} INFO - Filling up the DagBag from /opt/airflow/dags/2_bash_operator.py
[2026-09-13T02:02:06.809+0000] {processor.py:809} INFO - DAG(s) dict_keys(['2-bashoperator']) retrieved from /opt/airflow/dags/2_bash_operator.py
[2026-09-13T02:02:06.903+0000] {logging_mixin.py:149} INFO - [2026-09-13T02:02:06.902+0000] {dag.py:2726} INFO - Sync 1 DAGs
[2026-09-13T02:02:06.989+0000] {logging_mixin.py:149} INFO - [2026-09-13T02:02:06.988+0000] {dag.py:3490} INFO - Setting next_dagrun for 2-bashoperator to 2026-09-13T00:00:00+00:00, run_after=2026-09-14T00:00:00+00:00
[2026-09-13T02:02:07.053+0000] {processor.py:178} INFO - Processing /opt/airflow/dags/2_bash_operator.py took 0.296 seconds
[2026-09-13T02:02:37.342+0000] {processor.py:156} INFO - Started process (PID=162184) to work on /opt/airflow/dags/2_bash_operator.py
[2026-09-13T02:02:37.346+0000] {processor.py:799} INFO - Processing file /opt/airflow/dags/2_bash_operator.py for tasks to queue
[2026-09-13T02:02:37.348+0000] {logging_mixin.py:149} INFO - [2026-09-13T02:02:37.347+0000] {dagbag.py:541} INFO - Filling up the DagBag from /opt/airflow/dags/2_bash_operator.py
[2026-09-13T02:02:37.374+0000] {processor.py:809} INFO - DAG(s) dict_keys(['2-bashoperator']) retrieved from /opt/airflow/dags/2_bash_operator.py
[2026-09-13T02:02:37.436+0000] {logging_mixin.py:149} INFO - [2026-09-13T02:02:37.436+0000] {dag.py:2726} INFO - Sync 1 DAGs
[2026-09-13T02:02:37.475+0000] {logging_mixin.py:149} INFO - [2026-09-13T02:02:37.475+0000] {dag.py:3490} INFO - Setting next_dagrun for 2-bashoperator to 2026-09-13T00:00:00+00:00, run_after=2026-09-14T00:00:00+00:00
[2026-09-13T02:02:37.500+0000] {processor.py:178} INFO - Processing /opt/airflow/dags/2_bash_operator.py took 0.169 seconds
[2026-09-13T02:03:07.860+0000] {processor.py:156} INFO - Started process (PID=162198) to work on /opt/airflow/dags/2_bash_operator.py
[2026-09-13T02:03:07.864+0000] {processor.py:799} INFO - Processing file /opt/airflow/dags/2_bash_operator.py for tasks to queue
[2026-09-13T02:03:07.865+0000] {logging_mixin.py:149} INFO - [2026-09-13T02:03:07.865+0000] {dagbag.py:541} INFO - Filling up the DagBag from /opt/airflow/dags/2_bash_operator.py
[2026-09-13T02:03:07.893+0000] {processor.py:809} INFO - DAG(s) dict_keys(['2-bashoperator']) retrieved from /opt/airflow/dags/2_bash_operator.py
[2026-09-13T02:03:07.979+0000] {logging_mixin.py:149} INFO - [2026-09-13T02:03:07.978+0000] {dag.py:2726} INFO - Sync 1 DAGs
[2026-09-13T02:03:08.037+0000] {logging_mixin.py:149} INFO - [2026-09-13T02:03:08.037+0000] {dag.py:3490} INFO - Setting next_dagrun for 2-bashoperator to 2026-09-13T00:00:00+00:00, run_after=2026-09-14T00:00:00+00:00
[2026-09-13T02:03:08.106+0000] {processor.py:178} INFO - Processing /opt/airflow/dags/2_bash_operator.py took 0.257 seconds
[2026-09-13T02:03:38.273+0000] {processor.py:156} INFO - Started process (PID=162212) to work on /opt/airflow/dags/2_bash_operator.py
[2026-09-13T02:03:38.278+0000] {processor.py:799} INFO - Processing file /opt/airflow/dags/2_bash_operator.py for tasks to queue
[2026-09-13T02:03:38.280+0000] {logging_mixin.py:149} INFO - [2026-09-13T02:03:38.280+0000] {dagbag.py:541} INFO - Filling up the DagBag from /opt/airflow/dags/2_bash_operator.py
[2026-09-13T02:03:38.307+0000] {processor.py:809} INFO - DAG(s) dict_keys(['2-bashoperator']) retrieved from /opt/airflow/dags/2_bash_operator.py
[2026-09-13T02:03:38.405+0000] {logging_mixin.py:149} INFO - [2026-09-13T02:03:38.404+0000] {dag.py:2726} INFO - Sync 1 DAGs
[2026-09-13T02:03:38.479+0000] {logging_mixin.py:149} INFO - [2026-09-13T02:03:38.478+0000] {dag.py:3490} INFO - Setting next_dagrun for 2-bashoperator to 2026-09-13T00:00:00+00:00, run_after=2026-09-14T00:00:00+00:00
[2026-09-13T02:03:38.554+0000] {processor.py:178} INFO - Processing /opt/airflow/dags/2_bash_operator.py took 0.291 seconds
[2026-09-13T02:04:08.709+0000] {processor.py:156} INFO - Started process (PID=162226) to work on /opt/airflow/dags/2_bash_operator.py
[2026-09-13T02:04:08.716+0000] {processor.py:799} INFO - Processing file /opt/airflow/dags/2_bash_operator.py for tasks to queue
[2026-09-13T02:04:08.719+0000] {logging_mixin.py:149} INFO - [2026-09-13T02:04:08.718+0000] {dagbag.py:541} INFO - Filling up the DagBag from /opt/airflow/dags/2_bash_operator.py
[2026-09-13T02:04:08.748+0000] {processor.py:809} INFO - DAG(s) dict_keys(['2-bashoperator']) retrieved from /opt/airflow/dags/2_bash_operator.py
[2026-09-13T02:04:08.835+0000] {logging_mixin.py:149} INFO - [2026-09-13T02:04:08.834+0000] {dag.py:2726} INFO - Sync 1 DAGs
[2026-09-13T02:04:08.919+0000] {logging_mixin.py:149} INFO - [2026-09-13T02:04:08.919+0000] {dag.py:3490} INFO - Setting next_dagrun for 2-bashoperator to 2026-09-13T00:00:00+00:00, run_after=2026-09-14T00:00:00+00:00
[2026-09-13T02:04:08.992+0000] {processor.py:178} INFO - Processing /opt/airflow/dags/2_bash_operator.py took 0.295 seconds
[2026-09-13T02:04:39.231+0000] {processor.py:156} INFO - Started process (PID=162240) to work on /opt/airflow/dags/2_bash_operator.py
[2026-09-13T02:04:39.235+0000] {processor.py:799} INFO - Processing file /opt/airflow/dags/2_bash_operator.py for tasks to queue
[2026-09-13T02:04:39.237+0000] {logging_mixin.py:149} INFO - [2026-09-13T02:04:39.236+0000] {dagbag.py:541} INFO - Filling up the DagBag from /opt/airflow/dags/2_bash_operator.py
[2026-09-13T02:04:39.258+0000] {processor.py:809} INFO - DAG(s) dict_keys(['2-bashoperator']) retrieved from /opt/airflow/dags/2_bash_operator.py
[2026-09-13T02:04:39.342+0000] {logging_mixin.py:149} INFO - [2026-09-13T02:04:39.342+0000] {dag.py:2726} INFO - Sync 1 DAGs
[2026-09-13T02:04:39.408+0000] {logging_mixin.py:149} INFO - [2026-09-13T02:04:39.408+0000] {dag.py:3490} INFO - Setting next_dagrun for 2-bashoperator to 2026-09-13T00:00:00+00:00, run_after=2026-09-14T00:00:00+00:00
[2026-09-13T02:04:39.474+0000] {processor.py:178} INFO - Processing /opt/airflow/dags/2_bash_operator.py took 0.251 seconds
[2026-09-13T02:05:09.633+0000] {processor.py:156} INFO - Started process (PID=162254) to work on /opt/airflow/dags/2_bash_operator.py
[2026-09-13T02:05:09.636+0000] {processor.py:799} INFO - Processing file /opt/airflow/dags/2_bash_operator.py for tasks to queue
[2026-09-13T02:05:09.638+0000] {logging_mixin.py:149} INFO - [2026-09-13T02:05:09.638+0000] {dagbag.py:541} INFO - Filling up the DagBag from /opt/airflow/dags/2_bash_operator.py
[2026-09-13T02:05:09.662+0000] {processor.py:809} INFO - DAG(s) dict_keys(['2-bashoperator']) retrieved from /opt/airflow/dags/2_bash_operator.py
[2026-09-13T02:05:09.750+0000] {logging_mixin.py:149} INFO - [2026-09-13T02:05:09.750+0000] {dag.py:2726} INFO - Sync 1 DAGs
[2026-09-13T02:05:09.835+0000] {logging_mixin.py:149} INFO - [2026-09-13T02:05:09.834+0000] {dag.py:3490} INFO - Setting next_dagrun for 2-bashoperator to 2026-09-13T00:00:00+00:00, run_after=2026-09-14T00:00:00+00:00
[2026-09-13T02:05:09.909+0000] {processor.py:178} INFO - Processing /opt/airflow/dags/2_bash_operator.py took 0.287 seconds
[2026-09-13T02:05:40.010+0000] {processor.py:156} INFO - Started process (PID=162268) to work on /opt/airflow/dags/2_bash_operator.py
[2026-09-13T02:05:40.014+0000] {processor.py:799} INFO - Processing file /opt/airflow/dags/2_bash_operator.py for tasks to queue
[2026-09-13T02:05:40.016+0000] {logging_mixin.py:149} INFO - [2026-09-13T02:05:40.016+0000] {dagbag.py:541} INFO - Filling up the DagBag from /opt/airflow/dags/2_bash_operator.py
[2026-09-13T02:05:40.043+0000] {processor.py:809} INFO - DAG(s) dict_keys(['2-bashoperator']) retrieved from /opt/airflow/dags/2_bash_operator.py
[2026-09-13T02:05:40.136+0000] {logging_mixin.py:149} INFO - [2026-09-13T02:05:40.136+0000] {dag.py:2726} INFO - Sync 1 DAGs
[2026-09-13T02:05:40.210+0000] {logging_mixin.py:149} INFO - [2026-09-13T02:05:40.210+0000] {dag.py:3490} INFO - Setting next_dagrun for 2-bashoperator to 2026-09-13T00:00:00+00:00, run_after=2026-09-14T00:00:00+00:00
[2026-09-13T02:05:40.272+0000] {processor.py:178} INFO - Processing /opt/airflow/dags/2_bash_operator.py took 0.273 seconds
[2026-09-13T02:06:10.565+0000] {processor.py:156} INFO - Started process (PID=162282) to work on /opt/airflow/dags/2_bash_operator.py
[2026-09-13T02:06:10.569+0000] {processor.py:799} INFO - Processing file /opt/airflow/dags/2_bash_operator.py for tasks to queue
[2026-09-13T02:06:10.572+0000] {logging_mixin.py:149} INFO - [2026-09-13T02:06:10.571+0000] {dagbag.py:541} INFO - Filling up the DagBag from /opt/airflow/dags/2_bash_operator.py
[2026-09-13T02:06:10.598+0000] {processor.py:809} INFO - DAG(s) dict_keys(['2-bashoperator']) retrieved from /opt/airflow/dags/2_bash_operator.py
[2026-09-13T02:06:10.687+0000] {logging_mixin.py:149} INFO - [2026-09-13T02:06:10.687+0000] {dag.py:2726} INFO - Sync 1 DAGs
[2026-09-13T02:06:10.762+0000] {logging_mixin.py:149} INFO - [2026-09-13T02:06:10.762+0000] {dag.py:3490} INFO - Setting next_dagrun for 2-bashoperator to 2026-09-13T00:00:00+00:00, run_after=2026-09-14T00:00:00+00:00
[2026-09-13T02:06:10.839+0000] {processor.py:178} INFO - Processing /opt/airflow/dags/2_bash_operator.py took 0.289 seconds
[2026-09-13T02:06:41.045+0000] {processor.py:156} INFO - Started process (PID=162297) to work on /opt/airflow/dags/2_bash_operator.py
[2026-09-13T02:06:41.048+0000] {processor.py:799} INFO - Processing file /opt/airflow/dags/2_bash_operator.py for tasks to queue
[2026-09-13T02:06:41.050+0000] {logging_mixin.py:149} INFO - [2026-09-13T02:06:41.050+0000] {dagbag.py:541} INFO - Filling up the DagBag from /opt/airflow/dags/2_bash_operator.py
[2026-09-13T02:06:41.076+0000] {processor.py:809} INFO - DAG(s) dict_keys(['2-bashoperator']) retrieved from /opt/airflow/dags/2_bash_operator.py
[2026-09-13T02:06:41.168+0000] {logging_mixin.py:149} INFO - [2026-09-13T02:06:41.168+0000] {dag.py:2726} INFO - Sync 1 DAGs
[2026-09-13T02:06:41.239+0000] {logging_mixin.py:149} INFO - [2026-09-13T02:06:41.239+0000] {dag.py:3490} INFO - Setting next_dagrun for 2-bashoperator to 2026-09-13T00:00:00+00:00, run_after=2026-09-14T00:00:00+00:00
[2026-09-13T02:06:41.297+0000] {processor.py:178} INFO - Processing /opt/airflow/dags/2_bash_operator.py took 0.263 seconds
[2026-09-13T02:07:11.552+0000] {processor.py:156} INFO - Started process (PID=162311) to work on /opt/airflow/dags/2_bash_operator.py
[2026-09-13T02:07:11.556+0000] {processor.py:799} INFO - Processing file /opt/airflow/dags/2_bash_operator.py for tasks to queue
[2026-09-13T02:07:11.558+0000] {logging_mixin.py:149} INFO - [2026-09-13T02:07:11.558+0000] {dagbag.py:541} INFO - Filling up the DagBag from /opt/airflow/dags/2_bash_operator.py
[2026-09-13T02:07:11.584+0000] {processor.py:809} INFO - DAG(s) dict_keys(['2-bashoperator']) retrieved from /opt/airflow/dags/2_bash_operator.py
[2026-09-13T02:07:11.669+0000] {logging_mixin.py:149} INFO - [2026-09-13T02:07:11.668+0000] {dag.py:2726} INFO - Sync 1 DAGs
[2026-09-13T02:07:11.731+0000] {logging_mixin.py:149} INFO - [2026-09-13T02:07:11.730+0000] {dag.py:3490} INFO - Setting next_dagrun for 2-bashoperator to 2026-09-13T00:00:00+00:00, run_after=2026-09-14T00:00:00+00:00
[2026-09-13T02:07:11.799+0000] {processor.py:178} INFO - Processing /opt/airflow/dags/2_bash_operator.py took 0.257 seconds
[2026-09-13T02:07:42.112+0000] {processor.py:156} INFO - Started process (PID=162325) to work on /opt/airflow/dags/2_bash_operator.py
[2026-09-13T02:07:42.116+0000] {processor.py:799} INFO - Processing file /opt/airflow/dags/2_bash_operator.py for tasks to queue
[2026-09-13T02:07:42.117+0000] {logging_mixin.py:149} INFO - [2026-09-13T02:07:42.117+0000] {dagbag.py:541} INFO - Filling up the DagBag from /opt/airflow/dags/2_bash_operator.py
[2026-09-13T02:07:42.144+0000] {processor.py:809} INFO - DAG(s) dict_keys(['2-bashoperator']) retrieved from /opt/airflow/dags/2_bash_operator.py
[2026-09-13T02:07:42.226+0000] {logging_mixin.py:149} INFO - [2026-09-13T02:07:42.226+0000] {dag.py:2726} INFO - Sync 1 DAGs
[2026-09-13T02:07:42.293+0000] {logging_mixin.py:149} INFO - [2026-09-13T02:07:42.292+0000] {dag.py:3490} INFO - Setting next_dagrun for 2-bashoperator to 2026-09-13T00:00:00+00:00, run_after=2026-09-14T00:00:00+00:00
[2026-09-13T02:07:42.354+0000] {processor.py:178} INFO - Processing /opt/airflow/dags/2_bash_operator.py took 0.253 seconds
[2026-09-13T02:08:12.617+0000] {processor.py:156} INFO - Started process (PID=162339) to work on /opt/airflow/dags/2_bash_operator.py
[2026-09-13T02:08:12.622+0000] {processor.py:799} INFO - Processing file /opt/airflow/dags/2_bash_operator.py for tasks to queue
[2026-09-13T02:08:12.624+0000] {logging_mixin.py:149} INFO - [2026-09-13T02:08:12.624+0000] {dagbag.py:541} INFO - Filling up the DagBag from /opt/airflow/dags/2_bash_operator.py
[2026-09-13T02:08:12.651+0000] {processor.py:809} INFO - DAG(s) dict_keys(['2-bashoperator']) retrieved from /opt/airflow/dags/2_bash_operator.py
[2026-09-13T02:08:12.744+0000] {logging_mixin.py:149} INFO - [2026-09-13T02:08:12.743+0000] {dag.py:2726} INFO - Sync 1 DAGs
[2026-09-13T02:08:12.830+0000] {logging_mixin.py:149} INFO - [2026-09-13T02:08:12.829+0000] {dag.py:3490} INFO - Setting next_dagrun for 2-bashoperator to 2026-09-13T00:00:00+00:00, run_after=2026-09-14T00:00:00+00:00
[2026-09-13T02:08:12.896+0000] {processor.py:178} INFO - Processing /opt/airflow/dags/2_bash_operator.py took 0.291 seconds
[2026-09-13T02:08:42.972+0000] {processor.py:156} INFO - Started process (PID=162353) to work on /opt/airflow/dags/2_bash_operator.py
[2026-09-13T02:08:42.975+0000] {processor.py:799} INFO - Processing file /opt/airflow/dags/2_bash_operator.py for tasks to queue
[2026-09-13T02:08:42.976+0000] {logging_mixin.py:149} INFO - [2026-09-13T02:08:42.976+0000] {dagbag.py:541} INFO - Filling up the DagBag from /opt/airflow/dags/2_bash_operator.py
[2026-09-13T02:08:43.003+0000] {processor.py:809} INFO - DAG(s) dict_keys(['2-bashoperator']) retrieved from /opt/airflow/dags/2_bash_operator.py
[2026-09-13T02:08:43.094+0000] {logging_mixin.py:149} INFO - [2026-09-13T02:08:43.093+0000] {dag.py:2726} INFO - Sync 1 DAGs
[2026-09-13T02:08:43.172+0000] {logging_mixin.py:149} INFO - [2026-09-13T02:08:43.171+0000] {dag.py:3490} INFO - Setting next_dagrun for 2-bashoperator to 2026-09-13T00:00:00+00:00, run_after=2026-09-14T00:00:00+00:00
[2026-09-13T02:08:43.238+0000] {processor.py:178} INFO - Processing /opt/airflow/dags/2_bash_operator.py took 0.277 seconds
[2026-09-13T02:09:13.512+0000] {processor.py:156} INFO - Started process (PID=162368) to work on /opt/airflow/dags/2_bash_operator.py
[2026-09-13T02:09:13.516+0000] {processor.py:799} INFO - Processing file /opt/airflow/dags/2_bash_operator.py for tasks to queue
[2026-09-13T02:09:13.518+0000] {logging_mixin.py:149} INFO - [2026-09-13T02:09:13.517+0000] {dagbag.py:541} INFO - Filling up the DagBag from /opt/airflow/dags/2_bash_operator.py
[2026-09-13T02:09:13.544+0000] {processor.py:809} INFO - DAG(s) dict_keys(['2-bashoperator']) retrieved from /opt/airflow/dags/2_bash_operator.py
[2026-09-13T02:09:13.632+0000] {logging_mixin.py:149} INFO - [2026-09-13T02:09:13.631+0000] {dag.py:2726} INFO - Sync 1 DAGs
[2026-09-13T02:09:13.718+0000] {logging_mixin.py:149} INFO - [2026-09-13T02:09:13.717+0000] {dag.py:3490} INFO - Setting next_dagrun for 2-bashoperator to 2026-09-13T00:00:00+00:00, run_after=2026-09-14T00:00:00+00:00
[2026-09-13T02:09:13.783+0000] {processor.py:178} INFO - Processing /opt/airflow/dags/2_bash_operator.py took 0.282 seconds
[2026-09-13T02:09:43.951+0000] {processor.py:156} INFO - Started process (PID=162381) to work on /opt/airflow/dags/2_bash_operator.py
[2026-09-13T02:09:43.953+0000] {processor.py:799} INFO - Processing file /opt/airflow/dags/2_bash_operator.py for tasks to queue
[2026-09-13T02:09:43.954+0000] {logging_mixin.py:149} INFO - [2026-09-13T02:09:43.954+0000] {dagbag.py:541} INFO - Filling up the DagBag from /opt/airflow/dags/2_bash_operator.py
[2026-09-13T02:09:43.968+0000] {processor.py:809} INFO - DAG(s) dict_keys(['2-bashoperator']) retrieved from /opt/airflow/dags/2_bash_operator.py
[2026-09-13T02:09:44.054+0000] {logging_mixin.py:149} INFO - [2026-09-13T02:09:44.054+0000] {dag.py:2726} INFO - Sync 1 DAGs
[2026-09-13T02:09:44.119+0000] {logging_mixin.py:149} INFO - [2026-09-13T02:09:44.119+0000] {dag.py:3490} INFO - Setting next_dagrun for 2-bashoperator to 2026-09-13T00:00:00+00:00, run_after=2026-09-14T00:00:00+00:00
[2026-09-13T02:09:44.172+0000] {processor.py:178} INFO - Processing /opt/airflow/dags/2_bash_operator.py took 0.226 seconds
[2026-09-13T02:10:14.328+0000] {processor.py:156} INFO - Started process (PID=162395) to work on /opt/airflow/dags/2_bash_operator.py
[2026-09-13T02:10:14.332+0000] {processor.py:799} INFO - Processing file /opt/airflow/dags/2_bash_operator.py for tasks to queue
[2026-09-13T02:10:14.334+0000] {logging_mixin.py:149} INFO - [2026-09-13T02:10:14.334+0000] {dagbag.py:541} INFO - Filling up the DagBag from /opt/airflow/dags/2_bash_operator.py
[2026-09-13T02:10:14.364+0000] {processor.py:809} INFO - DAG(s) dict_keys(['2-bashoperator']) retrieved from /opt/airflow/dags/2_bash_operator.py
[2026-09-13T02:10:14.450+0000] {logging_mixin.py:149} INFO - [2026-09-13T02:10:14.450+0000] {dag.py:2726} INFO - Sync 1 DAGs
[2026-09-13T02:10:14.522+0000] {logging_mixin.py:149} INFO - [2026-09-13T02:10:14.522+0000] {dag.py:3490} INFO - Setting next_dagrun for 2-bashoperator to 2026-09-13T00:00:00+00:00, run_after=2026-09-14T00:00:00+00:00
[2026-09-13T02:10:14.597+0000] {processor.py:178} INFO - Processing /opt/airflow/dags/2_bash_operator.py took 0.279 seconds
[2026-09-13T02:10:44.760+0000] {processor.py:156} INFO - Started process (PID=162409) to work on /opt/airflow/dags/2_bash_operator.py
[2026-09-13T02:10:44.765+0000] {processor.py:799} INFO - Processing file /opt/airflow/dags/2_bash_operator.py for tasks to queue
[2026-09-13T02:10:44.768+0000] {logging_mixin.py:149} INFO - [2026-09-13T02:10:44.767+0000] {dagbag.py:541} INFO - Filling up the DagBag from /opt/airflow/dags/2_bash_operator.py
[2026-09-13T02:10:44.797+0000] {processor.py:809} INFO - DAG(s) dict_keys(['2-bashoperator']) retrieved from /opt/airflow/dags/2_bash_operator.py
[2026-09-13T02:10:44.890+0000] {logging_mixin.py:149} INFO - [2026-09-13T02:10:44.889+0000] {dag.py:2726} INFO - Sync 1 DAGs
[2026-09-13T02:10:44.953+0000] {logging_mixin.py:149} INFO - [2026-09-13T02:10:44.953+0000] {dag.py:3490} INFO - Setting next_dagrun for 2-bashoperator to 2026-09-13T00:00:00+00:00, run_after=2026-09-14T00:00:00+00:00
[2026-09-13T02:10:45.005+0000] {processor.py:178} INFO - Processing /opt/airflow/dags/2_bash_operator.py took 0.261 seconds
[2026-09-13T02:11:15.179+0000] {processor.py:156} INFO - Started process (PID=162423) to work on /opt/airflow/dags/2_bash_operator.py
[2026-09-13T02:11:15.181+0000] {processor.py:799} INFO - Processing file /opt/airflow/dags/2_bash_operator.py for tasks to queue
[2026-09-13T02:11:15.182+0000] {logging_mixin.py:149} INFO - [2026-09-13T02:11:15.182+0000] {dagbag.py:541} INFO - Filling up the DagBag from /opt/airflow/dags/2_bash_operator.py
[2026-09-13T02:11:15.197+0000] {processor.py:809} INFO - DAG(s) dict_keys(['2-bashoperator']) retrieved from /opt/airflow/dags/2_bash_operator.py
[2026-09-13T02:11:15.241+0000] {logging_mixin.py:149} INFO - [2026-09-13T02:11:15.240+0000] {dag.py:2726} INFO - Sync 1 DAGs
[2026-09-13T02:11:15.286+0000] {logging_mixin.py:149} INFO - [2026-09-13T02:11:15.285+0000] {dag.py:3490} INFO - Setting next_dagrun for 2-bashoperator to 2026-09-13T00:00:00+00:00, run_after=2026-09-14T00:00:00+00:00
[2026-09-13T02:11:15.351+0000] {processor.py:178} INFO - Processing /opt/airflow/dags/2_bash_operator.py took 0.180 seconds
[2026-09-13T02:11:45.634+0000] {processor.py:156} INFO - Started process (PID=162437) to work on /opt/airflow/dags/2_bash_operator.py
[2026-09-13T02:11:45.638+0000] {processor.py:799} INFO - Processing file /opt/airflow/dags/2_bash_operator.py for tasks to queue
[2026-09-13T02:11:45.640+0000] {logging_mixin.py:149} INFO - [2026-09-13T02:11:45.639+0000] {dagbag.py:541} INFO - Filling up the DagBag from /opt/airflow/dags/2_bash_operator.py
[2026-09-13T02:11:45.664+0000] {processor.py:809} INFO - DAG(s) dict_keys(['2-bashoperator']) retrieved from /opt/airflow/dags/2_bash_operator.py
[2026-09-13T02:11:45.758+0000] {logging_mixin.py:149} INFO - [2026-09-13T02:11:45.758+0000] {dag.py:2726} INFO - Sync 1 DAGs
[2026-09-13T02:11:45.836+0000] {logging_mixin.py:149} INFO - [2026-09-13T02:11:45.835+0000] {dag.py:3490} INFO - Setting next_dagrun for 2-bashoperator to 2026-09-13T00:00:00+00:00, run_after=2026-09-14T00:00:00+00:00
[2026-09-13T02:11:45.904+0000] {processor.py:178} INFO - Processing /opt/airflow/dags/2_bash_operator.py took 0.281 seconds
[2026-09-13T02:12:16.125+0000] {processor.py:156} INFO - Started process (PID=162451) to work on /opt/airflow/dags/2_bash_operator.py
[2026-09-13T02:12:16.129+0000] {processor.py:799} INFO - Processing file /opt/airflow/dags/2_bash_operator.py for tasks to queue
[2026-09-13T02:12:16.131+0000] {logging_mixin.py:149} INFO - [2026-09-13T02:12:16.130+0000] {dagbag.py:541} INFO - Filling up the DagBag from /opt/airflow/dags/2_bash_operator.py
[2026-09-13T02:12:16.157+0000] {processor.py:809} INFO - DAG(s) dict_keys(['2-bashoperator']) retrieved from /opt/airflow/dags/2_bash_operator.py
[2026-09-13T02:12:16.240+0000] {logging_mixin.py:149} INFO - [2026-09-13T02:12:16.240+0000] {dag.py:2726} INFO - Sync 1 DAGs
[2026-09-13T02:12:16.300+0000] {logging_mixin.py:149} INFO - [2026-09-13T02:12:16.299+0000] {dag.py:3490} INFO - Setting next_dagrun for 2-bashoperator to 2026-09-13T00:00:00+00:00, run_after=2026-09-14T00:00:00+00:00
[2026-09-13T02:12:16.353+0000] {processor.py:178} INFO - Processing /opt/airflow/dags/2_bash_operator.py took 0.238 seconds
[2026-09-13T02:12:46.446+0000] {processor.py:156} INFO - Started process (PID=162466) to work on /opt/airflow/dags/2_bash_operator.py
[2026-09-13T02:12:46.449+0000] {processor.py:799} INFO - Processing file /opt/airflow/dags/2_bash_operator.py for tasks to queue
[2026-09-13T02:12:46.451+0000] {logging_mixin.py:149} INFO - [2026-09-13T02:12:46.450+0000] {dagbag.py:541} INFO - Filling up the DagBag from /opt/airflow/dags/2_bash_operator.py
[2026-09-13T02:12:46.475+0000] {processor.py:809} INFO - DAG(s) dict_keys(['2-bashoperator']) retrieved from /opt/airflow/dags/2_bash_operator.py
[2026-09-13T02:12:46.569+0000] {logging_mixin.py:149} INFO - [2026-09-13T02:12:46.569+0000] {dag.py:2726} INFO - Sync 1 DAGs
[2026-09-13T02:12:46.646+0000] {logging_mixin.py:149} INFO - [2026-09-13T02:12:46.645+0000] {dag.py:3490} INFO - Setting next_dagrun for 2-bashoperator to 2026-09-13T00:00:00+00:00, run_after=2026-09-14T00:00:00+00:00
[2026-09-13T02:12:46.710+0000] {processor.py:178} INFO - Processing /opt/airflow/dags/2_bash_operator.py took 0.275 seconds
[2026-09-13T02:13:17.030+0000] {processor.py:156} INFO - Started process (PID=162480) to work on /opt/airflow/dags/2_bash_operator.py
[2026-09-13T02:13:17.033+0000] {processor.py:799} INFO - Processing file /opt/airflow/dags/2_bash_operator.py for tasks to queue
[2026-09-13T02:13:17.035+0000] {logging_mixin.py:149} INFO - [2026-09-13T02:13:17.035+0000] {dagbag.py:541} INFO - Filling up the DagBag from /opt/airflow/dags/2_bash_operator.py
[2026-09-13T02:13:17.061+0000] {processor.py:809} INFO - DAG(s) dict_keys(['2-bashoperator']) retrieved from /opt/airflow/dags/2_bash_operator.py
[2026-09-13T02:13:17.154+0000] {logging_mixin.py:149} INFO - [2026-09-13T02:13:17.154+0000] {dag.py:2726} INFO - Sync 1 DAGs
[2026-09-13T02:13:17.228+0000] {logging_mixin.py:149} INFO - [2026-09-13T02:13:17.228+0000] {dag.py:3490} INFO - Setting next_dagrun for 2-bashoperator to 2026-09-13T00:00:00+00:00, run_after=2026-09-14T00:00:00+00:00
[2026-09-13T02:13:17.311+0000] {processor.py:178} INFO - Processing /opt/airflow/dags/2_bash_operator.py took 0.292 seconds
[2026-09-13T02:13:47.566+0000] {processor.py:156} INFO - Started process (PID=162494) to work on /opt/airflow/dags/2_bash_operator.py
[2026-09-13T02:13:47.570+0000] {processor.py:799} INFO - Processing file /opt/airflow/dags/2_bash_operator.py for tasks to queue
[2026-09-13T02:13:47.572+0000] {logging_mixin.py:149} INFO - [2026-09-13T02:13:47.571+0000] {dagbag.py:541} INFO - Filling up the DagBag from /opt/airflow/dags/2_bash_operator.py
[2026-09-13T02:13:47.598+0000] {processor.py:809} INFO - DAG(s) dict_keys(['2-bashoperator']) retrieved from /opt/airflow/dags/2_bash_operator.py
[2026-09-13T02:13:47.682+0000] {logging_mixin.py:149} INFO - [2026-09-13T02:13:47.682+0000] {dag.py:2726} INFO - Sync 1 DAGs
[2026-09-13T02:13:47.744+0000] {logging_mixin.py:149} INFO - [2026-09-13T02:13:47.743+0000] {dag.py:3490} INFO - Setting next_dagrun for 2-bashoperator to 2026-09-13T00:00:00+00:00, run_after=2026-09-14T00:00:00+00:00
[2026-09-13T02:13:47.819+0000] {processor.py:178} INFO - Processing /opt/airflow/dags/2_bash_operator.py took 0.264 seconds
[2026-09-13T02:14:18.048+0000] {processor.py:156} INFO - Started process (PID=162508) to work on /opt/airflow/dags/2_bash_operator.py
[2026-09-13T02:14:18.052+0000] {processor.py:799} INFO - Processing file /opt/airflow/dags/2_bash_operator.py for tasks to queue
[2026-09-13T02:14:18.055+0000] {logging_mixin.py:149} INFO - [2026-09-13T02:14:18.054+0000] {dagbag.py:541} INFO - Filling up the DagBag from /opt/airflow/dags/2_bash_operator.py
[2026-09-13T02:14:18.082+0000] {processor.py:809} INFO - DAG(s) dict_keys(['2-bashoperator']) retrieved from /opt/airflow/dags/2_bash_operator.py
[2026-09-13T02:14:18.180+0000] {logging_mixin.py:149} INFO - [2026-09-13T02:14:18.180+0000] {dag.py:2726} INFO - Sync 1 DAGs
[2026-09-13T02:14:18.274+0000] {logging_mixin.py:149} INFO - [2026-09-13T02:14:18.270+0000] {dag.py:3490} INFO - Setting next_dagrun for 2-bashoperator to 2026-09-13T00:00:00+00:00, run_after=2026-09-14T00:00:00+00:00
[2026-09-13T02:14:18.346+0000] {processor.py:178} INFO - Processing /opt/airflow/dags/2_bash_operator.py took 0.310 seconds
[2026-09-13T02:14:48.521+0000] {processor.py:156} INFO - Started process (PID=162521) to work on /opt/airflow/dags/2_bash_operator.py
[2026-09-13T02:14:48.525+0000] {processor.py:799} INFO - Processing file /opt/airflow/dags/2_bash_operator.py for tasks to queue
[2026-09-13T02:14:48.527+0000] {logging_mixin.py:149} INFO - [2026-09-13T02:14:48.527+0000] {dagbag.py:541} INFO - Filling up the DagBag from /opt/airflow/dags/2_bash_operator.py
[2026-09-13T02:14:48.557+0000] {processor.py:809} INFO - DAG(s) dict_keys(['2-bashoperator']) retrieved from /opt/airflow/dags/2_bash_operator.py
[2026-09-13T02:14:48.642+0000] {logging_mixin.py:149} INFO - [2026-09-13T02:14:48.641+0000] {dag.py:2726} INFO - Sync 1 DAGs
[2026-09-13T02:14:48.721+0000] {logging_mixin.py:149} INFO - [2026-09-13T02:14:48.721+0000] {dag.py:3490} INFO - Setting next_dagrun for 2-bashoperator to 2026-09-13T00:00:00+00:00, run_after=2026-09-14T00:00:00+00:00
[2026-09-13T02:14:48.787+0000] {processor.py:178} INFO - Processing /opt/airflow/dags/2_bash_operator.py took 0.278 seconds
[2026-09-13T02:15:19.047+0000] {processor.py:156} INFO - Started process (PID=162535) to work on /opt/airflow/dags/2_bash_operator.py
[2026-09-13T02:15:19.052+0000] {processor.py:799} INFO - Processing file /opt/airflow/dags/2_bash_operator.py for tasks to queue
[2026-09-13T02:15:19.054+0000] {logging_mixin.py:149} INFO - [2026-09-13T02:15:19.054+0000] {dagbag.py:541} INFO - Filling up the DagBag from /opt/airflow/dags/2_bash_operator.py
[2026-09-13T02:15:19.084+0000] {processor.py:809} INFO - DAG(s) dict_keys(['2-bashoperator']) retrieved from /opt/airflow/dags/2_bash_operator.py
[2026-09-13T02:15:19.177+0000] {logging_mixin.py:149} INFO - [2026-09-13T02:15:19.176+0000] {dag.py:2726} INFO - Sync 1 DAGs
[2026-09-13T02:15:19.246+0000] {logging_mixin.py:149} INFO - [2026-09-13T02:15:19.245+0000] {dag.py:3490} INFO - Setting next_dagrun for 2-bashoperator to 2026-09-13T00:00:00+00:00, run_after=2026-09-14T00:00:00+00:00
[2026-09-13T02:15:19.313+0000] {processor.py:178} INFO - Processing /opt/airflow/dags/2_bash_operator.py took 0.278 seconds
[2026-09-13T02:15:49.566+0000] {processor.py:156} INFO - Started process (PID=162549) to work on /opt/airflow/dags/2_bash_operator.py
[2026-09-13T02:15:49.575+0000] {processor.py:799} INFO - Processing file /opt/airflow/dags/2_bash_operator.py for tasks to queue
[2026-09-13T02:15:49.577+0000] {logging_mixin.py:149} INFO - [2026-09-13T02:15:49.577+0000] {dagbag.py:541} INFO - Filling up the DagBag from /opt/airflow/dags/2_bash_operator.py
[2026-09-13T02:15:49.604+0000] {processor.py:809} INFO - DAG(s) dict_keys(['2-bashoperator']) retrieved from /opt/airflow/dags/2_bash_operator.py
[2026-09-13T02:15:49.699+0000] {logging_mixin.py:149} INFO - [2026-09-13T02:15:49.699+0000] {dag.py:2726} INFO - Sync 1 DAGs
[2026-09-13T02:15:49.771+0000] {logging_mixin.py:149} INFO - [2026-09-13T02:15:49.771+0000] {dag.py:3490} INFO - Setting next_dagrun for 2-bashoperator to 2026-09-13T00:00:00+00:00, run_after=2026-09-14T00:00:00+00:00
[2026-09-13T02:15:49.846+0000] {processor.py:178} INFO - Processing /opt/airflow/dags/2_bash_operator.py took 0.292 seconds
[2026-09-13T02:16:20.605+0000] {processor.py:156} INFO - Started process (PID=162564) to work on /opt/airflow/dags/2_bash_operator.py
[2026-09-13T02:16:20.608+0000] {processor.py:799} INFO - Processing file /opt/airflow/dags/2_bash_operator.py for tasks to queue
[2026-09-13T02:16:20.610+0000] {logging_mixin.py:149} INFO - [2026-09-13T02:16:20.609+0000] {dagbag.py:541} INFO - Filling up the DagBag from /opt/airflow/dags/2_bash_operator.py
[2026-09-13T02:16:20.631+0000] {processor.py:809} INFO - DAG(s) dict_keys(['2-bashoperator']) retrieved from /opt/airflow/dags/2_bash_operator.py
[2026-09-13T02:16:20.707+0000] {logging_mixin.py:149} INFO - [2026-09-13T02:16:20.707+0000] {dag.py:2726} INFO - Sync 1 DAGs
[2026-09-13T02:16:20.770+0000] {logging_mixin.py:149} INFO - [2026-09-13T02:16:20.769+0000] {dag.py:3490} INFO - Setting next_dagrun for 2-bashoperator to 2026-09-13T00:00:00+00:00, run_after=2026-09-14T00:00:00+00:00
[2026-09-13T02:16:20.825+0000] {processor.py:178} INFO - Processing /opt/airflow/dags/2_bash_operator.py took 0.230 seconds
[2026-09-13T02:16:51.057+0000] {processor.py:156} INFO - Started process (PID=162577) to work on /opt/airflow/dags/2_bash_operator.py
[2026-09-13T02:16:51.061+0000] {processor.py:799} INFO - Processing file /opt/airflow/dags/2_bash_operator.py for tasks to queue
[2026-09-13T02:16:51.063+0000] {logging_mixin.py:149} INFO - [2026-09-13T02:16:51.062+0000] {dagbag.py:541} INFO - Filling up the DagBag from /opt/airflow/dags/2_bash_operator.py
[2026-09-13T02:16:51.085+0000] {processor.py:809} INFO - DAG(s) dict_keys(['2-bashoperator']) retrieved from /opt/airflow/dags/2_bash_operator.py
[2026-09-13T02:16:51.171+0000] {logging_mixin.py:149} INFO - [2026-09-13T02:16:51.170+0000] {dag.py:2726} INFO - Sync 1 DAGs
[2026-09-13T02:16:51.257+0000] {logging_mixin.py:149} INFO - [2026-09-13T02:16:51.256+0000] {dag.py:3490} INFO - Setting next_dagrun for 2-bashoperator to 2026-09-13T00:00:00+00:00, run_after=2026-09-14T00:00:00+00:00
[2026-09-13T02:16:51.320+0000] {processor.py:178} INFO - Processing /opt/airflow/dags/2_bash_operator.py took 0.273 seconds
[2026-09-13T02:17:21.555+0000] {processor.py:156} INFO - Started process (PID=162591) to work on /opt/airflow/dags/2_bash_operator.py
[2026-09-13T02:17:21.559+0000] {processor.py:799} INFO - Processing file /opt/airflow/dags/2_bash_operator.py for tasks to queue
[2026-09-13T02:17:21.560+0000] {logging_mixin.py:149} INFO - [2026-09-13T02:17:21.560+0000] {dagbag.py:541} INFO - Filling up the DagBag from /opt/airflow/dags/2_bash_operator.py
[2026-09-13T02:17:21.592+0000] {processor.py:809} INFO - DAG(s) dict_keys(['2-bashoperator']) retrieved from /opt/airflow/dags/2_bash_operator.py
[2026-09-13T02:17:21.682+0000] {logging_mixin.py:149} INFO - [2026-09-13T02:17:21.682+0000] {dag.py:2726} INFO - Sync 1 DAGs
[2026-09-13T02:17:21.747+0000] {logging_mixin.py:149} INFO - [2026-09-13T02:17:21.746+0000] {dag.py:3490} INFO - Setting next_dagrun for 2-bashoperator to 2026-09-13T00:00:00+00:00, run_after=2026-09-14T00:00:00+00:00
[2026-09-13T02:17:21.833+0000] {processor.py:178} INFO - Processing /opt/airflow/dags/2_bash_operator.py took 0.290 seconds
[2026-09-13T02:17:51.976+0000] {processor.py:156} INFO - Started process (PID=162605) to work on /opt/airflow/dags/2_bash_operator.py
[2026-09-13T02:17:51.981+0000] {processor.py:799} INFO - Processing file /opt/airflow/dags/2_bash_operator.py for tasks to queue
[2026-09-13T02:17:51.983+0000] {logging_mixin.py:149} INFO - [2026-09-13T02:17:51.982+0000] {dagbag.py:541} INFO - Filling up the DagBag from /opt/airflow/dags/2_bash_operator.py
[2026-09-13T02:17:52.006+0000] {processor.py:809} INFO - DAG(s) dict_keys(['2-bashoperator']) retrieved from /opt/airflow/dags/2_bash_operator.py
[2026-09-13T02:17:52.094+0000] {logging_mixin.py:149} INFO - [2026-09-13T02:17:52.093+0000] {dag.py:2726} INFO - Sync 1 DAGs
[2026-09-13T02:17:52.170+0000] {logging_mixin.py:149} INFO - [2026-09-13T02:17:52.169+0000] {dag.py:3490} INFO - Setting next_dagrun for 2-bashoperator to 2026-09-13T00:00:00+00:00, run_after=2026-09-14T00:00:00+00:00
[2026-09-13T02:17:52.239+0000] {processor.py:178} INFO - Processing /opt/airflow/dags/2_bash_operator.py took 0.278 seconds
[2026-09-13T02:18:22.333+0000] {processor.py:156} INFO - Started process (PID=162620) to work on /opt/airflow/dags/2_bash_operator.py
[2026-09-13T02:18:22.336+0000] {processor.py:799} INFO - Processing file /opt/airflow/dags/2_bash_operator.py for tasks to queue
[2026-09-13T02:18:22.338+0000] {logging_mixin.py:149} INFO - [2026-09-13T02:18:22.337+0000] {dagbag.py:541} INFO - Filling up the DagBag from /opt/airflow/dags/2_bash_operator.py
[2026-09-13T02:18:22.363+0000] {processor.py:809} INFO - DAG(s) dict_keys(['2-bashoperator']) retrieved from /opt/airflow/dags/2_bash_operator.py
[2026-09-13T02:18:22.451+0000] {logging_mixin.py:149} INFO - [2026-09-13T02:18:22.451+0000] {dag.py:2726} INFO - Sync 1 DAGs
[2026-09-13T02:18:22.540+0000] {logging_mixin.py:149} INFO - [2026-09-13T02:18:22.539+0000] {dag.py:3490} INFO - Setting next_dagrun for 2-bashoperator to 2026-09-13T00:00:00+00:00, run_after=2026-09-14T00:00:00+00:00
[2026-09-13T02:18:22.601+0000] {processor.py:178} INFO - Processing /opt/airflow/dags/2_bash_operator.py took 0.280 seconds
[2026-09-13T02:18:52.912+0000] {processor.py:156} INFO - Started process (PID=162634) to work on /opt/airflow/dags/2_bash_operator.py
[2026-09-13T02:18:52.916+0000] {processor.py:799} INFO - Processing file /opt/airflow/dags/2_bash_operator.py for tasks to queue
[2026-09-13T02:18:52.918+0000] {logging_mixin.py:149} INFO - [2026-09-13T02:18:52.917+0000] {dagbag.py:541} INFO - Filling up the DagBag from /opt/airflow/dags/2_bash_operator.py
[2026-09-13T02:18:52.943+0000] {processor.py:809} INFO - DAG(s) dict_keys(['2-bashoperator']) retrieved from /opt/airflow/dags/2_bash_operator.py
[2026-09-13T02:18:53.042+0000] {logging_mixin.py:149} INFO - [2026-09-13T02:18:53.042+0000] {dag.py:2726} INFO - Sync 1 DAGs
[2026-09-13T02:18:53.111+0000] {logging_mixin.py:149} INFO - [2026-09-13T02:18:53.111+0000] {dag.py:3490} INFO - Setting next_dagrun for 2-bashoperator to 2026-09-13T00:00:00+00:00, run_after=2026-09-14T00:00:00+00:00
[2026-09-13T02:18:53.173+0000] {processor.py:178} INFO - Processing /opt/airflow/dags/2_bash_operator.py took 0.271 seconds
[2026-09-13T02:19:23.363+0000] {processor.py:156} INFO - Started process (PID=162648) to work on /opt/airflow/dags/2_bash_operator.py
[2026-09-13T02:19:23.366+0000] {processor.py:799} INFO - Processing file /opt/airflow/dags/2_bash_operator.py for tasks to queue
[2026-09-13T02:19:23.368+0000] {logging_mixin.py:149} INFO - [2026-09-13T02:19:23.368+0000] {dagbag.py:541} INFO - Filling up the DagBag from /opt/airflow/dags/2_bash_operator.py
[2026-09-13T02:19:23.393+0000] {processor.py:809} INFO - DAG(s) dict_keys(['2-bashoperator']) retrieved from /opt/airflow/dags/2_bash_operator.py
[2026-09-13T02:19:23.468+0000] {logging_mixin.py:149} INFO - [2026-09-13T02:19:23.468+0000] {dag.py:2726} INFO - Sync 1 DAGs
[2026-09-13T02:19:23.516+0000] {logging_mixin.py:149} INFO - [2026-09-13T02:19:23.516+0000] {dag.py:3490} INFO - Setting next_dagrun for 2-bashoperator to 2026-09-13T00:00:00+00:00, run_after=2026-09-14T00:00:00+00:00
[2026-09-13T02:19:23.564+0000] {processor.py:178} INFO - Processing /opt/airflow/dags/2_bash_operator.py took 0.211 seconds
[2026-09-13T02:19:53.782+0000] {processor.py:156} INFO - Started process (PID=162661) to work on /opt/airflow/dags/2_bash_operator.py
[2026-09-13T02:19:53.788+0000] {processor.py:799} INFO - Processing file /opt/airflow/dags/2_bash_operator.py for tasks to queue
[2026-09-13T02:19:53.790+0000] {logging_mixin.py:149} INFO - [2026-09-13T02:19:53.790+0000] {dagbag.py:541} INFO - Filling up the DagBag from /opt/airflow/dags/2_bash_operator.py
[2026-09-13T02:19:53.818+0000] {processor.py:809} INFO - DAG(s) dict_keys(['2-bashoperator']) retrieved from /opt/airflow/dags/2_bash_operator.py
[2026-09-13T02:19:53.907+0000] {logging_mixin.py:149} INFO - [2026-09-13T02:19:53.906+0000] {dag.py:2726} INFO - Sync 1 DAGs
[2026-09-13T02:19:53.983+0000] {logging_mixin.py:149} INFO - [2026-09-13T02:19:53.983+0000] {dag.py:3490} INFO - Setting next_dagrun for 2-bashoperator to 2026-09-13T00:00:00+00:00, run_after=2026-09-14T00:00:00+00:00
[2026-09-13T02:19:54.046+0000] {processor.py:178} INFO - Processing /opt/airflow/dags/2_bash_operator.py took 0.278 seconds
[2026-09-13T02:20:24.235+0000] {processor.py:156} INFO - Started process (PID=162675) to work on /opt/airflow/dags/2_bash_operator.py
[2026-09-13T02:20:24.239+0000] {processor.py:799} INFO - Processing file /opt/airflow/dags/2_bash_operator.py for tasks to queue
[2026-09-13T02:20:24.240+0000] {logging_mixin.py:149} INFO - [2026-09-13T02:20:24.240+0000] {dagbag.py:541} INFO - Filling up the DagBag from /opt/airflow/dags/2_bash_operator.py
[2026-09-13T02:20:24.264+0000] {processor.py:809} INFO - DAG(s) dict_keys(['2-bashoperator']) retrieved from /opt/airflow/dags/2_bash_operator.py
[2026-09-13T02:20:24.343+0000] {logging_mixin.py:149} INFO - [2026-09-13T02:20:24.343+0000] {dag.py:2726} INFO - Sync 1 DAGs
[2026-09-13T02:20:24.393+0000] {logging_mixin.py:149} INFO - [2026-09-13T02:20:24.393+0000] {dag.py:3490} INFO - Setting next_dagrun for 2-bashoperator to 2026-09-13T00:00:00+00:00, run_after=2026-09-14T00:00:00+00:00
[2026-09-13T02:20:24.421+0000] {processor.py:178} INFO - Processing /opt/airflow/dags/2_bash_operator.py took 0.199 seconds
[2026-09-13T02:20:54.539+0000] {processor.py:156} INFO - Started process (PID=162689) to work on /opt/airflow/dags/2_bash_operator.py
[2026-09-13T02:20:54.544+0000] {processor.py:799} INFO - Processing file /opt/airflow/dags/2_bash_operator.py for tasks to queue
[2026-09-13T02:20:54.546+0000] {logging_mixin.py:149} INFO - [2026-09-13T02:20:54.546+0000] {dagbag.py:541} INFO - Filling up the DagBag from /opt/airflow/dags/2_bash_operator.py
[2026-09-13T02:20:54.571+0000] {processor.py:809} INFO - DAG(s) dict_keys(['2-bashoperator']) retrieved from /opt/airflow/dags/2_bash_operator.py
[2026-09-13T02:20:54.661+0000] {logging_mixin.py:149} INFO - [2026-09-13T02:20:54.660+0000] {dag.py:2726} INFO - Sync 1 DAGs
[2026-09-13T02:20:54.743+0000] {logging_mixin.py:149} INFO - [2026-09-13T02:20:54.742+0000] {dag.py:3490} INFO - Setting next_dagrun for 2-bashoperator to 2026-09-13T00:00:00+00:00, run_after=2026-09-14T00:00:00+00:00
[2026-09-13T02:20:54.820+0000] {processor.py:178} INFO - Processing /opt/airflow/dags/2_bash_operator.py took 0.291 seconds
[2026-09-13T02:21:25.108+0000] {processor.py:156} INFO - Started process (PID=162703) to work on /opt/airflow/dags/2_bash_operator.py
[2026-09-13T02:21:25.112+0000] {processor.py:799} INFO - Processing file /opt/airflow/dags/2_bash_operator.py for tasks to queue
[2026-09-13T02:21:25.113+0000] {logging_mixin.py:149} INFO - [2026-09-13T02:21:25.113+0000] {dagbag.py:541} INFO - Filling up the DagBag from /opt/airflow/dags/2_bash_operator.py
[2026-09-13T02:21:25.141+0000] {processor.py:809} INFO - DAG(s) dict_keys(['2-bashoperator']) retrieved from /opt/airflow/dags/2_bash_operator.py
[2026-09-13T02:21:25.240+0000] {logging_mixin.py:149} INFO - [2026-09-13T02:21:25.239+0000] {dag.py:2726} INFO - Sync 1 DAGs
[2026-09-13T02:21:25.317+0000] {logging_mixin.py:149} INFO - [2026-09-13T02:21:25.317+0000] {dag.py:3490} INFO - Setting next_dagrun for 2-bashoperator to 2026-09-13T00:00:00+00:00, run_after=2026-09-14T00:00:00+00:00
[2026-09-13T02:21:25.395+0000] {processor.py:178} INFO - Processing /opt/airflow/dags/2_bash_operator.py took 0.298 seconds
[2026-09-13T02:21:55.504+0000] {processor.py:156} INFO - Started process (PID=162717) to work on /opt/airflow/dags/2_bash_operator.py
[2026-09-13T02:21:55.511+0000] {processor.py:799} INFO - Processing file /opt/airflow/dags/2_bash_operator.py for tasks to queue
[2026-09-13T02:21:55.513+0000] {logging_mixin.py:149} INFO - [2026-09-13T02:21:55.513+0000] {dagbag.py:541} INFO - Filling up the DagBag from /opt/airflow/dags/2_bash_operator.py
[2026-09-13T02:21:55.537+0000] {processor.py:809} INFO - DAG(s) dict_keys(['2-bashoperator']) retrieved from /opt/airflow/dags/2_bash_operator.py
[2026-09-13T02:21:55.597+0000] {logging_mixin.py:149} INFO - [2026-09-13T02:21:55.597+0000] {dag.py:2726} INFO - Sync 1 DAGs
[2026-09-13T02:21:55.637+0000] {logging_mixin.py:149} INFO - [2026-09-13T02:21:55.636+0000] {dag.py:3490} INFO - Setting next_dagrun for 2-bashoperator to 2026-09-13T00:00:00+00:00, run_after=2026-09-14T00:00:00+00:00
[2026-09-13T02:21:55.694+0000] {processor.py:178} INFO - Processing /opt/airflow/dags/2_bash_operator.py took 0.202 seconds
[2026-09-13T02:22:26.007+0000] {processor.py:156} INFO - Started process (PID=162731) to work on /opt/airflow/dags/2_bash_operator.py
[2026-09-13T02:22:26.012+0000] {processor.py:799} INFO - Processing file /opt/airflow/dags/2_bash_operator.py for tasks to queue
[2026-09-13T02:22:26.013+0000] {logging_mixin.py:149} INFO - [2026-09-13T02:22:26.013+0000] {dagbag.py:541} INFO - Filling up the DagBag from /opt/airflow/dags/2_bash_operator.py
[2026-09-13T02:22:26.031+0000] {processor.py:809} INFO - DAG(s) dict_keys(['2-bashoperator']) retrieved from /opt/airflow/dags/2_bash_operator.py
[2026-09-13T02:22:26.122+0000] {logging_mixin.py:149} INFO - [2026-09-13T02:22:26.121+0000] {dag.py:2726} INFO - Sync 1 DAGs
[2026-09-13T02:22:26.188+0000] {logging_mixin.py:149} INFO - [2026-09-13T02:22:26.187+0000] {dag.py:3490} INFO - Setting next_dagrun for 2-bashoperator to 2026-09-13T00:00:00+00:00, run_after=2026-09-14T00:00:00+00:00
[2026-09-13T02:22:26.250+0000] {processor.py:178} INFO - Processing /opt/airflow/dags/2_bash_operator.py took 0.256 seconds
[2026-09-13T02:22:56.432+0000] {processor.py:156} INFO - Started process (PID=162745) to work on /opt/airflow/dags/2_bash_operator.py
[2026-09-13T02:22:56.435+0000] {processor.py:799} INFO - Processing file /opt/airflow/dags/2_bash_operator.py for tasks to queue
[2026-09-13T02:22:56.437+0000] {logging_mixin.py:149} INFO - [2026-09-13T02:22:56.437+0000] {dagbag.py:541} INFO - Filling up the DagBag from /opt/airflow/dags/2_bash_operator.py
[2026-09-13T02:22:56.463+0000] {processor.py:809} INFO - DAG(s) dict_keys(['2-bashoperator']) retrieved from /opt/airflow/dags/2_bash_operator.py
[2026-09-13T02:22:56.548+0000] {logging_mixin.py:149} INFO - [2026-09-13T02:22:56.547+0000] {dag.py:2726} INFO - Sync 1 DAGs
[2026-09-13T02:22:56.617+0000] {logging_mixin.py:149} INFO - [2026-09-13T02:22:56.617+0000] {dag.py:3490} INFO - Setting next_dagrun for 2-bashoperator to 2026-09-13T00:00:00+00:00, run_after=2026-09-14T00:00:00+00:00
[2026-09-13T02:22:56.656+0000] {processor.py:178} INFO - Processing /opt/airflow/dags/2_bash_operator.py took 0.235 seconds
[2026-09-13T02:23:26.888+0000] {processor.py:156} INFO - Started process (PID=162759) to work on /opt/airflow/dags/2_bash_operator.py
[2026-09-13T02:23:26.892+0000] {processor.py:799} INFO - Processing file /opt/airflow/dags/2_bash_operator.py for tasks to queue
[2026-09-13T02:23:26.894+0000] {logging_mixin.py:149} INFO - [2026-09-13T02:23:26.893+0000] {dagbag.py:541} INFO - Filling up the DagBag from /opt/airflow/dags/2_bash_operator.py
[2026-09-13T02:23:26.919+0000] {processor.py:809} INFO - DAG(s) dict_keys(['2-bashoperator']) retrieved from /opt/airflow/dags/2_bash_operator.py
[2026-09-13T02:23:27.007+0000] {logging_mixin.py:149} INFO - [2026-09-13T02:23:27.007+0000] {dag.py:2726} INFO - Sync 1 DAGs
[2026-09-13T02:23:27.087+0000] {logging_mixin.py:149} INFO - [2026-09-13T02:23:27.087+0000] {dag.py:3490} INFO - Setting next_dagrun for 2-bashoperator to 2026-09-13T00:00:00+00:00, run_after=2026-09-14T00:00:00+00:00
[2026-09-13T02:23:27.141+0000] {processor.py:178} INFO - Processing /opt/airflow/dags/2_bash_operator.py took 0.264 seconds
[2026-09-13T02:23:57.331+0000] {processor.py:156} INFO - Started process (PID=162773) to work on /opt/airflow/dags/2_bash_operator.py
[2026-09-13T02:23:57.334+0000] {processor.py:799} INFO - Processing file /opt/airflow/dags/2_bash_operator.py for tasks to queue
[2026-09-13T02:23:57.336+0000] {logging_mixin.py:149} INFO - [2026-09-13T02:23:57.335+0000] {dagbag.py:541} INFO - Filling up the DagBag from /opt/airflow/dags/2_bash_operator.py
[2026-09-13T02:23:57.359+0000] {processor.py:809} INFO - DAG(s) dict_keys(['2-bashoperator']) retrieved from /opt/airflow/dags/2_bash_operator.py
[2026-09-13T02:23:57.446+0000] {logging_mixin.py:149} INFO - [2026-09-13T02:23:57.446+0000] {dag.py:2726} INFO - Sync 1 DAGs
[2026-09-13T02:23:57.525+0000] {logging_mixin.py:149} INFO - [2026-09-13T02:23:57.525+0000] {dag.py:3490} INFO - Setting next_dagrun for 2-bashoperator to 2026-09-13T00:00:00+00:00, run_after=2026-09-14T00:00:00+00:00
[2026-09-13T02:23:57.593+0000] {processor.py:178} INFO - Processing /opt/airflow/dags/2_bash_operator.py took 0.270 seconds
[2026-09-13T02:24:27.811+0000] {processor.py:156} INFO - Started process (PID=162787) to work on /opt/airflow/dags/2_bash_operator.py
[2026-09-13T02:24:27.818+0000] {processor.py:799} INFO - Processing file /opt/airflow/dags/2_bash_operator.py for tasks to queue
[2026-09-13T02:24:27.820+0000] {logging_mixin.py:149} INFO - [2026-09-13T02:24:27.819+0000] {dagbag.py:541} INFO - Filling up the DagBag from /opt/airflow/dags/2_bash_operator.py
[2026-09-13T02:24:27.851+0000] {processor.py:809} INFO - DAG(s) dict_keys(['2-bashoperator']) retrieved from /opt/airflow/dags/2_bash_operator.py
[2026-09-13T02:24:27.940+0000] {logging_mixin.py:149} INFO - [2026-09-13T02:24:27.940+0000] {dag.py:2726} INFO - Sync 1 DAGs
[2026-09-13T02:24:28.026+0000] {logging_mixin.py:149} INFO - [2026-09-13T02:24:28.026+0000] {dag.py:3490} INFO - Setting next_dagrun for 2-bashoperator to 2026-09-13T00:00:00+00:00, run_after=2026-09-14T00:00:00+00:00
[2026-09-13T02:24:28.082+0000] {processor.py:178} INFO - Processing /opt/airflow/dags/2_bash_operator.py took 0.287 seconds
[2026-09-13T02:24:58.340+0000] {processor.py:156} INFO - Started process (PID=162801) to work on /opt/airflow/dags/2_bash_operator.py
[2026-09-13T02:24:58.344+0000] {processor.py:799} INFO - Processing file /opt/airflow/dags/2_bash_operator.py for tasks to queue
[2026-09-13T02:24:58.346+0000] {logging_mixin.py:149} INFO - [2026-09-13T02:24:58.345+0000] {dagbag.py:541} INFO - Filling up the DagBag from /opt/airflow/dags/2_bash_operator.py
[2026-09-13T02:24:58.373+0000] {processor.py:809} INFO - DAG(s) dict_keys(['2-bashoperator']) retrieved from /opt/airflow/dags/2_bash_operator.py
[2026-09-13T02:24:58.444+0000] {logging_mixin.py:149} INFO - [2026-09-13T02:24:58.443+0000] {dag.py:2726} INFO - Sync 1 DAGs
[2026-09-13T02:24:58.497+0000] {logging_mixin.py:149} INFO - [2026-09-13T02:24:58.497+0000] {dag.py:3490} INFO - Setting next_dagrun for 2-bashoperator to 2026-09-13T00:00:00+00:00, run_after=2026-09-14T00:00:00+00:00
[2026-09-13T02:24:58.523+0000] {processor.py:178} INFO - Processing /opt/airflow/dags/2_bash_operator.py took 0.193 seconds
[2026-09-13T02:25:28.715+0000] {processor.py:156} INFO - Started process (PID=162815) to work on /opt/airflow/dags/2_bash_operator.py
[2026-09-13T02:25:28.719+0000] {processor.py:799} INFO - Processing file /opt/airflow/dags/2_bash_operator.py for tasks to queue
[2026-09-13T02:25:28.721+0000] {logging_mixin.py:149} INFO - [2026-09-13T02:25:28.721+0000] {dagbag.py:541} INFO - Filling up the DagBag from /opt/airflow/dags/2_bash_operator.py
[2026-09-13T02:25:28.746+0000] {processor.py:809} INFO - DAG(s) dict_keys(['2-bashoperator']) retrieved from /opt/airflow/dags/2_bash_operator.py
[2026-09-13T02:25:28.837+0000] {logging_mixin.py:149} INFO - [2026-09-13T02:25:28.836+0000] {dag.py:2726} INFO - Sync 1 DAGs
[2026-09-13T02:25:28.922+0000] {logging_mixin.py:149} INFO - [2026-09-13T02:25:28.922+0000] {dag.py:3490} INFO - Setting next_dagrun for 2-bashoperator to 2026-09-13T00:00:00+00:00, run_after=2026-09-14T00:00:00+00:00
[2026-09-13T02:25:28.986+0000] {processor.py:178} INFO - Processing /opt/airflow/dags/2_bash_operator.py took 0.281 seconds
[2026-09-13T02:25:59.252+0000] {processor.py:156} INFO - Started process (PID=162829) to work on /opt/airflow/dags/2_bash_operator.py
[2026-09-13T02:25:59.255+0000] {processor.py:799} INFO - Processing file /opt/airflow/dags/2_bash_operator.py for tasks to queue
[2026-09-13T02:25:59.257+0000] {logging_mixin.py:149} INFO - [2026-09-13T02:25:59.257+0000] {dagbag.py:541} INFO - Filling up the DagBag from /opt/airflow/dags/2_bash_operator.py
[2026-09-13T02:25:59.280+0000] {processor.py:809} INFO - DAG(s) dict_keys(['2-bashoperator']) retrieved from /opt/airflow/dags/2_bash_operator.py
[2026-09-13T02:25:59.364+0000] {logging_mixin.py:149} INFO - [2026-09-13T02:25:59.364+0000] {dag.py:2726} INFO - Sync 1 DAGs
[2026-09-13T02:25:59.439+0000] {logging_mixin.py:149} INFO - [2026-09-13T02:25:59.438+0000] {dag.py:3490} INFO - Setting next_dagrun for 2-bashoperator to 2026-09-13T00:00:00+00:00, run_after=2026-09-14T00:00:00+00:00
[2026-09-13T02:25:59.505+0000] {processor.py:178} INFO - Processing /opt/airflow/dags/2_bash_operator.py took 0.262 seconds
[2026-09-13T02:26:29.709+0000] {processor.py:156} INFO - Started process (PID=162844) to work on /opt/airflow/dags/2_bash_operator.py
[2026-09-13T02:26:29.713+0000] {processor.py:799} INFO - Processing file /opt/airflow/dags/2_bash_operator.py for tasks to queue
[2026-09-13T02:26:29.714+0000] {logging_mixin.py:149} INFO - [2026-09-13T02:26:29.714+0000] {dagbag.py:541} INFO - Filling up the DagBag from /opt/airflow/dags/2_bash_operator.py
[2026-09-13T02:26:29.742+0000] {processor.py:809} INFO - DAG(s) dict_keys(['2-bashoperator']) retrieved from /opt/airflow/dags/2_bash_operator.py
[2026-09-13T02:26:29.833+0000] {logging_mixin.py:149} INFO - [2026-09-13T02:26:29.832+0000] {dag.py:2726} INFO - Sync 1 DAGs
[2026-09-13T02:26:29.910+0000] {logging_mixin.py:149} INFO - [2026-09-13T02:26:29.909+0000] {dag.py:3490} INFO - Setting next_dagrun for 2-bashoperator to 2026-09-13T00:00:00+00:00, run_after=2026-09-14T00:00:00+00:00
[2026-09-13T02:26:29.956+0000] {processor.py:178} INFO - Processing /opt/airflow/dags/2_bash_operator.py took 0.255 seconds
[2026-09-13T02:27:00.161+0000] {processor.py:156} INFO - Started process (PID=162858) to work on /opt/airflow/dags/2_bash_operator.py
[2026-09-13T02:27:00.164+0000] {processor.py:799} INFO - Processing file /opt/airflow/dags/2_bash_operator.py for tasks to queue
[2026-09-13T02:27:00.166+0000] {logging_mixin.py:149} INFO - [2026-09-13T02:27:00.165+0000] {dagbag.py:541} INFO - Filling up the DagBag from /opt/airflow/dags/2_bash_operator.py
[2026-09-13T02:27:00.183+0000] {processor.py:809} INFO - DAG(s) dict_keys(['2-bashoperator']) retrieved from /opt/airflow/dags/2_bash_operator.py
[2026-09-13T02:27:00.270+0000] {logging_mixin.py:149} INFO - [2026-09-13T02:27:00.269+0000] {dag.py:2726} INFO - Sync 1 DAGs
[2026-09-13T02:27:00.343+0000] {logging_mixin.py:149} INFO - [2026-09-13T02:27:00.343+0000] {dag.py:3490} INFO - Setting next_dagrun for 2-bashoperator to 2026-09-13T00:00:00+00:00, run_after=2026-09-14T00:00:00+00:00
[2026-09-13T02:27:00.402+0000] {processor.py:178} INFO - Processing /opt/airflow/dags/2_bash_operator.py took 0.249 seconds
[2026-09-13T02:27:30.542+0000] {processor.py:156} INFO - Started process (PID=162872) to work on /opt/airflow/dags/2_bash_operator.py
[2026-09-13T02:27:30.546+0000] {processor.py:799} INFO - Processing file /opt/airflow/dags/2_bash_operator.py for tasks to queue
[2026-09-13T02:27:30.548+0000] {logging_mixin.py:149} INFO - [2026-09-13T02:27:30.547+0000] {dagbag.py:541} INFO - Filling up the DagBag from /opt/airflow/dags/2_bash_operator.py
[2026-09-13T02:27:30.581+0000] {processor.py:809} INFO - DAG(s) dict_keys(['2-bashoperator']) retrieved from /opt/airflow/dags/2_bash_operator.py
[2026-09-13T02:27:30.648+0000] {logging_mixin.py:149} INFO - [2026-09-13T02:27:30.647+0000] {dag.py:2726} INFO - Sync 1 DAGs
[2026-09-13T02:27:30.697+0000] {logging_mixin.py:149} INFO - [2026-09-13T02:27:30.697+0000] {dag.py:3490} INFO - Setting next_dagrun for 2-bashoperator to 2026-09-13T00:00:00+00:00, run_after=2026-09-14T00:00:00+00:00
[2026-09-13T02:27:30.762+0000] {processor.py:178} INFO - Processing /opt/airflow/dags/2_bash_operator.py took 0.234 seconds
[2026-09-13T02:28:01.097+0000] {processor.py:156} INFO - Started process (PID=162886) to work on /opt/airflow/dags/2_bash_operator.py
[2026-09-13T02:28:01.100+0000] {processor.py:799} INFO - Processing file /opt/airflow/dags/2_bash_operator.py for tasks to queue
[2026-09-13T02:28:01.102+0000] {logging_mixin.py:149} INFO - [2026-09-13T02:28:01.102+0000] {dagbag.py:541} INFO - Filling up the DagBag from /opt/airflow/dags/2_bash_operator.py
[2026-09-13T02:28:01.128+0000] {processor.py:809} INFO - DAG(s) dict_keys(['2-bashoperator']) retrieved from /opt/airflow/dags/2_bash_operator.py
[2026-09-13T02:28:01.223+0000] {logging_mixin.py:149} INFO - [2026-09-13T02:28:01.222+0000] {dag.py:2726} INFO - Sync 1 DAGs
[2026-09-13T02:28:01.304+0000] {logging_mixin.py:149} INFO - [2026-09-13T02:28:01.304+0000] {dag.py:3490} INFO - Setting next_dagrun for 2-bashoperator to 2026-09-13T00:00:00+00:00, run_after=2026-09-14T00:00:00+00:00
[2026-09-13T02:28:01.366+0000] {processor.py:178} INFO - Processing /opt/airflow/dags/2_bash_operator.py took 0.281 seconds
[2026-09-13T02:28:31.556+0000] {processor.py:156} INFO - Started process (PID=162901) to work on /opt/airflow/dags/2_bash_operator.py
[2026-09-13T02:28:31.560+0000] {processor.py:799} INFO - Processing file /opt/airflow/dags/2_bash_operator.py for tasks to queue
[2026-09-13T02:28:31.562+0000] {logging_mixin.py:149} INFO - [2026-09-13T02:28:31.562+0000] {dagbag.py:541} INFO - Filling up the DagBag from /opt/airflow/dags/2_bash_operator.py
[2026-09-13T02:28:31.597+0000] {processor.py:809} INFO - DAG(s) dict_keys(['2-bashoperator']) retrieved from /opt/airflow/dags/2_bash_operator.py
[2026-09-13T02:28:31.689+0000] {logging_mixin.py:149} INFO - [2026-09-13T02:28:31.689+0000] {dag.py:2726} INFO - Sync 1 DAGs
[2026-09-13T02:28:31.764+0000] {logging_mixin.py:149} INFO - [2026-09-13T02:28:31.763+0000] {dag.py:3490} INFO - Setting next_dagrun for 2-bashoperator to 2026-09-13T00:00:00+00:00, run_after=2026-09-14T00:00:00+00:00
[2026-09-13T02:28:31.837+0000] {processor.py:178} INFO - Processing /opt/airflow/dags/2_bash_operator.py took 0.293 seconds
[2026-09-13T02:29:01.882+0000] {processor.py:156} INFO - Started process (PID=162915) to work on /opt/airflow/dags/2_bash_operator.py
[2026-09-13T02:29:01.891+0000] {processor.py:799} INFO - Processing file /opt/airflow/dags/2_bash_operator.py for tasks to queue
[2026-09-13T02:29:01.893+0000] {logging_mixin.py:149} INFO - [2026-09-13T02:29:01.892+0000] {dagbag.py:541} INFO - Filling up the DagBag from /opt/airflow/dags/2_bash_operator.py
[2026-09-13T02:29:01.921+0000] {processor.py:809} INFO - DAG(s) dict_keys(['2-bashoperator']) retrieved from /opt/airflow/dags/2_bash_operator.py
[2026-09-13T02:29:02.011+0000] {logging_mixin.py:149} INFO - [2026-09-13T02:29:02.010+0000] {dag.py:2726} INFO - Sync 1 DAGs
[2026-09-13T02:29:02.081+0000] {logging_mixin.py:149} INFO - [2026-09-13T02:29:02.081+0000] {dag.py:3490} INFO - Setting next_dagrun for 2-bashoperator to 2026-09-13T00:00:00+00:00, run_after=2026-09-14T00:00:00+00:00
[2026-09-13T02:29:02.141+0000] {processor.py:178} INFO - Processing /opt/airflow/dags/2_bash_operator.py took 0.269 seconds
[2026-09-13T02:29:32.285+0000] {processor.py:156} INFO - Started process (PID=162930) to work on /opt/airflow/dags/2_bash_operator.py
[2026-09-13T02:29:32.289+0000] {processor.py:799} INFO - Processing file /opt/airflow/dags/2_bash_operator.py for tasks to queue
[2026-09-13T02:29:32.291+0000] {logging_mixin.py:149} INFO - [2026-09-13T02:29:32.291+0000] {dagbag.py:541} INFO - Filling up the DagBag from /opt/airflow/dags/2_bash_operator.py
[2026-09-13T02:29:32.322+0000] {processor.py:809} INFO - DAG(s) dict_keys(['2-bashoperator']) retrieved from /opt/airflow/dags/2_bash_operator.py
[2026-09-13T02:29:32.417+0000] {logging_mixin.py:149} INFO - [2026-09-13T02:29:32.417+0000] {dag.py:2726} INFO - Sync 1 DAGs
[2026-09-13T02:29:32.494+0000] {logging_mixin.py:149} INFO - [2026-09-13T02:29:32.493+0000] {dag.py:3490} INFO - Setting next_dagrun for 2-bashoperator to 2026-09-13T00:00:00+00:00, run_after=2026-09-14T00:00:00+00:00
[2026-09-13T02:29:32.557+0000] {processor.py:178} INFO - Processing /opt/airflow/dags/2_bash_operator.py took 0.283 seconds
[2026-09-13T02:30:02.654+0000] {processor.py:156} INFO - Started process (PID=162944) to work on /opt/airflow/dags/2_bash_operator.py
[2026-09-13T02:30:02.657+0000] {processor.py:799} INFO - Processing file /opt/airflow/dags/2_bash_operator.py for tasks to queue
[2026-09-13T02:30:02.659+0000] {logging_mixin.py:149} INFO - [2026-09-13T02:30:02.659+0000] {dagbag.py:541} INFO - Filling up the DagBag from /opt/airflow/dags/2_bash_operator.py
[2026-09-13T02:30:02.685+0000] {processor.py:809} INFO - DAG(s) dict_keys(['2-bashoperator']) retrieved from /opt/airflow/dags/2_bash_operator.py
[2026-09-13T02:30:02.775+0000] {logging_mixin.py:149} INFO - [2026-09-13T02:30:02.775+0000] {dag.py:2726} INFO - Sync 1 DAGs
[2026-09-13T02:30:02.855+0000] {logging_mixin.py:149} INFO - [2026-09-13T02:30:02.855+0000] {dag.py:3490} INFO - Setting next_dagrun for 2-bashoperator to 2026-09-13T00:00:00+00:00, run_after=2026-09-14T00:00:00+00:00
[2026-09-13T02:30:02.965+0000] {processor.py:178} INFO - Processing /opt/airflow/dags/2_bash_operator.py took 0.322 seconds
[2026-09-13T02:30:33.209+0000] {processor.py:156} INFO - Started process (PID=162959) to work on /opt/airflow/dags/2_bash_operator.py
[2026-09-13T02:30:33.211+0000] {processor.py:799} INFO - Processing file /opt/airflow/dags/2_bash_operator.py for tasks to queue
[2026-09-13T02:30:33.213+0000] {logging_mixin.py:149} INFO - [2026-09-13T02:30:33.213+0000] {dagbag.py:541} INFO - Filling up the DagBag from /opt/airflow/dags/2_bash_operator.py
[2026-09-13T02:30:33.238+0000] {processor.py:809} INFO - DAG(s) dict_keys(['2-bashoperator']) retrieved from /opt/airflow/dags/2_bash_operator.py
[2026-09-13T02:30:33.335+0000] {logging_mixin.py:149} INFO - [2026-09-13T02:30:33.335+0000] {dag.py:2726} INFO - Sync 1 DAGs
[2026-09-13T02:30:33.404+0000] {logging_mixin.py:149} INFO - [2026-09-13T02:30:33.403+0000] {dag.py:3490} INFO - Setting next_dagrun for 2-bashoperator to 2026-09-13T00:00:00+00:00, run_after=2026-09-14T00:00:00+00:00
[2026-09-13T02:30:33.484+0000] {processor.py:178} INFO - Processing /opt/airflow/dags/2_bash_operator.py took 0.285 seconds
[2026-09-13T02:31:03.746+0000] {processor.py:156} INFO - Started process (PID=162973) to work on /opt/airflow/dags/2_bash_operator.py
[2026-09-13T02:31:03.750+0000] {processor.py:799} INFO - Processing file /opt/airflow/dags/2_bash_operator.py for tasks to queue
[2026-09-13T02:31:03.752+0000] {logging_mixin.py:149} INFO - [2026-09-13T02:31:03.752+0000] {dagbag.py:541} INFO - Filling up the DagBag from /opt/airflow/dags/2_bash_operator.py
[2026-09-13T02:31:03.779+0000] {processor.py:809} INFO - DAG(s) dict_keys(['2-bashoperator']) retrieved from /opt/airflow/dags/2_bash_operator.py
[2026-09-13T02:31:03.868+0000] {logging_mixin.py:149} INFO - [2026-09-13T02:31:03.868+0000] {dag.py:2726} INFO - Sync 1 DAGs
[2026-09-13T02:31:03.942+0000] {logging_mixin.py:149} INFO - [2026-09-13T02:31:03.941+0000] {dag.py:3490} INFO - Setting next_dagrun for 2-bashoperator to 2026-09-13T00:00:00+00:00, run_after=2026-09-14T00:00:00+00:00
[2026-09-13T02:31:04.036+0000] {processor.py:178} INFO - Processing /opt/airflow/dags/2_bash_operator.py took 0.299 seconds
[2026-09-13T02:31:34.270+0000] {processor.py:156} INFO - Started process (PID=162987) to work on /opt/airflow/dags/2_bash_operator.py
[2026-09-13T02:31:34.275+0000] {processor.py:799} INFO - Processing file /opt/airflow/dags/2_bash_operator.py for tasks to queue
[2026-09-13T02:31:34.277+0000] {logging_mixin.py:149} INFO - [2026-09-13T02:31:34.277+0000] {dagbag.py:541} INFO - Filling up the DagBag from /opt/airflow/dags/2_bash_operator.py
[2026-09-13T02:31:34.313+0000] {processor.py:809} INFO - DAG(s) dict_keys(['2-bashoperator']) retrieved from /opt/airflow/dags/2_bash_operator.py
[2026-09-13T02:31:34.408+0000] {logging_mixin.py:149} INFO - [2026-09-13T02:31:34.407+0000] {dag.py:2726} INFO - Sync 1 DAGs
[2026-09-13T02:31:34.479+0000] {logging_mixin.py:149} INFO - [2026-09-13T02:31:34.479+0000] {dag.py:3490} INFO - Setting next_dagrun for 2-bashoperator to 2026-09-13T00:00:00+00:00, run_after=2026-09-14T00:00:00+00:00
[2026-09-13T02:31:34.550+0000] {processor.py:178} INFO - Processing /opt/airflow/dags/2_bash_operator.py took 0.290 seconds
[2026-09-13T02:32:04.775+0000] {processor.py:156} INFO - Started process (PID=163001) to work on /opt/airflow/dags/2_bash_operator.py
[2026-09-13T02:32:04.779+0000] {processor.py:799} INFO - Processing file /opt/airflow/dags/2_bash_operator.py for tasks to queue
[2026-09-13T02:32:04.781+0000] {logging_mixin.py:149} INFO - [2026-09-13T02:32:04.781+0000] {dagbag.py:541} INFO - Filling up the DagBag from /opt/airflow/dags/2_bash_operator.py
[2026-09-13T02:32:04.809+0000] {processor.py:809} INFO - DAG(s) dict_keys(['2-bashoperator']) retrieved from /opt/airflow/dags/2_bash_operator.py
[2026-09-13T02:32:04.897+0000] {logging_mixin.py:149} INFO - [2026-09-13T02:32:04.897+0000] {dag.py:2726} INFO - Sync 1 DAGs
[2026-09-13T02:32:04.971+0000] {logging_mixin.py:149} INFO - [2026-09-13T02:32:04.970+0000] {dag.py:3490} INFO - Setting next_dagrun for 2-bashoperator to 2026-09-13T00:00:00+00:00, run_after=2026-09-14T00:00:00+00:00
[2026-09-13T02:32:05.019+0000] {processor.py:178} INFO - Processing /opt/airflow/dags/2_bash_operator.py took 0.254 seconds
[2026-09-13T02:32:35.082+0000] {processor.py:156} INFO - Started process (PID=163016) to work on /opt/airflow/dags/2_bash_operator.py
[2026-09-13T02:32:35.085+0000] {processor.py:799} INFO - Processing file /opt/airflow/dags/2_bash_operator.py for tasks to queue
[2026-09-13T02:32:35.087+0000] {logging_mixin.py:149} INFO - [2026-09-13T02:32:35.087+0000] {dagbag.py:541} INFO - Filling up the DagBag from /opt/airflow/dags/2_bash_operator.py
[2026-09-13T02:32:35.107+0000] {processor.py:809} INFO - DAG(s) dict_keys(['2-bashoperator']) retrieved from /opt/airflow/dags/2_bash_operator.py
[2026-09-13T02:32:35.208+0000] {logging_mixin.py:149} INFO - [2026-09-13T02:32:35.207+0000] {dag.py:2726} INFO - Sync 1 DAGs
[2026-09-13T02:32:35.277+0000] {logging_mixin.py:149} INFO - [2026-09-13T02:32:35.277+0000] {dag.py:3490} INFO - Setting next_dagrun for 2-bashoperator to 2026-09-13T00:00:00+00:00, run_after=2026-09-14T00:00:00+00:00
[2026-09-13T02:32:35.317+0000] {processor.py:178} INFO - Processing /opt/airflow/dags/2_bash_operator.py took 0.242 seconds
[2026-09-13T02:33:05.643+0000] {processor.py:156} INFO - Started process (PID=163030) to work on /opt/airflow/dags/2_bash_operator.py
[2026-09-13T02:33:05.647+0000] {processor.py:799} INFO - Processing file /opt/airflow/dags/2_bash_operator.py for tasks to queue
[2026-09-13T02:33:05.649+0000] {logging_mixin.py:149} INFO - [2026-09-13T02:33:05.648+0000] {dagbag.py:541} INFO - Filling up the DagBag from /opt/airflow/dags/2_bash_operator.py
[2026-09-13T02:33:05.677+0000] {processor.py:809} INFO - DAG(s) dict_keys(['2-bashoperator']) retrieved from /opt/airflow/dags/2_bash_operator.py
[2026-09-13T02:33:05.770+0000] {logging_mixin.py:149} INFO - [2026-09-13T02:33:05.770+0000] {dag.py:2726} INFO - Sync 1 DAGs
[2026-09-13T02:33:05.861+0000] {logging_mixin.py:149} INFO - [2026-09-13T02:33:05.860+0000] {dag.py:3490} INFO - Setting next_dagrun for 2-bashoperator to 2026-09-13T00:00:00+00:00, run_after=2026-09-14T00:00:00+00:00
[2026-09-13T02:33:05.938+0000] {processor.py:178} INFO - Processing /opt/airflow/dags/2_bash_operator.py took 0.308 seconds
[2026-09-13T02:33:36.099+0000] {processor.py:156} INFO - Started process (PID=163044) to work on /opt/airflow/dags/2_bash_operator.py
[2026-09-13T02:33:36.103+0000] {processor.py:799} INFO - Processing file /opt/airflow/dags/2_bash_operator.py for tasks to queue
[2026-09-13T02:33:36.104+0000] {logging_mixin.py:149} INFO - [2026-09-13T02:33:36.104+0000] {dagbag.py:541} INFO - Filling up the DagBag from /opt/airflow/dags/2_bash_operator.py
[2026-09-13T02:33:36.129+0000] {processor.py:809} INFO - DAG(s) dict_keys(['2-bashoperator']) retrieved from /opt/airflow/dags/2_bash_operator.py
[2026-09-13T02:33:36.220+0000] {logging_mixin.py:149} INFO - [2026-09-13T02:33:36.220+0000] {dag.py:2726} INFO - Sync 1 DAGs
[2026-09-13T02:33:36.306+0000] {logging_mixin.py:149} INFO - [2026-09-13T02:33:36.305+0000] {dag.py:3490} INFO - Setting next_dagrun for 2-bashoperator to 2026-09-13T00:00:00+00:00, run_after=2026-09-14T00:00:00+00:00
[2026-09-13T02:33:36.361+0000] {processor.py:178} INFO - Processing /opt/airflow/dags/2_bash_operator.py took 0.277 seconds
[2026-09-13T02:34:06.609+0000] {processor.py:156} INFO - Started process (PID=163058) to work on /opt/airflow/dags/2_bash_operator.py
[2026-09-13T02:34:06.612+0000] {processor.py:799} INFO - Processing file /opt/airflow/dags/2_bash_operator.py for tasks to queue
[2026-09-13T02:34:06.614+0000] {logging_mixin.py:149} INFO - [2026-09-13T02:34:06.614+0000] {dagbag.py:541} INFO - Filling up the DagBag from /opt/airflow/dags/2_bash_operator.py
[2026-09-13T02:34:06.651+0000] {processor.py:809} INFO - DAG(s) dict_keys(['2-bashoperator']) retrieved from /opt/airflow/dags/2_bash_operator.py
[2026-09-13T02:34:06.761+0000] {logging_mixin.py:149} INFO - [2026-09-13T02:34:06.760+0000] {dag.py:2726} INFO - Sync 1 DAGs
[2026-09-13T02:34:06.823+0000] {logging_mixin.py:149} INFO - [2026-09-13T02:34:06.822+0000] {dag.py:3490} INFO - Setting next_dagrun for 2-bashoperator to 2026-09-13T00:00:00+00:00, run_after=2026-09-14T00:00:00+00:00
[2026-09-13T02:34:06.855+0000] {processor.py:178} INFO - Processing /opt/airflow/dags/2_bash_operator.py took 0.264 seconds
[2026-09-13T02:34:36.987+0000] {processor.py:156} INFO - Started process (PID=163071) to work on /opt/airflow/dags/2_bash_operator.py
[2026-09-13T02:34:36.992+0000] {processor.py:799} INFO - Processing file /opt/airflow/dags/2_bash_operator.py for tasks to queue
[2026-09-13T02:34:36.994+0000] {logging_mixin.py:149} INFO - [2026-09-13T02:34:36.994+0000] {dagbag.py:541} INFO - Filling up the DagBag from /opt/airflow/dags/2_bash_operator.py
[2026-09-13T02:34:37.024+0000] {processor.py:809} INFO - DAG(s) dict_keys(['2-bashoperator']) retrieved from /opt/airflow/dags/2_bash_operator.py
[2026-09-13T02:34:37.110+0000] {logging_mixin.py:149} INFO - [2026-09-13T02:34:37.110+0000] {dag.py:2726} INFO - Sync 1 DAGs
[2026-09-13T02:34:37.158+0000] {logging_mixin.py:149} INFO - [2026-09-13T02:34:37.158+0000] {dag.py:3490} INFO - Setting next_dagrun for 2-bashoperator to 2026-09-13T00:00:00+00:00, run_after=2026-09-14T00:00:00+00:00
[2026-09-13T02:34:37.191+0000] {processor.py:178} INFO - Processing /opt/airflow/dags/2_bash_operator.py took 0.214 seconds
[2026-09-13T02:35:07.395+0000] {processor.py:156} INFO - Started process (PID=163085) to work on /opt/airflow/dags/2_bash_operator.py
[2026-09-13T02:35:07.399+0000] {processor.py:799} INFO - Processing file /opt/airflow/dags/2_bash_operator.py for tasks to queue
[2026-09-13T02:35:07.401+0000] {logging_mixin.py:149} INFO - [2026-09-13T02:35:07.401+0000] {dagbag.py:541} INFO - Filling up the DagBag from /opt/airflow/dags/2_bash_operator.py
[2026-09-13T02:35:07.437+0000] {processor.py:809} INFO - DAG(s) dict_keys(['2-bashoperator']) retrieved from /opt/airflow/dags/2_bash_operator.py
[2026-09-13T02:35:07.519+0000] {logging_mixin.py:149} INFO - [2026-09-13T02:35:07.519+0000] {dag.py:2726} INFO - Sync 1 DAGs
[2026-09-13T02:35:07.585+0000] {logging_mixin.py:149} INFO - [2026-09-13T02:35:07.584+0000] {dag.py:3490} INFO - Setting next_dagrun for 2-bashoperator to 2026-09-13T00:00:00+00:00, run_after=2026-09-14T00:00:00+00:00
[2026-09-13T02:35:07.639+0000] {processor.py:178} INFO - Processing /opt/airflow/dags/2_bash_operator.py took 0.258 seconds
[2026-09-13T02:35:37.971+0000] {processor.py:156} INFO - Started process (PID=163099) to work on /opt/airflow/dags/2_bash_operator.py
[2026-09-13T02:35:37.974+0000] {processor.py:799} INFO - Processing file /opt/airflow/dags/2_bash_operator.py for tasks to queue
[2026-09-13T02:35:37.976+0000] {logging_mixin.py:149} INFO - [2026-09-13T02:35:37.976+0000] {dagbag.py:541} INFO - Filling up the DagBag from /opt/airflow/dags/2_bash_operator.py
[2026-09-13T02:35:38.001+0000] {processor.py:809} INFO - DAG(s) dict_keys(['2-bashoperator']) retrieved from /opt/airflow/dags/2_bash_operator.py
[2026-09-13T02:35:38.086+0000] {logging_mixin.py:149} INFO - [2026-09-13T02:35:38.085+0000] {dag.py:2726} INFO - Sync 1 DAGs
[2026-09-13T02:35:38.161+0000] {logging_mixin.py:149} INFO - [2026-09-13T02:35:38.160+0000] {dag.py:3490} INFO - Setting next_dagrun for 2-bashoperator to 2026-09-13T00:00:00+00:00, run_after=2026-09-14T00:00:00+00:00
[2026-09-13T02:35:38.209+0000] {processor.py:178} INFO - Processing /opt/airflow/dags/2_bash_operator.py took 0.248 seconds
[2026-09-13T02:36:08.488+0000] {processor.py:156} INFO - Started process (PID=163114) to work on /opt/airflow/dags/2_bash_operator.py
[2026-09-13T02:36:08.492+0000] {processor.py:799} INFO - Processing file /opt/airflow/dags/2_bash_operator.py for tasks to queue
[2026-09-13T02:36:08.493+0000] {logging_mixin.py:149} INFO - [2026-09-13T02:36:08.493+0000] {dagbag.py:541} INFO - Filling up the DagBag from /opt/airflow/dags/2_bash_operator.py
[2026-09-13T02:36:08.516+0000] {processor.py:809} INFO - DAG(s) dict_keys(['2-bashoperator']) retrieved from /opt/airflow/dags/2_bash_operator.py
[2026-09-13T02:36:08.584+0000] {logging_mixin.py:149} INFO - [2026-09-13T02:36:08.583+0000] {dag.py:2726} INFO - Sync 1 DAGs
[2026-09-13T02:36:08.650+0000] {logging_mixin.py:149} INFO - [2026-09-13T02:36:08.650+0000] {dag.py:3490} INFO - Setting next_dagrun for 2-bashoperator to 2026-09-13T00:00:00+00:00, run_after=2026-09-14T00:00:00+00:00
[2026-09-13T02:36:08.714+0000] {processor.py:178} INFO - Processing /opt/airflow/dags/2_bash_operator.py took 0.239 seconds
[2026-09-13T02:36:38.992+0000] {processor.py:156} INFO - Started process (PID=163128) to work on /opt/airflow/dags/2_bash_operator.py
[2026-09-13T02:36:38.995+0000] {processor.py:799} INFO - Processing file /opt/airflow/dags/2_bash_operator.py for tasks to queue
[2026-09-13T02:36:38.997+0000] {logging_mixin.py:149} INFO - [2026-09-13T02:36:38.996+0000] {dagbag.py:541} INFO - Filling up the DagBag from /opt/airflow/dags/2_bash_operator.py
[2026-09-13T02:36:39.028+0000] {processor.py:809} INFO - DAG(s) dict_keys(['2-bashoperator']) retrieved from /opt/airflow/dags/2_bash_operator.py
[2026-09-13T02:36:39.109+0000] {logging_mixin.py:149} INFO - [2026-09-13T02:36:39.109+0000] {dag.py:2726} INFO - Sync 1 DAGs
[2026-09-13T02:36:39.189+0000] {logging_mixin.py:149} INFO - [2026-09-13T02:36:39.189+0000] {dag.py:3490} INFO - Setting next_dagrun for 2-bashoperator to 2026-09-13T00:00:00+00:00, run_after=2026-09-14T00:00:00+00:00
[2026-09-13T02:36:39.249+0000] {processor.py:178} INFO - Processing /opt/airflow/dags/2_bash_operator.py took 0.270 seconds
[2026-09-13T02:37:09.472+0000] {processor.py:156} INFO - Started process (PID=163142) to work on /opt/airflow/dags/2_bash_operator.py
[2026-09-13T02:37:09.476+0000] {processor.py:799} INFO - Processing file /opt/airflow/dags/2_bash_operator.py for tasks to queue
[2026-09-13T02:37:09.478+0000] {logging_mixin.py:149} INFO - [2026-09-13T02:37:09.478+0000] {dagbag.py:541} INFO - Filling up the DagBag from /opt/airflow/dags/2_bash_operator.py
[2026-09-13T02:37:09.504+0000] {processor.py:809} INFO - DAG(s) dict_keys(['2-bashoperator']) retrieved from /opt/airflow/dags/2_bash_operator.py
[2026-09-13T02:37:09.572+0000] {logging_mixin.py:149} INFO - [2026-09-13T02:37:09.572+0000] {dag.py:2726} INFO - Sync 1 DAGs
[2026-09-13T02:37:09.651+0000] {logging_mixin.py:149} INFO - [2026-09-13T02:37:09.650+0000] {dag.py:3490} INFO - Setting next_dagrun for 2-bashoperator to 2026-09-13T00:00:00+00:00, run_after=2026-09-14T00:00:00+00:00
[2026-09-13T02:37:09.700+0000] {processor.py:178} INFO - Processing /opt/airflow/dags/2_bash_operator.py took 0.238 seconds
[2026-09-13T02:37:39.896+0000] {processor.py:156} INFO - Started process (PID=163157) to work on /opt/airflow/dags/2_bash_operator.py
[2026-09-13T02:37:39.899+0000] {processor.py:799} INFO - Processing file /opt/airflow/dags/2_bash_operator.py for tasks to queue
[2026-09-13T02:37:39.901+0000] {logging_mixin.py:149} INFO - [2026-09-13T02:37:39.901+0000] {dagbag.py:541} INFO - Filling up the DagBag from /opt/airflow/dags/2_bash_operator.py
[2026-09-13T02:37:39.927+0000] {processor.py:809} INFO - DAG(s) dict_keys(['2-bashoperator']) retrieved from /opt/airflow/dags/2_bash_operator.py
[2026-09-13T02:37:40.018+0000] {logging_mixin.py:149} INFO - [2026-09-13T02:37:40.017+0000] {dag.py:2726} INFO - Sync 1 DAGs
[2026-09-13T02:37:40.093+0000] {logging_mixin.py:149} INFO - [2026-09-13T02:37:40.092+0000] {dag.py:3490} INFO - Setting next_dagrun for 2-bashoperator to 2026-09-13T00:00:00+00:00, run_after=2026-09-14T00:00:00+00:00
[2026-09-13T02:37:40.158+0000] {processor.py:178} INFO - Processing /opt/airflow/dags/2_bash_operator.py took 0.272 seconds
[2026-09-13T02:38:10.376+0000] {processor.py:156} INFO - Started process (PID=163171) to work on /opt/airflow/dags/2_bash_operator.py
[2026-09-13T02:38:10.379+0000] {processor.py:799} INFO - Processing file /opt/airflow/dags/2_bash_operator.py for tasks to queue
[2026-09-13T02:38:10.381+0000] {logging_mixin.py:149} INFO - [2026-09-13T02:38:10.381+0000] {dagbag.py:541} INFO - Filling up the DagBag from /opt/airflow/dags/2_bash_operator.py
[2026-09-13T02:38:10.407+0000] {processor.py:809} INFO - DAG(s) dict_keys(['2-bashoperator']) retrieved from /opt/airflow/dags/2_bash_operator.py
[2026-09-13T02:38:10.501+0000] {logging_mixin.py:149} INFO - [2026-09-13T02:38:10.500+0000] {dag.py:2726} INFO - Sync 1 DAGs
[2026-09-13T02:38:10.583+0000] {logging_mixin.py:149} INFO - [2026-09-13T02:38:10.583+0000] {dag.py:3490} INFO - Setting next_dagrun for 2-bashoperator to 2026-09-13T00:00:00+00:00, run_after=2026-09-14T00:00:00+00:00
[2026-09-13T02:38:10.648+0000] {processor.py:178} INFO - Processing /opt/airflow/dags/2_bash_operator.py took 0.282 seconds
[2026-09-13T02:38:40.940+0000] {processor.py:156} INFO - Started process (PID=163185) to work on /opt/airflow/dags/2_bash_operator.py
[2026-09-13T02:38:40.944+0000] {processor.py:799} INFO - Processing file /opt/airflow/dags/2_bash_operator.py for tasks to queue
[2026-09-13T02:38:40.946+0000] {logging_mixin.py:149} INFO - [2026-09-13T02:38:40.946+0000] {dagbag.py:541} INFO - Filling up the DagBag from /opt/airflow/dags/2_bash_operator.py
[2026-09-13T02:38:40.976+0000] {processor.py:809} INFO - DAG(s) dict_keys(['2-bashoperator']) retrieved from /opt/airflow/dags/2_bash_operator.py
[2026-09-13T02:38:41.066+0000] {logging_mixin.py:149} INFO - [2026-09-13T02:38:41.065+0000] {dag.py:2726} INFO - Sync 1 DAGs
[2026-09-13T02:38:41.147+0000] {logging_mixin.py:149} INFO - [2026-09-13T02:38:41.146+0000] {dag.py:3490} INFO - Setting next_dagrun for 2-bashoperator to 2026-09-13T00:00:00+00:00, run_after=2026-09-14T00:00:00+00:00
[2026-09-13T02:38:41.211+0000] {processor.py:178} INFO - Processing /opt/airflow/dags/2_bash_operator.py took 0.281 seconds
[2026-09-13T02:39:11.430+0000] {processor.py:156} INFO - Started process (PID=163199) to work on /opt/airflow/dags/2_bash_operator.py
[2026-09-13T02:39:11.438+0000] {processor.py:799} INFO - Processing file /opt/airflow/dags/2_bash_operator.py for tasks to queue
[2026-09-13T02:39:11.440+0000] {logging_mixin.py:149} INFO - [2026-09-13T02:39:11.440+0000] {dagbag.py:541} INFO - Filling up the DagBag from /opt/airflow/dags/2_bash_operator.py
[2026-09-13T02:39:11.468+0000] {processor.py:809} INFO - DAG(s) dict_keys(['2-bashoperator']) retrieved from /opt/airflow/dags/2_bash_operator.py
[2026-09-13T02:39:11.552+0000] {logging_mixin.py:149} INFO - [2026-09-13T02:39:11.552+0000] {dag.py:2726} INFO - Sync 1 DAGs
[2026-09-13T02:39:11.624+0000] {logging_mixin.py:149} INFO - [2026-09-13T02:39:11.623+0000] {dag.py:3490} INFO - Setting next_dagrun for 2-bashoperator to 2026-09-13T00:00:00+00:00, run_after=2026-09-14T00:00:00+00:00
[2026-09-13T02:39:11.695+0000] {processor.py:178} INFO - Processing /opt/airflow/dags/2_bash_operator.py took 0.277 seconds
[2026-09-13T02:39:41.914+0000] {processor.py:156} INFO - Started process (PID=163213) to work on /opt/airflow/dags/2_bash_operator.py
[2026-09-13T02:39:41.923+0000] {processor.py:799} INFO - Processing file /opt/airflow/dags/2_bash_operator.py for tasks to queue
[2026-09-13T02:39:41.926+0000] {logging_mixin.py:149} INFO - [2026-09-13T02:39:41.926+0000] {dagbag.py:541} INFO - Filling up the DagBag from /opt/airflow/dags/2_bash_operator.py
[2026-09-13T02:39:41.955+0000] {processor.py:809} INFO - DAG(s) dict_keys(['2-bashoperator']) retrieved from /opt/airflow/dags/2_bash_operator.py
[2026-09-13T02:39:42.036+0000] {logging_mixin.py:149} INFO - [2026-09-13T02:39:42.035+0000] {dag.py:2726} INFO - Sync 1 DAGs
[2026-09-13T02:39:42.111+0000] {logging_mixin.py:149} INFO - [2026-09-13T02:39:42.110+0000] {dag.py:3490} INFO - Setting next_dagrun for 2-bashoperator to 2026-09-13T00:00:00+00:00, run_after=2026-09-14T00:00:00+00:00
[2026-09-13T02:39:42.178+0000] {processor.py:178} INFO - Processing /opt/airflow/dags/2_bash_operator.py took 0.278 seconds
[2026-09-13T02:40:12.405+0000] {processor.py:156} INFO - Started process (PID=163228) to work on /opt/airflow/dags/2_bash_operator.py
[2026-09-13T02:40:12.407+0000] {processor.py:799} INFO - Processing file /opt/airflow/dags/2_bash_operator.py for tasks to queue
[2026-09-13T02:40:12.409+0000] {logging_mixin.py:149} INFO - [2026-09-13T02:40:12.409+0000] {dagbag.py:541} INFO - Filling up the DagBag from /opt/airflow/dags/2_bash_operator.py
[2026-09-13T02:40:12.435+0000] {processor.py:809} INFO - DAG(s) dict_keys(['2-bashoperator']) retrieved from /opt/airflow/dags/2_bash_operator.py
[2026-09-13T02:40:12.520+0000] {logging_mixin.py:149} INFO - [2026-09-13T02:40:12.520+0000] {dag.py:2726} INFO - Sync 1 DAGs
[2026-09-13T02:40:12.607+0000] {logging_mixin.py:149} INFO - [2026-09-13T02:40:12.606+0000] {dag.py:3490} INFO - Setting next_dagrun for 2-bashoperator to 2026-09-13T00:00:00+00:00, run_after=2026-09-14T00:00:00+00:00
[2026-09-13T02:40:12.668+0000] {processor.py:178} INFO - Processing /opt/airflow/dags/2_bash_operator.py took 0.274 seconds
[2026-09-13T02:40:42.951+0000] {processor.py:156} INFO - Started process (PID=163243) to work on /opt/airflow/dags/2_bash_operator.py
[2026-09-13T02:40:42.954+0000] {processor.py:799} INFO - Processing file /opt/airflow/dags/2_bash_operator.py for tasks to queue
[2026-09-13T02:40:42.956+0000] {logging_mixin.py:149} INFO - [2026-09-13T02:40:42.955+0000] {dagbag.py:541} INFO - Filling up the DagBag from /opt/airflow/dags/2_bash_operator.py
[2026-09-13T02:40:42.980+0000] {processor.py:809} INFO - DAG(s) dict_keys(['2-bashoperator']) retrieved from /opt/airflow/dags/2_bash_operator.py
[2026-09-13T02:40:43.070+0000] {logging_mixin.py:149} INFO - [2026-09-13T02:40:43.070+0000] {dag.py:2726} INFO - Sync 1 DAGs
[2026-09-13T02:40:43.128+0000] {logging_mixin.py:149} INFO - [2026-09-13T02:40:43.128+0000] {dag.py:3490} INFO - Setting next_dagrun for 2-bashoperator to 2026-09-13T00:00:00+00:00, run_after=2026-09-14T00:00:00+00:00
[2026-09-13T02:40:43.188+0000] {processor.py:178} INFO - Processing /opt/airflow/dags/2_bash_operator.py took 0.247 seconds
[2026-09-13T02:41:13.400+0000] {processor.py:156} INFO - Started process (PID=163257) to work on /opt/airflow/dags/2_bash_operator.py
[2026-09-13T02:41:13.403+0000] {processor.py:799} INFO - Processing file /opt/airflow/dags/2_bash_operator.py for tasks to queue
[2026-09-13T02:41:13.405+0000] {logging_mixin.py:149} INFO - [2026-09-13T02:41:13.404+0000] {dagbag.py:541} INFO - Filling up the DagBag from /opt/airflow/dags/2_bash_operator.py
[2026-09-13T02:41:13.426+0000] {processor.py:809} INFO - DAG(s) dict_keys(['2-bashoperator']) retrieved from /opt/airflow/dags/2_bash_operator.py
[2026-09-13T02:41:13.537+0000] {logging_mixin.py:149} INFO - [2026-09-13T02:41:13.536+0000] {dag.py:2726} INFO - Sync 1 DAGs
[2026-09-13T02:41:13.611+0000] {logging_mixin.py:149} INFO - [2026-09-13T02:41:13.610+0000] {dag.py:3490} INFO - Setting next_dagrun for 2-bashoperator to 2026-09-13T00:00:00+00:00, run_after=2026-09-14T00:00:00+00:00
[2026-09-13T02:41:13.675+0000] {processor.py:178} INFO - Processing /opt/airflow/dags/2_bash_operator.py took 0.287 seconds
[2026-09-13T02:41:43.889+0000] {processor.py:156} INFO - Started process (PID=163277) to work on /opt/airflow/dags/2_bash_operator.py
[2026-09-13T02:41:43.893+0000] {processor.py:799} INFO - Processing file /opt/airflow/dags/2_bash_operator.py for tasks to queue
[2026-09-13T02:41:43.894+0000] {logging_mixin.py:149} INFO - [2026-09-13T02:41:43.894+0000] {dagbag.py:541} INFO - Filling up the DagBag from /opt/airflow/dags/2_bash_operator.py
[2026-09-13T02:41:43.908+0000] {processor.py:809} INFO - DAG(s) dict_keys(['2-bashoperator']) retrieved from /opt/airflow/dags/2_bash_operator.py
[2026-09-13T02:41:43.950+0000] {logging_mixin.py:149} INFO - [2026-09-13T02:41:43.950+0000] {dag.py:2726} INFO - Sync 1 DAGs
[2026-09-13T02:41:43.985+0000] {logging_mixin.py:149} INFO - [2026-09-13T02:41:43.985+0000] {dag.py:3490} INFO - Setting next_dagrun for 2-bashoperator to 2026-09-13T00:00:00+00:00, run_after=2026-09-14T00:00:00+00:00
[2026-09-13T02:41:44.016+0000] {processor.py:178} INFO - Processing /opt/airflow/dags/2_bash_operator.py took 0.132 seconds
[2026-09-13T02:42:14.179+0000] {processor.py:156} INFO - Started process (PID=163291) to work on /opt/airflow/dags/2_bash_operator.py
[2026-09-13T02:42:14.183+0000] {processor.py:799} INFO - Processing file /opt/airflow/dags/2_bash_operator.py for tasks to queue
[2026-09-13T02:42:14.184+0000] {logging_mixin.py:149} INFO - [2026-09-13T02:42:14.184+0000] {dagbag.py:541} INFO - Filling up the DagBag from /opt/airflow/dags/2_bash_operator.py
[2026-09-13T02:42:14.211+0000] {processor.py:809} INFO - DAG(s) dict_keys(['2-bashoperator']) retrieved from /opt/airflow/dags/2_bash_operator.py
[2026-09-13T02:42:14.290+0000] {logging_mixin.py:149} INFO - [2026-09-13T02:42:14.289+0000] {dag.py:2726} INFO - Sync 1 DAGs
[2026-09-13T02:42:14.363+0000] {logging_mixin.py:149} INFO - [2026-09-13T02:42:14.363+0000] {dag.py:3490} INFO - Setting next_dagrun for 2-bashoperator to 2026-09-13T00:00:00+00:00, run_after=2026-09-14T00:00:00+00:00
[2026-09-13T02:42:14.439+0000] {processor.py:178} INFO - Processing /opt/airflow/dags/2_bash_operator.py took 0.271 seconds
[2026-09-13T02:42:44.659+0000] {processor.py:156} INFO - Started process (PID=163305) to work on /opt/airflow/dags/2_bash_operator.py
[2026-09-13T02:42:44.663+0000] {processor.py:799} INFO - Processing file /opt/airflow/dags/2_bash_operator.py for tasks to queue
[2026-09-13T02:42:44.665+0000] {logging_mixin.py:149} INFO - [2026-09-13T02:42:44.665+0000] {dagbag.py:541} INFO - Filling up the DagBag from /opt/airflow/dags/2_bash_operator.py
[2026-09-13T02:42:44.689+0000] {processor.py:809} INFO - DAG(s) dict_keys(['2-bashoperator']) retrieved from /opt/airflow/dags/2_bash_operator.py
[2026-09-13T02:42:44.777+0000] {logging_mixin.py:149} INFO - [2026-09-13T02:42:44.776+0000] {dag.py:2726} INFO - Sync 1 DAGs
[2026-09-13T02:42:44.831+0000] {logging_mixin.py:149} INFO - [2026-09-13T02:42:44.831+0000] {dag.py:3490} INFO - Setting next_dagrun for 2-bashoperator to 2026-09-13T00:00:00+00:00, run_after=2026-09-14T00:00:00+00:00
[2026-09-13T02:42:44.864+0000] {processor.py:178} INFO - Processing /opt/airflow/dags/2_bash_operator.py took 0.214 seconds
[2026-09-13T02:43:15.143+0000] {processor.py:156} INFO - Started process (PID=163320) to work on /opt/airflow/dags/2_bash_operator.py
[2026-09-13T02:43:15.147+0000] {processor.py:799} INFO - Processing file /opt/airflow/dags/2_bash_operator.py for tasks to queue
[2026-09-13T02:43:15.149+0000] {logging_mixin.py:149} INFO - [2026-09-13T02:43:15.148+0000] {dagbag.py:541} INFO - Filling up the DagBag from /opt/airflow/dags/2_bash_operator.py
[2026-09-13T02:43:15.174+0000] {processor.py:809} INFO - DAG(s) dict_keys(['2-bashoperator']) retrieved from /opt/airflow/dags/2_bash_operator.py
[2026-09-13T02:43:15.265+0000] {logging_mixin.py:149} INFO - [2026-09-13T02:43:15.265+0000] {dag.py:2726} INFO - Sync 1 DAGs
[2026-09-13T02:43:15.350+0000] {logging_mixin.py:149} INFO - [2026-09-13T02:43:15.350+0000] {dag.py:3490} INFO - Setting next_dagrun for 2-bashoperator to 2026-09-13T00:00:00+00:00, run_after=2026-09-14T00:00:00+00:00
[2026-09-13T02:43:15.413+0000] {processor.py:178} INFO - Processing /opt/airflow/dags/2_bash_operator.py took 0.279 seconds
[2026-09-13T02:43:45.580+0000] {processor.py:156} INFO - Started process (PID=163335) to work on /opt/airflow/dags/2_bash_operator.py
[2026-09-13T02:43:45.583+0000] {processor.py:799} INFO - Processing file /opt/airflow/dags/2_bash_operator.py for tasks to queue
[2026-09-13T02:43:45.585+0000] {logging_mixin.py:149} INFO - [2026-09-13T02:43:45.584+0000] {dagbag.py:541} INFO - Filling up the DagBag from /opt/airflow/dags/2_bash_operator.py
[2026-09-13T02:43:45.610+0000] {processor.py:809} INFO - DAG(s) dict_keys(['2-bashoperator']) retrieved from /opt/airflow/dags/2_bash_operator.py
[2026-09-13T02:43:45.695+0000] {logging_mixin.py:149} INFO - [2026-09-13T02:43:45.695+0000] {dag.py:2726} INFO - Sync 1 DAGs
[2026-09-13T02:43:45.766+0000] {logging_mixin.py:149} INFO - [2026-09-13T02:43:45.766+0000] {dag.py:3490} INFO - Setting next_dagrun for 2-bashoperator to 2026-09-13T00:00:00+00:00, run_after=2026-09-14T00:00:00+00:00
[2026-09-13T02:43:45.828+0000] {processor.py:178} INFO - Processing /opt/airflow/dags/2_bash_operator.py took 0.258 seconds
[2026-09-13T02:44:16.050+0000] {processor.py:156} INFO - Started process (PID=163349) to work on /opt/airflow/dags/2_bash_operator.py
[2026-09-13T02:44:16.054+0000] {processor.py:799} INFO - Processing file /opt/airflow/dags/2_bash_operator.py for tasks to queue
[2026-09-13T02:44:16.057+0000] {logging_mixin.py:149} INFO - [2026-09-13T02:44:16.056+0000] {dagbag.py:541} INFO - Filling up the DagBag from /opt/airflow/dags/2_bash_operator.py
[2026-09-13T02:44:16.086+0000] {processor.py:809} INFO - DAG(s) dict_keys(['2-bashoperator']) retrieved from /opt/airflow/dags/2_bash_operator.py
[2026-09-13T02:44:16.175+0000] {logging_mixin.py:149} INFO - [2026-09-13T02:44:16.175+0000] {dag.py:2726} INFO - Sync 1 DAGs
[2026-09-13T02:44:16.252+0000] {logging_mixin.py:149} INFO - [2026-09-13T02:44:16.252+0000] {dag.py:3490} INFO - Setting next_dagrun for 2-bashoperator to 2026-09-13T00:00:00+00:00, run_after=2026-09-14T00:00:00+00:00
[2026-09-13T02:44:16.314+0000] {processor.py:178} INFO - Processing /opt/airflow/dags/2_bash_operator.py took 0.277 seconds
[2026-09-13T02:44:46.482+0000] {processor.py:156} INFO - Started process (PID=163363) to work on /opt/airflow/dags/2_bash_operator.py
[2026-09-13T02:44:46.485+0000] {processor.py:799} INFO - Processing file /opt/airflow/dags/2_bash_operator.py for tasks to queue
[2026-09-13T02:44:46.487+0000] {logging_mixin.py:149} INFO - [2026-09-13T02:44:46.487+0000] {dagbag.py:541} INFO - Filling up the DagBag from /opt/airflow/dags/2_bash_operator.py
[2026-09-13T02:44:46.513+0000] {processor.py:809} INFO - DAG(s) dict_keys(['2-bashoperator']) retrieved from /opt/airflow/dags/2_bash_operator.py
[2026-09-13T02:44:46.596+0000] {logging_mixin.py:149} INFO - [2026-09-13T02:44:46.596+0000] {dag.py:2726} INFO - Sync 1 DAGs
[2026-09-13T02:44:46.652+0000] {logging_mixin.py:149} INFO - [2026-09-13T02:44:46.652+0000] {dag.py:3490} INFO - Setting next_dagrun for 2-bashoperator to 2026-09-13T00:00:00+00:00, run_after=2026-09-14T00:00:00+00:00
[2026-09-13T02:44:46.695+0000] {processor.py:178} INFO - Processing /opt/airflow/dags/2_bash_operator.py took 0.223 seconds
[2026-09-13T02:45:16.855+0000] {processor.py:156} INFO - Started process (PID=163377) to work on /opt/airflow/dags/2_bash_operator.py
[2026-09-13T02:45:16.859+0000] {processor.py:799} INFO - Processing file /opt/airflow/dags/2_bash_operator.py for tasks to queue
[2026-09-13T02:45:16.860+0000] {logging_mixin.py:149} INFO - [2026-09-13T02:45:16.860+0000] {dagbag.py:541} INFO - Filling up the DagBag from /opt/airflow/dags/2_bash_operator.py
[2026-09-13T02:45:16.885+0000] {processor.py:809} INFO - DAG(s) dict_keys(['2-bashoperator']) retrieved from /opt/airflow/dags/2_bash_operator.py
[2026-09-13T02:45:16.975+0000] {logging_mixin.py:149} INFO - [2026-09-13T02:45:16.975+0000] {dag.py:2726} INFO - Sync 1 DAGs
[2026-09-13T02:45:17.060+0000] {logging_mixin.py:149} INFO - [2026-09-13T02:45:17.060+0000] {dag.py:3490} INFO - Setting next_dagrun for 2-bashoperator to 2026-09-13T00:00:00+00:00, run_after=2026-09-14T00:00:00+00:00
[2026-09-13T02:45:17.122+0000] {processor.py:178} INFO - Processing /opt/airflow/dags/2_bash_operator.py took 0.281 seconds
[2026-09-13T02:45:47.244+0000] {processor.py:156} INFO - Started process (PID=163391) to work on /opt/airflow/dags/2_bash_operator.py
[2026-09-13T02:45:47.250+0000] {processor.py:799} INFO - Processing file /opt/airflow/dags/2_bash_operator.py for tasks to queue
[2026-09-13T02:45:47.252+0000] {logging_mixin.py:149} INFO - [2026-09-13T02:45:47.251+0000] {dagbag.py:541} INFO - Filling up the DagBag from /opt/airflow/dags/2_bash_operator.py
[2026-09-13T02:45:47.281+0000] {processor.py:809} INFO - DAG(s) dict_keys(['2-bashoperator']) retrieved from /opt/airflow/dags/2_bash_operator.py
[2026-09-13T02:45:47.371+0000] {logging_mixin.py:149} INFO - [2026-09-13T02:45:47.370+0000] {dag.py:2726} INFO - Sync 1 DAGs
[2026-09-13T02:45:47.455+0000] {logging_mixin.py:149} INFO - [2026-09-13T02:45:47.454+0000] {dag.py:3490} INFO - Setting next_dagrun for 2-bashoperator to 2026-09-13T00:00:00+00:00, run_after=2026-09-14T00:00:00+00:00
[2026-09-13T02:45:47.507+0000] {processor.py:178} INFO - Processing /opt/airflow/dags/2_bash_operator.py took 0.273 seconds
[2026-09-13T02:46:17.608+0000] {processor.py:156} INFO - Started process (PID=163406) to work on /opt/airflow/dags/2_bash_operator.py
[2026-09-13T02:46:17.612+0000] {processor.py:799} INFO - Processing file /opt/airflow/dags/2_bash_operator.py for tasks to queue
[2026-09-13T02:46:17.614+0000] {logging_mixin.py:149} INFO - [2026-09-13T02:46:17.613+0000] {dagbag.py:541} INFO - Filling up the DagBag from /opt/airflow/dags/2_bash_operator.py
[2026-09-13T02:46:17.639+0000] {processor.py:809} INFO - DAG(s) dict_keys(['2-bashoperator']) retrieved from /opt/airflow/dags/2_bash_operator.py
[2026-09-13T02:46:17.730+0000] {logging_mixin.py:149} INFO - [2026-09-13T02:46:17.730+0000] {dag.py:2726} INFO - Sync 1 DAGs
[2026-09-13T02:46:17.802+0000] {logging_mixin.py:149} INFO - [2026-09-13T02:46:17.802+0000] {dag.py:3490} INFO - Setting next_dagrun for 2-bashoperator to 2026-09-13T00:00:00+00:00, run_after=2026-09-14T00:00:00+00:00
[2026-09-13T02:46:17.874+0000] {processor.py:178} INFO - Processing /opt/airflow/dags/2_bash_operator.py took 0.276 seconds
[2026-09-13T02:46:48.084+0000] {processor.py:156} INFO - Started process (PID=163419) to work on /opt/airflow/dags/2_bash_operator.py
[2026-09-13T02:46:48.088+0000] {processor.py:799} INFO - Processing file /opt/airflow/dags/2_bash_operator.py for tasks to queue
[2026-09-13T02:46:48.090+0000] {logging_mixin.py:149} INFO - [2026-09-13T02:46:48.090+0000] {dagbag.py:541} INFO - Filling up the DagBag from /opt/airflow/dags/2_bash_operator.py
[2026-09-13T02:46:48.118+0000] {processor.py:809} INFO - DAG(s) dict_keys(['2-bashoperator']) retrieved from /opt/airflow/dags/2_bash_operator.py
[2026-09-13T02:46:48.215+0000] {logging_mixin.py:149} INFO - [2026-09-13T02:46:48.215+0000] {dag.py:2726} INFO - Sync 1 DAGs
[2026-09-13T02:46:48.296+0000] {logging_mixin.py:149} INFO - [2026-09-13T02:46:48.295+0000] {dag.py:3490} INFO - Setting next_dagrun for 2-bashoperator to 2026-09-13T00:00:00+00:00, run_after=2026-09-14T00:00:00+00:00
[2026-09-13T02:46:48.368+0000] {processor.py:178} INFO - Processing /opt/airflow/dags/2_bash_operator.py took 0.297 seconds
[2026-09-13T02:47:18.604+0000] {processor.py:156} INFO - Started process (PID=163433) to work on /opt/airflow/dags/2_bash_operator.py
[2026-09-13T02:47:18.607+0000] {processor.py:799} INFO - Processing file /opt/airflow/dags/2_bash_operator.py for tasks to queue
[2026-09-13T02:47:18.608+0000] {logging_mixin.py:149} INFO - [2026-09-13T02:47:18.608+0000] {dagbag.py:541} INFO - Filling up the DagBag from /opt/airflow/dags/2_bash_operator.py
[2026-09-13T02:47:18.633+0000] {processor.py:809} INFO - DAG(s) dict_keys(['2-bashoperator']) retrieved from /opt/airflow/dags/2_bash_operator.py
[2026-09-13T02:47:18.712+0000] {logging_mixin.py:149} INFO - [2026-09-13T02:47:18.712+0000] {dag.py:2726} INFO - Sync 1 DAGs
[2026-09-13T02:47:18.779+0000] {logging_mixin.py:149} INFO - [2026-09-13T02:47:18.779+0000] {dag.py:3490} INFO - Setting next_dagrun for 2-bashoperator to 2026-09-13T00:00:00+00:00, run_after=2026-09-14T00:00:00+00:00
[2026-09-13T02:47:18.845+0000] {processor.py:178} INFO - Processing /opt/airflow/dags/2_bash_operator.py took 0.250 seconds
[2026-09-13T02:47:49.088+0000] {processor.py:156} INFO - Started process (PID=163448) to work on /opt/airflow/dags/2_bash_operator.py
[2026-09-13T02:47:49.092+0000] {processor.py:799} INFO - Processing file /opt/airflow/dags/2_bash_operator.py for tasks to queue
[2026-09-13T02:47:49.094+0000] {logging_mixin.py:149} INFO - [2026-09-13T02:47:49.094+0000] {dagbag.py:541} INFO - Filling up the DagBag from /opt/airflow/dags/2_bash_operator.py
[2026-09-13T02:47:49.118+0000] {processor.py:809} INFO - DAG(s) dict_keys(['2-bashoperator']) retrieved from /opt/airflow/dags/2_bash_operator.py
[2026-09-13T02:47:49.205+0000] {logging_mixin.py:149} INFO - [2026-09-13T02:47:49.204+0000] {dag.py:2726} INFO - Sync 1 DAGs
[2026-09-13T02:47:49.291+0000] {logging_mixin.py:149} INFO - [2026-09-13T02:47:49.291+0000] {dag.py:3490} INFO - Setting next_dagrun for 2-bashoperator to 2026-09-13T00:00:00+00:00, run_after=2026-09-14T00:00:00+00:00
[2026-09-13T02:47:49.364+0000] {processor.py:178} INFO - Processing /opt/airflow/dags/2_bash_operator.py took 0.287 seconds
[2026-09-13T02:48:19.551+0000] {processor.py:156} INFO - Started process (PID=163462) to work on /opt/airflow/dags/2_bash_operator.py
[2026-09-13T02:48:19.557+0000] {processor.py:799} INFO - Processing file /opt/airflow/dags/2_bash_operator.py for tasks to queue
[2026-09-13T02:48:19.559+0000] {logging_mixin.py:149} INFO - [2026-09-13T02:48:19.559+0000] {dagbag.py:541} INFO - Filling up the DagBag from /opt/airflow/dags/2_bash_operator.py
[2026-09-13T02:48:19.586+0000] {processor.py:809} INFO - DAG(s) dict_keys(['2-bashoperator']) retrieved from /opt/airflow/dags/2_bash_operator.py
[2026-09-13T02:48:19.677+0000] {logging_mixin.py:149} INFO - [2026-09-13T02:48:19.677+0000] {dag.py:2726} INFO - Sync 1 DAGs
[2026-09-13T02:48:19.753+0000] {logging_mixin.py:149} INFO - [2026-09-13T02:48:19.753+0000] {dag.py:3490} INFO - Setting next_dagrun for 2-bashoperator to 2026-09-13T00:00:00+00:00, run_after=2026-09-14T00:00:00+00:00
[2026-09-13T02:48:19.831+0000] {processor.py:178} INFO - Processing /opt/airflow/dags/2_bash_operator.py took 0.289 seconds
[2026-09-13T02:48:49.917+0000] {processor.py:156} INFO - Started process (PID=163476) to work on /opt/airflow/dags/2_bash_operator.py
[2026-09-13T02:48:49.921+0000] {processor.py:799} INFO - Processing file /opt/airflow/dags/2_bash_operator.py for tasks to queue
[2026-09-13T02:48:49.923+0000] {logging_mixin.py:149} INFO - [2026-09-13T02:48:49.923+0000] {dagbag.py:541} INFO - Filling up the DagBag from /opt/airflow/dags/2_bash_operator.py
[2026-09-13T02:48:49.949+0000] {processor.py:809} INFO - DAG(s) dict_keys(['2-bashoperator']) retrieved from /opt/airflow/dags/2_bash_operator.py
[2026-09-13T02:48:50.044+0000] {logging_mixin.py:149} INFO - [2026-09-13T02:48:50.043+0000] {dag.py:2726} INFO - Sync 1 DAGs
[2026-09-13T02:48:50.119+0000] {logging_mixin.py:149} INFO - [2026-09-13T02:48:50.119+0000] {dag.py:3490} INFO - Setting next_dagrun for 2-bashoperator to 2026-09-13T00:00:00+00:00, run_after=2026-09-14T00:00:00+00:00
[2026-09-13T02:48:50.174+0000] {processor.py:178} INFO - Processing /opt/airflow/dags/2_bash_operator.py took 0.266 seconds
[2026-09-13T02:49:20.237+0000] {processor.py:156} INFO - Started process (PID=163490) to work on /opt/airflow/dags/2_bash_operator.py
[2026-09-13T02:49:20.240+0000] {processor.py:799} INFO - Processing file /opt/airflow/dags/2_bash_operator.py for tasks to queue
[2026-09-13T02:49:20.242+0000] {logging_mixin.py:149} INFO - [2026-09-13T02:49:20.241+0000] {dagbag.py:541} INFO - Filling up the DagBag from /opt/airflow/dags/2_bash_operator.py
[2026-09-13T02:49:20.269+0000] {processor.py:809} INFO - DAG(s) dict_keys(['2-bashoperator']) retrieved from /opt/airflow/dags/2_bash_operator.py
[2026-09-13T02:49:20.346+0000] {logging_mixin.py:149} INFO - [2026-09-13T02:49:20.345+0000] {dag.py:2726} INFO - Sync 1 DAGs
[2026-09-13T02:49:20.402+0000] {logging_mixin.py:149} INFO - [2026-09-13T02:49:20.402+0000] {dag.py:3490} INFO - Setting next_dagrun for 2-bashoperator to 2026-09-13T00:00:00+00:00, run_after=2026-09-14T00:00:00+00:00
[2026-09-13T02:49:20.465+0000] {processor.py:178} INFO - Processing /opt/airflow/dags/2_bash_operator.py took 0.238 seconds
[2026-09-13T02:49:50.664+0000] {processor.py:156} INFO - Started process (PID=163503) to work on /opt/airflow/dags/2_bash_operator.py
[2026-09-13T02:49:50.667+0000] {processor.py:799} INFO - Processing file /opt/airflow/dags/2_bash_operator.py for tasks to queue
[2026-09-13T02:49:50.669+0000] {logging_mixin.py:149} INFO - [2026-09-13T02:49:50.669+0000] {dagbag.py:541} INFO - Filling up the DagBag from /opt/airflow/dags/2_bash_operator.py
[2026-09-13T02:49:50.703+0000] {processor.py:809} INFO - DAG(s) dict_keys(['2-bashoperator']) retrieved from /opt/airflow/dags/2_bash_operator.py
[2026-09-13T02:49:50.796+0000] {logging_mixin.py:149} INFO - [2026-09-13T02:49:50.796+0000] {dag.py:2726} INFO - Sync 1 DAGs
[2026-09-13T02:49:50.872+0000] {logging_mixin.py:149} INFO - [2026-09-13T02:49:50.871+0000] {dag.py:3490} INFO - Setting next_dagrun for 2-bashoperator to 2026-09-13T00:00:00+00:00, run_after=2026-09-14T00:00:00+00:00
[2026-09-13T02:49:50.936+0000] {processor.py:178} INFO - Processing /opt/airflow/dags/2_bash_operator.py took 0.282 seconds
[2026-09-13T02:50:21.192+0000] {processor.py:156} INFO - Started process (PID=163517) to work on /opt/airflow/dags/2_bash_operator.py
[2026-09-13T02:50:21.196+0000] {processor.py:799} INFO - Processing file /opt/airflow/dags/2_bash_operator.py for tasks to queue
[2026-09-13T02:50:21.198+0000] {logging_mixin.py:149} INFO - [2026-09-13T02:50:21.197+0000] {dagbag.py:541} INFO - Filling up the DagBag from /opt/airflow/dags/2_bash_operator.py
[2026-09-13T02:50:21.226+0000] {processor.py:809} INFO - DAG(s) dict_keys(['2-bashoperator']) retrieved from /opt/airflow/dags/2_bash_operator.py
[2026-09-13T02:50:21.322+0000] {logging_mixin.py:149} INFO - [2026-09-13T02:50:21.322+0000] {dag.py:2726} INFO - Sync 1 DAGs
[2026-09-13T02:50:21.415+0000] {logging_mixin.py:149} INFO - [2026-09-13T02:50:21.414+0000] {dag.py:3490} INFO - Setting next_dagrun for 2-bashoperator to 2026-09-13T00:00:00+00:00, run_after=2026-09-14T00:00:00+00:00
[2026-09-13T02:50:21.479+0000] {processor.py:178} INFO - Processing /opt/airflow/dags/2_bash_operator.py took 0.299 seconds
[2026-09-13T02:50:51.574+0000] {processor.py:156} INFO - Started process (PID=163531) to work on /opt/airflow/dags/2_bash_operator.py
[2026-09-13T02:50:51.578+0000] {processor.py:799} INFO - Processing file /opt/airflow/dags/2_bash_operator.py for tasks to queue
[2026-09-13T02:50:51.581+0000] {logging_mixin.py:149} INFO - [2026-09-13T02:50:51.580+0000] {dagbag.py:541} INFO - Filling up the DagBag from /opt/airflow/dags/2_bash_operator.py
[2026-09-13T02:50:51.608+0000] {processor.py:809} INFO - DAG(s) dict_keys(['2-bashoperator']) retrieved from /opt/airflow/dags/2_bash_operator.py
[2026-09-13T02:50:51.705+0000] {logging_mixin.py:149} INFO - [2026-09-13T02:50:51.705+0000] {dag.py:2726} INFO - Sync 1 DAGs
[2026-09-13T02:50:51.784+0000] {logging_mixin.py:149} INFO - [2026-09-13T02:50:51.784+0000] {dag.py:3490} INFO - Setting next_dagrun for 2-bashoperator to 2026-09-13T00:00:00+00:00, run_after=2026-09-14T00:00:00+00:00
[2026-09-13T02:50:51.858+0000] {processor.py:178} INFO - Processing /opt/airflow/dags/2_bash_operator.py took 0.295 seconds
[2026-09-13T02:51:22.081+0000] {processor.py:156} INFO - Started process (PID=163545) to work on /opt/airflow/dags/2_bash_operator.py
[2026-09-13T02:51:22.085+0000] {processor.py:799} INFO - Processing file /opt/airflow/dags/2_bash_operator.py for tasks to queue
[2026-09-13T02:51:22.087+0000] {logging_mixin.py:149} INFO - [2026-09-13T02:51:22.087+0000] {dagbag.py:541} INFO - Filling up the DagBag from /opt/airflow/dags/2_bash_operator.py
[2026-09-13T02:51:22.113+0000] {processor.py:809} INFO - DAG(s) dict_keys(['2-bashoperator']) retrieved from /opt/airflow/dags/2_bash_operator.py
[2026-09-13T02:51:22.207+0000] {logging_mixin.py:149} INFO - [2026-09-13T02:51:22.206+0000] {dag.py:2726} INFO - Sync 1 DAGs
[2026-09-13T02:51:22.276+0000] {logging_mixin.py:149} INFO - [2026-09-13T02:51:22.275+0000] {dag.py:3490} INFO - Setting next_dagrun for 2-bashoperator to 2026-09-13T00:00:00+00:00, run_after=2026-09-14T00:00:00+00:00
[2026-09-13T02:51:22.350+0000] {processor.py:178} INFO - Processing /opt/airflow/dags/2_bash_operator.py took 0.279 seconds
[2026-09-13T02:51:52.524+0000] {processor.py:156} INFO - Started process (PID=163559) to work on /opt/airflow/dags/2_bash_operator.py
[2026-09-13T02:51:52.527+0000] {processor.py:799} INFO - Processing file /opt/airflow/dags/2_bash_operator.py for tasks to queue
[2026-09-13T02:51:52.528+0000] {logging_mixin.py:149} INFO - [2026-09-13T02:51:52.528+0000] {dagbag.py:541} INFO - Filling up the DagBag from /opt/airflow/dags/2_bash_operator.py
[2026-09-13T02:51:52.553+0000] {processor.py:809} INFO - DAG(s) dict_keys(['2-bashoperator']) retrieved from /opt/airflow/dags/2_bash_operator.py
[2026-09-13T02:51:52.639+0000] {logging_mixin.py:149} INFO - [2026-09-13T02:51:52.638+0000] {dag.py:2726} INFO - Sync 1 DAGs
[2026-09-13T02:51:52.730+0000] {logging_mixin.py:149} INFO - [2026-09-13T02:51:52.729+0000] {dag.py:3490} INFO - Setting next_dagrun for 2-bashoperator to 2026-09-13T00:00:00+00:00, run_after=2026-09-14T00:00:00+00:00
[2026-09-13T02:51:52.787+0000] {processor.py:178} INFO - Processing /opt/airflow/dags/2_bash_operator.py took 0.273 seconds
[2026-09-13T02:52:22.949+0000] {processor.py:156} INFO - Started process (PID=163573) to work on /opt/airflow/dags/2_bash_operator.py
[2026-09-13T02:52:22.952+0000] {processor.py:799} INFO - Processing file /opt/airflow/dags/2_bash_operator.py for tasks to queue
[2026-09-13T02:52:22.954+0000] {logging_mixin.py:149} INFO - [2026-09-13T02:52:22.954+0000] {dagbag.py:541} INFO - Filling up the DagBag from /opt/airflow/dags/2_bash_operator.py
[2026-09-13T02:52:22.981+0000] {processor.py:809} INFO - DAG(s) dict_keys(['2-bashoperator']) retrieved from /opt/airflow/dags/2_bash_operator.py
[2026-09-13T02:52:23.070+0000] {logging_mixin.py:149} INFO - [2026-09-13T02:52:23.069+0000] {dag.py:2726} INFO - Sync 1 DAGs
[2026-09-13T02:52:23.138+0000] {logging_mixin.py:149} INFO - [2026-09-13T02:52:23.138+0000] {dag.py:3490} INFO - Setting next_dagrun for 2-bashoperator to 2026-09-13T00:00:00+00:00, run_after=2026-09-14T00:00:00+00:00
[2026-09-13T02:52:23.195+0000] {processor.py:178} INFO - Processing /opt/airflow/dags/2_bash_operator.py took 0.256 seconds
[2026-09-13T02:52:53.490+0000] {processor.py:156} INFO - Started process (PID=163587) to work on /opt/airflow/dags/2_bash_operator.py
[2026-09-13T02:52:53.494+0000] {processor.py:799} INFO - Processing file /opt/airflow/dags/2_bash_operator.py for tasks to queue
[2026-09-13T02:52:53.496+0000] {logging_mixin.py:149} INFO - [2026-09-13T02:52:53.496+0000] {dagbag.py:541} INFO - Filling up the DagBag from /opt/airflow/dags/2_bash_operator.py
[2026-09-13T02:52:53.522+0000] {processor.py:809} INFO - DAG(s) dict_keys(['2-bashoperator']) retrieved from /opt/airflow/dags/2_bash_operator.py
[2026-09-13T02:52:53.611+0000] {logging_mixin.py:149} INFO - [2026-09-13T02:52:53.610+0000] {dag.py:2726} INFO - Sync 1 DAGs
[2026-09-13T02:52:53.693+0000] {logging_mixin.py:149} INFO - [2026-09-13T02:52:53.692+0000] {dag.py:3490} INFO - Setting next_dagrun for 2-bashoperator to 2026-09-13T00:00:00+00:00, run_after=2026-09-14T00:00:00+00:00
[2026-09-13T02:52:53.769+0000] {processor.py:178} INFO - Processing /opt/airflow/dags/2_bash_operator.py took 0.291 seconds
[2026-09-13T02:53:24.049+0000] {processor.py:156} INFO - Started process (PID=163600) to work on /opt/airflow/dags/2_bash_operator.py
[2026-09-13T02:53:24.057+0000] {processor.py:799} INFO - Processing file /opt/airflow/dags/2_bash_operator.py for tasks to queue
[2026-09-13T02:53:24.059+0000] {logging_mixin.py:149} INFO - [2026-09-13T02:53:24.058+0000] {dagbag.py:541} INFO - Filling up the DagBag from /opt/airflow/dags/2_bash_operator.py
[2026-09-13T02:53:24.087+0000] {processor.py:809} INFO - DAG(s) dict_keys(['2-bashoperator']) retrieved from /opt/airflow/dags/2_bash_operator.py
[2026-09-13T02:53:24.172+0000] {logging_mixin.py:149} INFO - [2026-09-13T02:53:24.172+0000] {dag.py:2726} INFO - Sync 1 DAGs
[2026-09-13T02:53:24.238+0000] {logging_mixin.py:149} INFO - [2026-09-13T02:53:24.238+0000] {dag.py:3490} INFO - Setting next_dagrun for 2-bashoperator to 2026-09-13T00:00:00+00:00, run_after=2026-09-14T00:00:00+00:00
[2026-09-13T02:53:24.296+0000] {processor.py:178} INFO - Processing /opt/airflow/dags/2_bash_operator.py took 0.258 seconds
[2026-09-13T02:53:54.589+0000] {processor.py:156} INFO - Started process (PID=163614) to work on /opt/airflow/dags/2_bash_operator.py
[2026-09-13T02:53:54.594+0000] {processor.py:799} INFO - Processing file /opt/airflow/dags/2_bash_operator.py for tasks to queue
[2026-09-13T02:53:54.597+0000] {logging_mixin.py:149} INFO - [2026-09-13T02:53:54.597+0000] {dagbag.py:541} INFO - Filling up the DagBag from /opt/airflow/dags/2_bash_operator.py
[2026-09-13T02:53:54.631+0000] {processor.py:809} INFO - DAG(s) dict_keys(['2-bashoperator']) retrieved from /opt/airflow/dags/2_bash_operator.py
[2026-09-13T02:53:54.724+0000] {logging_mixin.py:149} INFO - [2026-09-13T02:53:54.724+0000] {dag.py:2726} INFO - Sync 1 DAGs
[2026-09-13T02:53:54.804+0000] {logging_mixin.py:149} INFO - [2026-09-13T02:53:54.803+0000] {dag.py:3490} INFO - Setting next_dagrun for 2-bashoperator to 2026-09-13T00:00:00+00:00, run_after=2026-09-14T00:00:00+00:00
[2026-09-13T02:53:54.885+0000] {processor.py:178} INFO - Processing /opt/airflow/dags/2_bash_operator.py took 0.327 seconds
[2026-09-13T02:54:24.950+0000] {processor.py:156} INFO - Started process (PID=163628) to work on /opt/airflow/dags/2_bash_operator.py
[2026-09-13T02:54:24.953+0000] {processor.py:799} INFO - Processing file /opt/airflow/dags/2_bash_operator.py for tasks to queue
[2026-09-13T02:54:24.955+0000] {logging_mixin.py:149} INFO - [2026-09-13T02:54:24.954+0000] {dagbag.py:541} INFO - Filling up the DagBag from /opt/airflow/dags/2_bash_operator.py
[2026-09-13T02:54:24.978+0000] {processor.py:809} INFO - DAG(s) dict_keys(['2-bashoperator']) retrieved from /opt/airflow/dags/2_bash_operator.py
[2026-09-13T02:54:25.066+0000] {logging_mixin.py:149} INFO - [2026-09-13T02:54:25.065+0000] {dag.py:2726} INFO - Sync 1 DAGs
[2026-09-13T02:54:25.130+0000] {logging_mixin.py:149} INFO - [2026-09-13T02:54:25.129+0000] {dag.py:3490} INFO - Setting next_dagrun for 2-bashoperator to 2026-09-13T00:00:00+00:00, run_after=2026-09-14T00:00:00+00:00
[2026-09-13T02:54:25.191+0000] {processor.py:178} INFO - Processing /opt/airflow/dags/2_bash_operator.py took 0.253 seconds
[2026-09-13T02:54:55.463+0000] {processor.py:156} INFO - Started process (PID=163641) to work on /opt/airflow/dags/2_bash_operator.py
[2026-09-13T02:54:55.466+0000] {processor.py:799} INFO - Processing file /opt/airflow/dags/2_bash_operator.py for tasks to queue
[2026-09-13T02:54:55.468+0000] {logging_mixin.py:149} INFO - [2026-09-13T02:54:55.468+0000] {dagbag.py:541} INFO - Filling up the DagBag from /opt/airflow/dags/2_bash_operator.py
[2026-09-13T02:54:55.495+0000] {processor.py:809} INFO - DAG(s) dict_keys(['2-bashoperator']) retrieved from /opt/airflow/dags/2_bash_operator.py
[2026-09-13T02:54:55.600+0000] {logging_mixin.py:149} INFO - [2026-09-13T02:54:55.599+0000] {dag.py:2726} INFO - Sync 1 DAGs
[2026-09-13T02:54:55.688+0000] {logging_mixin.py:149} INFO - [2026-09-13T02:54:55.687+0000] {dag.py:3490} INFO - Setting next_dagrun for 2-bashoperator to 2026-09-13T00:00:00+00:00, run_after=2026-09-14T00:00:00+00:00
[2026-09-13T02:54:55.762+0000] {processor.py:178} INFO - Processing /opt/airflow/dags/2_bash_operator.py took 0.311 seconds
[2026-09-13T02:55:26.052+0000] {processor.py:156} INFO - Started process (PID=163655) to work on /opt/airflow/dags/2_bash_operator.py
[2026-09-13T02:55:26.056+0000] {processor.py:799} INFO - Processing file /opt/airflow/dags/2_bash_operator.py for tasks to queue
[2026-09-13T02:55:26.059+0000] {logging_mixin.py:149} INFO - [2026-09-13T02:55:26.059+0000] {dagbag.py:541} INFO - Filling up the DagBag from /opt/airflow/dags/2_bash_operator.py
[2026-09-13T02:55:26.092+0000] {processor.py:809} INFO - DAG(s) dict_keys(['2-bashoperator']) retrieved from /opt/airflow/dags/2_bash_operator.py
[2026-09-13T02:55:26.192+0000] {logging_mixin.py:149} INFO - [2026-09-13T02:55:26.191+0000] {dag.py:2726} INFO - Sync 1 DAGs
[2026-09-13T02:55:26.275+0000] {logging_mixin.py:149} INFO - [2026-09-13T02:55:26.274+0000] {dag.py:3490} INFO - Setting next_dagrun for 2-bashoperator to 2026-09-13T00:00:00+00:00, run_after=2026-09-14T00:00:00+00:00
[2026-09-13T02:55:26.341+0000] {processor.py:178} INFO - Processing /opt/airflow/dags/2_bash_operator.py took 0.300 seconds
[2026-09-13T02:55:56.660+0000] {processor.py:156} INFO - Started process (PID=163669) to work on /opt/airflow/dags/2_bash_operator.py
[2026-09-13T02:55:56.665+0000] {processor.py:799} INFO - Processing file /opt/airflow/dags/2_bash_operator.py for tasks to queue
[2026-09-13T02:55:56.667+0000] {logging_mixin.py:149} INFO - [2026-09-13T02:55:56.667+0000] {dagbag.py:541} INFO - Filling up the DagBag from /opt/airflow/dags/2_bash_operator.py
[2026-09-13T02:55:56.698+0000] {processor.py:809} INFO - DAG(s) dict_keys(['2-bashoperator']) retrieved from /opt/airflow/dags/2_bash_operator.py
[2026-09-13T02:55:56.786+0000] {logging_mixin.py:149} INFO - [2026-09-13T02:55:56.786+0000] {dag.py:2726} INFO - Sync 1 DAGs
[2026-09-13T02:55:56.866+0000] {logging_mixin.py:149} INFO - [2026-09-13T02:55:56.866+0000] {dag.py:3490} INFO - Setting next_dagrun for 2-bashoperator to 2026-09-13T00:00:00+00:00, run_after=2026-09-14T00:00:00+00:00
[2026-09-13T02:55:56.932+0000] {processor.py:178} INFO - Processing /opt/airflow/dags/2_bash_operator.py took 0.286 seconds
[2026-09-13T02:56:26.981+0000] {processor.py:156} INFO - Started process (PID=163683) to work on /opt/airflow/dags/2_bash_operator.py
[2026-09-13T02:56:26.989+0000] {processor.py:799} INFO - Processing file /opt/airflow/dags/2_bash_operator.py for tasks to queue
[2026-09-13T02:56:26.991+0000] {logging_mixin.py:149} INFO - [2026-09-13T02:56:26.990+0000] {dagbag.py:541} INFO - Filling up the DagBag from /opt/airflow/dags/2_bash_operator.py
[2026-09-13T02:56:27.017+0000] {processor.py:809} INFO - DAG(s) dict_keys(['2-bashoperator']) retrieved from /opt/airflow/dags/2_bash_operator.py
[2026-09-13T02:56:27.100+0000] {logging_mixin.py:149} INFO - [2026-09-13T02:56:27.100+0000] {dag.py:2726} INFO - Sync 1 DAGs
[2026-09-13T02:56:27.178+0000] {logging_mixin.py:149} INFO - [2026-09-13T02:56:27.178+0000] {dag.py:3490} INFO - Setting next_dagrun for 2-bashoperator to 2026-09-13T00:00:00+00:00, run_after=2026-09-14T00:00:00+00:00
[2026-09-13T02:56:27.243+0000] {processor.py:178} INFO - Processing /opt/airflow/dags/2_bash_operator.py took 0.271 seconds
[2026-09-13T02:56:57.358+0000] {processor.py:156} INFO - Started process (PID=163696) to work on /opt/airflow/dags/2_bash_operator.py
[2026-09-13T02:56:57.361+0000] {processor.py:799} INFO - Processing file /opt/airflow/dags/2_bash_operator.py for tasks to queue
[2026-09-13T02:56:57.363+0000] {logging_mixin.py:149} INFO - [2026-09-13T02:56:57.363+0000] {dagbag.py:541} INFO - Filling up the DagBag from /opt/airflow/dags/2_bash_operator.py
[2026-09-13T02:56:57.389+0000] {processor.py:809} INFO - DAG(s) dict_keys(['2-bashoperator']) retrieved from /opt/airflow/dags/2_bash_operator.py
[2026-09-13T02:56:57.479+0000] {logging_mixin.py:149} INFO - [2026-09-13T02:56:57.478+0000] {dag.py:2726} INFO - Sync 1 DAGs
[2026-09-13T02:56:57.564+0000] {logging_mixin.py:149} INFO - [2026-09-13T02:56:57.563+0000] {dag.py:3490} INFO - Setting next_dagrun for 2-bashoperator to 2026-09-13T00:00:00+00:00, run_after=2026-09-14T00:00:00+00:00
[2026-09-13T02:56:57.616+0000] {processor.py:178} INFO - Processing /opt/airflow/dags/2_bash_operator.py took 0.269 seconds
[2026-09-13T02:57:27.718+0000] {processor.py:156} INFO - Started process (PID=163710) to work on /opt/airflow/dags/2_bash_operator.py
[2026-09-13T02:57:27.721+0000] {processor.py:799} INFO - Processing file /opt/airflow/dags/2_bash_operator.py for tasks to queue
[2026-09-13T02:57:27.723+0000] {logging_mixin.py:149} INFO - [2026-09-13T02:57:27.723+0000] {dagbag.py:541} INFO - Filling up the DagBag from /opt/airflow/dags/2_bash_operator.py
[2026-09-13T02:57:27.749+0000] {processor.py:809} INFO - DAG(s) dict_keys(['2-bashoperator']) retrieved from /opt/airflow/dags/2_bash_operator.py
[2026-09-13T02:57:27.841+0000] {logging_mixin.py:149} INFO - [2026-09-13T02:57:27.840+0000] {dag.py:2726} INFO - Sync 1 DAGs
[2026-09-13T02:57:27.905+0000] {logging_mixin.py:149} INFO - [2026-09-13T02:57:27.904+0000] {dag.py:3490} INFO - Setting next_dagrun for 2-bashoperator to 2026-09-13T00:00:00+00:00, run_after=2026-09-14T00:00:00+00:00
[2026-09-13T02:57:27.965+0000] {processor.py:178} INFO - Processing /opt/airflow/dags/2_bash_operator.py took 0.257 seconds
[2026-09-13T02:57:58.208+0000] {processor.py:156} INFO - Started process (PID=163724) to work on /opt/airflow/dags/2_bash_operator.py
[2026-09-13T02:57:58.212+0000] {processor.py:799} INFO - Processing file /opt/airflow/dags/2_bash_operator.py for tasks to queue
[2026-09-13T02:57:58.214+0000] {logging_mixin.py:149} INFO - [2026-09-13T02:57:58.214+0000] {dagbag.py:541} INFO - Filling up the DagBag from /opt/airflow/dags/2_bash_operator.py
[2026-09-13T02:57:58.240+0000] {processor.py:809} INFO - DAG(s) dict_keys(['2-bashoperator']) retrieved from /opt/airflow/dags/2_bash_operator.py
[2026-09-13T02:57:58.324+0000] {logging_mixin.py:149} INFO - [2026-09-13T02:57:58.324+0000] {dag.py:2726} INFO - Sync 1 DAGs
[2026-09-13T02:57:58.401+0000] {logging_mixin.py:149} INFO - [2026-09-13T02:57:58.400+0000] {dag.py:3490} INFO - Setting next_dagrun for 2-bashoperator to 2026-09-13T00:00:00+00:00, run_after=2026-09-14T00:00:00+00:00
[2026-09-13T02:57:58.456+0000] {processor.py:178} INFO - Processing /opt/airflow/dags/2_bash_operator.py took 0.259 seconds
[2026-09-13T02:58:28.683+0000] {processor.py:156} INFO - Started process (PID=163738) to work on /opt/airflow/dags/2_bash_operator.py
[2026-09-13T02:58:28.688+0000] {processor.py:799} INFO - Processing file /opt/airflow/dags/2_bash_operator.py for tasks to queue
[2026-09-13T02:58:28.690+0000] {logging_mixin.py:149} INFO - [2026-09-13T02:58:28.689+0000] {dagbag.py:541} INFO - Filling up the DagBag from /opt/airflow/dags/2_bash_operator.py
[2026-09-13T02:58:28.716+0000] {processor.py:809} INFO - DAG(s) dict_keys(['2-bashoperator']) retrieved from /opt/airflow/dags/2_bash_operator.py
[2026-09-13T02:58:28.797+0000] {logging_mixin.py:149} INFO - [2026-09-13T02:58:28.797+0000] {dag.py:2726} INFO - Sync 1 DAGs
[2026-09-13T02:58:28.879+0000] {logging_mixin.py:149} INFO - [2026-09-13T02:58:28.879+0000] {dag.py:3490} INFO - Setting next_dagrun for 2-bashoperator to 2026-09-13T00:00:00+00:00, run_after=2026-09-14T00:00:00+00:00
[2026-09-13T02:58:28.949+0000] {processor.py:178} INFO - Processing /opt/airflow/dags/2_bash_operator.py took 0.277 seconds
[2026-09-13T02:58:59.148+0000] {processor.py:156} INFO - Started process (PID=163752) to work on /opt/airflow/dags/2_bash_operator.py
[2026-09-13T02:58:59.152+0000] {processor.py:799} INFO - Processing file /opt/airflow/dags/2_bash_operator.py for tasks to queue
[2026-09-13T02:58:59.153+0000] {logging_mixin.py:149} INFO - [2026-09-13T02:58:59.153+0000] {dagbag.py:541} INFO - Filling up the DagBag from /opt/airflow/dags/2_bash_operator.py
[2026-09-13T02:58:59.177+0000] {processor.py:809} INFO - DAG(s) dict_keys(['2-bashoperator']) retrieved from /opt/airflow/dags/2_bash_operator.py
[2026-09-13T02:58:59.258+0000] {logging_mixin.py:149} INFO - [2026-09-13T02:58:59.258+0000] {dag.py:2726} INFO - Sync 1 DAGs
[2026-09-13T02:58:59.317+0000] {logging_mixin.py:149} INFO - [2026-09-13T02:58:59.316+0000] {dag.py:3490} INFO - Setting next_dagrun for 2-bashoperator to 2026-09-13T00:00:00+00:00, run_after=2026-09-14T00:00:00+00:00
[2026-09-13T02:58:59.382+0000] {processor.py:178} INFO - Processing /opt/airflow/dags/2_bash_operator.py took 0.245 seconds
[2026-09-13T02:59:29.545+0000] {processor.py:156} INFO - Started process (PID=163767) to work on /opt/airflow/dags/2_bash_operator.py
[2026-09-13T02:59:29.548+0000] {processor.py:799} INFO - Processing file /opt/airflow/dags/2_bash_operator.py for tasks to queue
[2026-09-13T02:59:29.550+0000] {logging_mixin.py:149} INFO - [2026-09-13T02:59:29.549+0000] {dagbag.py:541} INFO - Filling up the DagBag from /opt/airflow/dags/2_bash_operator.py
[2026-09-13T02:59:29.576+0000] {processor.py:809} INFO - DAG(s) dict_keys(['2-bashoperator']) retrieved from /opt/airflow/dags/2_bash_operator.py
[2026-09-13T02:59:29.670+0000] {logging_mixin.py:149} INFO - [2026-09-13T02:59:29.669+0000] {dag.py:2726} INFO - Sync 1 DAGs
[2026-09-13T02:59:29.750+0000] {logging_mixin.py:149} INFO - [2026-09-13T02:59:29.749+0000] {dag.py:3490} INFO - Setting next_dagrun for 2-bashoperator to 2026-09-13T00:00:00+00:00, run_after=2026-09-14T00:00:00+00:00
[2026-09-13T02:59:29.813+0000] {processor.py:178} INFO - Processing /opt/airflow/dags/2_bash_operator.py took 0.279 seconds
[2026-09-13T02:59:59.966+0000] {processor.py:156} INFO - Started process (PID=163782) to work on /opt/airflow/dags/2_bash_operator.py
[2026-09-13T02:59:59.975+0000] {processor.py:799} INFO - Processing file /opt/airflow/dags/2_bash_operator.py for tasks to queue
[2026-09-13T02:59:59.978+0000] {logging_mixin.py:149} INFO - [2026-09-13T02:59:59.977+0000] {dagbag.py:541} INFO - Filling up the DagBag from /opt/airflow/dags/2_bash_operator.py
[2026-09-13T03:00:00.011+0000] {processor.py:809} INFO - DAG(s) dict_keys(['2-bashoperator']) retrieved from /opt/airflow/dags/2_bash_operator.py
[2026-09-13T03:00:00.104+0000] {logging_mixin.py:149} INFO - [2026-09-13T03:00:00.103+0000] {dag.py:2726} INFO - Sync 1 DAGs
[2026-09-13T03:00:00.191+0000] {logging_mixin.py:149} INFO - [2026-09-13T03:00:00.190+0000] {dag.py:3490} INFO - Setting next_dagrun for 2-bashoperator to 2026-09-13T00:00:00+00:00, run_after=2026-09-14T00:00:00+00:00
[2026-09-13T03:00:00.255+0000] {processor.py:178} INFO - Processing /opt/airflow/dags/2_bash_operator.py took 0.300 seconds
[2026-09-13T03:00:30.467+0000] {processor.py:156} INFO - Started process (PID=163796) to work on /opt/airflow/dags/2_bash_operator.py
[2026-09-13T03:00:30.471+0000] {processor.py:799} INFO - Processing file /opt/airflow/dags/2_bash_operator.py for tasks to queue
[2026-09-13T03:00:30.473+0000] {logging_mixin.py:149} INFO - [2026-09-13T03:00:30.473+0000] {dagbag.py:541} INFO - Filling up the DagBag from /opt/airflow/dags/2_bash_operator.py
[2026-09-13T03:00:30.500+0000] {processor.py:809} INFO - DAG(s) dict_keys(['2-bashoperator']) retrieved from /opt/airflow/dags/2_bash_operator.py
[2026-09-13T03:00:30.588+0000] {logging_mixin.py:149} INFO - [2026-09-13T03:00:30.587+0000] {dag.py:2726} INFO - Sync 1 DAGs
[2026-09-13T03:00:30.663+0000] {logging_mixin.py:149} INFO - [2026-09-13T03:00:30.662+0000] {dag.py:3490} INFO - Setting next_dagrun for 2-bashoperator to 2026-09-13T00:00:00+00:00, run_after=2026-09-14T00:00:00+00:00
[2026-09-13T03:00:30.730+0000] {processor.py:178} INFO - Processing /opt/airflow/dags/2_bash_operator.py took 0.273 seconds
[2026-09-13T03:01:00.842+0000] {processor.py:156} INFO - Started process (PID=163810) to work on /opt/airflow/dags/2_bash_operator.py
[2026-09-13T03:01:00.846+0000] {processor.py:799} INFO - Processing file /opt/airflow/dags/2_bash_operator.py for tasks to queue
[2026-09-13T03:01:00.848+0000] {logging_mixin.py:149} INFO - [2026-09-13T03:01:00.847+0000] {dagbag.py:541} INFO - Filling up the DagBag from /opt/airflow/dags/2_bash_operator.py
[2026-09-13T03:01:00.874+0000] {processor.py:809} INFO - DAG(s) dict_keys(['2-bashoperator']) retrieved from /opt/airflow/dags/2_bash_operator.py
[2026-09-13T03:01:00.965+0000] {logging_mixin.py:149} INFO - [2026-09-13T03:01:00.964+0000] {dag.py:2726} INFO - Sync 1 DAGs
[2026-09-13T03:01:01.033+0000] {logging_mixin.py:149} INFO - [2026-09-13T03:01:01.032+0000] {dag.py:3490} INFO - Setting next_dagrun for 2-bashoperator to 2026-09-13T00:00:00+00:00, run_after=2026-09-14T00:00:00+00:00
[2026-09-13T03:01:01.103+0000] {processor.py:178} INFO - Processing /opt/airflow/dags/2_bash_operator.py took 0.272 seconds
[2026-09-13T03:01:31.305+0000] {processor.py:156} INFO - Started process (PID=163823) to work on /opt/airflow/dags/2_bash_operator.py
[2026-09-13T03:01:31.309+0000] {processor.py:799} INFO - Processing file /opt/airflow/dags/2_bash_operator.py for tasks to queue
[2026-09-13T03:01:31.311+0000] {logging_mixin.py:149} INFO - [2026-09-13T03:01:31.311+0000] {dagbag.py:541} INFO - Filling up the DagBag from /opt/airflow/dags/2_bash_operator.py
[2026-09-13T03:01:31.338+0000] {processor.py:809} INFO - DAG(s) dict_keys(['2-bashoperator']) retrieved from /opt/airflow/dags/2_bash_operator.py
[2026-09-13T03:01:31.423+0000] {logging_mixin.py:149} INFO - [2026-09-13T03:01:31.422+0000] {dag.py:2726} INFO - Sync 1 DAGs
[2026-09-13T03:01:31.490+0000] {logging_mixin.py:149} INFO - [2026-09-13T03:01:31.490+0000] {dag.py:3490} INFO - Setting next_dagrun for 2-bashoperator to 2026-09-13T00:00:00+00:00, run_after=2026-09-14T00:00:00+00:00
[2026-09-13T03:01:31.552+0000] {processor.py:178} INFO - Processing /opt/airflow/dags/2_bash_operator.py took 0.260 seconds
[2026-09-13T03:02:01.703+0000] {processor.py:156} INFO - Started process (PID=163838) to work on /opt/airflow/dags/2_bash_operator.py
[2026-09-13T03:02:01.706+0000] {processor.py:799} INFO - Processing file /opt/airflow/dags/2_bash_operator.py for tasks to queue
[2026-09-13T03:02:01.708+0000] {logging_mixin.py:149} INFO - [2026-09-13T03:02:01.708+0000] {dagbag.py:541} INFO - Filling up the DagBag from /opt/airflow/dags/2_bash_operator.py
[2026-09-13T03:02:01.735+0000] {processor.py:809} INFO - DAG(s) dict_keys(['2-bashoperator']) retrieved from /opt/airflow/dags/2_bash_operator.py
[2026-09-13T03:02:01.826+0000] {logging_mixin.py:149} INFO - [2026-09-13T03:02:01.825+0000] {dag.py:2726} INFO - Sync 1 DAGs
[2026-09-13T03:02:01.907+0000] {logging_mixin.py:149} INFO - [2026-09-13T03:02:01.907+0000] {dag.py:3490} INFO - Setting next_dagrun for 2-bashoperator to 2026-09-13T00:00:00+00:00, run_after=2026-09-14T00:00:00+00:00
[2026-09-13T03:02:01.947+0000] {processor.py:178} INFO - Processing /opt/airflow/dags/2_bash_operator.py took 0.253 seconds
[2026-09-13T03:02:32.123+0000] {processor.py:156} INFO - Started process (PID=163852) to work on /opt/airflow/dags/2_bash_operator.py
[2026-09-13T03:02:32.126+0000] {processor.py:799} INFO - Processing file /opt/airflow/dags/2_bash_operator.py for tasks to queue
[2026-09-13T03:02:32.128+0000] {logging_mixin.py:149} INFO - [2026-09-13T03:02:32.128+0000] {dagbag.py:541} INFO - Filling up the DagBag from /opt/airflow/dags/2_bash_operator.py
[2026-09-13T03:02:32.152+0000] {processor.py:809} INFO - DAG(s) dict_keys(['2-bashoperator']) retrieved from /opt/airflow/dags/2_bash_operator.py
[2026-09-13T03:02:32.237+0000] {logging_mixin.py:149} INFO - [2026-09-13T03:02:32.237+0000] {dag.py:2726} INFO - Sync 1 DAGs
[2026-09-13T03:02:32.307+0000] {logging_mixin.py:149} INFO - [2026-09-13T03:02:32.306+0000] {dag.py:3490} INFO - Setting next_dagrun for 2-bashoperator to 2026-09-13T00:00:00+00:00, run_after=2026-09-14T00:00:00+00:00
[2026-09-13T03:02:32.350+0000] {processor.py:178} INFO - Processing /opt/airflow/dags/2_bash_operator.py took 0.237 seconds
[2026-09-13T03:03:02.552+0000] {processor.py:156} INFO - Started process (PID=163866) to work on /opt/airflow/dags/2_bash_operator.py
[2026-09-13T03:03:02.555+0000] {processor.py:799} INFO - Processing file /opt/airflow/dags/2_bash_operator.py for tasks to queue
[2026-09-13T03:03:02.557+0000] {logging_mixin.py:149} INFO - [2026-09-13T03:03:02.557+0000] {dagbag.py:541} INFO - Filling up the DagBag from /opt/airflow/dags/2_bash_operator.py
[2026-09-13T03:03:02.579+0000] {processor.py:809} INFO - DAG(s) dict_keys(['2-bashoperator']) retrieved from /opt/airflow/dags/2_bash_operator.py
[2026-09-13T03:03:02.656+0000] {logging_mixin.py:149} INFO - [2026-09-13T03:03:02.656+0000] {dag.py:2726} INFO - Sync 1 DAGs
[2026-09-13T03:03:02.731+0000] {logging_mixin.py:149} INFO - [2026-09-13T03:03:02.731+0000] {dag.py:3490} INFO - Setting next_dagrun for 2-bashoperator to 2026-09-13T00:00:00+00:00, run_after=2026-09-14T00:00:00+00:00
[2026-09-13T03:03:02.795+0000] {processor.py:178} INFO - Processing /opt/airflow/dags/2_bash_operator.py took 0.252 seconds
[2026-09-13T03:03:33.100+0000] {processor.py:156} INFO - Started process (PID=163881) to work on /opt/airflow/dags/2_bash_operator.py
[2026-09-13T03:03:33.108+0000] {processor.py:799} INFO - Processing file /opt/airflow/dags/2_bash_operator.py for tasks to queue
[2026-09-13T03:03:33.110+0000] {logging_mixin.py:149} INFO - [2026-09-13T03:03:33.109+0000] {dagbag.py:541} INFO - Filling up the DagBag from /opt/airflow/dags/2_bash_operator.py
[2026-09-13T03:03:33.134+0000] {processor.py:809} INFO - DAG(s) dict_keys(['2-bashoperator']) retrieved from /opt/airflow/dags/2_bash_operator.py
[2026-09-13T03:03:33.230+0000] {logging_mixin.py:149} INFO - [2026-09-13T03:03:33.229+0000] {dag.py:2726} INFO - Sync 1 DAGs
[2026-09-13T03:03:33.297+0000] {logging_mixin.py:149} INFO - [2026-09-13T03:03:33.296+0000] {dag.py:3490} INFO - Setting next_dagrun for 2-bashoperator to 2026-09-13T00:00:00+00:00, run_after=2026-09-14T00:00:00+00:00
[2026-09-13T03:03:33.363+0000] {processor.py:178} INFO - Processing /opt/airflow/dags/2_bash_operator.py took 0.280 seconds
[2026-09-13T03:04:03.614+0000] {processor.py:156} INFO - Started process (PID=163895) to work on /opt/airflow/dags/2_bash_operator.py
[2026-09-13T03:04:03.617+0000] {processor.py:799} INFO - Processing file /opt/airflow/dags/2_bash_operator.py for tasks to queue
[2026-09-13T03:04:03.619+0000] {logging_mixin.py:149} INFO - [2026-09-13T03:04:03.619+0000] {dagbag.py:541} INFO - Filling up the DagBag from /opt/airflow/dags/2_bash_operator.py
[2026-09-13T03:04:03.646+0000] {processor.py:809} INFO - DAG(s) dict_keys(['2-bashoperator']) retrieved from /opt/airflow/dags/2_bash_operator.py
[2026-09-13T03:04:03.737+0000] {logging_mixin.py:149} INFO - [2026-09-13T03:04:03.736+0000] {dag.py:2726} INFO - Sync 1 DAGs
[2026-09-13T03:04:03.819+0000] {logging_mixin.py:149} INFO - [2026-09-13T03:04:03.819+0000] {dag.py:3490} INFO - Setting next_dagrun for 2-bashoperator to 2026-09-13T00:00:00+00:00, run_after=2026-09-14T00:00:00+00:00
[2026-09-13T03:04:03.868+0000] {processor.py:178} INFO - Processing /opt/airflow/dags/2_bash_operator.py took 0.265 seconds
[2026-09-13T03:04:34.079+0000] {processor.py:156} INFO - Started process (PID=163909) to work on /opt/airflow/dags/2_bash_operator.py
[2026-09-13T03:04:34.083+0000] {processor.py:799} INFO - Processing file /opt/airflow/dags/2_bash_operator.py for tasks to queue
[2026-09-13T03:04:34.085+0000] {logging_mixin.py:149} INFO - [2026-09-13T03:04:34.085+0000] {dagbag.py:541} INFO - Filling up the DagBag from /opt/airflow/dags/2_bash_operator.py
[2026-09-13T03:04:34.111+0000] {processor.py:809} INFO - DAG(s) dict_keys(['2-bashoperator']) retrieved from /opt/airflow/dags/2_bash_operator.py
[2026-09-13T03:04:34.195+0000] {logging_mixin.py:149} INFO - [2026-09-13T03:04:34.195+0000] {dag.py:2726} INFO - Sync 1 DAGs
[2026-09-13T03:04:34.266+0000] {logging_mixin.py:149} INFO - [2026-09-13T03:04:34.266+0000] {dag.py:3490} INFO - Setting next_dagrun for 2-bashoperator to 2026-09-13T00:00:00+00:00, run_after=2026-09-14T00:00:00+00:00
[2026-09-13T03:04:34.340+0000] {processor.py:178} INFO - Processing /opt/airflow/dags/2_bash_operator.py took 0.271 seconds
[2026-09-13T03:05:04.591+0000] {processor.py:156} INFO - Started process (PID=163924) to work on /opt/airflow/dags/2_bash_operator.py
[2026-09-13T03:05:04.601+0000] {processor.py:799} INFO - Processing file /opt/airflow/dags/2_bash_operator.py for tasks to queue
[2026-09-13T03:05:04.603+0000] {logging_mixin.py:149} INFO - [2026-09-13T03:05:04.602+0000] {dagbag.py:541} INFO - Filling up the DagBag from /opt/airflow/dags/2_bash_operator.py
[2026-09-13T03:05:04.631+0000] {processor.py:809} INFO - DAG(s) dict_keys(['2-bashoperator']) retrieved from /opt/airflow/dags/2_bash_operator.py
[2026-09-13T03:05:04.727+0000] {logging_mixin.py:149} INFO - [2026-09-13T03:05:04.727+0000] {dag.py:2726} INFO - Sync 1 DAGs
[2026-09-13T03:05:04.801+0000] {logging_mixin.py:149} INFO - [2026-09-13T03:05:04.800+0000] {dag.py:3490} INFO - Setting next_dagrun for 2-bashoperator to 2026-09-13T00:00:00+00:00, run_after=2026-09-14T00:00:00+00:00
[2026-09-13T03:05:04.870+0000] {processor.py:178} INFO - Processing /opt/airflow/dags/2_bash_operator.py took 0.288 seconds
[2026-09-13T03:05:34.939+0000] {processor.py:156} INFO - Started process (PID=163938) to work on /opt/airflow/dags/2_bash_operator.py
[2026-09-13T03:05:34.946+0000] {processor.py:799} INFO - Processing file /opt/airflow/dags/2_bash_operator.py for tasks to queue
[2026-09-13T03:05:34.948+0000] {logging_mixin.py:149} INFO - [2026-09-13T03:05:34.948+0000] {dagbag.py:541} INFO - Filling up the DagBag from /opt/airflow/dags/2_bash_operator.py
[2026-09-13T03:05:34.977+0000] {processor.py:809} INFO - DAG(s) dict_keys(['2-bashoperator']) retrieved from /opt/airflow/dags/2_bash_operator.py
[2026-09-13T03:05:35.065+0000] {logging_mixin.py:149} INFO - [2026-09-13T03:05:35.064+0000] {dag.py:2726} INFO - Sync 1 DAGs
[2026-09-13T03:05:35.135+0000] {logging_mixin.py:149} INFO - [2026-09-13T03:05:35.135+0000] {dag.py:3490} INFO - Setting next_dagrun for 2-bashoperator to 2026-09-13T00:00:00+00:00, run_after=2026-09-14T00:00:00+00:00
[2026-09-13T03:05:35.182+0000] {processor.py:178} INFO - Processing /opt/airflow/dags/2_bash_operator.py took 0.254 seconds
[2026-09-13T03:06:05.418+0000] {processor.py:156} INFO - Started process (PID=163952) to work on /opt/airflow/dags/2_bash_operator.py
[2026-09-13T03:06:05.421+0000] {processor.py:799} INFO - Processing file /opt/airflow/dags/2_bash_operator.py for tasks to queue
[2026-09-13T03:06:05.424+0000] {logging_mixin.py:149} INFO - [2026-09-13T03:06:05.424+0000] {dagbag.py:541} INFO - Filling up the DagBag from /opt/airflow/dags/2_bash_operator.py
[2026-09-13T03:06:05.455+0000] {processor.py:809} INFO - DAG(s) dict_keys(['2-bashoperator']) retrieved from /opt/airflow/dags/2_bash_operator.py
[2026-09-13T03:06:05.549+0000] {logging_mixin.py:149} INFO - [2026-09-13T03:06:05.548+0000] {dag.py:2726} INFO - Sync 1 DAGs
[2026-09-13T03:06:05.623+0000] {logging_mixin.py:149} INFO - [2026-09-13T03:06:05.622+0000] {dag.py:3490} INFO - Setting next_dagrun for 2-bashoperator to 2026-09-13T00:00:00+00:00, run_after=2026-09-14T00:00:00+00:00
[2026-09-13T03:06:05.691+0000] {processor.py:178} INFO - Processing /opt/airflow/dags/2_bash_operator.py took 0.286 seconds
[2026-09-13T03:06:35.825+0000] {processor.py:156} INFO - Started process (PID=163967) to work on /opt/airflow/dags/2_bash_operator.py
[2026-09-13T03:06:35.831+0000] {processor.py:799} INFO - Processing file /opt/airflow/dags/2_bash_operator.py for tasks to queue
[2026-09-13T03:06:35.834+0000] {logging_mixin.py:149} INFO - [2026-09-13T03:06:35.833+0000] {dagbag.py:541} INFO - Filling up the DagBag from /opt/airflow/dags/2_bash_operator.py
[2026-09-13T03:06:35.864+0000] {processor.py:809} INFO - DAG(s) dict_keys(['2-bashoperator']) retrieved from /opt/airflow/dags/2_bash_operator.py
[2026-09-13T03:06:35.952+0000] {logging_mixin.py:149} INFO - [2026-09-13T03:06:35.952+0000] {dag.py:2726} INFO - Sync 1 DAGs
[2026-09-13T03:06:36.019+0000] {logging_mixin.py:149} INFO - [2026-09-13T03:06:36.019+0000] {dag.py:3490} INFO - Setting next_dagrun for 2-bashoperator to 2026-09-13T00:00:00+00:00, run_after=2026-09-14T00:00:00+00:00
[2026-09-13T03:06:36.079+0000] {processor.py:178} INFO - Processing /opt/airflow/dags/2_bash_operator.py took 0.267 seconds
[2026-09-13T03:07:06.418+0000] {processor.py:156} INFO - Started process (PID=163981) to work on /opt/airflow/dags/2_bash_operator.py
[2026-09-13T03:07:06.421+0000] {processor.py:799} INFO - Processing file /opt/airflow/dags/2_bash_operator.py for tasks to queue
[2026-09-13T03:07:06.422+0000] {logging_mixin.py:149} INFO - [2026-09-13T03:07:06.422+0000] {dagbag.py:541} INFO - Filling up the DagBag from /opt/airflow/dags/2_bash_operator.py
[2026-09-13T03:07:06.443+0000] {processor.py:809} INFO - DAG(s) dict_keys(['2-bashoperator']) retrieved from /opt/airflow/dags/2_bash_operator.py
[2026-09-13T03:07:06.511+0000] {logging_mixin.py:149} INFO - [2026-09-13T03:07:06.511+0000] {dag.py:2726} INFO - Sync 1 DAGs
[2026-09-13T03:07:06.558+0000] {logging_mixin.py:149} INFO - [2026-09-13T03:07:06.558+0000] {dag.py:3490} INFO - Setting next_dagrun for 2-bashoperator to 2026-09-13T00:00:00+00:00, run_after=2026-09-14T00:00:00+00:00
[2026-09-13T03:07:06.588+0000] {processor.py:178} INFO - Processing /opt/airflow/dags/2_bash_operator.py took 0.214 seconds
[2026-09-13T03:07:36.771+0000] {processor.py:156} INFO - Started process (PID=163995) to work on /opt/airflow/dags/2_bash_operator.py
[2026-09-13T03:07:36.774+0000] {processor.py:799} INFO - Processing file /opt/airflow/dags/2_bash_operator.py for tasks to queue
[2026-09-13T03:07:36.777+0000] {logging_mixin.py:149} INFO - [2026-09-13T03:07:36.776+0000] {dagbag.py:541} INFO - Filling up the DagBag from /opt/airflow/dags/2_bash_operator.py
[2026-09-13T03:07:36.810+0000] {processor.py:809} INFO - DAG(s) dict_keys(['2-bashoperator']) retrieved from /opt/airflow/dags/2_bash_operator.py
[2026-09-13T03:07:36.891+0000] {logging_mixin.py:149} INFO - [2026-09-13T03:07:36.890+0000] {dag.py:2726} INFO - Sync 1 DAGs
[2026-09-13T03:07:36.952+0000] {logging_mixin.py:149} INFO - [2026-09-13T03:07:36.951+0000] {dag.py:3490} INFO - Setting next_dagrun for 2-bashoperator to 2026-09-13T00:00:00+00:00, run_after=2026-09-14T00:00:00+00:00
[2026-09-13T03:07:37.013+0000] {processor.py:178} INFO - Processing /opt/airflow/dags/2_bash_operator.py took 0.254 seconds
[2026-09-13T03:08:07.229+0000] {processor.py:156} INFO - Started process (PID=164008) to work on /opt/airflow/dags/2_bash_operator.py
[2026-09-13T03:08:07.233+0000] {processor.py:799} INFO - Processing file /opt/airflow/dags/2_bash_operator.py for tasks to queue
[2026-09-13T03:08:07.235+0000] {logging_mixin.py:149} INFO - [2026-09-13T03:08:07.234+0000] {dagbag.py:541} INFO - Filling up the DagBag from /opt/airflow/dags/2_bash_operator.py
[2026-09-13T03:08:07.260+0000] {processor.py:809} INFO - DAG(s) dict_keys(['2-bashoperator']) retrieved from /opt/airflow/dags/2_bash_operator.py
[2026-09-13T03:08:07.367+0000] {logging_mixin.py:149} INFO - [2026-09-13T03:08:07.366+0000] {dag.py:2726} INFO - Sync 1 DAGs
[2026-09-13T03:08:07.441+0000] {logging_mixin.py:149} INFO - [2026-09-13T03:08:07.441+0000] {dag.py:3490} INFO - Setting next_dagrun for 2-bashoperator to 2026-09-13T00:00:00+00:00, run_after=2026-09-14T00:00:00+00:00
[2026-09-13T03:08:07.510+0000] {processor.py:178} INFO - Processing /opt/airflow/dags/2_bash_operator.py took 0.293 seconds
[2026-09-13T03:08:37.760+0000] {processor.py:156} INFO - Started process (PID=164022) to work on /opt/airflow/dags/2_bash_operator.py
[2026-09-13T03:08:37.764+0000] {processor.py:799} INFO - Processing file /opt/airflow/dags/2_bash_operator.py for tasks to queue
[2026-09-13T03:08:37.766+0000] {logging_mixin.py:149} INFO - [2026-09-13T03:08:37.765+0000] {dagbag.py:541} INFO - Filling up the DagBag from /opt/airflow/dags/2_bash_operator.py
[2026-09-13T03:08:37.792+0000] {processor.py:809} INFO - DAG(s) dict_keys(['2-bashoperator']) retrieved from /opt/airflow/dags/2_bash_operator.py
[2026-09-13T03:08:37.882+0000] {logging_mixin.py:149} INFO - [2026-09-13T03:08:37.882+0000] {dag.py:2726} INFO - Sync 1 DAGs
[2026-09-13T03:08:37.954+0000] {logging_mixin.py:149} INFO - [2026-09-13T03:08:37.953+0000] {dag.py:3490} INFO - Setting next_dagrun for 2-bashoperator to 2026-09-13T00:00:00+00:00, run_after=2026-09-14T00:00:00+00:00
[2026-09-13T03:08:38.016+0000] {processor.py:178} INFO - Processing /opt/airflow/dags/2_bash_operator.py took 0.272 seconds
[2026-09-13T03:09:08.320+0000] {processor.py:156} INFO - Started process (PID=164036) to work on /opt/airflow/dags/2_bash_operator.py
[2026-09-13T03:09:08.323+0000] {processor.py:799} INFO - Processing file /opt/airflow/dags/2_bash_operator.py for tasks to queue
[2026-09-13T03:09:08.325+0000] {logging_mixin.py:149} INFO - [2026-09-13T03:09:08.325+0000] {dagbag.py:541} INFO - Filling up the DagBag from /opt/airflow/dags/2_bash_operator.py
[2026-09-13T03:09:08.352+0000] {processor.py:809} INFO - DAG(s) dict_keys(['2-bashoperator']) retrieved from /opt/airflow/dags/2_bash_operator.py
[2026-09-13T03:09:08.441+0000] {logging_mixin.py:149} INFO - [2026-09-13T03:09:08.440+0000] {dag.py:2726} INFO - Sync 1 DAGs
[2026-09-13T03:09:08.509+0000] {logging_mixin.py:149} INFO - [2026-09-13T03:09:08.509+0000] {dag.py:3490} INFO - Setting next_dagrun for 2-bashoperator to 2026-09-13T00:00:00+00:00, run_after=2026-09-14T00:00:00+00:00
[2026-09-13T03:09:08.564+0000] {processor.py:178} INFO - Processing /opt/airflow/dags/2_bash_operator.py took 0.257 seconds
[2026-09-13T03:09:38.903+0000] {processor.py:156} INFO - Started process (PID=164050) to work on /opt/airflow/dags/2_bash_operator.py
[2026-09-13T03:09:38.912+0000] {processor.py:799} INFO - Processing file /opt/airflow/dags/2_bash_operator.py for tasks to queue
[2026-09-13T03:09:38.915+0000] {logging_mixin.py:149} INFO - [2026-09-13T03:09:38.914+0000] {dagbag.py:541} INFO - Filling up the DagBag from /opt/airflow/dags/2_bash_operator.py
[2026-09-13T03:09:38.944+0000] {processor.py:809} INFO - DAG(s) dict_keys(['2-bashoperator']) retrieved from /opt/airflow/dags/2_bash_operator.py
[2026-09-13T03:09:39.041+0000] {logging_mixin.py:149} INFO - [2026-09-13T03:09:39.040+0000] {dag.py:2726} INFO - Sync 1 DAGs
[2026-09-13T03:09:39.126+0000] {logging_mixin.py:149} INFO - [2026-09-13T03:09:39.126+0000] {dag.py:3490} INFO - Setting next_dagrun for 2-bashoperator to 2026-09-13T00:00:00+00:00, run_after=2026-09-14T00:00:00+00:00
[2026-09-13T03:09:39.194+0000] {processor.py:178} INFO - Processing /opt/airflow/dags/2_bash_operator.py took 0.301 seconds
[2026-09-13T03:10:09.394+0000] {processor.py:156} INFO - Started process (PID=164064) to work on /opt/airflow/dags/2_bash_operator.py
[2026-09-13T03:10:09.399+0000] {processor.py:799} INFO - Processing file /opt/airflow/dags/2_bash_operator.py for tasks to queue
[2026-09-13T03:10:09.401+0000] {logging_mixin.py:149} INFO - [2026-09-13T03:10:09.400+0000] {dagbag.py:541} INFO - Filling up the DagBag from /opt/airflow/dags/2_bash_operator.py
[2026-09-13T03:10:09.429+0000] {processor.py:809} INFO - DAG(s) dict_keys(['2-bashoperator']) retrieved from /opt/airflow/dags/2_bash_operator.py
[2026-09-13T03:10:09.520+0000] {logging_mixin.py:149} INFO - [2026-09-13T03:10:09.519+0000] {dag.py:2726} INFO - Sync 1 DAGs
[2026-09-13T03:10:09.591+0000] {logging_mixin.py:149} INFO - [2026-09-13T03:10:09.591+0000] {dag.py:3490} INFO - Setting next_dagrun for 2-bashoperator to 2026-09-13T00:00:00+00:00, run_after=2026-09-14T00:00:00+00:00
[2026-09-13T03:10:09.656+0000] {processor.py:178} INFO - Processing /opt/airflow/dags/2_bash_operator.py took 0.274 seconds
[2026-09-13T03:10:39.956+0000] {processor.py:156} INFO - Started process (PID=164078) to work on /opt/airflow/dags/2_bash_operator.py
[2026-09-13T03:10:39.959+0000] {processor.py:799} INFO - Processing file /opt/airflow/dags/2_bash_operator.py for tasks to queue
[2026-09-13T03:10:39.961+0000] {logging_mixin.py:149} INFO - [2026-09-13T03:10:39.961+0000] {dagbag.py:541} INFO - Filling up the DagBag from /opt/airflow/dags/2_bash_operator.py
[2026-09-13T03:10:39.988+0000] {processor.py:809} INFO - DAG(s) dict_keys(['2-bashoperator']) retrieved from /opt/airflow/dags/2_bash_operator.py
[2026-09-13T03:10:40.076+0000] {logging_mixin.py:149} INFO - [2026-09-13T03:10:40.076+0000] {dag.py:2726} INFO - Sync 1 DAGs
[2026-09-13T03:10:40.144+0000] {logging_mixin.py:149} INFO - [2026-09-13T03:10:40.144+0000] {dag.py:3490} INFO - Setting next_dagrun for 2-bashoperator to 2026-09-13T00:00:00+00:00, run_after=2026-09-14T00:00:00+00:00
[2026-09-13T03:10:40.210+0000] {processor.py:178} INFO - Processing /opt/airflow/dags/2_bash_operator.py took 0.267 seconds
[2026-09-13T03:11:10.440+0000] {processor.py:156} INFO - Started process (PID=164092) to work on /opt/airflow/dags/2_bash_operator.py
[2026-09-13T03:11:10.445+0000] {processor.py:799} INFO - Processing file /opt/airflow/dags/2_bash_operator.py for tasks to queue
[2026-09-13T03:11:10.447+0000] {logging_mixin.py:149} INFO - [2026-09-13T03:11:10.447+0000] {dagbag.py:541} INFO - Filling up the DagBag from /opt/airflow/dags/2_bash_operator.py
[2026-09-13T03:11:10.480+0000] {processor.py:809} INFO - DAG(s) dict_keys(['2-bashoperator']) retrieved from /opt/airflow/dags/2_bash_operator.py
[2026-09-13T03:11:10.575+0000] {logging_mixin.py:149} INFO - [2026-09-13T03:11:10.575+0000] {dag.py:2726} INFO - Sync 1 DAGs
[2026-09-13T03:11:10.657+0000] {logging_mixin.py:149} INFO - [2026-09-13T03:11:10.656+0000] {dag.py:3490} INFO - Setting next_dagrun for 2-bashoperator to 2026-09-13T00:00:00+00:00, run_after=2026-09-14T00:00:00+00:00
[2026-09-13T03:11:10.731+0000] {processor.py:178} INFO - Processing /opt/airflow/dags/2_bash_operator.py took 0.302 seconds
[2026-09-13T03:11:40.922+0000] {processor.py:156} INFO - Started process (PID=164106) to work on /opt/airflow/dags/2_bash_operator.py
[2026-09-13T03:11:40.926+0000] {processor.py:799} INFO - Processing file /opt/airflow/dags/2_bash_operator.py for tasks to queue
[2026-09-13T03:11:40.928+0000] {logging_mixin.py:149} INFO - [2026-09-13T03:11:40.928+0000] {dagbag.py:541} INFO - Filling up the DagBag from /opt/airflow/dags/2_bash_operator.py
[2026-09-13T03:11:40.956+0000] {processor.py:809} INFO - DAG(s) dict_keys(['2-bashoperator']) retrieved from /opt/airflow/dags/2_bash_operator.py
[2026-09-13T03:11:41.051+0000] {logging_mixin.py:149} INFO - [2026-09-13T03:11:41.050+0000] {dag.py:2726} INFO - Sync 1 DAGs
[2026-09-13T03:11:41.121+0000] {logging_mixin.py:149} INFO - [2026-09-13T03:11:41.121+0000] {dag.py:3490} INFO - Setting next_dagrun for 2-bashoperator to 2026-09-13T00:00:00+00:00, run_after=2026-09-14T00:00:00+00:00
[2026-09-13T03:11:41.186+0000] {processor.py:178} INFO - Processing /opt/airflow/dags/2_bash_operator.py took 0.276 seconds
[2026-09-13T03:12:11.473+0000] {processor.py:156} INFO - Started process (PID=164121) to work on /opt/airflow/dags/2_bash_operator.py
[2026-09-13T03:12:11.477+0000] {processor.py:799} INFO - Processing file /opt/airflow/dags/2_bash_operator.py for tasks to queue
[2026-09-13T03:12:11.479+0000] {logging_mixin.py:149} INFO - [2026-09-13T03:12:11.478+0000] {dagbag.py:541} INFO - Filling up the DagBag from /opt/airflow/dags/2_bash_operator.py
[2026-09-13T03:12:11.504+0000] {processor.py:809} INFO - DAG(s) dict_keys(['2-bashoperator']) retrieved from /opt/airflow/dags/2_bash_operator.py
[2026-09-13T03:12:11.606+0000] {logging_mixin.py:149} INFO - [2026-09-13T03:12:11.605+0000] {dag.py:2726} INFO - Sync 1 DAGs
[2026-09-13T03:12:11.696+0000] {logging_mixin.py:149} INFO - [2026-09-13T03:12:11.695+0000] {dag.py:3490} INFO - Setting next_dagrun for 2-bashoperator to 2026-09-13T00:00:00+00:00, run_after=2026-09-14T00:00:00+00:00
[2026-09-13T03:12:11.773+0000] {processor.py:178} INFO - Processing /opt/airflow/dags/2_bash_operator.py took 0.311 seconds
[2026-09-13T03:12:42.053+0000] {processor.py:156} INFO - Started process (PID=164136) to work on /opt/airflow/dags/2_bash_operator.py
[2026-09-13T03:12:42.060+0000] {processor.py:799} INFO - Processing file /opt/airflow/dags/2_bash_operator.py for tasks to queue
[2026-09-13T03:12:42.062+0000] {logging_mixin.py:149} INFO - [2026-09-13T03:12:42.061+0000] {dagbag.py:541} INFO - Filling up the DagBag from /opt/airflow/dags/2_bash_operator.py
[2026-09-13T03:12:42.087+0000] {processor.py:809} INFO - DAG(s) dict_keys(['2-bashoperator']) retrieved from /opt/airflow/dags/2_bash_operator.py
[2026-09-13T03:12:42.172+0000] {logging_mixin.py:149} INFO - [2026-09-13T03:12:42.171+0000] {dag.py:2726} INFO - Sync 1 DAGs
[2026-09-13T03:12:42.239+0000] {logging_mixin.py:149} INFO - [2026-09-13T03:12:42.239+0000] {dag.py:3490} INFO - Setting next_dagrun for 2-bashoperator to 2026-09-13T00:00:00+00:00, run_after=2026-09-14T00:00:00+00:00
[2026-09-13T03:12:42.309+0000] {processor.py:178} INFO - Processing /opt/airflow/dags/2_bash_operator.py took 0.264 seconds
[2026-09-13T03:13:12.418+0000] {processor.py:156} INFO - Started process (PID=164150) to work on /opt/airflow/dags/2_bash_operator.py
[2026-09-13T03:13:12.422+0000] {processor.py:799} INFO - Processing file /opt/airflow/dags/2_bash_operator.py for tasks to queue
[2026-09-13T03:13:12.424+0000] {logging_mixin.py:149} INFO - [2026-09-13T03:13:12.423+0000] {dagbag.py:541} INFO - Filling up the DagBag from /opt/airflow/dags/2_bash_operator.py
[2026-09-13T03:13:12.452+0000] {processor.py:809} INFO - DAG(s) dict_keys(['2-bashoperator']) retrieved from /opt/airflow/dags/2_bash_operator.py
[2026-09-13T03:13:12.535+0000] {logging_mixin.py:149} INFO - [2026-09-13T03:13:12.535+0000] {dag.py:2726} INFO - Sync 1 DAGs
[2026-09-13T03:13:12.610+0000] {logging_mixin.py:149} INFO - [2026-09-13T03:13:12.609+0000] {dag.py:3490} INFO - Setting next_dagrun for 2-bashoperator to 2026-09-13T00:00:00+00:00, run_after=2026-09-14T00:00:00+00:00
[2026-09-13T03:13:12.670+0000] {processor.py:178} INFO - Processing /opt/airflow/dags/2_bash_operator.py took 0.264 seconds
[2026-09-13T03:13:42.869+0000] {processor.py:156} INFO - Started process (PID=164163) to work on /opt/airflow/dags/2_bash_operator.py
[2026-09-13T03:13:42.877+0000] {processor.py:799} INFO - Processing file /opt/airflow/dags/2_bash_operator.py for tasks to queue
[2026-09-13T03:13:42.879+0000] {logging_mixin.py:149} INFO - [2026-09-13T03:13:42.879+0000] {dagbag.py:541} INFO - Filling up the DagBag from /opt/airflow/dags/2_bash_operator.py
[2026-09-13T03:13:42.911+0000] {processor.py:809} INFO - DAG(s) dict_keys(['2-bashoperator']) retrieved from /opt/airflow/dags/2_bash_operator.py
[2026-09-13T03:13:43.009+0000] {logging_mixin.py:149} INFO - [2026-09-13T03:13:43.009+0000] {dag.py:2726} INFO - Sync 1 DAGs
[2026-09-13T03:13:43.092+0000] {logging_mixin.py:149} INFO - [2026-09-13T03:13:43.091+0000] {dag.py:3490} INFO - Setting next_dagrun for 2-bashoperator to 2026-09-13T00:00:00+00:00, run_after=2026-09-14T00:00:00+00:00
[2026-09-13T03:13:43.155+0000] {processor.py:178} INFO - Processing /opt/airflow/dags/2_bash_operator.py took 0.296 seconds
[2026-09-13T03:14:13.324+0000] {processor.py:156} INFO - Started process (PID=164178) to work on /opt/airflow/dags/2_bash_operator.py
[2026-09-13T03:14:13.329+0000] {processor.py:799} INFO - Processing file /opt/airflow/dags/2_bash_operator.py for tasks to queue
[2026-09-13T03:14:13.332+0000] {logging_mixin.py:149} INFO - [2026-09-13T03:14:13.331+0000] {dagbag.py:541} INFO - Filling up the DagBag from /opt/airflow/dags/2_bash_operator.py
[2026-09-13T03:14:13.360+0000] {processor.py:809} INFO - DAG(s) dict_keys(['2-bashoperator']) retrieved from /opt/airflow/dags/2_bash_operator.py
[2026-09-13T03:14:13.446+0000] {logging_mixin.py:149} INFO - [2026-09-13T03:14:13.445+0000] {dag.py:2726} INFO - Sync 1 DAGs
[2026-09-13T03:14:13.511+0000] {logging_mixin.py:149} INFO - [2026-09-13T03:14:13.511+0000] {dag.py:3490} INFO - Setting next_dagrun for 2-bashoperator to 2026-09-13T00:00:00+00:00, run_after=2026-09-14T00:00:00+00:00
[2026-09-13T03:14:13.582+0000] {processor.py:178} INFO - Processing /opt/airflow/dags/2_bash_operator.py took 0.270 seconds
[2026-09-13T03:14:43.867+0000] {processor.py:156} INFO - Started process (PID=164192) to work on /opt/airflow/dags/2_bash_operator.py
[2026-09-13T03:14:43.871+0000] {processor.py:799} INFO - Processing file /opt/airflow/dags/2_bash_operator.py for tasks to queue
[2026-09-13T03:14:43.873+0000] {logging_mixin.py:149} INFO - [2026-09-13T03:14:43.872+0000] {dagbag.py:541} INFO - Filling up the DagBag from /opt/airflow/dags/2_bash_operator.py
[2026-09-13T03:14:43.898+0000] {processor.py:809} INFO - DAG(s) dict_keys(['2-bashoperator']) retrieved from /opt/airflow/dags/2_bash_operator.py
[2026-09-13T03:14:43.983+0000] {logging_mixin.py:149} INFO - [2026-09-13T03:14:43.982+0000] {dag.py:2726} INFO - Sync 1 DAGs
[2026-09-13T03:14:44.057+0000] {logging_mixin.py:149} INFO - [2026-09-13T03:14:44.056+0000] {dag.py:3490} INFO - Setting next_dagrun for 2-bashoperator to 2026-09-13T00:00:00+00:00, run_after=2026-09-14T00:00:00+00:00
[2026-09-13T03:14:44.110+0000] {processor.py:178} INFO - Processing /opt/airflow/dags/2_bash_operator.py took 0.255 seconds
[2026-09-13T03:15:14.186+0000] {processor.py:156} INFO - Started process (PID=164206) to work on /opt/airflow/dags/2_bash_operator.py
[2026-09-13T03:15:14.190+0000] {processor.py:799} INFO - Processing file /opt/airflow/dags/2_bash_operator.py for tasks to queue
[2026-09-13T03:15:14.191+0000] {logging_mixin.py:149} INFO - [2026-09-13T03:15:14.191+0000] {dagbag.py:541} INFO - Filling up the DagBag from /opt/airflow/dags/2_bash_operator.py
[2026-09-13T03:15:14.218+0000] {processor.py:809} INFO - DAG(s) dict_keys(['2-bashoperator']) retrieved from /opt/airflow/dags/2_bash_operator.py
[2026-09-13T03:15:14.309+0000] {logging_mixin.py:149} INFO - [2026-09-13T03:15:14.309+0000] {dag.py:2726} INFO - Sync 1 DAGs
[2026-09-13T03:15:14.387+0000] {logging_mixin.py:149} INFO - [2026-09-13T03:15:14.379+0000] {dag.py:3490} INFO - Setting next_dagrun for 2-bashoperator to 2026-09-13T00:00:00+00:00, run_after=2026-09-14T00:00:00+00:00
[2026-09-13T03:15:14.461+0000] {processor.py:178} INFO - Processing /opt/airflow/dags/2_bash_operator.py took 0.286 seconds
[2026-09-13T03:15:44.644+0000] {processor.py:156} INFO - Started process (PID=164219) to work on /opt/airflow/dags/2_bash_operator.py
[2026-09-13T03:15:44.648+0000] {processor.py:799} INFO - Processing file /opt/airflow/dags/2_bash_operator.py for tasks to queue
[2026-09-13T03:15:44.650+0000] {logging_mixin.py:149} INFO - [2026-09-13T03:15:44.649+0000] {dagbag.py:541} INFO - Filling up the DagBag from /opt/airflow/dags/2_bash_operator.py
[2026-09-13T03:15:44.676+0000] {processor.py:809} INFO - DAG(s) dict_keys(['2-bashoperator']) retrieved from /opt/airflow/dags/2_bash_operator.py
[2026-09-13T03:15:44.764+0000] {logging_mixin.py:149} INFO - [2026-09-13T03:15:44.764+0000] {dag.py:2726} INFO - Sync 1 DAGs
[2026-09-13T03:15:44.843+0000] {logging_mixin.py:149} INFO - [2026-09-13T03:15:44.843+0000] {dag.py:3490} INFO - Setting next_dagrun for 2-bashoperator to 2026-09-13T00:00:00+00:00, run_after=2026-09-14T00:00:00+00:00
[2026-09-13T03:15:44.913+0000] {processor.py:178} INFO - Processing /opt/airflow/dags/2_bash_operator.py took 0.280 seconds
[2026-09-13T03:16:15.111+0000] {processor.py:156} INFO - Started process (PID=164234) to work on /opt/airflow/dags/2_bash_operator.py
[2026-09-13T03:16:15.114+0000] {processor.py:799} INFO - Processing file /opt/airflow/dags/2_bash_operator.py for tasks to queue
[2026-09-13T03:16:15.116+0000] {logging_mixin.py:149} INFO - [2026-09-13T03:16:15.115+0000] {dagbag.py:541} INFO - Filling up the DagBag from /opt/airflow/dags/2_bash_operator.py
[2026-09-13T03:16:15.142+0000] {processor.py:809} INFO - DAG(s) dict_keys(['2-bashoperator']) retrieved from /opt/airflow/dags/2_bash_operator.py
[2026-09-13T03:16:15.233+0000] {logging_mixin.py:149} INFO - [2026-09-13T03:16:15.232+0000] {dag.py:2726} INFO - Sync 1 DAGs
[2026-09-13T03:16:15.319+0000] {logging_mixin.py:149} INFO - [2026-09-13T03:16:15.319+0000] {dag.py:3490} INFO - Setting next_dagrun for 2-bashoperator to 2026-09-13T00:00:00+00:00, run_after=2026-09-14T00:00:00+00:00
[2026-09-13T03:16:15.388+0000] {processor.py:178} INFO - Processing /opt/airflow/dags/2_bash_operator.py took 0.288 seconds
[2026-09-13T03:16:45.588+0000] {processor.py:156} INFO - Started process (PID=164247) to work on /opt/airflow/dags/2_bash_operator.py
[2026-09-13T03:16:45.594+0000] {processor.py:799} INFO - Processing file /opt/airflow/dags/2_bash_operator.py for tasks to queue
[2026-09-13T03:16:45.596+0000] {logging_mixin.py:149} INFO - [2026-09-13T03:16:45.596+0000] {dagbag.py:541} INFO - Filling up the DagBag from /opt/airflow/dags/2_bash_operator.py
[2026-09-13T03:16:45.624+0000] {processor.py:809} INFO - DAG(s) dict_keys(['2-bashoperator']) retrieved from /opt/airflow/dags/2_bash_operator.py
[2026-09-13T03:16:45.704+0000] {logging_mixin.py:149} INFO - [2026-09-13T03:16:45.704+0000] {dag.py:2726} INFO - Sync 1 DAGs
[2026-09-13T03:16:45.780+0000] {logging_mixin.py:149} INFO - [2026-09-13T03:16:45.779+0000] {dag.py:3490} INFO - Setting next_dagrun for 2-bashoperator to 2026-09-13T00:00:00+00:00, run_after=2026-09-14T00:00:00+00:00
[2026-09-13T03:16:45.849+0000] {processor.py:178} INFO - Processing /opt/airflow/dags/2_bash_operator.py took 0.277 seconds
[2026-09-13T03:17:16.014+0000] {processor.py:156} INFO - Started process (PID=164261) to work on /opt/airflow/dags/2_bash_operator.py
[2026-09-13T03:17:16.018+0000] {processor.py:799} INFO - Processing file /opt/airflow/dags/2_bash_operator.py for tasks to queue
[2026-09-13T03:17:16.020+0000] {logging_mixin.py:149} INFO - [2026-09-13T03:17:16.019+0000] {dagbag.py:541} INFO - Filling up the DagBag from /opt/airflow/dags/2_bash_operator.py
[2026-09-13T03:17:16.044+0000] {processor.py:809} INFO - DAG(s) dict_keys(['2-bashoperator']) retrieved from /opt/airflow/dags/2_bash_operator.py
[2026-09-13T03:17:16.132+0000] {logging_mixin.py:149} INFO - [2026-09-13T03:17:16.132+0000] {dag.py:2726} INFO - Sync 1 DAGs
[2026-09-13T03:17:16.213+0000] {logging_mixin.py:149} INFO - [2026-09-13T03:17:16.212+0000] {dag.py:3490} INFO - Setting next_dagrun for 2-bashoperator to 2026-09-13T00:00:00+00:00, run_after=2026-09-14T00:00:00+00:00
[2026-09-13T03:17:16.269+0000] {processor.py:178} INFO - Processing /opt/airflow/dags/2_bash_operator.py took 0.265 seconds
[2026-09-13T03:17:46.490+0000] {processor.py:156} INFO - Started process (PID=164274) to work on /opt/airflow/dags/2_bash_operator.py
[2026-09-13T03:17:46.494+0000] {processor.py:799} INFO - Processing file /opt/airflow/dags/2_bash_operator.py for tasks to queue
[2026-09-13T03:17:46.496+0000] {logging_mixin.py:149} INFO - [2026-09-13T03:17:46.495+0000] {dagbag.py:541} INFO - Filling up the DagBag from /opt/airflow/dags/2_bash_operator.py
[2026-09-13T03:17:46.521+0000] {processor.py:809} INFO - DAG(s) dict_keys(['2-bashoperator']) retrieved from /opt/airflow/dags/2_bash_operator.py
[2026-09-13T03:17:46.614+0000] {logging_mixin.py:149} INFO - [2026-09-13T03:17:46.614+0000] {dag.py:2726} INFO - Sync 1 DAGs
[2026-09-13T03:17:46.680+0000] {logging_mixin.py:149} INFO - [2026-09-13T03:17:46.679+0000] {dag.py:3490} INFO - Setting next_dagrun for 2-bashoperator to 2026-09-13T00:00:00+00:00, run_after=2026-09-14T00:00:00+00:00
[2026-09-13T03:17:46.770+0000] {processor.py:178} INFO - Processing /opt/airflow/dags/2_bash_operator.py took 0.291 seconds
[2026-09-13T03:18:17.005+0000] {processor.py:156} INFO - Started process (PID=164288) to work on /opt/airflow/dags/2_bash_operator.py
[2026-09-13T03:18:17.008+0000] {processor.py:799} INFO - Processing file /opt/airflow/dags/2_bash_operator.py for tasks to queue
[2026-09-13T03:18:17.010+0000] {logging_mixin.py:149} INFO - [2026-09-13T03:18:17.009+0000] {dagbag.py:541} INFO - Filling up the DagBag from /opt/airflow/dags/2_bash_operator.py
[2026-09-13T03:18:17.040+0000] {processor.py:809} INFO - DAG(s) dict_keys(['2-bashoperator']) retrieved from /opt/airflow/dags/2_bash_operator.py
[2026-09-13T03:18:17.131+0000] {logging_mixin.py:149} INFO - [2026-09-13T03:18:17.130+0000] {dag.py:2726} INFO - Sync 1 DAGs
[2026-09-13T03:18:17.182+0000] {logging_mixin.py:149} INFO - [2026-09-13T03:18:17.181+0000] {dag.py:3490} INFO - Setting next_dagrun for 2-bashoperator to 2026-09-13T00:00:00+00:00, run_after=2026-09-14T00:00:00+00:00
[2026-09-13T03:18:17.212+0000] {processor.py:178} INFO - Processing /opt/airflow/dags/2_bash_operator.py took 0.218 seconds
[2026-09-13T03:18:47.338+0000] {processor.py:156} INFO - Started process (PID=164303) to work on /opt/airflow/dags/2_bash_operator.py
[2026-09-13T03:18:47.341+0000] {processor.py:799} INFO - Processing file /opt/airflow/dags/2_bash_operator.py for tasks to queue
[2026-09-13T03:18:47.343+0000] {logging_mixin.py:149} INFO - [2026-09-13T03:18:47.343+0000] {dagbag.py:541} INFO - Filling up the DagBag from /opt/airflow/dags/2_bash_operator.py
[2026-09-13T03:18:47.370+0000] {processor.py:809} INFO - DAG(s) dict_keys(['2-bashoperator']) retrieved from /opt/airflow/dags/2_bash_operator.py
[2026-09-13T03:18:47.464+0000] {logging_mixin.py:149} INFO - [2026-09-13T03:18:47.464+0000] {dag.py:2726} INFO - Sync 1 DAGs
[2026-09-13T03:18:47.546+0000] {logging_mixin.py:149} INFO - [2026-09-13T03:18:47.545+0000] {dag.py:3490} INFO - Setting next_dagrun for 2-bashoperator to 2026-09-13T00:00:00+00:00, run_after=2026-09-14T00:00:00+00:00
[2026-09-13T03:18:47.608+0000] {processor.py:178} INFO - Processing /opt/airflow/dags/2_bash_operator.py took 0.283 seconds
[2026-09-13T03:19:17.678+0000] {processor.py:156} INFO - Started process (PID=164317) to work on /opt/airflow/dags/2_bash_operator.py
[2026-09-13T03:19:17.683+0000] {processor.py:799} INFO - Processing file /opt/airflow/dags/2_bash_operator.py for tasks to queue
[2026-09-13T03:19:17.685+0000] {logging_mixin.py:149} INFO - [2026-09-13T03:19:17.684+0000] {dagbag.py:541} INFO - Filling up the DagBag from /opt/airflow/dags/2_bash_operator.py
[2026-09-13T03:19:17.713+0000] {processor.py:809} INFO - DAG(s) dict_keys(['2-bashoperator']) retrieved from /opt/airflow/dags/2_bash_operator.py
[2026-09-13T03:19:17.825+0000] {logging_mixin.py:149} INFO - [2026-09-13T03:19:17.824+0000] {dag.py:2726} INFO - Sync 1 DAGs
[2026-09-13T03:19:17.902+0000] {logging_mixin.py:149} INFO - [2026-09-13T03:19:17.902+0000] {dag.py:3490} INFO - Setting next_dagrun for 2-bashoperator to 2026-09-13T00:00:00+00:00, run_after=2026-09-14T00:00:00+00:00
[2026-09-13T03:19:17.978+0000] {processor.py:178} INFO - Processing /opt/airflow/dags/2_bash_operator.py took 0.310 seconds
[2026-09-13T03:19:48.108+0000] {processor.py:156} INFO - Started process (PID=164331) to work on /opt/airflow/dags/2_bash_operator.py
[2026-09-13T03:19:48.112+0000] {processor.py:799} INFO - Processing file /opt/airflow/dags/2_bash_operator.py for tasks to queue
[2026-09-13T03:19:48.114+0000] {logging_mixin.py:149} INFO - [2026-09-13T03:19:48.114+0000] {dagbag.py:541} INFO - Filling up the DagBag from /opt/airflow/dags/2_bash_operator.py
[2026-09-13T03:19:48.143+0000] {processor.py:809} INFO - DAG(s) dict_keys(['2-bashoperator']) retrieved from /opt/airflow/dags/2_bash_operator.py
[2026-09-13T03:19:48.231+0000] {logging_mixin.py:149} INFO - [2026-09-13T03:19:48.231+0000] {dag.py:2726} INFO - Sync 1 DAGs
[2026-09-13T03:19:48.305+0000] {logging_mixin.py:149} INFO - [2026-09-13T03:19:48.305+0000] {dag.py:3490} INFO - Setting next_dagrun for 2-bashoperator to 2026-09-13T00:00:00+00:00, run_after=2026-09-14T00:00:00+00:00
[2026-09-13T03:19:48.373+0000] {processor.py:178} INFO - Processing /opt/airflow/dags/2_bash_operator.py took 0.277 seconds
[2026-09-13T03:20:18.625+0000] {processor.py:156} INFO - Started process (PID=164345) to work on /opt/airflow/dags/2_bash_operator.py
[2026-09-13T03:20:18.629+0000] {processor.py:799} INFO - Processing file /opt/airflow/dags/2_bash_operator.py for tasks to queue
[2026-09-13T03:20:18.631+0000] {logging_mixin.py:149} INFO - [2026-09-13T03:20:18.631+0000] {dagbag.py:541} INFO - Filling up the DagBag from /opt/airflow/dags/2_bash_operator.py
[2026-09-13T03:20:18.656+0000] {processor.py:809} INFO - DAG(s) dict_keys(['2-bashoperator']) retrieved from /opt/airflow/dags/2_bash_operator.py
[2026-09-13T03:20:18.749+0000] {logging_mixin.py:149} INFO - [2026-09-13T03:20:18.749+0000] {dag.py:2726} INFO - Sync 1 DAGs
[2026-09-13T03:20:18.826+0000] {logging_mixin.py:149} INFO - [2026-09-13T03:20:18.826+0000] {dag.py:3490} INFO - Setting next_dagrun for 2-bashoperator to 2026-09-13T00:00:00+00:00, run_after=2026-09-14T00:00:00+00:00
[2026-09-13T03:20:18.895+0000] {processor.py:178} INFO - Processing /opt/airflow/dags/2_bash_operator.py took 0.281 seconds
[2026-09-13T03:20:49.162+0000] {processor.py:156} INFO - Started process (PID=164359) to work on /opt/airflow/dags/2_bash_operator.py
[2026-09-13T03:20:49.165+0000] {processor.py:799} INFO - Processing file /opt/airflow/dags/2_bash_operator.py for tasks to queue
[2026-09-13T03:20:49.167+0000] {logging_mixin.py:149} INFO - [2026-09-13T03:20:49.167+0000] {dagbag.py:541} INFO - Filling up the DagBag from /opt/airflow/dags/2_bash_operator.py
[2026-09-13T03:20:49.193+0000] {processor.py:809} INFO - DAG(s) dict_keys(['2-bashoperator']) retrieved from /opt/airflow/dags/2_bash_operator.py
[2026-09-13T03:20:49.276+0000] {logging_mixin.py:149} INFO - [2026-09-13T03:20:49.276+0000] {dag.py:2726} INFO - Sync 1 DAGs
[2026-09-13T03:20:49.347+0000] {logging_mixin.py:149} INFO - [2026-09-13T03:20:49.347+0000] {dag.py:3490} INFO - Setting next_dagrun for 2-bashoperator to 2026-09-13T00:00:00+00:00, run_after=2026-09-14T00:00:00+00:00
[2026-09-13T03:20:49.408+0000] {processor.py:178} INFO - Processing /opt/airflow/dags/2_bash_operator.py took 0.258 seconds
[2026-09-13T03:21:19.568+0000] {processor.py:156} INFO - Started process (PID=164373) to work on /opt/airflow/dags/2_bash_operator.py
[2026-09-13T03:21:19.571+0000] {processor.py:799} INFO - Processing file /opt/airflow/dags/2_bash_operator.py for tasks to queue
[2026-09-13T03:21:19.574+0000] {logging_mixin.py:149} INFO - [2026-09-13T03:21:19.573+0000] {dagbag.py:541} INFO - Filling up the DagBag from /opt/airflow/dags/2_bash_operator.py
[2026-09-13T03:21:19.599+0000] {processor.py:809} INFO - DAG(s) dict_keys(['2-bashoperator']) retrieved from /opt/airflow/dags/2_bash_operator.py
[2026-09-13T03:21:19.688+0000] {logging_mixin.py:149} INFO - [2026-09-13T03:21:19.688+0000] {dag.py:2726} INFO - Sync 1 DAGs
[2026-09-13T03:21:19.761+0000] {logging_mixin.py:149} INFO - [2026-09-13T03:21:19.761+0000] {dag.py:3490} INFO - Setting next_dagrun for 2-bashoperator to 2026-09-13T00:00:00+00:00, run_after=2026-09-14T00:00:00+00:00
[2026-09-13T03:21:19.824+0000] {processor.py:178} INFO - Processing /opt/airflow/dags/2_bash_operator.py took 0.270 seconds
[2026-09-13T03:21:50.076+0000] {processor.py:156} INFO - Started process (PID=164387) to work on /opt/airflow/dags/2_bash_operator.py
[2026-09-13T03:21:50.080+0000] {processor.py:799} INFO - Processing file /opt/airflow/dags/2_bash_operator.py for tasks to queue
[2026-09-13T03:21:50.082+0000] {logging_mixin.py:149} INFO - [2026-09-13T03:21:50.082+0000] {dagbag.py:541} INFO - Filling up the DagBag from /opt/airflow/dags/2_bash_operator.py
[2026-09-13T03:21:50.113+0000] {processor.py:809} INFO - DAG(s) dict_keys(['2-bashoperator']) retrieved from /opt/airflow/dags/2_bash_operator.py
[2026-09-13T03:21:50.213+0000] {logging_mixin.py:149} INFO - [2026-09-13T03:21:50.212+0000] {dag.py:2726} INFO - Sync 1 DAGs
[2026-09-13T03:21:50.287+0000] {logging_mixin.py:149} INFO - [2026-09-13T03:21:50.287+0000] {dag.py:3490} INFO - Setting next_dagrun for 2-bashoperator to 2026-09-13T00:00:00+00:00, run_after=2026-09-14T00:00:00+00:00
[2026-09-13T03:21:50.364+0000] {processor.py:178} INFO - Processing /opt/airflow/dags/2_bash_operator.py took 0.299 seconds
[2026-09-13T03:22:20.678+0000] {processor.py:156} INFO - Started process (PID=164402) to work on /opt/airflow/dags/2_bash_operator.py
[2026-09-13T03:22:20.681+0000] {processor.py:799} INFO - Processing file /opt/airflow/dags/2_bash_operator.py for tasks to queue
[2026-09-13T03:22:20.683+0000] {logging_mixin.py:149} INFO - [2026-09-13T03:22:20.683+0000] {dagbag.py:541} INFO - Filling up the DagBag from /opt/airflow/dags/2_bash_operator.py
[2026-09-13T03:22:20.709+0000] {processor.py:809} INFO - DAG(s) dict_keys(['2-bashoperator']) retrieved from /opt/airflow/dags/2_bash_operator.py
[2026-09-13T03:22:20.797+0000] {logging_mixin.py:149} INFO - [2026-09-13T03:22:20.797+0000] {dag.py:2726} INFO - Sync 1 DAGs
[2026-09-13T03:22:20.868+0000] {logging_mixin.py:149} INFO - [2026-09-13T03:22:20.867+0000] {dag.py:3490} INFO - Setting next_dagrun for 2-bashoperator to 2026-09-13T00:00:00+00:00, run_after=2026-09-14T00:00:00+00:00
[2026-09-13T03:22:20.934+0000] {processor.py:178} INFO - Processing /opt/airflow/dags/2_bash_operator.py took 0.267 seconds
[2026-09-13T03:22:51.117+0000] {processor.py:156} INFO - Started process (PID=164416) to work on /opt/airflow/dags/2_bash_operator.py
[2026-09-13T03:22:51.121+0000] {processor.py:799} INFO - Processing file /opt/airflow/dags/2_bash_operator.py for tasks to queue
[2026-09-13T03:22:51.123+0000] {logging_mixin.py:149} INFO - [2026-09-13T03:22:51.122+0000] {dagbag.py:541} INFO - Filling up the DagBag from /opt/airflow/dags/2_bash_operator.py
[2026-09-13T03:22:51.151+0000] {processor.py:809} INFO - DAG(s) dict_keys(['2-bashoperator']) retrieved from /opt/airflow/dags/2_bash_operator.py
[2026-09-13T03:22:51.235+0000] {logging_mixin.py:149} INFO - [2026-09-13T03:22:51.234+0000] {dag.py:2726} INFO - Sync 1 DAGs
[2026-09-13T03:22:51.304+0000] {logging_mixin.py:149} INFO - [2026-09-13T03:22:51.303+0000] {dag.py:3490} INFO - Setting next_dagrun for 2-bashoperator to 2026-09-13T00:00:00+00:00, run_after=2026-09-14T00:00:00+00:00
[2026-09-13T03:22:51.366+0000] {processor.py:178} INFO - Processing /opt/airflow/dags/2_bash_operator.py took 0.260 seconds
[2026-09-13T03:23:21.573+0000] {processor.py:156} INFO - Started process (PID=164430) to work on /opt/airflow/dags/2_bash_operator.py
[2026-09-13T03:23:21.576+0000] {processor.py:799} INFO - Processing file /opt/airflow/dags/2_bash_operator.py for tasks to queue
[2026-09-13T03:23:21.578+0000] {logging_mixin.py:149} INFO - [2026-09-13T03:23:21.578+0000] {dagbag.py:541} INFO - Filling up the DagBag from /opt/airflow/dags/2_bash_operator.py
[2026-09-13T03:23:21.598+0000] {processor.py:809} INFO - DAG(s) dict_keys(['2-bashoperator']) retrieved from /opt/airflow/dags/2_bash_operator.py
[2026-09-13T03:23:21.697+0000] {logging_mixin.py:149} INFO - [2026-09-13T03:23:21.696+0000] {dag.py:2726} INFO - Sync 1 DAGs
[2026-09-13T03:23:21.770+0000] {logging_mixin.py:149} INFO - [2026-09-13T03:23:21.770+0000] {dag.py:3490} INFO - Setting next_dagrun for 2-bashoperator to 2026-09-13T00:00:00+00:00, run_after=2026-09-14T00:00:00+00:00
[2026-09-13T03:23:21.841+0000] {processor.py:178} INFO - Processing /opt/airflow/dags/2_bash_operator.py took 0.280 seconds
[2026-09-13T03:23:51.978+0000] {processor.py:156} INFO - Started process (PID=164444) to work on /opt/airflow/dags/2_bash_operator.py
[2026-09-13T03:23:51.981+0000] {processor.py:799} INFO - Processing file /opt/airflow/dags/2_bash_operator.py for tasks to queue
[2026-09-13T03:23:51.983+0000] {logging_mixin.py:149} INFO - [2026-09-13T03:23:51.983+0000] {dagbag.py:541} INFO - Filling up the DagBag from /opt/airflow/dags/2_bash_operator.py
[2026-09-13T03:23:52.009+0000] {processor.py:809} INFO - DAG(s) dict_keys(['2-bashoperator']) retrieved from /opt/airflow/dags/2_bash_operator.py
[2026-09-13T03:23:52.097+0000] {logging_mixin.py:149} INFO - [2026-09-13T03:23:52.096+0000] {dag.py:2726} INFO - Sync 1 DAGs
[2026-09-13T03:23:52.168+0000] {logging_mixin.py:149} INFO - [2026-09-13T03:23:52.168+0000] {dag.py:3490} INFO - Setting next_dagrun for 2-bashoperator to 2026-09-13T00:00:00+00:00, run_after=2026-09-14T00:00:00+00:00
[2026-09-13T03:23:52.237+0000] {processor.py:178} INFO - Processing /opt/airflow/dags/2_bash_operator.py took 0.270 seconds
[2026-09-13T03:24:23.167+0000] {processor.py:156} INFO - Started process (PID=164458) to work on /opt/airflow/dags/2_bash_operator.py
[2026-09-13T03:24:23.171+0000] {processor.py:799} INFO - Processing file /opt/airflow/dags/2_bash_operator.py for tasks to queue
[2026-09-13T03:24:23.173+0000] {logging_mixin.py:149} INFO - [2026-09-13T03:24:23.173+0000] {dagbag.py:541} INFO - Filling up the DagBag from /opt/airflow/dags/2_bash_operator.py
[2026-09-13T03:24:23.200+0000] {processor.py:809} INFO - DAG(s) dict_keys(['2-bashoperator']) retrieved from /opt/airflow/dags/2_bash_operator.py
[2026-09-13T03:24:23.284+0000] {logging_mixin.py:149} INFO - [2026-09-13T03:24:23.283+0000] {dag.py:2726} INFO - Sync 1 DAGs
[2026-09-13T03:24:23.357+0000] {logging_mixin.py:149} INFO - [2026-09-13T03:24:23.356+0000] {dag.py:3490} INFO - Setting next_dagrun for 2-bashoperator to 2026-09-13T00:00:00+00:00, run_after=2026-09-14T00:00:00+00:00
[2026-09-13T03:24:23.402+0000] {processor.py:178} INFO - Processing /opt/airflow/dags/2_bash_operator.py took 0.245 seconds
[2026-09-13T03:24:53.528+0000] {processor.py:156} INFO - Started process (PID=164472) to work on /opt/airflow/dags/2_bash_operator.py
[2026-09-13T03:24:53.531+0000] {processor.py:799} INFO - Processing file /opt/airflow/dags/2_bash_operator.py for tasks to queue
[2026-09-13T03:24:53.533+0000] {logging_mixin.py:149} INFO - [2026-09-13T03:24:53.533+0000] {dagbag.py:541} INFO - Filling up the DagBag from /opt/airflow/dags/2_bash_operator.py
[2026-09-13T03:24:53.558+0000] {processor.py:809} INFO - DAG(s) dict_keys(['2-bashoperator']) retrieved from /opt/airflow/dags/2_bash_operator.py
[2026-09-13T03:24:53.649+0000] {logging_mixin.py:149} INFO - [2026-09-13T03:24:53.649+0000] {dag.py:2726} INFO - Sync 1 DAGs
[2026-09-13T03:24:53.709+0000] {logging_mixin.py:149} INFO - [2026-09-13T03:24:53.709+0000] {dag.py:3490} INFO - Setting next_dagrun for 2-bashoperator to 2026-09-13T00:00:00+00:00, run_after=2026-09-14T00:00:00+00:00
[2026-09-13T03:24:53.766+0000] {processor.py:178} INFO - Processing /opt/airflow/dags/2_bash_operator.py took 0.249 seconds
[2026-09-13T03:25:23.918+0000] {processor.py:156} INFO - Started process (PID=164486) to work on /opt/airflow/dags/2_bash_operator.py
[2026-09-13T03:25:23.922+0000] {processor.py:799} INFO - Processing file /opt/airflow/dags/2_bash_operator.py for tasks to queue
[2026-09-13T03:25:23.923+0000] {logging_mixin.py:149} INFO - [2026-09-13T03:25:23.923+0000] {dagbag.py:541} INFO - Filling up the DagBag from /opt/airflow/dags/2_bash_operator.py
[2026-09-13T03:25:23.939+0000] {processor.py:809} INFO - DAG(s) dict_keys(['2-bashoperator']) retrieved from /opt/airflow/dags/2_bash_operator.py
[2026-09-13T03:25:24.020+0000] {logging_mixin.py:149} INFO - [2026-09-13T03:25:24.020+0000] {dag.py:2726} INFO - Sync 1 DAGs
[2026-09-13T03:25:24.087+0000] {logging_mixin.py:149} INFO - [2026-09-13T03:25:24.086+0000] {dag.py:3490} INFO - Setting next_dagrun for 2-bashoperator to 2026-09-13T00:00:00+00:00, run_after=2026-09-14T00:00:00+00:00
[2026-09-13T03:25:24.154+0000] {processor.py:178} INFO - Processing /opt/airflow/dags/2_bash_operator.py took 0.241 seconds
[2026-09-13T03:25:54.479+0000] {processor.py:156} INFO - Started process (PID=164500) to work on /opt/airflow/dags/2_bash_operator.py
[2026-09-13T03:25:54.482+0000] {processor.py:799} INFO - Processing file /opt/airflow/dags/2_bash_operator.py for tasks to queue
[2026-09-13T03:25:54.483+0000] {logging_mixin.py:149} INFO - [2026-09-13T03:25:54.483+0000] {dagbag.py:541} INFO - Filling up the DagBag from /opt/airflow/dags/2_bash_operator.py
[2026-09-13T03:25:54.501+0000] {processor.py:809} INFO - DAG(s) dict_keys(['2-bashoperator']) retrieved from /opt/airflow/dags/2_bash_operator.py
[2026-09-13T03:25:54.562+0000] {logging_mixin.py:149} INFO - [2026-09-13T03:25:54.562+0000] {dag.py:2726} INFO - Sync 1 DAGs
[2026-09-13T03:25:54.627+0000] {logging_mixin.py:149} INFO - [2026-09-13T03:25:54.627+0000] {dag.py:3490} INFO - Setting next_dagrun for 2-bashoperator to 2026-09-13T00:00:00+00:00, run_after=2026-09-14T00:00:00+00:00
[2026-09-13T03:25:54.706+0000] {processor.py:178} INFO - Processing /opt/airflow/dags/2_bash_operator.py took 0.233 seconds
[2026-09-13T03:26:24.900+0000] {processor.py:156} INFO - Started process (PID=164514) to work on /opt/airflow/dags/2_bash_operator.py
[2026-09-13T03:26:24.903+0000] {processor.py:799} INFO - Processing file /opt/airflow/dags/2_bash_operator.py for tasks to queue
[2026-09-13T03:26:24.905+0000] {logging_mixin.py:149} INFO - [2026-09-13T03:26:24.905+0000] {dagbag.py:541} INFO - Filling up the DagBag from /opt/airflow/dags/2_bash_operator.py
[2026-09-13T03:26:24.931+0000] {processor.py:809} INFO - DAG(s) dict_keys(['2-bashoperator']) retrieved from /opt/airflow/dags/2_bash_operator.py
[2026-09-13T03:26:25.015+0000] {logging_mixin.py:149} INFO - [2026-09-13T03:26:25.014+0000] {dag.py:2726} INFO - Sync 1 DAGs
[2026-09-13T03:26:25.068+0000] {logging_mixin.py:149} INFO - [2026-09-13T03:26:25.067+0000] {dag.py:3490} INFO - Setting next_dagrun for 2-bashoperator to 2026-09-13T00:00:00+00:00, run_after=2026-09-14T00:00:00+00:00
[2026-09-13T03:26:25.119+0000] {processor.py:178} INFO - Processing /opt/airflow/dags/2_bash_operator.py took 0.233 seconds
[2026-09-13T03:26:55.400+0000] {processor.py:156} INFO - Started process (PID=164528) to work on /opt/airflow/dags/2_bash_operator.py
[2026-09-13T03:26:55.404+0000] {processor.py:799} INFO - Processing file /opt/airflow/dags/2_bash_operator.py for tasks to queue
[2026-09-13T03:26:55.406+0000] {logging_mixin.py:149} INFO - [2026-09-13T03:26:55.405+0000] {dagbag.py:541} INFO - Filling up the DagBag from /opt/airflow/dags/2_bash_operator.py
[2026-09-13T03:26:55.431+0000] {processor.py:809} INFO - DAG(s) dict_keys(['2-bashoperator']) retrieved from /opt/airflow/dags/2_bash_operator.py
[2026-09-13T03:26:55.517+0000] {logging_mixin.py:149} INFO - [2026-09-13T03:26:55.517+0000] {dag.py:2726} INFO - Sync 1 DAGs
[2026-09-13T03:26:55.593+0000] {logging_mixin.py:149} INFO - [2026-09-13T03:26:55.593+0000] {dag.py:3490} INFO - Setting next_dagrun for 2-bashoperator to 2026-09-13T00:00:00+00:00, run_after=2026-09-14T00:00:00+00:00
[2026-09-13T03:26:55.652+0000] {processor.py:178} INFO - Processing /opt/airflow/dags/2_bash_operator.py took 0.264 seconds
[2026-09-13T03:27:25.902+0000] {processor.py:156} INFO - Started process (PID=164543) to work on /opt/airflow/dags/2_bash_operator.py
[2026-09-13T03:27:25.907+0000] {processor.py:799} INFO - Processing file /opt/airflow/dags/2_bash_operator.py for tasks to queue
[2026-09-13T03:27:25.909+0000] {logging_mixin.py:149} INFO - [2026-09-13T03:27:25.909+0000] {dagbag.py:541} INFO - Filling up the DagBag from /opt/airflow/dags/2_bash_operator.py
[2026-09-13T03:27:25.935+0000] {processor.py:809} INFO - DAG(s) dict_keys(['2-bashoperator']) retrieved from /opt/airflow/dags/2_bash_operator.py
[2026-09-13T03:27:26.033+0000] {logging_mixin.py:149} INFO - [2026-09-13T03:27:26.033+0000] {dag.py:2726} INFO - Sync 1 DAGs
[2026-09-13T03:27:26.097+0000] {logging_mixin.py:149} INFO - [2026-09-13T03:27:26.096+0000] {dag.py:3490} INFO - Setting next_dagrun for 2-bashoperator to 2026-09-13T00:00:00+00:00, run_after=2026-09-14T00:00:00+00:00
[2026-09-13T03:27:26.156+0000] {processor.py:178} INFO - Processing /opt/airflow/dags/2_bash_operator.py took 0.266 seconds
[2026-09-13T03:27:56.248+0000] {processor.py:156} INFO - Started process (PID=164557) to work on /opt/airflow/dags/2_bash_operator.py
[2026-09-13T03:27:56.252+0000] {processor.py:799} INFO - Processing file /opt/airflow/dags/2_bash_operator.py for tasks to queue
[2026-09-13T03:27:56.254+0000] {logging_mixin.py:149} INFO - [2026-09-13T03:27:56.254+0000] {dagbag.py:541} INFO - Filling up the DagBag from /opt/airflow/dags/2_bash_operator.py
[2026-09-13T03:27:56.282+0000] {processor.py:809} INFO - DAG(s) dict_keys(['2-bashoperator']) retrieved from /opt/airflow/dags/2_bash_operator.py
[2026-09-13T03:27:56.371+0000] {logging_mixin.py:149} INFO - [2026-09-13T03:27:56.370+0000] {dag.py:2726} INFO - Sync 1 DAGs
[2026-09-13T03:27:56.435+0000] {logging_mixin.py:149} INFO - [2026-09-13T03:27:56.434+0000] {dag.py:3490} INFO - Setting next_dagrun for 2-bashoperator to 2026-09-13T00:00:00+00:00, run_after=2026-09-14T00:00:00+00:00
[2026-09-13T03:27:56.489+0000] {processor.py:178} INFO - Processing /opt/airflow/dags/2_bash_operator.py took 0.254 seconds
[2026-09-13T03:28:26.695+0000] {processor.py:156} INFO - Started process (PID=164571) to work on /opt/airflow/dags/2_bash_operator.py
[2026-09-13T03:28:26.699+0000] {processor.py:799} INFO - Processing file /opt/airflow/dags/2_bash_operator.py for tasks to queue
[2026-09-13T03:28:26.701+0000] {logging_mixin.py:149} INFO - [2026-09-13T03:28:26.701+0000] {dagbag.py:541} INFO - Filling up the DagBag from /opt/airflow/dags/2_bash_operator.py
[2026-09-13T03:28:26.728+0000] {processor.py:809} INFO - DAG(s) dict_keys(['2-bashoperator']) retrieved from /opt/airflow/dags/2_bash_operator.py
[2026-09-13T03:28:26.825+0000] {logging_mixin.py:149} INFO - [2026-09-13T03:28:26.825+0000] {dag.py:2726} INFO - Sync 1 DAGs
[2026-09-13T03:28:26.908+0000] {logging_mixin.py:149} INFO - [2026-09-13T03:28:26.908+0000] {dag.py:3490} INFO - Setting next_dagrun for 2-bashoperator to 2026-09-13T00:00:00+00:00, run_after=2026-09-14T00:00:00+00:00
[2026-09-13T03:28:26.965+0000] {processor.py:178} INFO - Processing /opt/airflow/dags/2_bash_operator.py took 0.281 seconds
[2026-09-13T03:28:57.100+0000] {processor.py:156} INFO - Started process (PID=164585) to work on /opt/airflow/dags/2_bash_operator.py
[2026-09-13T03:28:57.106+0000] {processor.py:799} INFO - Processing file /opt/airflow/dags/2_bash_operator.py for tasks to queue
[2026-09-13T03:28:57.109+0000] {logging_mixin.py:149} INFO - [2026-09-13T03:28:57.108+0000] {dagbag.py:541} INFO - Filling up the DagBag from /opt/airflow/dags/2_bash_operator.py
[2026-09-13T03:28:57.137+0000] {processor.py:809} INFO - DAG(s) dict_keys(['2-bashoperator']) retrieved from /opt/airflow/dags/2_bash_operator.py
[2026-09-13T03:28:57.230+0000] {logging_mixin.py:149} INFO - [2026-09-13T03:28:57.230+0000] {dag.py:2726} INFO - Sync 1 DAGs
[2026-09-13T03:28:57.324+0000] {logging_mixin.py:149} INFO - [2026-09-13T03:28:57.324+0000] {dag.py:3490} INFO - Setting next_dagrun for 2-bashoperator to 2026-09-13T00:00:00+00:00, run_after=2026-09-14T00:00:00+00:00
[2026-09-13T03:28:57.395+0000] {processor.py:178} INFO - Processing /opt/airflow/dags/2_bash_operator.py took 0.306 seconds
[2026-09-13T03:29:27.588+0000] {processor.py:156} INFO - Started process (PID=164598) to work on /opt/airflow/dags/2_bash_operator.py
[2026-09-13T03:29:27.594+0000] {processor.py:799} INFO - Processing file /opt/airflow/dags/2_bash_operator.py for tasks to queue
[2026-09-13T03:29:27.596+0000] {logging_mixin.py:149} INFO - [2026-09-13T03:29:27.595+0000] {dagbag.py:541} INFO - Filling up the DagBag from /opt/airflow/dags/2_bash_operator.py
[2026-09-13T03:29:27.624+0000] {processor.py:809} INFO - DAG(s) dict_keys(['2-bashoperator']) retrieved from /opt/airflow/dags/2_bash_operator.py
[2026-09-13T03:29:27.717+0000] {logging_mixin.py:149} INFO - [2026-09-13T03:29:27.717+0000] {dag.py:2726} INFO - Sync 1 DAGs
[2026-09-13T03:29:27.812+0000] {logging_mixin.py:149} INFO - [2026-09-13T03:29:27.812+0000] {dag.py:3490} INFO - Setting next_dagrun for 2-bashoperator to 2026-09-13T00:00:00+00:00, run_after=2026-09-14T00:00:00+00:00
[2026-09-13T03:29:27.866+0000] {processor.py:178} INFO - Processing /opt/airflow/dags/2_bash_operator.py took 0.288 seconds
[2026-09-13T03:29:58.733+0000] {processor.py:156} INFO - Started process (PID=164617) to work on /opt/airflow/dags/2_bash_operator.py
[2026-09-13T03:29:58.745+0000] {processor.py:799} INFO - Processing file /opt/airflow/dags/2_bash_operator.py for tasks to queue
[2026-09-13T03:29:58.750+0000] {logging_mixin.py:149} INFO - [2026-09-13T03:29:58.749+0000] {dagbag.py:541} INFO - Filling up the DagBag from /opt/airflow/dags/2_bash_operator.py
[2026-09-13T03:29:58.790+0000] {processor.py:809} INFO - DAG(s) dict_keys(['2-bashoperator']) retrieved from /opt/airflow/dags/2_bash_operator.py
[2026-09-13T03:29:58.889+0000] {logging_mixin.py:149} INFO - [2026-09-13T03:29:58.888+0000] {dag.py:2726} INFO - Sync 1 DAGs
[2026-09-13T03:29:58.962+0000] {logging_mixin.py:149} INFO - [2026-09-13T03:29:58.962+0000] {dag.py:3490} INFO - Setting next_dagrun for 2-bashoperator to 2026-09-13T00:00:00+00:00, run_after=2026-09-14T00:00:00+00:00
[2026-09-13T03:29:59.044+0000] {processor.py:178} INFO - Processing /opt/airflow/dags/2_bash_operator.py took 0.337 seconds
[2026-09-13T03:30:29.266+0000] {processor.py:156} INFO - Started process (PID=164632) to work on /opt/airflow/dags/2_bash_operator.py
[2026-09-13T03:30:29.269+0000] {processor.py:799} INFO - Processing file /opt/airflow/dags/2_bash_operator.py for tasks to queue
[2026-09-13T03:30:29.270+0000] {logging_mixin.py:149} INFO - [2026-09-13T03:30:29.270+0000] {dagbag.py:541} INFO - Filling up the DagBag from /opt/airflow/dags/2_bash_operator.py
[2026-09-13T03:30:29.296+0000] {processor.py:809} INFO - DAG(s) dict_keys(['2-bashoperator']) retrieved from /opt/airflow/dags/2_bash_operator.py
[2026-09-13T03:30:29.399+0000] {logging_mixin.py:149} INFO - [2026-09-13T03:30:29.398+0000] {dag.py:2726} INFO - Sync 1 DAGs
[2026-09-13T03:30:29.492+0000] {logging_mixin.py:149} INFO - [2026-09-13T03:30:29.491+0000] {dag.py:3490} INFO - Setting next_dagrun for 2-bashoperator to 2026-09-13T00:00:00+00:00, run_after=2026-09-14T00:00:00+00:00
[2026-09-13T03:30:29.566+0000] {processor.py:178} INFO - Processing /opt/airflow/dags/2_bash_operator.py took 0.311 seconds
[2026-09-13T03:30:59.808+0000] {processor.py:156} INFO - Started process (PID=164646) to work on /opt/airflow/dags/2_bash_operator.py
[2026-09-13T03:30:59.811+0000] {processor.py:799} INFO - Processing file /opt/airflow/dags/2_bash_operator.py for tasks to queue
[2026-09-13T03:30:59.812+0000] {logging_mixin.py:149} INFO - [2026-09-13T03:30:59.812+0000] {dagbag.py:541} INFO - Filling up the DagBag from /opt/airflow/dags/2_bash_operator.py
[2026-09-13T03:30:59.842+0000] {processor.py:809} INFO - DAG(s) dict_keys(['2-bashoperator']) retrieved from /opt/airflow/dags/2_bash_operator.py
[2026-09-13T03:30:59.943+0000] {logging_mixin.py:149} INFO - [2026-09-13T03:30:59.943+0000] {dag.py:2726} INFO - Sync 1 DAGs
[2026-09-13T03:31:00.023+0000] {logging_mixin.py:149} INFO - [2026-09-13T03:31:00.022+0000] {dag.py:3490} INFO - Setting next_dagrun for 2-bashoperator to 2026-09-13T00:00:00+00:00, run_after=2026-09-14T00:00:00+00:00
[2026-09-13T03:31:00.094+0000] {processor.py:178} INFO - Processing /opt/airflow/dags/2_bash_operator.py took 0.296 seconds
[2026-09-13T03:31:30.393+0000] {processor.py:156} INFO - Started process (PID=164660) to work on /opt/airflow/dags/2_bash_operator.py
[2026-09-13T03:31:30.397+0000] {processor.py:799} INFO - Processing file /opt/airflow/dags/2_bash_operator.py for tasks to queue
[2026-09-13T03:31:30.399+0000] {logging_mixin.py:149} INFO - [2026-09-13T03:31:30.399+0000] {dagbag.py:541} INFO - Filling up the DagBag from /opt/airflow/dags/2_bash_operator.py
[2026-09-13T03:31:30.426+0000] {processor.py:809} INFO - DAG(s) dict_keys(['2-bashoperator']) retrieved from /opt/airflow/dags/2_bash_operator.py
[2026-09-13T03:31:30.508+0000] {logging_mixin.py:149} INFO - [2026-09-13T03:31:30.508+0000] {dag.py:2726} INFO - Sync 1 DAGs
[2026-09-13T03:31:30.576+0000] {logging_mixin.py:149} INFO - [2026-09-13T03:31:30.575+0000] {dag.py:3490} INFO - Setting next_dagrun for 2-bashoperator to 2026-09-13T00:00:00+00:00, run_after=2026-09-14T00:00:00+00:00
[2026-09-13T03:31:30.642+0000] {processor.py:178} INFO - Processing /opt/airflow/dags/2_bash_operator.py took 0.258 seconds
[2026-09-13T03:32:00.817+0000] {processor.py:156} INFO - Started process (PID=164675) to work on /opt/airflow/dags/2_bash_operator.py
[2026-09-13T03:32:00.823+0000] {processor.py:799} INFO - Processing file /opt/airflow/dags/2_bash_operator.py for tasks to queue
[2026-09-13T03:32:00.824+0000] {logging_mixin.py:149} INFO - [2026-09-13T03:32:00.824+0000] {dagbag.py:541} INFO - Filling up the DagBag from /opt/airflow/dags/2_bash_operator.py
[2026-09-13T03:32:00.841+0000] {processor.py:809} INFO - DAG(s) dict_keys(['2-bashoperator']) retrieved from /opt/airflow/dags/2_bash_operator.py
[2026-09-13T03:32:00.884+0000] {logging_mixin.py:149} INFO - [2026-09-13T03:32:00.883+0000] {dag.py:2726} INFO - Sync 1 DAGs
[2026-09-13T03:32:00.923+0000] {logging_mixin.py:149} INFO - [2026-09-13T03:32:00.922+0000] {dag.py:3490} INFO - Setting next_dagrun for 2-bashoperator to 2026-09-13T00:00:00+00:00, run_after=2026-09-14T00:00:00+00:00
[2026-09-13T03:32:00.959+0000] {processor.py:178} INFO - Processing /opt/airflow/dags/2_bash_operator.py took 0.147 seconds
[2026-09-13T03:32:31.241+0000] {processor.py:156} INFO - Started process (PID=164688) to work on /opt/airflow/dags/2_bash_operator.py
[2026-09-13T03:32:31.245+0000] {processor.py:799} INFO - Processing file /opt/airflow/dags/2_bash_operator.py for tasks to queue
[2026-09-13T03:32:31.247+0000] {logging_mixin.py:149} INFO - [2026-09-13T03:32:31.247+0000] {dagbag.py:541} INFO - Filling up the DagBag from /opt/airflow/dags/2_bash_operator.py
[2026-09-13T03:32:31.279+0000] {processor.py:809} INFO - DAG(s) dict_keys(['2-bashoperator']) retrieved from /opt/airflow/dags/2_bash_operator.py
[2026-09-13T03:32:31.348+0000] {logging_mixin.py:149} INFO - [2026-09-13T03:32:31.347+0000] {dag.py:2726} INFO - Sync 1 DAGs
[2026-09-13T03:32:31.436+0000] {logging_mixin.py:149} INFO - [2026-09-13T03:32:31.436+0000] {dag.py:3490} INFO - Setting next_dagrun for 2-bashoperator to 2026-09-13T00:00:00+00:00, run_after=2026-09-14T00:00:00+00:00
[2026-09-13T03:32:31.469+0000] {processor.py:178} INFO - Processing /opt/airflow/dags/2_bash_operator.py took 0.238 seconds
[2026-09-13T03:33:01.723+0000] {processor.py:156} INFO - Started process (PID=164703) to work on /opt/airflow/dags/2_bash_operator.py
[2026-09-13T03:33:01.727+0000] {processor.py:799} INFO - Processing file /opt/airflow/dags/2_bash_operator.py for tasks to queue
[2026-09-13T03:33:01.730+0000] {logging_mixin.py:149} INFO - [2026-09-13T03:33:01.729+0000] {dagbag.py:541} INFO - Filling up the DagBag from /opt/airflow/dags/2_bash_operator.py
[2026-09-13T03:33:01.756+0000] {processor.py:809} INFO - DAG(s) dict_keys(['2-bashoperator']) retrieved from /opt/airflow/dags/2_bash_operator.py
[2026-09-13T03:33:01.843+0000] {logging_mixin.py:149} INFO - [2026-09-13T03:33:01.843+0000] {dag.py:2726} INFO - Sync 1 DAGs
[2026-09-13T03:33:01.913+0000] {logging_mixin.py:149} INFO - [2026-09-13T03:33:01.912+0000] {dag.py:3490} INFO - Setting next_dagrun for 2-bashoperator to 2026-09-13T00:00:00+00:00, run_after=2026-09-14T00:00:00+00:00
[2026-09-13T03:33:01.983+0000] {processor.py:178} INFO - Processing /opt/airflow/dags/2_bash_operator.py took 0.273 seconds
[2026-09-13T03:33:32.475+0000] {processor.py:156} INFO - Started process (PID=164718) to work on /opt/airflow/dags/2_bash_operator.py
[2026-09-13T03:33:32.479+0000] {processor.py:799} INFO - Processing file /opt/airflow/dags/2_bash_operator.py for tasks to queue
[2026-09-13T03:33:32.481+0000] {logging_mixin.py:149} INFO - [2026-09-13T03:33:32.480+0000] {dagbag.py:541} INFO - Filling up the DagBag from /opt/airflow/dags/2_bash_operator.py
[2026-09-13T03:33:32.507+0000] {processor.py:809} INFO - DAG(s) dict_keys(['2-bashoperator']) retrieved from /opt/airflow/dags/2_bash_operator.py
[2026-09-13T03:33:32.595+0000] {logging_mixin.py:149} INFO - [2026-09-13T03:33:32.595+0000] {dag.py:2726} INFO - Sync 1 DAGs
[2026-09-13T03:33:32.669+0000] {logging_mixin.py:149} INFO - [2026-09-13T03:33:32.668+0000] {dag.py:3490} INFO - Setting next_dagrun for 2-bashoperator to 2026-09-13T00:00:00+00:00, run_after=2026-09-14T00:00:00+00:00
[2026-09-13T03:33:32.735+0000] {processor.py:178} INFO - Processing /opt/airflow/dags/2_bash_operator.py took 0.272 seconds
[2026-09-13T03:34:03.027+0000] {processor.py:156} INFO - Started process (PID=164732) to work on /opt/airflow/dags/2_bash_operator.py
[2026-09-13T03:34:03.031+0000] {processor.py:799} INFO - Processing file /opt/airflow/dags/2_bash_operator.py for tasks to queue
[2026-09-13T03:34:03.033+0000] {logging_mixin.py:149} INFO - [2026-09-13T03:34:03.033+0000] {dagbag.py:541} INFO - Filling up the DagBag from /opt/airflow/dags/2_bash_operator.py
[2026-09-13T03:34:03.060+0000] {processor.py:809} INFO - DAG(s) dict_keys(['2-bashoperator']) retrieved from /opt/airflow/dags/2_bash_operator.py
[2026-09-13T03:34:03.141+0000] {logging_mixin.py:149} INFO - [2026-09-13T03:34:03.140+0000] {dag.py:2726} INFO - Sync 1 DAGs
[2026-09-13T03:34:03.213+0000] {logging_mixin.py:149} INFO - [2026-09-13T03:34:03.212+0000] {dag.py:3490} INFO - Setting next_dagrun for 2-bashoperator to 2026-09-13T00:00:00+00:00, run_after=2026-09-14T00:00:00+00:00
[2026-09-13T03:34:03.295+0000] {processor.py:178} INFO - Processing /opt/airflow/dags/2_bash_operator.py took 0.279 seconds
[2026-09-13T03:34:33.466+0000] {processor.py:156} INFO - Started process (PID=164746) to work on /opt/airflow/dags/2_bash_operator.py
[2026-09-13T03:34:33.470+0000] {processor.py:799} INFO - Processing file /opt/airflow/dags/2_bash_operator.py for tasks to queue
[2026-09-13T03:34:33.471+0000] {logging_mixin.py:149} INFO - [2026-09-13T03:34:33.471+0000] {dagbag.py:541} INFO - Filling up the DagBag from /opt/airflow/dags/2_bash_operator.py
[2026-09-13T03:34:33.498+0000] {processor.py:809} INFO - DAG(s) dict_keys(['2-bashoperator']) retrieved from /opt/airflow/dags/2_bash_operator.py
[2026-09-13T03:34:33.592+0000] {logging_mixin.py:149} INFO - [2026-09-13T03:34:33.592+0000] {dag.py:2726} INFO - Sync 1 DAGs
[2026-09-13T03:34:33.660+0000] {logging_mixin.py:149} INFO - [2026-09-13T03:34:33.660+0000] {dag.py:3490} INFO - Setting next_dagrun for 2-bashoperator to 2026-09-13T00:00:00+00:00, run_after=2026-09-14T00:00:00+00:00
[2026-09-13T03:34:33.728+0000] {processor.py:178} INFO - Processing /opt/airflow/dags/2_bash_operator.py took 0.273 seconds
[2026-09-13T03:35:03.999+0000] {processor.py:156} INFO - Started process (PID=164761) to work on /opt/airflow/dags/2_bash_operator.py
[2026-09-13T03:35:04.003+0000] {processor.py:799} INFO - Processing file /opt/airflow/dags/2_bash_operator.py for tasks to queue
[2026-09-13T03:35:04.005+0000] {logging_mixin.py:149} INFO - [2026-09-13T03:35:04.005+0000] {dagbag.py:541} INFO - Filling up the DagBag from /opt/airflow/dags/2_bash_operator.py
[2026-09-13T03:35:04.030+0000] {processor.py:809} INFO - DAG(s) dict_keys(['2-bashoperator']) retrieved from /opt/airflow/dags/2_bash_operator.py
[2026-09-13T03:35:04.118+0000] {logging_mixin.py:149} INFO - [2026-09-13T03:35:04.118+0000] {dag.py:2726} INFO - Sync 1 DAGs
[2026-09-13T03:35:04.184+0000] {logging_mixin.py:149} INFO - [2026-09-13T03:35:04.184+0000] {dag.py:3490} INFO - Setting next_dagrun for 2-bashoperator to 2026-09-13T00:00:00+00:00, run_after=2026-09-14T00:00:00+00:00
[2026-09-13T03:35:04.249+0000] {processor.py:178} INFO - Processing /opt/airflow/dags/2_bash_operator.py took 0.263 seconds
[2026-09-13T03:35:34.360+0000] {processor.py:156} INFO - Started process (PID=164776) to work on /opt/airflow/dags/2_bash_operator.py
[2026-09-13T03:35:34.363+0000] {processor.py:799} INFO - Processing file /opt/airflow/dags/2_bash_operator.py for tasks to queue
[2026-09-13T03:35:34.365+0000] {logging_mixin.py:149} INFO - [2026-09-13T03:35:34.365+0000] {dagbag.py:541} INFO - Filling up the DagBag from /opt/airflow/dags/2_bash_operator.py
[2026-09-13T03:35:34.392+0000] {processor.py:809} INFO - DAG(s) dict_keys(['2-bashoperator']) retrieved from /opt/airflow/dags/2_bash_operator.py
[2026-09-13T03:35:34.480+0000] {logging_mixin.py:149} INFO - [2026-09-13T03:35:34.479+0000] {dag.py:2726} INFO - Sync 1 DAGs
[2026-09-13T03:35:34.552+0000] {logging_mixin.py:149} INFO - [2026-09-13T03:35:34.551+0000] {dag.py:3490} INFO - Setting next_dagrun for 2-bashoperator to 2026-09-13T00:00:00+00:00, run_after=2026-09-14T00:00:00+00:00
[2026-09-13T03:35:34.615+0000] {processor.py:178} INFO - Processing /opt/airflow/dags/2_bash_operator.py took 0.265 seconds
[2026-09-13T03:36:04.715+0000] {processor.py:156} INFO - Started process (PID=164789) to work on /opt/airflow/dags/2_bash_operator.py
[2026-09-13T03:36:04.720+0000] {processor.py:799} INFO - Processing file /opt/airflow/dags/2_bash_operator.py for tasks to queue
[2026-09-13T03:36:04.722+0000] {logging_mixin.py:149} INFO - [2026-09-13T03:36:04.722+0000] {dagbag.py:541} INFO - Filling up the DagBag from /opt/airflow/dags/2_bash_operator.py
[2026-09-13T03:36:04.751+0000] {processor.py:809} INFO - DAG(s) dict_keys(['2-bashoperator']) retrieved from /opt/airflow/dags/2_bash_operator.py
[2026-09-13T03:36:04.851+0000] {logging_mixin.py:149} INFO - [2026-09-13T03:36:04.850+0000] {dag.py:2726} INFO - Sync 1 DAGs
[2026-09-13T03:36:04.918+0000] {logging_mixin.py:149} INFO - [2026-09-13T03:36:04.918+0000] {dag.py:3490} INFO - Setting next_dagrun for 2-bashoperator to 2026-09-13T00:00:00+00:00, run_after=2026-09-14T00:00:00+00:00
[2026-09-13T03:36:04.984+0000] {processor.py:178} INFO - Processing /opt/airflow/dags/2_bash_operator.py took 0.285 seconds
[2026-09-13T03:36:35.268+0000] {processor.py:156} INFO - Started process (PID=164803) to work on /opt/airflow/dags/2_bash_operator.py
[2026-09-13T03:36:35.272+0000] {processor.py:799} INFO - Processing file /opt/airflow/dags/2_bash_operator.py for tasks to queue
[2026-09-13T03:36:35.273+0000] {logging_mixin.py:149} INFO - [2026-09-13T03:36:35.273+0000] {dagbag.py:541} INFO - Filling up the DagBag from /opt/airflow/dags/2_bash_operator.py
[2026-09-13T03:36:35.299+0000] {processor.py:809} INFO - DAG(s) dict_keys(['2-bashoperator']) retrieved from /opt/airflow/dags/2_bash_operator.py
[2026-09-13T03:36:35.391+0000] {logging_mixin.py:149} INFO - [2026-09-13T03:36:35.390+0000] {dag.py:2726} INFO - Sync 1 DAGs
[2026-09-13T03:36:35.476+0000] {logging_mixin.py:149} INFO - [2026-09-13T03:36:35.475+0000] {dag.py:3490} INFO - Setting next_dagrun for 2-bashoperator to 2026-09-13T00:00:00+00:00, run_after=2026-09-14T00:00:00+00:00
[2026-09-13T03:36:35.542+0000] {processor.py:178} INFO - Processing /opt/airflow/dags/2_bash_operator.py took 0.285 seconds
[2026-09-13T03:37:05.773+0000] {processor.py:156} INFO - Started process (PID=164818) to work on /opt/airflow/dags/2_bash_operator.py
[2026-09-13T03:37:05.780+0000] {processor.py:799} INFO - Processing file /opt/airflow/dags/2_bash_operator.py for tasks to queue
[2026-09-13T03:37:05.782+0000] {logging_mixin.py:149} INFO - [2026-09-13T03:37:05.782+0000] {dagbag.py:541} INFO - Filling up the DagBag from /opt/airflow/dags/2_bash_operator.py
[2026-09-13T03:37:05.812+0000] {processor.py:809} INFO - DAG(s) dict_keys(['2-bashoperator']) retrieved from /opt/airflow/dags/2_bash_operator.py
[2026-09-13T03:37:05.905+0000] {logging_mixin.py:149} INFO - [2026-09-13T03:37:05.904+0000] {dag.py:2726} INFO - Sync 1 DAGs
[2026-09-13T03:37:05.974+0000] {logging_mixin.py:149} INFO - [2026-09-13T03:37:05.973+0000] {dag.py:3490} INFO - Setting next_dagrun for 2-bashoperator to 2026-09-13T00:00:00+00:00, run_after=2026-09-14T00:00:00+00:00
[2026-09-13T03:37:06.028+0000] {processor.py:178} INFO - Processing /opt/airflow/dags/2_bash_operator.py took 0.265 seconds
[2026-09-13T04:42:07.533+0000] {processor.py:156} INFO - Started process (PID=58) to work on /opt/airflow/dags/2_bash_operator.py
[2026-09-13T04:42:07.535+0000] {processor.py:799} INFO - Processing file /opt/airflow/dags/2_bash_operator.py for tasks to queue
[2026-09-13T04:42:07.536+0000] {logging_mixin.py:149} INFO - [2026-09-13T04:42:07.536+0000] {dagbag.py:541} INFO - Filling up the DagBag from /opt/airflow/dags/2_bash_operator.py
[2026-09-13T04:42:07.811+0000] {processor.py:809} INFO - DAG(s) dict_keys(['2-bashoperator']) retrieved from /opt/airflow/dags/2_bash_operator.py
[2026-09-13T04:42:07.893+0000] {logging_mixin.py:149} INFO - [2026-09-13T04:42:07.892+0000] {dag.py:2726} INFO - Sync 1 DAGs
[2026-09-13T04:42:07.923+0000] {logging_mixin.py:149} INFO - [2026-09-13T04:42:07.923+0000] {dag.py:3490} INFO - Setting next_dagrun for 2-bashoperator to 2026-09-13T00:00:00+00:00, run_after=2026-09-14T00:00:00+00:00
[2026-09-13T04:42:07.950+0000] {processor.py:178} INFO - Processing /opt/airflow/dags/2_bash_operator.py took 0.422 seconds
[2026-09-13T04:42:38.187+0000] {processor.py:156} INFO - Started process (PID=73) to work on /opt/airflow/dags/2_bash_operator.py
[2026-09-13T04:42:38.191+0000] {processor.py:799} INFO - Processing file /opt/airflow/dags/2_bash_operator.py for tasks to queue
[2026-09-13T04:42:38.193+0000] {logging_mixin.py:149} INFO - [2026-09-13T04:42:38.192+0000] {dagbag.py:541} INFO - Filling up the DagBag from /opt/airflow/dags/2_bash_operator.py
[2026-09-13T04:42:38.218+0000] {processor.py:809} INFO - DAG(s) dict_keys(['2-bashoperator']) retrieved from /opt/airflow/dags/2_bash_operator.py
[2026-09-13T04:42:38.300+0000] {logging_mixin.py:149} INFO - [2026-09-13T04:42:38.299+0000] {dag.py:2726} INFO - Sync 1 DAGs
[2026-09-13T04:42:38.373+0000] {logging_mixin.py:149} INFO - [2026-09-13T04:42:38.372+0000] {dag.py:3490} INFO - Setting next_dagrun for 2-bashoperator to 2026-09-13T00:00:00+00:00, run_after=2026-09-14T00:00:00+00:00
[2026-09-13T04:42:38.438+0000] {processor.py:178} INFO - Processing /opt/airflow/dags/2_bash_operator.py took 0.260 seconds
[2026-09-13T04:43:08.883+0000] {processor.py:156} INFO - Started process (PID=87) to work on /opt/airflow/dags/2_bash_operator.py
[2026-09-13T04:43:08.887+0000] {processor.py:799} INFO - Processing file /opt/airflow/dags/2_bash_operator.py for tasks to queue
[2026-09-13T04:43:08.889+0000] {logging_mixin.py:149} INFO - [2026-09-13T04:43:08.889+0000] {dagbag.py:541} INFO - Filling up the DagBag from /opt/airflow/dags/2_bash_operator.py
[2026-09-13T04:43:08.921+0000] {processor.py:809} INFO - DAG(s) dict_keys(['2-bashoperator']) retrieved from /opt/airflow/dags/2_bash_operator.py
[2026-09-13T04:43:09.002+0000] {logging_mixin.py:149} INFO - [2026-09-13T04:43:09.002+0000] {dag.py:2726} INFO - Sync 1 DAGs
[2026-09-13T04:43:09.072+0000] {logging_mixin.py:149} INFO - [2026-09-13T04:43:09.072+0000] {dag.py:3490} INFO - Setting next_dagrun for 2-bashoperator to 2026-09-13T00:00:00+00:00, run_after=2026-09-14T00:00:00+00:00
[2026-09-13T04:43:09.126+0000] {processor.py:178} INFO - Processing /opt/airflow/dags/2_bash_operator.py took 0.257 seconds
[2026-09-13T04:43:39.439+0000] {processor.py:156} INFO - Started process (PID=102) to work on /opt/airflow/dags/2_bash_operator.py
[2026-09-13T04:43:39.442+0000] {processor.py:799} INFO - Processing file /opt/airflow/dags/2_bash_operator.py for tasks to queue
[2026-09-13T04:43:39.446+0000] {logging_mixin.py:149} INFO - [2026-09-13T04:43:39.445+0000] {dagbag.py:541} INFO - Filling up the DagBag from /opt/airflow/dags/2_bash_operator.py
[2026-09-13T04:43:39.474+0000] {processor.py:809} INFO - DAG(s) dict_keys(['2-bashoperator']) retrieved from /opt/airflow/dags/2_bash_operator.py
[2026-09-13T04:43:39.558+0000] {logging_mixin.py:149} INFO - [2026-09-13T04:43:39.558+0000] {dag.py:2726} INFO - Sync 1 DAGs
[2026-09-13T04:43:39.624+0000] {logging_mixin.py:149} INFO - [2026-09-13T04:43:39.623+0000] {dag.py:3490} INFO - Setting next_dagrun for 2-bashoperator to 2026-09-13T00:00:00+00:00, run_after=2026-09-14T00:00:00+00:00
[2026-09-13T04:43:39.687+0000] {processor.py:178} INFO - Processing /opt/airflow/dags/2_bash_operator.py took 0.258 seconds
[2026-09-13T04:44:09.900+0000] {processor.py:156} INFO - Started process (PID=116) to work on /opt/airflow/dags/2_bash_operator.py
[2026-09-13T04:44:09.904+0000] {processor.py:799} INFO - Processing file /opt/airflow/dags/2_bash_operator.py for tasks to queue
[2026-09-13T04:44:09.905+0000] {logging_mixin.py:149} INFO - [2026-09-13T04:44:09.905+0000] {dagbag.py:541} INFO - Filling up the DagBag from /opt/airflow/dags/2_bash_operator.py
[2026-09-13T04:44:09.925+0000] {processor.py:809} INFO - DAG(s) dict_keys(['2-bashoperator']) retrieved from /opt/airflow/dags/2_bash_operator.py
[2026-09-13T04:44:10.005+0000] {logging_mixin.py:149} INFO - [2026-09-13T04:44:10.004+0000] {dag.py:2726} INFO - Sync 1 DAGs
[2026-09-13T04:44:10.075+0000] {logging_mixin.py:149} INFO - [2026-09-13T04:44:10.074+0000] {dag.py:3490} INFO - Setting next_dagrun for 2-bashoperator to 2026-09-13T00:00:00+00:00, run_after=2026-09-14T00:00:00+00:00
[2026-09-13T04:44:10.135+0000] {processor.py:178} INFO - Processing /opt/airflow/dags/2_bash_operator.py took 0.241 seconds
[2026-09-13T04:44:40.377+0000] {processor.py:156} INFO - Started process (PID=130) to work on /opt/airflow/dags/2_bash_operator.py
[2026-09-13T04:44:40.380+0000] {processor.py:799} INFO - Processing file /opt/airflow/dags/2_bash_operator.py for tasks to queue
[2026-09-13T04:44:40.382+0000] {logging_mixin.py:149} INFO - [2026-09-13T04:44:40.382+0000] {dagbag.py:541} INFO - Filling up the DagBag from /opt/airflow/dags/2_bash_operator.py
[2026-09-13T04:44:40.408+0000] {processor.py:809} INFO - DAG(s) dict_keys(['2-bashoperator']) retrieved from /opt/airflow/dags/2_bash_operator.py
[2026-09-13T04:44:40.491+0000] {logging_mixin.py:149} INFO - [2026-09-13T04:44:40.491+0000] {dag.py:2726} INFO - Sync 1 DAGs
[2026-09-13T04:44:40.571+0000] {logging_mixin.py:149} INFO - [2026-09-13T04:44:40.571+0000] {dag.py:3490} INFO - Setting next_dagrun for 2-bashoperator to 2026-09-13T00:00:00+00:00, run_after=2026-09-14T00:00:00+00:00
[2026-09-13T04:44:40.628+0000] {processor.py:178} INFO - Processing /opt/airflow/dags/2_bash_operator.py took 0.260 seconds
[2026-09-13T04:45:10.756+0000] {processor.py:156} INFO - Started process (PID=144) to work on /opt/airflow/dags/2_bash_operator.py
[2026-09-13T04:45:10.762+0000] {processor.py:799} INFO - Processing file /opt/airflow/dags/2_bash_operator.py for tasks to queue
[2026-09-13T04:45:10.764+0000] {logging_mixin.py:149} INFO - [2026-09-13T04:45:10.764+0000] {dagbag.py:541} INFO - Filling up the DagBag from /opt/airflow/dags/2_bash_operator.py
[2026-09-13T04:45:10.797+0000] {processor.py:809} INFO - DAG(s) dict_keys(['2-bashoperator']) retrieved from /opt/airflow/dags/2_bash_operator.py
[2026-09-13T04:45:10.884+0000] {logging_mixin.py:149} INFO - [2026-09-13T04:45:10.883+0000] {dag.py:2726} INFO - Sync 1 DAGs
[2026-09-13T04:45:10.970+0000] {logging_mixin.py:149} INFO - [2026-09-13T04:45:10.969+0000] {dag.py:3490} INFO - Setting next_dagrun for 2-bashoperator to 2026-09-13T00:00:00+00:00, run_after=2026-09-14T00:00:00+00:00
[2026-09-13T04:45:11.034+0000] {processor.py:178} INFO - Processing /opt/airflow/dags/2_bash_operator.py took 0.289 seconds
[2026-09-13T04:45:41.276+0000] {processor.py:156} INFO - Started process (PID=158) to work on /opt/airflow/dags/2_bash_operator.py
[2026-09-13T04:45:41.279+0000] {processor.py:799} INFO - Processing file /opt/airflow/dags/2_bash_operator.py for tasks to queue
[2026-09-13T04:45:41.281+0000] {logging_mixin.py:149} INFO - [2026-09-13T04:45:41.281+0000] {dagbag.py:541} INFO - Filling up the DagBag from /opt/airflow/dags/2_bash_operator.py
[2026-09-13T04:45:41.306+0000] {processor.py:809} INFO - DAG(s) dict_keys(['2-bashoperator']) retrieved from /opt/airflow/dags/2_bash_operator.py
[2026-09-13T04:45:41.388+0000] {logging_mixin.py:149} INFO - [2026-09-13T04:45:41.388+0000] {dag.py:2726} INFO - Sync 1 DAGs
[2026-09-13T04:45:41.472+0000] {logging_mixin.py:149} INFO - [2026-09-13T04:45:41.472+0000] {dag.py:3490} INFO - Setting next_dagrun for 2-bashoperator to 2026-09-13T00:00:00+00:00, run_after=2026-09-14T00:00:00+00:00
[2026-09-13T04:45:41.532+0000] {processor.py:178} INFO - Processing /opt/airflow/dags/2_bash_operator.py took 0.269 seconds
[2026-09-13T04:46:11.668+0000] {processor.py:156} INFO - Started process (PID=172) to work on /opt/airflow/dags/2_bash_operator.py
[2026-09-13T04:46:11.670+0000] {processor.py:799} INFO - Processing file /opt/airflow/dags/2_bash_operator.py for tasks to queue
[2026-09-13T04:46:11.671+0000] {logging_mixin.py:149} INFO - [2026-09-13T04:46:11.671+0000] {dagbag.py:541} INFO - Filling up the DagBag from /opt/airflow/dags/2_bash_operator.py
[2026-09-13T04:46:11.685+0000] {processor.py:809} INFO - DAG(s) dict_keys(['2-bashoperator']) retrieved from /opt/airflow/dags/2_bash_operator.py
[2026-09-13T04:46:11.754+0000] {logging_mixin.py:149} INFO - [2026-09-13T04:46:11.753+0000] {dag.py:2726} INFO - Sync 1 DAGs
[2026-09-13T04:46:11.831+0000] {logging_mixin.py:149} INFO - [2026-09-13T04:46:11.831+0000] {dag.py:3490} INFO - Setting next_dagrun for 2-bashoperator to 2026-09-13T00:00:00+00:00, run_after=2026-09-14T00:00:00+00:00
[2026-09-13T04:46:11.893+0000] {processor.py:178} INFO - Processing /opt/airflow/dags/2_bash_operator.py took 0.230 seconds
[2026-09-13T04:46:42.013+0000] {processor.py:156} INFO - Started process (PID=186) to work on /opt/airflow/dags/2_bash_operator.py
[2026-09-13T04:46:42.016+0000] {processor.py:799} INFO - Processing file /opt/airflow/dags/2_bash_operator.py for tasks to queue
[2026-09-13T04:46:42.018+0000] {logging_mixin.py:149} INFO - [2026-09-13T04:46:42.018+0000] {dagbag.py:541} INFO - Filling up the DagBag from /opt/airflow/dags/2_bash_operator.py
[2026-09-13T04:46:42.045+0000] {processor.py:809} INFO - DAG(s) dict_keys(['2-bashoperator']) retrieved from /opt/airflow/dags/2_bash_operator.py
[2026-09-13T04:46:42.131+0000] {logging_mixin.py:149} INFO - [2026-09-13T04:46:42.130+0000] {dag.py:2726} INFO - Sync 1 DAGs
[2026-09-13T04:46:42.200+0000] {logging_mixin.py:149} INFO - [2026-09-13T04:46:42.199+0000] {dag.py:3490} INFO - Setting next_dagrun for 2-bashoperator to 2026-09-13T00:00:00+00:00, run_after=2026-09-14T00:00:00+00:00
[2026-09-13T04:46:42.261+0000] {processor.py:178} INFO - Processing /opt/airflow/dags/2_bash_operator.py took 0.259 seconds
[2026-09-13T04:47:12.836+0000] {processor.py:156} INFO - Started process (PID=200) to work on /opt/airflow/dags/2_bash_operator.py
[2026-09-13T04:47:12.837+0000] {processor.py:799} INFO - Processing file /opt/airflow/dags/2_bash_operator.py for tasks to queue
[2026-09-13T04:47:12.838+0000] {logging_mixin.py:149} INFO - [2026-09-13T04:47:12.838+0000] {dagbag.py:541} INFO - Filling up the DagBag from /opt/airflow/dags/2_bash_operator.py
[2026-09-13T04:47:12.855+0000] {processor.py:809} INFO - DAG(s) dict_keys(['2-bashoperator']) retrieved from /opt/airflow/dags/2_bash_operator.py
[2026-09-13T04:47:12.925+0000] {logging_mixin.py:149} INFO - [2026-09-13T04:47:12.924+0000] {dag.py:2726} INFO - Sync 1 DAGs
[2026-09-13T04:47:12.973+0000] {logging_mixin.py:149} INFO - [2026-09-13T04:47:12.973+0000] {dag.py:3490} INFO - Setting next_dagrun for 2-bashoperator to 2026-09-13T00:00:00+00:00, run_after=2026-09-14T00:00:00+00:00
[2026-09-13T04:47:13.002+0000] {processor.py:178} INFO - Processing /opt/airflow/dags/2_bash_operator.py took 0.171 seconds
[2026-09-13T04:47:43.269+0000] {processor.py:156} INFO - Started process (PID=214) to work on /opt/airflow/dags/2_bash_operator.py
[2026-09-13T04:47:43.271+0000] {processor.py:799} INFO - Processing file /opt/airflow/dags/2_bash_operator.py for tasks to queue
[2026-09-13T04:47:43.272+0000] {logging_mixin.py:149} INFO - [2026-09-13T04:47:43.272+0000] {dagbag.py:541} INFO - Filling up the DagBag from /opt/airflow/dags/2_bash_operator.py
[2026-09-13T04:47:43.286+0000] {processor.py:809} INFO - DAG(s) dict_keys(['2-bashoperator']) retrieved from /opt/airflow/dags/2_bash_operator.py
[2026-09-13T04:47:43.343+0000] {logging_mixin.py:149} INFO - [2026-09-13T04:47:43.343+0000] {dag.py:2726} INFO - Sync 1 DAGs
[2026-09-13T04:47:43.399+0000] {logging_mixin.py:149} INFO - [2026-09-13T04:47:43.399+0000] {dag.py:3490} INFO - Setting next_dagrun for 2-bashoperator to 2026-09-13T00:00:00+00:00, run_after=2026-09-14T00:00:00+00:00
[2026-09-13T04:47:43.445+0000] {processor.py:178} INFO - Processing /opt/airflow/dags/2_bash_operator.py took 0.184 seconds
[2026-09-13T04:48:14.283+0000] {processor.py:156} INFO - Started process (PID=229) to work on /opt/airflow/dags/2_bash_operator.py
[2026-09-13T04:48:14.287+0000] {processor.py:799} INFO - Processing file /opt/airflow/dags/2_bash_operator.py for tasks to queue
[2026-09-13T04:48:14.289+0000] {logging_mixin.py:149} INFO - [2026-09-13T04:48:14.289+0000] {dagbag.py:541} INFO - Filling up the DagBag from /opt/airflow/dags/2_bash_operator.py
[2026-09-13T04:48:14.317+0000] {processor.py:809} INFO - DAG(s) dict_keys(['2-bashoperator']) retrieved from /opt/airflow/dags/2_bash_operator.py
[2026-09-13T04:48:14.407+0000] {logging_mixin.py:149} INFO - [2026-09-13T04:48:14.407+0000] {dag.py:2726} INFO - Sync 1 DAGs
[2026-09-13T04:48:14.483+0000] {logging_mixin.py:149} INFO - [2026-09-13T04:48:14.483+0000] {dag.py:3490} INFO - Setting next_dagrun for 2-bashoperator to 2026-09-13T00:00:00+00:00, run_after=2026-09-14T00:00:00+00:00
[2026-09-13T04:48:14.539+0000] {processor.py:178} INFO - Processing /opt/airflow/dags/2_bash_operator.py took 0.266 seconds
[2026-09-13T04:48:44.611+0000] {processor.py:156} INFO - Started process (PID=244) to work on /opt/airflow/dags/2_bash_operator.py
[2026-09-13T04:48:44.614+0000] {processor.py:799} INFO - Processing file /opt/airflow/dags/2_bash_operator.py for tasks to queue
[2026-09-13T04:48:44.616+0000] {logging_mixin.py:149} INFO - [2026-09-13T04:48:44.616+0000] {dagbag.py:541} INFO - Filling up the DagBag from /opt/airflow/dags/2_bash_operator.py
[2026-09-13T04:48:44.641+0000] {processor.py:809} INFO - DAG(s) dict_keys(['2-bashoperator']) retrieved from /opt/airflow/dags/2_bash_operator.py
[2026-09-13T04:48:44.711+0000] {logging_mixin.py:149} INFO - [2026-09-13T04:48:44.711+0000] {dag.py:2726} INFO - Sync 1 DAGs
[2026-09-13T04:48:44.799+0000] {logging_mixin.py:149} INFO - [2026-09-13T04:48:44.798+0000] {dag.py:3490} INFO - Setting next_dagrun for 2-bashoperator to 2026-09-13T00:00:00+00:00, run_after=2026-09-14T00:00:00+00:00
[2026-09-13T04:48:44.859+0000] {processor.py:178} INFO - Processing /opt/airflow/dags/2_bash_operator.py took 0.259 seconds
[2026-09-13T04:49:15.034+0000] {processor.py:156} INFO - Started process (PID=258) to work on /opt/airflow/dags/2_bash_operator.py
[2026-09-13T04:49:15.038+0000] {processor.py:799} INFO - Processing file /opt/airflow/dags/2_bash_operator.py for tasks to queue
[2026-09-13T04:49:15.040+0000] {logging_mixin.py:149} INFO - [2026-09-13T04:49:15.040+0000] {dagbag.py:541} INFO - Filling up the DagBag from /opt/airflow/dags/2_bash_operator.py
[2026-09-13T04:49:15.067+0000] {processor.py:809} INFO - DAG(s) dict_keys(['2-bashoperator']) retrieved from /opt/airflow/dags/2_bash_operator.py
[2026-09-13T04:49:15.135+0000] {logging_mixin.py:149} INFO - [2026-09-13T04:49:15.135+0000] {dag.py:2726} INFO - Sync 1 DAGs
[2026-09-13T04:49:15.210+0000] {logging_mixin.py:149} INFO - [2026-09-13T04:49:15.210+0000] {dag.py:3490} INFO - Setting next_dagrun for 2-bashoperator to 2026-09-13T00:00:00+00:00, run_after=2026-09-14T00:00:00+00:00
[2026-09-13T04:49:15.275+0000] {processor.py:178} INFO - Processing /opt/airflow/dags/2_bash_operator.py took 0.252 seconds
[2026-09-13T04:49:45.771+0000] {processor.py:156} INFO - Started process (PID=272) to work on /opt/airflow/dags/2_bash_operator.py
[2026-09-13T04:49:45.775+0000] {processor.py:799} INFO - Processing file /opt/airflow/dags/2_bash_operator.py for tasks to queue
[2026-09-13T04:49:45.777+0000] {logging_mixin.py:149} INFO - [2026-09-13T04:49:45.777+0000] {dagbag.py:541} INFO - Filling up the DagBag from /opt/airflow/dags/2_bash_operator.py
[2026-09-13T04:49:45.801+0000] {processor.py:809} INFO - DAG(s) dict_keys(['2-bashoperator']) retrieved from /opt/airflow/dags/2_bash_operator.py
[2026-09-13T04:49:45.882+0000] {logging_mixin.py:149} INFO - [2026-09-13T04:49:45.882+0000] {dag.py:2726} INFO - Sync 1 DAGs
[2026-09-13T04:49:45.954+0000] {logging_mixin.py:149} INFO - [2026-09-13T04:49:45.953+0000] {dag.py:3490} INFO - Setting next_dagrun for 2-bashoperator to 2026-09-13T00:00:00+00:00, run_after=2026-09-14T00:00:00+00:00
[2026-09-13T04:49:46.017+0000] {processor.py:178} INFO - Processing /opt/airflow/dags/2_bash_operator.py took 0.260 seconds
[2026-09-13T04:50:16.125+0000] {processor.py:156} INFO - Started process (PID=286) to work on /opt/airflow/dags/2_bash_operator.py
[2026-09-13T04:50:16.129+0000] {processor.py:799} INFO - Processing file /opt/airflow/dags/2_bash_operator.py for tasks to queue
[2026-09-13T04:50:16.131+0000] {logging_mixin.py:149} INFO - [2026-09-13T04:50:16.130+0000] {dagbag.py:541} INFO - Filling up the DagBag from /opt/airflow/dags/2_bash_operator.py
[2026-09-13T04:50:16.154+0000] {processor.py:809} INFO - DAG(s) dict_keys(['2-bashoperator']) retrieved from /opt/airflow/dags/2_bash_operator.py
[2026-09-13T04:50:16.245+0000] {logging_mixin.py:149} INFO - [2026-09-13T04:50:16.244+0000] {dag.py:2726} INFO - Sync 1 DAGs
[2026-09-13T04:50:16.327+0000] {logging_mixin.py:149} INFO - [2026-09-13T04:50:16.326+0000] {dag.py:3490} INFO - Setting next_dagrun for 2-bashoperator to 2026-09-13T00:00:00+00:00, run_after=2026-09-14T00:00:00+00:00
[2026-09-13T04:50:16.389+0000] {processor.py:178} INFO - Processing /opt/airflow/dags/2_bash_operator.py took 0.274 seconds
[2026-09-13T04:50:46.490+0000] {processor.py:156} INFO - Started process (PID=301) to work on /opt/airflow/dags/2_bash_operator.py
[2026-09-13T04:50:46.493+0000] {processor.py:799} INFO - Processing file /opt/airflow/dags/2_bash_operator.py for tasks to queue
[2026-09-13T04:50:46.495+0000] {logging_mixin.py:149} INFO - [2026-09-13T04:50:46.494+0000] {dagbag.py:541} INFO - Filling up the DagBag from /opt/airflow/dags/2_bash_operator.py
[2026-09-13T04:50:46.518+0000] {processor.py:809} INFO - DAG(s) dict_keys(['2-bashoperator']) retrieved from /opt/airflow/dags/2_bash_operator.py
[2026-09-13T04:50:46.604+0000] {logging_mixin.py:149} INFO - [2026-09-13T04:50:46.603+0000] {dag.py:2726} INFO - Sync 1 DAGs
[2026-09-13T04:50:46.674+0000] {logging_mixin.py:149} INFO - [2026-09-13T04:50:46.673+0000] {dag.py:3490} INFO - Setting next_dagrun for 2-bashoperator to 2026-09-13T00:00:00+00:00, run_after=2026-09-14T00:00:00+00:00
[2026-09-13T04:50:46.737+0000] {processor.py:178} INFO - Processing /opt/airflow/dags/2_bash_operator.py took 0.259 seconds
[2026-09-13T04:51:16.906+0000] {processor.py:156} INFO - Started process (PID=315) to work on /opt/airflow/dags/2_bash_operator.py
[2026-09-13T04:51:16.909+0000] {processor.py:799} INFO - Processing file /opt/airflow/dags/2_bash_operator.py for tasks to queue
[2026-09-13T04:51:16.911+0000] {logging_mixin.py:149} INFO - [2026-09-13T04:51:16.911+0000] {dagbag.py:541} INFO - Filling up the DagBag from /opt/airflow/dags/2_bash_operator.py
[2026-09-13T04:51:16.936+0000] {processor.py:809} INFO - DAG(s) dict_keys(['2-bashoperator']) retrieved from /opt/airflow/dags/2_bash_operator.py
[2026-09-13T04:51:17.022+0000] {logging_mixin.py:149} INFO - [2026-09-13T04:51:17.021+0000] {dag.py:2726} INFO - Sync 1 DAGs
[2026-09-13T04:51:17.092+0000] {logging_mixin.py:149} INFO - [2026-09-13T04:51:17.092+0000] {dag.py:3490} INFO - Setting next_dagrun for 2-bashoperator to 2026-09-13T00:00:00+00:00, run_after=2026-09-14T00:00:00+00:00
[2026-09-13T04:51:17.147+0000] {processor.py:178} INFO - Processing /opt/airflow/dags/2_bash_operator.py took 0.252 seconds
[2026-09-13T04:51:47.389+0000] {processor.py:156} INFO - Started process (PID=329) to work on /opt/airflow/dags/2_bash_operator.py
[2026-09-13T04:51:47.392+0000] {processor.py:799} INFO - Processing file /opt/airflow/dags/2_bash_operator.py for tasks to queue
[2026-09-13T04:51:47.394+0000] {logging_mixin.py:149} INFO - [2026-09-13T04:51:47.393+0000] {dagbag.py:541} INFO - Filling up the DagBag from /opt/airflow/dags/2_bash_operator.py
[2026-09-13T04:51:47.423+0000] {processor.py:809} INFO - DAG(s) dict_keys(['2-bashoperator']) retrieved from /opt/airflow/dags/2_bash_operator.py
[2026-09-13T04:51:47.509+0000] {logging_mixin.py:149} INFO - [2026-09-13T04:51:47.508+0000] {dag.py:2726} INFO - Sync 1 DAGs
[2026-09-13T04:51:47.580+0000] {logging_mixin.py:149} INFO - [2026-09-13T04:51:47.579+0000] {dag.py:3490} INFO - Setting next_dagrun for 2-bashoperator to 2026-09-13T00:00:00+00:00, run_after=2026-09-14T00:00:00+00:00
[2026-09-13T04:51:47.635+0000] {processor.py:178} INFO - Processing /opt/airflow/dags/2_bash_operator.py took 0.255 seconds
[2026-09-13T04:52:17.912+0000] {processor.py:156} INFO - Started process (PID=343) to work on /opt/airflow/dags/2_bash_operator.py
[2026-09-13T04:52:17.915+0000] {processor.py:799} INFO - Processing file /opt/airflow/dags/2_bash_operator.py for tasks to queue
[2026-09-13T04:52:17.917+0000] {logging_mixin.py:149} INFO - [2026-09-13T04:52:17.917+0000] {dagbag.py:541} INFO - Filling up the DagBag from /opt/airflow/dags/2_bash_operator.py
[2026-09-13T04:52:17.943+0000] {processor.py:809} INFO - DAG(s) dict_keys(['2-bashoperator']) retrieved from /opt/airflow/dags/2_bash_operator.py
[2026-09-13T04:52:18.038+0000] {logging_mixin.py:149} INFO - [2026-09-13T04:52:18.038+0000] {dag.py:2726} INFO - Sync 1 DAGs
[2026-09-13T04:52:18.119+0000] {logging_mixin.py:149} INFO - [2026-09-13T04:52:18.119+0000] {dag.py:3490} INFO - Setting next_dagrun for 2-bashoperator to 2026-09-13T00:00:00+00:00, run_after=2026-09-14T00:00:00+00:00
[2026-09-13T04:52:18.182+0000] {processor.py:178} INFO - Processing /opt/airflow/dags/2_bash_operator.py took 0.282 seconds
[2026-09-13T04:52:48.972+0000] {processor.py:156} INFO - Started process (PID=357) to work on /opt/airflow/dags/2_bash_operator.py
[2026-09-13T04:52:48.975+0000] {processor.py:799} INFO - Processing file /opt/airflow/dags/2_bash_operator.py for tasks to queue
[2026-09-13T04:52:48.977+0000] {logging_mixin.py:149} INFO - [2026-09-13T04:52:48.977+0000] {dagbag.py:541} INFO - Filling up the DagBag from /opt/airflow/dags/2_bash_operator.py
[2026-09-13T04:52:49.005+0000] {processor.py:809} INFO - DAG(s) dict_keys(['2-bashoperator']) retrieved from /opt/airflow/dags/2_bash_operator.py
[2026-09-13T04:52:49.088+0000] {logging_mixin.py:149} INFO - [2026-09-13T04:52:49.087+0000] {dag.py:2726} INFO - Sync 1 DAGs
[2026-09-13T04:52:49.154+0000] {logging_mixin.py:149} INFO - [2026-09-13T04:52:49.153+0000] {dag.py:3490} INFO - Setting next_dagrun for 2-bashoperator to 2026-09-13T00:00:00+00:00, run_after=2026-09-14T00:00:00+00:00
[2026-09-13T04:52:49.211+0000] {processor.py:178} INFO - Processing /opt/airflow/dags/2_bash_operator.py took 0.250 seconds
