[2026-09-13T00:00:10.398+0000] {processor.py:156} INFO - Started process (PID=158780) to work on /opt/airflow/dags/3_python_operator.py
[2026-09-13T00:00:10.400+0000] {processor.py:799} INFO - Processing file /opt/airflow/dags/3_python_operator.py for tasks to queue
[2026-09-13T00:00:10.402+0000] {logging_mixin.py:149} INFO - [2026-09-13T00:00:10.402+0000] {dagbag.py:541} INFO - Filling up the DagBag from /opt/airflow/dags/3_python_operator.py
[2026-09-13T00:00:10.434+0000] {processor.py:809} INFO - DAG(s) dict_keys(['3-pythonoperator']) retrieved from /opt/airflow/dags/3_python_operator.py
[2026-09-13T00:00:10.483+0000] {logging_mixin.py:149} INFO - [2026-09-13T00:00:10.483+0000] {dag.py:2726} INFO - Sync 1 DAGs
[2026-09-13T00:00:10.537+0000] {logging_mixin.py:149} INFO - [2026-09-13T00:00:10.536+0000] {dag.py:3490} INFO - Setting next_dagrun for 3-pythonoperator to 2023-05-01T00:00:00+00:00, run_after=2023-05-01T00:00:00+00:00
[2026-09-13T00:00:10.572+0000] {processor.py:178} INFO - Processing /opt/airflow/dags/3_python_operator.py took 0.186 seconds
[2026-09-13T00:00:40.739+0000] {processor.py:156} INFO - Started process (PID=158794) to work on /opt/airflow/dags/3_python_operator.py
[2026-09-13T00:00:40.743+0000] {processor.py:799} INFO - Processing file /opt/airflow/dags/3_python_operator.py for tasks to queue
[2026-09-13T00:00:40.744+0000] {logging_mixin.py:149} INFO - [2026-09-13T00:00:40.744+0000] {dagbag.py:541} INFO - Filling up the DagBag from /opt/airflow/dags/3_python_operator.py
[2026-09-13T00:00:40.772+0000] {processor.py:809} INFO - DAG(s) dict_keys(['3-pythonoperator']) retrieved from /opt/airflow/dags/3_python_operator.py
[2026-09-13T00:00:40.887+0000] {logging_mixin.py:149} INFO - [2026-09-13T00:00:40.886+0000] {dag.py:2726} INFO - Sync 1 DAGs
[2026-09-13T00:00:40.965+0000] {logging_mixin.py:149} INFO - [2026-09-13T00:00:40.965+0000] {dag.py:3490} INFO - Setting next_dagrun for 3-pythonoperator to 2023-05-01T00:00:00+00:00, run_after=2023-05-01T00:00:00+00:00
[2026-09-13T00:00:41.014+0000] {processor.py:178} INFO - Processing /opt/airflow/dags/3_python_operator.py took 0.287 seconds
[2026-09-13T00:01:11.093+0000] {processor.py:156} INFO - Started process (PID=158808) to work on /opt/airflow/dags/3_python_operator.py
[2026-09-13T00:01:11.096+0000] {processor.py:799} INFO - Processing file /opt/airflow/dags/3_python_operator.py for tasks to queue
[2026-09-13T00:01:11.098+0000] {logging_mixin.py:149} INFO - [2026-09-13T00:01:11.098+0000] {dagbag.py:541} INFO - Filling up the DagBag from /opt/airflow/dags/3_python_operator.py
[2026-09-13T00:01:11.123+0000] {processor.py:809} INFO - DAG(s) dict_keys(['3-pythonoperator']) retrieved from /opt/airflow/dags/3_python_operator.py
[2026-09-13T00:01:11.215+0000] {logging_mixin.py:149} INFO - [2026-09-13T00:01:11.214+0000] {dag.py:2726} INFO - Sync 1 DAGs
[2026-09-13T00:01:11.272+0000] {logging_mixin.py:149} INFO - [2026-09-13T00:01:11.271+0000] {dag.py:3490} INFO - Setting next_dagrun for 3-pythonoperator to 2023-05-01T00:00:00+00:00, run_after=2023-05-01T00:00:00+00:00
[2026-09-13T00:01:11.335+0000] {processor.py:178} INFO - Processing /opt/airflow/dags/3_python_operator.py took 0.253 seconds
[2026-09-13T00:01:41.488+0000] {processor.py:156} INFO - Started process (PID=158822) to work on /opt/airflow/dags/3_python_operator.py
[2026-09-13T00:01:41.497+0000] {processor.py:799} INFO - Processing file /opt/airflow/dags/3_python_operator.py for tasks to queue
[2026-09-13T00:01:41.500+0000] {logging_mixin.py:149} INFO - [2026-09-13T00:01:41.499+0000] {dagbag.py:541} INFO - Filling up the DagBag from /opt/airflow/dags/3_python_operator.py
[2026-09-13T00:01:41.527+0000] {processor.py:809} INFO - DAG(s) dict_keys(['3-pythonoperator']) retrieved from /opt/airflow/dags/3_python_operator.py
[2026-09-13T00:01:41.623+0000] {logging_mixin.py:149} INFO - [2026-09-13T00:01:41.623+0000] {dag.py:2726} INFO - Sync 1 DAGs
[2026-09-13T00:01:41.707+0000] {logging_mixin.py:149} INFO - [2026-09-13T00:01:41.706+0000] {dag.py:3490} INFO - Setting next_dagrun for 3-pythonoperator to 2023-05-01T00:00:00+00:00, run_after=2023-05-01T00:00:00+00:00
[2026-09-13T00:01:41.760+0000] {processor.py:178} INFO - Processing /opt/airflow/dags/3_python_operator.py took 0.281 seconds
[2026-09-13T00:02:11.975+0000] {processor.py:156} INFO - Started process (PID=158835) to work on /opt/airflow/dags/3_python_operator.py
[2026-09-13T00:02:11.981+0000] {processor.py:799} INFO - Processing file /opt/airflow/dags/3_python_operator.py for tasks to queue
[2026-09-13T00:02:11.983+0000] {logging_mixin.py:149} INFO - [2026-09-13T00:02:11.982+0000] {dagbag.py:541} INFO - Filling up the DagBag from /opt/airflow/dags/3_python_operator.py
[2026-09-13T00:02:12.022+0000] {processor.py:809} INFO - DAG(s) dict_keys(['3-pythonoperator']) retrieved from /opt/airflow/dags/3_python_operator.py
[2026-09-13T00:02:12.093+0000] {logging_mixin.py:149} INFO - [2026-09-13T00:02:12.093+0000] {dag.py:2726} INFO - Sync 1 DAGs
[2026-09-13T00:02:12.134+0000] {logging_mixin.py:149} INFO - [2026-09-13T00:02:12.134+0000] {dag.py:3490} INFO - Setting next_dagrun for 3-pythonoperator to 2023-05-01T00:00:00+00:00, run_after=2023-05-01T00:00:00+00:00
[2026-09-13T00:02:12.165+0000] {processor.py:178} INFO - Processing /opt/airflow/dags/3_python_operator.py took 0.202 seconds
[2026-09-13T00:02:42.472+0000] {processor.py:156} INFO - Started process (PID=158849) to work on /opt/airflow/dags/3_python_operator.py
[2026-09-13T00:02:42.475+0000] {processor.py:799} INFO - Processing file /opt/airflow/dags/3_python_operator.py for tasks to queue
[2026-09-13T00:02:42.476+0000] {logging_mixin.py:149} INFO - [2026-09-13T00:02:42.476+0000] {dagbag.py:541} INFO - Filling up the DagBag from /opt/airflow/dags/3_python_operator.py
[2026-09-13T00:02:42.497+0000] {processor.py:809} INFO - DAG(s) dict_keys(['3-pythonoperator']) retrieved from /opt/airflow/dags/3_python_operator.py
[2026-09-13T00:02:42.552+0000] {logging_mixin.py:149} INFO - [2026-09-13T00:02:42.552+0000] {dag.py:2726} INFO - Sync 1 DAGs
[2026-09-13T00:02:42.594+0000] {logging_mixin.py:149} INFO - [2026-09-13T00:02:42.594+0000] {dag.py:3490} INFO - Setting next_dagrun for 3-pythonoperator to 2023-05-01T00:00:00+00:00, run_after=2023-05-01T00:00:00+00:00
[2026-09-13T00:02:42.629+0000] {processor.py:178} INFO - Processing /opt/airflow/dags/3_python_operator.py took 0.190 seconds
[2026-09-13T00:03:12.916+0000] {processor.py:156} INFO - Started process (PID=158864) to work on /opt/airflow/dags/3_python_operator.py
[2026-09-13T00:03:12.933+0000] {processor.py:799} INFO - Processing file /opt/airflow/dags/3_python_operator.py for tasks to queue
[2026-09-13T00:03:12.934+0000] {logging_mixin.py:149} INFO - [2026-09-13T00:03:12.934+0000] {dagbag.py:541} INFO - Filling up the DagBag from /opt/airflow/dags/3_python_operator.py
[2026-09-13T00:03:12.952+0000] {processor.py:809} INFO - DAG(s) dict_keys(['3-pythonoperator']) retrieved from /opt/airflow/dags/3_python_operator.py
[2026-09-13T00:03:13.003+0000] {logging_mixin.py:149} INFO - [2026-09-13T00:03:13.003+0000] {dag.py:2726} INFO - Sync 1 DAGs
[2026-09-13T00:03:13.042+0000] {logging_mixin.py:149} INFO - [2026-09-13T00:03:13.041+0000] {dag.py:3490} INFO - Setting next_dagrun for 3-pythonoperator to 2023-05-01T00:00:00+00:00, run_after=2023-05-01T00:00:00+00:00
[2026-09-13T00:03:13.071+0000] {processor.py:178} INFO - Processing /opt/airflow/dags/3_python_operator.py took 0.171 seconds
[2026-09-13T00:03:43.213+0000] {processor.py:156} INFO - Started process (PID=158878) to work on /opt/airflow/dags/3_python_operator.py
[2026-09-13T00:03:43.216+0000] {processor.py:799} INFO - Processing file /opt/airflow/dags/3_python_operator.py for tasks to queue
[2026-09-13T00:03:43.218+0000] {logging_mixin.py:149} INFO - [2026-09-13T00:03:43.217+0000] {dagbag.py:541} INFO - Filling up the DagBag from /opt/airflow/dags/3_python_operator.py
[2026-09-13T00:03:43.264+0000] {processor.py:809} INFO - DAG(s) dict_keys(['3-pythonoperator']) retrieved from /opt/airflow/dags/3_python_operator.py
[2026-09-13T00:03:43.349+0000] {logging_mixin.py:149} INFO - [2026-09-13T00:03:43.348+0000] {dag.py:2726} INFO - Sync 1 DAGs
[2026-09-13T00:03:43.421+0000] {logging_mixin.py:149} INFO - [2026-09-13T00:03:43.421+0000] {dag.py:3490} INFO - Setting next_dagrun for 3-pythonoperator to 2023-05-01T00:00:00+00:00, run_after=2023-05-01T00:00:00+00:00
[2026-09-13T00:03:43.493+0000] {processor.py:178} INFO - Processing /opt/airflow/dags/3_python_operator.py took 0.297 seconds
[2026-09-13T00:04:13.617+0000] {processor.py:156} INFO - Started process (PID=158892) to work on /opt/airflow/dags/3_python_operator.py
[2026-09-13T00:04:13.620+0000] {processor.py:799} INFO - Processing file /opt/airflow/dags/3_python_operator.py for tasks to queue
[2026-09-13T00:04:13.621+0000] {logging_mixin.py:149} INFO - [2026-09-13T00:04:13.621+0000] {dagbag.py:541} INFO - Filling up the DagBag from /opt/airflow/dags/3_python_operator.py
[2026-09-13T00:04:13.650+0000] {processor.py:809} INFO - DAG(s) dict_keys(['3-pythonoperator']) retrieved from /opt/airflow/dags/3_python_operator.py
[2026-09-13T00:04:13.734+0000] {logging_mixin.py:149} INFO - [2026-09-13T00:04:13.734+0000] {dag.py:2726} INFO - Sync 1 DAGs
[2026-09-13T00:04:13.783+0000] {logging_mixin.py:149} INFO - [2026-09-13T00:04:13.783+0000] {dag.py:3490} INFO - Setting next_dagrun for 3-pythonoperator to 2023-05-01T00:00:00+00:00, run_after=2023-05-01T00:00:00+00:00
[2026-09-13T00:04:13.813+0000] {processor.py:178} INFO - Processing /opt/airflow/dags/3_python_operator.py took 0.206 seconds
[2026-09-13T00:04:44.145+0000] {processor.py:156} INFO - Started process (PID=158906) to work on /opt/airflow/dags/3_python_operator.py
[2026-09-13T00:04:44.149+0000] {processor.py:799} INFO - Processing file /opt/airflow/dags/3_python_operator.py for tasks to queue
[2026-09-13T00:04:44.151+0000] {logging_mixin.py:149} INFO - [2026-09-13T00:04:44.150+0000] {dagbag.py:541} INFO - Filling up the DagBag from /opt/airflow/dags/3_python_operator.py
[2026-09-13T00:04:44.178+0000] {processor.py:809} INFO - DAG(s) dict_keys(['3-pythonoperator']) retrieved from /opt/airflow/dags/3_python_operator.py
[2026-09-13T00:04:44.257+0000] {logging_mixin.py:149} INFO - [2026-09-13T00:04:44.256+0000] {dag.py:2726} INFO - Sync 1 DAGs
[2026-09-13T00:04:44.309+0000] {logging_mixin.py:149} INFO - [2026-09-13T00:04:44.309+0000] {dag.py:3490} INFO - Setting next_dagrun for 3-pythonoperator to 2023-05-01T00:00:00+00:00, run_after=2023-05-01T00:00:00+00:00
[2026-09-13T00:04:44.344+0000] {processor.py:178} INFO - Processing /opt/airflow/dags/3_python_operator.py took 0.215 seconds
[2026-09-13T00:05:14.601+0000] {processor.py:156} INFO - Started process (PID=158920) to work on /opt/airflow/dags/3_python_operator.py
[2026-09-13T00:05:14.602+0000] {processor.py:799} INFO - Processing file /opt/airflow/dags/3_python_operator.py for tasks to queue
[2026-09-13T00:05:14.603+0000] {logging_mixin.py:149} INFO - [2026-09-13T00:05:14.603+0000] {dagbag.py:541} INFO - Filling up the DagBag from /opt/airflow/dags/3_python_operator.py
[2026-09-13T00:05:14.617+0000] {processor.py:809} INFO - DAG(s) dict_keys(['3-pythonoperator']) retrieved from /opt/airflow/dags/3_python_operator.py
[2026-09-13T00:05:14.689+0000] {logging_mixin.py:149} INFO - [2026-09-13T00:05:14.688+0000] {dag.py:2726} INFO - Sync 1 DAGs
[2026-09-13T00:05:14.782+0000] {logging_mixin.py:149} INFO - [2026-09-13T00:05:14.782+0000] {dag.py:3490} INFO - Setting next_dagrun for 3-pythonoperator to 2023-05-01T00:00:00+00:00, run_after=2023-05-01T00:00:00+00:00
[2026-09-13T00:05:14.831+0000] {processor.py:178} INFO - Processing /opt/airflow/dags/3_python_operator.py took 0.235 seconds
[2026-09-13T00:05:45.164+0000] {processor.py:156} INFO - Started process (PID=158935) to work on /opt/airflow/dags/3_python_operator.py
[2026-09-13T00:05:45.166+0000] {processor.py:799} INFO - Processing file /opt/airflow/dags/3_python_operator.py for tasks to queue
[2026-09-13T00:05:45.168+0000] {logging_mixin.py:149} INFO - [2026-09-13T00:05:45.167+0000] {dagbag.py:541} INFO - Filling up the DagBag from /opt/airflow/dags/3_python_operator.py
[2026-09-13T00:05:45.190+0000] {processor.py:809} INFO - DAG(s) dict_keys(['3-pythonoperator']) retrieved from /opt/airflow/dags/3_python_operator.py
[2026-09-13T00:05:45.245+0000] {logging_mixin.py:149} INFO - [2026-09-13T00:05:45.245+0000] {dag.py:2726} INFO - Sync 1 DAGs
[2026-09-13T00:05:45.286+0000] {logging_mixin.py:149} INFO - [2026-09-13T00:05:45.286+0000] {dag.py:3490} INFO - Setting next_dagrun for 3-pythonoperator to 2023-05-01T00:00:00+00:00, run_after=2023-05-01T00:00:00+00:00
[2026-09-13T00:05:45.331+0000] {processor.py:178} INFO - Processing /opt/airflow/dags/3_python_operator.py took 0.176 seconds
[2026-09-13T00:06:15.491+0000] {processor.py:156} INFO - Started process (PID=158949) to work on /opt/airflow/dags/3_python_operator.py
[2026-09-13T00:06:15.495+0000] {processor.py:799} INFO - Processing file /opt/airflow/dags/3_python_operator.py for tasks to queue
[2026-09-13T00:06:15.497+0000] {logging_mixin.py:149} INFO - [2026-09-13T00:06:15.497+0000] {dagbag.py:541} INFO - Filling up the DagBag from /opt/airflow/dags/3_python_operator.py
[2026-09-13T00:06:15.521+0000] {processor.py:809} INFO - DAG(s) dict_keys(['3-pythonoperator']) retrieved from /opt/airflow/dags/3_python_operator.py
[2026-09-13T00:06:15.599+0000] {logging_mixin.py:149} INFO - [2026-09-13T00:06:15.599+0000] {dag.py:2726} INFO - Sync 1 DAGs
[2026-09-13T00:06:15.644+0000] {logging_mixin.py:149} INFO - [2026-09-13T00:06:15.644+0000] {dag.py:3490} INFO - Setting next_dagrun for 3-pythonoperator to 2023-05-01T00:00:00+00:00, run_after=2023-05-01T00:00:00+00:00
[2026-09-13T00:06:15.701+0000] {processor.py:178} INFO - Processing /opt/airflow/dags/3_python_operator.py took 0.229 seconds
[2026-09-13T00:06:45.892+0000] {processor.py:156} INFO - Started process (PID=158963) to work on /opt/airflow/dags/3_python_operator.py
[2026-09-13T00:06:45.894+0000] {processor.py:799} INFO - Processing file /opt/airflow/dags/3_python_operator.py for tasks to queue
[2026-09-13T00:06:45.896+0000] {logging_mixin.py:149} INFO - [2026-09-13T00:06:45.896+0000] {dagbag.py:541} INFO - Filling up the DagBag from /opt/airflow/dags/3_python_operator.py
[2026-09-13T00:06:45.922+0000] {processor.py:809} INFO - DAG(s) dict_keys(['3-pythonoperator']) retrieved from /opt/airflow/dags/3_python_operator.py
[2026-09-13T00:06:45.990+0000] {logging_mixin.py:149} INFO - [2026-09-13T00:06:45.989+0000] {dag.py:2726} INFO - Sync 1 DAGs
[2026-09-13T00:06:46.031+0000] {logging_mixin.py:149} INFO - [2026-09-13T00:06:46.031+0000] {dag.py:3490} INFO - Setting next_dagrun for 3-pythonoperator to 2023-05-01T00:00:00+00:00, run_after=2023-05-01T00:00:00+00:00
[2026-09-13T00:06:46.061+0000] {processor.py:178} INFO - Processing /opt/airflow/dags/3_python_operator.py took 0.180 seconds
[2026-09-13T00:07:16.234+0000] {processor.py:156} INFO - Started process (PID=158976) to work on /opt/airflow/dags/3_python_operator.py
[2026-09-13T00:07:16.238+0000] {processor.py:799} INFO - Processing file /opt/airflow/dags/3_python_operator.py for tasks to queue
[2026-09-13T00:07:16.240+0000] {logging_mixin.py:149} INFO - [2026-09-13T00:07:16.239+0000] {dagbag.py:541} INFO - Filling up the DagBag from /opt/airflow/dags/3_python_operator.py
[2026-09-13T00:07:16.265+0000] {processor.py:809} INFO - DAG(s) dict_keys(['3-pythonoperator']) retrieved from /opt/airflow/dags/3_python_operator.py
[2026-09-13T00:07:16.344+0000] {logging_mixin.py:149} INFO - [2026-09-13T00:07:16.344+0000] {dag.py:2726} INFO - Sync 1 DAGs
[2026-09-13T00:07:16.414+0000] {logging_mixin.py:149} INFO - [2026-09-13T00:07:16.414+0000] {dag.py:3490} INFO - Setting next_dagrun for 3-pythonoperator to 2023-05-01T00:00:00+00:00, run_after=2023-05-01T00:00:00+00:00
[2026-09-13T00:07:16.483+0000] {processor.py:178} INFO - Processing /opt/airflow/dags/3_python_operator.py took 0.260 seconds
[2026-09-13T00:07:46.691+0000] {processor.py:156} INFO - Started process (PID=158990) to work on /opt/airflow/dags/3_python_operator.py
[2026-09-13T00:07:46.693+0000] {processor.py:799} INFO - Processing file /opt/airflow/dags/3_python_operator.py for tasks to queue
[2026-09-13T00:07:46.695+0000] {logging_mixin.py:149} INFO - [2026-09-13T00:07:46.694+0000] {dagbag.py:541} INFO - Filling up the DagBag from /opt/airflow/dags/3_python_operator.py
[2026-09-13T00:07:46.719+0000] {processor.py:809} INFO - DAG(s) dict_keys(['3-pythonoperator']) retrieved from /opt/airflow/dags/3_python_operator.py
[2026-09-13T00:07:46.796+0000] {logging_mixin.py:149} INFO - [2026-09-13T00:07:46.796+0000] {dag.py:2726} INFO - Sync 1 DAGs
[2026-09-13T00:07:46.845+0000] {logging_mixin.py:149} INFO - [2026-09-13T00:07:46.845+0000] {dag.py:3490} INFO - Setting next_dagrun for 3-pythonoperator to 2023-05-01T00:00:00+00:00, run_after=2023-05-01T00:00:00+00:00
[2026-09-13T00:07:46.880+0000] {processor.py:178} INFO - Processing /opt/airflow/dags/3_python_operator.py took 0.201 seconds
[2026-09-13T00:08:17.023+0000] {processor.py:156} INFO - Started process (PID=159005) to work on /opt/airflow/dags/3_python_operator.py
[2026-09-13T00:08:17.026+0000] {processor.py:799} INFO - Processing file /opt/airflow/dags/3_python_operator.py for tasks to queue
[2026-09-13T00:08:17.028+0000] {logging_mixin.py:149} INFO - [2026-09-13T00:08:17.028+0000] {dagbag.py:541} INFO - Filling up the DagBag from /opt/airflow/dags/3_python_operator.py
[2026-09-13T00:08:17.049+0000] {processor.py:809} INFO - DAG(s) dict_keys(['3-pythonoperator']) retrieved from /opt/airflow/dags/3_python_operator.py
[2026-09-13T00:08:17.139+0000] {logging_mixin.py:149} INFO - [2026-09-13T00:08:17.139+0000] {dag.py:2726} INFO - Sync 1 DAGs
[2026-09-13T00:08:17.189+0000] {logging_mixin.py:149} INFO - [2026-09-13T00:08:17.188+0000] {dag.py:3490} INFO - Setting next_dagrun for 3-pythonoperator to 2023-05-01T00:00:00+00:00, run_after=2023-05-01T00:00:00+00:00
[2026-09-13T00:08:17.237+0000] {processor.py:178} INFO - Processing /opt/airflow/dags/3_python_operator.py took 0.222 seconds
[2026-09-13T00:08:47.487+0000] {processor.py:156} INFO - Started process (PID=159019) to work on /opt/airflow/dags/3_python_operator.py
[2026-09-13T00:08:47.489+0000] {processor.py:799} INFO - Processing file /opt/airflow/dags/3_python_operator.py for tasks to queue
[2026-09-13T00:08:47.491+0000] {logging_mixin.py:149} INFO - [2026-09-13T00:08:47.491+0000] {dagbag.py:541} INFO - Filling up the DagBag from /opt/airflow/dags/3_python_operator.py
[2026-09-13T00:08:47.516+0000] {processor.py:809} INFO - DAG(s) dict_keys(['3-pythonoperator']) retrieved from /opt/airflow/dags/3_python_operator.py
[2026-09-13T00:08:47.621+0000] {logging_mixin.py:149} INFO - [2026-09-13T00:08:47.620+0000] {dag.py:2726} INFO - Sync 1 DAGs
[2026-09-13T00:08:47.688+0000] {logging_mixin.py:149} INFO - [2026-09-13T00:08:47.687+0000] {dag.py:3490} INFO - Setting next_dagrun for 3-pythonoperator to 2023-05-01T00:00:00+00:00, run_after=2023-05-01T00:00:00+00:00
[2026-09-13T00:08:47.756+0000] {processor.py:178} INFO - Processing /opt/airflow/dags/3_python_operator.py took 0.281 seconds
[2026-09-13T00:09:17.896+0000] {processor.py:156} INFO - Started process (PID=159033) to work on /opt/airflow/dags/3_python_operator.py
[2026-09-13T00:09:17.906+0000] {processor.py:799} INFO - Processing file /opt/airflow/dags/3_python_operator.py for tasks to queue
[2026-09-13T00:09:17.919+0000] {logging_mixin.py:149} INFO - [2026-09-13T00:09:17.918+0000] {dagbag.py:541} INFO - Filling up the DagBag from /opt/airflow/dags/3_python_operator.py
[2026-09-13T00:09:17.946+0000] {processor.py:809} INFO - DAG(s) dict_keys(['3-pythonoperator']) retrieved from /opt/airflow/dags/3_python_operator.py
[2026-09-13T00:09:18.035+0000] {logging_mixin.py:149} INFO - [2026-09-13T00:09:18.035+0000] {dag.py:2726} INFO - Sync 1 DAGs
[2026-09-13T00:09:18.068+0000] {logging_mixin.py:149} INFO - [2026-09-13T00:09:18.067+0000] {dag.py:3490} INFO - Setting next_dagrun for 3-pythonoperator to 2023-05-01T00:00:00+00:00, run_after=2023-05-01T00:00:00+00:00
[2026-09-13T00:09:18.092+0000] {processor.py:178} INFO - Processing /opt/airflow/dags/3_python_operator.py took 0.208 seconds
[2026-09-13T00:09:48.354+0000] {processor.py:156} INFO - Started process (PID=159047) to work on /opt/airflow/dags/3_python_operator.py
[2026-09-13T00:09:48.356+0000] {processor.py:799} INFO - Processing file /opt/airflow/dags/3_python_operator.py for tasks to queue
[2026-09-13T00:09:48.357+0000] {logging_mixin.py:149} INFO - [2026-09-13T00:09:48.357+0000] {dagbag.py:541} INFO - Filling up the DagBag from /opt/airflow/dags/3_python_operator.py
[2026-09-13T00:09:48.378+0000] {processor.py:809} INFO - DAG(s) dict_keys(['3-pythonoperator']) retrieved from /opt/airflow/dags/3_python_operator.py
[2026-09-13T00:09:48.444+0000] {logging_mixin.py:149} INFO - [2026-09-13T00:09:48.444+0000] {dag.py:2726} INFO - Sync 1 DAGs
[2026-09-13T00:09:48.490+0000] {logging_mixin.py:149} INFO - [2026-09-13T00:09:48.490+0000] {dag.py:3490} INFO - Setting next_dagrun for 3-pythonoperator to 2023-05-01T00:00:00+00:00, run_after=2023-05-01T00:00:00+00:00
[2026-09-13T00:09:48.520+0000] {processor.py:178} INFO - Processing /opt/airflow/dags/3_python_operator.py took 0.179 seconds
[2026-09-13T00:10:18.678+0000] {processor.py:156} INFO - Started process (PID=159061) to work on /opt/airflow/dags/3_python_operator.py
[2026-09-13T00:10:18.686+0000] {processor.py:799} INFO - Processing file /opt/airflow/dags/3_python_operator.py for tasks to queue
[2026-09-13T00:10:18.688+0000] {logging_mixin.py:149} INFO - [2026-09-13T00:10:18.688+0000] {dagbag.py:541} INFO - Filling up the DagBag from /opt/airflow/dags/3_python_operator.py
[2026-09-13T00:10:18.724+0000] {processor.py:809} INFO - DAG(s) dict_keys(['3-pythonoperator']) retrieved from /opt/airflow/dags/3_python_operator.py
[2026-09-13T00:10:18.815+0000] {logging_mixin.py:149} INFO - [2026-09-13T00:10:18.815+0000] {dag.py:2726} INFO - Sync 1 DAGs
[2026-09-13T00:10:18.886+0000] {logging_mixin.py:149} INFO - [2026-09-13T00:10:18.886+0000] {dag.py:3490} INFO - Setting next_dagrun for 3-pythonoperator to 2023-05-01T00:00:00+00:00, run_after=2023-05-01T00:00:00+00:00
[2026-09-13T00:10:18.954+0000] {processor.py:178} INFO - Processing /opt/airflow/dags/3_python_operator.py took 0.287 seconds
[2026-09-13T00:10:49.191+0000] {processor.py:156} INFO - Started process (PID=159075) to work on /opt/airflow/dags/3_python_operator.py
[2026-09-13T00:10:49.193+0000] {processor.py:799} INFO - Processing file /opt/airflow/dags/3_python_operator.py for tasks to queue
[2026-09-13T00:10:49.195+0000] {logging_mixin.py:149} INFO - [2026-09-13T00:10:49.195+0000] {dagbag.py:541} INFO - Filling up the DagBag from /opt/airflow/dags/3_python_operator.py
[2026-09-13T00:10:49.217+0000] {processor.py:809} INFO - DAG(s) dict_keys(['3-pythonoperator']) retrieved from /opt/airflow/dags/3_python_operator.py
[2026-09-13T00:10:49.297+0000] {logging_mixin.py:149} INFO - [2026-09-13T00:10:49.297+0000] {dag.py:2726} INFO - Sync 1 DAGs
[2026-09-13T00:10:49.364+0000] {logging_mixin.py:149} INFO - [2026-09-13T00:10:49.363+0000] {dag.py:3490} INFO - Setting next_dagrun for 3-pythonoperator to 2023-05-01T00:00:00+00:00, run_after=2023-05-01T00:00:00+00:00
[2026-09-13T00:10:49.416+0000] {processor.py:178} INFO - Processing /opt/airflow/dags/3_python_operator.py took 0.236 seconds
[2026-09-13T00:11:19.639+0000] {processor.py:156} INFO - Started process (PID=159090) to work on /opt/airflow/dags/3_python_operator.py
[2026-09-13T00:11:19.641+0000] {processor.py:799} INFO - Processing file /opt/airflow/dags/3_python_operator.py for tasks to queue
[2026-09-13T00:11:19.642+0000] {logging_mixin.py:149} INFO - [2026-09-13T00:11:19.642+0000] {dagbag.py:541} INFO - Filling up the DagBag from /opt/airflow/dags/3_python_operator.py
[2026-09-13T00:11:19.703+0000] {processor.py:809} INFO - DAG(s) dict_keys(['3-pythonoperator']) retrieved from /opt/airflow/dags/3_python_operator.py
[2026-09-13T00:11:19.814+0000] {logging_mixin.py:149} INFO - [2026-09-13T00:11:19.814+0000] {dag.py:2726} INFO - Sync 1 DAGs
[2026-09-13T00:11:19.907+0000] {logging_mixin.py:149} INFO - [2026-09-13T00:11:19.907+0000] {dag.py:3490} INFO - Setting next_dagrun for 3-pythonoperator to 2023-05-01T00:00:00+00:00, run_after=2023-05-01T00:00:00+00:00
[2026-09-13T00:11:20.017+0000] {processor.py:178} INFO - Processing /opt/airflow/dags/3_python_operator.py took 0.392 seconds
[2026-09-13T00:11:50.238+0000] {processor.py:156} INFO - Started process (PID=159104) to work on /opt/airflow/dags/3_python_operator.py
[2026-09-13T00:11:50.250+0000] {processor.py:799} INFO - Processing file /opt/airflow/dags/3_python_operator.py for tasks to queue
[2026-09-13T00:11:50.251+0000] {logging_mixin.py:149} INFO - [2026-09-13T00:11:50.251+0000] {dagbag.py:541} INFO - Filling up the DagBag from /opt/airflow/dags/3_python_operator.py
[2026-09-13T00:11:50.279+0000] {processor.py:809} INFO - DAG(s) dict_keys(['3-pythonoperator']) retrieved from /opt/airflow/dags/3_python_operator.py
[2026-09-13T00:11:50.344+0000] {logging_mixin.py:149} INFO - [2026-09-13T00:11:50.344+0000] {dag.py:2726} INFO - Sync 1 DAGs
[2026-09-13T00:11:50.387+0000] {logging_mixin.py:149} INFO - [2026-09-13T00:11:50.387+0000] {dag.py:3490} INFO - Setting next_dagrun for 3-pythonoperator to 2023-05-01T00:00:00+00:00, run_after=2023-05-01T00:00:00+00:00
[2026-09-13T00:11:50.426+0000] {processor.py:178} INFO - Processing /opt/airflow/dags/3_python_operator.py took 0.194 seconds
[2026-09-13T00:12:20.692+0000] {processor.py:156} INFO - Started process (PID=159118) to work on /opt/airflow/dags/3_python_operator.py
[2026-09-13T00:12:20.694+0000] {processor.py:799} INFO - Processing file /opt/airflow/dags/3_python_operator.py for tasks to queue
[2026-09-13T00:12:20.695+0000] {logging_mixin.py:149} INFO - [2026-09-13T00:12:20.695+0000] {dagbag.py:541} INFO - Filling up the DagBag from /opt/airflow/dags/3_python_operator.py
[2026-09-13T00:12:20.717+0000] {processor.py:809} INFO - DAG(s) dict_keys(['3-pythonoperator']) retrieved from /opt/airflow/dags/3_python_operator.py
[2026-09-13T00:12:20.799+0000] {logging_mixin.py:149} INFO - [2026-09-13T00:12:20.799+0000] {dag.py:2726} INFO - Sync 1 DAGs
[2026-09-13T00:12:20.869+0000] {logging_mixin.py:149} INFO - [2026-09-13T00:12:20.868+0000] {dag.py:3490} INFO - Setting next_dagrun for 3-pythonoperator to 2023-05-01T00:00:00+00:00, run_after=2023-05-01T00:00:00+00:00
[2026-09-13T00:12:20.933+0000] {processor.py:178} INFO - Processing /opt/airflow/dags/3_python_operator.py took 0.250 seconds
[2026-09-13T00:12:51.139+0000] {processor.py:156} INFO - Started process (PID=159132) to work on /opt/airflow/dags/3_python_operator.py
[2026-09-13T00:12:51.141+0000] {processor.py:799} INFO - Processing file /opt/airflow/dags/3_python_operator.py for tasks to queue
[2026-09-13T00:12:51.143+0000] {logging_mixin.py:149} INFO - [2026-09-13T00:12:51.142+0000] {dagbag.py:541} INFO - Filling up the DagBag from /opt/airflow/dags/3_python_operator.py
[2026-09-13T00:12:51.167+0000] {processor.py:809} INFO - DAG(s) dict_keys(['3-pythonoperator']) retrieved from /opt/airflow/dags/3_python_operator.py
[2026-09-13T00:12:51.247+0000] {logging_mixin.py:149} INFO - [2026-09-13T00:12:51.246+0000] {dag.py:2726} INFO - Sync 1 DAGs
[2026-09-13T00:12:51.304+0000] {logging_mixin.py:149} INFO - [2026-09-13T00:12:51.304+0000] {dag.py:3490} INFO - Setting next_dagrun for 3-pythonoperator to 2023-05-01T00:00:00+00:00, run_after=2023-05-01T00:00:00+00:00
[2026-09-13T00:12:51.363+0000] {processor.py:178} INFO - Processing /opt/airflow/dags/3_python_operator.py took 0.239 seconds
[2026-09-13T00:13:21.565+0000] {processor.py:156} INFO - Started process (PID=159146) to work on /opt/airflow/dags/3_python_operator.py
[2026-09-13T00:13:21.568+0000] {processor.py:799} INFO - Processing file /opt/airflow/dags/3_python_operator.py for tasks to queue
[2026-09-13T00:13:21.570+0000] {logging_mixin.py:149} INFO - [2026-09-13T00:13:21.570+0000] {dagbag.py:541} INFO - Filling up the DagBag from /opt/airflow/dags/3_python_operator.py
[2026-09-13T00:13:21.597+0000] {processor.py:809} INFO - DAG(s) dict_keys(['3-pythonoperator']) retrieved from /opt/airflow/dags/3_python_operator.py
[2026-09-13T00:13:21.690+0000] {logging_mixin.py:149} INFO - [2026-09-13T00:13:21.689+0000] {dag.py:2726} INFO - Sync 1 DAGs
[2026-09-13T00:13:21.756+0000] {logging_mixin.py:149} INFO - [2026-09-13T00:13:21.755+0000] {dag.py:3490} INFO - Setting next_dagrun for 3-pythonoperator to 2023-05-01T00:00:00+00:00, run_after=2023-05-01T00:00:00+00:00
[2026-09-13T00:13:21.807+0000] {processor.py:178} INFO - Processing /opt/airflow/dags/3_python_operator.py took 0.255 seconds
[2026-09-13T00:13:52.068+0000] {processor.py:156} INFO - Started process (PID=159160) to work on /opt/airflow/dags/3_python_operator.py
[2026-09-13T00:13:52.070+0000] {processor.py:799} INFO - Processing file /opt/airflow/dags/3_python_operator.py for tasks to queue
[2026-09-13T00:13:52.071+0000] {logging_mixin.py:149} INFO - [2026-09-13T00:13:52.071+0000] {dagbag.py:541} INFO - Filling up the DagBag from /opt/airflow/dags/3_python_operator.py
[2026-09-13T00:13:52.095+0000] {processor.py:809} INFO - DAG(s) dict_keys(['3-pythonoperator']) retrieved from /opt/airflow/dags/3_python_operator.py
[2026-09-13T00:13:52.197+0000] {logging_mixin.py:149} INFO - [2026-09-13T00:13:52.197+0000] {dag.py:2726} INFO - Sync 1 DAGs
[2026-09-13T00:13:52.283+0000] {logging_mixin.py:149} INFO - [2026-09-13T00:13:52.282+0000] {dag.py:3490} INFO - Setting next_dagrun for 3-pythonoperator to 2023-05-01T00:00:00+00:00, run_after=2023-05-01T00:00:00+00:00
[2026-09-13T00:13:52.349+0000] {processor.py:178} INFO - Processing /opt/airflow/dags/3_python_operator.py took 0.292 seconds
[2026-09-13T00:14:22.558+0000] {processor.py:156} INFO - Started process (PID=159174) to work on /opt/airflow/dags/3_python_operator.py
[2026-09-13T00:14:22.562+0000] {processor.py:799} INFO - Processing file /opt/airflow/dags/3_python_operator.py for tasks to queue
[2026-09-13T00:14:22.564+0000] {logging_mixin.py:149} INFO - [2026-09-13T00:14:22.563+0000] {dagbag.py:541} INFO - Filling up the DagBag from /opt/airflow/dags/3_python_operator.py
[2026-09-13T00:14:22.590+0000] {processor.py:809} INFO - DAG(s) dict_keys(['3-pythonoperator']) retrieved from /opt/airflow/dags/3_python_operator.py
[2026-09-13T00:14:22.682+0000] {logging_mixin.py:149} INFO - [2026-09-13T00:14:22.681+0000] {dag.py:2726} INFO - Sync 1 DAGs
[2026-09-13T00:14:22.755+0000] {logging_mixin.py:149} INFO - [2026-09-13T00:14:22.754+0000] {dag.py:3490} INFO - Setting next_dagrun for 3-pythonoperator to 2023-05-01T00:00:00+00:00, run_after=2023-05-01T00:00:00+00:00
[2026-09-13T00:14:22.828+0000] {processor.py:178} INFO - Processing /opt/airflow/dags/3_python_operator.py took 0.281 seconds
[2026-09-13T00:14:53.012+0000] {processor.py:156} INFO - Started process (PID=159189) to work on /opt/airflow/dags/3_python_operator.py
[2026-09-13T00:14:53.014+0000] {processor.py:799} INFO - Processing file /opt/airflow/dags/3_python_operator.py for tasks to queue
[2026-09-13T00:14:53.014+0000] {logging_mixin.py:149} INFO - [2026-09-13T00:14:53.014+0000] {dagbag.py:541} INFO - Filling up the DagBag from /opt/airflow/dags/3_python_operator.py
[2026-09-13T00:14:53.027+0000] {processor.py:809} INFO - DAG(s) dict_keys(['3-pythonoperator']) retrieved from /opt/airflow/dags/3_python_operator.py
[2026-09-13T00:14:53.074+0000] {logging_mixin.py:149} INFO - [2026-09-13T00:14:53.073+0000] {dag.py:2726} INFO - Sync 1 DAGs
[2026-09-13T00:14:53.106+0000] {logging_mixin.py:149} INFO - [2026-09-13T00:14:53.105+0000] {dag.py:3490} INFO - Setting next_dagrun for 3-pythonoperator to 2023-05-01T00:00:00+00:00, run_after=2023-05-01T00:00:00+00:00
[2026-09-13T00:14:53.134+0000] {processor.py:178} INFO - Processing /opt/airflow/dags/3_python_operator.py took 0.128 seconds
[2026-09-13T00:15:23.321+0000] {processor.py:156} INFO - Started process (PID=159203) to work on /opt/airflow/dags/3_python_operator.py
[2026-09-13T00:15:23.326+0000] {processor.py:799} INFO - Processing file /opt/airflow/dags/3_python_operator.py for tasks to queue
[2026-09-13T00:15:23.328+0000] {logging_mixin.py:149} INFO - [2026-09-13T00:15:23.328+0000] {dagbag.py:541} INFO - Filling up the DagBag from /opt/airflow/dags/3_python_operator.py
[2026-09-13T00:15:23.354+0000] {processor.py:809} INFO - DAG(s) dict_keys(['3-pythonoperator']) retrieved from /opt/airflow/dags/3_python_operator.py
[2026-09-13T00:15:23.428+0000] {logging_mixin.py:149} INFO - [2026-09-13T00:15:23.428+0000] {dag.py:2726} INFO - Sync 1 DAGs
[2026-09-13T00:15:23.474+0000] {logging_mixin.py:149} INFO - [2026-09-13T00:15:23.474+0000] {dag.py:3490} INFO - Setting next_dagrun for 3-pythonoperator to 2023-05-01T00:00:00+00:00, run_after=2023-05-01T00:00:00+00:00
[2026-09-13T00:15:23.503+0000] {processor.py:178} INFO - Processing /opt/airflow/dags/3_python_operator.py took 0.194 seconds
[2026-09-13T00:15:53.715+0000] {processor.py:156} INFO - Started process (PID=159217) to work on /opt/airflow/dags/3_python_operator.py
[2026-09-13T00:15:53.717+0000] {processor.py:799} INFO - Processing file /opt/airflow/dags/3_python_operator.py for tasks to queue
[2026-09-13T00:15:53.718+0000] {logging_mixin.py:149} INFO - [2026-09-13T00:15:53.718+0000] {dagbag.py:541} INFO - Filling up the DagBag from /opt/airflow/dags/3_python_operator.py
[2026-09-13T00:15:53.743+0000] {processor.py:809} INFO - DAG(s) dict_keys(['3-pythonoperator']) retrieved from /opt/airflow/dags/3_python_operator.py
[2026-09-13T00:15:53.815+0000] {logging_mixin.py:149} INFO - [2026-09-13T00:15:53.814+0000] {dag.py:2726} INFO - Sync 1 DAGs
[2026-09-13T00:15:53.860+0000] {logging_mixin.py:149} INFO - [2026-09-13T00:15:53.860+0000] {dag.py:3490} INFO - Setting next_dagrun for 3-pythonoperator to 2023-05-01T00:00:00+00:00, run_after=2023-05-01T00:00:00+00:00
[2026-09-13T00:15:53.887+0000] {processor.py:178} INFO - Processing /opt/airflow/dags/3_python_operator.py took 0.183 seconds
[2026-09-13T00:16:24.143+0000] {processor.py:156} INFO - Started process (PID=159230) to work on /opt/airflow/dags/3_python_operator.py
[2026-09-13T00:16:24.146+0000] {processor.py:799} INFO - Processing file /opt/airflow/dags/3_python_operator.py for tasks to queue
[2026-09-13T00:16:24.147+0000] {logging_mixin.py:149} INFO - [2026-09-13T00:16:24.147+0000] {dagbag.py:541} INFO - Filling up the DagBag from /opt/airflow/dags/3_python_operator.py
[2026-09-13T00:16:24.179+0000] {processor.py:809} INFO - DAG(s) dict_keys(['3-pythonoperator']) retrieved from /opt/airflow/dags/3_python_operator.py
[2026-09-13T00:16:24.268+0000] {logging_mixin.py:149} INFO - [2026-09-13T00:16:24.267+0000] {dag.py:2726} INFO - Sync 1 DAGs
[2026-09-13T00:16:24.343+0000] {logging_mixin.py:149} INFO - [2026-09-13T00:16:24.343+0000] {dag.py:3490} INFO - Setting next_dagrun for 3-pythonoperator to 2023-05-01T00:00:00+00:00, run_after=2023-05-01T00:00:00+00:00
[2026-09-13T00:16:24.407+0000] {processor.py:178} INFO - Processing /opt/airflow/dags/3_python_operator.py took 0.275 seconds
[2026-09-13T00:16:54.478+0000] {processor.py:156} INFO - Started process (PID=159243) to work on /opt/airflow/dags/3_python_operator.py
[2026-09-13T00:16:54.480+0000] {processor.py:799} INFO - Processing file /opt/airflow/dags/3_python_operator.py for tasks to queue
[2026-09-13T00:16:54.482+0000] {logging_mixin.py:149} INFO - [2026-09-13T00:16:54.482+0000] {dagbag.py:541} INFO - Filling up the DagBag from /opt/airflow/dags/3_python_operator.py
[2026-09-13T00:16:54.509+0000] {processor.py:809} INFO - DAG(s) dict_keys(['3-pythonoperator']) retrieved from /opt/airflow/dags/3_python_operator.py
[2026-09-13T00:16:54.586+0000] {logging_mixin.py:149} INFO - [2026-09-13T00:16:54.586+0000] {dag.py:2726} INFO - Sync 1 DAGs
[2026-09-13T00:16:54.636+0000] {logging_mixin.py:149} INFO - [2026-09-13T00:16:54.636+0000] {dag.py:3490} INFO - Setting next_dagrun for 3-pythonoperator to 2023-05-01T00:00:00+00:00, run_after=2023-05-01T00:00:00+00:00
[2026-09-13T00:16:54.663+0000] {processor.py:178} INFO - Processing /opt/airflow/dags/3_python_operator.py took 0.197 seconds
[2026-09-13T00:17:24.839+0000] {processor.py:156} INFO - Started process (PID=159257) to work on /opt/airflow/dags/3_python_operator.py
[2026-09-13T00:17:24.851+0000] {processor.py:799} INFO - Processing file /opt/airflow/dags/3_python_operator.py for tasks to queue
[2026-09-13T00:17:24.853+0000] {logging_mixin.py:149} INFO - [2026-09-13T00:17:24.852+0000] {dagbag.py:541} INFO - Filling up the DagBag from /opt/airflow/dags/3_python_operator.py
[2026-09-13T00:17:24.888+0000] {processor.py:809} INFO - DAG(s) dict_keys(['3-pythonoperator']) retrieved from /opt/airflow/dags/3_python_operator.py
[2026-09-13T00:17:24.988+0000] {logging_mixin.py:149} INFO - [2026-09-13T00:17:24.988+0000] {dag.py:2726} INFO - Sync 1 DAGs
[2026-09-13T00:17:25.046+0000] {logging_mixin.py:149} INFO - [2026-09-13T00:17:25.046+0000] {dag.py:3490} INFO - Setting next_dagrun for 3-pythonoperator to 2023-05-01T00:00:00+00:00, run_after=2023-05-01T00:00:00+00:00
[2026-09-13T00:17:25.103+0000] {processor.py:178} INFO - Processing /opt/airflow/dags/3_python_operator.py took 0.276 seconds
[2026-09-13T00:17:55.334+0000] {processor.py:156} INFO - Started process (PID=159271) to work on /opt/airflow/dags/3_python_operator.py
[2026-09-13T00:17:55.337+0000] {processor.py:799} INFO - Processing file /opt/airflow/dags/3_python_operator.py for tasks to queue
[2026-09-13T00:17:55.339+0000] {logging_mixin.py:149} INFO - [2026-09-13T00:17:55.339+0000] {dagbag.py:541} INFO - Filling up the DagBag from /opt/airflow/dags/3_python_operator.py
[2026-09-13T00:17:55.366+0000] {processor.py:809} INFO - DAG(s) dict_keys(['3-pythonoperator']) retrieved from /opt/airflow/dags/3_python_operator.py
[2026-09-13T00:17:55.463+0000] {logging_mixin.py:149} INFO - [2026-09-13T00:17:55.462+0000] {dag.py:2726} INFO - Sync 1 DAGs
[2026-09-13T00:17:55.515+0000] {logging_mixin.py:149} INFO - [2026-09-13T00:17:55.515+0000] {dag.py:3490} INFO - Setting next_dagrun for 3-pythonoperator to 2023-05-01T00:00:00+00:00, run_after=2023-05-01T00:00:00+00:00
[2026-09-13T00:17:55.552+0000] {processor.py:178} INFO - Processing /opt/airflow/dags/3_python_operator.py took 0.230 seconds
[2026-09-13T00:18:25.774+0000] {processor.py:156} INFO - Started process (PID=159285) to work on /opt/airflow/dags/3_python_operator.py
[2026-09-13T00:18:25.779+0000] {processor.py:799} INFO - Processing file /opt/airflow/dags/3_python_operator.py for tasks to queue
[2026-09-13T00:18:25.781+0000] {logging_mixin.py:149} INFO - [2026-09-13T00:18:25.780+0000] {dagbag.py:541} INFO - Filling up the DagBag from /opt/airflow/dags/3_python_operator.py
[2026-09-13T00:18:25.808+0000] {processor.py:809} INFO - DAG(s) dict_keys(['3-pythonoperator']) retrieved from /opt/airflow/dags/3_python_operator.py
[2026-09-13T00:18:25.900+0000] {logging_mixin.py:149} INFO - [2026-09-13T00:18:25.899+0000] {dag.py:2726} INFO - Sync 1 DAGs
[2026-09-13T00:18:25.971+0000] {logging_mixin.py:149} INFO - [2026-09-13T00:18:25.971+0000] {dag.py:3490} INFO - Setting next_dagrun for 3-pythonoperator to 2023-05-01T00:00:00+00:00, run_after=2023-05-01T00:00:00+00:00
[2026-09-13T00:18:26.021+0000] {processor.py:178} INFO - Processing /opt/airflow/dags/3_python_operator.py took 0.258 seconds
[2026-09-13T00:18:56.092+0000] {processor.py:156} INFO - Started process (PID=159299) to work on /opt/airflow/dags/3_python_operator.py
[2026-09-13T00:18:56.094+0000] {processor.py:799} INFO - Processing file /opt/airflow/dags/3_python_operator.py for tasks to queue
[2026-09-13T00:18:56.096+0000] {logging_mixin.py:149} INFO - [2026-09-13T00:18:56.096+0000] {dagbag.py:541} INFO - Filling up the DagBag from /opt/airflow/dags/3_python_operator.py
[2026-09-13T00:18:56.123+0000] {processor.py:809} INFO - DAG(s) dict_keys(['3-pythonoperator']) retrieved from /opt/airflow/dags/3_python_operator.py
[2026-09-13T00:18:56.206+0000] {logging_mixin.py:149} INFO - [2026-09-13T00:18:56.206+0000] {dag.py:2726} INFO - Sync 1 DAGs
[2026-09-13T00:18:56.271+0000] {logging_mixin.py:149} INFO - [2026-09-13T00:18:56.270+0000] {dag.py:3490} INFO - Setting next_dagrun for 3-pythonoperator to 2023-05-01T00:00:00+00:00, run_after=2023-05-01T00:00:00+00:00
[2026-09-13T00:18:56.314+0000] {processor.py:178} INFO - Processing /opt/airflow/dags/3_python_operator.py took 0.233 seconds
[2026-09-13T00:19:26.510+0000] {processor.py:156} INFO - Started process (PID=159313) to work on /opt/airflow/dags/3_python_operator.py
[2026-09-13T00:19:26.514+0000] {processor.py:799} INFO - Processing file /opt/airflow/dags/3_python_operator.py for tasks to queue
[2026-09-13T00:19:26.515+0000] {logging_mixin.py:149} INFO - [2026-09-13T00:19:26.515+0000] {dagbag.py:541} INFO - Filling up the DagBag from /opt/airflow/dags/3_python_operator.py
[2026-09-13T00:19:26.543+0000] {processor.py:809} INFO - DAG(s) dict_keys(['3-pythonoperator']) retrieved from /opt/airflow/dags/3_python_operator.py
[2026-09-13T00:19:26.641+0000] {logging_mixin.py:149} INFO - [2026-09-13T00:19:26.640+0000] {dag.py:2726} INFO - Sync 1 DAGs
[2026-09-13T00:19:26.735+0000] {logging_mixin.py:149} INFO - [2026-09-13T00:19:26.734+0000] {dag.py:3490} INFO - Setting next_dagrun for 3-pythonoperator to 2023-05-01T00:00:00+00:00, run_after=2023-05-01T00:00:00+00:00
[2026-09-13T00:19:26.795+0000] {processor.py:178} INFO - Processing /opt/airflow/dags/3_python_operator.py took 0.296 seconds
[2026-09-13T00:19:56.873+0000] {processor.py:156} INFO - Started process (PID=159327) to work on /opt/airflow/dags/3_python_operator.py
[2026-09-13T00:19:56.875+0000] {processor.py:799} INFO - Processing file /opt/airflow/dags/3_python_operator.py for tasks to queue
[2026-09-13T00:19:56.876+0000] {logging_mixin.py:149} INFO - [2026-09-13T00:19:56.876+0000] {dagbag.py:541} INFO - Filling up the DagBag from /opt/airflow/dags/3_python_operator.py
[2026-09-13T00:19:56.896+0000] {processor.py:809} INFO - DAG(s) dict_keys(['3-pythonoperator']) retrieved from /opt/airflow/dags/3_python_operator.py
[2026-09-13T00:19:56.953+0000] {logging_mixin.py:149} INFO - [2026-09-13T00:19:56.953+0000] {dag.py:2726} INFO - Sync 1 DAGs
[2026-09-13T00:19:56.988+0000] {logging_mixin.py:149} INFO - [2026-09-13T00:19:56.988+0000] {dag.py:3490} INFO - Setting next_dagrun for 3-pythonoperator to 2023-05-01T00:00:00+00:00, run_after=2023-05-01T00:00:00+00:00
[2026-09-13T00:19:57.022+0000] {processor.py:178} INFO - Processing /opt/airflow/dags/3_python_operator.py took 0.157 seconds
[2026-09-13T00:20:28.042+0000] {processor.py:156} INFO - Started process (PID=159341) to work on /opt/airflow/dags/3_python_operator.py
[2026-09-13T00:20:28.046+0000] {processor.py:799} INFO - Processing file /opt/airflow/dags/3_python_operator.py for tasks to queue
[2026-09-13T00:20:28.056+0000] {logging_mixin.py:149} INFO - [2026-09-13T00:20:28.055+0000] {dagbag.py:541} INFO - Filling up the DagBag from /opt/airflow/dags/3_python_operator.py
[2026-09-13T00:20:28.089+0000] {processor.py:809} INFO - DAG(s) dict_keys(['3-pythonoperator']) retrieved from /opt/airflow/dags/3_python_operator.py
[2026-09-13T00:20:28.172+0000] {logging_mixin.py:149} INFO - [2026-09-13T00:20:28.171+0000] {dag.py:2726} INFO - Sync 1 DAGs
[2026-09-13T00:20:28.259+0000] {logging_mixin.py:149} INFO - [2026-09-13T00:20:28.259+0000] {dag.py:3490} INFO - Setting next_dagrun for 3-pythonoperator to 2023-05-01T00:00:00+00:00, run_after=2023-05-01T00:00:00+00:00
[2026-09-13T00:20:28.297+0000] {processor.py:178} INFO - Processing /opt/airflow/dags/3_python_operator.py took 0.266 seconds
[2026-09-13T00:20:58.445+0000] {processor.py:156} INFO - Started process (PID=159355) to work on /opt/airflow/dags/3_python_operator.py
[2026-09-13T00:20:58.449+0000] {processor.py:799} INFO - Processing file /opt/airflow/dags/3_python_operator.py for tasks to queue
[2026-09-13T00:20:58.450+0000] {logging_mixin.py:149} INFO - [2026-09-13T00:20:58.450+0000] {dagbag.py:541} INFO - Filling up the DagBag from /opt/airflow/dags/3_python_operator.py
[2026-09-13T00:20:58.482+0000] {processor.py:809} INFO - DAG(s) dict_keys(['3-pythonoperator']) retrieved from /opt/airflow/dags/3_python_operator.py
[2026-09-13T00:20:58.552+0000] {logging_mixin.py:149} INFO - [2026-09-13T00:20:58.552+0000] {dag.py:2726} INFO - Sync 1 DAGs
[2026-09-13T00:20:58.593+0000] {logging_mixin.py:149} INFO - [2026-09-13T00:20:58.593+0000] {dag.py:3490} INFO - Setting next_dagrun for 3-pythonoperator to 2023-05-01T00:00:00+00:00, run_after=2023-05-01T00:00:00+00:00
[2026-09-13T00:20:58.623+0000] {processor.py:178} INFO - Processing /opt/airflow/dags/3_python_operator.py took 0.189 seconds
[2026-09-13T00:21:28.927+0000] {processor.py:156} INFO - Started process (PID=159368) to work on /opt/airflow/dags/3_python_operator.py
[2026-09-13T00:21:28.930+0000] {processor.py:799} INFO - Processing file /opt/airflow/dags/3_python_operator.py for tasks to queue
[2026-09-13T00:21:28.932+0000] {logging_mixin.py:149} INFO - [2026-09-13T00:21:28.932+0000] {dagbag.py:541} INFO - Filling up the DagBag from /opt/airflow/dags/3_python_operator.py
[2026-09-13T00:21:28.954+0000] {processor.py:809} INFO - DAG(s) dict_keys(['3-pythonoperator']) retrieved from /opt/airflow/dags/3_python_operator.py
[2026-09-13T00:21:29.028+0000] {logging_mixin.py:149} INFO - [2026-09-13T00:21:29.027+0000] {dag.py:2726} INFO - Sync 1 DAGs
[2026-09-13T00:21:29.120+0000] {logging_mixin.py:149} INFO - [2026-09-13T00:21:29.119+0000] {dag.py:3490} INFO - Setting next_dagrun for 3-pythonoperator to 2023-05-01T00:00:00+00:00, run_after=2023-05-01T00:00:00+00:00
[2026-09-13T00:21:29.201+0000] {processor.py:178} INFO - Processing /opt/airflow/dags/3_python_operator.py took 0.282 seconds
[2026-09-13T00:21:59.481+0000] {processor.py:156} INFO - Started process (PID=159383) to work on /opt/airflow/dags/3_python_operator.py
[2026-09-13T00:21:59.483+0000] {processor.py:799} INFO - Processing file /opt/airflow/dags/3_python_operator.py for tasks to queue
[2026-09-13T00:21:59.484+0000] {logging_mixin.py:149} INFO - [2026-09-13T00:21:59.484+0000] {dagbag.py:541} INFO - Filling up the DagBag from /opt/airflow/dags/3_python_operator.py
[2026-09-13T00:21:59.499+0000] {processor.py:809} INFO - DAG(s) dict_keys(['3-pythonoperator']) retrieved from /opt/airflow/dags/3_python_operator.py
[2026-09-13T00:21:59.584+0000] {logging_mixin.py:149} INFO - [2026-09-13T00:21:59.584+0000] {dag.py:2726} INFO - Sync 1 DAGs
[2026-09-13T00:21:59.634+0000] {logging_mixin.py:149} INFO - [2026-09-13T00:21:59.634+0000] {dag.py:3490} INFO - Setting next_dagrun for 3-pythonoperator to 2023-05-01T00:00:00+00:00, run_after=2023-05-01T00:00:00+00:00
[2026-09-13T00:21:59.671+0000] {processor.py:178} INFO - Processing /opt/airflow/dags/3_python_operator.py took 0.195 seconds
[2026-09-13T00:22:29.900+0000] {processor.py:156} INFO - Started process (PID=159397) to work on /opt/airflow/dags/3_python_operator.py
[2026-09-13T00:22:29.903+0000] {processor.py:799} INFO - Processing file /opt/airflow/dags/3_python_operator.py for tasks to queue
[2026-09-13T00:22:29.905+0000] {logging_mixin.py:149} INFO - [2026-09-13T00:22:29.904+0000] {dagbag.py:541} INFO - Filling up the DagBag from /opt/airflow/dags/3_python_operator.py
[2026-09-13T00:22:29.961+0000] {processor.py:809} INFO - DAG(s) dict_keys(['3-pythonoperator']) retrieved from /opt/airflow/dags/3_python_operator.py
[2026-09-13T00:22:30.046+0000] {logging_mixin.py:149} INFO - [2026-09-13T00:22:30.045+0000] {dag.py:2726} INFO - Sync 1 DAGs
[2026-09-13T00:22:30.088+0000] {logging_mixin.py:149} INFO - [2026-09-13T00:22:30.087+0000] {dag.py:3490} INFO - Setting next_dagrun for 3-pythonoperator to 2023-05-01T00:00:00+00:00, run_after=2023-05-01T00:00:00+00:00
[2026-09-13T00:22:30.167+0000] {processor.py:178} INFO - Processing /opt/airflow/dags/3_python_operator.py took 0.278 seconds
[2026-09-13T00:23:00.432+0000] {processor.py:156} INFO - Started process (PID=159418) to work on /opt/airflow/dags/3_python_operator.py
[2026-09-13T00:23:00.435+0000] {processor.py:799} INFO - Processing file /opt/airflow/dags/3_python_operator.py for tasks to queue
[2026-09-13T00:23:00.438+0000] {logging_mixin.py:149} INFO - [2026-09-13T00:23:00.437+0000] {dagbag.py:541} INFO - Filling up the DagBag from /opt/airflow/dags/3_python_operator.py
[2026-09-13T00:23:00.465+0000] {processor.py:809} INFO - DAG(s) dict_keys(['3-pythonoperator']) retrieved from /opt/airflow/dags/3_python_operator.py
[2026-09-13T00:23:00.555+0000] {logging_mixin.py:149} INFO - [2026-09-13T00:23:00.555+0000] {dag.py:2726} INFO - Sync 1 DAGs
[2026-09-13T00:23:00.622+0000] {logging_mixin.py:149} INFO - [2026-09-13T00:23:00.622+0000] {dag.py:3490} INFO - Setting next_dagrun for 3-pythonoperator to 2023-05-01T00:00:00+00:00, run_after=2023-05-01T00:00:00+00:00
[2026-09-13T00:23:00.679+0000] {processor.py:178} INFO - Processing /opt/airflow/dags/3_python_operator.py took 0.258 seconds
[2026-09-13T00:23:30.957+0000] {processor.py:156} INFO - Started process (PID=159432) to work on /opt/airflow/dags/3_python_operator.py
[2026-09-13T00:23:30.960+0000] {processor.py:799} INFO - Processing file /opt/airflow/dags/3_python_operator.py for tasks to queue
[2026-09-13T00:23:30.962+0000] {logging_mixin.py:149} INFO - [2026-09-13T00:23:30.962+0000] {dagbag.py:541} INFO - Filling up the DagBag from /opt/airflow/dags/3_python_operator.py
[2026-09-13T00:23:30.986+0000] {processor.py:809} INFO - DAG(s) dict_keys(['3-pythonoperator']) retrieved from /opt/airflow/dags/3_python_operator.py
[2026-09-13T00:23:31.063+0000] {logging_mixin.py:149} INFO - [2026-09-13T00:23:31.063+0000] {dag.py:2726} INFO - Sync 1 DAGs
[2026-09-13T00:23:31.132+0000] {logging_mixin.py:149} INFO - [2026-09-13T00:23:31.131+0000] {dag.py:3490} INFO - Setting next_dagrun for 3-pythonoperator to 2023-05-01T00:00:00+00:00, run_after=2023-05-01T00:00:00+00:00
[2026-09-13T00:23:31.196+0000] {processor.py:178} INFO - Processing /opt/airflow/dags/3_python_operator.py took 0.250 seconds
[2026-09-13T00:24:01.880+0000] {processor.py:156} INFO - Started process (PID=159446) to work on /opt/airflow/dags/3_python_operator.py
[2026-09-13T00:24:01.883+0000] {processor.py:799} INFO - Processing file /opt/airflow/dags/3_python_operator.py for tasks to queue
[2026-09-13T00:24:01.886+0000] {logging_mixin.py:149} INFO - [2026-09-13T00:24:01.885+0000] {dagbag.py:541} INFO - Filling up the DagBag from /opt/airflow/dags/3_python_operator.py
[2026-09-13T00:24:01.920+0000] {processor.py:809} INFO - DAG(s) dict_keys(['3-pythonoperator']) retrieved from /opt/airflow/dags/3_python_operator.py
[2026-09-13T00:24:02.009+0000] {logging_mixin.py:149} INFO - [2026-09-13T00:24:02.009+0000] {dag.py:2726} INFO - Sync 1 DAGs
[2026-09-13T00:24:02.087+0000] {logging_mixin.py:149} INFO - [2026-09-13T00:24:02.086+0000] {dag.py:3490} INFO - Setting next_dagrun for 3-pythonoperator to 2023-05-01T00:00:00+00:00, run_after=2023-05-01T00:00:00+00:00
[2026-09-13T00:24:02.396+0000] {processor.py:178} INFO - Processing /opt/airflow/dags/3_python_operator.py took 0.532 seconds
[2026-09-13T00:24:32.676+0000] {processor.py:156} INFO - Started process (PID=159460) to work on /opt/airflow/dags/3_python_operator.py
[2026-09-13T00:24:32.681+0000] {processor.py:799} INFO - Processing file /opt/airflow/dags/3_python_operator.py for tasks to queue
[2026-09-13T00:24:32.683+0000] {logging_mixin.py:149} INFO - [2026-09-13T00:24:32.683+0000] {dagbag.py:541} INFO - Filling up the DagBag from /opt/airflow/dags/3_python_operator.py
[2026-09-13T00:24:32.712+0000] {processor.py:809} INFO - DAG(s) dict_keys(['3-pythonoperator']) retrieved from /opt/airflow/dags/3_python_operator.py
[2026-09-13T00:24:32.803+0000] {logging_mixin.py:149} INFO - [2026-09-13T00:24:32.803+0000] {dag.py:2726} INFO - Sync 1 DAGs
[2026-09-13T00:24:32.886+0000] {logging_mixin.py:149} INFO - [2026-09-13T00:24:32.886+0000] {dag.py:3490} INFO - Setting next_dagrun for 3-pythonoperator to 2023-05-01T00:00:00+00:00, run_after=2023-05-01T00:00:00+00:00
[2026-09-13T00:24:32.950+0000] {processor.py:178} INFO - Processing /opt/airflow/dags/3_python_operator.py took 0.290 seconds
[2026-09-13T00:25:03.182+0000] {processor.py:156} INFO - Started process (PID=159474) to work on /opt/airflow/dags/3_python_operator.py
[2026-09-13T00:25:03.185+0000] {processor.py:799} INFO - Processing file /opt/airflow/dags/3_python_operator.py for tasks to queue
[2026-09-13T00:25:03.187+0000] {logging_mixin.py:149} INFO - [2026-09-13T00:25:03.186+0000] {dagbag.py:541} INFO - Filling up the DagBag from /opt/airflow/dags/3_python_operator.py
[2026-09-13T00:25:03.210+0000] {processor.py:809} INFO - DAG(s) dict_keys(['3-pythonoperator']) retrieved from /opt/airflow/dags/3_python_operator.py
[2026-09-13T00:25:03.295+0000] {logging_mixin.py:149} INFO - [2026-09-13T00:25:03.295+0000] {dag.py:2726} INFO - Sync 1 DAGs
[2026-09-13T00:25:03.377+0000] {logging_mixin.py:149} INFO - [2026-09-13T00:25:03.377+0000] {dag.py:3490} INFO - Setting next_dagrun for 3-pythonoperator to 2023-05-01T00:00:00+00:00, run_after=2023-05-01T00:00:00+00:00
[2026-09-13T00:25:03.441+0000] {processor.py:178} INFO - Processing /opt/airflow/dags/3_python_operator.py took 0.270 seconds
[2026-09-13T00:25:33.610+0000] {processor.py:156} INFO - Started process (PID=159488) to work on /opt/airflow/dags/3_python_operator.py
[2026-09-13T00:25:33.624+0000] {processor.py:799} INFO - Processing file /opt/airflow/dags/3_python_operator.py for tasks to queue
[2026-09-13T00:25:33.627+0000] {logging_mixin.py:149} INFO - [2026-09-13T00:25:33.627+0000] {dagbag.py:541} INFO - Filling up the DagBag from /opt/airflow/dags/3_python_operator.py
[2026-09-13T00:25:33.656+0000] {processor.py:809} INFO - DAG(s) dict_keys(['3-pythonoperator']) retrieved from /opt/airflow/dags/3_python_operator.py
[2026-09-13T00:25:33.734+0000] {logging_mixin.py:149} INFO - [2026-09-13T00:25:33.734+0000] {dag.py:2726} INFO - Sync 1 DAGs
[2026-09-13T00:25:33.801+0000] {logging_mixin.py:149} INFO - [2026-09-13T00:25:33.801+0000] {dag.py:3490} INFO - Setting next_dagrun for 3-pythonoperator to 2023-05-01T00:00:00+00:00, run_after=2023-05-01T00:00:00+00:00
[2026-09-13T00:25:33.864+0000] {processor.py:178} INFO - Processing /opt/airflow/dags/3_python_operator.py took 0.269 seconds
[2026-09-13T00:26:03.987+0000] {processor.py:156} INFO - Started process (PID=159502) to work on /opt/airflow/dags/3_python_operator.py
[2026-09-13T00:26:03.998+0000] {processor.py:799} INFO - Processing file /opt/airflow/dags/3_python_operator.py for tasks to queue
[2026-09-13T00:26:04.001+0000] {logging_mixin.py:149} INFO - [2026-09-13T00:26:04.001+0000] {dagbag.py:541} INFO - Filling up the DagBag from /opt/airflow/dags/3_python_operator.py
[2026-09-13T00:26:04.031+0000] {processor.py:809} INFO - DAG(s) dict_keys(['3-pythonoperator']) retrieved from /opt/airflow/dags/3_python_operator.py
[2026-09-13T00:26:04.116+0000] {logging_mixin.py:149} INFO - [2026-09-13T00:26:04.115+0000] {dag.py:2726} INFO - Sync 1 DAGs
[2026-09-13T00:26:04.180+0000] {logging_mixin.py:149} INFO - [2026-09-13T00:26:04.180+0000] {dag.py:3490} INFO - Setting next_dagrun for 3-pythonoperator to 2023-05-01T00:00:00+00:00, run_after=2023-05-01T00:00:00+00:00
[2026-09-13T00:26:04.246+0000] {processor.py:178} INFO - Processing /opt/airflow/dags/3_python_operator.py took 0.270 seconds
[2026-09-13T00:26:34.534+0000] {processor.py:156} INFO - Started process (PID=159517) to work on /opt/airflow/dags/3_python_operator.py
[2026-09-13T00:26:34.538+0000] {processor.py:799} INFO - Processing file /opt/airflow/dags/3_python_operator.py for tasks to queue
[2026-09-13T00:26:34.540+0000] {logging_mixin.py:149} INFO - [2026-09-13T00:26:34.540+0000] {dagbag.py:541} INFO - Filling up the DagBag from /opt/airflow/dags/3_python_operator.py
[2026-09-13T00:26:34.565+0000] {processor.py:809} INFO - DAG(s) dict_keys(['3-pythonoperator']) retrieved from /opt/airflow/dags/3_python_operator.py
[2026-09-13T00:26:34.652+0000] {logging_mixin.py:149} INFO - [2026-09-13T00:26:34.652+0000] {dag.py:2726} INFO - Sync 1 DAGs
[2026-09-13T00:26:34.717+0000] {logging_mixin.py:149} INFO - [2026-09-13T00:26:34.716+0000] {dag.py:3490} INFO - Setting next_dagrun for 3-pythonoperator to 2023-05-01T00:00:00+00:00, run_after=2023-05-01T00:00:00+00:00
[2026-09-13T00:26:34.780+0000] {processor.py:178} INFO - Processing /opt/airflow/dags/3_python_operator.py took 0.261 seconds
[2026-09-13T00:27:05.014+0000] {processor.py:156} INFO - Started process (PID=159531) to work on /opt/airflow/dags/3_python_operator.py
[2026-09-13T00:27:05.018+0000] {processor.py:799} INFO - Processing file /opt/airflow/dags/3_python_operator.py for tasks to queue
[2026-09-13T00:27:05.020+0000] {logging_mixin.py:149} INFO - [2026-09-13T00:27:05.019+0000] {dagbag.py:541} INFO - Filling up the DagBag from /opt/airflow/dags/3_python_operator.py
[2026-09-13T00:27:05.037+0000] {processor.py:809} INFO - DAG(s) dict_keys(['3-pythonoperator']) retrieved from /opt/airflow/dags/3_python_operator.py
[2026-09-13T00:27:05.117+0000] {logging_mixin.py:149} INFO - [2026-09-13T00:27:05.117+0000] {dag.py:2726} INFO - Sync 1 DAGs
[2026-09-13T00:27:05.193+0000] {logging_mixin.py:149} INFO - [2026-09-13T00:27:05.193+0000] {dag.py:3490} INFO - Setting next_dagrun for 3-pythonoperator to 2023-05-01T00:00:00+00:00, run_after=2023-05-01T00:00:00+00:00
[2026-09-13T00:27:05.258+0000] {processor.py:178} INFO - Processing /opt/airflow/dags/3_python_operator.py took 0.254 seconds
[2026-09-13T00:27:35.514+0000] {processor.py:156} INFO - Started process (PID=159545) to work on /opt/airflow/dags/3_python_operator.py
[2026-09-13T00:27:35.522+0000] {processor.py:799} INFO - Processing file /opt/airflow/dags/3_python_operator.py for tasks to queue
[2026-09-13T00:27:35.524+0000] {logging_mixin.py:149} INFO - [2026-09-13T00:27:35.524+0000] {dagbag.py:541} INFO - Filling up the DagBag from /opt/airflow/dags/3_python_operator.py
[2026-09-13T00:27:35.551+0000] {processor.py:809} INFO - DAG(s) dict_keys(['3-pythonoperator']) retrieved from /opt/airflow/dags/3_python_operator.py
[2026-09-13T00:27:35.635+0000] {logging_mixin.py:149} INFO - [2026-09-13T00:27:35.635+0000] {dag.py:2726} INFO - Sync 1 DAGs
[2026-09-13T00:27:35.706+0000] {logging_mixin.py:149} INFO - [2026-09-13T00:27:35.706+0000] {dag.py:3490} INFO - Setting next_dagrun for 3-pythonoperator to 2023-05-01T00:00:00+00:00, run_after=2023-05-01T00:00:00+00:00
[2026-09-13T00:27:35.775+0000] {processor.py:178} INFO - Processing /opt/airflow/dags/3_python_operator.py took 0.270 seconds
[2026-09-13T00:28:06.677+0000] {processor.py:156} INFO - Started process (PID=159559) to work on /opt/airflow/dags/3_python_operator.py
[2026-09-13T00:28:06.682+0000] {processor.py:799} INFO - Processing file /opt/airflow/dags/3_python_operator.py for tasks to queue
[2026-09-13T00:28:06.684+0000] {logging_mixin.py:149} INFO - [2026-09-13T00:28:06.683+0000] {dagbag.py:541} INFO - Filling up the DagBag from /opt/airflow/dags/3_python_operator.py
[2026-09-13T00:28:06.710+0000] {processor.py:809} INFO - DAG(s) dict_keys(['3-pythonoperator']) retrieved from /opt/airflow/dags/3_python_operator.py
[2026-09-13T00:28:06.774+0000] {logging_mixin.py:149} INFO - [2026-09-13T00:28:06.774+0000] {dag.py:2726} INFO - Sync 1 DAGs
[2026-09-13T00:28:06.810+0000] {logging_mixin.py:149} INFO - [2026-09-13T00:28:06.810+0000] {dag.py:3490} INFO - Setting next_dagrun for 3-pythonoperator to 2023-05-01T00:00:00+00:00, run_after=2023-05-01T00:00:00+00:00
[2026-09-13T00:28:06.844+0000] {processor.py:178} INFO - Processing /opt/airflow/dags/3_python_operator.py took 0.178 seconds
[2026-09-13T00:28:37.116+0000] {processor.py:156} INFO - Started process (PID=159573) to work on /opt/airflow/dags/3_python_operator.py
[2026-09-13T00:28:37.121+0000] {processor.py:799} INFO - Processing file /opt/airflow/dags/3_python_operator.py for tasks to queue
[2026-09-13T00:28:37.124+0000] {logging_mixin.py:149} INFO - [2026-09-13T00:28:37.123+0000] {dagbag.py:541} INFO - Filling up the DagBag from /opt/airflow/dags/3_python_operator.py
[2026-09-13T00:28:37.155+0000] {processor.py:809} INFO - DAG(s) dict_keys(['3-pythonoperator']) retrieved from /opt/airflow/dags/3_python_operator.py
[2026-09-13T00:28:37.245+0000] {logging_mixin.py:149} INFO - [2026-09-13T00:28:37.245+0000] {dag.py:2726} INFO - Sync 1 DAGs
[2026-09-13T00:28:37.305+0000] {logging_mixin.py:149} INFO - [2026-09-13T00:28:37.305+0000] {dag.py:3490} INFO - Setting next_dagrun for 3-pythonoperator to 2023-05-01T00:00:00+00:00, run_after=2023-05-01T00:00:00+00:00
[2026-09-13T00:28:37.363+0000] {processor.py:178} INFO - Processing /opt/airflow/dags/3_python_operator.py took 0.259 seconds
[2026-09-13T00:29:07.708+0000] {processor.py:156} INFO - Started process (PID=159587) to work on /opt/airflow/dags/3_python_operator.py
[2026-09-13T00:29:07.711+0000] {processor.py:799} INFO - Processing file /opt/airflow/dags/3_python_operator.py for tasks to queue
[2026-09-13T00:29:07.714+0000] {logging_mixin.py:149} INFO - [2026-09-13T00:29:07.713+0000] {dagbag.py:541} INFO - Filling up the DagBag from /opt/airflow/dags/3_python_operator.py
[2026-09-13T00:29:07.738+0000] {processor.py:809} INFO - DAG(s) dict_keys(['3-pythonoperator']) retrieved from /opt/airflow/dags/3_python_operator.py
[2026-09-13T00:29:07.814+0000] {logging_mixin.py:149} INFO - [2026-09-13T00:29:07.814+0000] {dag.py:2726} INFO - Sync 1 DAGs
[2026-09-13T00:29:07.895+0000] {logging_mixin.py:149} INFO - [2026-09-13T00:29:07.895+0000] {dag.py:3490} INFO - Setting next_dagrun for 3-pythonoperator to 2023-05-01T00:00:00+00:00, run_after=2023-05-01T00:00:00+00:00
[2026-09-13T00:29:07.945+0000] {processor.py:178} INFO - Processing /opt/airflow/dags/3_python_operator.py took 0.247 seconds
[2026-09-13T00:29:38.410+0000] {processor.py:156} INFO - Started process (PID=159601) to work on /opt/airflow/dags/3_python_operator.py
[2026-09-13T00:29:38.414+0000] {processor.py:799} INFO - Processing file /opt/airflow/dags/3_python_operator.py for tasks to queue
[2026-09-13T00:29:38.416+0000] {logging_mixin.py:149} INFO - [2026-09-13T00:29:38.415+0000] {dagbag.py:541} INFO - Filling up the DagBag from /opt/airflow/dags/3_python_operator.py
[2026-09-13T00:29:38.439+0000] {processor.py:809} INFO - DAG(s) dict_keys(['3-pythonoperator']) retrieved from /opt/airflow/dags/3_python_operator.py
[2026-09-13T00:29:38.515+0000] {logging_mixin.py:149} INFO - [2026-09-13T00:29:38.515+0000] {dag.py:2726} INFO - Sync 1 DAGs
[2026-09-13T00:29:38.575+0000] {logging_mixin.py:149} INFO - [2026-09-13T00:29:38.575+0000] {dag.py:3490} INFO - Setting next_dagrun for 3-pythonoperator to 2023-05-01T00:00:00+00:00, run_after=2023-05-01T00:00:00+00:00
[2026-09-13T00:29:38.867+0000] {processor.py:178} INFO - Processing /opt/airflow/dags/3_python_operator.py took 0.467 seconds
[2026-09-13T00:30:09.190+0000] {processor.py:156} INFO - Started process (PID=159615) to work on /opt/airflow/dags/3_python_operator.py
[2026-09-13T00:30:09.195+0000] {processor.py:799} INFO - Processing file /opt/airflow/dags/3_python_operator.py for tasks to queue
[2026-09-13T00:30:09.197+0000] {logging_mixin.py:149} INFO - [2026-09-13T00:30:09.197+0000] {dagbag.py:541} INFO - Filling up the DagBag from /opt/airflow/dags/3_python_operator.py
[2026-09-13T00:30:09.222+0000] {processor.py:809} INFO - DAG(s) dict_keys(['3-pythonoperator']) retrieved from /opt/airflow/dags/3_python_operator.py
[2026-09-13T00:30:09.297+0000] {logging_mixin.py:149} INFO - [2026-09-13T00:30:09.297+0000] {dag.py:2726} INFO - Sync 1 DAGs
[2026-09-13T00:30:09.346+0000] {logging_mixin.py:149} INFO - [2026-09-13T00:30:09.346+0000] {dag.py:3490} INFO - Setting next_dagrun for 3-pythonoperator to 2023-05-01T00:00:00+00:00, run_after=2023-05-01T00:00:00+00:00
[2026-09-13T00:30:09.375+0000] {processor.py:178} INFO - Processing /opt/airflow/dags/3_python_operator.py took 0.194 seconds
[2026-09-13T00:30:39.428+0000] {processor.py:156} INFO - Started process (PID=159630) to work on /opt/airflow/dags/3_python_operator.py
[2026-09-13T00:30:39.432+0000] {processor.py:799} INFO - Processing file /opt/airflow/dags/3_python_operator.py for tasks to queue
[2026-09-13T00:30:39.434+0000] {logging_mixin.py:149} INFO - [2026-09-13T00:30:39.433+0000] {dagbag.py:541} INFO - Filling up the DagBag from /opt/airflow/dags/3_python_operator.py
[2026-09-13T00:30:39.461+0000] {processor.py:809} INFO - DAG(s) dict_keys(['3-pythonoperator']) retrieved from /opt/airflow/dags/3_python_operator.py
[2026-09-13T00:30:39.543+0000] {logging_mixin.py:149} INFO - [2026-09-13T00:30:39.543+0000] {dag.py:2726} INFO - Sync 1 DAGs
[2026-09-13T00:30:39.616+0000] {logging_mixin.py:149} INFO - [2026-09-13T00:30:39.616+0000] {dag.py:3490} INFO - Setting next_dagrun for 3-pythonoperator to 2023-05-01T00:00:00+00:00, run_after=2023-05-01T00:00:00+00:00
[2026-09-13T00:30:39.683+0000] {processor.py:178} INFO - Processing /opt/airflow/dags/3_python_operator.py took 0.266 seconds
[2026-09-13T00:31:09.929+0000] {processor.py:156} INFO - Started process (PID=159644) to work on /opt/airflow/dags/3_python_operator.py
[2026-09-13T00:31:09.933+0000] {processor.py:799} INFO - Processing file /opt/airflow/dags/3_python_operator.py for tasks to queue
[2026-09-13T00:31:09.935+0000] {logging_mixin.py:149} INFO - [2026-09-13T00:31:09.934+0000] {dagbag.py:541} INFO - Filling up the DagBag from /opt/airflow/dags/3_python_operator.py
[2026-09-13T00:31:09.960+0000] {processor.py:809} INFO - DAG(s) dict_keys(['3-pythonoperator']) retrieved from /opt/airflow/dags/3_python_operator.py
[2026-09-13T00:31:10.044+0000] {logging_mixin.py:149} INFO - [2026-09-13T00:31:10.043+0000] {dag.py:2726} INFO - Sync 1 DAGs
[2026-09-13T00:31:10.118+0000] {logging_mixin.py:149} INFO - [2026-09-13T00:31:10.117+0000] {dag.py:3490} INFO - Setting next_dagrun for 3-pythonoperator to 2023-05-01T00:00:00+00:00, run_after=2023-05-01T00:00:00+00:00
[2026-09-13T00:31:10.182+0000] {processor.py:178} INFO - Processing /opt/airflow/dags/3_python_operator.py took 0.264 seconds
[2026-09-13T00:31:40.307+0000] {processor.py:156} INFO - Started process (PID=159658) to work on /opt/airflow/dags/3_python_operator.py
[2026-09-13T00:31:40.311+0000] {processor.py:799} INFO - Processing file /opt/airflow/dags/3_python_operator.py for tasks to queue
[2026-09-13T00:31:40.312+0000] {logging_mixin.py:149} INFO - [2026-09-13T00:31:40.312+0000] {dagbag.py:541} INFO - Filling up the DagBag from /opt/airflow/dags/3_python_operator.py
[2026-09-13T00:31:40.337+0000] {processor.py:809} INFO - DAG(s) dict_keys(['3-pythonoperator']) retrieved from /opt/airflow/dags/3_python_operator.py
[2026-09-13T00:31:40.421+0000] {logging_mixin.py:149} INFO - [2026-09-13T00:31:40.421+0000] {dag.py:2726} INFO - Sync 1 DAGs
[2026-09-13T00:31:40.486+0000] {logging_mixin.py:149} INFO - [2026-09-13T00:31:40.486+0000] {dag.py:3490} INFO - Setting next_dagrun for 3-pythonoperator to 2023-05-01T00:00:00+00:00, run_after=2023-05-01T00:00:00+00:00
[2026-09-13T00:31:40.543+0000] {processor.py:178} INFO - Processing /opt/airflow/dags/3_python_operator.py took 0.246 seconds
[2026-09-13T00:32:10.733+0000] {processor.py:156} INFO - Started process (PID=159671) to work on /opt/airflow/dags/3_python_operator.py
[2026-09-13T00:32:10.737+0000] {processor.py:799} INFO - Processing file /opt/airflow/dags/3_python_operator.py for tasks to queue
[2026-09-13T00:32:10.739+0000] {logging_mixin.py:149} INFO - [2026-09-13T00:32:10.738+0000] {dagbag.py:541} INFO - Filling up the DagBag from /opt/airflow/dags/3_python_operator.py
[2026-09-13T00:32:10.766+0000] {processor.py:809} INFO - DAG(s) dict_keys(['3-pythonoperator']) retrieved from /opt/airflow/dags/3_python_operator.py
[2026-09-13T00:32:10.849+0000] {logging_mixin.py:149} INFO - [2026-09-13T00:32:10.848+0000] {dag.py:2726} INFO - Sync 1 DAGs
[2026-09-13T00:32:10.920+0000] {logging_mixin.py:149} INFO - [2026-09-13T00:32:10.919+0000] {dag.py:3490} INFO - Setting next_dagrun for 3-pythonoperator to 2023-05-01T00:00:00+00:00, run_after=2023-05-01T00:00:00+00:00
[2026-09-13T00:32:10.992+0000] {processor.py:178} INFO - Processing /opt/airflow/dags/3_python_operator.py took 0.271 seconds
[2026-09-13T00:32:41.382+0000] {processor.py:156} INFO - Started process (PID=159685) to work on /opt/airflow/dags/3_python_operator.py
[2026-09-13T00:32:41.385+0000] {processor.py:799} INFO - Processing file /opt/airflow/dags/3_python_operator.py for tasks to queue
[2026-09-13T00:32:41.388+0000] {logging_mixin.py:149} INFO - [2026-09-13T00:32:41.387+0000] {dagbag.py:541} INFO - Filling up the DagBag from /opt/airflow/dags/3_python_operator.py
[2026-09-13T00:32:41.415+0000] {processor.py:809} INFO - DAG(s) dict_keys(['3-pythonoperator']) retrieved from /opt/airflow/dags/3_python_operator.py
[2026-09-13T00:32:41.508+0000] {logging_mixin.py:149} INFO - [2026-09-13T00:32:41.507+0000] {dag.py:2726} INFO - Sync 1 DAGs
[2026-09-13T00:32:41.568+0000] {logging_mixin.py:149} INFO - [2026-09-13T00:32:41.568+0000] {dag.py:3490} INFO - Setting next_dagrun for 3-pythonoperator to 2023-05-01T00:00:00+00:00, run_after=2023-05-01T00:00:00+00:00
[2026-09-13T00:32:41.628+0000] {processor.py:178} INFO - Processing /opt/airflow/dags/3_python_operator.py took 0.257 seconds
[2026-09-13T00:33:12.486+0000] {processor.py:156} INFO - Started process (PID=159699) to work on /opt/airflow/dags/3_python_operator.py
[2026-09-13T00:33:12.491+0000] {processor.py:799} INFO - Processing file /opt/airflow/dags/3_python_operator.py for tasks to queue
[2026-09-13T00:33:12.495+0000] {logging_mixin.py:149} INFO - [2026-09-13T00:33:12.493+0000] {dagbag.py:541} INFO - Filling up the DagBag from /opt/airflow/dags/3_python_operator.py
[2026-09-13T00:33:12.515+0000] {processor.py:809} INFO - DAG(s) dict_keys(['3-pythonoperator']) retrieved from /opt/airflow/dags/3_python_operator.py
[2026-09-13T00:33:12.589+0000] {logging_mixin.py:149} INFO - [2026-09-13T00:33:12.589+0000] {dag.py:2726} INFO - Sync 1 DAGs
[2026-09-13T00:33:12.654+0000] {logging_mixin.py:149} INFO - [2026-09-13T00:33:12.653+0000] {dag.py:3490} INFO - Setting next_dagrun for 3-pythonoperator to 2023-05-01T00:00:00+00:00, run_after=2023-05-01T00:00:00+00:00
[2026-09-13T00:33:12.711+0000] {processor.py:178} INFO - Processing /opt/airflow/dags/3_python_operator.py took 0.240 seconds
[2026-09-13T00:33:42.935+0000] {processor.py:156} INFO - Started process (PID=159713) to work on /opt/airflow/dags/3_python_operator.py
[2026-09-13T00:33:42.938+0000] {processor.py:799} INFO - Processing file /opt/airflow/dags/3_python_operator.py for tasks to queue
[2026-09-13T00:33:42.940+0000] {logging_mixin.py:149} INFO - [2026-09-13T00:33:42.940+0000] {dagbag.py:541} INFO - Filling up the DagBag from /opt/airflow/dags/3_python_operator.py
[2026-09-13T00:33:42.965+0000] {processor.py:809} INFO - DAG(s) dict_keys(['3-pythonoperator']) retrieved from /opt/airflow/dags/3_python_operator.py
[2026-09-13T00:33:43.068+0000] {logging_mixin.py:149} INFO - [2026-09-13T00:33:43.068+0000] {dag.py:2726} INFO - Sync 1 DAGs
[2026-09-13T00:33:43.123+0000] {logging_mixin.py:149} INFO - [2026-09-13T00:33:43.122+0000] {dag.py:3490} INFO - Setting next_dagrun for 3-pythonoperator to 2023-05-01T00:00:00+00:00, run_after=2023-05-01T00:00:00+00:00
[2026-09-13T00:33:43.156+0000] {processor.py:178} INFO - Processing /opt/airflow/dags/3_python_operator.py took 0.232 seconds
[2026-09-13T00:34:13.412+0000] {processor.py:156} INFO - Started process (PID=159728) to work on /opt/airflow/dags/3_python_operator.py
[2026-09-13T00:34:13.416+0000] {processor.py:799} INFO - Processing file /opt/airflow/dags/3_python_operator.py for tasks to queue
[2026-09-13T00:34:13.419+0000] {logging_mixin.py:149} INFO - [2026-09-13T00:34:13.418+0000] {dagbag.py:541} INFO - Filling up the DagBag from /opt/airflow/dags/3_python_operator.py
[2026-09-13T00:34:13.447+0000] {processor.py:809} INFO - DAG(s) dict_keys(['3-pythonoperator']) retrieved from /opt/airflow/dags/3_python_operator.py
[2026-09-13T00:34:13.544+0000] {logging_mixin.py:149} INFO - [2026-09-13T00:34:13.538+0000] {dag.py:2726} INFO - Sync 1 DAGs
[2026-09-13T00:34:13.618+0000] {logging_mixin.py:149} INFO - [2026-09-13T00:34:13.618+0000] {dag.py:3490} INFO - Setting next_dagrun for 3-pythonoperator to 2023-05-01T00:00:00+00:00, run_after=2023-05-01T00:00:00+00:00
[2026-09-13T00:34:13.676+0000] {processor.py:178} INFO - Processing /opt/airflow/dags/3_python_operator.py took 0.276 seconds
[2026-09-13T00:34:43.848+0000] {processor.py:156} INFO - Started process (PID=159743) to work on /opt/airflow/dags/3_python_operator.py
[2026-09-13T00:34:43.851+0000] {processor.py:799} INFO - Processing file /opt/airflow/dags/3_python_operator.py for tasks to queue
[2026-09-13T00:34:43.853+0000] {logging_mixin.py:149} INFO - [2026-09-13T00:34:43.852+0000] {dagbag.py:541} INFO - Filling up the DagBag from /opt/airflow/dags/3_python_operator.py
[2026-09-13T00:34:43.878+0000] {processor.py:809} INFO - DAG(s) dict_keys(['3-pythonoperator']) retrieved from /opt/airflow/dags/3_python_operator.py
[2026-09-13T00:34:43.940+0000] {logging_mixin.py:149} INFO - [2026-09-13T00:34:43.940+0000] {dag.py:2726} INFO - Sync 1 DAGs
[2026-09-13T00:34:43.979+0000] {logging_mixin.py:149} INFO - [2026-09-13T00:34:43.979+0000] {dag.py:3490} INFO - Setting next_dagrun for 3-pythonoperator to 2023-05-01T00:00:00+00:00, run_after=2023-05-01T00:00:00+00:00
[2026-09-13T00:34:44.008+0000] {processor.py:178} INFO - Processing /opt/airflow/dags/3_python_operator.py took 0.171 seconds
[2026-09-13T00:35:14.879+0000] {processor.py:156} INFO - Started process (PID=159757) to work on /opt/airflow/dags/3_python_operator.py
[2026-09-13T00:35:14.884+0000] {processor.py:799} INFO - Processing file /opt/airflow/dags/3_python_operator.py for tasks to queue
[2026-09-13T00:35:14.888+0000] {logging_mixin.py:149} INFO - [2026-09-13T00:35:14.888+0000] {dagbag.py:541} INFO - Filling up the DagBag from /opt/airflow/dags/3_python_operator.py
[2026-09-13T00:35:14.928+0000] {processor.py:809} INFO - DAG(s) dict_keys(['3-pythonoperator']) retrieved from /opt/airflow/dags/3_python_operator.py
[2026-09-13T00:35:15.015+0000] {logging_mixin.py:149} INFO - [2026-09-13T00:35:15.014+0000] {dag.py:2726} INFO - Sync 1 DAGs
[2026-09-13T00:35:15.086+0000] {logging_mixin.py:149} INFO - [2026-09-13T00:35:15.086+0000] {dag.py:3490} INFO - Setting next_dagrun for 3-pythonoperator to 2023-05-01T00:00:00+00:00, run_after=2023-05-01T00:00:00+00:00
[2026-09-13T00:35:15.363+0000] {processor.py:178} INFO - Processing /opt/airflow/dags/3_python_operator.py took 0.496 seconds
[2026-09-13T00:35:45.531+0000] {processor.py:156} INFO - Started process (PID=159771) to work on /opt/airflow/dags/3_python_operator.py
[2026-09-13T00:35:45.541+0000] {processor.py:799} INFO - Processing file /opt/airflow/dags/3_python_operator.py for tasks to queue
[2026-09-13T00:35:45.543+0000] {logging_mixin.py:149} INFO - [2026-09-13T00:35:45.543+0000] {dagbag.py:541} INFO - Filling up the DagBag from /opt/airflow/dags/3_python_operator.py
[2026-09-13T00:35:45.575+0000] {processor.py:809} INFO - DAG(s) dict_keys(['3-pythonoperator']) retrieved from /opt/airflow/dags/3_python_operator.py
[2026-09-13T00:35:45.664+0000] {logging_mixin.py:149} INFO - [2026-09-13T00:35:45.663+0000] {dag.py:2726} INFO - Sync 1 DAGs
[2026-09-13T00:35:45.733+0000] {logging_mixin.py:149} INFO - [2026-09-13T00:35:45.732+0000] {dag.py:3490} INFO - Setting next_dagrun for 3-pythonoperator to 2023-05-01T00:00:00+00:00, run_after=2023-05-01T00:00:00+00:00
[2026-09-13T00:35:45.797+0000] {processor.py:178} INFO - Processing /opt/airflow/dags/3_python_operator.py took 0.282 seconds
[2026-09-13T00:36:16.018+0000] {processor.py:156} INFO - Started process (PID=159786) to work on /opt/airflow/dags/3_python_operator.py
[2026-09-13T00:36:16.029+0000] {processor.py:799} INFO - Processing file /opt/airflow/dags/3_python_operator.py for tasks to queue
[2026-09-13T00:36:16.031+0000] {logging_mixin.py:149} INFO - [2026-09-13T00:36:16.031+0000] {dagbag.py:541} INFO - Filling up the DagBag from /opt/airflow/dags/3_python_operator.py
[2026-09-13T00:36:16.059+0000] {processor.py:809} INFO - DAG(s) dict_keys(['3-pythonoperator']) retrieved from /opt/airflow/dags/3_python_operator.py
[2026-09-13T00:36:16.123+0000] {logging_mixin.py:149} INFO - [2026-09-13T00:36:16.123+0000] {dag.py:2726} INFO - Sync 1 DAGs
[2026-09-13T00:36:16.164+0000] {logging_mixin.py:149} INFO - [2026-09-13T00:36:16.163+0000] {dag.py:3490} INFO - Setting next_dagrun for 3-pythonoperator to 2023-05-01T00:00:00+00:00, run_after=2023-05-01T00:00:00+00:00
[2026-09-13T00:36:16.191+0000] {processor.py:178} INFO - Processing /opt/airflow/dags/3_python_operator.py took 0.186 seconds
[2026-09-13T00:36:46.334+0000] {processor.py:156} INFO - Started process (PID=159800) to work on /opt/airflow/dags/3_python_operator.py
[2026-09-13T00:36:46.338+0000] {processor.py:799} INFO - Processing file /opt/airflow/dags/3_python_operator.py for tasks to queue
[2026-09-13T00:36:46.340+0000] {logging_mixin.py:149} INFO - [2026-09-13T00:36:46.340+0000] {dagbag.py:541} INFO - Filling up the DagBag from /opt/airflow/dags/3_python_operator.py
[2026-09-13T00:36:46.366+0000] {processor.py:809} INFO - DAG(s) dict_keys(['3-pythonoperator']) retrieved from /opt/airflow/dags/3_python_operator.py
[2026-09-13T00:36:46.447+0000] {logging_mixin.py:149} INFO - [2026-09-13T00:36:46.446+0000] {dag.py:2726} INFO - Sync 1 DAGs
[2026-09-13T00:36:46.514+0000] {logging_mixin.py:149} INFO - [2026-09-13T00:36:46.513+0000] {dag.py:3490} INFO - Setting next_dagrun for 3-pythonoperator to 2023-05-01T00:00:00+00:00, run_after=2023-05-01T00:00:00+00:00
[2026-09-13T00:36:46.579+0000] {processor.py:178} INFO - Processing /opt/airflow/dags/3_python_operator.py took 0.256 seconds
[2026-09-13T00:37:16.669+0000] {processor.py:156} INFO - Started process (PID=159815) to work on /opt/airflow/dags/3_python_operator.py
[2026-09-13T00:37:16.673+0000] {processor.py:799} INFO - Processing file /opt/airflow/dags/3_python_operator.py for tasks to queue
[2026-09-13T00:37:16.676+0000] {logging_mixin.py:149} INFO - [2026-09-13T00:37:16.675+0000] {dagbag.py:541} INFO - Filling up the DagBag from /opt/airflow/dags/3_python_operator.py
[2026-09-13T00:37:16.704+0000] {processor.py:809} INFO - DAG(s) dict_keys(['3-pythonoperator']) retrieved from /opt/airflow/dags/3_python_operator.py
[2026-09-13T00:37:16.794+0000] {logging_mixin.py:149} INFO - [2026-09-13T00:37:16.794+0000] {dag.py:2726} INFO - Sync 1 DAGs
[2026-09-13T00:37:16.857+0000] {logging_mixin.py:149} INFO - [2026-09-13T00:37:16.856+0000] {dag.py:3490} INFO - Setting next_dagrun for 3-pythonoperator to 2023-05-01T00:00:00+00:00, run_after=2023-05-01T00:00:00+00:00
[2026-09-13T00:37:16.932+0000] {processor.py:178} INFO - Processing /opt/airflow/dags/3_python_operator.py took 0.275 seconds
[2026-09-13T00:37:47.294+0000] {processor.py:156} INFO - Started process (PID=159829) to work on /opt/airflow/dags/3_python_operator.py
[2026-09-13T00:37:47.303+0000] {processor.py:799} INFO - Processing file /opt/airflow/dags/3_python_operator.py for tasks to queue
[2026-09-13T00:37:47.305+0000] {logging_mixin.py:149} INFO - [2026-09-13T00:37:47.305+0000] {dagbag.py:541} INFO - Filling up the DagBag from /opt/airflow/dags/3_python_operator.py
[2026-09-13T00:37:47.339+0000] {processor.py:809} INFO - DAG(s) dict_keys(['3-pythonoperator']) retrieved from /opt/airflow/dags/3_python_operator.py
[2026-09-13T00:37:47.412+0000] {logging_mixin.py:149} INFO - [2026-09-13T00:37:47.411+0000] {dag.py:2726} INFO - Sync 1 DAGs
[2026-09-13T00:37:47.461+0000] {logging_mixin.py:149} INFO - [2026-09-13T00:37:47.460+0000] {dag.py:3490} INFO - Setting next_dagrun for 3-pythonoperator to 2023-05-01T00:00:00+00:00, run_after=2023-05-01T00:00:00+00:00
[2026-09-13T00:37:47.718+0000] {processor.py:178} INFO - Processing /opt/airflow/dags/3_python_operator.py took 0.447 seconds
[2026-09-13T00:38:17.899+0000] {processor.py:156} INFO - Started process (PID=159843) to work on /opt/airflow/dags/3_python_operator.py
[2026-09-13T00:38:17.903+0000] {processor.py:799} INFO - Processing file /opt/airflow/dags/3_python_operator.py for tasks to queue
[2026-09-13T00:38:17.905+0000] {logging_mixin.py:149} INFO - [2026-09-13T00:38:17.905+0000] {dagbag.py:541} INFO - Filling up the DagBag from /opt/airflow/dags/3_python_operator.py
[2026-09-13T00:38:17.932+0000] {processor.py:809} INFO - DAG(s) dict_keys(['3-pythonoperator']) retrieved from /opt/airflow/dags/3_python_operator.py
[2026-09-13T00:38:18.020+0000] {logging_mixin.py:149} INFO - [2026-09-13T00:38:18.020+0000] {dag.py:2726} INFO - Sync 1 DAGs
[2026-09-13T00:38:18.101+0000] {logging_mixin.py:149} INFO - [2026-09-13T00:38:18.100+0000] {dag.py:3490} INFO - Setting next_dagrun for 3-pythonoperator to 2023-05-01T00:00:00+00:00, run_after=2023-05-01T00:00:00+00:00
[2026-09-13T00:38:18.156+0000] {processor.py:178} INFO - Processing /opt/airflow/dags/3_python_operator.py took 0.268 seconds
[2026-09-13T00:38:48.461+0000] {processor.py:156} INFO - Started process (PID=159857) to work on /opt/airflow/dags/3_python_operator.py
[2026-09-13T00:38:48.464+0000] {processor.py:799} INFO - Processing file /opt/airflow/dags/3_python_operator.py for tasks to queue
[2026-09-13T00:38:48.466+0000] {logging_mixin.py:149} INFO - [2026-09-13T00:38:48.465+0000] {dagbag.py:541} INFO - Filling up the DagBag from /opt/airflow/dags/3_python_operator.py
[2026-09-13T00:38:48.492+0000] {processor.py:809} INFO - DAG(s) dict_keys(['3-pythonoperator']) retrieved from /opt/airflow/dags/3_python_operator.py
[2026-09-13T00:38:48.568+0000] {logging_mixin.py:149} INFO - [2026-09-13T00:38:48.567+0000] {dag.py:2726} INFO - Sync 1 DAGs
[2026-09-13T00:38:48.643+0000] {logging_mixin.py:149} INFO - [2026-09-13T00:38:48.642+0000] {dag.py:3490} INFO - Setting next_dagrun for 3-pythonoperator to 2023-05-01T00:00:00+00:00, run_after=2023-05-01T00:00:00+00:00
[2026-09-13T00:38:48.680+0000] {processor.py:178} INFO - Processing /opt/airflow/dags/3_python_operator.py took 0.230 seconds
[2026-09-13T00:39:19.517+0000] {processor.py:156} INFO - Started process (PID=159871) to work on /opt/airflow/dags/3_python_operator.py
[2026-09-13T00:39:19.520+0000] {processor.py:799} INFO - Processing file /opt/airflow/dags/3_python_operator.py for tasks to queue
[2026-09-13T00:39:19.520+0000] {logging_mixin.py:149} INFO - [2026-09-13T00:39:19.520+0000] {dagbag.py:541} INFO - Filling up the DagBag from /opt/airflow/dags/3_python_operator.py
[2026-09-13T00:39:19.534+0000] {processor.py:809} INFO - DAG(s) dict_keys(['3-pythonoperator']) retrieved from /opt/airflow/dags/3_python_operator.py
[2026-09-13T00:39:19.577+0000] {logging_mixin.py:149} INFO - [2026-09-13T00:39:19.577+0000] {dag.py:2726} INFO - Sync 1 DAGs
[2026-09-13T00:39:19.612+0000] {logging_mixin.py:149} INFO - [2026-09-13T00:39:19.612+0000] {dag.py:3490} INFO - Setting next_dagrun for 3-pythonoperator to 2023-05-01T00:00:00+00:00, run_after=2023-05-01T00:00:00+00:00
[2026-09-13T00:39:19.643+0000] {processor.py:178} INFO - Processing /opt/airflow/dags/3_python_operator.py took 0.131 seconds
[2026-09-13T00:39:50.651+0000] {processor.py:156} INFO - Started process (PID=159885) to work on /opt/airflow/dags/3_python_operator.py
[2026-09-13T00:39:50.654+0000] {processor.py:799} INFO - Processing file /opt/airflow/dags/3_python_operator.py for tasks to queue
[2026-09-13T00:39:50.655+0000] {logging_mixin.py:149} INFO - [2026-09-13T00:39:50.655+0000] {dagbag.py:541} INFO - Filling up the DagBag from /opt/airflow/dags/3_python_operator.py
[2026-09-13T00:39:50.672+0000] {processor.py:809} INFO - DAG(s) dict_keys(['3-pythonoperator']) retrieved from /opt/airflow/dags/3_python_operator.py
[2026-09-13T00:39:50.721+0000] {logging_mixin.py:149} INFO - [2026-09-13T00:39:50.720+0000] {dag.py:2726} INFO - Sync 1 DAGs
[2026-09-13T00:39:50.758+0000] {logging_mixin.py:149} INFO - [2026-09-13T00:39:50.757+0000] {dag.py:3490} INFO - Setting next_dagrun for 3-pythonoperator to 2023-05-01T00:00:00+00:00, run_after=2023-05-01T00:00:00+00:00
[2026-09-13T00:39:50.786+0000] {processor.py:178} INFO - Processing /opt/airflow/dags/3_python_operator.py took 0.155 seconds
[2026-09-13T00:40:21.010+0000] {processor.py:156} INFO - Started process (PID=159899) to work on /opt/airflow/dags/3_python_operator.py
[2026-09-13T00:40:21.014+0000] {processor.py:799} INFO - Processing file /opt/airflow/dags/3_python_operator.py for tasks to queue
[2026-09-13T00:40:21.020+0000] {logging_mixin.py:149} INFO - [2026-09-13T00:40:21.019+0000] {dagbag.py:541} INFO - Filling up the DagBag from /opt/airflow/dags/3_python_operator.py
[2026-09-13T00:40:21.046+0000] {processor.py:809} INFO - DAG(s) dict_keys(['3-pythonoperator']) retrieved from /opt/airflow/dags/3_python_operator.py
[2026-09-13T00:40:21.112+0000] {logging_mixin.py:149} INFO - [2026-09-13T00:40:21.111+0000] {dag.py:2726} INFO - Sync 1 DAGs
[2026-09-13T00:40:21.154+0000] {logging_mixin.py:149} INFO - [2026-09-13T00:40:21.153+0000] {dag.py:3490} INFO - Setting next_dagrun for 3-pythonoperator to 2023-05-01T00:00:00+00:00, run_after=2023-05-01T00:00:00+00:00
[2026-09-13T00:40:21.184+0000] {processor.py:178} INFO - Processing /opt/airflow/dags/3_python_operator.py took 0.186 seconds
[2026-09-13T00:40:51.600+0000] {processor.py:156} INFO - Started process (PID=159912) to work on /opt/airflow/dags/3_python_operator.py
[2026-09-13T00:40:51.604+0000] {processor.py:799} INFO - Processing file /opt/airflow/dags/3_python_operator.py for tasks to queue
[2026-09-13T00:40:51.605+0000] {logging_mixin.py:149} INFO - [2026-09-13T00:40:51.605+0000] {dagbag.py:541} INFO - Filling up the DagBag from /opt/airflow/dags/3_python_operator.py
[2026-09-13T00:40:51.619+0000] {processor.py:809} INFO - DAG(s) dict_keys(['3-pythonoperator']) retrieved from /opt/airflow/dags/3_python_operator.py
[2026-09-13T00:40:51.677+0000] {logging_mixin.py:149} INFO - [2026-09-13T00:40:51.677+0000] {dag.py:2726} INFO - Sync 1 DAGs
[2026-09-13T00:40:51.977+0000] {logging_mixin.py:149} INFO - [2026-09-13T00:40:51.977+0000] {dag.py:3490} INFO - Setting next_dagrun for 3-pythonoperator to 2023-05-01T00:00:00+00:00, run_after=2023-05-01T00:00:00+00:00
[2026-09-13T00:40:52.022+0000] {processor.py:178} INFO - Processing /opt/airflow/dags/3_python_operator.py took 0.426 seconds
[2026-09-13T00:41:22.304+0000] {processor.py:156} INFO - Started process (PID=159926) to work on /opt/airflow/dags/3_python_operator.py
[2026-09-13T00:41:22.313+0000] {processor.py:799} INFO - Processing file /opt/airflow/dags/3_python_operator.py for tasks to queue
[2026-09-13T00:41:22.315+0000] {logging_mixin.py:149} INFO - [2026-09-13T00:41:22.315+0000] {dagbag.py:541} INFO - Filling up the DagBag from /opt/airflow/dags/3_python_operator.py
[2026-09-13T00:41:22.346+0000] {processor.py:809} INFO - DAG(s) dict_keys(['3-pythonoperator']) retrieved from /opt/airflow/dags/3_python_operator.py
[2026-09-13T00:41:22.431+0000] {logging_mixin.py:149} INFO - [2026-09-13T00:41:22.431+0000] {dag.py:2726} INFO - Sync 1 DAGs
[2026-09-13T00:41:22.482+0000] {logging_mixin.py:149} INFO - [2026-09-13T00:41:22.482+0000] {dag.py:3490} INFO - Setting next_dagrun for 3-pythonoperator to 2023-05-01T00:00:00+00:00, run_after=2023-05-01T00:00:00+00:00
[2026-09-13T00:41:22.535+0000] {processor.py:178} INFO - Processing /opt/airflow/dags/3_python_operator.py took 0.240 seconds
[2026-09-13T00:41:52.811+0000] {processor.py:156} INFO - Started process (PID=159940) to work on /opt/airflow/dags/3_python_operator.py
[2026-09-13T00:41:52.815+0000] {processor.py:799} INFO - Processing file /opt/airflow/dags/3_python_operator.py for tasks to queue
[2026-09-13T00:41:52.817+0000] {logging_mixin.py:149} INFO - [2026-09-13T00:41:52.817+0000] {dagbag.py:541} INFO - Filling up the DagBag from /opt/airflow/dags/3_python_operator.py
[2026-09-13T00:41:52.856+0000] {processor.py:809} INFO - DAG(s) dict_keys(['3-pythonoperator']) retrieved from /opt/airflow/dags/3_python_operator.py
[2026-09-13T00:41:52.908+0000] {logging_mixin.py:149} INFO - [2026-09-13T00:41:52.908+0000] {dag.py:2726} INFO - Sync 1 DAGs
[2026-09-13T00:41:52.947+0000] {logging_mixin.py:149} INFO - [2026-09-13T00:41:52.947+0000] {dag.py:3490} INFO - Setting next_dagrun for 3-pythonoperator to 2023-05-01T00:00:00+00:00, run_after=2023-05-01T00:00:00+00:00
[2026-09-13T00:41:52.997+0000] {processor.py:178} INFO - Processing /opt/airflow/dags/3_python_operator.py took 0.197 seconds
[2026-09-13T00:42:23.223+0000] {processor.py:156} INFO - Started process (PID=159953) to work on /opt/airflow/dags/3_python_operator.py
[2026-09-13T00:42:23.227+0000] {processor.py:799} INFO - Processing file /opt/airflow/dags/3_python_operator.py for tasks to queue
[2026-09-13T00:42:23.228+0000] {logging_mixin.py:149} INFO - [2026-09-13T00:42:23.228+0000] {dagbag.py:541} INFO - Filling up the DagBag from /opt/airflow/dags/3_python_operator.py
[2026-09-13T00:42:23.256+0000] {processor.py:809} INFO - DAG(s) dict_keys(['3-pythonoperator']) retrieved from /opt/airflow/dags/3_python_operator.py
[2026-09-13T00:42:23.339+0000] {logging_mixin.py:149} INFO - [2026-09-13T00:42:23.339+0000] {dag.py:2726} INFO - Sync 1 DAGs
[2026-09-13T00:42:23.385+0000] {logging_mixin.py:149} INFO - [2026-09-13T00:42:23.385+0000] {dag.py:3490} INFO - Setting next_dagrun for 3-pythonoperator to 2023-05-01T00:00:00+00:00, run_after=2023-05-01T00:00:00+00:00
[2026-09-13T00:42:23.427+0000] {processor.py:178} INFO - Processing /opt/airflow/dags/3_python_operator.py took 0.218 seconds
[2026-09-13T00:42:53.679+0000] {processor.py:156} INFO - Started process (PID=159968) to work on /opt/airflow/dags/3_python_operator.py
[2026-09-13T00:42:53.683+0000] {processor.py:799} INFO - Processing file /opt/airflow/dags/3_python_operator.py for tasks to queue
[2026-09-13T00:42:53.685+0000] {logging_mixin.py:149} INFO - [2026-09-13T00:42:53.684+0000] {dagbag.py:541} INFO - Filling up the DagBag from /opt/airflow/dags/3_python_operator.py
[2026-09-13T00:42:53.717+0000] {processor.py:809} INFO - DAG(s) dict_keys(['3-pythonoperator']) retrieved from /opt/airflow/dags/3_python_operator.py
[2026-09-13T00:42:53.807+0000] {logging_mixin.py:149} INFO - [2026-09-13T00:42:53.806+0000] {dag.py:2726} INFO - Sync 1 DAGs
[2026-09-13T00:42:53.882+0000] {logging_mixin.py:149} INFO - [2026-09-13T00:42:53.877+0000] {dag.py:3490} INFO - Setting next_dagrun for 3-pythonoperator to 2023-05-01T00:00:00+00:00, run_after=2023-05-01T00:00:00+00:00
[2026-09-13T00:42:53.951+0000] {processor.py:178} INFO - Processing /opt/airflow/dags/3_python_operator.py took 0.283 seconds
[2026-09-13T00:43:24.635+0000] {processor.py:156} INFO - Started process (PID=159983) to work on /opt/airflow/dags/3_python_operator.py
[2026-09-13T00:43:24.642+0000] {processor.py:799} INFO - Processing file /opt/airflow/dags/3_python_operator.py for tasks to queue
[2026-09-13T00:43:24.644+0000] {logging_mixin.py:149} INFO - [2026-09-13T00:43:24.644+0000] {dagbag.py:541} INFO - Filling up the DagBag from /opt/airflow/dags/3_python_operator.py
[2026-09-13T00:43:24.668+0000] {processor.py:809} INFO - DAG(s) dict_keys(['3-pythonoperator']) retrieved from /opt/airflow/dags/3_python_operator.py
[2026-09-13T00:43:24.761+0000] {logging_mixin.py:149} INFO - [2026-09-13T00:43:24.761+0000] {dag.py:2726} INFO - Sync 1 DAGs
[2026-09-13T00:43:24.845+0000] {logging_mixin.py:149} INFO - [2026-09-13T00:43:24.844+0000] {dag.py:3490} INFO - Setting next_dagrun for 3-pythonoperator to 2023-05-01T00:00:00+00:00, run_after=2023-05-01T00:00:00+00:00
[2026-09-13T00:43:25.105+0000] {processor.py:178} INFO - Processing /opt/airflow/dags/3_python_operator.py took 0.481 seconds
[2026-09-13T00:43:55.371+0000] {processor.py:156} INFO - Started process (PID=159998) to work on /opt/airflow/dags/3_python_operator.py
[2026-09-13T00:43:55.374+0000] {processor.py:799} INFO - Processing file /opt/airflow/dags/3_python_operator.py for tasks to queue
[2026-09-13T00:43:55.376+0000] {logging_mixin.py:149} INFO - [2026-09-13T00:43:55.376+0000] {dagbag.py:541} INFO - Filling up the DagBag from /opt/airflow/dags/3_python_operator.py
[2026-09-13T00:43:55.403+0000] {processor.py:809} INFO - DAG(s) dict_keys(['3-pythonoperator']) retrieved from /opt/airflow/dags/3_python_operator.py
[2026-09-13T00:43:55.454+0000] {logging_mixin.py:149} INFO - [2026-09-13T00:43:55.454+0000] {dag.py:2726} INFO - Sync 1 DAGs
[2026-09-13T00:43:55.498+0000] {logging_mixin.py:149} INFO - [2026-09-13T00:43:55.497+0000] {dag.py:3490} INFO - Setting next_dagrun for 3-pythonoperator to 2023-05-01T00:00:00+00:00, run_after=2023-05-01T00:00:00+00:00
[2026-09-13T00:43:55.569+0000] {processor.py:178} INFO - Processing /opt/airflow/dags/3_python_operator.py took 0.209 seconds
[2026-09-13T00:44:25.717+0000] {processor.py:156} INFO - Started process (PID=160013) to work on /opt/airflow/dags/3_python_operator.py
[2026-09-13T00:44:25.720+0000] {processor.py:799} INFO - Processing file /opt/airflow/dags/3_python_operator.py for tasks to queue
[2026-09-13T00:44:25.722+0000] {logging_mixin.py:149} INFO - [2026-09-13T00:44:25.722+0000] {dagbag.py:541} INFO - Filling up the DagBag from /opt/airflow/dags/3_python_operator.py
[2026-09-13T00:44:25.749+0000] {processor.py:809} INFO - DAG(s) dict_keys(['3-pythonoperator']) retrieved from /opt/airflow/dags/3_python_operator.py
[2026-09-13T00:44:25.839+0000] {logging_mixin.py:149} INFO - [2026-09-13T00:44:25.839+0000] {dag.py:2726} INFO - Sync 1 DAGs
[2026-09-13T00:44:25.903+0000] {logging_mixin.py:149} INFO - [2026-09-13T00:44:25.902+0000] {dag.py:3490} INFO - Setting next_dagrun for 3-pythonoperator to 2023-05-01T00:00:00+00:00, run_after=2023-05-01T00:00:00+00:00
[2026-09-13T00:44:25.972+0000] {processor.py:178} INFO - Processing /opt/airflow/dags/3_python_operator.py took 0.268 seconds
[2026-09-13T00:44:56.179+0000] {processor.py:156} INFO - Started process (PID=160027) to work on /opt/airflow/dags/3_python_operator.py
[2026-09-13T00:44:56.183+0000] {processor.py:799} INFO - Processing file /opt/airflow/dags/3_python_operator.py for tasks to queue
[2026-09-13T00:44:56.186+0000] {logging_mixin.py:149} INFO - [2026-09-13T00:44:56.185+0000] {dagbag.py:541} INFO - Filling up the DagBag from /opt/airflow/dags/3_python_operator.py
[2026-09-13T00:44:56.208+0000] {processor.py:809} INFO - DAG(s) dict_keys(['3-pythonoperator']) retrieved from /opt/airflow/dags/3_python_operator.py
[2026-09-13T00:44:56.296+0000] {logging_mixin.py:149} INFO - [2026-09-13T00:44:56.296+0000] {dag.py:2726} INFO - Sync 1 DAGs
[2026-09-13T00:44:56.374+0000] {logging_mixin.py:149} INFO - [2026-09-13T00:44:56.373+0000] {dag.py:3490} INFO - Setting next_dagrun for 3-pythonoperator to 2023-05-01T00:00:00+00:00, run_after=2023-05-01T00:00:00+00:00
[2026-09-13T00:44:56.434+0000] {processor.py:178} INFO - Processing /opt/airflow/dags/3_python_operator.py took 0.268 seconds
[2026-09-13T00:45:26.582+0000] {processor.py:156} INFO - Started process (PID=160042) to work on /opt/airflow/dags/3_python_operator.py
[2026-09-13T00:45:26.585+0000] {processor.py:799} INFO - Processing file /opt/airflow/dags/3_python_operator.py for tasks to queue
[2026-09-13T00:45:26.587+0000] {logging_mixin.py:149} INFO - [2026-09-13T00:45:26.587+0000] {dagbag.py:541} INFO - Filling up the DagBag from /opt/airflow/dags/3_python_operator.py
[2026-09-13T00:45:26.613+0000] {processor.py:809} INFO - DAG(s) dict_keys(['3-pythonoperator']) retrieved from /opt/airflow/dags/3_python_operator.py
[2026-09-13T00:45:26.700+0000] {logging_mixin.py:149} INFO - [2026-09-13T00:45:26.700+0000] {dag.py:2726} INFO - Sync 1 DAGs
[2026-09-13T00:45:26.750+0000] {logging_mixin.py:149} INFO - [2026-09-13T00:45:26.750+0000] {dag.py:3490} INFO - Setting next_dagrun for 3-pythonoperator to 2023-05-01T00:00:00+00:00, run_after=2023-05-01T00:00:00+00:00
[2026-09-13T00:45:26.781+0000] {processor.py:178} INFO - Processing /opt/airflow/dags/3_python_operator.py took 0.211 seconds
[2026-09-13T00:45:57.045+0000] {processor.py:156} INFO - Started process (PID=160056) to work on /opt/airflow/dags/3_python_operator.py
[2026-09-13T00:45:57.050+0000] {processor.py:799} INFO - Processing file /opt/airflow/dags/3_python_operator.py for tasks to queue
[2026-09-13T00:45:57.052+0000] {logging_mixin.py:149} INFO - [2026-09-13T00:45:57.051+0000] {dagbag.py:541} INFO - Filling up the DagBag from /opt/airflow/dags/3_python_operator.py
[2026-09-13T00:45:57.084+0000] {processor.py:809} INFO - DAG(s) dict_keys(['3-pythonoperator']) retrieved from /opt/airflow/dags/3_python_operator.py
[2026-09-13T00:45:57.182+0000] {logging_mixin.py:149} INFO - [2026-09-13T00:45:57.182+0000] {dag.py:2726} INFO - Sync 1 DAGs
[2026-09-13T00:45:57.230+0000] {logging_mixin.py:149} INFO - [2026-09-13T00:45:57.230+0000] {dag.py:3490} INFO - Setting next_dagrun for 3-pythonoperator to 2023-05-01T00:00:00+00:00, run_after=2023-05-01T00:00:00+00:00
[2026-09-13T00:45:57.261+0000] {processor.py:178} INFO - Processing /opt/airflow/dags/3_python_operator.py took 0.234 seconds
[2026-09-13T00:46:27.625+0000] {processor.py:156} INFO - Started process (PID=160070) to work on /opt/airflow/dags/3_python_operator.py
[2026-09-13T00:46:27.629+0000] {processor.py:799} INFO - Processing file /opt/airflow/dags/3_python_operator.py for tasks to queue
[2026-09-13T00:46:27.631+0000] {logging_mixin.py:149} INFO - [2026-09-13T00:46:27.631+0000] {dagbag.py:541} INFO - Filling up the DagBag from /opt/airflow/dags/3_python_operator.py
[2026-09-13T00:46:27.661+0000] {processor.py:809} INFO - DAG(s) dict_keys(['3-pythonoperator']) retrieved from /opt/airflow/dags/3_python_operator.py
[2026-09-13T00:46:27.752+0000] {logging_mixin.py:149} INFO - [2026-09-13T00:46:27.751+0000] {dag.py:2726} INFO - Sync 1 DAGs
[2026-09-13T00:46:28.069+0000] {logging_mixin.py:149} INFO - [2026-09-13T00:46:28.069+0000] {dag.py:3490} INFO - Setting next_dagrun for 3-pythonoperator to 2023-05-01T00:00:00+00:00, run_after=2023-05-01T00:00:00+00:00
[2026-09-13T00:46:28.127+0000] {processor.py:178} INFO - Processing /opt/airflow/dags/3_python_operator.py took 0.513 seconds
[2026-09-13T00:46:58.566+0000] {processor.py:156} INFO - Started process (PID=160084) to work on /opt/airflow/dags/3_python_operator.py
[2026-09-13T00:46:58.570+0000] {processor.py:799} INFO - Processing file /opt/airflow/dags/3_python_operator.py for tasks to queue
[2026-09-13T00:46:58.574+0000] {logging_mixin.py:149} INFO - [2026-09-13T00:46:58.574+0000] {dagbag.py:541} INFO - Filling up the DagBag from /opt/airflow/dags/3_python_operator.py
[2026-09-13T00:46:58.600+0000] {processor.py:809} INFO - DAG(s) dict_keys(['3-pythonoperator']) retrieved from /opt/airflow/dags/3_python_operator.py
[2026-09-13T00:46:58.677+0000] {logging_mixin.py:149} INFO - [2026-09-13T00:46:58.676+0000] {dag.py:2726} INFO - Sync 1 DAGs
[2026-09-13T00:46:58.730+0000] {logging_mixin.py:149} INFO - [2026-09-13T00:46:58.729+0000] {dag.py:3490} INFO - Setting next_dagrun for 3-pythonoperator to 2023-05-01T00:00:00+00:00, run_after=2023-05-01T00:00:00+00:00
[2026-09-13T00:46:58.781+0000] {processor.py:178} INFO - Processing /opt/airflow/dags/3_python_operator.py took 0.226 seconds
[2026-09-13T00:47:29.038+0000] {processor.py:156} INFO - Started process (PID=160098) to work on /opt/airflow/dags/3_python_operator.py
[2026-09-13T00:47:29.042+0000] {processor.py:799} INFO - Processing file /opt/airflow/dags/3_python_operator.py for tasks to queue
[2026-09-13T00:47:29.043+0000] {logging_mixin.py:149} INFO - [2026-09-13T00:47:29.043+0000] {dagbag.py:541} INFO - Filling up the DagBag from /opt/airflow/dags/3_python_operator.py
[2026-09-13T00:47:29.065+0000] {processor.py:809} INFO - DAG(s) dict_keys(['3-pythonoperator']) retrieved from /opt/airflow/dags/3_python_operator.py
[2026-09-13T00:47:29.153+0000] {logging_mixin.py:149} INFO - [2026-09-13T00:47:29.153+0000] {dag.py:2726} INFO - Sync 1 DAGs
[2026-09-13T00:47:29.221+0000] {logging_mixin.py:149} INFO - [2026-09-13T00:47:29.221+0000] {dag.py:3490} INFO - Setting next_dagrun for 3-pythonoperator to 2023-05-01T00:00:00+00:00, run_after=2023-05-01T00:00:00+00:00
[2026-09-13T00:47:29.283+0000] {processor.py:178} INFO - Processing /opt/airflow/dags/3_python_operator.py took 0.257 seconds
[2026-09-13T00:47:59.576+0000] {processor.py:156} INFO - Started process (PID=160113) to work on /opt/airflow/dags/3_python_operator.py
[2026-09-13T00:47:59.580+0000] {processor.py:799} INFO - Processing file /opt/airflow/dags/3_python_operator.py for tasks to queue
[2026-09-13T00:47:59.582+0000] {logging_mixin.py:149} INFO - [2026-09-13T00:47:59.582+0000] {dagbag.py:541} INFO - Filling up the DagBag from /opt/airflow/dags/3_python_operator.py
[2026-09-13T00:47:59.613+0000] {processor.py:809} INFO - DAG(s) dict_keys(['3-pythonoperator']) retrieved from /opt/airflow/dags/3_python_operator.py
[2026-09-13T00:47:59.692+0000] {logging_mixin.py:149} INFO - [2026-09-13T00:47:59.691+0000] {dag.py:2726} INFO - Sync 1 DAGs
[2026-09-13T00:47:59.740+0000] {logging_mixin.py:149} INFO - [2026-09-13T00:47:59.739+0000] {dag.py:3490} INFO - Setting next_dagrun for 3-pythonoperator to 2023-05-01T00:00:00+00:00, run_after=2023-05-01T00:00:00+00:00
[2026-09-13T00:47:59.771+0000] {processor.py:178} INFO - Processing /opt/airflow/dags/3_python_operator.py took 0.208 seconds
[2026-09-13T00:48:29.890+0000] {processor.py:156} INFO - Started process (PID=160127) to work on /opt/airflow/dags/3_python_operator.py
[2026-09-13T00:48:29.895+0000] {processor.py:799} INFO - Processing file /opt/airflow/dags/3_python_operator.py for tasks to queue
[2026-09-13T00:48:29.898+0000] {logging_mixin.py:149} INFO - [2026-09-13T00:48:29.898+0000] {dagbag.py:541} INFO - Filling up the DagBag from /opt/airflow/dags/3_python_operator.py
[2026-09-13T00:48:29.923+0000] {processor.py:809} INFO - DAG(s) dict_keys(['3-pythonoperator']) retrieved from /opt/airflow/dags/3_python_operator.py
[2026-09-13T00:48:30.013+0000] {logging_mixin.py:149} INFO - [2026-09-13T00:48:30.013+0000] {dag.py:2726} INFO - Sync 1 DAGs
[2026-09-13T00:48:30.084+0000] {logging_mixin.py:149} INFO - [2026-09-13T00:48:30.083+0000] {dag.py:3490} INFO - Setting next_dagrun for 3-pythonoperator to 2023-05-01T00:00:00+00:00, run_after=2023-05-01T00:00:00+00:00
[2026-09-13T00:48:30.152+0000] {processor.py:178} INFO - Processing /opt/airflow/dags/3_python_operator.py took 0.274 seconds
[2026-09-13T00:49:00.335+0000] {processor.py:156} INFO - Started process (PID=160141) to work on /opt/airflow/dags/3_python_operator.py
[2026-09-13T00:49:00.339+0000] {processor.py:799} INFO - Processing file /opt/airflow/dags/3_python_operator.py for tasks to queue
[2026-09-13T00:49:00.341+0000] {logging_mixin.py:149} INFO - [2026-09-13T00:49:00.340+0000] {dagbag.py:541} INFO - Filling up the DagBag from /opt/airflow/dags/3_python_operator.py
[2026-09-13T00:49:00.368+0000] {processor.py:809} INFO - DAG(s) dict_keys(['3-pythonoperator']) retrieved from /opt/airflow/dags/3_python_operator.py
[2026-09-13T00:49:00.454+0000] {logging_mixin.py:149} INFO - [2026-09-13T00:49:00.453+0000] {dag.py:2726} INFO - Sync 1 DAGs
[2026-09-13T00:49:00.539+0000] {logging_mixin.py:149} INFO - [2026-09-13T00:49:00.539+0000] {dag.py:3490} INFO - Setting next_dagrun for 3-pythonoperator to 2023-05-01T00:00:00+00:00, run_after=2023-05-01T00:00:00+00:00
[2026-09-13T00:49:00.830+0000] {processor.py:178} INFO - Processing /opt/airflow/dags/3_python_operator.py took 0.507 seconds
[2026-09-13T00:49:31.522+0000] {processor.py:156} INFO - Started process (PID=160155) to work on /opt/airflow/dags/3_python_operator.py
[2026-09-13T00:49:31.524+0000] {processor.py:799} INFO - Processing file /opt/airflow/dags/3_python_operator.py for tasks to queue
[2026-09-13T00:49:31.526+0000] {logging_mixin.py:149} INFO - [2026-09-13T00:49:31.525+0000] {dagbag.py:541} INFO - Filling up the DagBag from /opt/airflow/dags/3_python_operator.py
[2026-09-13T00:49:31.542+0000] {processor.py:809} INFO - DAG(s) dict_keys(['3-pythonoperator']) retrieved from /opt/airflow/dags/3_python_operator.py
[2026-09-13T00:49:31.608+0000] {logging_mixin.py:149} INFO - [2026-09-13T00:49:31.607+0000] {dag.py:2726} INFO - Sync 1 DAGs
[2026-09-13T00:49:31.648+0000] {logging_mixin.py:149} INFO - [2026-09-13T00:49:31.648+0000] {dag.py:3490} INFO - Setting next_dagrun for 3-pythonoperator to 2023-05-01T00:00:00+00:00, run_after=2023-05-01T00:00:00+00:00
[2026-09-13T00:49:31.676+0000] {processor.py:178} INFO - Processing /opt/airflow/dags/3_python_operator.py took 0.162 seconds
[2026-09-13T00:50:01.884+0000] {processor.py:156} INFO - Started process (PID=160169) to work on /opt/airflow/dags/3_python_operator.py
[2026-09-13T00:50:01.887+0000] {processor.py:799} INFO - Processing file /opt/airflow/dags/3_python_operator.py for tasks to queue
[2026-09-13T00:50:01.889+0000] {logging_mixin.py:149} INFO - [2026-09-13T00:50:01.889+0000] {dagbag.py:541} INFO - Filling up the DagBag from /opt/airflow/dags/3_python_operator.py
[2026-09-13T00:50:01.914+0000] {processor.py:809} INFO - DAG(s) dict_keys(['3-pythonoperator']) retrieved from /opt/airflow/dags/3_python_operator.py
[2026-09-13T00:50:02.002+0000] {logging_mixin.py:149} INFO - [2026-09-13T00:50:02.001+0000] {dag.py:2726} INFO - Sync 1 DAGs
[2026-09-13T00:50:02.050+0000] {logging_mixin.py:149} INFO - [2026-09-13T00:50:02.049+0000] {dag.py:3490} INFO - Setting next_dagrun for 3-pythonoperator to 2023-05-01T00:00:00+00:00, run_after=2023-05-01T00:00:00+00:00
[2026-09-13T00:50:02.079+0000] {processor.py:178} INFO - Processing /opt/airflow/dags/3_python_operator.py took 0.208 seconds
[2026-09-13T00:50:32.343+0000] {processor.py:156} INFO - Started process (PID=160183) to work on /opt/airflow/dags/3_python_operator.py
[2026-09-13T00:50:32.347+0000] {processor.py:799} INFO - Processing file /opt/airflow/dags/3_python_operator.py for tasks to queue
[2026-09-13T00:50:32.349+0000] {logging_mixin.py:149} INFO - [2026-09-13T00:50:32.348+0000] {dagbag.py:541} INFO - Filling up the DagBag from /opt/airflow/dags/3_python_operator.py
[2026-09-13T00:50:32.374+0000] {processor.py:809} INFO - DAG(s) dict_keys(['3-pythonoperator']) retrieved from /opt/airflow/dags/3_python_operator.py
[2026-09-13T00:50:32.469+0000] {logging_mixin.py:149} INFO - [2026-09-13T00:50:32.468+0000] {dag.py:2726} INFO - Sync 1 DAGs
[2026-09-13T00:50:32.548+0000] {logging_mixin.py:149} INFO - [2026-09-13T00:50:32.547+0000] {dag.py:3490} INFO - Setting next_dagrun for 3-pythonoperator to 2023-05-01T00:00:00+00:00, run_after=2023-05-01T00:00:00+00:00
[2026-09-13T00:50:32.615+0000] {processor.py:178} INFO - Processing /opt/airflow/dags/3_python_operator.py took 0.283 seconds
[2026-09-13T00:51:02.918+0000] {processor.py:156} INFO - Started process (PID=160199) to work on /opt/airflow/dags/3_python_operator.py
[2026-09-13T00:51:02.926+0000] {processor.py:799} INFO - Processing file /opt/airflow/dags/3_python_operator.py for tasks to queue
[2026-09-13T00:51:02.938+0000] {logging_mixin.py:149} INFO - [2026-09-13T00:51:02.938+0000] {dagbag.py:541} INFO - Filling up the DagBag from /opt/airflow/dags/3_python_operator.py
[2026-09-13T00:51:02.976+0000] {processor.py:809} INFO - DAG(s) dict_keys(['3-pythonoperator']) retrieved from /opt/airflow/dags/3_python_operator.py
[2026-09-13T00:51:03.071+0000] {logging_mixin.py:149} INFO - [2026-09-13T00:51:03.070+0000] {dag.py:2726} INFO - Sync 1 DAGs
[2026-09-13T00:51:03.119+0000] {logging_mixin.py:149} INFO - [2026-09-13T00:51:03.118+0000] {dag.py:3490} INFO - Setting next_dagrun for 3-pythonoperator to 2023-05-01T00:00:00+00:00, run_after=2023-05-01T00:00:00+00:00
[2026-09-13T00:51:03.150+0000] {processor.py:178} INFO - Processing /opt/airflow/dags/3_python_operator.py took 0.242 seconds
[2026-09-13T00:51:33.573+0000] {processor.py:156} INFO - Started process (PID=160213) to work on /opt/airflow/dags/3_python_operator.py
[2026-09-13T00:51:33.578+0000] {processor.py:799} INFO - Processing file /opt/airflow/dags/3_python_operator.py for tasks to queue
[2026-09-13T00:51:33.580+0000] {logging_mixin.py:149} INFO - [2026-09-13T00:51:33.580+0000] {dagbag.py:541} INFO - Filling up the DagBag from /opt/airflow/dags/3_python_operator.py
[2026-09-13T00:51:33.613+0000] {processor.py:809} INFO - DAG(s) dict_keys(['3-pythonoperator']) retrieved from /opt/airflow/dags/3_python_operator.py
[2026-09-13T00:51:33.703+0000] {logging_mixin.py:149} INFO - [2026-09-13T00:51:33.703+0000] {dag.py:2726} INFO - Sync 1 DAGs
[2026-09-13T00:51:33.764+0000] {logging_mixin.py:149} INFO - [2026-09-13T00:51:33.764+0000] {dag.py:3490} INFO - Setting next_dagrun for 3-pythonoperator to 2023-05-01T00:00:00+00:00, run_after=2023-05-01T00:00:00+00:00
[2026-09-13T00:51:34.095+0000] {processor.py:178} INFO - Processing /opt/airflow/dags/3_python_operator.py took 0.532 seconds
[2026-09-13T00:52:04.346+0000] {processor.py:156} INFO - Started process (PID=160227) to work on /opt/airflow/dags/3_python_operator.py
[2026-09-13T00:52:04.350+0000] {processor.py:799} INFO - Processing file /opt/airflow/dags/3_python_operator.py for tasks to queue
[2026-09-13T00:52:04.352+0000] {logging_mixin.py:149} INFO - [2026-09-13T00:52:04.351+0000] {dagbag.py:541} INFO - Filling up the DagBag from /opt/airflow/dags/3_python_operator.py
[2026-09-13T00:52:04.381+0000] {processor.py:809} INFO - DAG(s) dict_keys(['3-pythonoperator']) retrieved from /opt/airflow/dags/3_python_operator.py
[2026-09-13T00:52:04.466+0000] {logging_mixin.py:149} INFO - [2026-09-13T00:52:04.465+0000] {dag.py:2726} INFO - Sync 1 DAGs
[2026-09-13T00:52:04.786+0000] {logging_mixin.py:149} INFO - [2026-09-13T00:52:04.784+0000] {dag.py:3490} INFO - Setting next_dagrun for 3-pythonoperator to 2023-05-01T00:00:00+00:00, run_after=2023-05-01T00:00:00+00:00
[2026-09-13T00:52:04.870+0000] {processor.py:178} INFO - Processing /opt/airflow/dags/3_python_operator.py took 0.540 seconds
[2026-09-13T00:52:35.210+0000] {processor.py:156} INFO - Started process (PID=160240) to work on /opt/airflow/dags/3_python_operator.py
[2026-09-13T00:52:35.215+0000] {processor.py:799} INFO - Processing file /opt/airflow/dags/3_python_operator.py for tasks to queue
[2026-09-13T00:52:35.217+0000] {logging_mixin.py:149} INFO - [2026-09-13T00:52:35.217+0000] {dagbag.py:541} INFO - Filling up the DagBag from /opt/airflow/dags/3_python_operator.py
[2026-09-13T00:52:35.244+0000] {processor.py:809} INFO - DAG(s) dict_keys(['3-pythonoperator']) retrieved from /opt/airflow/dags/3_python_operator.py
[2026-09-13T00:52:35.324+0000] {logging_mixin.py:149} INFO - [2026-09-13T00:52:35.323+0000] {dag.py:2726} INFO - Sync 1 DAGs
[2026-09-13T00:52:35.382+0000] {logging_mixin.py:149} INFO - [2026-09-13T00:52:35.382+0000] {dag.py:3490} INFO - Setting next_dagrun for 3-pythonoperator to 2023-05-01T00:00:00+00:00, run_after=2023-05-01T00:00:00+00:00
[2026-09-13T00:52:35.458+0000] {processor.py:178} INFO - Processing /opt/airflow/dags/3_python_operator.py took 0.261 seconds
[2026-09-13T00:53:05.735+0000] {processor.py:156} INFO - Started process (PID=160254) to work on /opt/airflow/dags/3_python_operator.py
[2026-09-13T00:53:05.738+0000] {processor.py:799} INFO - Processing file /opt/airflow/dags/3_python_operator.py for tasks to queue
[2026-09-13T00:53:05.740+0000] {logging_mixin.py:149} INFO - [2026-09-13T00:53:05.739+0000] {dagbag.py:541} INFO - Filling up the DagBag from /opt/airflow/dags/3_python_operator.py
[2026-09-13T00:53:05.773+0000] {processor.py:809} INFO - DAG(s) dict_keys(['3-pythonoperator']) retrieved from /opt/airflow/dags/3_python_operator.py
[2026-09-13T00:53:05.872+0000] {logging_mixin.py:149} INFO - [2026-09-13T00:53:05.872+0000] {dag.py:2726} INFO - Sync 1 DAGs
[2026-09-13T00:53:05.943+0000] {logging_mixin.py:149} INFO - [2026-09-13T00:53:05.943+0000] {dag.py:3490} INFO - Setting next_dagrun for 3-pythonoperator to 2023-05-01T00:00:00+00:00, run_after=2023-05-01T00:00:00+00:00
[2026-09-13T00:53:05.975+0000] {processor.py:178} INFO - Processing /opt/airflow/dags/3_python_operator.py took 0.257 seconds
[2026-09-13T00:53:36.138+0000] {processor.py:156} INFO - Started process (PID=160268) to work on /opt/airflow/dags/3_python_operator.py
[2026-09-13T00:53:36.141+0000] {processor.py:799} INFO - Processing file /opt/airflow/dags/3_python_operator.py for tasks to queue
[2026-09-13T00:53:36.143+0000] {logging_mixin.py:149} INFO - [2026-09-13T00:53:36.142+0000] {dagbag.py:541} INFO - Filling up the DagBag from /opt/airflow/dags/3_python_operator.py
[2026-09-13T00:53:36.167+0000] {processor.py:809} INFO - DAG(s) dict_keys(['3-pythonoperator']) retrieved from /opt/airflow/dags/3_python_operator.py
[2026-09-13T00:53:36.228+0000] {logging_mixin.py:149} INFO - [2026-09-13T00:53:36.228+0000] {dag.py:2726} INFO - Sync 1 DAGs
[2026-09-13T00:53:36.269+0000] {logging_mixin.py:149} INFO - [2026-09-13T00:53:36.269+0000] {dag.py:3490} INFO - Setting next_dagrun for 3-pythonoperator to 2023-05-01T00:00:00+00:00, run_after=2023-05-01T00:00:00+00:00
[2026-09-13T00:53:36.295+0000] {processor.py:178} INFO - Processing /opt/airflow/dags/3_python_operator.py took 0.170 seconds
[2026-09-13T00:54:06.502+0000] {processor.py:156} INFO - Started process (PID=160283) to work on /opt/airflow/dags/3_python_operator.py
[2026-09-13T00:54:06.508+0000] {processor.py:799} INFO - Processing file /opt/airflow/dags/3_python_operator.py for tasks to queue
[2026-09-13T00:54:06.510+0000] {logging_mixin.py:149} INFO - [2026-09-13T00:54:06.510+0000] {dagbag.py:541} INFO - Filling up the DagBag from /opt/airflow/dags/3_python_operator.py
[2026-09-13T00:54:06.535+0000] {processor.py:809} INFO - DAG(s) dict_keys(['3-pythonoperator']) retrieved from /opt/airflow/dags/3_python_operator.py
[2026-09-13T00:54:06.615+0000] {logging_mixin.py:149} INFO - [2026-09-13T00:54:06.615+0000] {dag.py:2726} INFO - Sync 1 DAGs
[2026-09-13T00:54:06.683+0000] {logging_mixin.py:149} INFO - [2026-09-13T00:54:06.682+0000] {dag.py:3490} INFO - Setting next_dagrun for 3-pythonoperator to 2023-05-01T00:00:00+00:00, run_after=2023-05-01T00:00:00+00:00
[2026-09-13T00:54:06.756+0000] {processor.py:178} INFO - Processing /opt/airflow/dags/3_python_operator.py took 0.265 seconds
[2026-09-13T00:54:37.555+0000] {processor.py:156} INFO - Started process (PID=160298) to work on /opt/airflow/dags/3_python_operator.py
[2026-09-13T00:54:37.558+0000] {processor.py:799} INFO - Processing file /opt/airflow/dags/3_python_operator.py for tasks to queue
[2026-09-13T00:54:37.561+0000] {logging_mixin.py:149} INFO - [2026-09-13T00:54:37.560+0000] {dagbag.py:541} INFO - Filling up the DagBag from /opt/airflow/dags/3_python_operator.py
[2026-09-13T00:54:37.585+0000] {processor.py:809} INFO - DAG(s) dict_keys(['3-pythonoperator']) retrieved from /opt/airflow/dags/3_python_operator.py
[2026-09-13T00:54:37.653+0000] {logging_mixin.py:149} INFO - [2026-09-13T00:54:37.653+0000] {dag.py:2726} INFO - Sync 1 DAGs
[2026-09-13T00:54:37.992+0000] {logging_mixin.py:149} INFO - [2026-09-13T00:54:37.991+0000] {dag.py:3490} INFO - Setting next_dagrun for 3-pythonoperator to 2023-05-01T00:00:00+00:00, run_after=2023-05-01T00:00:00+00:00
[2026-09-13T00:54:38.021+0000] {processor.py:178} INFO - Processing /opt/airflow/dags/3_python_operator.py took 0.477 seconds
[2026-09-13T00:55:08.183+0000] {processor.py:156} INFO - Started process (PID=160311) to work on /opt/airflow/dags/3_python_operator.py
[2026-09-13T00:55:08.187+0000] {processor.py:799} INFO - Processing file /opt/airflow/dags/3_python_operator.py for tasks to queue
[2026-09-13T00:55:08.189+0000] {logging_mixin.py:149} INFO - [2026-09-13T00:55:08.189+0000] {dagbag.py:541} INFO - Filling up the DagBag from /opt/airflow/dags/3_python_operator.py
[2026-09-13T00:55:08.215+0000] {processor.py:809} INFO - DAG(s) dict_keys(['3-pythonoperator']) retrieved from /opt/airflow/dags/3_python_operator.py
[2026-09-13T00:55:08.299+0000] {logging_mixin.py:149} INFO - [2026-09-13T00:55:08.298+0000] {dag.py:2726} INFO - Sync 1 DAGs
[2026-09-13T00:55:08.377+0000] {logging_mixin.py:149} INFO - [2026-09-13T00:55:08.376+0000] {dag.py:3490} INFO - Setting next_dagrun for 3-pythonoperator to 2023-05-01T00:00:00+00:00, run_after=2023-05-01T00:00:00+00:00
[2026-09-13T00:55:08.441+0000] {processor.py:178} INFO - Processing /opt/airflow/dags/3_python_operator.py took 0.268 seconds
[2026-09-13T00:55:38.737+0000] {processor.py:156} INFO - Started process (PID=160326) to work on /opt/airflow/dags/3_python_operator.py
[2026-09-13T00:55:38.740+0000] {processor.py:799} INFO - Processing file /opt/airflow/dags/3_python_operator.py for tasks to queue
[2026-09-13T00:55:38.741+0000] {logging_mixin.py:149} INFO - [2026-09-13T00:55:38.741+0000] {dagbag.py:541} INFO - Filling up the DagBag from /opt/airflow/dags/3_python_operator.py
[2026-09-13T00:55:38.771+0000] {processor.py:809} INFO - DAG(s) dict_keys(['3-pythonoperator']) retrieved from /opt/airflow/dags/3_python_operator.py
[2026-09-13T00:55:38.852+0000] {logging_mixin.py:149} INFO - [2026-09-13T00:55:38.852+0000] {dag.py:2726} INFO - Sync 1 DAGs
[2026-09-13T00:55:38.906+0000] {logging_mixin.py:149} INFO - [2026-09-13T00:55:38.906+0000] {dag.py:3490} INFO - Setting next_dagrun for 3-pythonoperator to 2023-05-01T00:00:00+00:00, run_after=2023-05-01T00:00:00+00:00
[2026-09-13T00:55:38.935+0000] {processor.py:178} INFO - Processing /opt/airflow/dags/3_python_operator.py took 0.209 seconds
[2026-09-13T00:56:09.143+0000] {processor.py:156} INFO - Started process (PID=160340) to work on /opt/airflow/dags/3_python_operator.py
[2026-09-13T00:56:09.145+0000] {processor.py:799} INFO - Processing file /opt/airflow/dags/3_python_operator.py for tasks to queue
[2026-09-13T00:56:09.146+0000] {logging_mixin.py:149} INFO - [2026-09-13T00:56:09.146+0000] {dagbag.py:541} INFO - Filling up the DagBag from /opt/airflow/dags/3_python_operator.py
[2026-09-13T00:56:09.187+0000] {processor.py:809} INFO - DAG(s) dict_keys(['3-pythonoperator']) retrieved from /opt/airflow/dags/3_python_operator.py
[2026-09-13T00:56:09.246+0000] {logging_mixin.py:149} INFO - [2026-09-13T00:56:09.245+0000] {dag.py:2726} INFO - Sync 1 DAGs
[2026-09-13T00:56:09.287+0000] {logging_mixin.py:149} INFO - [2026-09-13T00:56:09.286+0000] {dag.py:3490} INFO - Setting next_dagrun for 3-pythonoperator to 2023-05-01T00:00:00+00:00, run_after=2023-05-01T00:00:00+00:00
[2026-09-13T00:56:09.315+0000] {processor.py:178} INFO - Processing /opt/airflow/dags/3_python_operator.py took 0.194 seconds
[2026-09-13T00:56:39.499+0000] {processor.py:156} INFO - Started process (PID=160355) to work on /opt/airflow/dags/3_python_operator.py
[2026-09-13T00:56:39.506+0000] {processor.py:799} INFO - Processing file /opt/airflow/dags/3_python_operator.py for tasks to queue
[2026-09-13T00:56:39.508+0000] {logging_mixin.py:149} INFO - [2026-09-13T00:56:39.508+0000] {dagbag.py:541} INFO - Filling up the DagBag from /opt/airflow/dags/3_python_operator.py
[2026-09-13T00:56:39.531+0000] {processor.py:809} INFO - DAG(s) dict_keys(['3-pythonoperator']) retrieved from /opt/airflow/dags/3_python_operator.py
[2026-09-13T00:56:39.623+0000] {logging_mixin.py:149} INFO - [2026-09-13T00:56:39.623+0000] {dag.py:2726} INFO - Sync 1 DAGs
[2026-09-13T00:56:39.675+0000] {logging_mixin.py:149} INFO - [2026-09-13T00:56:39.675+0000] {dag.py:3490} INFO - Setting next_dagrun for 3-pythonoperator to 2023-05-01T00:00:00+00:00, run_after=2023-05-01T00:00:00+00:00
[2026-09-13T00:56:39.710+0000] {processor.py:178} INFO - Processing /opt/airflow/dags/3_python_operator.py took 0.222 seconds
[2026-09-13T00:57:09.904+0000] {processor.py:156} INFO - Started process (PID=160368) to work on /opt/airflow/dags/3_python_operator.py
[2026-09-13T00:57:09.908+0000] {processor.py:799} INFO - Processing file /opt/airflow/dags/3_python_operator.py for tasks to queue
[2026-09-13T00:57:09.911+0000] {logging_mixin.py:149} INFO - [2026-09-13T00:57:09.910+0000] {dagbag.py:541} INFO - Filling up the DagBag from /opt/airflow/dags/3_python_operator.py
[2026-09-13T00:57:09.939+0000] {processor.py:809} INFO - DAG(s) dict_keys(['3-pythonoperator']) retrieved from /opt/airflow/dags/3_python_operator.py
[2026-09-13T00:57:10.027+0000] {logging_mixin.py:149} INFO - [2026-09-13T00:57:10.026+0000] {dag.py:2726} INFO - Sync 1 DAGs
[2026-09-13T00:57:10.075+0000] {logging_mixin.py:149} INFO - [2026-09-13T00:57:10.075+0000] {dag.py:3490} INFO - Setting next_dagrun for 3-pythonoperator to 2023-05-01T00:00:00+00:00, run_after=2023-05-01T00:00:00+00:00
[2026-09-13T00:57:10.409+0000] {processor.py:178} INFO - Processing /opt/airflow/dags/3_python_operator.py took 0.521 seconds
[2026-09-13T00:57:40.721+0000] {processor.py:156} INFO - Started process (PID=160382) to work on /opt/airflow/dags/3_python_operator.py
[2026-09-13T00:57:40.724+0000] {processor.py:799} INFO - Processing file /opt/airflow/dags/3_python_operator.py for tasks to queue
[2026-09-13T00:57:40.726+0000] {logging_mixin.py:149} INFO - [2026-09-13T00:57:40.726+0000] {dagbag.py:541} INFO - Filling up the DagBag from /opt/airflow/dags/3_python_operator.py
[2026-09-13T00:57:40.753+0000] {processor.py:809} INFO - DAG(s) dict_keys(['3-pythonoperator']) retrieved from /opt/airflow/dags/3_python_operator.py
[2026-09-13T00:57:40.838+0000] {logging_mixin.py:149} INFO - [2026-09-13T00:57:40.838+0000] {dag.py:2726} INFO - Sync 1 DAGs
[2026-09-13T00:57:41.120+0000] {logging_mixin.py:149} INFO - [2026-09-13T00:57:41.120+0000] {dag.py:3490} INFO - Setting next_dagrun for 3-pythonoperator to 2023-05-01T00:00:00+00:00, run_after=2023-05-01T00:00:00+00:00
[2026-09-13T00:57:41.144+0000] {processor.py:178} INFO - Processing /opt/airflow/dags/3_python_operator.py took 0.435 seconds
[2026-09-13T00:58:11.362+0000] {processor.py:156} INFO - Started process (PID=160403) to work on /opt/airflow/dags/3_python_operator.py
[2026-09-13T00:58:11.367+0000] {processor.py:799} INFO - Processing file /opt/airflow/dags/3_python_operator.py for tasks to queue
[2026-09-13T00:58:11.370+0000] {logging_mixin.py:149} INFO - [2026-09-13T00:58:11.369+0000] {dagbag.py:541} INFO - Filling up the DagBag from /opt/airflow/dags/3_python_operator.py
[2026-09-13T00:58:11.401+0000] {processor.py:809} INFO - DAG(s) dict_keys(['3-pythonoperator']) retrieved from /opt/airflow/dags/3_python_operator.py
[2026-09-13T00:58:11.487+0000] {logging_mixin.py:149} INFO - [2026-09-13T00:58:11.487+0000] {dag.py:2726} INFO - Sync 1 DAGs
[2026-09-13T00:58:11.553+0000] {logging_mixin.py:149} INFO - [2026-09-13T00:58:11.552+0000] {dag.py:3490} INFO - Setting next_dagrun for 3-pythonoperator to 2023-05-01T00:00:00+00:00, run_after=2023-05-01T00:00:00+00:00
[2026-09-13T00:58:11.644+0000] {processor.py:178} INFO - Processing /opt/airflow/dags/3_python_operator.py took 0.294 seconds
[2026-09-13T00:58:42.540+0000] {processor.py:156} INFO - Started process (PID=160417) to work on /opt/airflow/dags/3_python_operator.py
[2026-09-13T00:58:42.544+0000] {processor.py:799} INFO - Processing file /opt/airflow/dags/3_python_operator.py for tasks to queue
[2026-09-13T00:58:42.546+0000] {logging_mixin.py:149} INFO - [2026-09-13T00:58:42.546+0000] {dagbag.py:541} INFO - Filling up the DagBag from /opt/airflow/dags/3_python_operator.py
[2026-09-13T00:58:42.573+0000] {processor.py:809} INFO - DAG(s) dict_keys(['3-pythonoperator']) retrieved from /opt/airflow/dags/3_python_operator.py
[2026-09-13T00:58:42.660+0000] {logging_mixin.py:149} INFO - [2026-09-13T00:58:42.659+0000] {dag.py:2726} INFO - Sync 1 DAGs
[2026-09-13T00:58:42.709+0000] {logging_mixin.py:149} INFO - [2026-09-13T00:58:42.709+0000] {dag.py:3490} INFO - Setting next_dagrun for 3-pythonoperator to 2023-05-01T00:00:00+00:00, run_after=2023-05-01T00:00:00+00:00
[2026-09-13T00:58:42.743+0000] {processor.py:178} INFO - Processing /opt/airflow/dags/3_python_operator.py took 0.218 seconds
[2026-09-13T00:59:12.973+0000] {processor.py:156} INFO - Started process (PID=160431) to work on /opt/airflow/dags/3_python_operator.py
[2026-09-13T00:59:12.976+0000] {processor.py:799} INFO - Processing file /opt/airflow/dags/3_python_operator.py for tasks to queue
[2026-09-13T00:59:12.978+0000] {logging_mixin.py:149} INFO - [2026-09-13T00:59:12.978+0000] {dagbag.py:541} INFO - Filling up the DagBag from /opt/airflow/dags/3_python_operator.py
[2026-09-13T00:59:13.002+0000] {processor.py:809} INFO - DAG(s) dict_keys(['3-pythonoperator']) retrieved from /opt/airflow/dags/3_python_operator.py
[2026-09-13T00:59:13.090+0000] {logging_mixin.py:149} INFO - [2026-09-13T00:59:13.090+0000] {dag.py:2726} INFO - Sync 1 DAGs
[2026-09-13T00:59:13.144+0000] {logging_mixin.py:149} INFO - [2026-09-13T00:59:13.143+0000] {dag.py:3490} INFO - Setting next_dagrun for 3-pythonoperator to 2023-05-01T00:00:00+00:00, run_after=2023-05-01T00:00:00+00:00
[2026-09-13T00:59:13.173+0000] {processor.py:178} INFO - Processing /opt/airflow/dags/3_python_operator.py took 0.211 seconds
[2026-09-13T00:59:43.345+0000] {processor.py:156} INFO - Started process (PID=160445) to work on /opt/airflow/dags/3_python_operator.py
[2026-09-13T00:59:43.349+0000] {processor.py:799} INFO - Processing file /opt/airflow/dags/3_python_operator.py for tasks to queue
[2026-09-13T00:59:43.351+0000] {logging_mixin.py:149} INFO - [2026-09-13T00:59:43.351+0000] {dagbag.py:541} INFO - Filling up the DagBag from /opt/airflow/dags/3_python_operator.py
[2026-09-13T00:59:43.378+0000] {processor.py:809} INFO - DAG(s) dict_keys(['3-pythonoperator']) retrieved from /opt/airflow/dags/3_python_operator.py
[2026-09-13T00:59:43.437+0000] {logging_mixin.py:149} INFO - [2026-09-13T00:59:43.437+0000] {dag.py:2726} INFO - Sync 1 DAGs
[2026-09-13T00:59:43.472+0000] {logging_mixin.py:149} INFO - [2026-09-13T00:59:43.472+0000] {dag.py:3490} INFO - Setting next_dagrun for 3-pythonoperator to 2023-05-01T00:00:00+00:00, run_after=2023-05-01T00:00:00+00:00
[2026-09-13T00:59:43.499+0000] {processor.py:178} INFO - Processing /opt/airflow/dags/3_python_operator.py took 0.166 seconds
[2026-09-13T01:00:13.682+0000] {processor.py:156} INFO - Started process (PID=160459) to work on /opt/airflow/dags/3_python_operator.py
[2026-09-13T01:00:13.685+0000] {processor.py:799} INFO - Processing file /opt/airflow/dags/3_python_operator.py for tasks to queue
[2026-09-13T01:00:13.687+0000] {logging_mixin.py:149} INFO - [2026-09-13T01:00:13.687+0000] {dagbag.py:541} INFO - Filling up the DagBag from /opt/airflow/dags/3_python_operator.py
[2026-09-13T01:00:13.725+0000] {processor.py:809} INFO - DAG(s) dict_keys(['3-pythonoperator']) retrieved from /opt/airflow/dags/3_python_operator.py
[2026-09-13T01:00:13.816+0000] {logging_mixin.py:149} INFO - [2026-09-13T01:00:13.815+0000] {dag.py:2726} INFO - Sync 1 DAGs
[2026-09-13T01:00:14.199+0000] {logging_mixin.py:149} INFO - [2026-09-13T01:00:14.199+0000] {dag.py:3490} INFO - Setting next_dagrun for 3-pythonoperator to 2023-05-01T00:00:00+00:00, run_after=2023-05-01T00:00:00+00:00
[2026-09-13T01:00:14.235+0000] {processor.py:178} INFO - Processing /opt/airflow/dags/3_python_operator.py took 0.569 seconds
[2026-09-13T01:00:44.552+0000] {processor.py:156} INFO - Started process (PID=160474) to work on /opt/airflow/dags/3_python_operator.py
[2026-09-13T01:00:44.556+0000] {processor.py:799} INFO - Processing file /opt/airflow/dags/3_python_operator.py for tasks to queue
[2026-09-13T01:00:44.558+0000] {logging_mixin.py:149} INFO - [2026-09-13T01:00:44.558+0000] {dagbag.py:541} INFO - Filling up the DagBag from /opt/airflow/dags/3_python_operator.py
[2026-09-13T01:00:44.590+0000] {processor.py:809} INFO - DAG(s) dict_keys(['3-pythonoperator']) retrieved from /opt/airflow/dags/3_python_operator.py
[2026-09-13T01:00:44.688+0000] {logging_mixin.py:149} INFO - [2026-09-13T01:00:44.688+0000] {dag.py:2726} INFO - Sync 1 DAGs
[2026-09-13T01:00:44.954+0000] {logging_mixin.py:149} INFO - [2026-09-13T01:00:44.954+0000] {dag.py:3490} INFO - Setting next_dagrun for 3-pythonoperator to 2023-05-01T00:00:00+00:00, run_after=2023-05-01T00:00:00+00:00
[2026-09-13T01:00:45.004+0000] {processor.py:178} INFO - Processing /opt/airflow/dags/3_python_operator.py took 0.464 seconds
[2026-09-13T01:01:15.232+0000] {processor.py:156} INFO - Started process (PID=160487) to work on /opt/airflow/dags/3_python_operator.py
[2026-09-13T01:01:15.237+0000] {processor.py:799} INFO - Processing file /opt/airflow/dags/3_python_operator.py for tasks to queue
[2026-09-13T01:01:15.239+0000] {logging_mixin.py:149} INFO - [2026-09-13T01:01:15.239+0000] {dagbag.py:541} INFO - Filling up the DagBag from /opt/airflow/dags/3_python_operator.py
[2026-09-13T01:01:15.265+0000] {processor.py:809} INFO - DAG(s) dict_keys(['3-pythonoperator']) retrieved from /opt/airflow/dags/3_python_operator.py
[2026-09-13T01:01:15.334+0000] {logging_mixin.py:149} INFO - [2026-09-13T01:01:15.334+0000] {dag.py:2726} INFO - Sync 1 DAGs
[2026-09-13T01:01:15.434+0000] {logging_mixin.py:149} INFO - [2026-09-13T01:01:15.433+0000] {dag.py:3490} INFO - Setting next_dagrun for 3-pythonoperator to 2023-05-01T00:00:00+00:00, run_after=2023-05-01T00:00:00+00:00
[2026-09-13T01:01:15.508+0000] {processor.py:178} INFO - Processing /opt/airflow/dags/3_python_operator.py took 0.284 seconds
[2026-09-13T01:01:45.786+0000] {processor.py:156} INFO - Started process (PID=160501) to work on /opt/airflow/dags/3_python_operator.py
[2026-09-13T01:01:45.791+0000] {processor.py:799} INFO - Processing file /opt/airflow/dags/3_python_operator.py for tasks to queue
[2026-09-13T01:01:45.793+0000] {logging_mixin.py:149} INFO - [2026-09-13T01:01:45.792+0000] {dagbag.py:541} INFO - Filling up the DagBag from /opt/airflow/dags/3_python_operator.py
[2026-09-13T01:01:45.822+0000] {processor.py:809} INFO - DAG(s) dict_keys(['3-pythonoperator']) retrieved from /opt/airflow/dags/3_python_operator.py
[2026-09-13T01:01:45.908+0000] {logging_mixin.py:149} INFO - [2026-09-13T01:01:45.908+0000] {dag.py:2726} INFO - Sync 1 DAGs
[2026-09-13T01:01:45.967+0000] {logging_mixin.py:149} INFO - [2026-09-13T01:01:45.966+0000] {dag.py:3490} INFO - Setting next_dagrun for 3-pythonoperator to 2023-05-01T00:00:00+00:00, run_after=2023-05-01T00:00:00+00:00
[2026-09-13T01:01:46.066+0000] {processor.py:178} INFO - Processing /opt/airflow/dags/3_python_operator.py took 0.291 seconds
[2026-09-13T01:02:16.130+0000] {processor.py:156} INFO - Started process (PID=160515) to work on /opt/airflow/dags/3_python_operator.py
[2026-09-13T01:02:16.134+0000] {processor.py:799} INFO - Processing file /opt/airflow/dags/3_python_operator.py for tasks to queue
[2026-09-13T01:02:16.135+0000] {logging_mixin.py:149} INFO - [2026-09-13T01:02:16.135+0000] {dagbag.py:541} INFO - Filling up the DagBag from /opt/airflow/dags/3_python_operator.py
[2026-09-13T01:02:16.165+0000] {processor.py:809} INFO - DAG(s) dict_keys(['3-pythonoperator']) retrieved from /opt/airflow/dags/3_python_operator.py
[2026-09-13T01:02:16.263+0000] {logging_mixin.py:149} INFO - [2026-09-13T01:02:16.263+0000] {dag.py:2726} INFO - Sync 1 DAGs
[2026-09-13T01:02:16.347+0000] {logging_mixin.py:149} INFO - [2026-09-13T01:02:16.346+0000] {dag.py:3490} INFO - Setting next_dagrun for 3-pythonoperator to 2023-05-01T00:00:00+00:00, run_after=2023-05-01T00:00:00+00:00
[2026-09-13T01:02:16.409+0000] {processor.py:178} INFO - Processing /opt/airflow/dags/3_python_operator.py took 0.290 seconds
[2026-09-13T01:02:46.758+0000] {processor.py:156} INFO - Started process (PID=160528) to work on /opt/airflow/dags/3_python_operator.py
[2026-09-13T01:02:46.766+0000] {processor.py:799} INFO - Processing file /opt/airflow/dags/3_python_operator.py for tasks to queue
[2026-09-13T01:02:46.769+0000] {logging_mixin.py:149} INFO - [2026-09-13T01:02:46.768+0000] {dagbag.py:541} INFO - Filling up the DagBag from /opt/airflow/dags/3_python_operator.py
[2026-09-13T01:02:46.804+0000] {processor.py:809} INFO - DAG(s) dict_keys(['3-pythonoperator']) retrieved from /opt/airflow/dags/3_python_operator.py
[2026-09-13T01:02:46.870+0000] {logging_mixin.py:149} INFO - [2026-09-13T01:02:46.870+0000] {dag.py:2726} INFO - Sync 1 DAGs
[2026-09-13T01:02:46.926+0000] {logging_mixin.py:149} INFO - [2026-09-13T01:02:46.925+0000] {dag.py:3490} INFO - Setting next_dagrun for 3-pythonoperator to 2023-05-01T00:00:00+00:00, run_after=2023-05-01T00:00:00+00:00
[2026-09-13T01:02:47.193+0000] {processor.py:178} INFO - Processing /opt/airflow/dags/3_python_operator.py took 0.443 seconds
[2026-09-13T01:03:17.445+0000] {processor.py:156} INFO - Started process (PID=160543) to work on /opt/airflow/dags/3_python_operator.py
[2026-09-13T01:03:17.448+0000] {processor.py:799} INFO - Processing file /opt/airflow/dags/3_python_operator.py for tasks to queue
[2026-09-13T01:03:17.450+0000] {logging_mixin.py:149} INFO - [2026-09-13T01:03:17.450+0000] {dagbag.py:541} INFO - Filling up the DagBag from /opt/airflow/dags/3_python_operator.py
[2026-09-13T01:03:17.476+0000] {processor.py:809} INFO - DAG(s) dict_keys(['3-pythonoperator']) retrieved from /opt/airflow/dags/3_python_operator.py
[2026-09-13T01:03:17.555+0000] {logging_mixin.py:149} INFO - [2026-09-13T01:03:17.555+0000] {dag.py:2726} INFO - Sync 1 DAGs
[2026-09-13T01:03:17.846+0000] {logging_mixin.py:149} INFO - [2026-09-13T01:03:17.846+0000] {dag.py:3490} INFO - Setting next_dagrun for 3-pythonoperator to 2023-05-01T00:00:00+00:00, run_after=2023-05-01T00:00:00+00:00
[2026-09-13T01:03:17.883+0000] {processor.py:178} INFO - Processing /opt/airflow/dags/3_python_operator.py took 0.451 seconds
[2026-09-13T01:03:48.373+0000] {processor.py:156} INFO - Started process (PID=160556) to work on /opt/airflow/dags/3_python_operator.py
[2026-09-13T01:03:48.384+0000] {processor.py:799} INFO - Processing file /opt/airflow/dags/3_python_operator.py for tasks to queue
[2026-09-13T01:03:48.386+0000] {logging_mixin.py:149} INFO - [2026-09-13T01:03:48.386+0000] {dagbag.py:541} INFO - Filling up the DagBag from /opt/airflow/dags/3_python_operator.py
[2026-09-13T01:03:48.417+0000] {processor.py:809} INFO - DAG(s) dict_keys(['3-pythonoperator']) retrieved from /opt/airflow/dags/3_python_operator.py
[2026-09-13T01:03:48.472+0000] {logging_mixin.py:149} INFO - [2026-09-13T01:03:48.471+0000] {dag.py:2726} INFO - Sync 1 DAGs
[2026-09-13T01:03:48.512+0000] {logging_mixin.py:149} INFO - [2026-09-13T01:03:48.512+0000] {dag.py:3490} INFO - Setting next_dagrun for 3-pythonoperator to 2023-05-01T00:00:00+00:00, run_after=2023-05-01T00:00:00+00:00
[2026-09-13T01:03:48.544+0000] {processor.py:178} INFO - Processing /opt/airflow/dags/3_python_operator.py took 0.183 seconds
[2026-09-13T01:04:18.665+0000] {processor.py:156} INFO - Started process (PID=160570) to work on /opt/airflow/dags/3_python_operator.py
[2026-09-13T01:04:18.672+0000] {processor.py:799} INFO - Processing file /opt/airflow/dags/3_python_operator.py for tasks to queue
[2026-09-13T01:04:18.674+0000] {logging_mixin.py:149} INFO - [2026-09-13T01:04:18.674+0000] {dagbag.py:541} INFO - Filling up the DagBag from /opt/airflow/dags/3_python_operator.py
[2026-09-13T01:04:18.707+0000] {processor.py:809} INFO - DAG(s) dict_keys(['3-pythonoperator']) retrieved from /opt/airflow/dags/3_python_operator.py
[2026-09-13T01:04:18.776+0000] {logging_mixin.py:149} INFO - [2026-09-13T01:04:18.776+0000] {dag.py:2726} INFO - Sync 1 DAGs
[2026-09-13T01:04:18.822+0000] {logging_mixin.py:149} INFO - [2026-09-13T01:04:18.822+0000] {dag.py:3490} INFO - Setting next_dagrun for 3-pythonoperator to 2023-05-01T00:00:00+00:00, run_after=2023-05-01T00:00:00+00:00
[2026-09-13T01:04:18.859+0000] {processor.py:178} INFO - Processing /opt/airflow/dags/3_python_operator.py took 0.205 seconds
[2026-09-13T01:04:49.102+0000] {processor.py:156} INFO - Started process (PID=160583) to work on /opt/airflow/dags/3_python_operator.py
[2026-09-13T01:04:49.106+0000] {processor.py:799} INFO - Processing file /opt/airflow/dags/3_python_operator.py for tasks to queue
[2026-09-13T01:04:49.108+0000] {logging_mixin.py:149} INFO - [2026-09-13T01:04:49.108+0000] {dagbag.py:541} INFO - Filling up the DagBag from /opt/airflow/dags/3_python_operator.py
[2026-09-13T01:04:49.156+0000] {processor.py:809} INFO - DAG(s) dict_keys(['3-pythonoperator']) retrieved from /opt/airflow/dags/3_python_operator.py
[2026-09-13T01:04:49.224+0000] {logging_mixin.py:149} INFO - [2026-09-13T01:04:49.223+0000] {dag.py:2726} INFO - Sync 1 DAGs
[2026-09-13T01:04:49.274+0000] {logging_mixin.py:149} INFO - [2026-09-13T01:04:49.270+0000] {dag.py:3490} INFO - Setting next_dagrun for 3-pythonoperator to 2023-05-01T00:00:00+00:00, run_after=2023-05-01T00:00:00+00:00
[2026-09-13T01:04:49.379+0000] {processor.py:178} INFO - Processing /opt/airflow/dags/3_python_operator.py took 0.286 seconds
[2026-09-13T01:05:19.530+0000] {processor.py:156} INFO - Started process (PID=160597) to work on /opt/airflow/dags/3_python_operator.py
[2026-09-13T01:05:19.536+0000] {processor.py:799} INFO - Processing file /opt/airflow/dags/3_python_operator.py for tasks to queue
[2026-09-13T01:05:19.538+0000] {logging_mixin.py:149} INFO - [2026-09-13T01:05:19.538+0000] {dagbag.py:541} INFO - Filling up the DagBag from /opt/airflow/dags/3_python_operator.py
[2026-09-13T01:05:19.565+0000] {processor.py:809} INFO - DAG(s) dict_keys(['3-pythonoperator']) retrieved from /opt/airflow/dags/3_python_operator.py
[2026-09-13T01:05:19.654+0000] {logging_mixin.py:149} INFO - [2026-09-13T01:05:19.653+0000] {dag.py:2726} INFO - Sync 1 DAGs
[2026-09-13T01:05:19.706+0000] {logging_mixin.py:149} INFO - [2026-09-13T01:05:19.706+0000] {dag.py:3490} INFO - Setting next_dagrun for 3-pythonoperator to 2023-05-01T00:00:00+00:00, run_after=2023-05-01T00:00:00+00:00
[2026-09-13T01:05:19.738+0000] {processor.py:178} INFO - Processing /opt/airflow/dags/3_python_operator.py took 0.218 seconds
[2026-09-13T01:05:50.471+0000] {processor.py:156} INFO - Started process (PID=160612) to work on /opt/airflow/dags/3_python_operator.py
[2026-09-13T01:05:50.475+0000] {processor.py:799} INFO - Processing file /opt/airflow/dags/3_python_operator.py for tasks to queue
[2026-09-13T01:05:50.477+0000] {logging_mixin.py:149} INFO - [2026-09-13T01:05:50.477+0000] {dagbag.py:541} INFO - Filling up the DagBag from /opt/airflow/dags/3_python_operator.py
[2026-09-13T01:05:50.503+0000] {processor.py:809} INFO - DAG(s) dict_keys(['3-pythonoperator']) retrieved from /opt/airflow/dags/3_python_operator.py
[2026-09-13T01:05:50.581+0000] {logging_mixin.py:149} INFO - [2026-09-13T01:05:50.580+0000] {dag.py:2726} INFO - Sync 1 DAGs
[2026-09-13T01:05:50.876+0000] {logging_mixin.py:149} INFO - [2026-09-13T01:05:50.876+0000] {dag.py:3490} INFO - Setting next_dagrun for 3-pythonoperator to 2023-05-01T00:00:00+00:00, run_after=2023-05-01T00:00:00+00:00
[2026-09-13T01:05:50.949+0000] {processor.py:178} INFO - Processing /opt/airflow/dags/3_python_operator.py took 0.489 seconds
[2026-09-13T01:06:21.309+0000] {processor.py:156} INFO - Started process (PID=160625) to work on /opt/airflow/dags/3_python_operator.py
[2026-09-13T01:06:21.313+0000] {processor.py:799} INFO - Processing file /opt/airflow/dags/3_python_operator.py for tasks to queue
[2026-09-13T01:06:21.315+0000] {logging_mixin.py:149} INFO - [2026-09-13T01:06:21.314+0000] {dagbag.py:541} INFO - Filling up the DagBag from /opt/airflow/dags/3_python_operator.py
[2026-09-13T01:06:21.342+0000] {processor.py:809} INFO - DAG(s) dict_keys(['3-pythonoperator']) retrieved from /opt/airflow/dags/3_python_operator.py
[2026-09-13T01:06:21.423+0000] {logging_mixin.py:149} INFO - [2026-09-13T01:06:21.422+0000] {dag.py:2726} INFO - Sync 1 DAGs
[2026-09-13T01:06:21.671+0000] {logging_mixin.py:149} INFO - [2026-09-13T01:06:21.670+0000] {dag.py:3490} INFO - Setting next_dagrun for 3-pythonoperator to 2023-05-01T00:00:00+00:00, run_after=2023-05-01T00:00:00+00:00
[2026-09-13T01:06:21.694+0000] {processor.py:178} INFO - Processing /opt/airflow/dags/3_python_operator.py took 0.397 seconds
[2026-09-13T01:06:52.018+0000] {processor.py:156} INFO - Started process (PID=160638) to work on /opt/airflow/dags/3_python_operator.py
[2026-09-13T01:06:52.022+0000] {processor.py:799} INFO - Processing file /opt/airflow/dags/3_python_operator.py for tasks to queue
[2026-09-13T01:06:52.024+0000] {logging_mixin.py:149} INFO - [2026-09-13T01:06:52.024+0000] {dagbag.py:541} INFO - Filling up the DagBag from /opt/airflow/dags/3_python_operator.py
[2026-09-13T01:06:52.053+0000] {processor.py:809} INFO - DAG(s) dict_keys(['3-pythonoperator']) retrieved from /opt/airflow/dags/3_python_operator.py
[2026-09-13T01:06:52.148+0000] {logging_mixin.py:149} INFO - [2026-09-13T01:06:52.147+0000] {dag.py:2726} INFO - Sync 1 DAGs
[2026-09-13T01:06:52.222+0000] {logging_mixin.py:149} INFO - [2026-09-13T01:06:52.221+0000] {dag.py:3490} INFO - Setting next_dagrun for 3-pythonoperator to 2023-05-01T00:00:00+00:00, run_after=2023-05-01T00:00:00+00:00
[2026-09-13T01:06:52.293+0000] {processor.py:178} INFO - Processing /opt/airflow/dags/3_python_operator.py took 0.283 seconds
[2026-09-13T01:07:22.423+0000] {processor.py:156} INFO - Started process (PID=160651) to work on /opt/airflow/dags/3_python_operator.py
[2026-09-13T01:07:22.426+0000] {processor.py:799} INFO - Processing file /opt/airflow/dags/3_python_operator.py for tasks to queue
[2026-09-13T01:07:22.428+0000] {logging_mixin.py:149} INFO - [2026-09-13T01:07:22.428+0000] {dagbag.py:541} INFO - Filling up the DagBag from /opt/airflow/dags/3_python_operator.py
[2026-09-13T01:07:22.450+0000] {processor.py:809} INFO - DAG(s) dict_keys(['3-pythonoperator']) retrieved from /opt/airflow/dags/3_python_operator.py
[2026-09-13T01:07:22.522+0000] {logging_mixin.py:149} INFO - [2026-09-13T01:07:22.522+0000] {dag.py:2726} INFO - Sync 1 DAGs
[2026-09-13T01:07:22.572+0000] {logging_mixin.py:149} INFO - [2026-09-13T01:07:22.571+0000] {dag.py:3490} INFO - Setting next_dagrun for 3-pythonoperator to 2023-05-01T00:00:00+00:00, run_after=2023-05-01T00:00:00+00:00
[2026-09-13T01:07:22.609+0000] {processor.py:178} INFO - Processing /opt/airflow/dags/3_python_operator.py took 0.195 seconds
[2026-09-13T01:07:52.797+0000] {processor.py:156} INFO - Started process (PID=160665) to work on /opt/airflow/dags/3_python_operator.py
[2026-09-13T01:07:52.800+0000] {processor.py:799} INFO - Processing file /opt/airflow/dags/3_python_operator.py for tasks to queue
[2026-09-13T01:07:52.801+0000] {logging_mixin.py:149} INFO - [2026-09-13T01:07:52.801+0000] {dagbag.py:541} INFO - Filling up the DagBag from /opt/airflow/dags/3_python_operator.py
[2026-09-13T01:07:52.817+0000] {processor.py:809} INFO - DAG(s) dict_keys(['3-pythonoperator']) retrieved from /opt/airflow/dags/3_python_operator.py
[2026-09-13T01:07:52.898+0000] {logging_mixin.py:149} INFO - [2026-09-13T01:07:52.898+0000] {dag.py:2726} INFO - Sync 1 DAGs
[2026-09-13T01:07:52.967+0000] {logging_mixin.py:149} INFO - [2026-09-13T01:07:52.966+0000] {dag.py:3490} INFO - Setting next_dagrun for 3-pythonoperator to 2023-05-01T00:00:00+00:00, run_after=2023-05-01T00:00:00+00:00
[2026-09-13T01:07:53.030+0000] {processor.py:178} INFO - Processing /opt/airflow/dags/3_python_operator.py took 0.238 seconds
[2026-09-13T01:08:23.241+0000] {processor.py:156} INFO - Started process (PID=160679) to work on /opt/airflow/dags/3_python_operator.py
[2026-09-13T01:08:23.247+0000] {processor.py:799} INFO - Processing file /opt/airflow/dags/3_python_operator.py for tasks to queue
[2026-09-13T01:08:23.248+0000] {logging_mixin.py:149} INFO - [2026-09-13T01:08:23.248+0000] {dagbag.py:541} INFO - Filling up the DagBag from /opt/airflow/dags/3_python_operator.py
[2026-09-13T01:08:23.272+0000] {processor.py:809} INFO - DAG(s) dict_keys(['3-pythonoperator']) retrieved from /opt/airflow/dags/3_python_operator.py
[2026-09-13T01:08:23.365+0000] {logging_mixin.py:149} INFO - [2026-09-13T01:08:23.364+0000] {dag.py:2726} INFO - Sync 1 DAGs
[2026-09-13T01:08:23.412+0000] {logging_mixin.py:149} INFO - [2026-09-13T01:08:23.412+0000] {dag.py:3490} INFO - Setting next_dagrun for 3-pythonoperator to 2023-05-01T00:00:00+00:00, run_after=2023-05-01T00:00:00+00:00
[2026-09-13T01:08:23.712+0000] {processor.py:178} INFO - Processing /opt/airflow/dags/3_python_operator.py took 0.483 seconds
[2026-09-13T01:08:53.794+0000] {processor.py:156} INFO - Started process (PID=160693) to work on /opt/airflow/dags/3_python_operator.py
[2026-09-13T01:08:53.799+0000] {processor.py:799} INFO - Processing file /opt/airflow/dags/3_python_operator.py for tasks to queue
[2026-09-13T01:08:53.801+0000] {logging_mixin.py:149} INFO - [2026-09-13T01:08:53.801+0000] {dagbag.py:541} INFO - Filling up the DagBag from /opt/airflow/dags/3_python_operator.py
[2026-09-13T01:08:53.830+0000] {processor.py:809} INFO - DAG(s) dict_keys(['3-pythonoperator']) retrieved from /opt/airflow/dags/3_python_operator.py
[2026-09-13T01:08:53.892+0000] {logging_mixin.py:149} INFO - [2026-09-13T01:08:53.891+0000] {dag.py:2726} INFO - Sync 1 DAGs
[2026-09-13T01:08:54.161+0000] {logging_mixin.py:149} INFO - [2026-09-13T01:08:54.161+0000] {dag.py:3490} INFO - Setting next_dagrun for 3-pythonoperator to 2023-05-01T00:00:00+00:00, run_after=2023-05-01T00:00:00+00:00
[2026-09-13T01:08:54.190+0000] {processor.py:178} INFO - Processing /opt/airflow/dags/3_python_operator.py took 0.406 seconds
[2026-09-13T01:09:24.543+0000] {processor.py:156} INFO - Started process (PID=160707) to work on /opt/airflow/dags/3_python_operator.py
[2026-09-13T01:09:24.546+0000] {processor.py:799} INFO - Processing file /opt/airflow/dags/3_python_operator.py for tasks to queue
[2026-09-13T01:09:24.547+0000] {logging_mixin.py:149} INFO - [2026-09-13T01:09:24.547+0000] {dagbag.py:541} INFO - Filling up the DagBag from /opt/airflow/dags/3_python_operator.py
[2026-09-13T01:09:24.568+0000] {processor.py:809} INFO - DAG(s) dict_keys(['3-pythonoperator']) retrieved from /opt/airflow/dags/3_python_operator.py
[2026-09-13T01:09:24.649+0000] {logging_mixin.py:149} INFO - [2026-09-13T01:09:24.649+0000] {dag.py:2726} INFO - Sync 1 DAGs
[2026-09-13T01:09:24.733+0000] {logging_mixin.py:149} INFO - [2026-09-13T01:09:24.733+0000] {dag.py:3490} INFO - Setting next_dagrun for 3-pythonoperator to 2023-05-01T00:00:00+00:00, run_after=2023-05-01T00:00:00+00:00
[2026-09-13T01:09:24.778+0000] {processor.py:178} INFO - Processing /opt/airflow/dags/3_python_operator.py took 0.244 seconds
[2026-09-13T01:09:54.960+0000] {processor.py:156} INFO - Started process (PID=160720) to work on /opt/airflow/dags/3_python_operator.py
[2026-09-13T01:09:54.963+0000] {processor.py:799} INFO - Processing file /opt/airflow/dags/3_python_operator.py for tasks to queue
[2026-09-13T01:09:54.964+0000] {logging_mixin.py:149} INFO - [2026-09-13T01:09:54.964+0000] {dagbag.py:541} INFO - Filling up the DagBag from /opt/airflow/dags/3_python_operator.py
[2026-09-13T01:09:54.990+0000] {processor.py:809} INFO - DAG(s) dict_keys(['3-pythonoperator']) retrieved from /opt/airflow/dags/3_python_operator.py
[2026-09-13T01:09:55.056+0000] {logging_mixin.py:149} INFO - [2026-09-13T01:09:55.056+0000] {dag.py:2726} INFO - Sync 1 DAGs
[2026-09-13T01:09:55.128+0000] {logging_mixin.py:149} INFO - [2026-09-13T01:09:55.127+0000] {dag.py:3490} INFO - Setting next_dagrun for 3-pythonoperator to 2023-05-01T00:00:00+00:00, run_after=2023-05-01T00:00:00+00:00
[2026-09-13T01:09:55.173+0000] {processor.py:178} INFO - Processing /opt/airflow/dags/3_python_operator.py took 0.222 seconds
[2026-09-13T01:10:25.411+0000] {processor.py:156} INFO - Started process (PID=160735) to work on /opt/airflow/dags/3_python_operator.py
[2026-09-13T01:10:25.414+0000] {processor.py:799} INFO - Processing file /opt/airflow/dags/3_python_operator.py for tasks to queue
[2026-09-13T01:10:25.415+0000] {logging_mixin.py:149} INFO - [2026-09-13T01:10:25.415+0000] {dagbag.py:541} INFO - Filling up the DagBag from /opt/airflow/dags/3_python_operator.py
[2026-09-13T01:10:25.439+0000] {processor.py:809} INFO - DAG(s) dict_keys(['3-pythonoperator']) retrieved from /opt/airflow/dags/3_python_operator.py
[2026-09-13T01:10:25.502+0000] {logging_mixin.py:149} INFO - [2026-09-13T01:10:25.502+0000] {dag.py:2726} INFO - Sync 1 DAGs
[2026-09-13T01:10:25.556+0000] {logging_mixin.py:149} INFO - [2026-09-13T01:10:25.555+0000] {dag.py:3490} INFO - Setting next_dagrun for 3-pythonoperator to 2023-05-01T00:00:00+00:00, run_after=2023-05-01T00:00:00+00:00
[2026-09-13T01:10:25.627+0000] {processor.py:178} INFO - Processing /opt/airflow/dags/3_python_operator.py took 0.225 seconds
[2026-09-13T01:10:55.811+0000] {processor.py:156} INFO - Started process (PID=160748) to work on /opt/airflow/dags/3_python_operator.py
[2026-09-13T01:10:55.814+0000] {processor.py:799} INFO - Processing file /opt/airflow/dags/3_python_operator.py for tasks to queue
[2026-09-13T01:10:55.816+0000] {logging_mixin.py:149} INFO - [2026-09-13T01:10:55.815+0000] {dagbag.py:541} INFO - Filling up the DagBag from /opt/airflow/dags/3_python_operator.py
[2026-09-13T01:10:55.850+0000] {processor.py:809} INFO - DAG(s) dict_keys(['3-pythonoperator']) retrieved from /opt/airflow/dags/3_python_operator.py
[2026-09-13T01:10:55.945+0000] {logging_mixin.py:149} INFO - [2026-09-13T01:10:55.944+0000] {dag.py:2726} INFO - Sync 1 DAGs
[2026-09-13T01:10:56.006+0000] {logging_mixin.py:149} INFO - [2026-09-13T01:10:56.005+0000] {dag.py:3490} INFO - Setting next_dagrun for 3-pythonoperator to 2023-05-01T00:00:00+00:00, run_after=2023-05-01T00:00:00+00:00
[2026-09-13T01:10:56.342+0000] {processor.py:178} INFO - Processing /opt/airflow/dags/3_python_operator.py took 0.542 seconds
[2026-09-13T01:11:26.661+0000] {processor.py:156} INFO - Started process (PID=160762) to work on /opt/airflow/dags/3_python_operator.py
[2026-09-13T01:11:26.664+0000] {processor.py:799} INFO - Processing file /opt/airflow/dags/3_python_operator.py for tasks to queue
[2026-09-13T01:11:26.666+0000] {logging_mixin.py:149} INFO - [2026-09-13T01:11:26.666+0000] {dagbag.py:541} INFO - Filling up the DagBag from /opt/airflow/dags/3_python_operator.py
[2026-09-13T01:11:26.696+0000] {processor.py:809} INFO - DAG(s) dict_keys(['3-pythonoperator']) retrieved from /opt/airflow/dags/3_python_operator.py
[2026-09-13T01:11:26.789+0000] {logging_mixin.py:149} INFO - [2026-09-13T01:11:26.788+0000] {dag.py:2726} INFO - Sync 1 DAGs
[2026-09-13T01:11:27.070+0000] {logging_mixin.py:149} INFO - [2026-09-13T01:11:27.070+0000] {dag.py:3490} INFO - Setting next_dagrun for 3-pythonoperator to 2023-05-01T00:00:00+00:00, run_after=2023-05-01T00:00:00+00:00
[2026-09-13T01:11:27.097+0000] {processor.py:178} INFO - Processing /opt/airflow/dags/3_python_operator.py took 0.449 seconds
[2026-09-13T01:11:57.477+0000] {processor.py:156} INFO - Started process (PID=160776) to work on /opt/airflow/dags/3_python_operator.py
[2026-09-13T01:11:57.482+0000] {processor.py:799} INFO - Processing file /opt/airflow/dags/3_python_operator.py for tasks to queue
[2026-09-13T01:11:57.484+0000] {logging_mixin.py:149} INFO - [2026-09-13T01:11:57.483+0000] {dagbag.py:541} INFO - Filling up the DagBag from /opt/airflow/dags/3_python_operator.py
[2026-09-13T01:11:57.522+0000] {processor.py:809} INFO - DAG(s) dict_keys(['3-pythonoperator']) retrieved from /opt/airflow/dags/3_python_operator.py
[2026-09-13T01:11:57.613+0000] {logging_mixin.py:149} INFO - [2026-09-13T01:11:57.612+0000] {dag.py:2726} INFO - Sync 1 DAGs
[2026-09-13T01:11:57.877+0000] {logging_mixin.py:149} INFO - [2026-09-13T01:11:57.877+0000] {dag.py:3490} INFO - Setting next_dagrun for 3-pythonoperator to 2023-05-01T00:00:00+00:00, run_after=2023-05-01T00:00:00+00:00
[2026-09-13T01:11:57.935+0000] {processor.py:178} INFO - Processing /opt/airflow/dags/3_python_operator.py took 0.472 seconds
[2026-09-13T01:12:28.069+0000] {processor.py:156} INFO - Started process (PID=160789) to work on /opt/airflow/dags/3_python_operator.py
[2026-09-13T01:12:28.072+0000] {processor.py:799} INFO - Processing file /opt/airflow/dags/3_python_operator.py for tasks to queue
[2026-09-13T01:12:28.074+0000] {logging_mixin.py:149} INFO - [2026-09-13T01:12:28.073+0000] {dagbag.py:541} INFO - Filling up the DagBag from /opt/airflow/dags/3_python_operator.py
[2026-09-13T01:12:28.099+0000] {processor.py:809} INFO - DAG(s) dict_keys(['3-pythonoperator']) retrieved from /opt/airflow/dags/3_python_operator.py
[2026-09-13T01:12:28.191+0000] {logging_mixin.py:149} INFO - [2026-09-13T01:12:28.191+0000] {dag.py:2726} INFO - Sync 1 DAGs
[2026-09-13T01:12:28.274+0000] {logging_mixin.py:149} INFO - [2026-09-13T01:12:28.274+0000] {dag.py:3490} INFO - Setting next_dagrun for 3-pythonoperator to 2023-05-01T00:00:00+00:00, run_after=2023-05-01T00:00:00+00:00
[2026-09-13T01:12:28.315+0000] {processor.py:178} INFO - Processing /opt/airflow/dags/3_python_operator.py took 0.258 seconds
[2026-09-13T01:12:58.524+0000] {processor.py:156} INFO - Started process (PID=160803) to work on /opt/airflow/dags/3_python_operator.py
[2026-09-13T01:12:58.527+0000] {processor.py:799} INFO - Processing file /opt/airflow/dags/3_python_operator.py for tasks to queue
[2026-09-13T01:12:58.528+0000] {logging_mixin.py:149} INFO - [2026-09-13T01:12:58.528+0000] {dagbag.py:541} INFO - Filling up the DagBag from /opt/airflow/dags/3_python_operator.py
[2026-09-13T01:12:58.550+0000] {processor.py:809} INFO - DAG(s) dict_keys(['3-pythonoperator']) retrieved from /opt/airflow/dags/3_python_operator.py
[2026-09-13T01:12:58.625+0000] {logging_mixin.py:149} INFO - [2026-09-13T01:12:58.625+0000] {dag.py:2726} INFO - Sync 1 DAGs
[2026-09-13T01:12:58.674+0000] {logging_mixin.py:149} INFO - [2026-09-13T01:12:58.674+0000] {dag.py:3490} INFO - Setting next_dagrun for 3-pythonoperator to 2023-05-01T00:00:00+00:00, run_after=2023-05-01T00:00:00+00:00
[2026-09-13T01:12:58.734+0000] {processor.py:178} INFO - Processing /opt/airflow/dags/3_python_operator.py took 0.218 seconds
[2026-09-13T01:13:28.926+0000] {processor.py:156} INFO - Started process (PID=160817) to work on /opt/airflow/dags/3_python_operator.py
[2026-09-13T01:13:28.930+0000] {processor.py:799} INFO - Processing file /opt/airflow/dags/3_python_operator.py for tasks to queue
[2026-09-13T01:13:28.931+0000] {logging_mixin.py:149} INFO - [2026-09-13T01:13:28.931+0000] {dagbag.py:541} INFO - Filling up the DagBag from /opt/airflow/dags/3_python_operator.py
[2026-09-13T01:13:28.951+0000] {processor.py:809} INFO - DAG(s) dict_keys(['3-pythonoperator']) retrieved from /opt/airflow/dags/3_python_operator.py
[2026-09-13T01:13:29.017+0000] {logging_mixin.py:149} INFO - [2026-09-13T01:13:29.017+0000] {dag.py:2726} INFO - Sync 1 DAGs
[2026-09-13T01:13:29.057+0000] {logging_mixin.py:149} INFO - [2026-09-13T01:13:29.057+0000] {dag.py:3490} INFO - Setting next_dagrun for 3-pythonoperator to 2023-05-01T00:00:00+00:00, run_after=2023-05-01T00:00:00+00:00
[2026-09-13T01:13:29.089+0000] {processor.py:178} INFO - Processing /opt/airflow/dags/3_python_operator.py took 0.174 seconds
[2026-09-13T01:13:59.433+0000] {processor.py:156} INFO - Started process (PID=160832) to work on /opt/airflow/dags/3_python_operator.py
[2026-09-13T01:13:59.445+0000] {processor.py:799} INFO - Processing file /opt/airflow/dags/3_python_operator.py for tasks to queue
[2026-09-13T01:13:59.446+0000] {logging_mixin.py:149} INFO - [2026-09-13T01:13:59.446+0000] {dagbag.py:541} INFO - Filling up the DagBag from /opt/airflow/dags/3_python_operator.py
[2026-09-13T01:13:59.472+0000] {processor.py:809} INFO - DAG(s) dict_keys(['3-pythonoperator']) retrieved from /opt/airflow/dags/3_python_operator.py
[2026-09-13T01:13:59.576+0000] {logging_mixin.py:149} INFO - [2026-09-13T01:13:59.576+0000] {dag.py:2726} INFO - Sync 1 DAGs
[2026-09-13T01:13:59.836+0000] {logging_mixin.py:149} INFO - [2026-09-13T01:13:59.836+0000] {dag.py:3490} INFO - Setting next_dagrun for 3-pythonoperator to 2023-05-01T00:00:00+00:00, run_after=2023-05-01T00:00:00+00:00
[2026-09-13T01:13:59.866+0000] {processor.py:178} INFO - Processing /opt/airflow/dags/3_python_operator.py took 0.451 seconds
[2026-09-13T01:14:30.225+0000] {processor.py:156} INFO - Started process (PID=160847) to work on /opt/airflow/dags/3_python_operator.py
[2026-09-13T01:14:30.229+0000] {processor.py:799} INFO - Processing file /opt/airflow/dags/3_python_operator.py for tasks to queue
[2026-09-13T01:14:30.231+0000] {logging_mixin.py:149} INFO - [2026-09-13T01:14:30.231+0000] {dagbag.py:541} INFO - Filling up the DagBag from /opt/airflow/dags/3_python_operator.py
[2026-09-13T01:14:30.258+0000] {processor.py:809} INFO - DAG(s) dict_keys(['3-pythonoperator']) retrieved from /opt/airflow/dags/3_python_operator.py
[2026-09-13T01:14:30.354+0000] {logging_mixin.py:149} INFO - [2026-09-13T01:14:30.353+0000] {dag.py:2726} INFO - Sync 1 DAGs
[2026-09-13T01:14:30.661+0000] {logging_mixin.py:149} INFO - [2026-09-13T01:14:30.660+0000] {dag.py:3490} INFO - Setting next_dagrun for 3-pythonoperator to 2023-05-01T00:00:00+00:00, run_after=2023-05-01T00:00:00+00:00
[2026-09-13T01:14:30.708+0000] {processor.py:178} INFO - Processing /opt/airflow/dags/3_python_operator.py took 0.494 seconds
[2026-09-13T01:15:01.019+0000] {processor.py:156} INFO - Started process (PID=160861) to work on /opt/airflow/dags/3_python_operator.py
[2026-09-13T01:15:01.023+0000] {processor.py:799} INFO - Processing file /opt/airflow/dags/3_python_operator.py for tasks to queue
[2026-09-13T01:15:01.025+0000] {logging_mixin.py:149} INFO - [2026-09-13T01:15:01.025+0000] {dagbag.py:541} INFO - Filling up the DagBag from /opt/airflow/dags/3_python_operator.py
[2026-09-13T01:15:01.048+0000] {processor.py:809} INFO - DAG(s) dict_keys(['3-pythonoperator']) retrieved from /opt/airflow/dags/3_python_operator.py
[2026-09-13T01:15:01.142+0000] {logging_mixin.py:149} INFO - [2026-09-13T01:15:01.142+0000] {dag.py:2726} INFO - Sync 1 DAGs
[2026-09-13T01:15:01.205+0000] {logging_mixin.py:149} INFO - [2026-09-13T01:15:01.204+0000] {dag.py:3490} INFO - Setting next_dagrun for 3-pythonoperator to 2023-05-01T00:00:00+00:00, run_after=2023-05-01T00:00:00+00:00
[2026-09-13T01:15:01.272+0000] {processor.py:178} INFO - Processing /opt/airflow/dags/3_python_operator.py took 0.266 seconds
[2026-09-13T01:15:31.388+0000] {processor.py:156} INFO - Started process (PID=160874) to work on /opt/airflow/dags/3_python_operator.py
[2026-09-13T01:15:31.391+0000] {processor.py:799} INFO - Processing file /opt/airflow/dags/3_python_operator.py for tasks to queue
[2026-09-13T01:15:31.393+0000] {logging_mixin.py:149} INFO - [2026-09-13T01:15:31.392+0000] {dagbag.py:541} INFO - Filling up the DagBag from /opt/airflow/dags/3_python_operator.py
[2026-09-13T01:15:31.419+0000] {processor.py:809} INFO - DAG(s) dict_keys(['3-pythonoperator']) retrieved from /opt/airflow/dags/3_python_operator.py
[2026-09-13T01:15:31.504+0000] {logging_mixin.py:149} INFO - [2026-09-13T01:15:31.504+0000] {dag.py:2726} INFO - Sync 1 DAGs
[2026-09-13T01:15:31.568+0000] {logging_mixin.py:149} INFO - [2026-09-13T01:15:31.567+0000] {dag.py:3490} INFO - Setting next_dagrun for 3-pythonoperator to 2023-05-01T00:00:00+00:00, run_after=2023-05-01T00:00:00+00:00
[2026-09-13T01:15:31.637+0000] {processor.py:178} INFO - Processing /opt/airflow/dags/3_python_operator.py took 0.260 seconds
[2026-09-13T01:16:01.918+0000] {processor.py:156} INFO - Started process (PID=160889) to work on /opt/airflow/dags/3_python_operator.py
[2026-09-13T01:16:01.922+0000] {processor.py:799} INFO - Processing file /opt/airflow/dags/3_python_operator.py for tasks to queue
[2026-09-13T01:16:01.924+0000] {logging_mixin.py:149} INFO - [2026-09-13T01:16:01.923+0000] {dagbag.py:541} INFO - Filling up the DagBag from /opt/airflow/dags/3_python_operator.py
[2026-09-13T01:16:01.951+0000] {processor.py:809} INFO - DAG(s) dict_keys(['3-pythonoperator']) retrieved from /opt/airflow/dags/3_python_operator.py
[2026-09-13T01:16:02.038+0000] {logging_mixin.py:149} INFO - [2026-09-13T01:16:02.038+0000] {dag.py:2726} INFO - Sync 1 DAGs
[2026-09-13T01:16:02.104+0000] {logging_mixin.py:149} INFO - [2026-09-13T01:16:02.104+0000] {dag.py:3490} INFO - Setting next_dagrun for 3-pythonoperator to 2023-05-01T00:00:00+00:00, run_after=2023-05-01T00:00:00+00:00
[2026-09-13T01:16:02.165+0000] {processor.py:178} INFO - Processing /opt/airflow/dags/3_python_operator.py took 0.262 seconds
[2026-09-13T01:16:33.077+0000] {processor.py:156} INFO - Started process (PID=160904) to work on /opt/airflow/dags/3_python_operator.py
[2026-09-13T01:16:33.084+0000] {processor.py:799} INFO - Processing file /opt/airflow/dags/3_python_operator.py for tasks to queue
[2026-09-13T01:16:33.086+0000] {logging_mixin.py:149} INFO - [2026-09-13T01:16:33.086+0000] {dagbag.py:541} INFO - Filling up the DagBag from /opt/airflow/dags/3_python_operator.py
[2026-09-13T01:16:33.113+0000] {processor.py:809} INFO - DAG(s) dict_keys(['3-pythonoperator']) retrieved from /opt/airflow/dags/3_python_operator.py
[2026-09-13T01:16:33.203+0000] {logging_mixin.py:149} INFO - [2026-09-13T01:16:33.203+0000] {dag.py:2726} INFO - Sync 1 DAGs
[2026-09-13T01:16:33.273+0000] {logging_mixin.py:149} INFO - [2026-09-13T01:16:33.273+0000] {dag.py:3490} INFO - Setting next_dagrun for 3-pythonoperator to 2023-05-01T00:00:00+00:00, run_after=2023-05-01T00:00:00+00:00
[2026-09-13T01:16:33.544+0000] {processor.py:178} INFO - Processing /opt/airflow/dags/3_python_operator.py took 0.478 seconds
[2026-09-13T01:17:03.920+0000] {processor.py:156} INFO - Started process (PID=160918) to work on /opt/airflow/dags/3_python_operator.py
[2026-09-13T01:17:03.924+0000] {processor.py:799} INFO - Processing file /opt/airflow/dags/3_python_operator.py for tasks to queue
[2026-09-13T01:17:03.926+0000] {logging_mixin.py:149} INFO - [2026-09-13T01:17:03.926+0000] {dagbag.py:541} INFO - Filling up the DagBag from /opt/airflow/dags/3_python_operator.py
[2026-09-13T01:17:03.952+0000] {processor.py:809} INFO - DAG(s) dict_keys(['3-pythonoperator']) retrieved from /opt/airflow/dags/3_python_operator.py
[2026-09-13T01:17:04.034+0000] {logging_mixin.py:149} INFO - [2026-09-13T01:17:04.034+0000] {dag.py:2726} INFO - Sync 1 DAGs
[2026-09-13T01:17:04.336+0000] {logging_mixin.py:149} INFO - [2026-09-13T01:17:04.335+0000] {dag.py:3490} INFO - Setting next_dagrun for 3-pythonoperator to 2023-05-01T00:00:00+00:00, run_after=2023-05-01T00:00:00+00:00
[2026-09-13T01:17:04.363+0000] {processor.py:178} INFO - Processing /opt/airflow/dags/3_python_operator.py took 0.455 seconds
[2026-09-13T01:17:34.740+0000] {processor.py:156} INFO - Started process (PID=160932) to work on /opt/airflow/dags/3_python_operator.py
[2026-09-13T01:17:34.743+0000] {processor.py:799} INFO - Processing file /opt/airflow/dags/3_python_operator.py for tasks to queue
[2026-09-13T01:17:34.745+0000] {logging_mixin.py:149} INFO - [2026-09-13T01:17:34.745+0000] {dagbag.py:541} INFO - Filling up the DagBag from /opt/airflow/dags/3_python_operator.py
[2026-09-13T01:17:34.775+0000] {processor.py:809} INFO - DAG(s) dict_keys(['3-pythonoperator']) retrieved from /opt/airflow/dags/3_python_operator.py
[2026-09-13T01:17:34.839+0000] {logging_mixin.py:149} INFO - [2026-09-13T01:17:34.839+0000] {dag.py:2726} INFO - Sync 1 DAGs
[2026-09-13T01:17:35.089+0000] {logging_mixin.py:149} INFO - [2026-09-13T01:17:35.089+0000] {dag.py:3490} INFO - Setting next_dagrun for 3-pythonoperator to 2023-05-01T00:00:00+00:00, run_after=2023-05-01T00:00:00+00:00
[2026-09-13T01:17:35.184+0000] {processor.py:178} INFO - Processing /opt/airflow/dags/3_python_operator.py took 0.456 seconds
[2026-09-13T01:18:05.762+0000] {processor.py:156} INFO - Started process (PID=160946) to work on /opt/airflow/dags/3_python_operator.py
[2026-09-13T01:18:05.766+0000] {processor.py:799} INFO - Processing file /opt/airflow/dags/3_python_operator.py for tasks to queue
[2026-09-13T01:18:05.767+0000] {logging_mixin.py:149} INFO - [2026-09-13T01:18:05.767+0000] {dagbag.py:541} INFO - Filling up the DagBag from /opt/airflow/dags/3_python_operator.py
[2026-09-13T01:18:05.808+0000] {processor.py:809} INFO - DAG(s) dict_keys(['3-pythonoperator']) retrieved from /opt/airflow/dags/3_python_operator.py
[2026-09-13T01:18:05.895+0000] {logging_mixin.py:149} INFO - [2026-09-13T01:18:05.895+0000] {dag.py:2726} INFO - Sync 1 DAGs
[2026-09-13T01:18:05.955+0000] {logging_mixin.py:149} INFO - [2026-09-13T01:18:05.954+0000] {dag.py:3490} INFO - Setting next_dagrun for 3-pythonoperator to 2023-05-01T00:00:00+00:00, run_after=2023-05-01T00:00:00+00:00
[2026-09-13T01:18:06.004+0000] {processor.py:178} INFO - Processing /opt/airflow/dags/3_python_operator.py took 0.252 seconds
[2026-09-13T01:18:36.129+0000] {processor.py:156} INFO - Started process (PID=160960) to work on /opt/airflow/dags/3_python_operator.py
[2026-09-13T01:18:36.133+0000] {processor.py:799} INFO - Processing file /opt/airflow/dags/3_python_operator.py for tasks to queue
[2026-09-13T01:18:36.135+0000] {logging_mixin.py:149} INFO - [2026-09-13T01:18:36.134+0000] {dagbag.py:541} INFO - Filling up the DagBag from /opt/airflow/dags/3_python_operator.py
[2026-09-13T01:18:36.169+0000] {processor.py:809} INFO - DAG(s) dict_keys(['3-pythonoperator']) retrieved from /opt/airflow/dags/3_python_operator.py
[2026-09-13T01:18:36.228+0000] {logging_mixin.py:149} INFO - [2026-09-13T01:18:36.228+0000] {dag.py:2726} INFO - Sync 1 DAGs
[2026-09-13T01:18:36.277+0000] {logging_mixin.py:149} INFO - [2026-09-13T01:18:36.276+0000] {dag.py:3490} INFO - Setting next_dagrun for 3-pythonoperator to 2023-05-01T00:00:00+00:00, run_after=2023-05-01T00:00:00+00:00
[2026-09-13T01:18:36.343+0000] {processor.py:178} INFO - Processing /opt/airflow/dags/3_python_operator.py took 0.225 seconds
[2026-09-13T01:19:06.566+0000] {processor.py:156} INFO - Started process (PID=160974) to work on /opt/airflow/dags/3_python_operator.py
[2026-09-13T01:19:06.568+0000] {processor.py:799} INFO - Processing file /opt/airflow/dags/3_python_operator.py for tasks to queue
[2026-09-13T01:19:06.570+0000] {logging_mixin.py:149} INFO - [2026-09-13T01:19:06.570+0000] {dagbag.py:541} INFO - Filling up the DagBag from /opt/airflow/dags/3_python_operator.py
[2026-09-13T01:19:06.589+0000] {processor.py:809} INFO - DAG(s) dict_keys(['3-pythonoperator']) retrieved from /opt/airflow/dags/3_python_operator.py
[2026-09-13T01:19:06.690+0000] {logging_mixin.py:149} INFO - [2026-09-13T01:19:06.690+0000] {dag.py:2726} INFO - Sync 1 DAGs
[2026-09-13T01:19:06.757+0000] {logging_mixin.py:149} INFO - [2026-09-13T01:19:06.757+0000] {dag.py:3490} INFO - Setting next_dagrun for 3-pythonoperator to 2023-05-01T00:00:00+00:00, run_after=2023-05-01T00:00:00+00:00
[2026-09-13T01:19:06.820+0000] {processor.py:178} INFO - Processing /opt/airflow/dags/3_python_operator.py took 0.264 seconds
[2026-09-13T01:19:37.328+0000] {processor.py:156} INFO - Started process (PID=160988) to work on /opt/airflow/dags/3_python_operator.py
[2026-09-13T01:19:37.331+0000] {processor.py:799} INFO - Processing file /opt/airflow/dags/3_python_operator.py for tasks to queue
[2026-09-13T01:19:37.333+0000] {logging_mixin.py:149} INFO - [2026-09-13T01:19:37.332+0000] {dagbag.py:541} INFO - Filling up the DagBag from /opt/airflow/dags/3_python_operator.py
[2026-09-13T01:19:37.356+0000] {processor.py:809} INFO - DAG(s) dict_keys(['3-pythonoperator']) retrieved from /opt/airflow/dags/3_python_operator.py
[2026-09-13T01:19:37.442+0000] {logging_mixin.py:149} INFO - [2026-09-13T01:19:37.442+0000] {dag.py:2726} INFO - Sync 1 DAGs
[2026-09-13T01:19:37.777+0000] {logging_mixin.py:149} INFO - [2026-09-13T01:19:37.776+0000] {dag.py:3490} INFO - Setting next_dagrun for 3-pythonoperator to 2023-05-01T00:00:00+00:00, run_after=2023-05-01T00:00:00+00:00
[2026-09-13T01:19:37.814+0000] {processor.py:178} INFO - Processing /opt/airflow/dags/3_python_operator.py took 0.495 seconds
[2026-09-13T01:20:07.955+0000] {processor.py:156} INFO - Started process (PID=161002) to work on /opt/airflow/dags/3_python_operator.py
[2026-09-13T01:20:07.960+0000] {processor.py:799} INFO - Processing file /opt/airflow/dags/3_python_operator.py for tasks to queue
[2026-09-13T01:20:07.961+0000] {logging_mixin.py:149} INFO - [2026-09-13T01:20:07.961+0000] {dagbag.py:541} INFO - Filling up the DagBag from /opt/airflow/dags/3_python_operator.py
[2026-09-13T01:20:07.989+0000] {processor.py:809} INFO - DAG(s) dict_keys(['3-pythonoperator']) retrieved from /opt/airflow/dags/3_python_operator.py
[2026-09-13T01:20:08.076+0000] {logging_mixin.py:149} INFO - [2026-09-13T01:20:08.076+0000] {dag.py:2726} INFO - Sync 1 DAGs
[2026-09-13T01:20:08.376+0000] {logging_mixin.py:149} INFO - [2026-09-13T01:20:08.376+0000] {dag.py:3490} INFO - Setting next_dagrun for 3-pythonoperator to 2023-05-01T00:00:00+00:00, run_after=2023-05-01T00:00:00+00:00
[2026-09-13T01:20:08.407+0000] {processor.py:178} INFO - Processing /opt/airflow/dags/3_python_operator.py took 0.462 seconds
[2026-09-13T01:20:38.806+0000] {processor.py:156} INFO - Started process (PID=161016) to work on /opt/airflow/dags/3_python_operator.py
[2026-09-13T01:20:38.808+0000] {processor.py:799} INFO - Processing file /opt/airflow/dags/3_python_operator.py for tasks to queue
[2026-09-13T01:20:38.809+0000] {logging_mixin.py:149} INFO - [2026-09-13T01:20:38.808+0000] {dagbag.py:541} INFO - Filling up the DagBag from /opt/airflow/dags/3_python_operator.py
[2026-09-13T01:20:38.821+0000] {processor.py:809} INFO - DAG(s) dict_keys(['3-pythonoperator']) retrieved from /opt/airflow/dags/3_python_operator.py
[2026-09-13T01:20:39.106+0000] {logging_mixin.py:149} INFO - [2026-09-13T01:20:39.105+0000] {dag.py:2726} INFO - Sync 1 DAGs
[2026-09-13T01:20:39.137+0000] {logging_mixin.py:149} INFO - [2026-09-13T01:20:39.137+0000] {dag.py:3490} INFO - Setting next_dagrun for 3-pythonoperator to 2023-05-01T00:00:00+00:00, run_after=2023-05-01T00:00:00+00:00
[2026-09-13T01:20:39.187+0000] {processor.py:178} INFO - Processing /opt/airflow/dags/3_python_operator.py took 0.387 seconds
[2026-09-13T01:21:09.295+0000] {processor.py:156} INFO - Started process (PID=161028) to work on /opt/airflow/dags/3_python_operator.py
[2026-09-13T01:21:09.302+0000] {processor.py:799} INFO - Processing file /opt/airflow/dags/3_python_operator.py for tasks to queue
[2026-09-13T01:21:09.305+0000] {logging_mixin.py:149} INFO - [2026-09-13T01:21:09.305+0000] {dagbag.py:541} INFO - Filling up the DagBag from /opt/airflow/dags/3_python_operator.py
[2026-09-13T01:21:09.333+0000] {processor.py:809} INFO - DAG(s) dict_keys(['3-pythonoperator']) retrieved from /opt/airflow/dags/3_python_operator.py
[2026-09-13T01:21:09.426+0000] {logging_mixin.py:149} INFO - [2026-09-13T01:21:09.426+0000] {dag.py:2726} INFO - Sync 1 DAGs
[2026-09-13T01:21:09.492+0000] {logging_mixin.py:149} INFO - [2026-09-13T01:21:09.491+0000] {dag.py:3490} INFO - Setting next_dagrun for 3-pythonoperator to 2023-05-01T00:00:00+00:00, run_after=2023-05-01T00:00:00+00:00
[2026-09-13T01:21:09.559+0000] {processor.py:178} INFO - Processing /opt/airflow/dags/3_python_operator.py took 0.274 seconds
[2026-09-13T01:21:39.806+0000] {processor.py:156} INFO - Started process (PID=161042) to work on /opt/airflow/dags/3_python_operator.py
[2026-09-13T01:21:39.810+0000] {processor.py:799} INFO - Processing file /opt/airflow/dags/3_python_operator.py for tasks to queue
[2026-09-13T01:21:39.812+0000] {logging_mixin.py:149} INFO - [2026-09-13T01:21:39.812+0000] {dagbag.py:541} INFO - Filling up the DagBag from /opt/airflow/dags/3_python_operator.py
[2026-09-13T01:21:39.836+0000] {processor.py:809} INFO - DAG(s) dict_keys(['3-pythonoperator']) retrieved from /opt/airflow/dags/3_python_operator.py
[2026-09-13T01:21:39.924+0000] {logging_mixin.py:149} INFO - [2026-09-13T01:21:39.923+0000] {dag.py:2726} INFO - Sync 1 DAGs
[2026-09-13T01:21:39.992+0000] {logging_mixin.py:149} INFO - [2026-09-13T01:21:39.991+0000] {dag.py:3490} INFO - Setting next_dagrun for 3-pythonoperator to 2023-05-01T00:00:00+00:00, run_after=2023-05-01T00:00:00+00:00
[2026-09-13T01:21:40.063+0000] {processor.py:178} INFO - Processing /opt/airflow/dags/3_python_operator.py took 0.269 seconds
[2026-09-13T01:22:10.515+0000] {processor.py:156} INFO - Started process (PID=161058) to work on /opt/airflow/dags/3_python_operator.py
[2026-09-13T01:22:10.521+0000] {processor.py:799} INFO - Processing file /opt/airflow/dags/3_python_operator.py for tasks to queue
[2026-09-13T01:22:10.523+0000] {logging_mixin.py:149} INFO - [2026-09-13T01:22:10.523+0000] {dagbag.py:541} INFO - Filling up the DagBag from /opt/airflow/dags/3_python_operator.py
[2026-09-13T01:22:10.556+0000] {processor.py:809} INFO - DAG(s) dict_keys(['3-pythonoperator']) retrieved from /opt/airflow/dags/3_python_operator.py
[2026-09-13T01:22:10.647+0000] {logging_mixin.py:149} INFO - [2026-09-13T01:22:10.646+0000] {dag.py:2726} INFO - Sync 1 DAGs
[2026-09-13T01:22:10.712+0000] {logging_mixin.py:149} INFO - [2026-09-13T01:22:10.711+0000] {dag.py:3490} INFO - Setting next_dagrun for 3-pythonoperator to 2023-05-01T00:00:00+00:00, run_after=2023-05-01T00:00:00+00:00
[2026-09-13T01:22:11.019+0000] {processor.py:178} INFO - Processing /opt/airflow/dags/3_python_operator.py took 0.516 seconds
[2026-09-13T01:22:41.401+0000] {processor.py:156} INFO - Started process (PID=161073) to work on /opt/airflow/dags/3_python_operator.py
[2026-09-13T01:22:41.407+0000] {processor.py:799} INFO - Processing file /opt/airflow/dags/3_python_operator.py for tasks to queue
[2026-09-13T01:22:41.409+0000] {logging_mixin.py:149} INFO - [2026-09-13T01:22:41.408+0000] {dagbag.py:541} INFO - Filling up the DagBag from /opt/airflow/dags/3_python_operator.py
[2026-09-13T01:22:41.436+0000] {processor.py:809} INFO - DAG(s) dict_keys(['3-pythonoperator']) retrieved from /opt/airflow/dags/3_python_operator.py
[2026-09-13T01:22:41.533+0000] {logging_mixin.py:149} INFO - [2026-09-13T01:22:41.532+0000] {dag.py:2726} INFO - Sync 1 DAGs
[2026-09-13T01:22:41.851+0000] {logging_mixin.py:149} INFO - [2026-09-13T01:22:41.850+0000] {dag.py:3490} INFO - Setting next_dagrun for 3-pythonoperator to 2023-05-01T00:00:00+00:00, run_after=2023-05-01T00:00:00+00:00
[2026-09-13T01:22:41.899+0000] {processor.py:178} INFO - Processing /opt/airflow/dags/3_python_operator.py took 0.507 seconds
[2026-09-13T01:23:12.215+0000] {processor.py:156} INFO - Started process (PID=161087) to work on /opt/airflow/dags/3_python_operator.py
[2026-09-13T01:23:12.219+0000] {processor.py:799} INFO - Processing file /opt/airflow/dags/3_python_operator.py for tasks to queue
[2026-09-13T01:23:12.221+0000] {logging_mixin.py:149} INFO - [2026-09-13T01:23:12.221+0000] {dagbag.py:541} INFO - Filling up the DagBag from /opt/airflow/dags/3_python_operator.py
[2026-09-13T01:23:12.246+0000] {processor.py:809} INFO - DAG(s) dict_keys(['3-pythonoperator']) retrieved from /opt/airflow/dags/3_python_operator.py
[2026-09-13T01:23:12.349+0000] {logging_mixin.py:149} INFO - [2026-09-13T01:23:12.349+0000] {dag.py:2726} INFO - Sync 1 DAGs
[2026-09-13T01:23:12.609+0000] {logging_mixin.py:149} INFO - [2026-09-13T01:23:12.608+0000] {dag.py:3490} INFO - Setting next_dagrun for 3-pythonoperator to 2023-05-01T00:00:00+00:00, run_after=2023-05-01T00:00:00+00:00
[2026-09-13T01:23:12.637+0000] {processor.py:178} INFO - Processing /opt/airflow/dags/3_python_operator.py took 0.432 seconds
[2026-09-13T01:23:42.938+0000] {processor.py:156} INFO - Started process (PID=161101) to work on /opt/airflow/dags/3_python_operator.py
[2026-09-13T01:23:42.940+0000] {processor.py:799} INFO - Processing file /opt/airflow/dags/3_python_operator.py for tasks to queue
[2026-09-13T01:23:42.941+0000] {logging_mixin.py:149} INFO - [2026-09-13T01:23:42.941+0000] {dagbag.py:541} INFO - Filling up the DagBag from /opt/airflow/dags/3_python_operator.py
[2026-09-13T01:23:42.955+0000] {processor.py:809} INFO - DAG(s) dict_keys(['3-pythonoperator']) retrieved from /opt/airflow/dags/3_python_operator.py
[2026-09-13T01:23:43.031+0000] {logging_mixin.py:149} INFO - [2026-09-13T01:23:43.031+0000] {dag.py:2726} INFO - Sync 1 DAGs
[2026-09-13T01:23:43.089+0000] {logging_mixin.py:149} INFO - [2026-09-13T01:23:43.089+0000] {dag.py:3490} INFO - Setting next_dagrun for 3-pythonoperator to 2023-05-01T00:00:00+00:00, run_after=2023-05-01T00:00:00+00:00
[2026-09-13T01:23:43.147+0000] {processor.py:178} INFO - Processing /opt/airflow/dags/3_python_operator.py took 0.214 seconds
[2026-09-13T01:24:13.860+0000] {processor.py:156} INFO - Started process (PID=161115) to work on /opt/airflow/dags/3_python_operator.py
[2026-09-13T01:24:13.863+0000] {processor.py:799} INFO - Processing file /opt/airflow/dags/3_python_operator.py for tasks to queue
[2026-09-13T01:24:13.865+0000] {logging_mixin.py:149} INFO - [2026-09-13T01:24:13.865+0000] {dagbag.py:541} INFO - Filling up the DagBag from /opt/airflow/dags/3_python_operator.py
[2026-09-13T01:24:13.887+0000] {processor.py:809} INFO - DAG(s) dict_keys(['3-pythonoperator']) retrieved from /opt/airflow/dags/3_python_operator.py
[2026-09-13T01:24:13.971+0000] {logging_mixin.py:149} INFO - [2026-09-13T01:24:13.971+0000] {dag.py:2726} INFO - Sync 1 DAGs
[2026-09-13T01:24:14.023+0000] {logging_mixin.py:149} INFO - [2026-09-13T01:24:14.022+0000] {dag.py:3490} INFO - Setting next_dagrun for 3-pythonoperator to 2023-05-01T00:00:00+00:00, run_after=2023-05-01T00:00:00+00:00
[2026-09-13T01:24:14.070+0000] {processor.py:178} INFO - Processing /opt/airflow/dags/3_python_operator.py took 0.218 seconds
[2026-09-13T01:24:44.265+0000] {processor.py:156} INFO - Started process (PID=161129) to work on /opt/airflow/dags/3_python_operator.py
[2026-09-13T01:24:44.268+0000] {processor.py:799} INFO - Processing file /opt/airflow/dags/3_python_operator.py for tasks to queue
[2026-09-13T01:24:44.270+0000] {logging_mixin.py:149} INFO - [2026-09-13T01:24:44.269+0000] {dagbag.py:541} INFO - Filling up the DagBag from /opt/airflow/dags/3_python_operator.py
[2026-09-13T01:24:44.293+0000] {processor.py:809} INFO - DAG(s) dict_keys(['3-pythonoperator']) retrieved from /opt/airflow/dags/3_python_operator.py
[2026-09-13T01:24:44.377+0000] {logging_mixin.py:149} INFO - [2026-09-13T01:24:44.377+0000] {dag.py:2726} INFO - Sync 1 DAGs
[2026-09-13T01:24:44.434+0000] {logging_mixin.py:149} INFO - [2026-09-13T01:24:44.433+0000] {dag.py:3490} INFO - Setting next_dagrun for 3-pythonoperator to 2023-05-01T00:00:00+00:00, run_after=2023-05-01T00:00:00+00:00
[2026-09-13T01:24:44.688+0000] {processor.py:178} INFO - Processing /opt/airflow/dags/3_python_operator.py took 0.432 seconds
[2026-09-13T01:25:15.061+0000] {processor.py:156} INFO - Started process (PID=161143) to work on /opt/airflow/dags/3_python_operator.py
[2026-09-13T01:25:15.064+0000] {processor.py:799} INFO - Processing file /opt/airflow/dags/3_python_operator.py for tasks to queue
[2026-09-13T01:25:15.066+0000] {logging_mixin.py:149} INFO - [2026-09-13T01:25:15.065+0000] {dagbag.py:541} INFO - Filling up the DagBag from /opt/airflow/dags/3_python_operator.py
[2026-09-13T01:25:15.092+0000] {processor.py:809} INFO - DAG(s) dict_keys(['3-pythonoperator']) retrieved from /opt/airflow/dags/3_python_operator.py
[2026-09-13T01:25:15.175+0000] {logging_mixin.py:149} INFO - [2026-09-13T01:25:15.175+0000] {dag.py:2726} INFO - Sync 1 DAGs
[2026-09-13T01:25:15.469+0000] {logging_mixin.py:149} INFO - [2026-09-13T01:25:15.468+0000] {dag.py:3490} INFO - Setting next_dagrun for 3-pythonoperator to 2023-05-01T00:00:00+00:00, run_after=2023-05-01T00:00:00+00:00
[2026-09-13T01:25:15.532+0000] {processor.py:178} INFO - Processing /opt/airflow/dags/3_python_operator.py took 0.482 seconds
[2026-09-13T01:25:45.956+0000] {processor.py:156} INFO - Started process (PID=161157) to work on /opt/airflow/dags/3_python_operator.py
[2026-09-13T01:25:45.959+0000] {processor.py:799} INFO - Processing file /opt/airflow/dags/3_python_operator.py for tasks to queue
[2026-09-13T01:25:45.960+0000] {logging_mixin.py:149} INFO - [2026-09-13T01:25:45.960+0000] {dagbag.py:541} INFO - Filling up the DagBag from /opt/airflow/dags/3_python_operator.py
[2026-09-13T01:25:45.982+0000] {processor.py:809} INFO - DAG(s) dict_keys(['3-pythonoperator']) retrieved from /opt/airflow/dags/3_python_operator.py
[2026-09-13T01:25:46.055+0000] {logging_mixin.py:149} INFO - [2026-09-13T01:25:46.054+0000] {dag.py:2726} INFO - Sync 1 DAGs
[2026-09-13T01:25:46.437+0000] {logging_mixin.py:149} INFO - [2026-09-13T01:25:46.436+0000] {dag.py:3490} INFO - Setting next_dagrun for 3-pythonoperator to 2023-05-01T00:00:00+00:00, run_after=2023-05-01T00:00:00+00:00
[2026-09-13T01:25:46.504+0000] {processor.py:178} INFO - Processing /opt/airflow/dags/3_python_operator.py took 0.558 seconds
[2026-09-13T01:26:16.735+0000] {processor.py:156} INFO - Started process (PID=161171) to work on /opt/airflow/dags/3_python_operator.py
[2026-09-13T01:26:16.738+0000] {processor.py:799} INFO - Processing file /opt/airflow/dags/3_python_operator.py for tasks to queue
[2026-09-13T01:26:16.739+0000] {logging_mixin.py:149} INFO - [2026-09-13T01:26:16.739+0000] {dagbag.py:541} INFO - Filling up the DagBag from /opt/airflow/dags/3_python_operator.py
[2026-09-13T01:26:16.752+0000] {processor.py:809} INFO - DAG(s) dict_keys(['3-pythonoperator']) retrieved from /opt/airflow/dags/3_python_operator.py
[2026-09-13T01:26:17.060+0000] {logging_mixin.py:149} INFO - [2026-09-13T01:26:17.059+0000] {dag.py:2726} INFO - Sync 1 DAGs
[2026-09-13T01:26:17.099+0000] {logging_mixin.py:149} INFO - [2026-09-13T01:26:17.099+0000] {dag.py:3490} INFO - Setting next_dagrun for 3-pythonoperator to 2023-05-01T00:00:00+00:00, run_after=2023-05-01T00:00:00+00:00
[2026-09-13T01:26:17.143+0000] {processor.py:178} INFO - Processing /opt/airflow/dags/3_python_operator.py took 0.412 seconds
[2026-09-13T01:26:48.166+0000] {processor.py:156} INFO - Started process (PID=161186) to work on /opt/airflow/dags/3_python_operator.py
[2026-09-13T01:26:48.168+0000] {processor.py:799} INFO - Processing file /opt/airflow/dags/3_python_operator.py for tasks to queue
[2026-09-13T01:26:48.170+0000] {logging_mixin.py:149} INFO - [2026-09-13T01:26:48.170+0000] {dagbag.py:541} INFO - Filling up the DagBag from /opt/airflow/dags/3_python_operator.py
[2026-09-13T01:26:48.196+0000] {processor.py:809} INFO - DAG(s) dict_keys(['3-pythonoperator']) retrieved from /opt/airflow/dags/3_python_operator.py
[2026-09-13T01:26:48.290+0000] {logging_mixin.py:149} INFO - [2026-09-13T01:26:48.289+0000] {dag.py:2726} INFO - Sync 1 DAGs
[2026-09-13T01:26:48.368+0000] {logging_mixin.py:149} INFO - [2026-09-13T01:26:48.367+0000] {dag.py:3490} INFO - Setting next_dagrun for 3-pythonoperator to 2023-05-01T00:00:00+00:00, run_after=2023-05-01T00:00:00+00:00
[2026-09-13T01:26:48.422+0000] {processor.py:178} INFO - Processing /opt/airflow/dags/3_python_operator.py took 0.263 seconds
[2026-09-13T01:27:18.535+0000] {processor.py:156} INFO - Started process (PID=161200) to work on /opt/airflow/dags/3_python_operator.py
[2026-09-13T01:27:18.538+0000] {processor.py:799} INFO - Processing file /opt/airflow/dags/3_python_operator.py for tasks to queue
[2026-09-13T01:27:18.540+0000] {logging_mixin.py:149} INFO - [2026-09-13T01:27:18.539+0000] {dagbag.py:541} INFO - Filling up the DagBag from /opt/airflow/dags/3_python_operator.py
[2026-09-13T01:27:18.564+0000] {processor.py:809} INFO - DAG(s) dict_keys(['3-pythonoperator']) retrieved from /opt/airflow/dags/3_python_operator.py
[2026-09-13T01:27:18.637+0000] {logging_mixin.py:149} INFO - [2026-09-13T01:27:18.636+0000] {dag.py:2726} INFO - Sync 1 DAGs
[2026-09-13T01:27:18.697+0000] {logging_mixin.py:149} INFO - [2026-09-13T01:27:18.697+0000] {dag.py:3490} INFO - Setting next_dagrun for 3-pythonoperator to 2023-05-01T00:00:00+00:00, run_after=2023-05-01T00:00:00+00:00
[2026-09-13T01:27:18.773+0000] {processor.py:178} INFO - Processing /opt/airflow/dags/3_python_operator.py took 0.248 seconds
[2026-09-13T01:27:49.340+0000] {processor.py:156} INFO - Started process (PID=161214) to work on /opt/airflow/dags/3_python_operator.py
[2026-09-13T01:27:49.348+0000] {processor.py:799} INFO - Processing file /opt/airflow/dags/3_python_operator.py for tasks to queue
[2026-09-13T01:27:49.350+0000] {logging_mixin.py:149} INFO - [2026-09-13T01:27:49.349+0000] {dagbag.py:541} INFO - Filling up the DagBag from /opt/airflow/dags/3_python_operator.py
[2026-09-13T01:27:49.379+0000] {processor.py:809} INFO - DAG(s) dict_keys(['3-pythonoperator']) retrieved from /opt/airflow/dags/3_python_operator.py
[2026-09-13T01:27:49.464+0000] {logging_mixin.py:149} INFO - [2026-09-13T01:27:49.464+0000] {dag.py:2726} INFO - Sync 1 DAGs
[2026-09-13T01:27:49.533+0000] {logging_mixin.py:149} INFO - [2026-09-13T01:27:49.532+0000] {dag.py:3490} INFO - Setting next_dagrun for 3-pythonoperator to 2023-05-01T00:00:00+00:00, run_after=2023-05-01T00:00:00+00:00
[2026-09-13T01:27:49.839+0000] {processor.py:178} INFO - Processing /opt/airflow/dags/3_python_operator.py took 0.511 seconds
[2026-09-13T01:28:20.126+0000] {processor.py:156} INFO - Started process (PID=161228) to work on /opt/airflow/dags/3_python_operator.py
[2026-09-13T01:28:20.131+0000] {processor.py:799} INFO - Processing file /opt/airflow/dags/3_python_operator.py for tasks to queue
[2026-09-13T01:28:20.133+0000] {logging_mixin.py:149} INFO - [2026-09-13T01:28:20.133+0000] {dagbag.py:541} INFO - Filling up the DagBag from /opt/airflow/dags/3_python_operator.py
[2026-09-13T01:28:20.160+0000] {processor.py:809} INFO - DAG(s) dict_keys(['3-pythonoperator']) retrieved from /opt/airflow/dags/3_python_operator.py
[2026-09-13T01:28:20.247+0000] {logging_mixin.py:149} INFO - [2026-09-13T01:28:20.247+0000] {dag.py:2726} INFO - Sync 1 DAGs
[2026-09-13T01:28:20.585+0000] {logging_mixin.py:149} INFO - [2026-09-13T01:28:20.584+0000] {dag.py:3490} INFO - Setting next_dagrun for 3-pythonoperator to 2023-05-01T00:00:00+00:00, run_after=2023-05-01T00:00:00+00:00
[2026-09-13T01:28:20.656+0000] {processor.py:178} INFO - Processing /opt/airflow/dags/3_python_operator.py took 0.541 seconds
[2026-09-13T01:28:51.071+0000] {processor.py:156} INFO - Started process (PID=161249) to work on /opt/airflow/dags/3_python_operator.py
[2026-09-13T01:28:51.078+0000] {processor.py:799} INFO - Processing file /opt/airflow/dags/3_python_operator.py for tasks to queue
[2026-09-13T01:28:51.080+0000] {logging_mixin.py:149} INFO - [2026-09-13T01:28:51.079+0000] {dagbag.py:541} INFO - Filling up the DagBag from /opt/airflow/dags/3_python_operator.py
[2026-09-13T01:28:51.107+0000] {processor.py:809} INFO - DAG(s) dict_keys(['3-pythonoperator']) retrieved from /opt/airflow/dags/3_python_operator.py
[2026-09-13T01:28:51.194+0000] {logging_mixin.py:149} INFO - [2026-09-13T01:28:51.193+0000] {dag.py:2726} INFO - Sync 1 DAGs
[2026-09-13T01:28:51.464+0000] {logging_mixin.py:149} INFO - [2026-09-13T01:28:51.464+0000] {dag.py:3490} INFO - Setting next_dagrun for 3-pythonoperator to 2023-05-01T00:00:00+00:00, run_after=2023-05-01T00:00:00+00:00
[2026-09-13T01:28:51.489+0000] {processor.py:178} INFO - Processing /opt/airflow/dags/3_python_operator.py took 0.428 seconds
[2026-09-13T01:29:21.554+0000] {processor.py:156} INFO - Started process (PID=161264) to work on /opt/airflow/dags/3_python_operator.py
[2026-09-13T01:29:21.558+0000] {processor.py:799} INFO - Processing file /opt/airflow/dags/3_python_operator.py for tasks to queue
[2026-09-13T01:29:21.560+0000] {logging_mixin.py:149} INFO - [2026-09-13T01:29:21.560+0000] {dagbag.py:541} INFO - Filling up the DagBag from /opt/airflow/dags/3_python_operator.py
[2026-09-13T01:29:21.597+0000] {processor.py:809} INFO - DAG(s) dict_keys(['3-pythonoperator']) retrieved from /opt/airflow/dags/3_python_operator.py
[2026-09-13T01:29:21.689+0000] {logging_mixin.py:149} INFO - [2026-09-13T01:29:21.688+0000] {dag.py:2726} INFO - Sync 1 DAGs
[2026-09-13T01:29:21.760+0000] {logging_mixin.py:149} INFO - [2026-09-13T01:29:21.759+0000] {dag.py:3490} INFO - Setting next_dagrun for 3-pythonoperator to 2023-05-01T00:00:00+00:00, run_after=2023-05-01T00:00:00+00:00
[2026-09-13T01:29:21.840+0000] {processor.py:178} INFO - Processing /opt/airflow/dags/3_python_operator.py took 0.295 seconds
[2026-09-13T01:29:52.006+0000] {processor.py:156} INFO - Started process (PID=161278) to work on /opt/airflow/dags/3_python_operator.py
[2026-09-13T01:29:52.009+0000] {processor.py:799} INFO - Processing file /opt/airflow/dags/3_python_operator.py for tasks to queue
[2026-09-13T01:29:52.014+0000] {logging_mixin.py:149} INFO - [2026-09-13T01:29:52.010+0000] {dagbag.py:541} INFO - Filling up the DagBag from /opt/airflow/dags/3_python_operator.py
[2026-09-13T01:29:52.043+0000] {processor.py:809} INFO - DAG(s) dict_keys(['3-pythonoperator']) retrieved from /opt/airflow/dags/3_python_operator.py
[2026-09-13T01:29:52.122+0000] {logging_mixin.py:149} INFO - [2026-09-13T01:29:52.121+0000] {dag.py:2726} INFO - Sync 1 DAGs
[2026-09-13T01:29:52.169+0000] {logging_mixin.py:149} INFO - [2026-09-13T01:29:52.168+0000] {dag.py:3490} INFO - Setting next_dagrun for 3-pythonoperator to 2023-05-01T00:00:00+00:00, run_after=2023-05-01T00:00:00+00:00
[2026-09-13T01:29:52.196+0000] {processor.py:178} INFO - Processing /opt/airflow/dags/3_python_operator.py took 0.205 seconds
[2026-09-13T01:30:22.419+0000] {processor.py:156} INFO - Started process (PID=161293) to work on /opt/airflow/dags/3_python_operator.py
[2026-09-13T01:30:22.422+0000] {processor.py:799} INFO - Processing file /opt/airflow/dags/3_python_operator.py for tasks to queue
[2026-09-13T01:30:22.424+0000] {logging_mixin.py:149} INFO - [2026-09-13T01:30:22.424+0000] {dagbag.py:541} INFO - Filling up the DagBag from /opt/airflow/dags/3_python_operator.py
[2026-09-13T01:30:22.450+0000] {processor.py:809} INFO - DAG(s) dict_keys(['3-pythonoperator']) retrieved from /opt/airflow/dags/3_python_operator.py
[2026-09-13T01:30:22.553+0000] {logging_mixin.py:149} INFO - [2026-09-13T01:30:22.553+0000] {dag.py:2726} INFO - Sync 1 DAGs
[2026-09-13T01:30:22.627+0000] {logging_mixin.py:149} INFO - [2026-09-13T01:30:22.626+0000] {dag.py:3490} INFO - Setting next_dagrun for 3-pythonoperator to 2023-05-01T00:00:00+00:00, run_after=2023-05-01T00:00:00+00:00
[2026-09-13T01:30:22.944+0000] {processor.py:178} INFO - Processing /opt/airflow/dags/3_python_operator.py took 0.537 seconds
[2026-09-13T01:30:53.251+0000] {processor.py:156} INFO - Started process (PID=161307) to work on /opt/airflow/dags/3_python_operator.py
[2026-09-13T01:30:53.254+0000] {processor.py:799} INFO - Processing file /opt/airflow/dags/3_python_operator.py for tasks to queue
[2026-09-13T01:30:53.256+0000] {logging_mixin.py:149} INFO - [2026-09-13T01:30:53.256+0000] {dagbag.py:541} INFO - Filling up the DagBag from /opt/airflow/dags/3_python_operator.py
[2026-09-13T01:30:53.282+0000] {processor.py:809} INFO - DAG(s) dict_keys(['3-pythonoperator']) retrieved from /opt/airflow/dags/3_python_operator.py
[2026-09-13T01:30:53.374+0000] {logging_mixin.py:149} INFO - [2026-09-13T01:30:53.373+0000] {dag.py:2726} INFO - Sync 1 DAGs
[2026-09-13T01:30:53.660+0000] {logging_mixin.py:149} INFO - [2026-09-13T01:30:53.660+0000] {dag.py:3490} INFO - Setting next_dagrun for 3-pythonoperator to 2023-05-01T00:00:00+00:00, run_after=2023-05-01T00:00:00+00:00
[2026-09-13T01:30:53.705+0000] {processor.py:178} INFO - Processing /opt/airflow/dags/3_python_operator.py took 0.466 seconds
[2026-09-13T01:31:23.963+0000] {processor.py:156} INFO - Started process (PID=161321) to work on /opt/airflow/dags/3_python_operator.py
[2026-09-13T01:31:23.965+0000] {processor.py:799} INFO - Processing file /opt/airflow/dags/3_python_operator.py for tasks to queue
[2026-09-13T01:31:23.966+0000] {logging_mixin.py:149} INFO - [2026-09-13T01:31:23.966+0000] {dagbag.py:541} INFO - Filling up the DagBag from /opt/airflow/dags/3_python_operator.py
[2026-09-13T01:31:23.985+0000] {processor.py:809} INFO - DAG(s) dict_keys(['3-pythonoperator']) retrieved from /opt/airflow/dags/3_python_operator.py
[2026-09-13T01:31:24.049+0000] {logging_mixin.py:149} INFO - [2026-09-13T01:31:24.048+0000] {dag.py:2726} INFO - Sync 1 DAGs
[2026-09-13T01:31:24.316+0000] {logging_mixin.py:149} INFO - [2026-09-13T01:31:24.316+0000] {dag.py:3490} INFO - Setting next_dagrun for 3-pythonoperator to 2023-05-01T00:00:00+00:00, run_after=2023-05-01T00:00:00+00:00
[2026-09-13T01:31:24.361+0000] {processor.py:178} INFO - Processing /opt/airflow/dags/3_python_operator.py took 0.404 seconds
[2026-09-13T01:31:54.619+0000] {processor.py:156} INFO - Started process (PID=161335) to work on /opt/airflow/dags/3_python_operator.py
[2026-09-13T01:31:54.622+0000] {processor.py:799} INFO - Processing file /opt/airflow/dags/3_python_operator.py for tasks to queue
[2026-09-13T01:31:54.625+0000] {logging_mixin.py:149} INFO - [2026-09-13T01:31:54.624+0000] {dagbag.py:541} INFO - Filling up the DagBag from /opt/airflow/dags/3_python_operator.py
[2026-09-13T01:31:54.658+0000] {processor.py:809} INFO - DAG(s) dict_keys(['3-pythonoperator']) retrieved from /opt/airflow/dags/3_python_operator.py
[2026-09-13T01:31:55.000+0000] {logging_mixin.py:149} INFO - [2026-09-13T01:31:55.000+0000] {dag.py:2726} INFO - Sync 1 DAGs
[2026-09-13T01:31:55.065+0000] {logging_mixin.py:149} INFO - [2026-09-13T01:31:55.065+0000] {dag.py:3490} INFO - Setting next_dagrun for 3-pythonoperator to 2023-05-01T00:00:00+00:00, run_after=2023-05-01T00:00:00+00:00
[2026-09-13T01:31:55.145+0000] {processor.py:178} INFO - Processing /opt/airflow/dags/3_python_operator.py took 0.539 seconds
[2026-09-13T01:32:25.256+0000] {processor.py:156} INFO - Started process (PID=161349) to work on /opt/airflow/dags/3_python_operator.py
[2026-09-13T01:32:25.259+0000] {processor.py:799} INFO - Processing file /opt/airflow/dags/3_python_operator.py for tasks to queue
[2026-09-13T01:32:25.261+0000] {logging_mixin.py:149} INFO - [2026-09-13T01:32:25.260+0000] {dagbag.py:541} INFO - Filling up the DagBag from /opt/airflow/dags/3_python_operator.py
[2026-09-13T01:32:25.283+0000] {processor.py:809} INFO - DAG(s) dict_keys(['3-pythonoperator']) retrieved from /opt/airflow/dags/3_python_operator.py
[2026-09-13T01:32:25.337+0000] {logging_mixin.py:149} INFO - [2026-09-13T01:32:25.337+0000] {dag.py:2726} INFO - Sync 1 DAGs
[2026-09-13T01:32:25.374+0000] {logging_mixin.py:149} INFO - [2026-09-13T01:32:25.374+0000] {dag.py:3490} INFO - Setting next_dagrun for 3-pythonoperator to 2023-05-01T00:00:00+00:00, run_after=2023-05-01T00:00:00+00:00
[2026-09-13T01:32:25.398+0000] {processor.py:178} INFO - Processing /opt/airflow/dags/3_python_operator.py took 0.150 seconds
[2026-09-13T01:32:56.170+0000] {processor.py:156} INFO - Started process (PID=161363) to work on /opt/airflow/dags/3_python_operator.py
[2026-09-13T01:32:56.187+0000] {processor.py:799} INFO - Processing file /opt/airflow/dags/3_python_operator.py for tasks to queue
[2026-09-13T01:32:56.188+0000] {logging_mixin.py:149} INFO - [2026-09-13T01:32:56.188+0000] {dagbag.py:541} INFO - Filling up the DagBag from /opt/airflow/dags/3_python_operator.py
[2026-09-13T01:32:56.259+0000] {processor.py:809} INFO - DAG(s) dict_keys(['3-pythonoperator']) retrieved from /opt/airflow/dags/3_python_operator.py
[2026-09-13T01:32:56.408+0000] {logging_mixin.py:149} INFO - [2026-09-13T01:32:56.407+0000] {dag.py:2726} INFO - Sync 1 DAGs
[2026-09-13T01:32:56.722+0000] {logging_mixin.py:149} INFO - [2026-09-13T01:32:56.722+0000] {dag.py:3490} INFO - Setting next_dagrun for 3-pythonoperator to 2023-05-01T00:00:00+00:00, run_after=2023-05-01T00:00:00+00:00
[2026-09-13T01:32:56.920+0000] {processor.py:178} INFO - Processing /opt/airflow/dags/3_python_operator.py took 0.776 seconds
[2026-09-13T01:33:27.269+0000] {processor.py:156} INFO - Started process (PID=161377) to work on /opt/airflow/dags/3_python_operator.py
[2026-09-13T01:33:27.273+0000] {processor.py:799} INFO - Processing file /opt/airflow/dags/3_python_operator.py for tasks to queue
[2026-09-13T01:33:27.275+0000] {logging_mixin.py:149} INFO - [2026-09-13T01:33:27.274+0000] {dagbag.py:541} INFO - Filling up the DagBag from /opt/airflow/dags/3_python_operator.py
[2026-09-13T01:33:27.304+0000] {processor.py:809} INFO - DAG(s) dict_keys(['3-pythonoperator']) retrieved from /opt/airflow/dags/3_python_operator.py
[2026-09-13T01:33:27.405+0000] {logging_mixin.py:149} INFO - [2026-09-13T01:33:27.405+0000] {dag.py:2726} INFO - Sync 1 DAGs
[2026-09-13T01:33:27.736+0000] {logging_mixin.py:149} INFO - [2026-09-13T01:33:27.736+0000] {dag.py:3490} INFO - Setting next_dagrun for 3-pythonoperator to 2023-05-01T00:00:00+00:00, run_after=2023-05-01T00:00:00+00:00
[2026-09-13T01:33:27.786+0000] {processor.py:178} INFO - Processing /opt/airflow/dags/3_python_operator.py took 0.528 seconds
[2026-09-13T01:33:58.162+0000] {processor.py:156} INFO - Started process (PID=161391) to work on /opt/airflow/dags/3_python_operator.py
[2026-09-13T01:33:58.175+0000] {processor.py:799} INFO - Processing file /opt/airflow/dags/3_python_operator.py for tasks to queue
[2026-09-13T01:33:58.177+0000] {logging_mixin.py:149} INFO - [2026-09-13T01:33:58.176+0000] {dagbag.py:541} INFO - Filling up the DagBag from /opt/airflow/dags/3_python_operator.py
[2026-09-13T01:33:58.207+0000] {processor.py:809} INFO - DAG(s) dict_keys(['3-pythonoperator']) retrieved from /opt/airflow/dags/3_python_operator.py
[2026-09-13T01:33:58.268+0000] {logging_mixin.py:149} INFO - [2026-09-13T01:33:58.267+0000] {dag.py:2726} INFO - Sync 1 DAGs
[2026-09-13T01:33:58.521+0000] {logging_mixin.py:149} INFO - [2026-09-13T01:33:58.521+0000] {dag.py:3490} INFO - Setting next_dagrun for 3-pythonoperator to 2023-05-01T00:00:00+00:00, run_after=2023-05-01T00:00:00+00:00
[2026-09-13T01:33:58.550+0000] {processor.py:178} INFO - Processing /opt/airflow/dags/3_python_operator.py took 0.398 seconds
[2026-09-13T01:34:28.858+0000] {processor.py:156} INFO - Started process (PID=161404) to work on /opt/airflow/dags/3_python_operator.py
[2026-09-13T01:34:28.864+0000] {processor.py:799} INFO - Processing file /opt/airflow/dags/3_python_operator.py for tasks to queue
[2026-09-13T01:34:28.865+0000] {logging_mixin.py:149} INFO - [2026-09-13T01:34:28.865+0000] {dagbag.py:541} INFO - Filling up the DagBag from /opt/airflow/dags/3_python_operator.py
[2026-09-13T01:34:28.893+0000] {processor.py:809} INFO - DAG(s) dict_keys(['3-pythonoperator']) retrieved from /opt/airflow/dags/3_python_operator.py
[2026-09-13T01:34:29.197+0000] {logging_mixin.py:149} INFO - [2026-09-13T01:34:29.196+0000] {dag.py:2726} INFO - Sync 1 DAGs
[2026-09-13T01:34:29.263+0000] {logging_mixin.py:149} INFO - [2026-09-13T01:34:29.263+0000] {dag.py:3490} INFO - Setting next_dagrun for 3-pythonoperator to 2023-05-01T00:00:00+00:00, run_after=2023-05-01T00:00:00+00:00
[2026-09-13T01:34:29.306+0000] {processor.py:178} INFO - Processing /opt/airflow/dags/3_python_operator.py took 0.457 seconds
[2026-09-13T01:34:59.554+0000] {processor.py:156} INFO - Started process (PID=161418) to work on /opt/airflow/dags/3_python_operator.py
[2026-09-13T01:34:59.560+0000] {processor.py:799} INFO - Processing file /opt/airflow/dags/3_python_operator.py for tasks to queue
[2026-09-13T01:34:59.562+0000] {logging_mixin.py:149} INFO - [2026-09-13T01:34:59.561+0000] {dagbag.py:541} INFO - Filling up the DagBag from /opt/airflow/dags/3_python_operator.py
[2026-09-13T01:34:59.586+0000] {processor.py:809} INFO - DAG(s) dict_keys(['3-pythonoperator']) retrieved from /opt/airflow/dags/3_python_operator.py
[2026-09-13T01:34:59.668+0000] {logging_mixin.py:149} INFO - [2026-09-13T01:34:59.667+0000] {dag.py:2726} INFO - Sync 1 DAGs
[2026-09-13T01:34:59.737+0000] {logging_mixin.py:149} INFO - [2026-09-13T01:34:59.737+0000] {dag.py:3490} INFO - Setting next_dagrun for 3-pythonoperator to 2023-05-01T00:00:00+00:00, run_after=2023-05-01T00:00:00+00:00
[2026-09-13T01:34:59.813+0000] {processor.py:178} INFO - Processing /opt/airflow/dags/3_python_operator.py took 0.269 seconds
[2026-09-13T01:35:30.766+0000] {processor.py:156} INFO - Started process (PID=161432) to work on /opt/airflow/dags/3_python_operator.py
[2026-09-13T01:35:30.770+0000] {processor.py:799} INFO - Processing file /opt/airflow/dags/3_python_operator.py for tasks to queue
[2026-09-13T01:35:30.772+0000] {logging_mixin.py:149} INFO - [2026-09-13T01:35:30.771+0000] {dagbag.py:541} INFO - Filling up the DagBag from /opt/airflow/dags/3_python_operator.py
[2026-09-13T01:35:30.801+0000] {processor.py:809} INFO - DAG(s) dict_keys(['3-pythonoperator']) retrieved from /opt/airflow/dags/3_python_operator.py
[2026-09-13T01:35:30.892+0000] {logging_mixin.py:149} INFO - [2026-09-13T01:35:30.892+0000] {dag.py:2726} INFO - Sync 1 DAGs
[2026-09-13T01:35:30.969+0000] {logging_mixin.py:149} INFO - [2026-09-13T01:35:30.967+0000] {dag.py:3490} INFO - Setting next_dagrun for 3-pythonoperator to 2023-05-01T00:00:00+00:00, run_after=2023-05-01T00:00:00+00:00
[2026-09-13T01:35:31.059+0000] {processor.py:178} INFO - Processing /opt/airflow/dags/3_python_operator.py took 0.304 seconds
[2026-09-13T01:36:01.539+0000] {processor.py:156} INFO - Started process (PID=161446) to work on /opt/airflow/dags/3_python_operator.py
[2026-09-13T01:36:01.543+0000] {processor.py:799} INFO - Processing file /opt/airflow/dags/3_python_operator.py for tasks to queue
[2026-09-13T01:36:01.546+0000] {logging_mixin.py:149} INFO - [2026-09-13T01:36:01.545+0000] {dagbag.py:541} INFO - Filling up the DagBag from /opt/airflow/dags/3_python_operator.py
[2026-09-13T01:36:01.581+0000] {processor.py:809} INFO - DAG(s) dict_keys(['3-pythonoperator']) retrieved from /opt/airflow/dags/3_python_operator.py
[2026-09-13T01:36:01.666+0000] {logging_mixin.py:149} INFO - [2026-09-13T01:36:01.665+0000] {dag.py:2726} INFO - Sync 1 DAGs
[2026-09-13T01:36:01.751+0000] {logging_mixin.py:149} INFO - [2026-09-13T01:36:01.751+0000] {dag.py:3490} INFO - Setting next_dagrun for 3-pythonoperator to 2023-05-01T00:00:00+00:00, run_after=2023-05-01T00:00:00+00:00
[2026-09-13T01:36:02.046+0000] {processor.py:178} INFO - Processing /opt/airflow/dags/3_python_operator.py took 0.520 seconds
[2026-09-13T01:36:32.331+0000] {processor.py:156} INFO - Started process (PID=161459) to work on /opt/airflow/dags/3_python_operator.py
[2026-09-13T01:36:32.334+0000] {processor.py:799} INFO - Processing file /opt/airflow/dags/3_python_operator.py for tasks to queue
[2026-09-13T01:36:32.335+0000] {logging_mixin.py:149} INFO - [2026-09-13T01:36:32.335+0000] {dagbag.py:541} INFO - Filling up the DagBag from /opt/airflow/dags/3_python_operator.py
[2026-09-13T01:36:32.358+0000] {processor.py:809} INFO - DAG(s) dict_keys(['3-pythonoperator']) retrieved from /opt/airflow/dags/3_python_operator.py
[2026-09-13T01:36:32.436+0000] {logging_mixin.py:149} INFO - [2026-09-13T01:36:32.436+0000] {dag.py:2726} INFO - Sync 1 DAGs
[2026-09-13T01:36:32.722+0000] {logging_mixin.py:149} INFO - [2026-09-13T01:36:32.721+0000] {dag.py:3490} INFO - Setting next_dagrun for 3-pythonoperator to 2023-05-01T00:00:00+00:00, run_after=2023-05-01T00:00:00+00:00
[2026-09-13T01:36:32.768+0000] {processor.py:178} INFO - Processing /opt/airflow/dags/3_python_operator.py took 0.446 seconds
[2026-09-13T01:37:03.069+0000] {processor.py:156} INFO - Started process (PID=161473) to work on /opt/airflow/dags/3_python_operator.py
[2026-09-13T01:37:03.073+0000] {processor.py:799} INFO - Processing file /opt/airflow/dags/3_python_operator.py for tasks to queue
[2026-09-13T01:37:03.075+0000] {logging_mixin.py:149} INFO - [2026-09-13T01:37:03.075+0000] {dagbag.py:541} INFO - Filling up the DagBag from /opt/airflow/dags/3_python_operator.py
[2026-09-13T01:37:03.104+0000] {processor.py:809} INFO - DAG(s) dict_keys(['3-pythonoperator']) retrieved from /opt/airflow/dags/3_python_operator.py
[2026-09-13T01:37:03.199+0000] {logging_mixin.py:149} INFO - [2026-09-13T01:37:03.199+0000] {dag.py:2726} INFO - Sync 1 DAGs
[2026-09-13T01:37:03.499+0000] {logging_mixin.py:149} INFO - [2026-09-13T01:37:03.498+0000] {dag.py:3490} INFO - Setting next_dagrun for 3-pythonoperator to 2023-05-01T00:00:00+00:00, run_after=2023-05-01T00:00:00+00:00
[2026-09-13T01:37:03.554+0000] {processor.py:178} INFO - Processing /opt/airflow/dags/3_python_operator.py took 0.496 seconds
[2026-09-13T01:37:33.854+0000] {processor.py:156} INFO - Started process (PID=161488) to work on /opt/airflow/dags/3_python_operator.py
[2026-09-13T01:37:33.857+0000] {processor.py:799} INFO - Processing file /opt/airflow/dags/3_python_operator.py for tasks to queue
[2026-09-13T01:37:33.859+0000] {logging_mixin.py:149} INFO - [2026-09-13T01:37:33.859+0000] {dagbag.py:541} INFO - Filling up the DagBag from /opt/airflow/dags/3_python_operator.py
[2026-09-13T01:37:33.885+0000] {processor.py:809} INFO - DAG(s) dict_keys(['3-pythonoperator']) retrieved from /opt/airflow/dags/3_python_operator.py
[2026-09-13T01:37:34.339+0000] {logging_mixin.py:149} INFO - [2026-09-13T01:37:34.339+0000] {dag.py:2726} INFO - Sync 1 DAGs
[2026-09-13T01:37:34.406+0000] {logging_mixin.py:149} INFO - [2026-09-13T01:37:34.405+0000] {dag.py:3490} INFO - Setting next_dagrun for 3-pythonoperator to 2023-05-01T00:00:00+00:00, run_after=2023-05-01T00:00:00+00:00
[2026-09-13T01:37:34.476+0000] {processor.py:178} INFO - Processing /opt/airflow/dags/3_python_operator.py took 0.637 seconds
[2026-09-13T01:38:04.589+0000] {processor.py:156} INFO - Started process (PID=161502) to work on /opt/airflow/dags/3_python_operator.py
[2026-09-13T01:38:04.593+0000] {processor.py:799} INFO - Processing file /opt/airflow/dags/3_python_operator.py for tasks to queue
[2026-09-13T01:38:04.594+0000] {logging_mixin.py:149} INFO - [2026-09-13T01:38:04.594+0000] {dagbag.py:541} INFO - Filling up the DagBag from /opt/airflow/dags/3_python_operator.py
[2026-09-13T01:38:04.627+0000] {processor.py:809} INFO - DAG(s) dict_keys(['3-pythonoperator']) retrieved from /opt/airflow/dags/3_python_operator.py
[2026-09-13T01:38:04.736+0000] {logging_mixin.py:149} INFO - [2026-09-13T01:38:04.736+0000] {dag.py:2726} INFO - Sync 1 DAGs
[2026-09-13T01:38:04.780+0000] {logging_mixin.py:149} INFO - [2026-09-13T01:38:04.780+0000] {dag.py:3490} INFO - Setting next_dagrun for 3-pythonoperator to 2023-05-01T00:00:00+00:00, run_after=2023-05-01T00:00:00+00:00
[2026-09-13T01:38:04.856+0000] {processor.py:178} INFO - Processing /opt/airflow/dags/3_python_operator.py took 0.274 seconds
[2026-09-13T01:38:35.186+0000] {processor.py:156} INFO - Started process (PID=161516) to work on /opt/airflow/dags/3_python_operator.py
[2026-09-13T01:38:35.188+0000] {processor.py:799} INFO - Processing file /opt/airflow/dags/3_python_operator.py for tasks to queue
[2026-09-13T01:38:35.190+0000] {logging_mixin.py:149} INFO - [2026-09-13T01:38:35.190+0000] {dagbag.py:541} INFO - Filling up the DagBag from /opt/airflow/dags/3_python_operator.py
[2026-09-13T01:38:35.222+0000] {processor.py:809} INFO - DAG(s) dict_keys(['3-pythonoperator']) retrieved from /opt/airflow/dags/3_python_operator.py
[2026-09-13T01:38:35.365+0000] {logging_mixin.py:149} INFO - [2026-09-13T01:38:35.365+0000] {dag.py:2726} INFO - Sync 1 DAGs
[2026-09-13T01:38:35.410+0000] {logging_mixin.py:149} INFO - [2026-09-13T01:38:35.409+0000] {dag.py:3490} INFO - Setting next_dagrun for 3-pythonoperator to 2023-05-01T00:00:00+00:00, run_after=2023-05-01T00:00:00+00:00
[2026-09-13T01:38:35.670+0000] {processor.py:178} INFO - Processing /opt/airflow/dags/3_python_operator.py took 0.494 seconds
[2026-09-13T01:39:06.157+0000] {processor.py:156} INFO - Started process (PID=161530) to work on /opt/airflow/dags/3_python_operator.py
[2026-09-13T01:39:06.197+0000] {processor.py:799} INFO - Processing file /opt/airflow/dags/3_python_operator.py for tasks to queue
[2026-09-13T01:39:06.199+0000] {logging_mixin.py:149} INFO - [2026-09-13T01:39:06.199+0000] {dagbag.py:541} INFO - Filling up the DagBag from /opt/airflow/dags/3_python_operator.py
[2026-09-13T01:39:06.231+0000] {processor.py:809} INFO - DAG(s) dict_keys(['3-pythonoperator']) retrieved from /opt/airflow/dags/3_python_operator.py
[2026-09-13T01:39:06.322+0000] {logging_mixin.py:149} INFO - [2026-09-13T01:39:06.322+0000] {dag.py:2726} INFO - Sync 1 DAGs
[2026-09-13T01:39:06.691+0000] {logging_mixin.py:149} INFO - [2026-09-13T01:39:06.690+0000] {dag.py:3490} INFO - Setting next_dagrun for 3-pythonoperator to 2023-05-01T00:00:00+00:00, run_after=2023-05-01T00:00:00+00:00
[2026-09-13T01:39:06.733+0000] {processor.py:178} INFO - Processing /opt/airflow/dags/3_python_operator.py took 0.588 seconds
[2026-09-13T01:39:37.169+0000] {processor.py:156} INFO - Started process (PID=161544) to work on /opt/airflow/dags/3_python_operator.py
[2026-09-13T01:39:37.172+0000] {processor.py:799} INFO - Processing file /opt/airflow/dags/3_python_operator.py for tasks to queue
[2026-09-13T01:39:37.174+0000] {logging_mixin.py:149} INFO - [2026-09-13T01:39:37.174+0000] {dagbag.py:541} INFO - Filling up the DagBag from /opt/airflow/dags/3_python_operator.py
[2026-09-13T01:39:37.203+0000] {processor.py:809} INFO - DAG(s) dict_keys(['3-pythonoperator']) retrieved from /opt/airflow/dags/3_python_operator.py
[2026-09-13T01:39:37.296+0000] {logging_mixin.py:149} INFO - [2026-09-13T01:39:37.295+0000] {dag.py:2726} INFO - Sync 1 DAGs
[2026-09-13T01:39:37.684+0000] {logging_mixin.py:149} INFO - [2026-09-13T01:39:37.683+0000] {dag.py:3490} INFO - Setting next_dagrun for 3-pythonoperator to 2023-05-01T00:00:00+00:00, run_after=2023-05-01T00:00:00+00:00
[2026-09-13T01:39:37.730+0000] {processor.py:178} INFO - Processing /opt/airflow/dags/3_python_operator.py took 0.574 seconds
[2026-09-13T01:40:07.859+0000] {processor.py:156} INFO - Started process (PID=161558) to work on /opt/airflow/dags/3_python_operator.py
[2026-09-13T01:40:07.863+0000] {processor.py:799} INFO - Processing file /opt/airflow/dags/3_python_operator.py for tasks to queue
[2026-09-13T01:40:07.867+0000] {logging_mixin.py:149} INFO - [2026-09-13T01:40:07.866+0000] {dagbag.py:541} INFO - Filling up the DagBag from /opt/airflow/dags/3_python_operator.py
[2026-09-13T01:40:07.900+0000] {processor.py:809} INFO - DAG(s) dict_keys(['3-pythonoperator']) retrieved from /opt/airflow/dags/3_python_operator.py
[2026-09-13T01:40:08.204+0000] {logging_mixin.py:149} INFO - [2026-09-13T01:40:08.204+0000] {dag.py:2726} INFO - Sync 1 DAGs
[2026-09-13T01:40:08.263+0000] {logging_mixin.py:149} INFO - [2026-09-13T01:40:08.262+0000] {dag.py:3490} INFO - Setting next_dagrun for 3-pythonoperator to 2023-05-01T00:00:00+00:00, run_after=2023-05-01T00:00:00+00:00
[2026-09-13T01:40:08.312+0000] {processor.py:178} INFO - Processing /opt/airflow/dags/3_python_operator.py took 0.466 seconds
[2026-09-13T01:40:38.724+0000] {processor.py:156} INFO - Started process (PID=161572) to work on /opt/airflow/dags/3_python_operator.py
[2026-09-13T01:40:38.728+0000] {processor.py:799} INFO - Processing file /opt/airflow/dags/3_python_operator.py for tasks to queue
[2026-09-13T01:40:38.729+0000] {logging_mixin.py:149} INFO - [2026-09-13T01:40:38.729+0000] {dagbag.py:541} INFO - Filling up the DagBag from /opt/airflow/dags/3_python_operator.py
[2026-09-13T01:40:38.754+0000] {processor.py:809} INFO - DAG(s) dict_keys(['3-pythonoperator']) retrieved from /opt/airflow/dags/3_python_operator.py
[2026-09-13T01:40:39.019+0000] {logging_mixin.py:149} INFO - [2026-09-13T01:40:39.019+0000] {dag.py:2726} INFO - Sync 1 DAGs
[2026-09-13T01:40:39.057+0000] {logging_mixin.py:149} INFO - [2026-09-13T01:40:39.056+0000] {dag.py:3490} INFO - Setting next_dagrun for 3-pythonoperator to 2023-05-01T00:00:00+00:00, run_after=2023-05-01T00:00:00+00:00
[2026-09-13T01:40:39.115+0000] {processor.py:178} INFO - Processing /opt/airflow/dags/3_python_operator.py took 0.403 seconds
[2026-09-13T01:41:09.364+0000] {processor.py:156} INFO - Started process (PID=161586) to work on /opt/airflow/dags/3_python_operator.py
[2026-09-13T01:41:09.368+0000] {processor.py:799} INFO - Processing file /opt/airflow/dags/3_python_operator.py for tasks to queue
[2026-09-13T01:41:09.369+0000] {logging_mixin.py:149} INFO - [2026-09-13T01:41:09.369+0000] {dagbag.py:541} INFO - Filling up the DagBag from /opt/airflow/dags/3_python_operator.py
[2026-09-13T01:41:09.396+0000] {processor.py:809} INFO - DAG(s) dict_keys(['3-pythonoperator']) retrieved from /opt/airflow/dags/3_python_operator.py
[2026-09-13T01:41:09.477+0000] {logging_mixin.py:149} INFO - [2026-09-13T01:41:09.477+0000] {dag.py:2726} INFO - Sync 1 DAGs
[2026-09-13T01:41:09.522+0000] {logging_mixin.py:149} INFO - [2026-09-13T01:41:09.522+0000] {dag.py:3490} INFO - Setting next_dagrun for 3-pythonoperator to 2023-05-01T00:00:00+00:00, run_after=2023-05-01T00:00:00+00:00
[2026-09-13T01:41:09.553+0000] {processor.py:178} INFO - Processing /opt/airflow/dags/3_python_operator.py took 0.199 seconds
[2026-09-13T01:41:39.817+0000] {processor.py:156} INFO - Started process (PID=161601) to work on /opt/airflow/dags/3_python_operator.py
[2026-09-13T01:41:39.820+0000] {processor.py:799} INFO - Processing file /opt/airflow/dags/3_python_operator.py for tasks to queue
[2026-09-13T01:41:39.822+0000] {logging_mixin.py:149} INFO - [2026-09-13T01:41:39.822+0000] {dagbag.py:541} INFO - Filling up the DagBag from /opt/airflow/dags/3_python_operator.py
[2026-09-13T01:41:39.855+0000] {processor.py:809} INFO - DAG(s) dict_keys(['3-pythonoperator']) retrieved from /opt/airflow/dags/3_python_operator.py
[2026-09-13T01:41:39.936+0000] {logging_mixin.py:149} INFO - [2026-09-13T01:41:39.936+0000] {dag.py:2726} INFO - Sync 1 DAGs
[2026-09-13T01:41:40.010+0000] {logging_mixin.py:149} INFO - [2026-09-13T01:41:40.010+0000] {dag.py:3490} INFO - Setting next_dagrun for 3-pythonoperator to 2023-05-01T00:00:00+00:00, run_after=2023-05-01T00:00:00+00:00
[2026-09-13T01:41:40.315+0000] {processor.py:178} INFO - Processing /opt/airflow/dags/3_python_operator.py took 0.507 seconds
[2026-09-13T01:42:10.671+0000] {processor.py:156} INFO - Started process (PID=161615) to work on /opt/airflow/dags/3_python_operator.py
[2026-09-13T01:42:10.678+0000] {processor.py:799} INFO - Processing file /opt/airflow/dags/3_python_operator.py for tasks to queue
[2026-09-13T01:42:10.680+0000] {logging_mixin.py:149} INFO - [2026-09-13T01:42:10.680+0000] {dagbag.py:541} INFO - Filling up the DagBag from /opt/airflow/dags/3_python_operator.py
[2026-09-13T01:42:10.711+0000] {processor.py:809} INFO - DAG(s) dict_keys(['3-pythonoperator']) retrieved from /opt/airflow/dags/3_python_operator.py
[2026-09-13T01:42:10.783+0000] {logging_mixin.py:149} INFO - [2026-09-13T01:42:10.783+0000] {dag.py:2726} INFO - Sync 1 DAGs
[2026-09-13T01:42:11.081+0000] {logging_mixin.py:149} INFO - [2026-09-13T01:42:11.080+0000] {dag.py:3490} INFO - Setting next_dagrun for 3-pythonoperator to 2023-05-01T00:00:00+00:00, run_after=2023-05-01T00:00:00+00:00
[2026-09-13T01:42:11.114+0000] {processor.py:178} INFO - Processing /opt/airflow/dags/3_python_operator.py took 0.458 seconds
[2026-09-13T01:42:42.051+0000] {processor.py:156} INFO - Started process (PID=161629) to work on /opt/airflow/dags/3_python_operator.py
[2026-09-13T01:42:42.069+0000] {processor.py:799} INFO - Processing file /opt/airflow/dags/3_python_operator.py for tasks to queue
[2026-09-13T01:42:42.073+0000] {logging_mixin.py:149} INFO - [2026-09-13T01:42:42.071+0000] {dagbag.py:541} INFO - Filling up the DagBag from /opt/airflow/dags/3_python_operator.py
[2026-09-13T01:42:42.091+0000] {processor.py:809} INFO - DAG(s) dict_keys(['3-pythonoperator']) retrieved from /opt/airflow/dags/3_python_operator.py
[2026-09-13T01:42:42.139+0000] {logging_mixin.py:149} INFO - [2026-09-13T01:42:42.138+0000] {dag.py:2726} INFO - Sync 1 DAGs
[2026-09-13T01:42:42.376+0000] {logging_mixin.py:149} INFO - [2026-09-13T01:42:42.375+0000] {dag.py:3490} INFO - Setting next_dagrun for 3-pythonoperator to 2023-05-01T00:00:00+00:00, run_after=2023-05-01T00:00:00+00:00
[2026-09-13T01:42:42.404+0000] {processor.py:178} INFO - Processing /opt/airflow/dags/3_python_operator.py took 0.372 seconds
[2026-09-13T01:43:12.759+0000] {processor.py:156} INFO - Started process (PID=161643) to work on /opt/airflow/dags/3_python_operator.py
[2026-09-13T01:43:12.762+0000] {processor.py:799} INFO - Processing file /opt/airflow/dags/3_python_operator.py for tasks to queue
[2026-09-13T01:43:12.763+0000] {logging_mixin.py:149} INFO - [2026-09-13T01:43:12.763+0000] {dagbag.py:541} INFO - Filling up the DagBag from /opt/airflow/dags/3_python_operator.py
[2026-09-13T01:43:12.787+0000] {processor.py:809} INFO - DAG(s) dict_keys(['3-pythonoperator']) retrieved from /opt/airflow/dags/3_python_operator.py
[2026-09-13T01:43:13.097+0000] {logging_mixin.py:149} INFO - [2026-09-13T01:43:13.097+0000] {dag.py:2726} INFO - Sync 1 DAGs
[2026-09-13T01:43:13.174+0000] {logging_mixin.py:149} INFO - [2026-09-13T01:43:13.173+0000] {dag.py:3490} INFO - Setting next_dagrun for 3-pythonoperator to 2023-05-01T00:00:00+00:00, run_after=2023-05-01T00:00:00+00:00
[2026-09-13T01:43:13.235+0000] {processor.py:178} INFO - Processing /opt/airflow/dags/3_python_operator.py took 0.486 seconds
[2026-09-13T01:43:43.928+0000] {processor.py:156} INFO - Started process (PID=161657) to work on /opt/airflow/dags/3_python_operator.py
[2026-09-13T01:43:43.931+0000] {processor.py:799} INFO - Processing file /opt/airflow/dags/3_python_operator.py for tasks to queue
[2026-09-13T01:43:43.932+0000] {logging_mixin.py:149} INFO - [2026-09-13T01:43:43.932+0000] {dagbag.py:541} INFO - Filling up the DagBag from /opt/airflow/dags/3_python_operator.py
[2026-09-13T01:43:43.950+0000] {processor.py:809} INFO - DAG(s) dict_keys(['3-pythonoperator']) retrieved from /opt/airflow/dags/3_python_operator.py
[2026-09-13T01:43:44.040+0000] {logging_mixin.py:149} INFO - [2026-09-13T01:43:44.040+0000] {dag.py:2726} INFO - Sync 1 DAGs
[2026-09-13T01:43:44.122+0000] {logging_mixin.py:149} INFO - [2026-09-13T01:43:44.121+0000] {dag.py:3490} INFO - Setting next_dagrun for 3-pythonoperator to 2023-05-01T00:00:00+00:00, run_after=2023-05-01T00:00:00+00:00
[2026-09-13T01:43:44.190+0000] {processor.py:178} INFO - Processing /opt/airflow/dags/3_python_operator.py took 0.273 seconds
[2026-09-13T01:44:14.703+0000] {processor.py:156} INFO - Started process (PID=161671) to work on /opt/airflow/dags/3_python_operator.py
[2026-09-13T01:44:14.707+0000] {processor.py:799} INFO - Processing file /opt/airflow/dags/3_python_operator.py for tasks to queue
[2026-09-13T01:44:14.709+0000] {logging_mixin.py:149} INFO - [2026-09-13T01:44:14.709+0000] {dagbag.py:541} INFO - Filling up the DagBag from /opt/airflow/dags/3_python_operator.py
[2026-09-13T01:44:14.735+0000] {processor.py:809} INFO - DAG(s) dict_keys(['3-pythonoperator']) retrieved from /opt/airflow/dags/3_python_operator.py
[2026-09-13T01:44:14.830+0000] {logging_mixin.py:149} INFO - [2026-09-13T01:44:14.830+0000] {dag.py:2726} INFO - Sync 1 DAGs
[2026-09-13T01:44:14.905+0000] {logging_mixin.py:149} INFO - [2026-09-13T01:44:14.904+0000] {dag.py:3490} INFO - Setting next_dagrun for 3-pythonoperator to 2023-05-01T00:00:00+00:00, run_after=2023-05-01T00:00:00+00:00
[2026-09-13T01:44:15.218+0000] {processor.py:178} INFO - Processing /opt/airflow/dags/3_python_operator.py took 0.530 seconds
[2026-09-13T01:44:45.513+0000] {processor.py:156} INFO - Started process (PID=161685) to work on /opt/airflow/dags/3_python_operator.py
[2026-09-13T01:44:45.515+0000] {processor.py:799} INFO - Processing file /opt/airflow/dags/3_python_operator.py for tasks to queue
[2026-09-13T01:44:45.516+0000] {logging_mixin.py:149} INFO - [2026-09-13T01:44:45.516+0000] {dagbag.py:541} INFO - Filling up the DagBag from /opt/airflow/dags/3_python_operator.py
[2026-09-13T01:44:45.530+0000] {processor.py:809} INFO - DAG(s) dict_keys(['3-pythonoperator']) retrieved from /opt/airflow/dags/3_python_operator.py
[2026-09-13T01:44:45.587+0000] {logging_mixin.py:149} INFO - [2026-09-13T01:44:45.587+0000] {dag.py:2726} INFO - Sync 1 DAGs
[2026-09-13T01:44:45.827+0000] {logging_mixin.py:149} INFO - [2026-09-13T01:44:45.826+0000] {dag.py:3490} INFO - Setting next_dagrun for 3-pythonoperator to 2023-05-01T00:00:00+00:00, run_after=2023-05-01T00:00:00+00:00
[2026-09-13T01:44:45.865+0000] {processor.py:178} INFO - Processing /opt/airflow/dags/3_python_operator.py took 0.357 seconds
[2026-09-13T01:45:16.312+0000] {processor.py:156} INFO - Started process (PID=161699) to work on /opt/airflow/dags/3_python_operator.py
[2026-09-13T01:45:16.315+0000] {processor.py:799} INFO - Processing file /opt/airflow/dags/3_python_operator.py for tasks to queue
[2026-09-13T01:45:16.317+0000] {logging_mixin.py:149} INFO - [2026-09-13T01:45:16.316+0000] {dagbag.py:541} INFO - Filling up the DagBag from /opt/airflow/dags/3_python_operator.py
[2026-09-13T01:45:16.337+0000] {processor.py:809} INFO - DAG(s) dict_keys(['3-pythonoperator']) retrieved from /opt/airflow/dags/3_python_operator.py
[2026-09-13T01:45:16.432+0000] {logging_mixin.py:149} INFO - [2026-09-13T01:45:16.431+0000] {dag.py:2726} INFO - Sync 1 DAGs
[2026-09-13T01:45:16.747+0000] {logging_mixin.py:149} INFO - [2026-09-13T01:45:16.747+0000] {dag.py:3490} INFO - Setting next_dagrun for 3-pythonoperator to 2023-05-01T00:00:00+00:00, run_after=2023-05-01T00:00:00+00:00
[2026-09-13T01:45:16.781+0000] {processor.py:178} INFO - Processing /opt/airflow/dags/3_python_operator.py took 0.478 seconds
[2026-09-13T01:45:46.962+0000] {processor.py:156} INFO - Started process (PID=161713) to work on /opt/airflow/dags/3_python_operator.py
[2026-09-13T01:45:46.965+0000] {processor.py:799} INFO - Processing file /opt/airflow/dags/3_python_operator.py for tasks to queue
[2026-09-13T01:45:46.967+0000] {logging_mixin.py:149} INFO - [2026-09-13T01:45:46.966+0000] {dagbag.py:541} INFO - Filling up the DagBag from /opt/airflow/dags/3_python_operator.py
[2026-09-13T01:45:46.993+0000] {processor.py:809} INFO - DAG(s) dict_keys(['3-pythonoperator']) retrieved from /opt/airflow/dags/3_python_operator.py
[2026-09-13T01:45:47.322+0000] {logging_mixin.py:149} INFO - [2026-09-13T01:45:47.321+0000] {dag.py:2726} INFO - Sync 1 DAGs
[2026-09-13T01:45:47.390+0000] {logging_mixin.py:149} INFO - [2026-09-13T01:45:47.389+0000] {dag.py:3490} INFO - Setting next_dagrun for 3-pythonoperator to 2023-05-01T00:00:00+00:00, run_after=2023-05-01T00:00:00+00:00
[2026-09-13T01:45:47.444+0000] {processor.py:178} INFO - Processing /opt/airflow/dags/3_python_operator.py took 0.490 seconds
[2026-09-13T01:46:17.775+0000] {processor.py:156} INFO - Started process (PID=161727) to work on /opt/airflow/dags/3_python_operator.py
[2026-09-13T01:46:17.778+0000] {processor.py:799} INFO - Processing file /opt/airflow/dags/3_python_operator.py for tasks to queue
[2026-09-13T01:46:17.780+0000] {logging_mixin.py:149} INFO - [2026-09-13T01:46:17.779+0000] {dagbag.py:541} INFO - Filling up the DagBag from /opt/airflow/dags/3_python_operator.py
[2026-09-13T01:46:18.049+0000] {processor.py:809} INFO - DAG(s) dict_keys(['3-pythonoperator']) retrieved from /opt/airflow/dags/3_python_operator.py
[2026-09-13T01:46:18.096+0000] {logging_mixin.py:149} INFO - [2026-09-13T01:46:18.096+0000] {dag.py:2726} INFO - Sync 1 DAGs
[2026-09-13T01:46:18.133+0000] {logging_mixin.py:149} INFO - [2026-09-13T01:46:18.133+0000] {dag.py:3490} INFO - Setting next_dagrun for 3-pythonoperator to 2023-05-01T00:00:00+00:00, run_after=2023-05-01T00:00:00+00:00
[2026-09-13T01:46:18.158+0000] {processor.py:178} INFO - Processing /opt/airflow/dags/3_python_operator.py took 0.390 seconds
[2026-09-13T01:46:48.410+0000] {processor.py:156} INFO - Started process (PID=161741) to work on /opt/airflow/dags/3_python_operator.py
[2026-09-13T01:46:48.414+0000] {processor.py:799} INFO - Processing file /opt/airflow/dags/3_python_operator.py for tasks to queue
[2026-09-13T01:46:48.416+0000] {logging_mixin.py:149} INFO - [2026-09-13T01:46:48.416+0000] {dagbag.py:541} INFO - Filling up the DagBag from /opt/airflow/dags/3_python_operator.py
[2026-09-13T01:46:48.444+0000] {processor.py:809} INFO - DAG(s) dict_keys(['3-pythonoperator']) retrieved from /opt/airflow/dags/3_python_operator.py
[2026-09-13T01:46:48.541+0000] {logging_mixin.py:149} INFO - [2026-09-13T01:46:48.541+0000] {dag.py:2726} INFO - Sync 1 DAGs
[2026-09-13T01:46:48.600+0000] {logging_mixin.py:149} INFO - [2026-09-13T01:46:48.599+0000] {dag.py:3490} INFO - Setting next_dagrun for 3-pythonoperator to 2023-05-01T00:00:00+00:00, run_after=2023-05-01T00:00:00+00:00
[2026-09-13T01:46:48.634+0000] {processor.py:178} INFO - Processing /opt/airflow/dags/3_python_operator.py took 0.236 seconds
[2026-09-13T01:47:18.844+0000] {processor.py:156} INFO - Started process (PID=161755) to work on /opt/airflow/dags/3_python_operator.py
[2026-09-13T01:47:18.846+0000] {processor.py:799} INFO - Processing file /opt/airflow/dags/3_python_operator.py for tasks to queue
[2026-09-13T01:47:18.847+0000] {logging_mixin.py:149} INFO - [2026-09-13T01:47:18.847+0000] {dagbag.py:541} INFO - Filling up the DagBag from /opt/airflow/dags/3_python_operator.py
[2026-09-13T01:47:18.861+0000] {processor.py:809} INFO - DAG(s) dict_keys(['3-pythonoperator']) retrieved from /opt/airflow/dags/3_python_operator.py
[2026-09-13T01:47:18.934+0000] {logging_mixin.py:149} INFO - [2026-09-13T01:47:18.934+0000] {dag.py:2726} INFO - Sync 1 DAGs
[2026-09-13T01:47:19.043+0000] {logging_mixin.py:149} INFO - [2026-09-13T01:47:19.042+0000] {dag.py:3490} INFO - Setting next_dagrun for 3-pythonoperator to 2023-05-01T00:00:00+00:00, run_after=2023-05-01T00:00:00+00:00
[2026-09-13T01:47:19.090+0000] {processor.py:178} INFO - Processing /opt/airflow/dags/3_python_operator.py took 0.251 seconds
[2026-09-13T01:47:49.281+0000] {processor.py:156} INFO - Started process (PID=161769) to work on /opt/airflow/dags/3_python_operator.py
[2026-09-13T01:47:49.286+0000] {processor.py:799} INFO - Processing file /opt/airflow/dags/3_python_operator.py for tasks to queue
[2026-09-13T01:47:49.287+0000] {logging_mixin.py:149} INFO - [2026-09-13T01:47:49.287+0000] {dagbag.py:541} INFO - Filling up the DagBag from /opt/airflow/dags/3_python_operator.py
[2026-09-13T01:47:49.309+0000] {processor.py:809} INFO - DAG(s) dict_keys(['3-pythonoperator']) retrieved from /opt/airflow/dags/3_python_operator.py
[2026-09-13T01:47:49.437+0000] {logging_mixin.py:149} INFO - [2026-09-13T01:47:49.437+0000] {dag.py:2726} INFO - Sync 1 DAGs
[2026-09-13T01:47:49.486+0000] {logging_mixin.py:149} INFO - [2026-09-13T01:47:49.485+0000] {dag.py:3490} INFO - Setting next_dagrun for 3-pythonoperator to 2023-05-01T00:00:00+00:00, run_after=2023-05-01T00:00:00+00:00
[2026-09-13T01:47:49.527+0000] {processor.py:178} INFO - Processing /opt/airflow/dags/3_python_operator.py took 0.254 seconds
[2026-09-13T01:48:19.799+0000] {processor.py:156} INFO - Started process (PID=161783) to work on /opt/airflow/dags/3_python_operator.py
[2026-09-13T01:48:19.802+0000] {processor.py:799} INFO - Processing file /opt/airflow/dags/3_python_operator.py for tasks to queue
[2026-09-13T01:48:19.803+0000] {logging_mixin.py:149} INFO - [2026-09-13T01:48:19.803+0000] {dagbag.py:541} INFO - Filling up the DagBag from /opt/airflow/dags/3_python_operator.py
[2026-09-13T01:48:19.834+0000] {processor.py:809} INFO - DAG(s) dict_keys(['3-pythonoperator']) retrieved from /opt/airflow/dags/3_python_operator.py
[2026-09-13T01:48:19.916+0000] {logging_mixin.py:149} INFO - [2026-09-13T01:48:19.916+0000] {dag.py:2726} INFO - Sync 1 DAGs
[2026-09-13T01:48:19.958+0000] {logging_mixin.py:149} INFO - [2026-09-13T01:48:19.958+0000] {dag.py:3490} INFO - Setting next_dagrun for 3-pythonoperator to 2023-05-01T00:00:00+00:00, run_after=2023-05-01T00:00:00+00:00
[2026-09-13T01:48:19.992+0000] {processor.py:178} INFO - Processing /opt/airflow/dags/3_python_operator.py took 0.202 seconds
[2026-09-13T01:48:50.291+0000] {processor.py:156} INFO - Started process (PID=161797) to work on /opt/airflow/dags/3_python_operator.py
[2026-09-13T01:48:50.294+0000] {processor.py:799} INFO - Processing file /opt/airflow/dags/3_python_operator.py for tasks to queue
[2026-09-13T01:48:50.296+0000] {logging_mixin.py:149} INFO - [2026-09-13T01:48:50.296+0000] {dagbag.py:541} INFO - Filling up the DagBag from /opt/airflow/dags/3_python_operator.py
[2026-09-13T01:48:50.321+0000] {processor.py:809} INFO - DAG(s) dict_keys(['3-pythonoperator']) retrieved from /opt/airflow/dags/3_python_operator.py
[2026-09-13T01:48:50.401+0000] {logging_mixin.py:149} INFO - [2026-09-13T01:48:50.400+0000] {dag.py:2726} INFO - Sync 1 DAGs
[2026-09-13T01:48:50.470+0000] {logging_mixin.py:149} INFO - [2026-09-13T01:48:50.470+0000] {dag.py:3490} INFO - Setting next_dagrun for 3-pythonoperator to 2023-05-01T00:00:00+00:00, run_after=2023-05-01T00:00:00+00:00
[2026-09-13T01:48:50.519+0000] {processor.py:178} INFO - Processing /opt/airflow/dags/3_python_operator.py took 0.239 seconds
[2026-09-13T01:49:20.772+0000] {processor.py:156} INFO - Started process (PID=161811) to work on /opt/airflow/dags/3_python_operator.py
[2026-09-13T01:49:20.774+0000] {processor.py:799} INFO - Processing file /opt/airflow/dags/3_python_operator.py for tasks to queue
[2026-09-13T01:49:20.776+0000] {logging_mixin.py:149} INFO - [2026-09-13T01:49:20.775+0000] {dagbag.py:541} INFO - Filling up the DagBag from /opt/airflow/dags/3_python_operator.py
[2026-09-13T01:49:20.797+0000] {processor.py:809} INFO - DAG(s) dict_keys(['3-pythonoperator']) retrieved from /opt/airflow/dags/3_python_operator.py
[2026-09-13T01:49:20.865+0000] {logging_mixin.py:149} INFO - [2026-09-13T01:49:20.864+0000] {dag.py:2726} INFO - Sync 1 DAGs
[2026-09-13T01:49:20.911+0000] {logging_mixin.py:149} INFO - [2026-09-13T01:49:20.910+0000] {dag.py:3490} INFO - Setting next_dagrun for 3-pythonoperator to 2023-05-01T00:00:00+00:00, run_after=2023-05-01T00:00:00+00:00
[2026-09-13T01:49:20.949+0000] {processor.py:178} INFO - Processing /opt/airflow/dags/3_python_operator.py took 0.186 seconds
[2026-09-13T01:49:51.293+0000] {processor.py:156} INFO - Started process (PID=161825) to work on /opt/airflow/dags/3_python_operator.py
[2026-09-13T01:49:51.297+0000] {processor.py:799} INFO - Processing file /opt/airflow/dags/3_python_operator.py for tasks to queue
[2026-09-13T01:49:51.298+0000] {logging_mixin.py:149} INFO - [2026-09-13T01:49:51.298+0000] {dagbag.py:541} INFO - Filling up the DagBag from /opt/airflow/dags/3_python_operator.py
[2026-09-13T01:49:51.323+0000] {processor.py:809} INFO - DAG(s) dict_keys(['3-pythonoperator']) retrieved from /opt/airflow/dags/3_python_operator.py
[2026-09-13T01:49:51.411+0000] {logging_mixin.py:149} INFO - [2026-09-13T01:49:51.411+0000] {dag.py:2726} INFO - Sync 1 DAGs
[2026-09-13T01:49:51.483+0000] {logging_mixin.py:149} INFO - [2026-09-13T01:49:51.482+0000] {dag.py:3490} INFO - Setting next_dagrun for 3-pythonoperator to 2023-05-01T00:00:00+00:00, run_after=2023-05-01T00:00:00+00:00
[2026-09-13T01:49:51.524+0000] {processor.py:178} INFO - Processing /opt/airflow/dags/3_python_operator.py took 0.241 seconds
[2026-09-13T01:50:21.721+0000] {processor.py:156} INFO - Started process (PID=161839) to work on /opt/airflow/dags/3_python_operator.py
[2026-09-13T01:50:21.724+0000] {processor.py:799} INFO - Processing file /opt/airflow/dags/3_python_operator.py for tasks to queue
[2026-09-13T01:50:21.726+0000] {logging_mixin.py:149} INFO - [2026-09-13T01:50:21.726+0000] {dagbag.py:541} INFO - Filling up the DagBag from /opt/airflow/dags/3_python_operator.py
[2026-09-13T01:50:21.748+0000] {processor.py:809} INFO - DAG(s) dict_keys(['3-pythonoperator']) retrieved from /opt/airflow/dags/3_python_operator.py
[2026-09-13T01:50:21.816+0000] {logging_mixin.py:149} INFO - [2026-09-13T01:50:21.816+0000] {dag.py:2726} INFO - Sync 1 DAGs
[2026-09-13T01:50:21.865+0000] {logging_mixin.py:149} INFO - [2026-09-13T01:50:21.865+0000] {dag.py:3490} INFO - Setting next_dagrun for 3-pythonoperator to 2023-05-01T00:00:00+00:00, run_after=2023-05-01T00:00:00+00:00
[2026-09-13T01:50:21.904+0000] {processor.py:178} INFO - Processing /opt/airflow/dags/3_python_operator.py took 0.193 seconds
[2026-09-13T01:50:52.127+0000] {processor.py:156} INFO - Started process (PID=161853) to work on /opt/airflow/dags/3_python_operator.py
[2026-09-13T01:50:52.135+0000] {processor.py:799} INFO - Processing file /opt/airflow/dags/3_python_operator.py for tasks to queue
[2026-09-13T01:50:52.137+0000] {logging_mixin.py:149} INFO - [2026-09-13T01:50:52.137+0000] {dagbag.py:541} INFO - Filling up the DagBag from /opt/airflow/dags/3_python_operator.py
[2026-09-13T01:50:52.168+0000] {processor.py:809} INFO - DAG(s) dict_keys(['3-pythonoperator']) retrieved from /opt/airflow/dags/3_python_operator.py
[2026-09-13T01:50:52.230+0000] {logging_mixin.py:149} INFO - [2026-09-13T01:50:52.230+0000] {dag.py:2726} INFO - Sync 1 DAGs
[2026-09-13T01:50:52.297+0000] {logging_mixin.py:149} INFO - [2026-09-13T01:50:52.296+0000] {dag.py:3490} INFO - Setting next_dagrun for 3-pythonoperator to 2023-05-01T00:00:00+00:00, run_after=2023-05-01T00:00:00+00:00
[2026-09-13T01:50:52.356+0000] {processor.py:178} INFO - Processing /opt/airflow/dags/3_python_operator.py took 0.241 seconds
[2026-09-13T01:51:22.648+0000] {processor.py:156} INFO - Started process (PID=161867) to work on /opt/airflow/dags/3_python_operator.py
[2026-09-13T01:51:22.651+0000] {processor.py:799} INFO - Processing file /opt/airflow/dags/3_python_operator.py for tasks to queue
[2026-09-13T01:51:22.652+0000] {logging_mixin.py:149} INFO - [2026-09-13T01:51:22.652+0000] {dagbag.py:541} INFO - Filling up the DagBag from /opt/airflow/dags/3_python_operator.py
[2026-09-13T01:51:22.672+0000] {processor.py:809} INFO - DAG(s) dict_keys(['3-pythonoperator']) retrieved from /opt/airflow/dags/3_python_operator.py
[2026-09-13T01:51:22.736+0000] {logging_mixin.py:149} INFO - [2026-09-13T01:51:22.736+0000] {dag.py:2726} INFO - Sync 1 DAGs
[2026-09-13T01:51:22.775+0000] {logging_mixin.py:149} INFO - [2026-09-13T01:51:22.775+0000] {dag.py:3490} INFO - Setting next_dagrun for 3-pythonoperator to 2023-05-01T00:00:00+00:00, run_after=2023-05-01T00:00:00+00:00
[2026-09-13T01:51:22.820+0000] {processor.py:178} INFO - Processing /opt/airflow/dags/3_python_operator.py took 0.182 seconds
[2026-09-13T01:51:53.278+0000] {processor.py:156} INFO - Started process (PID=161881) to work on /opt/airflow/dags/3_python_operator.py
[2026-09-13T01:51:53.283+0000] {processor.py:799} INFO - Processing file /opt/airflow/dags/3_python_operator.py for tasks to queue
[2026-09-13T01:51:53.285+0000] {logging_mixin.py:149} INFO - [2026-09-13T01:51:53.285+0000] {dagbag.py:541} INFO - Filling up the DagBag from /opt/airflow/dags/3_python_operator.py
[2026-09-13T01:51:53.311+0000] {processor.py:809} INFO - DAG(s) dict_keys(['3-pythonoperator']) retrieved from /opt/airflow/dags/3_python_operator.py
[2026-09-13T01:51:53.408+0000] {logging_mixin.py:149} INFO - [2026-09-13T01:51:53.407+0000] {dag.py:2726} INFO - Sync 1 DAGs
[2026-09-13T01:51:53.467+0000] {logging_mixin.py:149} INFO - [2026-09-13T01:51:53.467+0000] {dag.py:3490} INFO - Setting next_dagrun for 3-pythonoperator to 2023-05-01T00:00:00+00:00, run_after=2023-05-01T00:00:00+00:00
[2026-09-13T01:51:53.509+0000] {processor.py:178} INFO - Processing /opt/airflow/dags/3_python_operator.py took 0.241 seconds
[2026-09-13T01:52:23.815+0000] {processor.py:156} INFO - Started process (PID=161894) to work on /opt/airflow/dags/3_python_operator.py
[2026-09-13T01:52:23.818+0000] {processor.py:799} INFO - Processing file /opt/airflow/dags/3_python_operator.py for tasks to queue
[2026-09-13T01:52:23.820+0000] {logging_mixin.py:149} INFO - [2026-09-13T01:52:23.820+0000] {dagbag.py:541} INFO - Filling up the DagBag from /opt/airflow/dags/3_python_operator.py
[2026-09-13T01:52:23.844+0000] {processor.py:809} INFO - DAG(s) dict_keys(['3-pythonoperator']) retrieved from /opt/airflow/dags/3_python_operator.py
[2026-09-13T01:52:23.927+0000] {logging_mixin.py:149} INFO - [2026-09-13T01:52:23.926+0000] {dag.py:2726} INFO - Sync 1 DAGs
[2026-09-13T01:52:24.002+0000] {logging_mixin.py:149} INFO - [2026-09-13T01:52:24.001+0000] {dag.py:3490} INFO - Setting next_dagrun for 3-pythonoperator to 2023-05-01T00:00:00+00:00, run_after=2023-05-01T00:00:00+00:00
[2026-09-13T01:52:24.100+0000] {processor.py:178} INFO - Processing /opt/airflow/dags/3_python_operator.py took 0.294 seconds
[2026-09-13T01:52:54.429+0000] {processor.py:156} INFO - Started process (PID=161908) to work on /opt/airflow/dags/3_python_operator.py
[2026-09-13T01:52:54.432+0000] {processor.py:799} INFO - Processing file /opt/airflow/dags/3_python_operator.py for tasks to queue
[2026-09-13T01:52:54.434+0000] {logging_mixin.py:149} INFO - [2026-09-13T01:52:54.433+0000] {dagbag.py:541} INFO - Filling up the DagBag from /opt/airflow/dags/3_python_operator.py
[2026-09-13T01:52:54.457+0000] {processor.py:809} INFO - DAG(s) dict_keys(['3-pythonoperator']) retrieved from /opt/airflow/dags/3_python_operator.py
[2026-09-13T01:52:54.544+0000] {logging_mixin.py:149} INFO - [2026-09-13T01:52:54.544+0000] {dag.py:2726} INFO - Sync 1 DAGs
[2026-09-13T01:52:54.611+0000] {logging_mixin.py:149} INFO - [2026-09-13T01:52:54.611+0000] {dag.py:3490} INFO - Setting next_dagrun for 3-pythonoperator to 2023-05-01T00:00:00+00:00, run_after=2023-05-01T00:00:00+00:00
[2026-09-13T01:52:54.673+0000] {processor.py:178} INFO - Processing /opt/airflow/dags/3_python_operator.py took 0.257 seconds
[2026-09-13T01:53:24.861+0000] {processor.py:156} INFO - Started process (PID=161922) to work on /opt/airflow/dags/3_python_operator.py
[2026-09-13T01:53:24.865+0000] {processor.py:799} INFO - Processing file /opt/airflow/dags/3_python_operator.py for tasks to queue
[2026-09-13T01:53:24.867+0000] {logging_mixin.py:149} INFO - [2026-09-13T01:53:24.866+0000] {dagbag.py:541} INFO - Filling up the DagBag from /opt/airflow/dags/3_python_operator.py
[2026-09-13T01:53:24.890+0000] {processor.py:809} INFO - DAG(s) dict_keys(['3-pythonoperator']) retrieved from /opt/airflow/dags/3_python_operator.py
[2026-09-13T01:53:24.969+0000] {logging_mixin.py:149} INFO - [2026-09-13T01:53:24.969+0000] {dag.py:2726} INFO - Sync 1 DAGs
[2026-09-13T01:53:25.045+0000] {logging_mixin.py:149} INFO - [2026-09-13T01:53:25.044+0000] {dag.py:3490} INFO - Setting next_dagrun for 3-pythonoperator to 2023-05-01T00:00:00+00:00, run_after=2023-05-01T00:00:00+00:00
[2026-09-13T01:53:25.105+0000] {processor.py:178} INFO - Processing /opt/airflow/dags/3_python_operator.py took 0.260 seconds
[2026-09-13T01:53:55.352+0000] {processor.py:156} INFO - Started process (PID=161937) to work on /opt/airflow/dags/3_python_operator.py
[2026-09-13T01:53:55.356+0000] {processor.py:799} INFO - Processing file /opt/airflow/dags/3_python_operator.py for tasks to queue
[2026-09-13T01:53:55.358+0000] {logging_mixin.py:149} INFO - [2026-09-13T01:53:55.357+0000] {dagbag.py:541} INFO - Filling up the DagBag from /opt/airflow/dags/3_python_operator.py
[2026-09-13T01:53:55.382+0000] {processor.py:809} INFO - DAG(s) dict_keys(['3-pythonoperator']) retrieved from /opt/airflow/dags/3_python_operator.py
[2026-09-13T01:53:55.463+0000] {logging_mixin.py:149} INFO - [2026-09-13T01:53:55.462+0000] {dag.py:2726} INFO - Sync 1 DAGs
[2026-09-13T01:53:55.537+0000] {logging_mixin.py:149} INFO - [2026-09-13T01:53:55.536+0000] {dag.py:3490} INFO - Setting next_dagrun for 3-pythonoperator to 2023-05-01T00:00:00+00:00, run_after=2023-05-01T00:00:00+00:00
[2026-09-13T01:53:55.598+0000] {processor.py:178} INFO - Processing /opt/airflow/dags/3_python_operator.py took 0.257 seconds
[2026-09-13T01:54:25.763+0000] {processor.py:156} INFO - Started process (PID=161951) to work on /opt/airflow/dags/3_python_operator.py
[2026-09-13T01:54:25.766+0000] {processor.py:799} INFO - Processing file /opt/airflow/dags/3_python_operator.py for tasks to queue
[2026-09-13T01:54:25.769+0000] {logging_mixin.py:149} INFO - [2026-09-13T01:54:25.768+0000] {dagbag.py:541} INFO - Filling up the DagBag from /opt/airflow/dags/3_python_operator.py
[2026-09-13T01:54:25.795+0000] {processor.py:809} INFO - DAG(s) dict_keys(['3-pythonoperator']) retrieved from /opt/airflow/dags/3_python_operator.py
[2026-09-13T01:54:25.868+0000] {logging_mixin.py:149} INFO - [2026-09-13T01:54:25.867+0000] {dag.py:2726} INFO - Sync 1 DAGs
[2026-09-13T01:54:25.931+0000] {logging_mixin.py:149} INFO - [2026-09-13T01:54:25.931+0000] {dag.py:3490} INFO - Setting next_dagrun for 3-pythonoperator to 2023-05-01T00:00:00+00:00, run_after=2023-05-01T00:00:00+00:00
[2026-09-13T01:54:25.979+0000] {processor.py:178} INFO - Processing /opt/airflow/dags/3_python_operator.py took 0.226 seconds
[2026-09-13T01:54:56.237+0000] {processor.py:156} INFO - Started process (PID=161965) to work on /opt/airflow/dags/3_python_operator.py
[2026-09-13T01:54:56.241+0000] {processor.py:799} INFO - Processing file /opt/airflow/dags/3_python_operator.py for tasks to queue
[2026-09-13T01:54:56.243+0000] {logging_mixin.py:149} INFO - [2026-09-13T01:54:56.243+0000] {dagbag.py:541} INFO - Filling up the DagBag from /opt/airflow/dags/3_python_operator.py
[2026-09-13T01:54:56.270+0000] {processor.py:809} INFO - DAG(s) dict_keys(['3-pythonoperator']) retrieved from /opt/airflow/dags/3_python_operator.py
[2026-09-13T01:54:56.354+0000] {logging_mixin.py:149} INFO - [2026-09-13T01:54:56.353+0000] {dag.py:2726} INFO - Sync 1 DAGs
[2026-09-13T01:54:56.431+0000] {logging_mixin.py:149} INFO - [2026-09-13T01:54:56.430+0000] {dag.py:3490} INFO - Setting next_dagrun for 3-pythonoperator to 2023-05-01T00:00:00+00:00, run_after=2023-05-01T00:00:00+00:00
[2026-09-13T01:54:56.493+0000] {processor.py:178} INFO - Processing /opt/airflow/dags/3_python_operator.py took 0.266 seconds
[2026-09-13T01:55:26.759+0000] {processor.py:156} INFO - Started process (PID=161979) to work on /opt/airflow/dags/3_python_operator.py
[2026-09-13T01:55:26.766+0000] {processor.py:799} INFO - Processing file /opt/airflow/dags/3_python_operator.py for tasks to queue
[2026-09-13T01:55:26.768+0000] {logging_mixin.py:149} INFO - [2026-09-13T01:55:26.768+0000] {dagbag.py:541} INFO - Filling up the DagBag from /opt/airflow/dags/3_python_operator.py
[2026-09-13T01:55:26.803+0000] {processor.py:809} INFO - DAG(s) dict_keys(['3-pythonoperator']) retrieved from /opt/airflow/dags/3_python_operator.py
[2026-09-13T01:55:26.891+0000] {logging_mixin.py:149} INFO - [2026-09-13T01:55:26.890+0000] {dag.py:2726} INFO - Sync 1 DAGs
[2026-09-13T01:55:26.956+0000] {logging_mixin.py:149} INFO - [2026-09-13T01:55:26.956+0000] {dag.py:3490} INFO - Setting next_dagrun for 3-pythonoperator to 2023-05-01T00:00:00+00:00, run_after=2023-05-01T00:00:00+00:00
[2026-09-13T01:55:27.020+0000] {processor.py:178} INFO - Processing /opt/airflow/dags/3_python_operator.py took 0.271 seconds
[2026-09-13T01:55:57.122+0000] {processor.py:156} INFO - Started process (PID=161994) to work on /opt/airflow/dags/3_python_operator.py
[2026-09-13T01:55:57.125+0000] {processor.py:799} INFO - Processing file /opt/airflow/dags/3_python_operator.py for tasks to queue
[2026-09-13T01:55:57.126+0000] {logging_mixin.py:149} INFO - [2026-09-13T01:55:57.126+0000] {dagbag.py:541} INFO - Filling up the DagBag from /opt/airflow/dags/3_python_operator.py
[2026-09-13T01:55:57.150+0000] {processor.py:809} INFO - DAG(s) dict_keys(['3-pythonoperator']) retrieved from /opt/airflow/dags/3_python_operator.py
[2026-09-13T01:55:57.198+0000] {logging_mixin.py:149} INFO - [2026-09-13T01:55:57.198+0000] {dag.py:2726} INFO - Sync 1 DAGs
[2026-09-13T01:55:57.233+0000] {logging_mixin.py:149} INFO - [2026-09-13T01:55:57.233+0000] {dag.py:3490} INFO - Setting next_dagrun for 3-pythonoperator to 2023-05-01T00:00:00+00:00, run_after=2023-05-01T00:00:00+00:00
[2026-09-13T01:55:57.257+0000] {processor.py:178} INFO - Processing /opt/airflow/dags/3_python_operator.py took 0.149 seconds
[2026-09-13T01:56:27.481+0000] {processor.py:156} INFO - Started process (PID=162008) to work on /opt/airflow/dags/3_python_operator.py
[2026-09-13T01:56:27.488+0000] {processor.py:799} INFO - Processing file /opt/airflow/dags/3_python_operator.py for tasks to queue
[2026-09-13T01:56:27.490+0000] {logging_mixin.py:149} INFO - [2026-09-13T01:56:27.490+0000] {dagbag.py:541} INFO - Filling up the DagBag from /opt/airflow/dags/3_python_operator.py
[2026-09-13T01:56:27.512+0000] {processor.py:809} INFO - DAG(s) dict_keys(['3-pythonoperator']) retrieved from /opt/airflow/dags/3_python_operator.py
[2026-09-13T01:56:27.596+0000] {logging_mixin.py:149} INFO - [2026-09-13T01:56:27.596+0000] {dag.py:2726} INFO - Sync 1 DAGs
[2026-09-13T01:56:27.673+0000] {logging_mixin.py:149} INFO - [2026-09-13T01:56:27.672+0000] {dag.py:3490} INFO - Setting next_dagrun for 3-pythonoperator to 2023-05-01T00:00:00+00:00, run_after=2023-05-01T00:00:00+00:00
[2026-09-13T01:56:27.718+0000] {processor.py:178} INFO - Processing /opt/airflow/dags/3_python_operator.py took 0.244 seconds
[2026-09-13T01:56:57.980+0000] {processor.py:156} INFO - Started process (PID=162022) to work on /opt/airflow/dags/3_python_operator.py
[2026-09-13T01:56:57.983+0000] {processor.py:799} INFO - Processing file /opt/airflow/dags/3_python_operator.py for tasks to queue
[2026-09-13T01:56:57.985+0000] {logging_mixin.py:149} INFO - [2026-09-13T01:56:57.985+0000] {dagbag.py:541} INFO - Filling up the DagBag from /opt/airflow/dags/3_python_operator.py
[2026-09-13T01:56:58.011+0000] {processor.py:809} INFO - DAG(s) dict_keys(['3-pythonoperator']) retrieved from /opt/airflow/dags/3_python_operator.py
[2026-09-13T01:56:58.102+0000] {logging_mixin.py:149} INFO - [2026-09-13T01:56:58.102+0000] {dag.py:2726} INFO - Sync 1 DAGs
[2026-09-13T01:56:58.173+0000] {logging_mixin.py:149} INFO - [2026-09-13T01:56:58.172+0000] {dag.py:3490} INFO - Setting next_dagrun for 3-pythonoperator to 2023-05-01T00:00:00+00:00, run_after=2023-05-01T00:00:00+00:00
[2026-09-13T01:56:58.239+0000] {processor.py:178} INFO - Processing /opt/airflow/dags/3_python_operator.py took 0.270 seconds
[2026-09-13T01:57:28.363+0000] {processor.py:156} INFO - Started process (PID=162036) to work on /opt/airflow/dags/3_python_operator.py
[2026-09-13T01:57:28.366+0000] {processor.py:799} INFO - Processing file /opt/airflow/dags/3_python_operator.py for tasks to queue
[2026-09-13T01:57:28.368+0000] {logging_mixin.py:149} INFO - [2026-09-13T01:57:28.368+0000] {dagbag.py:541} INFO - Filling up the DagBag from /opt/airflow/dags/3_python_operator.py
[2026-09-13T01:57:28.393+0000] {processor.py:809} INFO - DAG(s) dict_keys(['3-pythonoperator']) retrieved from /opt/airflow/dags/3_python_operator.py
[2026-09-13T01:57:28.476+0000] {logging_mixin.py:149} INFO - [2026-09-13T01:57:28.476+0000] {dag.py:2726} INFO - Sync 1 DAGs
[2026-09-13T01:57:28.523+0000] {logging_mixin.py:149} INFO - [2026-09-13T01:57:28.522+0000] {dag.py:3490} INFO - Setting next_dagrun for 3-pythonoperator to 2023-05-01T00:00:00+00:00, run_after=2023-05-01T00:00:00+00:00
[2026-09-13T01:57:28.569+0000] {processor.py:178} INFO - Processing /opt/airflow/dags/3_python_operator.py took 0.216 seconds
[2026-09-13T01:57:58.820+0000] {processor.py:156} INFO - Started process (PID=162050) to work on /opt/airflow/dags/3_python_operator.py
[2026-09-13T01:57:58.824+0000] {processor.py:799} INFO - Processing file /opt/airflow/dags/3_python_operator.py for tasks to queue
[2026-09-13T01:57:58.826+0000] {logging_mixin.py:149} INFO - [2026-09-13T01:57:58.825+0000] {dagbag.py:541} INFO - Filling up the DagBag from /opt/airflow/dags/3_python_operator.py
[2026-09-13T01:57:58.855+0000] {processor.py:809} INFO - DAG(s) dict_keys(['3-pythonoperator']) retrieved from /opt/airflow/dags/3_python_operator.py
[2026-09-13T01:57:58.923+0000] {logging_mixin.py:149} INFO - [2026-09-13T01:57:58.923+0000] {dag.py:2726} INFO - Sync 1 DAGs
[2026-09-13T01:57:58.990+0000] {logging_mixin.py:149} INFO - [2026-09-13T01:57:58.990+0000] {dag.py:3490} INFO - Setting next_dagrun for 3-pythonoperator to 2023-05-01T00:00:00+00:00, run_after=2023-05-01T00:00:00+00:00
[2026-09-13T01:57:59.029+0000] {processor.py:178} INFO - Processing /opt/airflow/dags/3_python_operator.py took 0.220 seconds
[2026-09-13T01:58:29.313+0000] {processor.py:156} INFO - Started process (PID=162064) to work on /opt/airflow/dags/3_python_operator.py
[2026-09-13T01:58:29.319+0000] {processor.py:799} INFO - Processing file /opt/airflow/dags/3_python_operator.py for tasks to queue
[2026-09-13T01:58:29.320+0000] {logging_mixin.py:149} INFO - [2026-09-13T01:58:29.320+0000] {dagbag.py:541} INFO - Filling up the DagBag from /opt/airflow/dags/3_python_operator.py
[2026-09-13T01:58:29.346+0000] {processor.py:809} INFO - DAG(s) dict_keys(['3-pythonoperator']) retrieved from /opt/airflow/dags/3_python_operator.py
[2026-09-13T01:58:29.399+0000] {logging_mixin.py:149} INFO - [2026-09-13T01:58:29.399+0000] {dag.py:2726} INFO - Sync 1 DAGs
[2026-09-13T01:58:29.436+0000] {logging_mixin.py:149} INFO - [2026-09-13T01:58:29.435+0000] {dag.py:3490} INFO - Setting next_dagrun for 3-pythonoperator to 2023-05-01T00:00:00+00:00, run_after=2023-05-01T00:00:00+00:00
[2026-09-13T01:58:29.465+0000] {processor.py:178} INFO - Processing /opt/airflow/dags/3_python_operator.py took 0.163 seconds
[2026-09-13T01:58:59.734+0000] {processor.py:156} INFO - Started process (PID=162078) to work on /opt/airflow/dags/3_python_operator.py
[2026-09-13T01:58:59.740+0000] {processor.py:799} INFO - Processing file /opt/airflow/dags/3_python_operator.py for tasks to queue
[2026-09-13T01:58:59.743+0000] {logging_mixin.py:149} INFO - [2026-09-13T01:58:59.742+0000] {dagbag.py:541} INFO - Filling up the DagBag from /opt/airflow/dags/3_python_operator.py
[2026-09-13T01:58:59.774+0000] {processor.py:809} INFO - DAG(s) dict_keys(['3-pythonoperator']) retrieved from /opt/airflow/dags/3_python_operator.py
[2026-09-13T01:58:59.877+0000] {logging_mixin.py:149} INFO - [2026-09-13T01:58:59.876+0000] {dag.py:2726} INFO - Sync 1 DAGs
[2026-09-13T01:58:59.939+0000] {logging_mixin.py:149} INFO - [2026-09-13T01:58:59.938+0000] {dag.py:3490} INFO - Setting next_dagrun for 3-pythonoperator to 2023-05-01T00:00:00+00:00, run_after=2023-05-01T00:00:00+00:00
[2026-09-13T01:59:00.002+0000] {processor.py:178} INFO - Processing /opt/airflow/dags/3_python_operator.py took 0.279 seconds
[2026-09-13T01:59:30.169+0000] {processor.py:156} INFO - Started process (PID=162092) to work on /opt/airflow/dags/3_python_operator.py
[2026-09-13T01:59:30.172+0000] {processor.py:799} INFO - Processing file /opt/airflow/dags/3_python_operator.py for tasks to queue
[2026-09-13T01:59:30.174+0000] {logging_mixin.py:149} INFO - [2026-09-13T01:59:30.174+0000] {dagbag.py:541} INFO - Filling up the DagBag from /opt/airflow/dags/3_python_operator.py
[2026-09-13T01:59:30.207+0000] {processor.py:809} INFO - DAG(s) dict_keys(['3-pythonoperator']) retrieved from /opt/airflow/dags/3_python_operator.py
[2026-09-13T01:59:30.264+0000] {logging_mixin.py:149} INFO - [2026-09-13T01:59:30.264+0000] {dag.py:2726} INFO - Sync 1 DAGs
[2026-09-13T01:59:30.304+0000] {logging_mixin.py:149} INFO - [2026-09-13T01:59:30.304+0000] {dag.py:3490} INFO - Setting next_dagrun for 3-pythonoperator to 2023-05-01T00:00:00+00:00, run_after=2023-05-01T00:00:00+00:00
[2026-09-13T01:59:30.329+0000] {processor.py:178} INFO - Processing /opt/airflow/dags/3_python_operator.py took 0.176 seconds
[2026-09-13T02:00:00.426+0000] {processor.py:156} INFO - Started process (PID=162105) to work on /opt/airflow/dags/3_python_operator.py
[2026-09-13T02:00:00.429+0000] {processor.py:799} INFO - Processing file /opt/airflow/dags/3_python_operator.py for tasks to queue
[2026-09-13T02:00:00.431+0000] {logging_mixin.py:149} INFO - [2026-09-13T02:00:00.430+0000] {dagbag.py:541} INFO - Filling up the DagBag from /opt/airflow/dags/3_python_operator.py
[2026-09-13T02:00:00.457+0000] {processor.py:809} INFO - DAG(s) dict_keys(['3-pythonoperator']) retrieved from /opt/airflow/dags/3_python_operator.py
[2026-09-13T02:00:00.547+0000] {logging_mixin.py:149} INFO - [2026-09-13T02:00:00.546+0000] {dag.py:2726} INFO - Sync 1 DAGs
[2026-09-13T02:00:00.621+0000] {logging_mixin.py:149} INFO - [2026-09-13T02:00:00.621+0000] {dag.py:3490} INFO - Setting next_dagrun for 3-pythonoperator to 2023-05-01T00:00:00+00:00, run_after=2023-05-01T00:00:00+00:00
[2026-09-13T02:00:00.696+0000] {processor.py:178} INFO - Processing /opt/airflow/dags/3_python_operator.py took 0.282 seconds
[2026-09-13T02:00:30.961+0000] {processor.py:156} INFO - Started process (PID=162126) to work on /opt/airflow/dags/3_python_operator.py
[2026-09-13T02:00:30.966+0000] {processor.py:799} INFO - Processing file /opt/airflow/dags/3_python_operator.py for tasks to queue
[2026-09-13T02:00:30.968+0000] {logging_mixin.py:149} INFO - [2026-09-13T02:00:30.968+0000] {dagbag.py:541} INFO - Filling up the DagBag from /opt/airflow/dags/3_python_operator.py
[2026-09-13T02:00:30.992+0000] {processor.py:809} INFO - DAG(s) dict_keys(['3-pythonoperator']) retrieved from /opt/airflow/dags/3_python_operator.py
[2026-09-13T02:00:31.077+0000] {logging_mixin.py:149} INFO - [2026-09-13T02:00:31.077+0000] {dag.py:2726} INFO - Sync 1 DAGs
[2026-09-13T02:00:31.145+0000] {logging_mixin.py:149} INFO - [2026-09-13T02:00:31.145+0000] {dag.py:3490} INFO - Setting next_dagrun for 3-pythonoperator to 2023-05-01T00:00:00+00:00, run_after=2023-05-01T00:00:00+00:00
[2026-09-13T02:00:31.207+0000] {processor.py:178} INFO - Processing /opt/airflow/dags/3_python_operator.py took 0.255 seconds
[2026-09-13T02:01:01.450+0000] {processor.py:156} INFO - Started process (PID=162140) to work on /opt/airflow/dags/3_python_operator.py
[2026-09-13T02:01:01.454+0000] {processor.py:799} INFO - Processing file /opt/airflow/dags/3_python_operator.py for tasks to queue
[2026-09-13T02:01:01.456+0000] {logging_mixin.py:149} INFO - [2026-09-13T02:01:01.455+0000] {dagbag.py:541} INFO - Filling up the DagBag from /opt/airflow/dags/3_python_operator.py
[2026-09-13T02:01:01.485+0000] {processor.py:809} INFO - DAG(s) dict_keys(['3-pythonoperator']) retrieved from /opt/airflow/dags/3_python_operator.py
[2026-09-13T02:01:01.576+0000] {logging_mixin.py:149} INFO - [2026-09-13T02:01:01.576+0000] {dag.py:2726} INFO - Sync 1 DAGs
[2026-09-13T02:01:01.646+0000] {logging_mixin.py:149} INFO - [2026-09-13T02:01:01.645+0000] {dag.py:3490} INFO - Setting next_dagrun for 3-pythonoperator to 2023-05-01T00:00:00+00:00, run_after=2023-05-01T00:00:00+00:00
[2026-09-13T02:01:01.736+0000] {processor.py:178} INFO - Processing /opt/airflow/dags/3_python_operator.py took 0.298 seconds
[2026-09-13T02:01:31.946+0000] {processor.py:156} INFO - Started process (PID=162154) to work on /opt/airflow/dags/3_python_operator.py
[2026-09-13T02:01:31.949+0000] {processor.py:799} INFO - Processing file /opt/airflow/dags/3_python_operator.py for tasks to queue
[2026-09-13T02:01:31.951+0000] {logging_mixin.py:149} INFO - [2026-09-13T02:01:31.951+0000] {dagbag.py:541} INFO - Filling up the DagBag from /opt/airflow/dags/3_python_operator.py
[2026-09-13T02:01:31.977+0000] {processor.py:809} INFO - DAG(s) dict_keys(['3-pythonoperator']) retrieved from /opt/airflow/dags/3_python_operator.py
[2026-09-13T02:01:32.058+0000] {logging_mixin.py:149} INFO - [2026-09-13T02:01:32.057+0000] {dag.py:2726} INFO - Sync 1 DAGs
[2026-09-13T02:01:32.102+0000] {logging_mixin.py:149} INFO - [2026-09-13T02:01:32.101+0000] {dag.py:3490} INFO - Setting next_dagrun for 3-pythonoperator to 2023-05-01T00:00:00+00:00, run_after=2023-05-01T00:00:00+00:00
[2026-09-13T02:01:32.135+0000] {processor.py:178} INFO - Processing /opt/airflow/dags/3_python_operator.py took 0.199 seconds
[2026-09-13T02:02:02.432+0000] {processor.py:156} INFO - Started process (PID=162168) to work on /opt/airflow/dags/3_python_operator.py
[2026-09-13T02:02:02.435+0000] {processor.py:799} INFO - Processing file /opt/airflow/dags/3_python_operator.py for tasks to queue
[2026-09-13T02:02:02.437+0000] {logging_mixin.py:149} INFO - [2026-09-13T02:02:02.437+0000] {dagbag.py:541} INFO - Filling up the DagBag from /opt/airflow/dags/3_python_operator.py
[2026-09-13T02:02:02.466+0000] {processor.py:809} INFO - DAG(s) dict_keys(['3-pythonoperator']) retrieved from /opt/airflow/dags/3_python_operator.py
[2026-09-13T02:02:02.548+0000] {logging_mixin.py:149} INFO - [2026-09-13T02:02:02.548+0000] {dag.py:2726} INFO - Sync 1 DAGs
[2026-09-13T02:02:02.604+0000] {logging_mixin.py:149} INFO - [2026-09-13T02:02:02.604+0000] {dag.py:3490} INFO - Setting next_dagrun for 3-pythonoperator to 2023-05-01T00:00:00+00:00, run_after=2023-05-01T00:00:00+00:00
[2026-09-13T02:02:02.658+0000] {processor.py:178} INFO - Processing /opt/airflow/dags/3_python_operator.py took 0.238 seconds
[2026-09-13T02:02:32.978+0000] {processor.py:156} INFO - Started process (PID=162182) to work on /opt/airflow/dags/3_python_operator.py
[2026-09-13T02:02:32.983+0000] {processor.py:799} INFO - Processing file /opt/airflow/dags/3_python_operator.py for tasks to queue
[2026-09-13T02:02:32.986+0000] {logging_mixin.py:149} INFO - [2026-09-13T02:02:32.985+0000] {dagbag.py:541} INFO - Filling up the DagBag from /opt/airflow/dags/3_python_operator.py
[2026-09-13T02:02:33.011+0000] {processor.py:809} INFO - DAG(s) dict_keys(['3-pythonoperator']) retrieved from /opt/airflow/dags/3_python_operator.py
[2026-09-13T02:02:33.099+0000] {logging_mixin.py:149} INFO - [2026-09-13T02:02:33.099+0000] {dag.py:2726} INFO - Sync 1 DAGs
[2026-09-13T02:02:33.166+0000] {logging_mixin.py:149} INFO - [2026-09-13T02:02:33.165+0000] {dag.py:3490} INFO - Setting next_dagrun for 3-pythonoperator to 2023-05-01T00:00:00+00:00, run_after=2023-05-01T00:00:00+00:00
[2026-09-13T02:02:33.230+0000] {processor.py:178} INFO - Processing /opt/airflow/dags/3_python_operator.py took 0.263 seconds
[2026-09-13T02:03:03.477+0000] {processor.py:156} INFO - Started process (PID=162196) to work on /opt/airflow/dags/3_python_operator.py
[2026-09-13T02:03:03.482+0000] {processor.py:799} INFO - Processing file /opt/airflow/dags/3_python_operator.py for tasks to queue
[2026-09-13T02:03:03.484+0000] {logging_mixin.py:149} INFO - [2026-09-13T02:03:03.484+0000] {dagbag.py:541} INFO - Filling up the DagBag from /opt/airflow/dags/3_python_operator.py
[2026-09-13T02:03:03.509+0000] {processor.py:809} INFO - DAG(s) dict_keys(['3-pythonoperator']) retrieved from /opt/airflow/dags/3_python_operator.py
[2026-09-13T02:03:03.598+0000] {logging_mixin.py:149} INFO - [2026-09-13T02:03:03.597+0000] {dag.py:2726} INFO - Sync 1 DAGs
[2026-09-13T02:03:03.661+0000] {logging_mixin.py:149} INFO - [2026-09-13T02:03:03.661+0000] {dag.py:3490} INFO - Setting next_dagrun for 3-pythonoperator to 2023-05-01T00:00:00+00:00, run_after=2023-05-01T00:00:00+00:00
[2026-09-13T02:03:03.718+0000] {processor.py:178} INFO - Processing /opt/airflow/dags/3_python_operator.py took 0.251 seconds
[2026-09-13T02:03:33.928+0000] {processor.py:156} INFO - Started process (PID=162210) to work on /opt/airflow/dags/3_python_operator.py
[2026-09-13T02:03:33.930+0000] {processor.py:799} INFO - Processing file /opt/airflow/dags/3_python_operator.py for tasks to queue
[2026-09-13T02:03:33.932+0000] {logging_mixin.py:149} INFO - [2026-09-13T02:03:33.931+0000] {dagbag.py:541} INFO - Filling up the DagBag from /opt/airflow/dags/3_python_operator.py
[2026-09-13T02:03:33.949+0000] {processor.py:809} INFO - DAG(s) dict_keys(['3-pythonoperator']) retrieved from /opt/airflow/dags/3_python_operator.py
[2026-09-13T02:03:34.026+0000] {logging_mixin.py:149} INFO - [2026-09-13T02:03:34.025+0000] {dag.py:2726} INFO - Sync 1 DAGs
[2026-09-13T02:03:34.092+0000] {logging_mixin.py:149} INFO - [2026-09-13T02:03:34.091+0000] {dag.py:3490} INFO - Setting next_dagrun for 3-pythonoperator to 2023-05-01T00:00:00+00:00, run_after=2023-05-01T00:00:00+00:00
[2026-09-13T02:03:34.168+0000] {processor.py:178} INFO - Processing /opt/airflow/dags/3_python_operator.py took 0.249 seconds
[2026-09-13T02:04:04.343+0000] {processor.py:156} INFO - Started process (PID=162224) to work on /opt/airflow/dags/3_python_operator.py
[2026-09-13T02:04:04.346+0000] {processor.py:799} INFO - Processing file /opt/airflow/dags/3_python_operator.py for tasks to queue
[2026-09-13T02:04:04.348+0000] {logging_mixin.py:149} INFO - [2026-09-13T02:04:04.348+0000] {dagbag.py:541} INFO - Filling up the DagBag from /opt/airflow/dags/3_python_operator.py
[2026-09-13T02:04:04.373+0000] {processor.py:809} INFO - DAG(s) dict_keys(['3-pythonoperator']) retrieved from /opt/airflow/dags/3_python_operator.py
[2026-09-13T02:04:04.472+0000] {logging_mixin.py:149} INFO - [2026-09-13T02:04:04.472+0000] {dag.py:2726} INFO - Sync 1 DAGs
[2026-09-13T02:04:04.547+0000] {logging_mixin.py:149} INFO - [2026-09-13T02:04:04.547+0000] {dag.py:3490} INFO - Setting next_dagrun for 3-pythonoperator to 2023-05-01T00:00:00+00:00, run_after=2023-05-01T00:00:00+00:00
[2026-09-13T02:04:04.619+0000] {processor.py:178} INFO - Processing /opt/airflow/dags/3_python_operator.py took 0.288 seconds
[2026-09-13T02:04:34.889+0000] {processor.py:156} INFO - Started process (PID=162238) to work on /opt/airflow/dags/3_python_operator.py
[2026-09-13T02:04:34.892+0000] {processor.py:799} INFO - Processing file /opt/airflow/dags/3_python_operator.py for tasks to queue
[2026-09-13T02:04:34.894+0000] {logging_mixin.py:149} INFO - [2026-09-13T02:04:34.894+0000] {dagbag.py:541} INFO - Filling up the DagBag from /opt/airflow/dags/3_python_operator.py
[2026-09-13T02:04:34.919+0000] {processor.py:809} INFO - DAG(s) dict_keys(['3-pythonoperator']) retrieved from /opt/airflow/dags/3_python_operator.py
[2026-09-13T02:04:35.008+0000] {logging_mixin.py:149} INFO - [2026-09-13T02:04:35.007+0000] {dag.py:2726} INFO - Sync 1 DAGs
[2026-09-13T02:04:35.079+0000] {logging_mixin.py:149} INFO - [2026-09-13T02:04:35.078+0000] {dag.py:3490} INFO - Setting next_dagrun for 3-pythonoperator to 2023-05-01T00:00:00+00:00, run_after=2023-05-01T00:00:00+00:00
[2026-09-13T02:04:35.133+0000] {processor.py:178} INFO - Processing /opt/airflow/dags/3_python_operator.py took 0.253 seconds
[2026-09-13T02:05:05.309+0000] {processor.py:156} INFO - Started process (PID=162252) to work on /opt/airflow/dags/3_python_operator.py
[2026-09-13T02:05:05.311+0000] {processor.py:799} INFO - Processing file /opt/airflow/dags/3_python_operator.py for tasks to queue
[2026-09-13T02:05:05.312+0000] {logging_mixin.py:149} INFO - [2026-09-13T02:05:05.312+0000] {dagbag.py:541} INFO - Filling up the DagBag from /opt/airflow/dags/3_python_operator.py
[2026-09-13T02:05:05.325+0000] {processor.py:809} INFO - DAG(s) dict_keys(['3-pythonoperator']) retrieved from /opt/airflow/dags/3_python_operator.py
[2026-09-13T02:05:05.407+0000] {logging_mixin.py:149} INFO - [2026-09-13T02:05:05.406+0000] {dag.py:2726} INFO - Sync 1 DAGs
[2026-09-13T02:05:05.474+0000] {logging_mixin.py:149} INFO - [2026-09-13T02:05:05.473+0000] {dag.py:3490} INFO - Setting next_dagrun for 3-pythonoperator to 2023-05-01T00:00:00+00:00, run_after=2023-05-01T00:00:00+00:00
[2026-09-13T02:05:05.532+0000] {processor.py:178} INFO - Processing /opt/airflow/dags/3_python_operator.py took 0.228 seconds
[2026-09-13T02:05:35.641+0000] {processor.py:156} INFO - Started process (PID=162266) to work on /opt/airflow/dags/3_python_operator.py
[2026-09-13T02:05:35.646+0000] {processor.py:799} INFO - Processing file /opt/airflow/dags/3_python_operator.py for tasks to queue
[2026-09-13T02:05:35.648+0000] {logging_mixin.py:149} INFO - [2026-09-13T02:05:35.648+0000] {dagbag.py:541} INFO - Filling up the DagBag from /opt/airflow/dags/3_python_operator.py
[2026-09-13T02:05:35.671+0000] {processor.py:809} INFO - DAG(s) dict_keys(['3-pythonoperator']) retrieved from /opt/airflow/dags/3_python_operator.py
[2026-09-13T02:05:35.768+0000] {logging_mixin.py:149} INFO - [2026-09-13T02:05:35.767+0000] {dag.py:2726} INFO - Sync 1 DAGs
[2026-09-13T02:05:35.822+0000] {logging_mixin.py:149} INFO - [2026-09-13T02:05:35.821+0000] {dag.py:3490} INFO - Setting next_dagrun for 3-pythonoperator to 2023-05-01T00:00:00+00:00, run_after=2023-05-01T00:00:00+00:00
[2026-09-13T02:05:35.911+0000] {processor.py:178} INFO - Processing /opt/airflow/dags/3_python_operator.py took 0.281 seconds
[2026-09-13T02:06:06.189+0000] {processor.py:156} INFO - Started process (PID=162280) to work on /opt/airflow/dags/3_python_operator.py
[2026-09-13T02:06:06.192+0000] {processor.py:799} INFO - Processing file /opt/airflow/dags/3_python_operator.py for tasks to queue
[2026-09-13T02:06:06.194+0000] {logging_mixin.py:149} INFO - [2026-09-13T02:06:06.194+0000] {dagbag.py:541} INFO - Filling up the DagBag from /opt/airflow/dags/3_python_operator.py
[2026-09-13T02:06:06.218+0000] {processor.py:809} INFO - DAG(s) dict_keys(['3-pythonoperator']) retrieved from /opt/airflow/dags/3_python_operator.py
[2026-09-13T02:06:06.305+0000] {logging_mixin.py:149} INFO - [2026-09-13T02:06:06.304+0000] {dag.py:2726} INFO - Sync 1 DAGs
[2026-09-13T02:06:06.389+0000] {logging_mixin.py:149} INFO - [2026-09-13T02:06:06.389+0000] {dag.py:3490} INFO - Setting next_dagrun for 3-pythonoperator to 2023-05-01T00:00:00+00:00, run_after=2023-05-01T00:00:00+00:00
[2026-09-13T02:06:06.457+0000] {processor.py:178} INFO - Processing /opt/airflow/dags/3_python_operator.py took 0.279 seconds
[2026-09-13T02:06:36.663+0000] {processor.py:156} INFO - Started process (PID=162295) to work on /opt/airflow/dags/3_python_operator.py
[2026-09-13T02:06:36.667+0000] {processor.py:799} INFO - Processing file /opt/airflow/dags/3_python_operator.py for tasks to queue
[2026-09-13T02:06:36.669+0000] {logging_mixin.py:149} INFO - [2026-09-13T02:06:36.669+0000] {dagbag.py:541} INFO - Filling up the DagBag from /opt/airflow/dags/3_python_operator.py
[2026-09-13T02:06:36.695+0000] {processor.py:809} INFO - DAG(s) dict_keys(['3-pythonoperator']) retrieved from /opt/airflow/dags/3_python_operator.py
[2026-09-13T02:06:36.790+0000] {logging_mixin.py:149} INFO - [2026-09-13T02:06:36.789+0000] {dag.py:2726} INFO - Sync 1 DAGs
[2026-09-13T02:06:36.878+0000] {logging_mixin.py:149} INFO - [2026-09-13T02:06:36.877+0000] {dag.py:3490} INFO - Setting next_dagrun for 3-pythonoperator to 2023-05-01T00:00:00+00:00, run_after=2023-05-01T00:00:00+00:00
[2026-09-13T02:06:36.950+0000] {processor.py:178} INFO - Processing /opt/airflow/dags/3_python_operator.py took 0.299 seconds
[2026-09-13T02:07:07.152+0000] {processor.py:156} INFO - Started process (PID=162309) to work on /opt/airflow/dags/3_python_operator.py
[2026-09-13T02:07:07.155+0000] {processor.py:799} INFO - Processing file /opt/airflow/dags/3_python_operator.py for tasks to queue
[2026-09-13T02:07:07.157+0000] {logging_mixin.py:149} INFO - [2026-09-13T02:07:07.157+0000] {dagbag.py:541} INFO - Filling up the DagBag from /opt/airflow/dags/3_python_operator.py
[2026-09-13T02:07:07.183+0000] {processor.py:809} INFO - DAG(s) dict_keys(['3-pythonoperator']) retrieved from /opt/airflow/dags/3_python_operator.py
[2026-09-13T02:07:07.275+0000] {logging_mixin.py:149} INFO - [2026-09-13T02:07:07.274+0000] {dag.py:2726} INFO - Sync 1 DAGs
[2026-09-13T02:07:07.350+0000] {logging_mixin.py:149} INFO - [2026-09-13T02:07:07.349+0000] {dag.py:3490} INFO - Setting next_dagrun for 3-pythonoperator to 2023-05-01T00:00:00+00:00, run_after=2023-05-01T00:00:00+00:00
[2026-09-13T02:07:07.435+0000] {processor.py:178} INFO - Processing /opt/airflow/dags/3_python_operator.py took 0.295 seconds
[2026-09-13T02:07:37.701+0000] {processor.py:156} INFO - Started process (PID=162323) to work on /opt/airflow/dags/3_python_operator.py
[2026-09-13T02:07:37.707+0000] {processor.py:799} INFO - Processing file /opt/airflow/dags/3_python_operator.py for tasks to queue
[2026-09-13T02:07:37.709+0000] {logging_mixin.py:149} INFO - [2026-09-13T02:07:37.708+0000] {dagbag.py:541} INFO - Filling up the DagBag from /opt/airflow/dags/3_python_operator.py
[2026-09-13T02:07:37.736+0000] {processor.py:809} INFO - DAG(s) dict_keys(['3-pythonoperator']) retrieved from /opt/airflow/dags/3_python_operator.py
[2026-09-13T02:07:37.832+0000] {logging_mixin.py:149} INFO - [2026-09-13T02:07:37.832+0000] {dag.py:2726} INFO - Sync 1 DAGs
[2026-09-13T02:07:37.919+0000] {logging_mixin.py:149} INFO - [2026-09-13T02:07:37.918+0000] {dag.py:3490} INFO - Setting next_dagrun for 3-pythonoperator to 2023-05-01T00:00:00+00:00, run_after=2023-05-01T00:00:00+00:00
[2026-09-13T02:07:38.005+0000] {processor.py:178} INFO - Processing /opt/airflow/dags/3_python_operator.py took 0.313 seconds
[2026-09-13T02:08:08.262+0000] {processor.py:156} INFO - Started process (PID=162337) to work on /opt/airflow/dags/3_python_operator.py
[2026-09-13T02:08:08.265+0000] {processor.py:799} INFO - Processing file /opt/airflow/dags/3_python_operator.py for tasks to queue
[2026-09-13T02:08:08.267+0000] {logging_mixin.py:149} INFO - [2026-09-13T02:08:08.266+0000] {dagbag.py:541} INFO - Filling up the DagBag from /opt/airflow/dags/3_python_operator.py
[2026-09-13T02:08:08.299+0000] {processor.py:809} INFO - DAG(s) dict_keys(['3-pythonoperator']) retrieved from /opt/airflow/dags/3_python_operator.py
[2026-09-13T02:08:08.388+0000] {logging_mixin.py:149} INFO - [2026-09-13T02:08:08.388+0000] {dag.py:2726} INFO - Sync 1 DAGs
[2026-09-13T02:08:08.457+0000] {logging_mixin.py:149} INFO - [2026-09-13T02:08:08.456+0000] {dag.py:3490} INFO - Setting next_dagrun for 3-pythonoperator to 2023-05-01T00:00:00+00:00, run_after=2023-05-01T00:00:00+00:00
[2026-09-13T02:08:08.515+0000] {processor.py:178} INFO - Processing /opt/airflow/dags/3_python_operator.py took 0.264 seconds
[2026-09-13T02:08:38.619+0000] {processor.py:156} INFO - Started process (PID=162351) to work on /opt/airflow/dags/3_python_operator.py
[2026-09-13T02:08:38.623+0000] {processor.py:799} INFO - Processing file /opt/airflow/dags/3_python_operator.py for tasks to queue
[2026-09-13T02:08:38.625+0000] {logging_mixin.py:149} INFO - [2026-09-13T02:08:38.624+0000] {dagbag.py:541} INFO - Filling up the DagBag from /opt/airflow/dags/3_python_operator.py
[2026-09-13T02:08:38.647+0000] {processor.py:809} INFO - DAG(s) dict_keys(['3-pythonoperator']) retrieved from /opt/airflow/dags/3_python_operator.py
[2026-09-13T02:08:38.735+0000] {logging_mixin.py:149} INFO - [2026-09-13T02:08:38.734+0000] {dag.py:2726} INFO - Sync 1 DAGs
[2026-09-13T02:08:38.814+0000] {logging_mixin.py:149} INFO - [2026-09-13T02:08:38.814+0000] {dag.py:3490} INFO - Setting next_dagrun for 3-pythonoperator to 2023-05-01T00:00:00+00:00, run_after=2023-05-01T00:00:00+00:00
[2026-09-13T02:08:38.875+0000] {processor.py:178} INFO - Processing /opt/airflow/dags/3_python_operator.py took 0.265 seconds
[2026-09-13T02:09:08.958+0000] {processor.py:156} INFO - Started process (PID=162366) to work on /opt/airflow/dags/3_python_operator.py
[2026-09-13T02:09:08.964+0000] {processor.py:799} INFO - Processing file /opt/airflow/dags/3_python_operator.py for tasks to queue
[2026-09-13T02:09:08.966+0000] {logging_mixin.py:149} INFO - [2026-09-13T02:09:08.965+0000] {dagbag.py:541} INFO - Filling up the DagBag from /opt/airflow/dags/3_python_operator.py
[2026-09-13T02:09:08.995+0000] {processor.py:809} INFO - DAG(s) dict_keys(['3-pythonoperator']) retrieved from /opt/airflow/dags/3_python_operator.py
[2026-09-13T02:09:09.080+0000] {logging_mixin.py:149} INFO - [2026-09-13T02:09:09.080+0000] {dag.py:2726} INFO - Sync 1 DAGs
[2026-09-13T02:09:09.147+0000] {logging_mixin.py:149} INFO - [2026-09-13T02:09:09.147+0000] {dag.py:3490} INFO - Setting next_dagrun for 3-pythonoperator to 2023-05-01T00:00:00+00:00, run_after=2023-05-01T00:00:00+00:00
[2026-09-13T02:09:09.198+0000] {processor.py:178} INFO - Processing /opt/airflow/dags/3_python_operator.py took 0.250 seconds
[2026-09-13T02:09:39.370+0000] {processor.py:156} INFO - Started process (PID=162379) to work on /opt/airflow/dags/3_python_operator.py
[2026-09-13T02:09:39.374+0000] {processor.py:799} INFO - Processing file /opt/airflow/dags/3_python_operator.py for tasks to queue
[2026-09-13T02:09:39.375+0000] {logging_mixin.py:149} INFO - [2026-09-13T02:09:39.375+0000] {dagbag.py:541} INFO - Filling up the DagBag from /opt/airflow/dags/3_python_operator.py
[2026-09-13T02:09:39.402+0000] {processor.py:809} INFO - DAG(s) dict_keys(['3-pythonoperator']) retrieved from /opt/airflow/dags/3_python_operator.py
[2026-09-13T02:09:39.487+0000] {logging_mixin.py:149} INFO - [2026-09-13T02:09:39.487+0000] {dag.py:2726} INFO - Sync 1 DAGs
[2026-09-13T02:09:39.555+0000] {logging_mixin.py:149} INFO - [2026-09-13T02:09:39.554+0000] {dag.py:3490} INFO - Setting next_dagrun for 3-pythonoperator to 2023-05-01T00:00:00+00:00, run_after=2023-05-01T00:00:00+00:00
[2026-09-13T02:09:39.614+0000] {processor.py:178} INFO - Processing /opt/airflow/dags/3_python_operator.py took 0.256 seconds
[2026-09-13T02:10:09.714+0000] {processor.py:156} INFO - Started process (PID=162393) to work on /opt/airflow/dags/3_python_operator.py
[2026-09-13T02:10:09.720+0000] {processor.py:799} INFO - Processing file /opt/airflow/dags/3_python_operator.py for tasks to queue
[2026-09-13T02:10:09.723+0000] {logging_mixin.py:149} INFO - [2026-09-13T02:10:09.722+0000] {dagbag.py:541} INFO - Filling up the DagBag from /opt/airflow/dags/3_python_operator.py
[2026-09-13T02:10:09.750+0000] {processor.py:809} INFO - DAG(s) dict_keys(['3-pythonoperator']) retrieved from /opt/airflow/dags/3_python_operator.py
[2026-09-13T02:10:09.844+0000] {logging_mixin.py:149} INFO - [2026-09-13T02:10:09.844+0000] {dag.py:2726} INFO - Sync 1 DAGs
[2026-09-13T02:10:09.925+0000] {logging_mixin.py:149} INFO - [2026-09-13T02:10:09.924+0000] {dag.py:3490} INFO - Setting next_dagrun for 3-pythonoperator to 2023-05-01T00:00:00+00:00, run_after=2023-05-01T00:00:00+00:00
[2026-09-13T02:10:09.996+0000] {processor.py:178} INFO - Processing /opt/airflow/dags/3_python_operator.py took 0.293 seconds
[2026-09-13T02:10:40.214+0000] {processor.py:156} INFO - Started process (PID=162407) to work on /opt/airflow/dags/3_python_operator.py
[2026-09-13T02:10:40.218+0000] {processor.py:799} INFO - Processing file /opt/airflow/dags/3_python_operator.py for tasks to queue
[2026-09-13T02:10:40.220+0000] {logging_mixin.py:149} INFO - [2026-09-13T02:10:40.220+0000] {dagbag.py:541} INFO - Filling up the DagBag from /opt/airflow/dags/3_python_operator.py
[2026-09-13T02:10:40.245+0000] {processor.py:809} INFO - DAG(s) dict_keys(['3-pythonoperator']) retrieved from /opt/airflow/dags/3_python_operator.py
[2026-09-13T02:10:40.330+0000] {logging_mixin.py:149} INFO - [2026-09-13T02:10:40.330+0000] {dag.py:2726} INFO - Sync 1 DAGs
[2026-09-13T02:10:40.397+0000] {logging_mixin.py:149} INFO - [2026-09-13T02:10:40.396+0000] {dag.py:3490} INFO - Setting next_dagrun for 3-pythonoperator to 2023-05-01T00:00:00+00:00, run_after=2023-05-01T00:00:00+00:00
[2026-09-13T02:10:40.459+0000] {processor.py:178} INFO - Processing /opt/airflow/dags/3_python_operator.py took 0.255 seconds
[2026-09-13T02:11:10.578+0000] {processor.py:156} INFO - Started process (PID=162421) to work on /opt/airflow/dags/3_python_operator.py
[2026-09-13T02:11:10.583+0000] {processor.py:799} INFO - Processing file /opt/airflow/dags/3_python_operator.py for tasks to queue
[2026-09-13T02:11:10.585+0000] {logging_mixin.py:149} INFO - [2026-09-13T02:11:10.585+0000] {dagbag.py:541} INFO - Filling up the DagBag from /opt/airflow/dags/3_python_operator.py
[2026-09-13T02:11:10.610+0000] {processor.py:809} INFO - DAG(s) dict_keys(['3-pythonoperator']) retrieved from /opt/airflow/dags/3_python_operator.py
[2026-09-13T02:11:10.699+0000] {logging_mixin.py:149} INFO - [2026-09-13T02:11:10.699+0000] {dag.py:2726} INFO - Sync 1 DAGs
[2026-09-13T02:11:10.765+0000] {logging_mixin.py:149} INFO - [2026-09-13T02:11:10.765+0000] {dag.py:3490} INFO - Setting next_dagrun for 3-pythonoperator to 2023-05-01T00:00:00+00:00, run_after=2023-05-01T00:00:00+00:00
[2026-09-13T02:11:10.820+0000] {processor.py:178} INFO - Processing /opt/airflow/dags/3_python_operator.py took 0.253 seconds
[2026-09-13T02:11:40.992+0000] {processor.py:156} INFO - Started process (PID=162435) to work on /opt/airflow/dags/3_python_operator.py
[2026-09-13T02:11:40.996+0000] {processor.py:799} INFO - Processing file /opt/airflow/dags/3_python_operator.py for tasks to queue
[2026-09-13T02:11:40.998+0000] {logging_mixin.py:149} INFO - [2026-09-13T02:11:40.997+0000] {dagbag.py:541} INFO - Filling up the DagBag from /opt/airflow/dags/3_python_operator.py
[2026-09-13T02:11:41.022+0000] {processor.py:809} INFO - DAG(s) dict_keys(['3-pythonoperator']) retrieved from /opt/airflow/dags/3_python_operator.py
[2026-09-13T02:11:41.105+0000] {logging_mixin.py:149} INFO - [2026-09-13T02:11:41.104+0000] {dag.py:2726} INFO - Sync 1 DAGs
[2026-09-13T02:11:41.188+0000] {logging_mixin.py:149} INFO - [2026-09-13T02:11:41.188+0000] {dag.py:3490} INFO - Setting next_dagrun for 3-pythonoperator to 2023-05-01T00:00:00+00:00, run_after=2023-05-01T00:00:00+00:00
[2026-09-13T02:11:41.259+0000] {processor.py:178} INFO - Processing /opt/airflow/dags/3_python_operator.py took 0.278 seconds
[2026-09-13T02:12:11.496+0000] {processor.py:156} INFO - Started process (PID=162449) to work on /opt/airflow/dags/3_python_operator.py
[2026-09-13T02:12:11.498+0000] {processor.py:799} INFO - Processing file /opt/airflow/dags/3_python_operator.py for tasks to queue
[2026-09-13T02:12:11.499+0000] {logging_mixin.py:149} INFO - [2026-09-13T02:12:11.499+0000] {dagbag.py:541} INFO - Filling up the DagBag from /opt/airflow/dags/3_python_operator.py
[2026-09-13T02:12:11.516+0000] {processor.py:809} INFO - DAG(s) dict_keys(['3-pythonoperator']) retrieved from /opt/airflow/dags/3_python_operator.py
[2026-09-13T02:12:11.597+0000] {logging_mixin.py:149} INFO - [2026-09-13T02:12:11.597+0000] {dag.py:2726} INFO - Sync 1 DAGs
[2026-09-13T02:12:11.667+0000] {logging_mixin.py:149} INFO - [2026-09-13T02:12:11.667+0000] {dag.py:3490} INFO - Setting next_dagrun for 3-pythonoperator to 2023-05-01T00:00:00+00:00, run_after=2023-05-01T00:00:00+00:00
[2026-09-13T02:12:11.723+0000] {processor.py:178} INFO - Processing /opt/airflow/dags/3_python_operator.py took 0.233 seconds
[2026-09-13T02:12:41.946+0000] {processor.py:156} INFO - Started process (PID=162464) to work on /opt/airflow/dags/3_python_operator.py
[2026-09-13T02:12:41.950+0000] {processor.py:799} INFO - Processing file /opt/airflow/dags/3_python_operator.py for tasks to queue
[2026-09-13T02:12:41.951+0000] {logging_mixin.py:149} INFO - [2026-09-13T02:12:41.951+0000] {dagbag.py:541} INFO - Filling up the DagBag from /opt/airflow/dags/3_python_operator.py
[2026-09-13T02:12:41.977+0000] {processor.py:809} INFO - DAG(s) dict_keys(['3-pythonoperator']) retrieved from /opt/airflow/dags/3_python_operator.py
[2026-09-13T02:12:42.074+0000] {logging_mixin.py:149} INFO - [2026-09-13T02:12:42.073+0000] {dag.py:2726} INFO - Sync 1 DAGs
[2026-09-13T02:12:42.153+0000] {logging_mixin.py:149} INFO - [2026-09-13T02:12:42.152+0000] {dag.py:3490} INFO - Setting next_dagrun for 3-pythonoperator to 2023-05-01T00:00:00+00:00, run_after=2023-05-01T00:00:00+00:00
[2026-09-13T02:12:42.222+0000] {processor.py:178} INFO - Processing /opt/airflow/dags/3_python_operator.py took 0.286 seconds
[2026-09-13T02:13:12.385+0000] {processor.py:156} INFO - Started process (PID=162478) to work on /opt/airflow/dags/3_python_operator.py
[2026-09-13T02:13:12.389+0000] {processor.py:799} INFO - Processing file /opt/airflow/dags/3_python_operator.py for tasks to queue
[2026-09-13T02:13:12.391+0000] {logging_mixin.py:149} INFO - [2026-09-13T02:13:12.391+0000] {dagbag.py:541} INFO - Filling up the DagBag from /opt/airflow/dags/3_python_operator.py
[2026-09-13T02:13:12.415+0000] {processor.py:809} INFO - DAG(s) dict_keys(['3-pythonoperator']) retrieved from /opt/airflow/dags/3_python_operator.py
[2026-09-13T02:13:12.497+0000] {logging_mixin.py:149} INFO - [2026-09-13T02:13:12.496+0000] {dag.py:2726} INFO - Sync 1 DAGs
[2026-09-13T02:13:12.560+0000] {logging_mixin.py:149} INFO - [2026-09-13T02:13:12.560+0000] {dag.py:3490} INFO - Setting next_dagrun for 3-pythonoperator to 2023-05-01T00:00:00+00:00, run_after=2023-05-01T00:00:00+00:00
[2026-09-13T02:13:12.620+0000] {processor.py:178} INFO - Processing /opt/airflow/dags/3_python_operator.py took 0.246 seconds
[2026-09-13T02:13:42.890+0000] {processor.py:156} INFO - Started process (PID=162492) to work on /opt/airflow/dags/3_python_operator.py
[2026-09-13T02:13:42.895+0000] {processor.py:799} INFO - Processing file /opt/airflow/dags/3_python_operator.py for tasks to queue
[2026-09-13T02:13:42.897+0000] {logging_mixin.py:149} INFO - [2026-09-13T02:13:42.896+0000] {dagbag.py:541} INFO - Filling up the DagBag from /opt/airflow/dags/3_python_operator.py
[2026-09-13T02:13:42.925+0000] {processor.py:809} INFO - DAG(s) dict_keys(['3-pythonoperator']) retrieved from /opt/airflow/dags/3_python_operator.py
[2026-09-13T02:13:43.030+0000] {logging_mixin.py:149} INFO - [2026-09-13T02:13:43.029+0000] {dag.py:2726} INFO - Sync 1 DAGs
[2026-09-13T02:13:43.095+0000] {logging_mixin.py:149} INFO - [2026-09-13T02:13:43.095+0000] {dag.py:3490} INFO - Setting next_dagrun for 3-pythonoperator to 2023-05-01T00:00:00+00:00, run_after=2023-05-01T00:00:00+00:00
[2026-09-13T02:13:43.160+0000] {processor.py:178} INFO - Processing /opt/airflow/dags/3_python_operator.py took 0.282 seconds
[2026-09-13T02:14:13.396+0000] {processor.py:156} INFO - Started process (PID=162506) to work on /opt/airflow/dags/3_python_operator.py
[2026-09-13T02:14:13.399+0000] {processor.py:799} INFO - Processing file /opt/airflow/dags/3_python_operator.py for tasks to queue
[2026-09-13T02:14:13.400+0000] {logging_mixin.py:149} INFO - [2026-09-13T02:14:13.400+0000] {dagbag.py:541} INFO - Filling up the DagBag from /opt/airflow/dags/3_python_operator.py
[2026-09-13T02:14:13.425+0000] {processor.py:809} INFO - DAG(s) dict_keys(['3-pythonoperator']) retrieved from /opt/airflow/dags/3_python_operator.py
[2026-09-13T02:14:13.512+0000] {logging_mixin.py:149} INFO - [2026-09-13T02:14:13.511+0000] {dag.py:2726} INFO - Sync 1 DAGs
[2026-09-13T02:14:13.585+0000] {logging_mixin.py:149} INFO - [2026-09-13T02:14:13.585+0000] {dag.py:3490} INFO - Setting next_dagrun for 3-pythonoperator to 2023-05-01T00:00:00+00:00, run_after=2023-05-01T00:00:00+00:00
[2026-09-13T02:14:13.650+0000] {processor.py:178} INFO - Processing /opt/airflow/dags/3_python_operator.py took 0.263 seconds
[2026-09-13T02:14:43.869+0000] {processor.py:156} INFO - Started process (PID=162519) to work on /opt/airflow/dags/3_python_operator.py
[2026-09-13T02:14:43.873+0000] {processor.py:799} INFO - Processing file /opt/airflow/dags/3_python_operator.py for tasks to queue
[2026-09-13T02:14:43.875+0000] {logging_mixin.py:149} INFO - [2026-09-13T02:14:43.874+0000] {dagbag.py:541} INFO - Filling up the DagBag from /opt/airflow/dags/3_python_operator.py
[2026-09-13T02:14:43.899+0000] {processor.py:809} INFO - DAG(s) dict_keys(['3-pythonoperator']) retrieved from /opt/airflow/dags/3_python_operator.py
[2026-09-13T02:14:43.990+0000] {logging_mixin.py:149} INFO - [2026-09-13T02:14:43.989+0000] {dag.py:2726} INFO - Sync 1 DAGs
[2026-09-13T02:14:44.059+0000] {logging_mixin.py:149} INFO - [2026-09-13T02:14:44.058+0000] {dag.py:3490} INFO - Setting next_dagrun for 3-pythonoperator to 2023-05-01T00:00:00+00:00, run_after=2023-05-01T00:00:00+00:00
[2026-09-13T02:14:44.117+0000] {processor.py:178} INFO - Processing /opt/airflow/dags/3_python_operator.py took 0.259 seconds
[2026-09-13T02:15:14.368+0000] {processor.py:156} INFO - Started process (PID=162533) to work on /opt/airflow/dags/3_python_operator.py
[2026-09-13T02:15:14.371+0000] {processor.py:799} INFO - Processing file /opt/airflow/dags/3_python_operator.py for tasks to queue
[2026-09-13T02:15:14.372+0000] {logging_mixin.py:149} INFO - [2026-09-13T02:15:14.372+0000] {dagbag.py:541} INFO - Filling up the DagBag from /opt/airflow/dags/3_python_operator.py
[2026-09-13T02:15:14.398+0000] {processor.py:809} INFO - DAG(s) dict_keys(['3-pythonoperator']) retrieved from /opt/airflow/dags/3_python_operator.py
[2026-09-13T02:15:14.491+0000] {logging_mixin.py:149} INFO - [2026-09-13T02:15:14.491+0000] {dag.py:2726} INFO - Sync 1 DAGs
[2026-09-13T02:15:14.567+0000] {logging_mixin.py:149} INFO - [2026-09-13T02:15:14.566+0000] {dag.py:3490} INFO - Setting next_dagrun for 3-pythonoperator to 2023-05-01T00:00:00+00:00, run_after=2023-05-01T00:00:00+00:00
[2026-09-13T02:15:14.630+0000] {processor.py:178} INFO - Processing /opt/airflow/dags/3_python_operator.py took 0.273 seconds
[2026-09-13T02:15:44.898+0000] {processor.py:156} INFO - Started process (PID=162547) to work on /opt/airflow/dags/3_python_operator.py
[2026-09-13T02:15:44.902+0000] {processor.py:799} INFO - Processing file /opt/airflow/dags/3_python_operator.py for tasks to queue
[2026-09-13T02:15:44.904+0000] {logging_mixin.py:149} INFO - [2026-09-13T02:15:44.904+0000] {dagbag.py:541} INFO - Filling up the DagBag from /opt/airflow/dags/3_python_operator.py
[2026-09-13T02:15:44.929+0000] {processor.py:809} INFO - DAG(s) dict_keys(['3-pythonoperator']) retrieved from /opt/airflow/dags/3_python_operator.py
[2026-09-13T02:15:45.021+0000] {logging_mixin.py:149} INFO - [2026-09-13T02:15:45.021+0000] {dag.py:2726} INFO - Sync 1 DAGs
[2026-09-13T02:15:45.100+0000] {logging_mixin.py:149} INFO - [2026-09-13T02:15:45.099+0000] {dag.py:3490} INFO - Setting next_dagrun for 3-pythonoperator to 2023-05-01T00:00:00+00:00, run_after=2023-05-01T00:00:00+00:00
[2026-09-13T02:15:45.167+0000] {processor.py:178} INFO - Processing /opt/airflow/dags/3_python_operator.py took 0.283 seconds
[2026-09-13T02:16:15.271+0000] {processor.py:156} INFO - Started process (PID=162562) to work on /opt/airflow/dags/3_python_operator.py
[2026-09-13T02:16:15.274+0000] {processor.py:799} INFO - Processing file /opt/airflow/dags/3_python_operator.py for tasks to queue
[2026-09-13T02:16:15.275+0000] {logging_mixin.py:149} INFO - [2026-09-13T02:16:15.275+0000] {dagbag.py:541} INFO - Filling up the DagBag from /opt/airflow/dags/3_python_operator.py
[2026-09-13T02:16:15.290+0000] {processor.py:809} INFO - DAG(s) dict_keys(['3-pythonoperator']) retrieved from /opt/airflow/dags/3_python_operator.py
[2026-09-13T02:16:15.352+0000] {logging_mixin.py:149} INFO - [2026-09-13T02:16:15.352+0000] {dag.py:2726} INFO - Sync 1 DAGs
[2026-09-13T02:16:15.410+0000] {logging_mixin.py:149} INFO - [2026-09-13T02:16:15.410+0000] {dag.py:3490} INFO - Setting next_dagrun for 3-pythonoperator to 2023-05-01T00:00:00+00:00, run_after=2023-05-01T00:00:00+00:00
[2026-09-13T02:16:15.472+0000] {processor.py:178} INFO - Processing /opt/airflow/dags/3_python_operator.py took 0.208 seconds
[2026-09-13T02:16:45.720+0000] {processor.py:156} INFO - Started process (PID=162575) to work on /opt/airflow/dags/3_python_operator.py
[2026-09-13T02:16:45.723+0000] {processor.py:799} INFO - Processing file /opt/airflow/dags/3_python_operator.py for tasks to queue
[2026-09-13T02:16:45.725+0000] {logging_mixin.py:149} INFO - [2026-09-13T02:16:45.725+0000] {dagbag.py:541} INFO - Filling up the DagBag from /opt/airflow/dags/3_python_operator.py
[2026-09-13T02:16:45.751+0000] {processor.py:809} INFO - DAG(s) dict_keys(['3-pythonoperator']) retrieved from /opt/airflow/dags/3_python_operator.py
[2026-09-13T02:16:45.838+0000] {logging_mixin.py:149} INFO - [2026-09-13T02:16:45.837+0000] {dag.py:2726} INFO - Sync 1 DAGs
[2026-09-13T02:16:45.905+0000] {logging_mixin.py:149} INFO - [2026-09-13T02:16:45.905+0000] {dag.py:3490} INFO - Setting next_dagrun for 3-pythonoperator to 2023-05-01T00:00:00+00:00, run_after=2023-05-01T00:00:00+00:00
[2026-09-13T02:16:45.961+0000] {processor.py:178} INFO - Processing /opt/airflow/dags/3_python_operator.py took 0.250 seconds
[2026-09-13T02:17:16.179+0000] {processor.py:156} INFO - Started process (PID=162589) to work on /opt/airflow/dags/3_python_operator.py
[2026-09-13T02:17:16.182+0000] {processor.py:799} INFO - Processing file /opt/airflow/dags/3_python_operator.py for tasks to queue
[2026-09-13T02:17:16.184+0000] {logging_mixin.py:149} INFO - [2026-09-13T02:17:16.184+0000] {dagbag.py:541} INFO - Filling up the DagBag from /opt/airflow/dags/3_python_operator.py
[2026-09-13T02:17:16.209+0000] {processor.py:809} INFO - DAG(s) dict_keys(['3-pythonoperator']) retrieved from /opt/airflow/dags/3_python_operator.py
[2026-09-13T02:17:16.299+0000] {logging_mixin.py:149} INFO - [2026-09-13T02:17:16.298+0000] {dag.py:2726} INFO - Sync 1 DAGs
[2026-09-13T02:17:16.366+0000] {logging_mixin.py:149} INFO - [2026-09-13T02:17:16.366+0000] {dag.py:3490} INFO - Setting next_dagrun for 3-pythonoperator to 2023-05-01T00:00:00+00:00, run_after=2023-05-01T00:00:00+00:00
[2026-09-13T02:17:16.435+0000] {processor.py:178} INFO - Processing /opt/airflow/dags/3_python_operator.py took 0.268 seconds
[2026-09-13T02:17:46.630+0000] {processor.py:156} INFO - Started process (PID=162603) to work on /opt/airflow/dags/3_python_operator.py
[2026-09-13T02:17:46.634+0000] {processor.py:799} INFO - Processing file /opt/airflow/dags/3_python_operator.py for tasks to queue
[2026-09-13T02:17:46.636+0000] {logging_mixin.py:149} INFO - [2026-09-13T02:17:46.635+0000] {dagbag.py:541} INFO - Filling up the DagBag from /opt/airflow/dags/3_python_operator.py
[2026-09-13T02:17:46.659+0000] {processor.py:809} INFO - DAG(s) dict_keys(['3-pythonoperator']) retrieved from /opt/airflow/dags/3_python_operator.py
[2026-09-13T02:17:46.740+0000] {logging_mixin.py:149} INFO - [2026-09-13T02:17:46.739+0000] {dag.py:2726} INFO - Sync 1 DAGs
[2026-09-13T02:17:46.806+0000] {logging_mixin.py:149} INFO - [2026-09-13T02:17:46.806+0000] {dag.py:3490} INFO - Setting next_dagrun for 3-pythonoperator to 2023-05-01T00:00:00+00:00, run_after=2023-05-01T00:00:00+00:00
[2026-09-13T02:17:46.871+0000] {processor.py:178} INFO - Processing /opt/airflow/dags/3_python_operator.py took 0.251 seconds
[2026-09-13T02:18:17.033+0000] {processor.py:156} INFO - Started process (PID=162618) to work on /opt/airflow/dags/3_python_operator.py
[2026-09-13T02:18:17.037+0000] {processor.py:799} INFO - Processing file /opt/airflow/dags/3_python_operator.py for tasks to queue
[2026-09-13T02:18:17.038+0000] {logging_mixin.py:149} INFO - [2026-09-13T02:18:17.038+0000] {dagbag.py:541} INFO - Filling up the DagBag from /opt/airflow/dags/3_python_operator.py
[2026-09-13T02:18:17.062+0000] {processor.py:809} INFO - DAG(s) dict_keys(['3-pythonoperator']) retrieved from /opt/airflow/dags/3_python_operator.py
[2026-09-13T02:18:17.148+0000] {logging_mixin.py:149} INFO - [2026-09-13T02:18:17.148+0000] {dag.py:2726} INFO - Sync 1 DAGs
[2026-09-13T02:18:17.199+0000] {logging_mixin.py:149} INFO - [2026-09-13T02:18:17.199+0000] {dag.py:3490} INFO - Setting next_dagrun for 3-pythonoperator to 2023-05-01T00:00:00+00:00, run_after=2023-05-01T00:00:00+00:00
[2026-09-13T02:18:17.238+0000] {processor.py:178} INFO - Processing /opt/airflow/dags/3_python_operator.py took 0.217 seconds
[2026-09-13T02:18:47.542+0000] {processor.py:156} INFO - Started process (PID=162633) to work on /opt/airflow/dags/3_python_operator.py
[2026-09-13T02:18:47.546+0000] {processor.py:799} INFO - Processing file /opt/airflow/dags/3_python_operator.py for tasks to queue
[2026-09-13T02:18:47.548+0000] {logging_mixin.py:149} INFO - [2026-09-13T02:18:47.548+0000] {dagbag.py:541} INFO - Filling up the DagBag from /opt/airflow/dags/3_python_operator.py
[2026-09-13T02:18:47.576+0000] {processor.py:809} INFO - DAG(s) dict_keys(['3-pythonoperator']) retrieved from /opt/airflow/dags/3_python_operator.py
[2026-09-13T02:18:47.664+0000] {logging_mixin.py:149} INFO - [2026-09-13T02:18:47.663+0000] {dag.py:2726} INFO - Sync 1 DAGs
[2026-09-13T02:18:47.750+0000] {logging_mixin.py:149} INFO - [2026-09-13T02:18:47.749+0000] {dag.py:3490} INFO - Setting next_dagrun for 3-pythonoperator to 2023-05-01T00:00:00+00:00, run_after=2023-05-01T00:00:00+00:00
[2026-09-13T02:18:47.820+0000] {processor.py:178} INFO - Processing /opt/airflow/dags/3_python_operator.py took 0.288 seconds
[2026-09-13T02:19:18.040+0000] {processor.py:156} INFO - Started process (PID=162647) to work on /opt/airflow/dags/3_python_operator.py
[2026-09-13T02:19:18.044+0000] {processor.py:799} INFO - Processing file /opt/airflow/dags/3_python_operator.py for tasks to queue
[2026-09-13T02:19:18.046+0000] {logging_mixin.py:149} INFO - [2026-09-13T02:19:18.046+0000] {dagbag.py:541} INFO - Filling up the DagBag from /opt/airflow/dags/3_python_operator.py
[2026-09-13T02:19:18.075+0000] {processor.py:809} INFO - DAG(s) dict_keys(['3-pythonoperator']) retrieved from /opt/airflow/dags/3_python_operator.py
[2026-09-13T02:19:18.178+0000] {logging_mixin.py:149} INFO - [2026-09-13T02:19:18.178+0000] {dag.py:2726} INFO - Sync 1 DAGs
[2026-09-13T02:19:18.286+0000] {logging_mixin.py:149} INFO - [2026-09-13T02:19:18.285+0000] {dag.py:3490} INFO - Setting next_dagrun for 3-pythonoperator to 2023-05-01T00:00:00+00:00, run_after=2023-05-01T00:00:00+00:00
[2026-09-13T02:19:18.359+0000] {processor.py:178} INFO - Processing /opt/airflow/dags/3_python_operator.py took 0.328 seconds
[2026-09-13T02:19:48.457+0000] {processor.py:156} INFO - Started process (PID=162660) to work on /opt/airflow/dags/3_python_operator.py
[2026-09-13T02:19:48.460+0000] {processor.py:799} INFO - Processing file /opt/airflow/dags/3_python_operator.py for tasks to queue
[2026-09-13T02:19:48.461+0000] {logging_mixin.py:149} INFO - [2026-09-13T02:19:48.461+0000] {dagbag.py:541} INFO - Filling up the DagBag from /opt/airflow/dags/3_python_operator.py
[2026-09-13T02:19:48.485+0000] {processor.py:809} INFO - DAG(s) dict_keys(['3-pythonoperator']) retrieved from /opt/airflow/dags/3_python_operator.py
[2026-09-13T02:19:48.565+0000] {logging_mixin.py:149} INFO - [2026-09-13T02:19:48.564+0000] {dag.py:2726} INFO - Sync 1 DAGs
[2026-09-13T02:19:48.617+0000] {logging_mixin.py:149} INFO - [2026-09-13T02:19:48.616+0000] {dag.py:3490} INFO - Setting next_dagrun for 3-pythonoperator to 2023-05-01T00:00:00+00:00, run_after=2023-05-01T00:00:00+00:00
[2026-09-13T02:19:48.671+0000] {processor.py:178} INFO - Processing /opt/airflow/dags/3_python_operator.py took 0.224 seconds
[2026-09-13T02:20:18.888+0000] {processor.py:156} INFO - Started process (PID=162674) to work on /opt/airflow/dags/3_python_operator.py
[2026-09-13T02:20:18.890+0000] {processor.py:799} INFO - Processing file /opt/airflow/dags/3_python_operator.py for tasks to queue
[2026-09-13T02:20:18.892+0000] {logging_mixin.py:149} INFO - [2026-09-13T02:20:18.891+0000] {dagbag.py:541} INFO - Filling up the DagBag from /opt/airflow/dags/3_python_operator.py
[2026-09-13T02:20:18.931+0000] {processor.py:809} INFO - DAG(s) dict_keys(['3-pythonoperator']) retrieved from /opt/airflow/dags/3_python_operator.py
[2026-09-13T02:20:19.021+0000] {logging_mixin.py:149} INFO - [2026-09-13T02:20:19.021+0000] {dag.py:2726} INFO - Sync 1 DAGs
[2026-09-13T02:20:19.103+0000] {logging_mixin.py:149} INFO - [2026-09-13T02:20:19.103+0000] {dag.py:3490} INFO - Setting next_dagrun for 3-pythonoperator to 2023-05-01T00:00:00+00:00, run_after=2023-05-01T00:00:00+00:00
[2026-09-13T02:20:19.175+0000] {processor.py:178} INFO - Processing /opt/airflow/dags/3_python_operator.py took 0.296 seconds
[2026-09-13T02:20:49.255+0000] {processor.py:156} INFO - Started process (PID=162688) to work on /opt/airflow/dags/3_python_operator.py
[2026-09-13T02:20:49.260+0000] {processor.py:799} INFO - Processing file /opt/airflow/dags/3_python_operator.py for tasks to queue
[2026-09-13T02:20:49.262+0000] {logging_mixin.py:149} INFO - [2026-09-13T02:20:49.261+0000] {dagbag.py:541} INFO - Filling up the DagBag from /opt/airflow/dags/3_python_operator.py
[2026-09-13T02:20:49.285+0000] {processor.py:809} INFO - DAG(s) dict_keys(['3-pythonoperator']) retrieved from /opt/airflow/dags/3_python_operator.py
[2026-09-13T02:20:49.370+0000] {logging_mixin.py:149} INFO - [2026-09-13T02:20:49.369+0000] {dag.py:2726} INFO - Sync 1 DAGs
[2026-09-13T02:20:49.418+0000] {logging_mixin.py:149} INFO - [2026-09-13T02:20:49.418+0000] {dag.py:3490} INFO - Setting next_dagrun for 3-pythonoperator to 2023-05-01T00:00:00+00:00, run_after=2023-05-01T00:00:00+00:00
[2026-09-13T02:20:49.447+0000] {processor.py:178} INFO - Processing /opt/airflow/dags/3_python_operator.py took 0.200 seconds
[2026-09-13T02:21:19.765+0000] {processor.py:156} INFO - Started process (PID=162702) to work on /opt/airflow/dags/3_python_operator.py
[2026-09-13T02:21:19.769+0000] {processor.py:799} INFO - Processing file /opt/airflow/dags/3_python_operator.py for tasks to queue
[2026-09-13T02:21:19.770+0000] {logging_mixin.py:149} INFO - [2026-09-13T02:21:19.770+0000] {dagbag.py:541} INFO - Filling up the DagBag from /opt/airflow/dags/3_python_operator.py
[2026-09-13T02:21:19.794+0000] {processor.py:809} INFO - DAG(s) dict_keys(['3-pythonoperator']) retrieved from /opt/airflow/dags/3_python_operator.py
[2026-09-13T02:21:19.880+0000] {logging_mixin.py:149} INFO - [2026-09-13T02:21:19.879+0000] {dag.py:2726} INFO - Sync 1 DAGs
[2026-09-13T02:21:19.949+0000] {logging_mixin.py:149} INFO - [2026-09-13T02:21:19.948+0000] {dag.py:3490} INFO - Setting next_dagrun for 3-pythonoperator to 2023-05-01T00:00:00+00:00, run_after=2023-05-01T00:00:00+00:00
[2026-09-13T02:21:20.000+0000] {processor.py:178} INFO - Processing /opt/airflow/dags/3_python_operator.py took 0.245 seconds
[2026-09-13T02:21:50.154+0000] {processor.py:156} INFO - Started process (PID=162716) to work on /opt/airflow/dags/3_python_operator.py
[2026-09-13T02:21:50.160+0000] {processor.py:799} INFO - Processing file /opt/airflow/dags/3_python_operator.py for tasks to queue
[2026-09-13T02:21:50.162+0000] {logging_mixin.py:149} INFO - [2026-09-13T02:21:50.162+0000] {dagbag.py:541} INFO - Filling up the DagBag from /opt/airflow/dags/3_python_operator.py
[2026-09-13T02:21:50.190+0000] {processor.py:809} INFO - DAG(s) dict_keys(['3-pythonoperator']) retrieved from /opt/airflow/dags/3_python_operator.py
[2026-09-13T02:21:50.287+0000] {logging_mixin.py:149} INFO - [2026-09-13T02:21:50.287+0000] {dag.py:2726} INFO - Sync 1 DAGs
[2026-09-13T02:21:50.361+0000] {logging_mixin.py:149} INFO - [2026-09-13T02:21:50.360+0000] {dag.py:3490} INFO - Setting next_dagrun for 3-pythonoperator to 2023-05-01T00:00:00+00:00, run_after=2023-05-01T00:00:00+00:00
[2026-09-13T02:21:50.405+0000] {processor.py:178} INFO - Processing /opt/airflow/dags/3_python_operator.py took 0.262 seconds
[2026-09-13T02:22:20.650+0000] {processor.py:156} INFO - Started process (PID=162730) to work on /opt/airflow/dags/3_python_operator.py
[2026-09-13T02:22:20.654+0000] {processor.py:799} INFO - Processing file /opt/airflow/dags/3_python_operator.py for tasks to queue
[2026-09-13T02:22:20.655+0000] {logging_mixin.py:149} INFO - [2026-09-13T02:22:20.655+0000] {dagbag.py:541} INFO - Filling up the DagBag from /opt/airflow/dags/3_python_operator.py
[2026-09-13T02:22:20.691+0000] {processor.py:809} INFO - DAG(s) dict_keys(['3-pythonoperator']) retrieved from /opt/airflow/dags/3_python_operator.py
[2026-09-13T02:22:20.798+0000] {logging_mixin.py:149} INFO - [2026-09-13T02:22:20.798+0000] {dag.py:2726} INFO - Sync 1 DAGs
[2026-09-13T02:22:20.884+0000] {logging_mixin.py:149} INFO - [2026-09-13T02:22:20.883+0000] {dag.py:3490} INFO - Setting next_dagrun for 3-pythonoperator to 2023-05-01T00:00:00+00:00, run_after=2023-05-01T00:00:00+00:00
[2026-09-13T02:22:20.946+0000] {processor.py:178} INFO - Processing /opt/airflow/dags/3_python_operator.py took 0.304 seconds
[2026-09-13T02:22:51.110+0000] {processor.py:156} INFO - Started process (PID=162744) to work on /opt/airflow/dags/3_python_operator.py
[2026-09-13T02:22:51.114+0000] {processor.py:799} INFO - Processing file /opt/airflow/dags/3_python_operator.py for tasks to queue
[2026-09-13T02:22:51.116+0000] {logging_mixin.py:149} INFO - [2026-09-13T02:22:51.116+0000] {dagbag.py:541} INFO - Filling up the DagBag from /opt/airflow/dags/3_python_operator.py
[2026-09-13T02:22:51.152+0000] {processor.py:809} INFO - DAG(s) dict_keys(['3-pythonoperator']) retrieved from /opt/airflow/dags/3_python_operator.py
[2026-09-13T02:22:51.235+0000] {logging_mixin.py:149} INFO - [2026-09-13T02:22:51.235+0000] {dag.py:2726} INFO - Sync 1 DAGs
[2026-09-13T02:22:51.278+0000] {logging_mixin.py:149} INFO - [2026-09-13T02:22:51.277+0000] {dag.py:3490} INFO - Setting next_dagrun for 3-pythonoperator to 2023-05-01T00:00:00+00:00, run_after=2023-05-01T00:00:00+00:00
[2026-09-13T02:22:51.328+0000] {processor.py:178} INFO - Processing /opt/airflow/dags/3_python_operator.py took 0.228 seconds
[2026-09-13T02:23:21.575+0000] {processor.py:156} INFO - Started process (PID=162758) to work on /opt/airflow/dags/3_python_operator.py
[2026-09-13T02:23:21.579+0000] {processor.py:799} INFO - Processing file /opt/airflow/dags/3_python_operator.py for tasks to queue
[2026-09-13T02:23:21.581+0000] {logging_mixin.py:149} INFO - [2026-09-13T02:23:21.581+0000] {dagbag.py:541} INFO - Filling up the DagBag from /opt/airflow/dags/3_python_operator.py
[2026-09-13T02:23:21.601+0000] {processor.py:809} INFO - DAG(s) dict_keys(['3-pythonoperator']) retrieved from /opt/airflow/dags/3_python_operator.py
[2026-09-13T02:23:21.697+0000] {logging_mixin.py:149} INFO - [2026-09-13T02:23:21.697+0000] {dag.py:2726} INFO - Sync 1 DAGs
[2026-09-13T02:23:21.783+0000] {logging_mixin.py:149} INFO - [2026-09-13T02:23:21.782+0000] {dag.py:3490} INFO - Setting next_dagrun for 3-pythonoperator to 2023-05-01T00:00:00+00:00, run_after=2023-05-01T00:00:00+00:00
[2026-09-13T02:23:21.837+0000] {processor.py:178} INFO - Processing /opt/airflow/dags/3_python_operator.py took 0.270 seconds
[2026-09-13T02:23:52.034+0000] {processor.py:156} INFO - Started process (PID=162772) to work on /opt/airflow/dags/3_python_operator.py
[2026-09-13T02:23:52.038+0000] {processor.py:799} INFO - Processing file /opt/airflow/dags/3_python_operator.py for tasks to queue
[2026-09-13T02:23:52.040+0000] {logging_mixin.py:149} INFO - [2026-09-13T02:23:52.040+0000] {dagbag.py:541} INFO - Filling up the DagBag from /opt/airflow/dags/3_python_operator.py
[2026-09-13T02:23:52.067+0000] {processor.py:809} INFO - DAG(s) dict_keys(['3-pythonoperator']) retrieved from /opt/airflow/dags/3_python_operator.py
[2026-09-13T02:23:52.160+0000] {logging_mixin.py:149} INFO - [2026-09-13T02:23:52.160+0000] {dag.py:2726} INFO - Sync 1 DAGs
[2026-09-13T02:23:52.220+0000] {logging_mixin.py:149} INFO - [2026-09-13T02:23:52.219+0000] {dag.py:3490} INFO - Setting next_dagrun for 3-pythonoperator to 2023-05-01T00:00:00+00:00, run_after=2023-05-01T00:00:00+00:00
[2026-09-13T02:23:52.256+0000] {processor.py:178} INFO - Processing /opt/airflow/dags/3_python_operator.py took 0.237 seconds
[2026-09-13T02:24:22.505+0000] {processor.py:156} INFO - Started process (PID=162786) to work on /opt/airflow/dags/3_python_operator.py
[2026-09-13T02:24:22.508+0000] {processor.py:799} INFO - Processing file /opt/airflow/dags/3_python_operator.py for tasks to queue
[2026-09-13T02:24:22.510+0000] {logging_mixin.py:149} INFO - [2026-09-13T02:24:22.509+0000] {dagbag.py:541} INFO - Filling up the DagBag from /opt/airflow/dags/3_python_operator.py
[2026-09-13T02:24:22.537+0000] {processor.py:809} INFO - DAG(s) dict_keys(['3-pythonoperator']) retrieved from /opt/airflow/dags/3_python_operator.py
[2026-09-13T02:24:22.635+0000] {logging_mixin.py:149} INFO - [2026-09-13T02:24:22.635+0000] {dag.py:2726} INFO - Sync 1 DAGs
[2026-09-13T02:24:22.706+0000] {logging_mixin.py:149} INFO - [2026-09-13T02:24:22.705+0000] {dag.py:3490} INFO - Setting next_dagrun for 3-pythonoperator to 2023-05-01T00:00:00+00:00, run_after=2023-05-01T00:00:00+00:00
[2026-09-13T02:24:22.776+0000] {processor.py:178} INFO - Processing /opt/airflow/dags/3_python_operator.py took 0.287 seconds
[2026-09-13T02:24:53.036+0000] {processor.py:156} INFO - Started process (PID=162800) to work on /opt/airflow/dags/3_python_operator.py
[2026-09-13T02:24:53.039+0000] {processor.py:799} INFO - Processing file /opt/airflow/dags/3_python_operator.py for tasks to queue
[2026-09-13T02:24:53.041+0000] {logging_mixin.py:149} INFO - [2026-09-13T02:24:53.040+0000] {dagbag.py:541} INFO - Filling up the DagBag from /opt/airflow/dags/3_python_operator.py
[2026-09-13T02:24:53.067+0000] {processor.py:809} INFO - DAG(s) dict_keys(['3-pythonoperator']) retrieved from /opt/airflow/dags/3_python_operator.py
[2026-09-13T02:24:53.161+0000] {logging_mixin.py:149} INFO - [2026-09-13T02:24:53.161+0000] {dag.py:2726} INFO - Sync 1 DAGs
[2026-09-13T02:24:53.217+0000] {logging_mixin.py:149} INFO - [2026-09-13T02:24:53.217+0000] {dag.py:3490} INFO - Setting next_dagrun for 3-pythonoperator to 2023-05-01T00:00:00+00:00, run_after=2023-05-01T00:00:00+00:00
[2026-09-13T02:24:53.248+0000] {processor.py:178} INFO - Processing /opt/airflow/dags/3_python_operator.py took 0.222 seconds
[2026-09-13T02:25:23.439+0000] {processor.py:156} INFO - Started process (PID=162814) to work on /opt/airflow/dags/3_python_operator.py
[2026-09-13T02:25:23.442+0000] {processor.py:799} INFO - Processing file /opt/airflow/dags/3_python_operator.py for tasks to queue
[2026-09-13T02:25:23.444+0000] {logging_mixin.py:149} INFO - [2026-09-13T02:25:23.444+0000] {dagbag.py:541} INFO - Filling up the DagBag from /opt/airflow/dags/3_python_operator.py
[2026-09-13T02:25:23.474+0000] {processor.py:809} INFO - DAG(s) dict_keys(['3-pythonoperator']) retrieved from /opt/airflow/dags/3_python_operator.py
[2026-09-13T02:25:23.572+0000] {logging_mixin.py:149} INFO - [2026-09-13T02:25:23.572+0000] {dag.py:2726} INFO - Sync 1 DAGs
[2026-09-13T02:25:23.650+0000] {logging_mixin.py:149} INFO - [2026-09-13T02:25:23.649+0000] {dag.py:3490} INFO - Setting next_dagrun for 3-pythonoperator to 2023-05-01T00:00:00+00:00, run_after=2023-05-01T00:00:00+00:00
[2026-09-13T02:25:23.717+0000] {processor.py:178} INFO - Processing /opt/airflow/dags/3_python_operator.py took 0.289 seconds
[2026-09-13T02:25:53.926+0000] {processor.py:156} INFO - Started process (PID=162828) to work on /opt/airflow/dags/3_python_operator.py
[2026-09-13T02:25:53.928+0000] {processor.py:799} INFO - Processing file /opt/airflow/dags/3_python_operator.py for tasks to queue
[2026-09-13T02:25:53.929+0000] {logging_mixin.py:149} INFO - [2026-09-13T02:25:53.929+0000] {dagbag.py:541} INFO - Filling up the DagBag from /opt/airflow/dags/3_python_operator.py
[2026-09-13T02:25:53.948+0000] {processor.py:809} INFO - DAG(s) dict_keys(['3-pythonoperator']) retrieved from /opt/airflow/dags/3_python_operator.py
[2026-09-13T02:25:54.040+0000] {logging_mixin.py:149} INFO - [2026-09-13T02:25:54.040+0000] {dag.py:2726} INFO - Sync 1 DAGs
[2026-09-13T02:25:54.114+0000] {logging_mixin.py:149} INFO - [2026-09-13T02:25:54.113+0000] {dag.py:3490} INFO - Setting next_dagrun for 3-pythonoperator to 2023-05-01T00:00:00+00:00, run_after=2023-05-01T00:00:00+00:00
[2026-09-13T02:25:54.156+0000] {processor.py:178} INFO - Processing /opt/airflow/dags/3_python_operator.py took 0.237 seconds
[2026-09-13T02:26:24.382+0000] {processor.py:156} INFO - Started process (PID=162843) to work on /opt/airflow/dags/3_python_operator.py
[2026-09-13T02:26:24.385+0000] {processor.py:799} INFO - Processing file /opt/airflow/dags/3_python_operator.py for tasks to queue
[2026-09-13T02:26:24.386+0000] {logging_mixin.py:149} INFO - [2026-09-13T02:26:24.386+0000] {dagbag.py:541} INFO - Filling up the DagBag from /opt/airflow/dags/3_python_operator.py
[2026-09-13T02:26:24.411+0000] {processor.py:809} INFO - DAG(s) dict_keys(['3-pythonoperator']) retrieved from /opt/airflow/dags/3_python_operator.py
[2026-09-13T02:26:24.477+0000] {logging_mixin.py:149} INFO - [2026-09-13T02:26:24.477+0000] {dag.py:2726} INFO - Sync 1 DAGs
[2026-09-13T02:26:24.554+0000] {logging_mixin.py:149} INFO - [2026-09-13T02:26:24.554+0000] {dag.py:3490} INFO - Setting next_dagrun for 3-pythonoperator to 2023-05-01T00:00:00+00:00, run_after=2023-05-01T00:00:00+00:00
[2026-09-13T02:26:24.628+0000] {processor.py:178} INFO - Processing /opt/airflow/dags/3_python_operator.py took 0.257 seconds
[2026-09-13T02:26:54.898+0000] {processor.py:156} INFO - Started process (PID=162857) to work on /opt/airflow/dags/3_python_operator.py
[2026-09-13T02:26:54.905+0000] {processor.py:799} INFO - Processing file /opt/airflow/dags/3_python_operator.py for tasks to queue
[2026-09-13T02:26:54.908+0000] {logging_mixin.py:149} INFO - [2026-09-13T02:26:54.907+0000] {dagbag.py:541} INFO - Filling up the DagBag from /opt/airflow/dags/3_python_operator.py
[2026-09-13T02:26:54.969+0000] {processor.py:809} INFO - DAG(s) dict_keys(['3-pythonoperator']) retrieved from /opt/airflow/dags/3_python_operator.py
[2026-09-13T02:26:55.056+0000] {logging_mixin.py:149} INFO - [2026-09-13T02:26:55.056+0000] {dag.py:2726} INFO - Sync 1 DAGs
[2026-09-13T02:26:55.117+0000] {logging_mixin.py:149} INFO - [2026-09-13T02:26:55.117+0000] {dag.py:3490} INFO - Setting next_dagrun for 3-pythonoperator to 2023-05-01T00:00:00+00:00, run_after=2023-05-01T00:00:00+00:00
[2026-09-13T02:26:55.170+0000] {processor.py:178} INFO - Processing /opt/airflow/dags/3_python_operator.py took 0.281 seconds
[2026-09-13T02:27:25.302+0000] {processor.py:156} INFO - Started process (PID=162871) to work on /opt/airflow/dags/3_python_operator.py
[2026-09-13T02:27:25.306+0000] {processor.py:799} INFO - Processing file /opt/airflow/dags/3_python_operator.py for tasks to queue
[2026-09-13T02:27:25.307+0000] {logging_mixin.py:149} INFO - [2026-09-13T02:27:25.307+0000] {dagbag.py:541} INFO - Filling up the DagBag from /opt/airflow/dags/3_python_operator.py
[2026-09-13T02:27:25.330+0000] {processor.py:809} INFO - DAG(s) dict_keys(['3-pythonoperator']) retrieved from /opt/airflow/dags/3_python_operator.py
[2026-09-13T02:27:25.422+0000] {logging_mixin.py:149} INFO - [2026-09-13T02:27:25.422+0000] {dag.py:2726} INFO - Sync 1 DAGs
[2026-09-13T02:27:25.496+0000] {logging_mixin.py:149} INFO - [2026-09-13T02:27:25.495+0000] {dag.py:3490} INFO - Setting next_dagrun for 3-pythonoperator to 2023-05-01T00:00:00+00:00, run_after=2023-05-01T00:00:00+00:00
[2026-09-13T02:27:25.561+0000] {processor.py:178} INFO - Processing /opt/airflow/dags/3_python_operator.py took 0.268 seconds
[2026-09-13T02:27:55.728+0000] {processor.py:156} INFO - Started process (PID=162885) to work on /opt/airflow/dags/3_python_operator.py
[2026-09-13T02:27:55.732+0000] {processor.py:799} INFO - Processing file /opt/airflow/dags/3_python_operator.py for tasks to queue
[2026-09-13T02:27:55.734+0000] {logging_mixin.py:149} INFO - [2026-09-13T02:27:55.734+0000] {dagbag.py:541} INFO - Filling up the DagBag from /opt/airflow/dags/3_python_operator.py
[2026-09-13T02:27:55.761+0000] {processor.py:809} INFO - DAG(s) dict_keys(['3-pythonoperator']) retrieved from /opt/airflow/dags/3_python_operator.py
[2026-09-13T02:27:55.855+0000] {logging_mixin.py:149} INFO - [2026-09-13T02:27:55.855+0000] {dag.py:2726} INFO - Sync 1 DAGs
[2026-09-13T02:27:55.920+0000] {logging_mixin.py:149} INFO - [2026-09-13T02:27:55.919+0000] {dag.py:3490} INFO - Setting next_dagrun for 3-pythonoperator to 2023-05-01T00:00:00+00:00, run_after=2023-05-01T00:00:00+00:00
[2026-09-13T02:27:55.980+0000] {processor.py:178} INFO - Processing /opt/airflow/dags/3_python_operator.py took 0.262 seconds
[2026-09-13T02:28:26.281+0000] {processor.py:156} INFO - Started process (PID=162900) to work on /opt/airflow/dags/3_python_operator.py
[2026-09-13T02:28:26.285+0000] {processor.py:799} INFO - Processing file /opt/airflow/dags/3_python_operator.py for tasks to queue
[2026-09-13T02:28:26.287+0000] {logging_mixin.py:149} INFO - [2026-09-13T02:28:26.287+0000] {dagbag.py:541} INFO - Filling up the DagBag from /opt/airflow/dags/3_python_operator.py
[2026-09-13T02:28:26.309+0000] {processor.py:809} INFO - DAG(s) dict_keys(['3-pythonoperator']) retrieved from /opt/airflow/dags/3_python_operator.py
[2026-09-13T02:28:26.382+0000] {logging_mixin.py:149} INFO - [2026-09-13T02:28:26.382+0000] {dag.py:2726} INFO - Sync 1 DAGs
[2026-09-13T02:28:26.429+0000] {logging_mixin.py:149} INFO - [2026-09-13T02:28:26.429+0000] {dag.py:3490} INFO - Setting next_dagrun for 3-pythonoperator to 2023-05-01T00:00:00+00:00, run_after=2023-05-01T00:00:00+00:00
[2026-09-13T02:28:26.459+0000] {processor.py:178} INFO - Processing /opt/airflow/dags/3_python_operator.py took 0.185 seconds
[2026-09-13T02:28:56.608+0000] {processor.py:156} INFO - Started process (PID=162914) to work on /opt/airflow/dags/3_python_operator.py
[2026-09-13T02:28:56.611+0000] {processor.py:799} INFO - Processing file /opt/airflow/dags/3_python_operator.py for tasks to queue
[2026-09-13T02:28:56.612+0000] {logging_mixin.py:149} INFO - [2026-09-13T02:28:56.612+0000] {dagbag.py:541} INFO - Filling up the DagBag from /opt/airflow/dags/3_python_operator.py
[2026-09-13T02:28:56.636+0000] {processor.py:809} INFO - DAG(s) dict_keys(['3-pythonoperator']) retrieved from /opt/airflow/dags/3_python_operator.py
[2026-09-13T02:28:56.694+0000] {logging_mixin.py:149} INFO - [2026-09-13T02:28:56.694+0000] {dag.py:2726} INFO - Sync 1 DAGs
[2026-09-13T02:28:56.734+0000] {logging_mixin.py:149} INFO - [2026-09-13T02:28:56.734+0000] {dag.py:3490} INFO - Setting next_dagrun for 3-pythonoperator to 2023-05-01T00:00:00+00:00, run_after=2023-05-01T00:00:00+00:00
[2026-09-13T02:28:56.768+0000] {processor.py:178} INFO - Processing /opt/airflow/dags/3_python_operator.py took 0.170 seconds
[2026-09-13T02:29:27.036+0000] {processor.py:156} INFO - Started process (PID=162929) to work on /opt/airflow/dags/3_python_operator.py
[2026-09-13T02:29:27.038+0000] {processor.py:799} INFO - Processing file /opt/airflow/dags/3_python_operator.py for tasks to queue
[2026-09-13T02:29:27.040+0000] {logging_mixin.py:149} INFO - [2026-09-13T02:29:27.040+0000] {dagbag.py:541} INFO - Filling up the DagBag from /opt/airflow/dags/3_python_operator.py
[2026-09-13T02:29:27.061+0000] {processor.py:809} INFO - DAG(s) dict_keys(['3-pythonoperator']) retrieved from /opt/airflow/dags/3_python_operator.py
[2026-09-13T02:29:27.119+0000] {logging_mixin.py:149} INFO - [2026-09-13T02:29:27.118+0000] {dag.py:2726} INFO - Sync 1 DAGs
[2026-09-13T02:29:27.164+0000] {logging_mixin.py:149} INFO - [2026-09-13T02:29:27.164+0000] {dag.py:3490} INFO - Setting next_dagrun for 3-pythonoperator to 2023-05-01T00:00:00+00:00, run_after=2023-05-01T00:00:00+00:00
[2026-09-13T02:29:27.188+0000] {processor.py:178} INFO - Processing /opt/airflow/dags/3_python_operator.py took 0.162 seconds
[2026-09-13T02:29:57.396+0000] {processor.py:156} INFO - Started process (PID=162943) to work on /opt/airflow/dags/3_python_operator.py
[2026-09-13T02:29:57.398+0000] {processor.py:799} INFO - Processing file /opt/airflow/dags/3_python_operator.py for tasks to queue
[2026-09-13T02:29:57.400+0000] {logging_mixin.py:149} INFO - [2026-09-13T02:29:57.399+0000] {dagbag.py:541} INFO - Filling up the DagBag from /opt/airflow/dags/3_python_operator.py
[2026-09-13T02:29:57.418+0000] {processor.py:809} INFO - DAG(s) dict_keys(['3-pythonoperator']) retrieved from /opt/airflow/dags/3_python_operator.py
[2026-09-13T02:29:57.482+0000] {logging_mixin.py:149} INFO - [2026-09-13T02:29:57.482+0000] {dag.py:2726} INFO - Sync 1 DAGs
[2026-09-13T02:29:57.518+0000] {logging_mixin.py:149} INFO - [2026-09-13T02:29:57.518+0000] {dag.py:3490} INFO - Setting next_dagrun for 3-pythonoperator to 2023-05-01T00:00:00+00:00, run_after=2023-05-01T00:00:00+00:00
[2026-09-13T02:29:57.554+0000] {processor.py:178} INFO - Processing /opt/airflow/dags/3_python_operator.py took 0.168 seconds
[2026-09-13T02:30:27.878+0000] {processor.py:156} INFO - Started process (PID=162958) to work on /opt/airflow/dags/3_python_operator.py
[2026-09-13T02:30:27.882+0000] {processor.py:799} INFO - Processing file /opt/airflow/dags/3_python_operator.py for tasks to queue
[2026-09-13T02:30:27.884+0000] {logging_mixin.py:149} INFO - [2026-09-13T02:30:27.884+0000] {dagbag.py:541} INFO - Filling up the DagBag from /opt/airflow/dags/3_python_operator.py
[2026-09-13T02:30:27.909+0000] {processor.py:809} INFO - DAG(s) dict_keys(['3-pythonoperator']) retrieved from /opt/airflow/dags/3_python_operator.py
[2026-09-13T02:30:27.997+0000] {logging_mixin.py:149} INFO - [2026-09-13T02:30:27.996+0000] {dag.py:2726} INFO - Sync 1 DAGs
[2026-09-13T02:30:28.057+0000] {logging_mixin.py:149} INFO - [2026-09-13T02:30:28.057+0000] {dag.py:3490} INFO - Setting next_dagrun for 3-pythonoperator to 2023-05-01T00:00:00+00:00, run_after=2023-05-01T00:00:00+00:00
[2026-09-13T02:30:28.110+0000] {processor.py:178} INFO - Processing /opt/airflow/dags/3_python_operator.py took 0.243 seconds
[2026-09-13T02:30:58.395+0000] {processor.py:156} INFO - Started process (PID=162972) to work on /opt/airflow/dags/3_python_operator.py
[2026-09-13T02:30:58.397+0000] {processor.py:799} INFO - Processing file /opt/airflow/dags/3_python_operator.py for tasks to queue
[2026-09-13T02:30:58.399+0000] {logging_mixin.py:149} INFO - [2026-09-13T02:30:58.399+0000] {dagbag.py:541} INFO - Filling up the DagBag from /opt/airflow/dags/3_python_operator.py
[2026-09-13T02:30:58.434+0000] {processor.py:809} INFO - DAG(s) dict_keys(['3-pythonoperator']) retrieved from /opt/airflow/dags/3_python_operator.py
[2026-09-13T02:30:58.507+0000] {logging_mixin.py:149} INFO - [2026-09-13T02:30:58.507+0000] {dag.py:2726} INFO - Sync 1 DAGs
[2026-09-13T02:30:58.583+0000] {logging_mixin.py:149} INFO - [2026-09-13T02:30:58.582+0000] {dag.py:3490} INFO - Setting next_dagrun for 3-pythonoperator to 2023-05-01T00:00:00+00:00, run_after=2023-05-01T00:00:00+00:00
[2026-09-13T02:30:58.653+0000] {processor.py:178} INFO - Processing /opt/airflow/dags/3_python_operator.py took 0.274 seconds
[2026-09-13T02:31:29.011+0000] {processor.py:156} INFO - Started process (PID=162986) to work on /opt/airflow/dags/3_python_operator.py
[2026-09-13T02:31:29.014+0000] {processor.py:799} INFO - Processing file /opt/airflow/dags/3_python_operator.py for tasks to queue
[2026-09-13T02:31:29.015+0000] {logging_mixin.py:149} INFO - [2026-09-13T02:31:29.015+0000] {dagbag.py:541} INFO - Filling up the DagBag from /opt/airflow/dags/3_python_operator.py
[2026-09-13T02:31:29.036+0000] {processor.py:809} INFO - DAG(s) dict_keys(['3-pythonoperator']) retrieved from /opt/airflow/dags/3_python_operator.py
[2026-09-13T02:31:29.091+0000] {logging_mixin.py:149} INFO - [2026-09-13T02:31:29.090+0000] {dag.py:2726} INFO - Sync 1 DAGs
[2026-09-13T02:31:29.145+0000] {logging_mixin.py:149} INFO - [2026-09-13T02:31:29.145+0000] {dag.py:3490} INFO - Setting next_dagrun for 3-pythonoperator to 2023-05-01T00:00:00+00:00, run_after=2023-05-01T00:00:00+00:00
[2026-09-13T02:31:29.178+0000] {processor.py:178} INFO - Processing /opt/airflow/dags/3_python_operator.py took 0.174 seconds
[2026-09-13T02:31:59.463+0000] {processor.py:156} INFO - Started process (PID=163000) to work on /opt/airflow/dags/3_python_operator.py
[2026-09-13T02:31:59.466+0000] {processor.py:799} INFO - Processing file /opt/airflow/dags/3_python_operator.py for tasks to queue
[2026-09-13T02:31:59.469+0000] {logging_mixin.py:149} INFO - [2026-09-13T02:31:59.468+0000] {dagbag.py:541} INFO - Filling up the DagBag from /opt/airflow/dags/3_python_operator.py
[2026-09-13T02:31:59.492+0000] {processor.py:809} INFO - DAG(s) dict_keys(['3-pythonoperator']) retrieved from /opt/airflow/dags/3_python_operator.py
[2026-09-13T02:31:59.562+0000] {logging_mixin.py:149} INFO - [2026-09-13T02:31:59.561+0000] {dag.py:2726} INFO - Sync 1 DAGs
[2026-09-13T02:31:59.630+0000] {logging_mixin.py:149} INFO - [2026-09-13T02:31:59.630+0000] {dag.py:3490} INFO - Setting next_dagrun for 3-pythonoperator to 2023-05-01T00:00:00+00:00, run_after=2023-05-01T00:00:00+00:00
[2026-09-13T02:31:59.684+0000] {processor.py:178} INFO - Processing /opt/airflow/dags/3_python_operator.py took 0.232 seconds
[2026-09-13T02:32:29.843+0000] {processor.py:156} INFO - Started process (PID=163015) to work on /opt/airflow/dags/3_python_operator.py
[2026-09-13T02:32:29.848+0000] {processor.py:799} INFO - Processing file /opt/airflow/dags/3_python_operator.py for tasks to queue
[2026-09-13T02:32:29.853+0000] {logging_mixin.py:149} INFO - [2026-09-13T02:32:29.852+0000] {dagbag.py:541} INFO - Filling up the DagBag from /opt/airflow/dags/3_python_operator.py
[2026-09-13T02:32:29.881+0000] {processor.py:809} INFO - DAG(s) dict_keys(['3-pythonoperator']) retrieved from /opt/airflow/dags/3_python_operator.py
[2026-09-13T02:32:29.975+0000] {logging_mixin.py:149} INFO - [2026-09-13T02:32:29.975+0000] {dag.py:2726} INFO - Sync 1 DAGs
[2026-09-13T02:32:30.058+0000] {logging_mixin.py:149} INFO - [2026-09-13T02:32:30.057+0000] {dag.py:3490} INFO - Setting next_dagrun for 3-pythonoperator to 2023-05-01T00:00:00+00:00, run_after=2023-05-01T00:00:00+00:00
[2026-09-13T02:32:30.118+0000] {processor.py:178} INFO - Processing /opt/airflow/dags/3_python_operator.py took 0.285 seconds
[2026-09-13T02:33:00.371+0000] {processor.py:156} INFO - Started process (PID=163029) to work on /opt/airflow/dags/3_python_operator.py
[2026-09-13T02:33:00.374+0000] {processor.py:799} INFO - Processing file /opt/airflow/dags/3_python_operator.py for tasks to queue
[2026-09-13T02:33:00.375+0000] {logging_mixin.py:149} INFO - [2026-09-13T02:33:00.375+0000] {dagbag.py:541} INFO - Filling up the DagBag from /opt/airflow/dags/3_python_operator.py
[2026-09-13T02:33:00.395+0000] {processor.py:809} INFO - DAG(s) dict_keys(['3-pythonoperator']) retrieved from /opt/airflow/dags/3_python_operator.py
[2026-09-13T02:33:00.493+0000] {logging_mixin.py:149} INFO - [2026-09-13T02:33:00.492+0000] {dag.py:2726} INFO - Sync 1 DAGs
[2026-09-13T02:33:00.567+0000] {logging_mixin.py:149} INFO - [2026-09-13T02:33:00.566+0000] {dag.py:3490} INFO - Setting next_dagrun for 3-pythonoperator to 2023-05-01T00:00:00+00:00, run_after=2023-05-01T00:00:00+00:00
[2026-09-13T02:33:00.606+0000] {processor.py:178} INFO - Processing /opt/airflow/dags/3_python_operator.py took 0.243 seconds
[2026-09-13T02:33:30.867+0000] {processor.py:156} INFO - Started process (PID=163043) to work on /opt/airflow/dags/3_python_operator.py
[2026-09-13T02:33:30.870+0000] {processor.py:799} INFO - Processing file /opt/airflow/dags/3_python_operator.py for tasks to queue
[2026-09-13T02:33:30.872+0000] {logging_mixin.py:149} INFO - [2026-09-13T02:33:30.872+0000] {dagbag.py:541} INFO - Filling up the DagBag from /opt/airflow/dags/3_python_operator.py
[2026-09-13T02:33:30.904+0000] {processor.py:809} INFO - DAG(s) dict_keys(['3-pythonoperator']) retrieved from /opt/airflow/dags/3_python_operator.py
[2026-09-13T02:33:30.961+0000] {logging_mixin.py:149} INFO - [2026-09-13T02:33:30.961+0000] {dag.py:2726} INFO - Sync 1 DAGs
[2026-09-13T02:33:31.004+0000] {logging_mixin.py:149} INFO - [2026-09-13T02:33:31.003+0000] {dag.py:3490} INFO - Setting next_dagrun for 3-pythonoperator to 2023-05-01T00:00:00+00:00, run_after=2023-05-01T00:00:00+00:00
[2026-09-13T02:33:31.044+0000] {processor.py:178} INFO - Processing /opt/airflow/dags/3_python_operator.py took 0.184 seconds
[2026-09-13T02:34:01.297+0000] {processor.py:156} INFO - Started process (PID=163057) to work on /opt/airflow/dags/3_python_operator.py
[2026-09-13T02:34:01.300+0000] {processor.py:799} INFO - Processing file /opt/airflow/dags/3_python_operator.py for tasks to queue
[2026-09-13T02:34:01.301+0000] {logging_mixin.py:149} INFO - [2026-09-13T02:34:01.301+0000] {dagbag.py:541} INFO - Filling up the DagBag from /opt/airflow/dags/3_python_operator.py
[2026-09-13T02:34:01.323+0000] {processor.py:809} INFO - DAG(s) dict_keys(['3-pythonoperator']) retrieved from /opt/airflow/dags/3_python_operator.py
[2026-09-13T02:34:01.391+0000] {logging_mixin.py:149} INFO - [2026-09-13T02:34:01.391+0000] {dag.py:2726} INFO - Sync 1 DAGs
[2026-09-13T02:34:01.458+0000] {logging_mixin.py:149} INFO - [2026-09-13T02:34:01.458+0000] {dag.py:3490} INFO - Setting next_dagrun for 3-pythonoperator to 2023-05-01T00:00:00+00:00, run_after=2023-05-01T00:00:00+00:00
[2026-09-13T02:34:01.525+0000] {processor.py:178} INFO - Processing /opt/airflow/dags/3_python_operator.py took 0.237 seconds
[2026-09-13T02:34:31.711+0000] {processor.py:156} INFO - Started process (PID=163070) to work on /opt/airflow/dags/3_python_operator.py
[2026-09-13T02:34:31.713+0000] {processor.py:799} INFO - Processing file /opt/airflow/dags/3_python_operator.py for tasks to queue
[2026-09-13T02:34:31.714+0000] {logging_mixin.py:149} INFO - [2026-09-13T02:34:31.714+0000] {dagbag.py:541} INFO - Filling up the DagBag from /opt/airflow/dags/3_python_operator.py
[2026-09-13T02:34:31.727+0000] {processor.py:809} INFO - DAG(s) dict_keys(['3-pythonoperator']) retrieved from /opt/airflow/dags/3_python_operator.py
[2026-09-13T02:34:31.809+0000] {logging_mixin.py:149} INFO - [2026-09-13T02:34:31.809+0000] {dag.py:2726} INFO - Sync 1 DAGs
[2026-09-13T02:34:31.851+0000] {logging_mixin.py:149} INFO - [2026-09-13T02:34:31.850+0000] {dag.py:3490} INFO - Setting next_dagrun for 3-pythonoperator to 2023-05-01T00:00:00+00:00, run_after=2023-05-01T00:00:00+00:00
[2026-09-13T02:34:31.898+0000] {processor.py:178} INFO - Processing /opt/airflow/dags/3_python_operator.py took 0.193 seconds
[2026-09-13T02:35:02.113+0000] {processor.py:156} INFO - Started process (PID=163084) to work on /opt/airflow/dags/3_python_operator.py
[2026-09-13T02:35:02.117+0000] {processor.py:799} INFO - Processing file /opt/airflow/dags/3_python_operator.py for tasks to queue
[2026-09-13T02:35:02.119+0000] {logging_mixin.py:149} INFO - [2026-09-13T02:35:02.118+0000] {dagbag.py:541} INFO - Filling up the DagBag from /opt/airflow/dags/3_python_operator.py
[2026-09-13T02:35:02.145+0000] {processor.py:809} INFO - DAG(s) dict_keys(['3-pythonoperator']) retrieved from /opt/airflow/dags/3_python_operator.py
[2026-09-13T02:35:02.228+0000] {logging_mixin.py:149} INFO - [2026-09-13T02:35:02.228+0000] {dag.py:2726} INFO - Sync 1 DAGs
[2026-09-13T02:35:02.281+0000] {logging_mixin.py:149} INFO - [2026-09-13T02:35:02.280+0000] {dag.py:3490} INFO - Setting next_dagrun for 3-pythonoperator to 2023-05-01T00:00:00+00:00, run_after=2023-05-01T00:00:00+00:00
[2026-09-13T02:35:02.352+0000] {processor.py:178} INFO - Processing /opt/airflow/dags/3_python_operator.py took 0.250 seconds
[2026-09-13T02:35:32.599+0000] {processor.py:156} INFO - Started process (PID=163098) to work on /opt/airflow/dags/3_python_operator.py
[2026-09-13T02:35:32.603+0000] {processor.py:799} INFO - Processing file /opt/airflow/dags/3_python_operator.py for tasks to queue
[2026-09-13T02:35:32.604+0000] {logging_mixin.py:149} INFO - [2026-09-13T02:35:32.604+0000] {dagbag.py:541} INFO - Filling up the DagBag from /opt/airflow/dags/3_python_operator.py
[2026-09-13T02:35:32.630+0000] {processor.py:809} INFO - DAG(s) dict_keys(['3-pythonoperator']) retrieved from /opt/airflow/dags/3_python_operator.py
[2026-09-13T02:35:32.711+0000] {logging_mixin.py:149} INFO - [2026-09-13T02:35:32.711+0000] {dag.py:2726} INFO - Sync 1 DAGs
[2026-09-13T02:35:32.779+0000] {logging_mixin.py:149} INFO - [2026-09-13T02:35:32.778+0000] {dag.py:3490} INFO - Setting next_dagrun for 3-pythonoperator to 2023-05-01T00:00:00+00:00, run_after=2023-05-01T00:00:00+00:00
[2026-09-13T02:35:32.858+0000] {processor.py:178} INFO - Processing /opt/airflow/dags/3_python_operator.py took 0.270 seconds
[2026-09-13T02:36:03.146+0000] {processor.py:156} INFO - Started process (PID=163113) to work on /opt/airflow/dags/3_python_operator.py
[2026-09-13T02:36:03.152+0000] {processor.py:799} INFO - Processing file /opt/airflow/dags/3_python_operator.py for tasks to queue
[2026-09-13T02:36:03.155+0000] {logging_mixin.py:149} INFO - [2026-09-13T02:36:03.154+0000] {dagbag.py:541} INFO - Filling up the DagBag from /opt/airflow/dags/3_python_operator.py
[2026-09-13T02:36:03.186+0000] {processor.py:809} INFO - DAG(s) dict_keys(['3-pythonoperator']) retrieved from /opt/airflow/dags/3_python_operator.py
[2026-09-13T02:36:03.274+0000] {logging_mixin.py:149} INFO - [2026-09-13T02:36:03.274+0000] {dag.py:2726} INFO - Sync 1 DAGs
[2026-09-13T02:36:03.348+0000] {logging_mixin.py:149} INFO - [2026-09-13T02:36:03.348+0000] {dag.py:3490} INFO - Setting next_dagrun for 3-pythonoperator to 2023-05-01T00:00:00+00:00, run_after=2023-05-01T00:00:00+00:00
[2026-09-13T02:36:03.407+0000] {processor.py:178} INFO - Processing /opt/airflow/dags/3_python_operator.py took 0.274 seconds
[2026-09-13T02:36:33.635+0000] {processor.py:156} INFO - Started process (PID=163127) to work on /opt/airflow/dags/3_python_operator.py
[2026-09-13T02:36:33.639+0000] {processor.py:799} INFO - Processing file /opt/airflow/dags/3_python_operator.py for tasks to queue
[2026-09-13T02:36:33.641+0000] {logging_mixin.py:149} INFO - [2026-09-13T02:36:33.641+0000] {dagbag.py:541} INFO - Filling up the DagBag from /opt/airflow/dags/3_python_operator.py
[2026-09-13T02:36:33.668+0000] {processor.py:809} INFO - DAG(s) dict_keys(['3-pythonoperator']) retrieved from /opt/airflow/dags/3_python_operator.py
[2026-09-13T02:36:33.764+0000] {logging_mixin.py:149} INFO - [2026-09-13T02:36:33.764+0000] {dag.py:2726} INFO - Sync 1 DAGs
[2026-09-13T02:36:33.830+0000] {logging_mixin.py:149} INFO - [2026-09-13T02:36:33.830+0000] {dag.py:3490} INFO - Setting next_dagrun for 3-pythonoperator to 2023-05-01T00:00:00+00:00, run_after=2023-05-01T00:00:00+00:00
[2026-09-13T02:36:33.878+0000] {processor.py:178} INFO - Processing /opt/airflow/dags/3_python_operator.py took 0.254 seconds
[2026-09-13T02:37:04.203+0000] {processor.py:156} INFO - Started process (PID=163141) to work on /opt/airflow/dags/3_python_operator.py
[2026-09-13T02:37:04.206+0000] {processor.py:799} INFO - Processing file /opt/airflow/dags/3_python_operator.py for tasks to queue
[2026-09-13T02:37:04.208+0000] {logging_mixin.py:149} INFO - [2026-09-13T02:37:04.208+0000] {dagbag.py:541} INFO - Filling up the DagBag from /opt/airflow/dags/3_python_operator.py
[2026-09-13T02:37:04.242+0000] {processor.py:809} INFO - DAG(s) dict_keys(['3-pythonoperator']) retrieved from /opt/airflow/dags/3_python_operator.py
[2026-09-13T02:37:04.306+0000] {logging_mixin.py:149} INFO - [2026-09-13T02:37:04.306+0000] {dag.py:2726} INFO - Sync 1 DAGs
[2026-09-13T02:37:04.352+0000] {logging_mixin.py:149} INFO - [2026-09-13T02:37:04.351+0000] {dag.py:3490} INFO - Setting next_dagrun for 3-pythonoperator to 2023-05-01T00:00:00+00:00, run_after=2023-05-01T00:00:00+00:00
[2026-09-13T02:37:04.377+0000] {processor.py:178} INFO - Processing /opt/airflow/dags/3_python_operator.py took 0.187 seconds
[2026-09-13T02:37:34.628+0000] {processor.py:156} INFO - Started process (PID=163156) to work on /opt/airflow/dags/3_python_operator.py
[2026-09-13T02:37:34.631+0000] {processor.py:799} INFO - Processing file /opt/airflow/dags/3_python_operator.py for tasks to queue
[2026-09-13T02:37:34.632+0000] {logging_mixin.py:149} INFO - [2026-09-13T02:37:34.632+0000] {dagbag.py:541} INFO - Filling up the DagBag from /opt/airflow/dags/3_python_operator.py
[2026-09-13T02:37:34.653+0000] {processor.py:809} INFO - DAG(s) dict_keys(['3-pythonoperator']) retrieved from /opt/airflow/dags/3_python_operator.py
[2026-09-13T02:37:34.710+0000] {logging_mixin.py:149} INFO - [2026-09-13T02:37:34.710+0000] {dag.py:2726} INFO - Sync 1 DAGs
[2026-09-13T02:37:34.750+0000] {logging_mixin.py:149} INFO - [2026-09-13T02:37:34.750+0000] {dag.py:3490} INFO - Setting next_dagrun for 3-pythonoperator to 2023-05-01T00:00:00+00:00, run_after=2023-05-01T00:00:00+00:00
[2026-09-13T02:37:34.793+0000] {processor.py:178} INFO - Processing /opt/airflow/dags/3_python_operator.py took 0.174 seconds
[2026-09-13T02:38:05.003+0000] {processor.py:156} INFO - Started process (PID=163170) to work on /opt/airflow/dags/3_python_operator.py
[2026-09-13T02:38:05.006+0000] {processor.py:799} INFO - Processing file /opt/airflow/dags/3_python_operator.py for tasks to queue
[2026-09-13T02:38:05.008+0000] {logging_mixin.py:149} INFO - [2026-09-13T02:38:05.008+0000] {dagbag.py:541} INFO - Filling up the DagBag from /opt/airflow/dags/3_python_operator.py
[2026-09-13T02:38:05.033+0000] {processor.py:809} INFO - DAG(s) dict_keys(['3-pythonoperator']) retrieved from /opt/airflow/dags/3_python_operator.py
[2026-09-13T02:38:05.132+0000] {logging_mixin.py:149} INFO - [2026-09-13T02:38:05.131+0000] {dag.py:2726} INFO - Sync 1 DAGs
[2026-09-13T02:38:05.201+0000] {logging_mixin.py:149} INFO - [2026-09-13T02:38:05.201+0000] {dag.py:3490} INFO - Setting next_dagrun for 3-pythonoperator to 2023-05-01T00:00:00+00:00, run_after=2023-05-01T00:00:00+00:00
[2026-09-13T02:38:05.252+0000] {processor.py:178} INFO - Processing /opt/airflow/dags/3_python_operator.py took 0.260 seconds
[2026-09-13T02:38:35.598+0000] {processor.py:156} INFO - Started process (PID=163184) to work on /opt/airflow/dags/3_python_operator.py
[2026-09-13T02:38:35.604+0000] {processor.py:799} INFO - Processing file /opt/airflow/dags/3_python_operator.py for tasks to queue
[2026-09-13T02:38:35.606+0000] {logging_mixin.py:149} INFO - [2026-09-13T02:38:35.605+0000] {dagbag.py:541} INFO - Filling up the DagBag from /opt/airflow/dags/3_python_operator.py
[2026-09-13T02:38:35.646+0000] {processor.py:809} INFO - DAG(s) dict_keys(['3-pythonoperator']) retrieved from /opt/airflow/dags/3_python_operator.py
[2026-09-13T02:38:35.757+0000] {logging_mixin.py:149} INFO - [2026-09-13T02:38:35.757+0000] {dag.py:2726} INFO - Sync 1 DAGs
[2026-09-13T02:38:35.810+0000] {logging_mixin.py:149} INFO - [2026-09-13T02:38:35.809+0000] {dag.py:3490} INFO - Setting next_dagrun for 3-pythonoperator to 2023-05-01T00:00:00+00:00, run_after=2023-05-01T00:00:00+00:00
[2026-09-13T02:38:35.852+0000] {processor.py:178} INFO - Processing /opt/airflow/dags/3_python_operator.py took 0.270 seconds
[2026-09-13T02:39:06.125+0000] {processor.py:156} INFO - Started process (PID=163198) to work on /opt/airflow/dags/3_python_operator.py
[2026-09-13T02:39:06.129+0000] {processor.py:799} INFO - Processing file /opt/airflow/dags/3_python_operator.py for tasks to queue
[2026-09-13T02:39:06.131+0000] {logging_mixin.py:149} INFO - [2026-09-13T02:39:06.130+0000] {dagbag.py:541} INFO - Filling up the DagBag from /opt/airflow/dags/3_python_operator.py
[2026-09-13T02:39:06.156+0000] {processor.py:809} INFO - DAG(s) dict_keys(['3-pythonoperator']) retrieved from /opt/airflow/dags/3_python_operator.py
[2026-09-13T02:39:06.236+0000] {logging_mixin.py:149} INFO - [2026-09-13T02:39:06.235+0000] {dag.py:2726} INFO - Sync 1 DAGs
[2026-09-13T02:39:06.301+0000] {logging_mixin.py:149} INFO - [2026-09-13T02:39:06.300+0000] {dag.py:3490} INFO - Setting next_dagrun for 3-pythonoperator to 2023-05-01T00:00:00+00:00, run_after=2023-05-01T00:00:00+00:00
[2026-09-13T02:39:06.342+0000] {processor.py:178} INFO - Processing /opt/airflow/dags/3_python_operator.py took 0.231 seconds
[2026-09-13T02:39:36.648+0000] {processor.py:156} INFO - Started process (PID=163212) to work on /opt/airflow/dags/3_python_operator.py
[2026-09-13T02:39:36.651+0000] {processor.py:799} INFO - Processing file /opt/airflow/dags/3_python_operator.py for tasks to queue
[2026-09-13T02:39:36.653+0000] {logging_mixin.py:149} INFO - [2026-09-13T02:39:36.652+0000] {dagbag.py:541} INFO - Filling up the DagBag from /opt/airflow/dags/3_python_operator.py
[2026-09-13T02:39:36.674+0000] {processor.py:809} INFO - DAG(s) dict_keys(['3-pythonoperator']) retrieved from /opt/airflow/dags/3_python_operator.py
[2026-09-13T02:39:36.740+0000] {logging_mixin.py:149} INFO - [2026-09-13T02:39:36.739+0000] {dag.py:2726} INFO - Sync 1 DAGs
[2026-09-13T02:39:36.781+0000] {logging_mixin.py:149} INFO - [2026-09-13T02:39:36.781+0000] {dag.py:3490} INFO - Setting next_dagrun for 3-pythonoperator to 2023-05-01T00:00:00+00:00, run_after=2023-05-01T00:00:00+00:00
[2026-09-13T02:39:36.810+0000] {processor.py:178} INFO - Processing /opt/airflow/dags/3_python_operator.py took 0.170 seconds
[2026-09-13T02:40:07.131+0000] {processor.py:156} INFO - Started process (PID=163227) to work on /opt/airflow/dags/3_python_operator.py
[2026-09-13T02:40:07.140+0000] {processor.py:799} INFO - Processing file /opt/airflow/dags/3_python_operator.py for tasks to queue
[2026-09-13T02:40:07.143+0000] {logging_mixin.py:149} INFO - [2026-09-13T02:40:07.142+0000] {dagbag.py:541} INFO - Filling up the DagBag from /opt/airflow/dags/3_python_operator.py
[2026-09-13T02:40:07.173+0000] {processor.py:809} INFO - DAG(s) dict_keys(['3-pythonoperator']) retrieved from /opt/airflow/dags/3_python_operator.py
[2026-09-13T02:40:07.263+0000] {logging_mixin.py:149} INFO - [2026-09-13T02:40:07.263+0000] {dag.py:2726} INFO - Sync 1 DAGs
[2026-09-13T02:40:07.340+0000] {logging_mixin.py:149} INFO - [2026-09-13T02:40:07.339+0000] {dag.py:3490} INFO - Setting next_dagrun for 3-pythonoperator to 2023-05-01T00:00:00+00:00, run_after=2023-05-01T00:00:00+00:00
[2026-09-13T02:40:07.392+0000] {processor.py:178} INFO - Processing /opt/airflow/dags/3_python_operator.py took 0.273 seconds
[2026-09-13T02:40:37.674+0000] {processor.py:156} INFO - Started process (PID=163242) to work on /opt/airflow/dags/3_python_operator.py
[2026-09-13T02:40:37.678+0000] {processor.py:799} INFO - Processing file /opt/airflow/dags/3_python_operator.py for tasks to queue
[2026-09-13T02:40:37.681+0000] {logging_mixin.py:149} INFO - [2026-09-13T02:40:37.680+0000] {dagbag.py:541} INFO - Filling up the DagBag from /opt/airflow/dags/3_python_operator.py
[2026-09-13T02:40:37.708+0000] {processor.py:809} INFO - DAG(s) dict_keys(['3-pythonoperator']) retrieved from /opt/airflow/dags/3_python_operator.py
[2026-09-13T02:40:37.759+0000] {logging_mixin.py:149} INFO - [2026-09-13T02:40:37.758+0000] {dag.py:2726} INFO - Sync 1 DAGs
[2026-09-13T02:40:37.798+0000] {logging_mixin.py:149} INFO - [2026-09-13T02:40:37.797+0000] {dag.py:3490} INFO - Setting next_dagrun for 3-pythonoperator to 2023-05-01T00:00:00+00:00, run_after=2023-05-01T00:00:00+00:00
[2026-09-13T02:40:37.875+0000] {processor.py:178} INFO - Processing /opt/airflow/dags/3_python_operator.py took 0.211 seconds
[2026-09-13T02:41:08.120+0000] {processor.py:156} INFO - Started process (PID=163256) to work on /opt/airflow/dags/3_python_operator.py
[2026-09-13T02:41:08.123+0000] {processor.py:799} INFO - Processing file /opt/airflow/dags/3_python_operator.py for tasks to queue
[2026-09-13T02:41:08.125+0000] {logging_mixin.py:149} INFO - [2026-09-13T02:41:08.124+0000] {dagbag.py:541} INFO - Filling up the DagBag from /opt/airflow/dags/3_python_operator.py
[2026-09-13T02:41:08.150+0000] {processor.py:809} INFO - DAG(s) dict_keys(['3-pythonoperator']) retrieved from /opt/airflow/dags/3_python_operator.py
[2026-09-13T02:41:08.210+0000] {logging_mixin.py:149} INFO - [2026-09-13T02:41:08.210+0000] {dag.py:2726} INFO - Sync 1 DAGs
[2026-09-13T02:41:08.256+0000] {logging_mixin.py:149} INFO - [2026-09-13T02:41:08.253+0000] {dag.py:3490} INFO - Setting next_dagrun for 3-pythonoperator to 2023-05-01T00:00:00+00:00, run_after=2023-05-01T00:00:00+00:00
[2026-09-13T02:41:08.297+0000] {processor.py:178} INFO - Processing /opt/airflow/dags/3_python_operator.py took 0.186 seconds
[2026-09-13T02:41:38.570+0000] {processor.py:156} INFO - Started process (PID=163269) to work on /opt/airflow/dags/3_python_operator.py
[2026-09-13T02:41:38.573+0000] {processor.py:799} INFO - Processing file /opt/airflow/dags/3_python_operator.py for tasks to queue
[2026-09-13T02:41:38.577+0000] {logging_mixin.py:149} INFO - [2026-09-13T02:41:38.577+0000] {dagbag.py:541} INFO - Filling up the DagBag from /opt/airflow/dags/3_python_operator.py
[2026-09-13T02:41:38.607+0000] {processor.py:809} INFO - DAG(s) dict_keys(['3-pythonoperator']) retrieved from /opt/airflow/dags/3_python_operator.py
[2026-09-13T02:41:38.689+0000] {logging_mixin.py:149} INFO - [2026-09-13T02:41:38.689+0000] {dag.py:2726} INFO - Sync 1 DAGs
[2026-09-13T02:41:38.772+0000] {logging_mixin.py:149} INFO - [2026-09-13T02:41:38.771+0000] {dag.py:3490} INFO - Setting next_dagrun for 3-pythonoperator to 2023-05-01T00:00:00+00:00, run_after=2023-05-01T00:00:00+00:00
[2026-09-13T02:41:38.809+0000] {processor.py:178} INFO - Processing /opt/airflow/dags/3_python_operator.py took 0.251 seconds
[2026-09-13T02:42:08.904+0000] {processor.py:156} INFO - Started process (PID=163283) to work on /opt/airflow/dags/3_python_operator.py
[2026-09-13T02:42:08.908+0000] {processor.py:799} INFO - Processing file /opt/airflow/dags/3_python_operator.py for tasks to queue
[2026-09-13T02:42:08.910+0000] {logging_mixin.py:149} INFO - [2026-09-13T02:42:08.909+0000] {dagbag.py:541} INFO - Filling up the DagBag from /opt/airflow/dags/3_python_operator.py
[2026-09-13T02:42:08.934+0000] {processor.py:809} INFO - DAG(s) dict_keys(['3-pythonoperator']) retrieved from /opt/airflow/dags/3_python_operator.py
[2026-09-13T02:42:09.023+0000] {logging_mixin.py:149} INFO - [2026-09-13T02:42:09.022+0000] {dag.py:2726} INFO - Sync 1 DAGs
[2026-09-13T02:42:09.103+0000] {logging_mixin.py:149} INFO - [2026-09-13T02:42:09.102+0000] {dag.py:3490} INFO - Setting next_dagrun for 3-pythonoperator to 2023-05-01T00:00:00+00:00, run_after=2023-05-01T00:00:00+00:00
[2026-09-13T02:42:09.173+0000] {processor.py:178} INFO - Processing /opt/airflow/dags/3_python_operator.py took 0.280 seconds
[2026-09-13T02:42:39.303+0000] {processor.py:156} INFO - Started process (PID=163297) to work on /opt/airflow/dags/3_python_operator.py
[2026-09-13T02:42:39.306+0000] {processor.py:799} INFO - Processing file /opt/airflow/dags/3_python_operator.py for tasks to queue
[2026-09-13T02:42:39.308+0000] {logging_mixin.py:149} INFO - [2026-09-13T02:42:39.308+0000] {dagbag.py:541} INFO - Filling up the DagBag from /opt/airflow/dags/3_python_operator.py
[2026-09-13T02:42:39.343+0000] {processor.py:809} INFO - DAG(s) dict_keys(['3-pythonoperator']) retrieved from /opt/airflow/dags/3_python_operator.py
[2026-09-13T02:42:39.445+0000] {logging_mixin.py:149} INFO - [2026-09-13T02:42:39.445+0000] {dag.py:2726} INFO - Sync 1 DAGs
[2026-09-13T02:42:39.523+0000] {logging_mixin.py:149} INFO - [2026-09-13T02:42:39.523+0000] {dag.py:3490} INFO - Setting next_dagrun for 3-pythonoperator to 2023-05-01T00:00:00+00:00, run_after=2023-05-01T00:00:00+00:00
[2026-09-13T02:42:39.567+0000] {processor.py:178} INFO - Processing /opt/airflow/dags/3_python_operator.py took 0.273 seconds
[2026-09-13T02:43:09.791+0000] {processor.py:156} INFO - Started process (PID=163311) to work on /opt/airflow/dags/3_python_operator.py
[2026-09-13T02:43:09.795+0000] {processor.py:799} INFO - Processing file /opt/airflow/dags/3_python_operator.py for tasks to queue
[2026-09-13T02:43:09.797+0000] {logging_mixin.py:149} INFO - [2026-09-13T02:43:09.796+0000] {dagbag.py:541} INFO - Filling up the DagBag from /opt/airflow/dags/3_python_operator.py
[2026-09-13T02:43:09.823+0000] {processor.py:809} INFO - DAG(s) dict_keys(['3-pythonoperator']) retrieved from /opt/airflow/dags/3_python_operator.py
[2026-09-13T02:43:09.881+0000] {logging_mixin.py:149} INFO - [2026-09-13T02:43:09.881+0000] {dag.py:2726} INFO - Sync 1 DAGs
[2026-09-13T02:43:09.959+0000] {logging_mixin.py:149} INFO - [2026-09-13T02:43:09.959+0000] {dag.py:3490} INFO - Setting next_dagrun for 3-pythonoperator to 2023-05-01T00:00:00+00:00, run_after=2023-05-01T00:00:00+00:00
[2026-09-13T02:43:10.023+0000] {processor.py:178} INFO - Processing /opt/airflow/dags/3_python_operator.py took 0.245 seconds
[2026-09-13T02:43:40.334+0000] {processor.py:156} INFO - Started process (PID=163326) to work on /opt/airflow/dags/3_python_operator.py
[2026-09-13T02:43:40.338+0000] {processor.py:799} INFO - Processing file /opt/airflow/dags/3_python_operator.py for tasks to queue
[2026-09-13T02:43:40.340+0000] {logging_mixin.py:149} INFO - [2026-09-13T02:43:40.340+0000] {dagbag.py:541} INFO - Filling up the DagBag from /opt/airflow/dags/3_python_operator.py
[2026-09-13T02:43:40.364+0000] {processor.py:809} INFO - DAG(s) dict_keys(['3-pythonoperator']) retrieved from /opt/airflow/dags/3_python_operator.py
[2026-09-13T02:43:40.423+0000] {logging_mixin.py:149} INFO - [2026-09-13T02:43:40.422+0000] {dag.py:2726} INFO - Sync 1 DAGs
[2026-09-13T02:43:40.458+0000] {logging_mixin.py:149} INFO - [2026-09-13T02:43:40.457+0000] {dag.py:3490} INFO - Setting next_dagrun for 3-pythonoperator to 2023-05-01T00:00:00+00:00, run_after=2023-05-01T00:00:00+00:00
[2026-09-13T02:43:40.483+0000] {processor.py:178} INFO - Processing /opt/airflow/dags/3_python_operator.py took 0.159 seconds
[2026-09-13T02:44:10.737+0000] {processor.py:156} INFO - Started process (PID=163341) to work on /opt/airflow/dags/3_python_operator.py
[2026-09-13T02:44:10.741+0000] {processor.py:799} INFO - Processing file /opt/airflow/dags/3_python_operator.py for tasks to queue
[2026-09-13T02:44:10.743+0000] {logging_mixin.py:149} INFO - [2026-09-13T02:44:10.742+0000] {dagbag.py:541} INFO - Filling up the DagBag from /opt/airflow/dags/3_python_operator.py
[2026-09-13T02:44:10.768+0000] {processor.py:809} INFO - DAG(s) dict_keys(['3-pythonoperator']) retrieved from /opt/airflow/dags/3_python_operator.py
[2026-09-13T02:44:10.867+0000] {logging_mixin.py:149} INFO - [2026-09-13T02:44:10.866+0000] {dag.py:2726} INFO - Sync 1 DAGs
[2026-09-13T02:44:10.943+0000] {logging_mixin.py:149} INFO - [2026-09-13T02:44:10.942+0000] {dag.py:3490} INFO - Setting next_dagrun for 3-pythonoperator to 2023-05-01T00:00:00+00:00, run_after=2023-05-01T00:00:00+00:00
[2026-09-13T02:44:11.002+0000] {processor.py:178} INFO - Processing /opt/airflow/dags/3_python_operator.py took 0.276 seconds
[2026-09-13T02:44:41.228+0000] {processor.py:156} INFO - Started process (PID=163355) to work on /opt/airflow/dags/3_python_operator.py
[2026-09-13T02:44:41.232+0000] {processor.py:799} INFO - Processing file /opt/airflow/dags/3_python_operator.py for tasks to queue
[2026-09-13T02:44:41.234+0000] {logging_mixin.py:149} INFO - [2026-09-13T02:44:41.233+0000] {dagbag.py:541} INFO - Filling up the DagBag from /opt/airflow/dags/3_python_operator.py
[2026-09-13T02:44:41.260+0000] {processor.py:809} INFO - DAG(s) dict_keys(['3-pythonoperator']) retrieved from /opt/airflow/dags/3_python_operator.py
[2026-09-13T02:44:41.362+0000] {logging_mixin.py:149} INFO - [2026-09-13T02:44:41.361+0000] {dag.py:2726} INFO - Sync 1 DAGs
[2026-09-13T02:44:41.420+0000] {logging_mixin.py:149} INFO - [2026-09-13T02:44:41.419+0000] {dag.py:3490} INFO - Setting next_dagrun for 3-pythonoperator to 2023-05-01T00:00:00+00:00, run_after=2023-05-01T00:00:00+00:00
[2026-09-13T02:44:41.454+0000] {processor.py:178} INFO - Processing /opt/airflow/dags/3_python_operator.py took 0.236 seconds
[2026-09-13T02:45:11.596+0000] {processor.py:156} INFO - Started process (PID=163369) to work on /opt/airflow/dags/3_python_operator.py
[2026-09-13T02:45:11.599+0000] {processor.py:799} INFO - Processing file /opt/airflow/dags/3_python_operator.py for tasks to queue
[2026-09-13T02:45:11.602+0000] {logging_mixin.py:149} INFO - [2026-09-13T02:45:11.601+0000] {dagbag.py:541} INFO - Filling up the DagBag from /opt/airflow/dags/3_python_operator.py
[2026-09-13T02:45:11.630+0000] {processor.py:809} INFO - DAG(s) dict_keys(['3-pythonoperator']) retrieved from /opt/airflow/dags/3_python_operator.py
[2026-09-13T02:45:11.689+0000] {logging_mixin.py:149} INFO - [2026-09-13T02:45:11.688+0000] {dag.py:2726} INFO - Sync 1 DAGs
[2026-09-13T02:45:11.732+0000] {logging_mixin.py:149} INFO - [2026-09-13T02:45:11.731+0000] {dag.py:3490} INFO - Setting next_dagrun for 3-pythonoperator to 2023-05-01T00:00:00+00:00, run_after=2023-05-01T00:00:00+00:00
[2026-09-13T02:45:11.773+0000] {processor.py:178} INFO - Processing /opt/airflow/dags/3_python_operator.py took 0.194 seconds
[2026-09-13T02:45:41.872+0000] {processor.py:156} INFO - Started process (PID=163382) to work on /opt/airflow/dags/3_python_operator.py
[2026-09-13T02:45:41.876+0000] {processor.py:799} INFO - Processing file /opt/airflow/dags/3_python_operator.py for tasks to queue
[2026-09-13T02:45:41.878+0000] {logging_mixin.py:149} INFO - [2026-09-13T02:45:41.878+0000] {dagbag.py:541} INFO - Filling up the DagBag from /opt/airflow/dags/3_python_operator.py
[2026-09-13T02:45:41.900+0000] {processor.py:809} INFO - DAG(s) dict_keys(['3-pythonoperator']) retrieved from /opt/airflow/dags/3_python_operator.py
[2026-09-13T02:45:41.989+0000] {logging_mixin.py:149} INFO - [2026-09-13T02:45:41.988+0000] {dag.py:2726} INFO - Sync 1 DAGs
[2026-09-13T02:45:42.091+0000] {logging_mixin.py:149} INFO - [2026-09-13T02:45:42.091+0000] {dag.py:3490} INFO - Setting next_dagrun for 3-pythonoperator to 2023-05-01T00:00:00+00:00, run_after=2023-05-01T00:00:00+00:00
[2026-09-13T02:45:42.146+0000] {processor.py:178} INFO - Processing /opt/airflow/dags/3_python_operator.py took 0.282 seconds
[2026-09-13T02:46:12.343+0000] {processor.py:156} INFO - Started process (PID=163397) to work on /opt/airflow/dags/3_python_operator.py
[2026-09-13T02:46:12.347+0000] {processor.py:799} INFO - Processing file /opt/airflow/dags/3_python_operator.py for tasks to queue
[2026-09-13T02:46:12.349+0000] {logging_mixin.py:149} INFO - [2026-09-13T02:46:12.348+0000] {dagbag.py:541} INFO - Filling up the DagBag from /opt/airflow/dags/3_python_operator.py
[2026-09-13T02:46:12.371+0000] {processor.py:809} INFO - DAG(s) dict_keys(['3-pythonoperator']) retrieved from /opt/airflow/dags/3_python_operator.py
[2026-09-13T02:46:12.445+0000] {logging_mixin.py:149} INFO - [2026-09-13T02:46:12.444+0000] {dag.py:2726} INFO - Sync 1 DAGs
[2026-09-13T02:46:12.483+0000] {logging_mixin.py:149} INFO - [2026-09-13T02:46:12.482+0000] {dag.py:3490} INFO - Setting next_dagrun for 3-pythonoperator to 2023-05-01T00:00:00+00:00, run_after=2023-05-01T00:00:00+00:00
[2026-09-13T02:46:12.520+0000] {processor.py:178} INFO - Processing /opt/airflow/dags/3_python_operator.py took 0.188 seconds
[2026-09-13T02:46:42.717+0000] {processor.py:156} INFO - Started process (PID=163412) to work on /opt/airflow/dags/3_python_operator.py
[2026-09-13T02:46:42.721+0000] {processor.py:799} INFO - Processing file /opt/airflow/dags/3_python_operator.py for tasks to queue
[2026-09-13T02:46:42.723+0000] {logging_mixin.py:149} INFO - [2026-09-13T02:46:42.723+0000] {dagbag.py:541} INFO - Filling up the DagBag from /opt/airflow/dags/3_python_operator.py
[2026-09-13T02:46:42.748+0000] {processor.py:809} INFO - DAG(s) dict_keys(['3-pythonoperator']) retrieved from /opt/airflow/dags/3_python_operator.py
[2026-09-13T02:46:42.846+0000] {logging_mixin.py:149} INFO - [2026-09-13T02:46:42.846+0000] {dag.py:2726} INFO - Sync 1 DAGs
[2026-09-13T02:46:42.923+0000] {logging_mixin.py:149} INFO - [2026-09-13T02:46:42.922+0000] {dag.py:3490} INFO - Setting next_dagrun for 3-pythonoperator to 2023-05-01T00:00:00+00:00, run_after=2023-05-01T00:00:00+00:00
[2026-09-13T02:46:42.993+0000] {processor.py:178} INFO - Processing /opt/airflow/dags/3_python_operator.py took 0.286 seconds
[2026-09-13T02:47:13.268+0000] {processor.py:156} INFO - Started process (PID=163425) to work on /opt/airflow/dags/3_python_operator.py
[2026-09-13T02:47:13.275+0000] {processor.py:799} INFO - Processing file /opt/airflow/dags/3_python_operator.py for tasks to queue
[2026-09-13T02:47:13.277+0000] {logging_mixin.py:149} INFO - [2026-09-13T02:47:13.277+0000] {dagbag.py:541} INFO - Filling up the DagBag from /opt/airflow/dags/3_python_operator.py
[2026-09-13T02:47:13.308+0000] {processor.py:809} INFO - DAG(s) dict_keys(['3-pythonoperator']) retrieved from /opt/airflow/dags/3_python_operator.py
[2026-09-13T02:47:13.410+0000] {logging_mixin.py:149} INFO - [2026-09-13T02:47:13.410+0000] {dag.py:2726} INFO - Sync 1 DAGs
[2026-09-13T02:47:13.498+0000] {logging_mixin.py:149} INFO - [2026-09-13T02:47:13.498+0000] {dag.py:3490} INFO - Setting next_dagrun for 3-pythonoperator to 2023-05-01T00:00:00+00:00, run_after=2023-05-01T00:00:00+00:00
[2026-09-13T02:47:13.557+0000] {processor.py:178} INFO - Processing /opt/airflow/dags/3_python_operator.py took 0.299 seconds
[2026-09-13T02:47:43.778+0000] {processor.py:156} INFO - Started process (PID=163439) to work on /opt/airflow/dags/3_python_operator.py
[2026-09-13T02:47:43.780+0000] {processor.py:799} INFO - Processing file /opt/airflow/dags/3_python_operator.py for tasks to queue
[2026-09-13T02:47:43.782+0000] {logging_mixin.py:149} INFO - [2026-09-13T02:47:43.781+0000] {dagbag.py:541} INFO - Filling up the DagBag from /opt/airflow/dags/3_python_operator.py
[2026-09-13T02:47:43.802+0000] {processor.py:809} INFO - DAG(s) dict_keys(['3-pythonoperator']) retrieved from /opt/airflow/dags/3_python_operator.py
[2026-09-13T02:47:43.895+0000] {logging_mixin.py:149} INFO - [2026-09-13T02:47:43.894+0000] {dag.py:2726} INFO - Sync 1 DAGs
[2026-09-13T02:47:43.964+0000] {logging_mixin.py:149} INFO - [2026-09-13T02:47:43.964+0000] {dag.py:3490} INFO - Setting next_dagrun for 3-pythonoperator to 2023-05-01T00:00:00+00:00, run_after=2023-05-01T00:00:00+00:00
[2026-09-13T02:47:43.998+0000] {processor.py:178} INFO - Processing /opt/airflow/dags/3_python_operator.py took 0.228 seconds
[2026-09-13T02:48:14.300+0000] {processor.py:156} INFO - Started process (PID=163454) to work on /opt/airflow/dags/3_python_operator.py
[2026-09-13T02:48:14.303+0000] {processor.py:799} INFO - Processing file /opt/airflow/dags/3_python_operator.py for tasks to queue
[2026-09-13T02:48:14.305+0000] {logging_mixin.py:149} INFO - [2026-09-13T02:48:14.305+0000] {dagbag.py:541} INFO - Filling up the DagBag from /opt/airflow/dags/3_python_operator.py
[2026-09-13T02:48:14.329+0000] {processor.py:809} INFO - DAG(s) dict_keys(['3-pythonoperator']) retrieved from /opt/airflow/dags/3_python_operator.py
[2026-09-13T02:48:14.418+0000] {logging_mixin.py:149} INFO - [2026-09-13T02:48:14.418+0000] {dag.py:2726} INFO - Sync 1 DAGs
[2026-09-13T02:48:14.498+0000] {logging_mixin.py:149} INFO - [2026-09-13T02:48:14.497+0000] {dag.py:3490} INFO - Setting next_dagrun for 3-pythonoperator to 2023-05-01T00:00:00+00:00, run_after=2023-05-01T00:00:00+00:00
[2026-09-13T02:48:14.565+0000] {processor.py:178} INFO - Processing /opt/airflow/dags/3_python_operator.py took 0.275 seconds
[2026-09-13T02:48:44.655+0000] {processor.py:156} INFO - Started process (PID=163468) to work on /opt/airflow/dags/3_python_operator.py
[2026-09-13T02:48:44.660+0000] {processor.py:799} INFO - Processing file /opt/airflow/dags/3_python_operator.py for tasks to queue
[2026-09-13T02:48:44.662+0000] {logging_mixin.py:149} INFO - [2026-09-13T02:48:44.662+0000] {dagbag.py:541} INFO - Filling up the DagBag from /opt/airflow/dags/3_python_operator.py
[2026-09-13T02:48:44.681+0000] {processor.py:809} INFO - DAG(s) dict_keys(['3-pythonoperator']) retrieved from /opt/airflow/dags/3_python_operator.py
[2026-09-13T02:48:44.779+0000] {logging_mixin.py:149} INFO - [2026-09-13T02:48:44.778+0000] {dag.py:2726} INFO - Sync 1 DAGs
[2026-09-13T02:48:44.846+0000] {logging_mixin.py:149} INFO - [2026-09-13T02:48:44.846+0000] {dag.py:3490} INFO - Setting next_dagrun for 3-pythonoperator to 2023-05-01T00:00:00+00:00, run_after=2023-05-01T00:00:00+00:00
[2026-09-13T02:48:44.896+0000] {processor.py:178} INFO - Processing /opt/airflow/dags/3_python_operator.py took 0.247 seconds
[2026-09-13T02:49:15.006+0000] {processor.py:156} INFO - Started process (PID=163482) to work on /opt/airflow/dags/3_python_operator.py
[2026-09-13T02:49:15.011+0000] {processor.py:799} INFO - Processing file /opt/airflow/dags/3_python_operator.py for tasks to queue
[2026-09-13T02:49:15.014+0000] {logging_mixin.py:149} INFO - [2026-09-13T02:49:15.013+0000] {dagbag.py:541} INFO - Filling up the DagBag from /opt/airflow/dags/3_python_operator.py
[2026-09-13T02:49:15.044+0000] {processor.py:809} INFO - DAG(s) dict_keys(['3-pythonoperator']) retrieved from /opt/airflow/dags/3_python_operator.py
[2026-09-13T02:49:15.125+0000] {logging_mixin.py:149} INFO - [2026-09-13T02:49:15.124+0000] {dag.py:2726} INFO - Sync 1 DAGs
[2026-09-13T02:49:15.166+0000] {logging_mixin.py:149} INFO - [2026-09-13T02:49:15.166+0000] {dag.py:3490} INFO - Setting next_dagrun for 3-pythonoperator to 2023-05-01T00:00:00+00:00, run_after=2023-05-01T00:00:00+00:00
[2026-09-13T02:49:15.217+0000] {processor.py:178} INFO - Processing /opt/airflow/dags/3_python_operator.py took 0.221 seconds
[2026-09-13T02:49:45.328+0000] {processor.py:156} INFO - Started process (PID=163496) to work on /opt/airflow/dags/3_python_operator.py
[2026-09-13T02:49:45.331+0000] {processor.py:799} INFO - Processing file /opt/airflow/dags/3_python_operator.py for tasks to queue
[2026-09-13T02:49:45.333+0000] {logging_mixin.py:149} INFO - [2026-09-13T02:49:45.333+0000] {dagbag.py:541} INFO - Filling up the DagBag from /opt/airflow/dags/3_python_operator.py
[2026-09-13T02:49:45.360+0000] {processor.py:809} INFO - DAG(s) dict_keys(['3-pythonoperator']) retrieved from /opt/airflow/dags/3_python_operator.py
[2026-09-13T02:49:45.454+0000] {logging_mixin.py:149} INFO - [2026-09-13T02:49:45.454+0000] {dag.py:2726} INFO - Sync 1 DAGs
[2026-09-13T02:49:45.517+0000] {logging_mixin.py:149} INFO - [2026-09-13T02:49:45.516+0000] {dag.py:3490} INFO - Setting next_dagrun for 3-pythonoperator to 2023-05-01T00:00:00+00:00, run_after=2023-05-01T00:00:00+00:00
[2026-09-13T02:49:45.584+0000] {processor.py:178} INFO - Processing /opt/airflow/dags/3_python_operator.py took 0.267 seconds
[2026-09-13T02:50:15.860+0000] {processor.py:156} INFO - Started process (PID=163509) to work on /opt/airflow/dags/3_python_operator.py
[2026-09-13T02:50:15.865+0000] {processor.py:799} INFO - Processing file /opt/airflow/dags/3_python_operator.py for tasks to queue
[2026-09-13T02:50:15.867+0000] {logging_mixin.py:149} INFO - [2026-09-13T02:50:15.867+0000] {dagbag.py:541} INFO - Filling up the DagBag from /opt/airflow/dags/3_python_operator.py
[2026-09-13T02:50:15.898+0000] {processor.py:809} INFO - DAG(s) dict_keys(['3-pythonoperator']) retrieved from /opt/airflow/dags/3_python_operator.py
[2026-09-13T02:50:15.976+0000] {logging_mixin.py:149} INFO - [2026-09-13T02:50:15.976+0000] {dag.py:2726} INFO - Sync 1 DAGs
[2026-09-13T02:50:16.038+0000] {logging_mixin.py:149} INFO - [2026-09-13T02:50:16.038+0000] {dag.py:3490} INFO - Setting next_dagrun for 3-pythonoperator to 2023-05-01T00:00:00+00:00, run_after=2023-05-01T00:00:00+00:00
[2026-09-13T02:50:16.113+0000] {processor.py:178} INFO - Processing /opt/airflow/dags/3_python_operator.py took 0.266 seconds
[2026-09-13T02:50:46.532+0000] {processor.py:156} INFO - Started process (PID=163529) to work on /opt/airflow/dags/3_python_operator.py
[2026-09-13T02:50:46.535+0000] {processor.py:799} INFO - Processing file /opt/airflow/dags/3_python_operator.py for tasks to queue
[2026-09-13T02:50:46.536+0000] {logging_mixin.py:149} INFO - [2026-09-13T02:50:46.536+0000] {dagbag.py:541} INFO - Filling up the DagBag from /opt/airflow/dags/3_python_operator.py
[2026-09-13T02:50:46.562+0000] {processor.py:809} INFO - DAG(s) dict_keys(['3-pythonoperator']) retrieved from /opt/airflow/dags/3_python_operator.py
[2026-09-13T02:50:46.654+0000] {logging_mixin.py:149} INFO - [2026-09-13T02:50:46.653+0000] {dag.py:2726} INFO - Sync 1 DAGs
[2026-09-13T02:50:46.724+0000] {logging_mixin.py:149} INFO - [2026-09-13T02:50:46.724+0000] {dag.py:3490} INFO - Setting next_dagrun for 3-pythonoperator to 2023-05-01T00:00:00+00:00, run_after=2023-05-01T00:00:00+00:00
[2026-09-13T02:50:46.776+0000] {processor.py:178} INFO - Processing /opt/airflow/dags/3_python_operator.py took 0.254 seconds
[2026-09-13T02:51:17.025+0000] {processor.py:156} INFO - Started process (PID=163544) to work on /opt/airflow/dags/3_python_operator.py
[2026-09-13T02:51:17.028+0000] {processor.py:799} INFO - Processing file /opt/airflow/dags/3_python_operator.py for tasks to queue
[2026-09-13T02:51:17.030+0000] {logging_mixin.py:149} INFO - [2026-09-13T02:51:17.030+0000] {dagbag.py:541} INFO - Filling up the DagBag from /opt/airflow/dags/3_python_operator.py
[2026-09-13T02:51:17.052+0000] {processor.py:809} INFO - DAG(s) dict_keys(['3-pythonoperator']) retrieved from /opt/airflow/dags/3_python_operator.py
[2026-09-13T02:51:17.126+0000] {logging_mixin.py:149} INFO - [2026-09-13T02:51:17.126+0000] {dag.py:2726} INFO - Sync 1 DAGs
[2026-09-13T02:51:17.198+0000] {logging_mixin.py:149} INFO - [2026-09-13T02:51:17.197+0000] {dag.py:3490} INFO - Setting next_dagrun for 3-pythonoperator to 2023-05-01T00:00:00+00:00, run_after=2023-05-01T00:00:00+00:00
[2026-09-13T02:51:17.262+0000] {processor.py:178} INFO - Processing /opt/airflow/dags/3_python_operator.py took 0.246 seconds
[2026-09-13T02:51:47.471+0000] {processor.py:156} INFO - Started process (PID=163558) to work on /opt/airflow/dags/3_python_operator.py
[2026-09-13T02:51:47.478+0000] {processor.py:799} INFO - Processing file /opt/airflow/dags/3_python_operator.py for tasks to queue
[2026-09-13T02:51:47.481+0000] {logging_mixin.py:149} INFO - [2026-09-13T02:51:47.480+0000] {dagbag.py:541} INFO - Filling up the DagBag from /opt/airflow/dags/3_python_operator.py
[2026-09-13T02:51:47.511+0000] {processor.py:809} INFO - DAG(s) dict_keys(['3-pythonoperator']) retrieved from /opt/airflow/dags/3_python_operator.py
[2026-09-13T02:51:47.573+0000] {logging_mixin.py:149} INFO - [2026-09-13T02:51:47.572+0000] {dag.py:2726} INFO - Sync 1 DAGs
[2026-09-13T02:51:47.614+0000] {logging_mixin.py:149} INFO - [2026-09-13T02:51:47.613+0000] {dag.py:3490} INFO - Setting next_dagrun for 3-pythonoperator to 2023-05-01T00:00:00+00:00, run_after=2023-05-01T00:00:00+00:00
[2026-09-13T02:51:47.642+0000] {processor.py:178} INFO - Processing /opt/airflow/dags/3_python_operator.py took 0.181 seconds
[2026-09-13T02:52:17.898+0000] {processor.py:156} INFO - Started process (PID=163572) to work on /opt/airflow/dags/3_python_operator.py
[2026-09-13T02:52:17.905+0000] {processor.py:799} INFO - Processing file /opt/airflow/dags/3_python_operator.py for tasks to queue
[2026-09-13T02:52:17.907+0000] {logging_mixin.py:149} INFO - [2026-09-13T02:52:17.906+0000] {dagbag.py:541} INFO - Filling up the DagBag from /opt/airflow/dags/3_python_operator.py
[2026-09-13T02:52:17.938+0000] {processor.py:809} INFO - DAG(s) dict_keys(['3-pythonoperator']) retrieved from /opt/airflow/dags/3_python_operator.py
[2026-09-13T02:52:18.001+0000] {logging_mixin.py:149} INFO - [2026-09-13T02:52:18.000+0000] {dag.py:2726} INFO - Sync 1 DAGs
[2026-09-13T02:52:18.049+0000] {logging_mixin.py:149} INFO - [2026-09-13T02:52:18.048+0000] {dag.py:3490} INFO - Setting next_dagrun for 3-pythonoperator to 2023-05-01T00:00:00+00:00, run_after=2023-05-01T00:00:00+00:00
[2026-09-13T02:52:18.117+0000] {processor.py:178} INFO - Processing /opt/airflow/dags/3_python_operator.py took 0.227 seconds
[2026-09-13T02:52:48.437+0000] {processor.py:156} INFO - Started process (PID=163586) to work on /opt/airflow/dags/3_python_operator.py
[2026-09-13T02:52:48.441+0000] {processor.py:799} INFO - Processing file /opt/airflow/dags/3_python_operator.py for tasks to queue
[2026-09-13T02:52:48.442+0000] {logging_mixin.py:149} INFO - [2026-09-13T02:52:48.442+0000] {dagbag.py:541} INFO - Filling up the DagBag from /opt/airflow/dags/3_python_operator.py
[2026-09-13T02:52:48.462+0000] {processor.py:809} INFO - DAG(s) dict_keys(['3-pythonoperator']) retrieved from /opt/airflow/dags/3_python_operator.py
[2026-09-13T02:52:48.520+0000] {logging_mixin.py:149} INFO - [2026-09-13T02:52:48.520+0000] {dag.py:2726} INFO - Sync 1 DAGs
[2026-09-13T02:52:48.563+0000] {logging_mixin.py:149} INFO - [2026-09-13T02:52:48.563+0000] {dag.py:3490} INFO - Setting next_dagrun for 3-pythonoperator to 2023-05-01T00:00:00+00:00, run_after=2023-05-01T00:00:00+00:00
[2026-09-13T02:52:48.591+0000] {processor.py:178} INFO - Processing /opt/airflow/dags/3_python_operator.py took 0.164 seconds
[2026-09-13T02:53:18.981+0000] {processor.py:156} INFO - Started process (PID=163599) to work on /opt/airflow/dags/3_python_operator.py
[2026-09-13T02:53:18.984+0000] {processor.py:799} INFO - Processing file /opt/airflow/dags/3_python_operator.py for tasks to queue
[2026-09-13T02:53:18.990+0000] {logging_mixin.py:149} INFO - [2026-09-13T02:53:18.986+0000] {dagbag.py:541} INFO - Filling up the DagBag from /opt/airflow/dags/3_python_operator.py
[2026-09-13T02:53:19.021+0000] {processor.py:809} INFO - DAG(s) dict_keys(['3-pythonoperator']) retrieved from /opt/airflow/dags/3_python_operator.py
[2026-09-13T02:53:19.095+0000] {logging_mixin.py:149} INFO - [2026-09-13T02:53:19.095+0000] {dag.py:2726} INFO - Sync 1 DAGs
[2026-09-13T02:53:19.146+0000] {logging_mixin.py:149} INFO - [2026-09-13T02:53:19.145+0000] {dag.py:3490} INFO - Setting next_dagrun for 3-pythonoperator to 2023-05-01T00:00:00+00:00, run_after=2023-05-01T00:00:00+00:00
[2026-09-13T02:53:19.214+0000] {processor.py:178} INFO - Processing /opt/airflow/dags/3_python_operator.py took 0.243 seconds
[2026-09-13T02:53:49.509+0000] {processor.py:156} INFO - Started process (PID=163613) to work on /opt/airflow/dags/3_python_operator.py
[2026-09-13T02:53:49.517+0000] {processor.py:799} INFO - Processing file /opt/airflow/dags/3_python_operator.py for tasks to queue
[2026-09-13T02:53:49.520+0000] {logging_mixin.py:149} INFO - [2026-09-13T02:53:49.519+0000] {dagbag.py:541} INFO - Filling up the DagBag from /opt/airflow/dags/3_python_operator.py
[2026-09-13T02:53:49.548+0000] {processor.py:809} INFO - DAG(s) dict_keys(['3-pythonoperator']) retrieved from /opt/airflow/dags/3_python_operator.py
[2026-09-13T02:53:49.642+0000] {logging_mixin.py:149} INFO - [2026-09-13T02:53:49.641+0000] {dag.py:2726} INFO - Sync 1 DAGs
[2026-09-13T02:53:49.710+0000] {logging_mixin.py:149} INFO - [2026-09-13T02:53:49.709+0000] {dag.py:3490} INFO - Setting next_dagrun for 3-pythonoperator to 2023-05-01T00:00:00+00:00, run_after=2023-05-01T00:00:00+00:00
[2026-09-13T02:53:49.777+0000] {processor.py:178} INFO - Processing /opt/airflow/dags/3_python_operator.py took 0.279 seconds
[2026-09-13T02:54:19.887+0000] {processor.py:156} INFO - Started process (PID=163627) to work on /opt/airflow/dags/3_python_operator.py
[2026-09-13T02:54:19.891+0000] {processor.py:799} INFO - Processing file /opt/airflow/dags/3_python_operator.py for tasks to queue
[2026-09-13T02:54:19.893+0000] {logging_mixin.py:149} INFO - [2026-09-13T02:54:19.892+0000] {dagbag.py:541} INFO - Filling up the DagBag from /opt/airflow/dags/3_python_operator.py
[2026-09-13T02:54:19.919+0000] {processor.py:809} INFO - DAG(s) dict_keys(['3-pythonoperator']) retrieved from /opt/airflow/dags/3_python_operator.py
[2026-09-13T02:54:20.018+0000] {logging_mixin.py:149} INFO - [2026-09-13T02:54:20.018+0000] {dag.py:2726} INFO - Sync 1 DAGs
[2026-09-13T02:54:20.125+0000] {logging_mixin.py:149} INFO - [2026-09-13T02:54:20.124+0000] {dag.py:3490} INFO - Setting next_dagrun for 3-pythonoperator to 2023-05-01T00:00:00+00:00, run_after=2023-05-01T00:00:00+00:00
[2026-09-13T02:54:20.196+0000] {processor.py:178} INFO - Processing /opt/airflow/dags/3_python_operator.py took 0.319 seconds
[2026-09-13T02:54:50.401+0000] {processor.py:156} INFO - Started process (PID=163640) to work on /opt/airflow/dags/3_python_operator.py
[2026-09-13T02:54:50.405+0000] {processor.py:799} INFO - Processing file /opt/airflow/dags/3_python_operator.py for tasks to queue
[2026-09-13T02:54:50.407+0000] {logging_mixin.py:149} INFO - [2026-09-13T02:54:50.406+0000] {dagbag.py:541} INFO - Filling up the DagBag from /opt/airflow/dags/3_python_operator.py
[2026-09-13T02:54:50.431+0000] {processor.py:809} INFO - DAG(s) dict_keys(['3-pythonoperator']) retrieved from /opt/airflow/dags/3_python_operator.py
[2026-09-13T02:54:50.539+0000] {logging_mixin.py:149} INFO - [2026-09-13T02:54:50.539+0000] {dag.py:2726} INFO - Sync 1 DAGs
[2026-09-13T02:54:50.597+0000] {logging_mixin.py:149} INFO - [2026-09-13T02:54:50.596+0000] {dag.py:3490} INFO - Setting next_dagrun for 3-pythonoperator to 2023-05-01T00:00:00+00:00, run_after=2023-05-01T00:00:00+00:00
[2026-09-13T02:54:50.643+0000] {processor.py:178} INFO - Processing /opt/airflow/dags/3_python_operator.py took 0.253 seconds
[2026-09-13T02:55:20.698+0000] {processor.py:156} INFO - Started process (PID=163654) to work on /opt/airflow/dags/3_python_operator.py
[2026-09-13T02:55:20.701+0000] {processor.py:799} INFO - Processing file /opt/airflow/dags/3_python_operator.py for tasks to queue
[2026-09-13T02:55:20.703+0000] {logging_mixin.py:149} INFO - [2026-09-13T02:55:20.702+0000] {dagbag.py:541} INFO - Filling up the DagBag from /opt/airflow/dags/3_python_operator.py
[2026-09-13T02:55:20.724+0000] {processor.py:809} INFO - DAG(s) dict_keys(['3-pythonoperator']) retrieved from /opt/airflow/dags/3_python_operator.py
[2026-09-13T02:55:20.803+0000] {logging_mixin.py:149} INFO - [2026-09-13T02:55:20.803+0000] {dag.py:2726} INFO - Sync 1 DAGs
[2026-09-13T02:55:20.874+0000] {logging_mixin.py:149} INFO - [2026-09-13T02:55:20.874+0000] {dag.py:3490} INFO - Setting next_dagrun for 3-pythonoperator to 2023-05-01T00:00:00+00:00, run_after=2023-05-01T00:00:00+00:00
[2026-09-13T02:55:20.947+0000] {processor.py:178} INFO - Processing /opt/airflow/dags/3_python_operator.py took 0.258 seconds
[2026-09-13T02:55:51.290+0000] {processor.py:156} INFO - Started process (PID=163668) to work on /opt/airflow/dags/3_python_operator.py
[2026-09-13T02:55:51.294+0000] {processor.py:799} INFO - Processing file /opt/airflow/dags/3_python_operator.py for tasks to queue
[2026-09-13T02:55:51.296+0000] {logging_mixin.py:149} INFO - [2026-09-13T02:55:51.296+0000] {dagbag.py:541} INFO - Filling up the DagBag from /opt/airflow/dags/3_python_operator.py
[2026-09-13T02:55:51.319+0000] {processor.py:809} INFO - DAG(s) dict_keys(['3-pythonoperator']) retrieved from /opt/airflow/dags/3_python_operator.py
[2026-09-13T02:55:51.402+0000] {logging_mixin.py:149} INFO - [2026-09-13T02:55:51.402+0000] {dag.py:2726} INFO - Sync 1 DAGs
[2026-09-13T02:55:51.483+0000] {logging_mixin.py:149} INFO - [2026-09-13T02:55:51.483+0000] {dag.py:3490} INFO - Setting next_dagrun for 3-pythonoperator to 2023-05-01T00:00:00+00:00, run_after=2023-05-01T00:00:00+00:00
[2026-09-13T02:55:51.550+0000] {processor.py:178} INFO - Processing /opt/airflow/dags/3_python_operator.py took 0.270 seconds
[2026-09-13T02:56:21.828+0000] {processor.py:156} INFO - Started process (PID=163682) to work on /opt/airflow/dags/3_python_operator.py
[2026-09-13T02:56:21.834+0000] {processor.py:799} INFO - Processing file /opt/airflow/dags/3_python_operator.py for tasks to queue
[2026-09-13T02:56:21.836+0000] {logging_mixin.py:149} INFO - [2026-09-13T02:56:21.836+0000] {dagbag.py:541} INFO - Filling up the DagBag from /opt/airflow/dags/3_python_operator.py
[2026-09-13T02:56:21.872+0000] {processor.py:809} INFO - DAG(s) dict_keys(['3-pythonoperator']) retrieved from /opt/airflow/dags/3_python_operator.py
[2026-09-13T02:56:21.963+0000] {logging_mixin.py:149} INFO - [2026-09-13T02:56:21.962+0000] {dag.py:2726} INFO - Sync 1 DAGs
[2026-09-13T02:56:22.011+0000] {logging_mixin.py:149} INFO - [2026-09-13T02:56:22.011+0000] {dag.py:3490} INFO - Setting next_dagrun for 3-pythonoperator to 2023-05-01T00:00:00+00:00, run_after=2023-05-01T00:00:00+00:00
[2026-09-13T02:56:22.057+0000] {processor.py:178} INFO - Processing /opt/airflow/dags/3_python_operator.py took 0.243 seconds
[2026-09-13T02:56:52.176+0000] {processor.py:156} INFO - Started process (PID=163695) to work on /opt/airflow/dags/3_python_operator.py
[2026-09-13T02:56:52.178+0000] {processor.py:799} INFO - Processing file /opt/airflow/dags/3_python_operator.py for tasks to queue
[2026-09-13T02:56:52.179+0000] {logging_mixin.py:149} INFO - [2026-09-13T02:56:52.179+0000] {dagbag.py:541} INFO - Filling up the DagBag from /opt/airflow/dags/3_python_operator.py
[2026-09-13T02:56:52.196+0000] {processor.py:809} INFO - DAG(s) dict_keys(['3-pythonoperator']) retrieved from /opt/airflow/dags/3_python_operator.py
[2026-09-13T02:56:52.278+0000] {logging_mixin.py:149} INFO - [2026-09-13T02:56:52.277+0000] {dag.py:2726} INFO - Sync 1 DAGs
[2026-09-13T02:56:52.318+0000] {logging_mixin.py:149} INFO - [2026-09-13T02:56:52.317+0000] {dag.py:3490} INFO - Setting next_dagrun for 3-pythonoperator to 2023-05-01T00:00:00+00:00, run_after=2023-05-01T00:00:00+00:00
[2026-09-13T02:56:52.343+0000] {processor.py:178} INFO - Processing /opt/airflow/dags/3_python_operator.py took 0.174 seconds
[2026-09-13T02:57:22.516+0000] {processor.py:156} INFO - Started process (PID=163709) to work on /opt/airflow/dags/3_python_operator.py
[2026-09-13T02:57:22.519+0000] {processor.py:799} INFO - Processing file /opt/airflow/dags/3_python_operator.py for tasks to queue
[2026-09-13T02:57:22.521+0000] {logging_mixin.py:149} INFO - [2026-09-13T02:57:22.520+0000] {dagbag.py:541} INFO - Filling up the DagBag from /opt/airflow/dags/3_python_operator.py
[2026-09-13T02:57:22.543+0000] {processor.py:809} INFO - DAG(s) dict_keys(['3-pythonoperator']) retrieved from /opt/airflow/dags/3_python_operator.py
[2026-09-13T02:57:22.611+0000] {logging_mixin.py:149} INFO - [2026-09-13T02:57:22.611+0000] {dag.py:2726} INFO - Sync 1 DAGs
[2026-09-13T02:57:22.655+0000] {logging_mixin.py:149} INFO - [2026-09-13T02:57:22.655+0000] {dag.py:3490} INFO - Setting next_dagrun for 3-pythonoperator to 2023-05-01T00:00:00+00:00, run_after=2023-05-01T00:00:00+00:00
[2026-09-13T02:57:22.679+0000] {processor.py:178} INFO - Processing /opt/airflow/dags/3_python_operator.py took 0.173 seconds
[2026-09-13T02:57:52.869+0000] {processor.py:156} INFO - Started process (PID=163723) to work on /opt/airflow/dags/3_python_operator.py
[2026-09-13T02:57:52.872+0000] {processor.py:799} INFO - Processing file /opt/airflow/dags/3_python_operator.py for tasks to queue
[2026-09-13T02:57:52.874+0000] {logging_mixin.py:149} INFO - [2026-09-13T02:57:52.874+0000] {dagbag.py:541} INFO - Filling up the DagBag from /opt/airflow/dags/3_python_operator.py
[2026-09-13T02:57:52.899+0000] {processor.py:809} INFO - DAG(s) dict_keys(['3-pythonoperator']) retrieved from /opt/airflow/dags/3_python_operator.py
[2026-09-13T02:57:52.986+0000] {logging_mixin.py:149} INFO - [2026-09-13T02:57:52.985+0000] {dag.py:2726} INFO - Sync 1 DAGs
[2026-09-13T02:57:53.048+0000] {logging_mixin.py:149} INFO - [2026-09-13T02:57:53.047+0000] {dag.py:3490} INFO - Setting next_dagrun for 3-pythonoperator to 2023-05-01T00:00:00+00:00, run_after=2023-05-01T00:00:00+00:00
[2026-09-13T02:57:53.100+0000] {processor.py:178} INFO - Processing /opt/airflow/dags/3_python_operator.py took 0.243 seconds
[2026-09-13T02:58:23.395+0000] {processor.py:156} INFO - Started process (PID=163737) to work on /opt/airflow/dags/3_python_operator.py
[2026-09-13T02:58:23.398+0000] {processor.py:799} INFO - Processing file /opt/airflow/dags/3_python_operator.py for tasks to queue
[2026-09-13T02:58:23.400+0000] {logging_mixin.py:149} INFO - [2026-09-13T02:58:23.400+0000] {dagbag.py:541} INFO - Filling up the DagBag from /opt/airflow/dags/3_python_operator.py
[2026-09-13T02:58:23.421+0000] {processor.py:809} INFO - DAG(s) dict_keys(['3-pythonoperator']) retrieved from /opt/airflow/dags/3_python_operator.py
[2026-09-13T02:58:23.513+0000] {logging_mixin.py:149} INFO - [2026-09-13T02:58:23.512+0000] {dag.py:2726} INFO - Sync 1 DAGs
[2026-09-13T02:58:23.590+0000] {logging_mixin.py:149} INFO - [2026-09-13T02:58:23.590+0000] {dag.py:3490} INFO - Setting next_dagrun for 3-pythonoperator to 2023-05-01T00:00:00+00:00, run_after=2023-05-01T00:00:00+00:00
[2026-09-13T02:58:23.645+0000] {processor.py:178} INFO - Processing /opt/airflow/dags/3_python_operator.py took 0.260 seconds
[2026-09-13T02:58:53.830+0000] {processor.py:156} INFO - Started process (PID=163751) to work on /opt/airflow/dags/3_python_operator.py
[2026-09-13T02:58:53.834+0000] {processor.py:799} INFO - Processing file /opt/airflow/dags/3_python_operator.py for tasks to queue
[2026-09-13T02:58:53.836+0000] {logging_mixin.py:149} INFO - [2026-09-13T02:58:53.836+0000] {dagbag.py:541} INFO - Filling up the DagBag from /opt/airflow/dags/3_python_operator.py
[2026-09-13T02:58:53.872+0000] {processor.py:809} INFO - DAG(s) dict_keys(['3-pythonoperator']) retrieved from /opt/airflow/dags/3_python_operator.py
[2026-09-13T02:58:53.954+0000] {logging_mixin.py:149} INFO - [2026-09-13T02:58:53.953+0000] {dag.py:2726} INFO - Sync 1 DAGs
[2026-09-13T02:58:54.023+0000] {logging_mixin.py:149} INFO - [2026-09-13T02:58:54.022+0000] {dag.py:3490} INFO - Setting next_dagrun for 3-pythonoperator to 2023-05-01T00:00:00+00:00, run_after=2023-05-01T00:00:00+00:00
[2026-09-13T02:58:54.117+0000] {processor.py:178} INFO - Processing /opt/airflow/dags/3_python_operator.py took 0.303 seconds
[2026-09-13T02:59:24.287+0000] {processor.py:156} INFO - Started process (PID=163766) to work on /opt/airflow/dags/3_python_operator.py
[2026-09-13T02:59:24.290+0000] {processor.py:799} INFO - Processing file /opt/airflow/dags/3_python_operator.py for tasks to queue
[2026-09-13T02:59:24.293+0000] {logging_mixin.py:149} INFO - [2026-09-13T02:59:24.292+0000] {dagbag.py:541} INFO - Filling up the DagBag from /opt/airflow/dags/3_python_operator.py
[2026-09-13T02:59:24.318+0000] {processor.py:809} INFO - DAG(s) dict_keys(['3-pythonoperator']) retrieved from /opt/airflow/dags/3_python_operator.py
[2026-09-13T02:59:24.392+0000] {logging_mixin.py:149} INFO - [2026-09-13T02:59:24.392+0000] {dag.py:2726} INFO - Sync 1 DAGs
[2026-09-13T02:59:24.439+0000] {logging_mixin.py:149} INFO - [2026-09-13T02:59:24.439+0000] {dag.py:3490} INFO - Setting next_dagrun for 3-pythonoperator to 2023-05-01T00:00:00+00:00, run_after=2023-05-01T00:00:00+00:00
[2026-09-13T02:59:24.481+0000] {processor.py:178} INFO - Processing /opt/airflow/dags/3_python_operator.py took 0.207 seconds
[2026-09-13T02:59:54.737+0000] {processor.py:156} INFO - Started process (PID=163781) to work on /opt/airflow/dags/3_python_operator.py
[2026-09-13T02:59:54.739+0000] {processor.py:799} INFO - Processing file /opt/airflow/dags/3_python_operator.py for tasks to queue
[2026-09-13T02:59:54.740+0000] {logging_mixin.py:149} INFO - [2026-09-13T02:59:54.740+0000] {dagbag.py:541} INFO - Filling up the DagBag from /opt/airflow/dags/3_python_operator.py
[2026-09-13T02:59:54.779+0000] {processor.py:809} INFO - DAG(s) dict_keys(['3-pythonoperator']) retrieved from /opt/airflow/dags/3_python_operator.py
[2026-09-13T02:59:54.870+0000] {logging_mixin.py:149} INFO - [2026-09-13T02:59:54.870+0000] {dag.py:2726} INFO - Sync 1 DAGs
[2026-09-13T02:59:54.938+0000] {logging_mixin.py:149} INFO - [2026-09-13T02:59:54.937+0000] {dag.py:3490} INFO - Setting next_dagrun for 3-pythonoperator to 2023-05-01T00:00:00+00:00, run_after=2023-05-01T00:00:00+00:00
[2026-09-13T02:59:54.980+0000] {processor.py:178} INFO - Processing /opt/airflow/dags/3_python_operator.py took 0.255 seconds
[2026-09-13T03:00:25.119+0000] {processor.py:156} INFO - Started process (PID=163795) to work on /opt/airflow/dags/3_python_operator.py
[2026-09-13T03:00:25.123+0000] {processor.py:799} INFO - Processing file /opt/airflow/dags/3_python_operator.py for tasks to queue
[2026-09-13T03:00:25.125+0000] {logging_mixin.py:149} INFO - [2026-09-13T03:00:25.125+0000] {dagbag.py:541} INFO - Filling up the DagBag from /opt/airflow/dags/3_python_operator.py
[2026-09-13T03:00:25.153+0000] {processor.py:809} INFO - DAG(s) dict_keys(['3-pythonoperator']) retrieved from /opt/airflow/dags/3_python_operator.py
[2026-09-13T03:00:25.245+0000] {logging_mixin.py:149} INFO - [2026-09-13T03:00:25.244+0000] {dag.py:2726} INFO - Sync 1 DAGs
[2026-09-13T03:00:25.312+0000] {logging_mixin.py:149} INFO - [2026-09-13T03:00:25.311+0000] {dag.py:3490} INFO - Setting next_dagrun for 3-pythonoperator to 2023-05-01T00:00:00+00:00, run_after=2023-05-01T00:00:00+00:00
[2026-09-13T03:00:25.359+0000] {processor.py:178} INFO - Processing /opt/airflow/dags/3_python_operator.py took 0.251 seconds
[2026-09-13T03:00:55.497+0000] {processor.py:156} INFO - Started process (PID=163809) to work on /opt/airflow/dags/3_python_operator.py
[2026-09-13T03:00:55.499+0000] {processor.py:799} INFO - Processing file /opt/airflow/dags/3_python_operator.py for tasks to queue
[2026-09-13T03:00:55.501+0000] {logging_mixin.py:149} INFO - [2026-09-13T03:00:55.501+0000] {dagbag.py:541} INFO - Filling up the DagBag from /opt/airflow/dags/3_python_operator.py
[2026-09-13T03:00:55.526+0000] {processor.py:809} INFO - DAG(s) dict_keys(['3-pythonoperator']) retrieved from /opt/airflow/dags/3_python_operator.py
[2026-09-13T03:00:55.622+0000] {logging_mixin.py:149} INFO - [2026-09-13T03:00:55.621+0000] {dag.py:2726} INFO - Sync 1 DAGs
[2026-09-13T03:00:55.696+0000] {logging_mixin.py:149} INFO - [2026-09-13T03:00:55.695+0000] {dag.py:3490} INFO - Setting next_dagrun for 3-pythonoperator to 2023-05-01T00:00:00+00:00, run_after=2023-05-01T00:00:00+00:00
[2026-09-13T03:00:55.742+0000] {processor.py:178} INFO - Processing /opt/airflow/dags/3_python_operator.py took 0.255 seconds
[2026-09-13T03:01:26.018+0000] {processor.py:156} INFO - Started process (PID=163822) to work on /opt/airflow/dags/3_python_operator.py
[2026-09-13T03:01:26.026+0000] {processor.py:799} INFO - Processing file /opt/airflow/dags/3_python_operator.py for tasks to queue
[2026-09-13T03:01:26.028+0000] {logging_mixin.py:149} INFO - [2026-09-13T03:01:26.028+0000] {dagbag.py:541} INFO - Filling up the DagBag from /opt/airflow/dags/3_python_operator.py
[2026-09-13T03:01:26.055+0000] {processor.py:809} INFO - DAG(s) dict_keys(['3-pythonoperator']) retrieved from /opt/airflow/dags/3_python_operator.py
[2026-09-13T03:01:26.142+0000] {logging_mixin.py:149} INFO - [2026-09-13T03:01:26.142+0000] {dag.py:2726} INFO - Sync 1 DAGs
[2026-09-13T03:01:26.221+0000] {logging_mixin.py:149} INFO - [2026-09-13T03:01:26.220+0000] {dag.py:3490} INFO - Setting next_dagrun for 3-pythonoperator to 2023-05-01T00:00:00+00:00, run_after=2023-05-01T00:00:00+00:00
[2026-09-13T03:01:26.284+0000] {processor.py:178} INFO - Processing /opt/airflow/dags/3_python_operator.py took 0.279 seconds
[2026-09-13T03:01:56.376+0000] {processor.py:156} INFO - Started process (PID=163837) to work on /opt/airflow/dags/3_python_operator.py
[2026-09-13T03:01:56.379+0000] {processor.py:799} INFO - Processing file /opt/airflow/dags/3_python_operator.py for tasks to queue
[2026-09-13T03:01:56.381+0000] {logging_mixin.py:149} INFO - [2026-09-13T03:01:56.381+0000] {dagbag.py:541} INFO - Filling up the DagBag from /opt/airflow/dags/3_python_operator.py
[2026-09-13T03:01:56.410+0000] {processor.py:809} INFO - DAG(s) dict_keys(['3-pythonoperator']) retrieved from /opt/airflow/dags/3_python_operator.py
[2026-09-13T03:01:56.503+0000] {logging_mixin.py:149} INFO - [2026-09-13T03:01:56.503+0000] {dag.py:2726} INFO - Sync 1 DAGs
[2026-09-13T03:01:56.557+0000] {logging_mixin.py:149} INFO - [2026-09-13T03:01:56.556+0000] {dag.py:3490} INFO - Setting next_dagrun for 3-pythonoperator to 2023-05-01T00:00:00+00:00, run_after=2023-05-01T00:00:00+00:00
[2026-09-13T03:01:56.599+0000] {processor.py:178} INFO - Processing /opt/airflow/dags/3_python_operator.py took 0.235 seconds
[2026-09-13T03:02:26.856+0000] {processor.py:156} INFO - Started process (PID=163851) to work on /opt/airflow/dags/3_python_operator.py
[2026-09-13T03:02:26.858+0000] {processor.py:799} INFO - Processing file /opt/airflow/dags/3_python_operator.py for tasks to queue
[2026-09-13T03:02:26.859+0000] {logging_mixin.py:149} INFO - [2026-09-13T03:02:26.859+0000] {dagbag.py:541} INFO - Filling up the DagBag from /opt/airflow/dags/3_python_operator.py
[2026-09-13T03:02:26.879+0000] {processor.py:809} INFO - DAG(s) dict_keys(['3-pythonoperator']) retrieved from /opt/airflow/dags/3_python_operator.py
[2026-09-13T03:02:26.952+0000] {logging_mixin.py:149} INFO - [2026-09-13T03:02:26.951+0000] {dag.py:2726} INFO - Sync 1 DAGs
[2026-09-13T03:02:27.036+0000] {logging_mixin.py:149} INFO - [2026-09-13T03:02:27.035+0000] {dag.py:3490} INFO - Setting next_dagrun for 3-pythonoperator to 2023-05-01T00:00:00+00:00, run_after=2023-05-01T00:00:00+00:00
[2026-09-13T03:02:27.088+0000] {processor.py:178} INFO - Processing /opt/airflow/dags/3_python_operator.py took 0.238 seconds
[2026-09-13T03:02:57.194+0000] {processor.py:156} INFO - Started process (PID=163865) to work on /opt/airflow/dags/3_python_operator.py
[2026-09-13T03:02:57.203+0000] {processor.py:799} INFO - Processing file /opt/airflow/dags/3_python_operator.py for tasks to queue
[2026-09-13T03:02:57.205+0000] {logging_mixin.py:149} INFO - [2026-09-13T03:02:57.205+0000] {dagbag.py:541} INFO - Filling up the DagBag from /opt/airflow/dags/3_python_operator.py
[2026-09-13T03:02:57.231+0000] {processor.py:809} INFO - DAG(s) dict_keys(['3-pythonoperator']) retrieved from /opt/airflow/dags/3_python_operator.py
[2026-09-13T03:02:57.317+0000] {logging_mixin.py:149} INFO - [2026-09-13T03:02:57.317+0000] {dag.py:2726} INFO - Sync 1 DAGs
[2026-09-13T03:02:57.392+0000] {logging_mixin.py:149} INFO - [2026-09-13T03:02:57.392+0000] {dag.py:3490} INFO - Setting next_dagrun for 3-pythonoperator to 2023-05-01T00:00:00+00:00, run_after=2023-05-01T00:00:00+00:00
[2026-09-13T03:02:57.447+0000] {processor.py:178} INFO - Processing /opt/airflow/dags/3_python_operator.py took 0.265 seconds
[2026-09-13T03:03:27.725+0000] {processor.py:156} INFO - Started process (PID=163880) to work on /opt/airflow/dags/3_python_operator.py
[2026-09-13T03:03:27.728+0000] {processor.py:799} INFO - Processing file /opt/airflow/dags/3_python_operator.py for tasks to queue
[2026-09-13T03:03:27.729+0000] {logging_mixin.py:149} INFO - [2026-09-13T03:03:27.729+0000] {dagbag.py:541} INFO - Filling up the DagBag from /opt/airflow/dags/3_python_operator.py
[2026-09-13T03:03:27.757+0000] {processor.py:809} INFO - DAG(s) dict_keys(['3-pythonoperator']) retrieved from /opt/airflow/dags/3_python_operator.py
[2026-09-13T03:03:27.817+0000] {logging_mixin.py:149} INFO - [2026-09-13T03:03:27.816+0000] {dag.py:2726} INFO - Sync 1 DAGs
[2026-09-13T03:03:27.914+0000] {logging_mixin.py:149} INFO - [2026-09-13T03:03:27.913+0000] {dag.py:3490} INFO - Setting next_dagrun for 3-pythonoperator to 2023-05-01T00:00:00+00:00, run_after=2023-05-01T00:00:00+00:00
[2026-09-13T03:03:27.978+0000] {processor.py:178} INFO - Processing /opt/airflow/dags/3_python_operator.py took 0.264 seconds
[2026-09-13T03:03:58.233+0000] {processor.py:156} INFO - Started process (PID=163894) to work on /opt/airflow/dags/3_python_operator.py
[2026-09-13T03:03:58.237+0000] {processor.py:799} INFO - Processing file /opt/airflow/dags/3_python_operator.py for tasks to queue
[2026-09-13T03:03:58.238+0000] {logging_mixin.py:149} INFO - [2026-09-13T03:03:58.238+0000] {dagbag.py:541} INFO - Filling up the DagBag from /opt/airflow/dags/3_python_operator.py
[2026-09-13T03:03:58.264+0000] {processor.py:809} INFO - DAG(s) dict_keys(['3-pythonoperator']) retrieved from /opt/airflow/dags/3_python_operator.py
[2026-09-13T03:03:58.347+0000] {logging_mixin.py:149} INFO - [2026-09-13T03:03:58.347+0000] {dag.py:2726} INFO - Sync 1 DAGs
[2026-09-13T03:03:58.423+0000] {logging_mixin.py:149} INFO - [2026-09-13T03:03:58.423+0000] {dag.py:3490} INFO - Setting next_dagrun for 3-pythonoperator to 2023-05-01T00:00:00+00:00, run_after=2023-05-01T00:00:00+00:00
[2026-09-13T03:03:58.500+0000] {processor.py:178} INFO - Processing /opt/airflow/dags/3_python_operator.py took 0.278 seconds
[2026-09-13T03:04:28.792+0000] {processor.py:156} INFO - Started process (PID=163908) to work on /opt/airflow/dags/3_python_operator.py
[2026-09-13T03:04:28.795+0000] {processor.py:799} INFO - Processing file /opt/airflow/dags/3_python_operator.py for tasks to queue
[2026-09-13T03:04:28.797+0000] {logging_mixin.py:149} INFO - [2026-09-13T03:04:28.797+0000] {dagbag.py:541} INFO - Filling up the DagBag from /opt/airflow/dags/3_python_operator.py
[2026-09-13T03:04:28.823+0000] {processor.py:809} INFO - DAG(s) dict_keys(['3-pythonoperator']) retrieved from /opt/airflow/dags/3_python_operator.py
[2026-09-13T03:04:28.913+0000] {logging_mixin.py:149} INFO - [2026-09-13T03:04:28.912+0000] {dag.py:2726} INFO - Sync 1 DAGs
[2026-09-13T03:04:28.989+0000] {logging_mixin.py:149} INFO - [2026-09-13T03:04:28.988+0000] {dag.py:3490} INFO - Setting next_dagrun for 3-pythonoperator to 2023-05-01T00:00:00+00:00, run_after=2023-05-01T00:00:00+00:00
[2026-09-13T03:04:29.046+0000] {processor.py:178} INFO - Processing /opt/airflow/dags/3_python_operator.py took 0.262 seconds
[2026-09-13T03:04:59.255+0000] {processor.py:156} INFO - Started process (PID=163923) to work on /opt/airflow/dags/3_python_operator.py
[2026-09-13T03:04:59.262+0000] {processor.py:799} INFO - Processing file /opt/airflow/dags/3_python_operator.py for tasks to queue
[2026-09-13T03:04:59.265+0000] {logging_mixin.py:149} INFO - [2026-09-13T03:04:59.264+0000] {dagbag.py:541} INFO - Filling up the DagBag from /opt/airflow/dags/3_python_operator.py
[2026-09-13T03:04:59.304+0000] {processor.py:809} INFO - DAG(s) dict_keys(['3-pythonoperator']) retrieved from /opt/airflow/dags/3_python_operator.py
[2026-09-13T03:04:59.393+0000] {logging_mixin.py:149} INFO - [2026-09-13T03:04:59.392+0000] {dag.py:2726} INFO - Sync 1 DAGs
[2026-09-13T03:04:59.458+0000] {logging_mixin.py:149} INFO - [2026-09-13T03:04:59.458+0000] {dag.py:3490} INFO - Setting next_dagrun for 3-pythonoperator to 2023-05-01T00:00:00+00:00, run_after=2023-05-01T00:00:00+00:00
[2026-09-13T03:04:59.523+0000] {processor.py:178} INFO - Processing /opt/airflow/dags/3_python_operator.py took 0.273 seconds
[2026-09-13T03:05:29.688+0000] {processor.py:156} INFO - Started process (PID=163937) to work on /opt/airflow/dags/3_python_operator.py
[2026-09-13T03:05:29.691+0000] {processor.py:799} INFO - Processing file /opt/airflow/dags/3_python_operator.py for tasks to queue
[2026-09-13T03:05:29.692+0000] {logging_mixin.py:149} INFO - [2026-09-13T03:05:29.692+0000] {dagbag.py:541} INFO - Filling up the DagBag from /opt/airflow/dags/3_python_operator.py
[2026-09-13T03:05:29.708+0000] {processor.py:809} INFO - DAG(s) dict_keys(['3-pythonoperator']) retrieved from /opt/airflow/dags/3_python_operator.py
[2026-09-13T03:05:29.758+0000] {logging_mixin.py:149} INFO - [2026-09-13T03:05:29.758+0000] {dag.py:2726} INFO - Sync 1 DAGs
[2026-09-13T03:05:29.797+0000] {logging_mixin.py:149} INFO - [2026-09-13T03:05:29.796+0000] {dag.py:3490} INFO - Setting next_dagrun for 3-pythonoperator to 2023-05-01T00:00:00+00:00, run_after=2023-05-01T00:00:00+00:00
[2026-09-13T03:05:29.838+0000] {processor.py:178} INFO - Processing /opt/airflow/dags/3_python_operator.py took 0.159 seconds
[2026-09-13T03:06:00.117+0000] {processor.py:156} INFO - Started process (PID=163951) to work on /opt/airflow/dags/3_python_operator.py
[2026-09-13T03:06:00.119+0000] {processor.py:799} INFO - Processing file /opt/airflow/dags/3_python_operator.py for tasks to queue
[2026-09-13T03:06:00.120+0000] {logging_mixin.py:149} INFO - [2026-09-13T03:06:00.119+0000] {dagbag.py:541} INFO - Filling up the DagBag from /opt/airflow/dags/3_python_operator.py
[2026-09-13T03:06:00.136+0000] {processor.py:809} INFO - DAG(s) dict_keys(['3-pythonoperator']) retrieved from /opt/airflow/dags/3_python_operator.py
[2026-09-13T03:06:00.230+0000] {logging_mixin.py:149} INFO - [2026-09-13T03:06:00.230+0000] {dag.py:2726} INFO - Sync 1 DAGs
[2026-09-13T03:06:00.291+0000] {logging_mixin.py:149} INFO - [2026-09-13T03:06:00.291+0000] {dag.py:3490} INFO - Setting next_dagrun for 3-pythonoperator to 2023-05-01T00:00:00+00:00, run_after=2023-05-01T00:00:00+00:00
[2026-09-13T03:06:00.321+0000] {processor.py:178} INFO - Processing /opt/airflow/dags/3_python_operator.py took 0.211 seconds
[2026-09-13T03:06:30.582+0000] {processor.py:156} INFO - Started process (PID=163966) to work on /opt/airflow/dags/3_python_operator.py
[2026-09-13T03:06:30.585+0000] {processor.py:799} INFO - Processing file /opt/airflow/dags/3_python_operator.py for tasks to queue
[2026-09-13T03:06:30.587+0000] {logging_mixin.py:149} INFO - [2026-09-13T03:06:30.587+0000] {dagbag.py:541} INFO - Filling up the DagBag from /opt/airflow/dags/3_python_operator.py
[2026-09-13T03:06:30.615+0000] {processor.py:809} INFO - DAG(s) dict_keys(['3-pythonoperator']) retrieved from /opt/airflow/dags/3_python_operator.py
[2026-09-13T03:06:30.702+0000] {logging_mixin.py:149} INFO - [2026-09-13T03:06:30.701+0000] {dag.py:2726} INFO - Sync 1 DAGs
[2026-09-13T03:06:30.784+0000] {logging_mixin.py:149} INFO - [2026-09-13T03:06:30.783+0000] {dag.py:3490} INFO - Setting next_dagrun for 3-pythonoperator to 2023-05-01T00:00:00+00:00, run_after=2023-05-01T00:00:00+00:00
[2026-09-13T03:06:30.847+0000] {processor.py:178} INFO - Processing /opt/airflow/dags/3_python_operator.py took 0.275 seconds
[2026-09-13T03:07:01.049+0000] {processor.py:156} INFO - Started process (PID=163980) to work on /opt/airflow/dags/3_python_operator.py
[2026-09-13T03:07:01.051+0000] {processor.py:799} INFO - Processing file /opt/airflow/dags/3_python_operator.py for tasks to queue
[2026-09-13T03:07:01.053+0000] {logging_mixin.py:149} INFO - [2026-09-13T03:07:01.053+0000] {dagbag.py:541} INFO - Filling up the DagBag from /opt/airflow/dags/3_python_operator.py
[2026-09-13T03:07:01.081+0000] {processor.py:809} INFO - DAG(s) dict_keys(['3-pythonoperator']) retrieved from /opt/airflow/dags/3_python_operator.py
[2026-09-13T03:07:01.176+0000] {logging_mixin.py:149} INFO - [2026-09-13T03:07:01.175+0000] {dag.py:2726} INFO - Sync 1 DAGs
[2026-09-13T03:07:01.258+0000] {logging_mixin.py:149} INFO - [2026-09-13T03:07:01.257+0000] {dag.py:3490} INFO - Setting next_dagrun for 3-pythonoperator to 2023-05-01T00:00:00+00:00, run_after=2023-05-01T00:00:00+00:00
[2026-09-13T03:07:01.329+0000] {processor.py:178} INFO - Processing /opt/airflow/dags/3_python_operator.py took 0.287 seconds
[2026-09-13T03:07:31.475+0000] {processor.py:156} INFO - Started process (PID=163994) to work on /opt/airflow/dags/3_python_operator.py
[2026-09-13T03:07:31.478+0000] {processor.py:799} INFO - Processing file /opt/airflow/dags/3_python_operator.py for tasks to queue
[2026-09-13T03:07:31.482+0000] {logging_mixin.py:149} INFO - [2026-09-13T03:07:31.482+0000] {dagbag.py:541} INFO - Filling up the DagBag from /opt/airflow/dags/3_python_operator.py
[2026-09-13T03:07:31.522+0000] {processor.py:809} INFO - DAG(s) dict_keys(['3-pythonoperator']) retrieved from /opt/airflow/dags/3_python_operator.py
[2026-09-13T03:07:31.617+0000] {logging_mixin.py:149} INFO - [2026-09-13T03:07:31.617+0000] {dag.py:2726} INFO - Sync 1 DAGs
[2026-09-13T03:07:31.702+0000] {logging_mixin.py:149} INFO - [2026-09-13T03:07:31.701+0000] {dag.py:3490} INFO - Setting next_dagrun for 3-pythonoperator to 2023-05-01T00:00:00+00:00, run_after=2023-05-01T00:00:00+00:00
[2026-09-13T03:07:31.780+0000] {processor.py:178} INFO - Processing /opt/airflow/dags/3_python_operator.py took 0.316 seconds
[2026-09-13T03:08:01.961+0000] {processor.py:156} INFO - Started process (PID=164007) to work on /opt/airflow/dags/3_python_operator.py
[2026-09-13T03:08:01.964+0000] {processor.py:799} INFO - Processing file /opt/airflow/dags/3_python_operator.py for tasks to queue
[2026-09-13T03:08:01.965+0000] {logging_mixin.py:149} INFO - [2026-09-13T03:08:01.965+0000] {dagbag.py:541} INFO - Filling up the DagBag from /opt/airflow/dags/3_python_operator.py
[2026-09-13T03:08:01.985+0000] {processor.py:809} INFO - DAG(s) dict_keys(['3-pythonoperator']) retrieved from /opt/airflow/dags/3_python_operator.py
[2026-09-13T03:08:02.076+0000] {logging_mixin.py:149} INFO - [2026-09-13T03:08:02.075+0000] {dag.py:2726} INFO - Sync 1 DAGs
[2026-09-13T03:08:02.166+0000] {logging_mixin.py:149} INFO - [2026-09-13T03:08:02.166+0000] {dag.py:3490} INFO - Setting next_dagrun for 3-pythonoperator to 2023-05-01T00:00:00+00:00, run_after=2023-05-01T00:00:00+00:00
[2026-09-13T03:08:02.224+0000] {processor.py:178} INFO - Processing /opt/airflow/dags/3_python_operator.py took 0.273 seconds
[2026-09-13T03:08:32.401+0000] {processor.py:156} INFO - Started process (PID=164021) to work on /opt/airflow/dags/3_python_operator.py
[2026-09-13T03:08:32.406+0000] {processor.py:799} INFO - Processing file /opt/airflow/dags/3_python_operator.py for tasks to queue
[2026-09-13T03:08:32.409+0000] {logging_mixin.py:149} INFO - [2026-09-13T03:08:32.408+0000] {dagbag.py:541} INFO - Filling up the DagBag from /opt/airflow/dags/3_python_operator.py
[2026-09-13T03:08:32.437+0000] {processor.py:809} INFO - DAG(s) dict_keys(['3-pythonoperator']) retrieved from /opt/airflow/dags/3_python_operator.py
[2026-09-13T03:08:32.522+0000] {logging_mixin.py:149} INFO - [2026-09-13T03:08:32.521+0000] {dag.py:2726} INFO - Sync 1 DAGs
[2026-09-13T03:08:32.606+0000] {logging_mixin.py:149} INFO - [2026-09-13T03:08:32.606+0000] {dag.py:3490} INFO - Setting next_dagrun for 3-pythonoperator to 2023-05-01T00:00:00+00:00, run_after=2023-05-01T00:00:00+00:00
[2026-09-13T03:08:32.661+0000] {processor.py:178} INFO - Processing /opt/airflow/dags/3_python_operator.py took 0.271 seconds
[2026-09-13T03:09:02.937+0000] {processor.py:156} INFO - Started process (PID=164035) to work on /opt/airflow/dags/3_python_operator.py
[2026-09-13T03:09:02.940+0000] {processor.py:799} INFO - Processing file /opt/airflow/dags/3_python_operator.py for tasks to queue
[2026-09-13T03:09:02.941+0000] {logging_mixin.py:149} INFO - [2026-09-13T03:09:02.941+0000] {dagbag.py:541} INFO - Filling up the DagBag from /opt/airflow/dags/3_python_operator.py
[2026-09-13T03:09:02.958+0000] {processor.py:809} INFO - DAG(s) dict_keys(['3-pythonoperator']) retrieved from /opt/airflow/dags/3_python_operator.py
[2026-09-13T03:09:03.041+0000] {logging_mixin.py:149} INFO - [2026-09-13T03:09:03.040+0000] {dag.py:2726} INFO - Sync 1 DAGs
[2026-09-13T03:09:03.124+0000] {logging_mixin.py:149} INFO - [2026-09-13T03:09:03.123+0000] {dag.py:3490} INFO - Setting next_dagrun for 3-pythonoperator to 2023-05-01T00:00:00+00:00, run_after=2023-05-01T00:00:00+00:00
[2026-09-13T03:09:03.211+0000] {processor.py:178} INFO - Processing /opt/airflow/dags/3_python_operator.py took 0.282 seconds
[2026-09-13T03:09:33.546+0000] {processor.py:156} INFO - Started process (PID=164049) to work on /opt/airflow/dags/3_python_operator.py
[2026-09-13T03:09:33.549+0000] {processor.py:799} INFO - Processing file /opt/airflow/dags/3_python_operator.py for tasks to queue
[2026-09-13T03:09:33.551+0000] {logging_mixin.py:149} INFO - [2026-09-13T03:09:33.551+0000] {dagbag.py:541} INFO - Filling up the DagBag from /opt/airflow/dags/3_python_operator.py
[2026-09-13T03:09:33.575+0000] {processor.py:809} INFO - DAG(s) dict_keys(['3-pythonoperator']) retrieved from /opt/airflow/dags/3_python_operator.py
[2026-09-13T03:09:33.662+0000] {logging_mixin.py:149} INFO - [2026-09-13T03:09:33.662+0000] {dag.py:2726} INFO - Sync 1 DAGs
[2026-09-13T03:09:33.729+0000] {logging_mixin.py:149} INFO - [2026-09-13T03:09:33.728+0000] {dag.py:3490} INFO - Setting next_dagrun for 3-pythonoperator to 2023-05-01T00:00:00+00:00, run_after=2023-05-01T00:00:00+00:00
[2026-09-13T03:09:33.800+0000] {processor.py:178} INFO - Processing /opt/airflow/dags/3_python_operator.py took 0.268 seconds
[2026-09-13T03:10:04.044+0000] {processor.py:156} INFO - Started process (PID=164063) to work on /opt/airflow/dags/3_python_operator.py
[2026-09-13T03:10:04.048+0000] {processor.py:799} INFO - Processing file /opt/airflow/dags/3_python_operator.py for tasks to queue
[2026-09-13T03:10:04.050+0000] {logging_mixin.py:149} INFO - [2026-09-13T03:10:04.049+0000] {dagbag.py:541} INFO - Filling up the DagBag from /opt/airflow/dags/3_python_operator.py
[2026-09-13T03:10:04.076+0000] {processor.py:809} INFO - DAG(s) dict_keys(['3-pythonoperator']) retrieved from /opt/airflow/dags/3_python_operator.py
[2026-09-13T03:10:04.153+0000] {logging_mixin.py:149} INFO - [2026-09-13T03:10:04.152+0000] {dag.py:2726} INFO - Sync 1 DAGs
[2026-09-13T03:10:04.235+0000] {logging_mixin.py:149} INFO - [2026-09-13T03:10:04.234+0000] {dag.py:3490} INFO - Setting next_dagrun for 3-pythonoperator to 2023-05-01T00:00:00+00:00, run_after=2023-05-01T00:00:00+00:00
[2026-09-13T03:10:04.299+0000] {processor.py:178} INFO - Processing /opt/airflow/dags/3_python_operator.py took 0.273 seconds
[2026-09-13T03:10:34.569+0000] {processor.py:156} INFO - Started process (PID=164077) to work on /opt/airflow/dags/3_python_operator.py
[2026-09-13T03:10:34.577+0000] {processor.py:799} INFO - Processing file /opt/airflow/dags/3_python_operator.py for tasks to queue
[2026-09-13T03:10:34.579+0000] {logging_mixin.py:149} INFO - [2026-09-13T03:10:34.578+0000] {dagbag.py:541} INFO - Filling up the DagBag from /opt/airflow/dags/3_python_operator.py
[2026-09-13T03:10:34.607+0000] {processor.py:809} INFO - DAG(s) dict_keys(['3-pythonoperator']) retrieved from /opt/airflow/dags/3_python_operator.py
[2026-09-13T03:10:34.705+0000] {logging_mixin.py:149} INFO - [2026-09-13T03:10:34.704+0000] {dag.py:2726} INFO - Sync 1 DAGs
[2026-09-13T03:10:34.789+0000] {logging_mixin.py:149} INFO - [2026-09-13T03:10:34.788+0000] {dag.py:3490} INFO - Setting next_dagrun for 3-pythonoperator to 2023-05-01T00:00:00+00:00, run_after=2023-05-01T00:00:00+00:00
[2026-09-13T03:10:34.850+0000] {processor.py:178} INFO - Processing /opt/airflow/dags/3_python_operator.py took 0.291 seconds
[2026-09-13T03:11:05.079+0000] {processor.py:156} INFO - Started process (PID=164091) to work on /opt/airflow/dags/3_python_operator.py
[2026-09-13T03:11:05.087+0000] {processor.py:799} INFO - Processing file /opt/airflow/dags/3_python_operator.py for tasks to queue
[2026-09-13T03:11:05.093+0000] {logging_mixin.py:149} INFO - [2026-09-13T03:11:05.092+0000] {dagbag.py:541} INFO - Filling up the DagBag from /opt/airflow/dags/3_python_operator.py
[2026-09-13T03:11:05.123+0000] {processor.py:809} INFO - DAG(s) dict_keys(['3-pythonoperator']) retrieved from /opt/airflow/dags/3_python_operator.py
[2026-09-13T03:11:05.215+0000] {logging_mixin.py:149} INFO - [2026-09-13T03:11:05.214+0000] {dag.py:2726} INFO - Sync 1 DAGs
[2026-09-13T03:11:05.285+0000] {logging_mixin.py:149} INFO - [2026-09-13T03:11:05.284+0000] {dag.py:3490} INFO - Setting next_dagrun for 3-pythonoperator to 2023-05-01T00:00:00+00:00, run_after=2023-05-01T00:00:00+00:00
[2026-09-13T03:11:05.350+0000] {processor.py:178} INFO - Processing /opt/airflow/dags/3_python_operator.py took 0.280 seconds
[2026-09-13T03:11:35.584+0000] {processor.py:156} INFO - Started process (PID=164105) to work on /opt/airflow/dags/3_python_operator.py
[2026-09-13T03:11:35.594+0000] {processor.py:799} INFO - Processing file /opt/airflow/dags/3_python_operator.py for tasks to queue
[2026-09-13T03:11:35.596+0000] {logging_mixin.py:149} INFO - [2026-09-13T03:11:35.595+0000] {dagbag.py:541} INFO - Filling up the DagBag from /opt/airflow/dags/3_python_operator.py
[2026-09-13T03:11:35.624+0000] {processor.py:809} INFO - DAG(s) dict_keys(['3-pythonoperator']) retrieved from /opt/airflow/dags/3_python_operator.py
[2026-09-13T03:11:35.707+0000] {logging_mixin.py:149} INFO - [2026-09-13T03:11:35.707+0000] {dag.py:2726} INFO - Sync 1 DAGs
[2026-09-13T03:11:35.773+0000] {logging_mixin.py:149} INFO - [2026-09-13T03:11:35.772+0000] {dag.py:3490} INFO - Setting next_dagrun for 3-pythonoperator to 2023-05-01T00:00:00+00:00, run_after=2023-05-01T00:00:00+00:00
[2026-09-13T03:11:35.834+0000] {processor.py:178} INFO - Processing /opt/airflow/dags/3_python_operator.py took 0.260 seconds
[2026-09-13T03:12:06.095+0000] {processor.py:156} INFO - Started process (PID=164120) to work on /opt/airflow/dags/3_python_operator.py
[2026-09-13T03:12:06.099+0000] {processor.py:799} INFO - Processing file /opt/airflow/dags/3_python_operator.py for tasks to queue
[2026-09-13T03:12:06.101+0000] {logging_mixin.py:149} INFO - [2026-09-13T03:12:06.101+0000] {dagbag.py:541} INFO - Filling up the DagBag from /opt/airflow/dags/3_python_operator.py
[2026-09-13T03:12:06.127+0000] {processor.py:809} INFO - DAG(s) dict_keys(['3-pythonoperator']) retrieved from /opt/airflow/dags/3_python_operator.py
[2026-09-13T03:12:06.223+0000] {logging_mixin.py:149} INFO - [2026-09-13T03:12:06.222+0000] {dag.py:2726} INFO - Sync 1 DAGs
[2026-09-13T03:12:06.298+0000] {logging_mixin.py:149} INFO - [2026-09-13T03:12:06.297+0000] {dag.py:3490} INFO - Setting next_dagrun for 3-pythonoperator to 2023-05-01T00:00:00+00:00, run_after=2023-05-01T00:00:00+00:00
[2026-09-13T03:12:06.379+0000] {processor.py:178} INFO - Processing /opt/airflow/dags/3_python_operator.py took 0.301 seconds
[2026-09-13T03:12:36.664+0000] {processor.py:156} INFO - Started process (PID=164135) to work on /opt/airflow/dags/3_python_operator.py
[2026-09-13T03:12:36.666+0000] {processor.py:799} INFO - Processing file /opt/airflow/dags/3_python_operator.py for tasks to queue
[2026-09-13T03:12:36.671+0000] {logging_mixin.py:149} INFO - [2026-09-13T03:12:36.670+0000] {dagbag.py:541} INFO - Filling up the DagBag from /opt/airflow/dags/3_python_operator.py
[2026-09-13T03:12:36.702+0000] {processor.py:809} INFO - DAG(s) dict_keys(['3-pythonoperator']) retrieved from /opt/airflow/dags/3_python_operator.py
[2026-09-13T03:12:36.793+0000] {logging_mixin.py:149} INFO - [2026-09-13T03:12:36.793+0000] {dag.py:2726} INFO - Sync 1 DAGs
[2026-09-13T03:12:36.885+0000] {logging_mixin.py:149} INFO - [2026-09-13T03:12:36.884+0000] {dag.py:3490} INFO - Setting next_dagrun for 3-pythonoperator to 2023-05-01T00:00:00+00:00, run_after=2023-05-01T00:00:00+00:00
[2026-09-13T03:12:36.954+0000] {processor.py:178} INFO - Processing /opt/airflow/dags/3_python_operator.py took 0.299 seconds
[2026-09-13T03:13:07.042+0000] {processor.py:156} INFO - Started process (PID=164149) to work on /opt/airflow/dags/3_python_operator.py
[2026-09-13T03:13:07.048+0000] {processor.py:799} INFO - Processing file /opt/airflow/dags/3_python_operator.py for tasks to queue
[2026-09-13T03:13:07.052+0000] {logging_mixin.py:149} INFO - [2026-09-13T03:13:07.051+0000] {dagbag.py:541} INFO - Filling up the DagBag from /opt/airflow/dags/3_python_operator.py
[2026-09-13T03:13:07.088+0000] {processor.py:809} INFO - DAG(s) dict_keys(['3-pythonoperator']) retrieved from /opt/airflow/dags/3_python_operator.py
[2026-09-13T03:13:07.172+0000] {logging_mixin.py:149} INFO - [2026-09-13T03:13:07.172+0000] {dag.py:2726} INFO - Sync 1 DAGs
[2026-09-13T03:13:07.230+0000] {logging_mixin.py:149} INFO - [2026-09-13T03:13:07.230+0000] {dag.py:3490} INFO - Setting next_dagrun for 3-pythonoperator to 2023-05-01T00:00:00+00:00, run_after=2023-05-01T00:00:00+00:00
[2026-09-13T03:13:07.301+0000] {processor.py:178} INFO - Processing /opt/airflow/dags/3_python_operator.py took 0.271 seconds
[2026-09-13T03:13:37.511+0000] {processor.py:156} INFO - Started process (PID=164162) to work on /opt/airflow/dags/3_python_operator.py
[2026-09-13T03:13:37.518+0000] {processor.py:799} INFO - Processing file /opt/airflow/dags/3_python_operator.py for tasks to queue
[2026-09-13T03:13:37.519+0000] {logging_mixin.py:149} INFO - [2026-09-13T03:13:37.519+0000] {dagbag.py:541} INFO - Filling up the DagBag from /opt/airflow/dags/3_python_operator.py
[2026-09-13T03:13:37.562+0000] {processor.py:809} INFO - DAG(s) dict_keys(['3-pythonoperator']) retrieved from /opt/airflow/dags/3_python_operator.py
[2026-09-13T03:13:37.703+0000] {logging_mixin.py:149} INFO - [2026-09-13T03:13:37.702+0000] {dag.py:2726} INFO - Sync 1 DAGs
[2026-09-13T03:13:37.749+0000] {logging_mixin.py:149} INFO - [2026-09-13T03:13:37.749+0000] {dag.py:3490} INFO - Setting next_dagrun for 3-pythonoperator to 2023-05-01T00:00:00+00:00, run_after=2023-05-01T00:00:00+00:00
[2026-09-13T03:13:37.781+0000] {processor.py:178} INFO - Processing /opt/airflow/dags/3_python_operator.py took 0.275 seconds
[2026-09-13T03:14:08.017+0000] {processor.py:156} INFO - Started process (PID=164177) to work on /opt/airflow/dags/3_python_operator.py
[2026-09-13T03:14:08.020+0000] {processor.py:799} INFO - Processing file /opt/airflow/dags/3_python_operator.py for tasks to queue
[2026-09-13T03:14:08.023+0000] {logging_mixin.py:149} INFO - [2026-09-13T03:14:08.023+0000] {dagbag.py:541} INFO - Filling up the DagBag from /opt/airflow/dags/3_python_operator.py
[2026-09-13T03:14:08.059+0000] {processor.py:809} INFO - DAG(s) dict_keys(['3-pythonoperator']) retrieved from /opt/airflow/dags/3_python_operator.py
[2026-09-13T03:14:08.150+0000] {logging_mixin.py:149} INFO - [2026-09-13T03:14:08.150+0000] {dag.py:2726} INFO - Sync 1 DAGs
[2026-09-13T03:14:08.194+0000] {logging_mixin.py:149} INFO - [2026-09-13T03:14:08.194+0000] {dag.py:3490} INFO - Setting next_dagrun for 3-pythonoperator to 2023-05-01T00:00:00+00:00, run_after=2023-05-01T00:00:00+00:00
[2026-09-13T03:14:08.224+0000] {processor.py:178} INFO - Processing /opt/airflow/dags/3_python_operator.py took 0.221 seconds
[2026-09-13T03:14:38.485+0000] {processor.py:156} INFO - Started process (PID=164191) to work on /opt/airflow/dags/3_python_operator.py
[2026-09-13T03:14:38.489+0000] {processor.py:799} INFO - Processing file /opt/airflow/dags/3_python_operator.py for tasks to queue
[2026-09-13T03:14:38.494+0000] {logging_mixin.py:149} INFO - [2026-09-13T03:14:38.493+0000] {dagbag.py:541} INFO - Filling up the DagBag from /opt/airflow/dags/3_python_operator.py
[2026-09-13T03:14:38.516+0000] {processor.py:809} INFO - DAG(s) dict_keys(['3-pythonoperator']) retrieved from /opt/airflow/dags/3_python_operator.py
[2026-09-13T03:14:38.611+0000] {logging_mixin.py:149} INFO - [2026-09-13T03:14:38.611+0000] {dag.py:2726} INFO - Sync 1 DAGs
[2026-09-13T03:14:38.700+0000] {logging_mixin.py:149} INFO - [2026-09-13T03:14:38.699+0000] {dag.py:3490} INFO - Setting next_dagrun for 3-pythonoperator to 2023-05-01T00:00:00+00:00, run_after=2023-05-01T00:00:00+00:00
[2026-09-13T03:14:38.769+0000] {processor.py:178} INFO - Processing /opt/airflow/dags/3_python_operator.py took 0.296 seconds
[2026-09-13T03:15:09.038+0000] {processor.py:156} INFO - Started process (PID=164205) to work on /opt/airflow/dags/3_python_operator.py
[2026-09-13T03:15:09.042+0000] {processor.py:799} INFO - Processing file /opt/airflow/dags/3_python_operator.py for tasks to queue
[2026-09-13T03:15:09.045+0000] {logging_mixin.py:149} INFO - [2026-09-13T03:15:09.044+0000] {dagbag.py:541} INFO - Filling up the DagBag from /opt/airflow/dags/3_python_operator.py
[2026-09-13T03:15:09.074+0000] {processor.py:809} INFO - DAG(s) dict_keys(['3-pythonoperator']) retrieved from /opt/airflow/dags/3_python_operator.py
[2026-09-13T03:15:09.170+0000] {logging_mixin.py:149} INFO - [2026-09-13T03:15:09.169+0000] {dag.py:2726} INFO - Sync 1 DAGs
[2026-09-13T03:15:09.251+0000] {logging_mixin.py:149} INFO - [2026-09-13T03:15:09.250+0000] {dag.py:3490} INFO - Setting next_dagrun for 3-pythonoperator to 2023-05-01T00:00:00+00:00, run_after=2023-05-01T00:00:00+00:00
[2026-09-13T03:15:09.323+0000] {processor.py:178} INFO - Processing /opt/airflow/dags/3_python_operator.py took 0.294 seconds
[2026-09-13T03:15:39.587+0000] {processor.py:156} INFO - Started process (PID=164218) to work on /opt/airflow/dags/3_python_operator.py
[2026-09-13T03:15:39.596+0000] {processor.py:799} INFO - Processing file /opt/airflow/dags/3_python_operator.py for tasks to queue
[2026-09-13T03:15:39.598+0000] {logging_mixin.py:149} INFO - [2026-09-13T03:15:39.598+0000] {dagbag.py:541} INFO - Filling up the DagBag from /opt/airflow/dags/3_python_operator.py
[2026-09-13T03:15:39.625+0000] {processor.py:809} INFO - DAG(s) dict_keys(['3-pythonoperator']) retrieved from /opt/airflow/dags/3_python_operator.py
[2026-09-13T03:15:39.713+0000] {logging_mixin.py:149} INFO - [2026-09-13T03:15:39.713+0000] {dag.py:2726} INFO - Sync 1 DAGs
[2026-09-13T03:15:39.800+0000] {logging_mixin.py:149} INFO - [2026-09-13T03:15:39.800+0000] {dag.py:3490} INFO - Setting next_dagrun for 3-pythonoperator to 2023-05-01T00:00:00+00:00, run_after=2023-05-01T00:00:00+00:00
[2026-09-13T03:15:39.872+0000] {processor.py:178} INFO - Processing /opt/airflow/dags/3_python_operator.py took 0.296 seconds
[2026-09-13T03:16:10.060+0000] {processor.py:156} INFO - Started process (PID=164233) to work on /opt/airflow/dags/3_python_operator.py
[2026-09-13T03:16:10.064+0000] {processor.py:799} INFO - Processing file /opt/airflow/dags/3_python_operator.py for tasks to queue
[2026-09-13T03:16:10.065+0000] {logging_mixin.py:149} INFO - [2026-09-13T03:16:10.065+0000] {dagbag.py:541} INFO - Filling up the DagBag from /opt/airflow/dags/3_python_operator.py
[2026-09-13T03:16:10.091+0000] {processor.py:809} INFO - DAG(s) dict_keys(['3-pythonoperator']) retrieved from /opt/airflow/dags/3_python_operator.py
[2026-09-13T03:16:10.185+0000] {logging_mixin.py:149} INFO - [2026-09-13T03:16:10.185+0000] {dag.py:2726} INFO - Sync 1 DAGs
[2026-09-13T03:16:10.255+0000] {logging_mixin.py:149} INFO - [2026-09-13T03:16:10.254+0000] {dag.py:3490} INFO - Setting next_dagrun for 3-pythonoperator to 2023-05-01T00:00:00+00:00, run_after=2023-05-01T00:00:00+00:00
[2026-09-13T03:16:10.330+0000] {processor.py:178} INFO - Processing /opt/airflow/dags/3_python_operator.py took 0.278 seconds
[2026-09-13T03:16:40.513+0000] {processor.py:156} INFO - Started process (PID=164246) to work on /opt/airflow/dags/3_python_operator.py
[2026-09-13T03:16:40.517+0000] {processor.py:799} INFO - Processing file /opt/airflow/dags/3_python_operator.py for tasks to queue
[2026-09-13T03:16:40.519+0000] {logging_mixin.py:149} INFO - [2026-09-13T03:16:40.518+0000] {dagbag.py:541} INFO - Filling up the DagBag from /opt/airflow/dags/3_python_operator.py
[2026-09-13T03:16:40.544+0000] {processor.py:809} INFO - DAG(s) dict_keys(['3-pythonoperator']) retrieved from /opt/airflow/dags/3_python_operator.py
[2026-09-13T03:16:40.640+0000] {logging_mixin.py:149} INFO - [2026-09-13T03:16:40.640+0000] {dag.py:2726} INFO - Sync 1 DAGs
[2026-09-13T03:16:40.718+0000] {logging_mixin.py:149} INFO - [2026-09-13T03:16:40.717+0000] {dag.py:3490} INFO - Setting next_dagrun for 3-pythonoperator to 2023-05-01T00:00:00+00:00, run_after=2023-05-01T00:00:00+00:00
[2026-09-13T03:16:40.783+0000] {processor.py:178} INFO - Processing /opt/airflow/dags/3_python_operator.py took 0.281 seconds
[2026-09-13T03:17:10.949+0000] {processor.py:156} INFO - Started process (PID=164260) to work on /opt/airflow/dags/3_python_operator.py
[2026-09-13T03:17:10.954+0000] {processor.py:799} INFO - Processing file /opt/airflow/dags/3_python_operator.py for tasks to queue
[2026-09-13T03:17:10.955+0000] {logging_mixin.py:149} INFO - [2026-09-13T03:17:10.955+0000] {dagbag.py:541} INFO - Filling up the DagBag from /opt/airflow/dags/3_python_operator.py
[2026-09-13T03:17:10.981+0000] {processor.py:809} INFO - DAG(s) dict_keys(['3-pythonoperator']) retrieved from /opt/airflow/dags/3_python_operator.py
[2026-09-13T03:17:11.073+0000] {logging_mixin.py:149} INFO - [2026-09-13T03:17:11.073+0000] {dag.py:2726} INFO - Sync 1 DAGs
[2026-09-13T03:17:11.138+0000] {logging_mixin.py:149} INFO - [2026-09-13T03:17:11.138+0000] {dag.py:3490} INFO - Setting next_dagrun for 3-pythonoperator to 2023-05-01T00:00:00+00:00, run_after=2023-05-01T00:00:00+00:00
[2026-09-13T03:17:11.198+0000] {processor.py:178} INFO - Processing /opt/airflow/dags/3_python_operator.py took 0.263 seconds
[2026-09-13T03:17:41.431+0000] {processor.py:156} INFO - Started process (PID=164273) to work on /opt/airflow/dags/3_python_operator.py
[2026-09-13T03:17:41.434+0000] {processor.py:799} INFO - Processing file /opt/airflow/dags/3_python_operator.py for tasks to queue
[2026-09-13T03:17:41.436+0000] {logging_mixin.py:149} INFO - [2026-09-13T03:17:41.436+0000] {dagbag.py:541} INFO - Filling up the DagBag from /opt/airflow/dags/3_python_operator.py
[2026-09-13T03:17:41.462+0000] {processor.py:809} INFO - DAG(s) dict_keys(['3-pythonoperator']) retrieved from /opt/airflow/dags/3_python_operator.py
[2026-09-13T03:17:41.546+0000] {logging_mixin.py:149} INFO - [2026-09-13T03:17:41.546+0000] {dag.py:2726} INFO - Sync 1 DAGs
[2026-09-13T03:17:41.621+0000] {logging_mixin.py:149} INFO - [2026-09-13T03:17:41.620+0000] {dag.py:3490} INFO - Setting next_dagrun for 3-pythonoperator to 2023-05-01T00:00:00+00:00, run_after=2023-05-01T00:00:00+00:00
[2026-09-13T03:17:41.697+0000] {processor.py:178} INFO - Processing /opt/airflow/dags/3_python_operator.py took 0.279 seconds
[2026-09-13T03:18:11.787+0000] {processor.py:156} INFO - Started process (PID=164287) to work on /opt/airflow/dags/3_python_operator.py
[2026-09-13T03:18:11.791+0000] {processor.py:799} INFO - Processing file /opt/airflow/dags/3_python_operator.py for tasks to queue
[2026-09-13T03:18:11.793+0000] {logging_mixin.py:149} INFO - [2026-09-13T03:18:11.793+0000] {dagbag.py:541} INFO - Filling up the DagBag from /opt/airflow/dags/3_python_operator.py
[2026-09-13T03:18:11.817+0000] {processor.py:809} INFO - DAG(s) dict_keys(['3-pythonoperator']) retrieved from /opt/airflow/dags/3_python_operator.py
[2026-09-13T03:18:11.886+0000] {logging_mixin.py:149} INFO - [2026-09-13T03:18:11.885+0000] {dag.py:2726} INFO - Sync 1 DAGs
[2026-09-13T03:18:11.953+0000] {logging_mixin.py:149} INFO - [2026-09-13T03:18:11.952+0000] {dag.py:3490} INFO - Setting next_dagrun for 3-pythonoperator to 2023-05-01T00:00:00+00:00, run_after=2023-05-01T00:00:00+00:00
[2026-09-13T03:18:12.013+0000] {processor.py:178} INFO - Processing /opt/airflow/dags/3_python_operator.py took 0.234 seconds
[2026-09-13T03:18:42.177+0000] {processor.py:156} INFO - Started process (PID=164302) to work on /opt/airflow/dags/3_python_operator.py
[2026-09-13T03:18:42.181+0000] {processor.py:799} INFO - Processing file /opt/airflow/dags/3_python_operator.py for tasks to queue
[2026-09-13T03:18:42.183+0000] {logging_mixin.py:149} INFO - [2026-09-13T03:18:42.183+0000] {dagbag.py:541} INFO - Filling up the DagBag from /opt/airflow/dags/3_python_operator.py
[2026-09-13T03:18:42.207+0000] {processor.py:809} INFO - DAG(s) dict_keys(['3-pythonoperator']) retrieved from /opt/airflow/dags/3_python_operator.py
[2026-09-13T03:18:42.312+0000] {logging_mixin.py:149} INFO - [2026-09-13T03:18:42.312+0000] {dag.py:2726} INFO - Sync 1 DAGs
[2026-09-13T03:18:42.383+0000] {logging_mixin.py:149} INFO - [2026-09-13T03:18:42.382+0000] {dag.py:3490} INFO - Setting next_dagrun for 3-pythonoperator to 2023-05-01T00:00:00+00:00, run_after=2023-05-01T00:00:00+00:00
[2026-09-13T03:18:42.440+0000] {processor.py:178} INFO - Processing /opt/airflow/dags/3_python_operator.py took 0.274 seconds
[2026-09-13T03:19:12.627+0000] {processor.py:156} INFO - Started process (PID=164316) to work on /opt/airflow/dags/3_python_operator.py
[2026-09-13T03:19:12.631+0000] {processor.py:799} INFO - Processing file /opt/airflow/dags/3_python_operator.py for tasks to queue
[2026-09-13T03:19:12.633+0000] {logging_mixin.py:149} INFO - [2026-09-13T03:19:12.633+0000] {dagbag.py:541} INFO - Filling up the DagBag from /opt/airflow/dags/3_python_operator.py
[2026-09-13T03:19:12.661+0000] {processor.py:809} INFO - DAG(s) dict_keys(['3-pythonoperator']) retrieved from /opt/airflow/dags/3_python_operator.py
[2026-09-13T03:19:12.725+0000] {logging_mixin.py:149} INFO - [2026-09-13T03:19:12.724+0000] {dag.py:2726} INFO - Sync 1 DAGs
[2026-09-13T03:19:12.766+0000] {logging_mixin.py:149} INFO - [2026-09-13T03:19:12.766+0000] {dag.py:3490} INFO - Setting next_dagrun for 3-pythonoperator to 2023-05-01T00:00:00+00:00, run_after=2023-05-01T00:00:00+00:00
[2026-09-13T03:19:12.799+0000] {processor.py:178} INFO - Processing /opt/airflow/dags/3_python_operator.py took 0.187 seconds
[2026-09-13T03:19:43.046+0000] {processor.py:156} INFO - Started process (PID=164330) to work on /opt/airflow/dags/3_python_operator.py
[2026-09-13T03:19:43.050+0000] {processor.py:799} INFO - Processing file /opt/airflow/dags/3_python_operator.py for tasks to queue
[2026-09-13T03:19:43.052+0000] {logging_mixin.py:149} INFO - [2026-09-13T03:19:43.052+0000] {dagbag.py:541} INFO - Filling up the DagBag from /opt/airflow/dags/3_python_operator.py
[2026-09-13T03:19:43.078+0000] {processor.py:809} INFO - DAG(s) dict_keys(['3-pythonoperator']) retrieved from /opt/airflow/dags/3_python_operator.py
[2026-09-13T03:19:43.162+0000] {logging_mixin.py:149} INFO - [2026-09-13T03:19:43.162+0000] {dag.py:2726} INFO - Sync 1 DAGs
[2026-09-13T03:19:43.235+0000] {logging_mixin.py:149} INFO - [2026-09-13T03:19:43.234+0000] {dag.py:3490} INFO - Setting next_dagrun for 3-pythonoperator to 2023-05-01T00:00:00+00:00, run_after=2023-05-01T00:00:00+00:00
[2026-09-13T03:19:43.300+0000] {processor.py:178} INFO - Processing /opt/airflow/dags/3_python_operator.py took 0.266 seconds
[2026-09-13T03:20:13.570+0000] {processor.py:156} INFO - Started process (PID=164344) to work on /opt/airflow/dags/3_python_operator.py
[2026-09-13T03:20:13.573+0000] {processor.py:799} INFO - Processing file /opt/airflow/dags/3_python_operator.py for tasks to queue
[2026-09-13T03:20:13.575+0000] {logging_mixin.py:149} INFO - [2026-09-13T03:20:13.574+0000] {dagbag.py:541} INFO - Filling up the DagBag from /opt/airflow/dags/3_python_operator.py
[2026-09-13T03:20:13.599+0000] {processor.py:809} INFO - DAG(s) dict_keys(['3-pythonoperator']) retrieved from /opt/airflow/dags/3_python_operator.py
[2026-09-13T03:20:13.686+0000] {logging_mixin.py:149} INFO - [2026-09-13T03:20:13.686+0000] {dag.py:2726} INFO - Sync 1 DAGs
[2026-09-13T03:20:13.767+0000] {logging_mixin.py:149} INFO - [2026-09-13T03:20:13.766+0000] {dag.py:3490} INFO - Setting next_dagrun for 3-pythonoperator to 2023-05-01T00:00:00+00:00, run_after=2023-05-01T00:00:00+00:00
[2026-09-13T03:20:13.835+0000] {processor.py:178} INFO - Processing /opt/airflow/dags/3_python_operator.py took 0.276 seconds
[2026-09-13T03:20:44.099+0000] {processor.py:156} INFO - Started process (PID=164358) to work on /opt/airflow/dags/3_python_operator.py
[2026-09-13T03:20:44.103+0000] {processor.py:799} INFO - Processing file /opt/airflow/dags/3_python_operator.py for tasks to queue
[2026-09-13T03:20:44.105+0000] {logging_mixin.py:149} INFO - [2026-09-13T03:20:44.105+0000] {dagbag.py:541} INFO - Filling up the DagBag from /opt/airflow/dags/3_python_operator.py
[2026-09-13T03:20:44.133+0000] {processor.py:809} INFO - DAG(s) dict_keys(['3-pythonoperator']) retrieved from /opt/airflow/dags/3_python_operator.py
[2026-09-13T03:20:44.221+0000] {logging_mixin.py:149} INFO - [2026-09-13T03:20:44.221+0000] {dag.py:2726} INFO - Sync 1 DAGs
[2026-09-13T03:20:44.293+0000] {logging_mixin.py:149} INFO - [2026-09-13T03:20:44.292+0000] {dag.py:3490} INFO - Setting next_dagrun for 3-pythonoperator to 2023-05-01T00:00:00+00:00, run_after=2023-05-01T00:00:00+00:00
[2026-09-13T03:20:44.354+0000] {processor.py:178} INFO - Processing /opt/airflow/dags/3_python_operator.py took 0.266 seconds
[2026-09-13T03:21:14.510+0000] {processor.py:156} INFO - Started process (PID=164372) to work on /opt/airflow/dags/3_python_operator.py
[2026-09-13T03:21:14.513+0000] {processor.py:799} INFO - Processing file /opt/airflow/dags/3_python_operator.py for tasks to queue
[2026-09-13T03:21:14.514+0000] {logging_mixin.py:149} INFO - [2026-09-13T03:21:14.514+0000] {dagbag.py:541} INFO - Filling up the DagBag from /opt/airflow/dags/3_python_operator.py
[2026-09-13T03:21:14.534+0000] {processor.py:809} INFO - DAG(s) dict_keys(['3-pythonoperator']) retrieved from /opt/airflow/dags/3_python_operator.py
[2026-09-13T03:21:14.621+0000] {logging_mixin.py:149} INFO - [2026-09-13T03:21:14.621+0000] {dag.py:2726} INFO - Sync 1 DAGs
[2026-09-13T03:21:14.713+0000] {logging_mixin.py:149} INFO - [2026-09-13T03:21:14.712+0000] {dag.py:3490} INFO - Setting next_dagrun for 3-pythonoperator to 2023-05-01T00:00:00+00:00, run_after=2023-05-01T00:00:00+00:00
[2026-09-13T03:21:14.774+0000] {processor.py:178} INFO - Processing /opt/airflow/dags/3_python_operator.py took 0.273 seconds
[2026-09-13T03:21:45.011+0000] {processor.py:156} INFO - Started process (PID=164386) to work on /opt/airflow/dags/3_python_operator.py
[2026-09-13T03:21:45.013+0000] {processor.py:799} INFO - Processing file /opt/airflow/dags/3_python_operator.py for tasks to queue
[2026-09-13T03:21:45.014+0000] {logging_mixin.py:149} INFO - [2026-09-13T03:21:45.014+0000] {dagbag.py:541} INFO - Filling up the DagBag from /opt/airflow/dags/3_python_operator.py
[2026-09-13T03:21:45.028+0000] {processor.py:809} INFO - DAG(s) dict_keys(['3-pythonoperator']) retrieved from /opt/airflow/dags/3_python_operator.py
[2026-09-13T03:21:45.105+0000] {logging_mixin.py:149} INFO - [2026-09-13T03:21:45.105+0000] {dag.py:2726} INFO - Sync 1 DAGs
[2026-09-13T03:21:45.170+0000] {logging_mixin.py:149} INFO - [2026-09-13T03:21:45.169+0000] {dag.py:3490} INFO - Setting next_dagrun for 3-pythonoperator to 2023-05-01T00:00:00+00:00, run_after=2023-05-01T00:00:00+00:00
[2026-09-13T03:21:45.226+0000] {processor.py:178} INFO - Processing /opt/airflow/dags/3_python_operator.py took 0.221 seconds
[2026-09-13T03:22:15.336+0000] {processor.py:156} INFO - Started process (PID=164401) to work on /opt/airflow/dags/3_python_operator.py
[2026-09-13T03:22:15.339+0000] {processor.py:799} INFO - Processing file /opt/airflow/dags/3_python_operator.py for tasks to queue
[2026-09-13T03:22:15.341+0000] {logging_mixin.py:149} INFO - [2026-09-13T03:22:15.340+0000] {dagbag.py:541} INFO - Filling up the DagBag from /opt/airflow/dags/3_python_operator.py
[2026-09-13T03:22:15.362+0000] {processor.py:809} INFO - DAG(s) dict_keys(['3-pythonoperator']) retrieved from /opt/airflow/dags/3_python_operator.py
[2026-09-13T03:22:15.437+0000] {logging_mixin.py:149} INFO - [2026-09-13T03:22:15.436+0000] {dag.py:2726} INFO - Sync 1 DAGs
[2026-09-13T03:22:15.490+0000] {logging_mixin.py:149} INFO - [2026-09-13T03:22:15.490+0000] {dag.py:3490} INFO - Setting next_dagrun for 3-pythonoperator to 2023-05-01T00:00:00+00:00, run_after=2023-05-01T00:00:00+00:00
[2026-09-13T03:22:15.563+0000] {processor.py:178} INFO - Processing /opt/airflow/dags/3_python_operator.py took 0.238 seconds
[2026-09-13T03:22:45.780+0000] {processor.py:156} INFO - Started process (PID=164415) to work on /opt/airflow/dags/3_python_operator.py
[2026-09-13T03:22:45.783+0000] {processor.py:799} INFO - Processing file /opt/airflow/dags/3_python_operator.py for tasks to queue
[2026-09-13T03:22:45.785+0000] {logging_mixin.py:149} INFO - [2026-09-13T03:22:45.785+0000] {dagbag.py:541} INFO - Filling up the DagBag from /opt/airflow/dags/3_python_operator.py
[2026-09-13T03:22:45.807+0000] {processor.py:809} INFO - DAG(s) dict_keys(['3-pythonoperator']) retrieved from /opt/airflow/dags/3_python_operator.py
[2026-09-13T03:22:45.890+0000] {logging_mixin.py:149} INFO - [2026-09-13T03:22:45.889+0000] {dag.py:2726} INFO - Sync 1 DAGs
[2026-09-13T03:22:45.957+0000] {logging_mixin.py:149} INFO - [2026-09-13T03:22:45.956+0000] {dag.py:3490} INFO - Setting next_dagrun for 3-pythonoperator to 2023-05-01T00:00:00+00:00, run_after=2023-05-01T00:00:00+00:00
[2026-09-13T03:22:46.024+0000] {processor.py:178} INFO - Processing /opt/airflow/dags/3_python_operator.py took 0.254 seconds
[2026-09-13T03:23:16.234+0000] {processor.py:156} INFO - Started process (PID=164429) to work on /opt/airflow/dags/3_python_operator.py
[2026-09-13T03:23:16.237+0000] {processor.py:799} INFO - Processing file /opt/airflow/dags/3_python_operator.py for tasks to queue
[2026-09-13T03:23:16.239+0000] {logging_mixin.py:149} INFO - [2026-09-13T03:23:16.239+0000] {dagbag.py:541} INFO - Filling up the DagBag from /opt/airflow/dags/3_python_operator.py
[2026-09-13T03:23:16.266+0000] {processor.py:809} INFO - DAG(s) dict_keys(['3-pythonoperator']) retrieved from /opt/airflow/dags/3_python_operator.py
[2026-09-13T03:23:16.351+0000] {logging_mixin.py:149} INFO - [2026-09-13T03:23:16.351+0000] {dag.py:2726} INFO - Sync 1 DAGs
[2026-09-13T03:23:16.418+0000] {logging_mixin.py:149} INFO - [2026-09-13T03:23:16.417+0000] {dag.py:3490} INFO - Setting next_dagrun for 3-pythonoperator to 2023-05-01T00:00:00+00:00, run_after=2023-05-01T00:00:00+00:00
[2026-09-13T03:23:16.472+0000] {processor.py:178} INFO - Processing /opt/airflow/dags/3_python_operator.py took 0.262 seconds
[2026-09-13T03:23:46.611+0000] {processor.py:156} INFO - Started process (PID=164443) to work on /opt/airflow/dags/3_python_operator.py
[2026-09-13T03:23:46.614+0000] {processor.py:799} INFO - Processing file /opt/airflow/dags/3_python_operator.py for tasks to queue
[2026-09-13T03:23:46.616+0000] {logging_mixin.py:149} INFO - [2026-09-13T03:23:46.616+0000] {dagbag.py:541} INFO - Filling up the DagBag from /opt/airflow/dags/3_python_operator.py
[2026-09-13T03:23:46.649+0000] {processor.py:809} INFO - DAG(s) dict_keys(['3-pythonoperator']) retrieved from /opt/airflow/dags/3_python_operator.py
[2026-09-13T03:23:46.741+0000] {logging_mixin.py:149} INFO - [2026-09-13T03:23:46.740+0000] {dag.py:2726} INFO - Sync 1 DAGs
[2026-09-13T03:23:46.806+0000] {logging_mixin.py:149} INFO - [2026-09-13T03:23:46.806+0000] {dag.py:3490} INFO - Setting next_dagrun for 3-pythonoperator to 2023-05-01T00:00:00+00:00, run_after=2023-05-01T00:00:00+00:00
[2026-09-13T03:23:46.874+0000] {processor.py:178} INFO - Processing /opt/airflow/dags/3_python_operator.py took 0.276 seconds
[2026-09-13T03:24:17.022+0000] {processor.py:156} INFO - Started process (PID=164457) to work on /opt/airflow/dags/3_python_operator.py
[2026-09-13T03:24:17.025+0000] {processor.py:799} INFO - Processing file /opt/airflow/dags/3_python_operator.py for tasks to queue
[2026-09-13T03:24:17.027+0000] {logging_mixin.py:149} INFO - [2026-09-13T03:24:17.027+0000] {dagbag.py:541} INFO - Filling up the DagBag from /opt/airflow/dags/3_python_operator.py
[2026-09-13T03:24:17.055+0000] {processor.py:809} INFO - DAG(s) dict_keys(['3-pythonoperator']) retrieved from /opt/airflow/dags/3_python_operator.py
[2026-09-13T03:24:17.112+0000] {logging_mixin.py:149} INFO - [2026-09-13T03:24:17.112+0000] {dag.py:2726} INFO - Sync 1 DAGs
[2026-09-13T03:24:17.148+0000] {logging_mixin.py:149} INFO - [2026-09-13T03:24:17.147+0000] {dag.py:3490} INFO - Setting next_dagrun for 3-pythonoperator to 2023-05-01T00:00:00+00:00, run_after=2023-05-01T00:00:00+00:00
[2026-09-13T03:24:17.188+0000] {processor.py:178} INFO - Processing /opt/airflow/dags/3_python_operator.py took 0.178 seconds
[2026-09-13T03:24:47.392+0000] {processor.py:156} INFO - Started process (PID=164471) to work on /opt/airflow/dags/3_python_operator.py
[2026-09-13T03:24:47.396+0000] {processor.py:799} INFO - Processing file /opt/airflow/dags/3_python_operator.py for tasks to queue
[2026-09-13T03:24:47.400+0000] {logging_mixin.py:149} INFO - [2026-09-13T03:24:47.399+0000] {dagbag.py:541} INFO - Filling up the DagBag from /opt/airflow/dags/3_python_operator.py
[2026-09-13T03:24:47.435+0000] {processor.py:809} INFO - DAG(s) dict_keys(['3-pythonoperator']) retrieved from /opt/airflow/dags/3_python_operator.py
[2026-09-13T03:24:47.530+0000] {logging_mixin.py:149} INFO - [2026-09-13T03:24:47.529+0000] {dag.py:2726} INFO - Sync 1 DAGs
[2026-09-13T03:24:47.602+0000] {logging_mixin.py:149} INFO - [2026-09-13T03:24:47.602+0000] {dag.py:3490} INFO - Setting next_dagrun for 3-pythonoperator to 2023-05-01T00:00:00+00:00, run_after=2023-05-01T00:00:00+00:00
[2026-09-13T03:24:47.677+0000] {processor.py:178} INFO - Processing /opt/airflow/dags/3_python_operator.py took 0.301 seconds
[2026-09-13T03:25:17.863+0000] {processor.py:156} INFO - Started process (PID=164485) to work on /opt/airflow/dags/3_python_operator.py
[2026-09-13T03:25:17.867+0000] {processor.py:799} INFO - Processing file /opt/airflow/dags/3_python_operator.py for tasks to queue
[2026-09-13T03:25:17.870+0000] {logging_mixin.py:149} INFO - [2026-09-13T03:25:17.869+0000] {dagbag.py:541} INFO - Filling up the DagBag from /opt/airflow/dags/3_python_operator.py
[2026-09-13T03:25:17.899+0000] {processor.py:809} INFO - DAG(s) dict_keys(['3-pythonoperator']) retrieved from /opt/airflow/dags/3_python_operator.py
[2026-09-13T03:25:17.990+0000] {logging_mixin.py:149} INFO - [2026-09-13T03:25:17.990+0000] {dag.py:2726} INFO - Sync 1 DAGs
[2026-09-13T03:25:18.064+0000] {logging_mixin.py:149} INFO - [2026-09-13T03:25:18.063+0000] {dag.py:3490} INFO - Setting next_dagrun for 3-pythonoperator to 2023-05-01T00:00:00+00:00, run_after=2023-05-01T00:00:00+00:00
[2026-09-13T03:25:18.131+0000] {processor.py:178} INFO - Processing /opt/airflow/dags/3_python_operator.py took 0.276 seconds
[2026-09-13T03:25:48.427+0000] {processor.py:156} INFO - Started process (PID=164499) to work on /opt/airflow/dags/3_python_operator.py
[2026-09-13T03:25:48.431+0000] {processor.py:799} INFO - Processing file /opt/airflow/dags/3_python_operator.py for tasks to queue
[2026-09-13T03:25:48.433+0000] {logging_mixin.py:149} INFO - [2026-09-13T03:25:48.432+0000] {dagbag.py:541} INFO - Filling up the DagBag from /opt/airflow/dags/3_python_operator.py
[2026-09-13T03:25:48.459+0000] {processor.py:809} INFO - DAG(s) dict_keys(['3-pythonoperator']) retrieved from /opt/airflow/dags/3_python_operator.py
[2026-09-13T03:25:48.542+0000] {logging_mixin.py:149} INFO - [2026-09-13T03:25:48.541+0000] {dag.py:2726} INFO - Sync 1 DAGs
[2026-09-13T03:25:48.591+0000] {logging_mixin.py:149} INFO - [2026-09-13T03:25:48.591+0000] {dag.py:3490} INFO - Setting next_dagrun for 3-pythonoperator to 2023-05-01T00:00:00+00:00, run_after=2023-05-01T00:00:00+00:00
[2026-09-13T03:25:48.619+0000] {processor.py:178} INFO - Processing /opt/airflow/dags/3_python_operator.py took 0.203 seconds
[2026-09-13T03:26:18.766+0000] {processor.py:156} INFO - Started process (PID=164513) to work on /opt/airflow/dags/3_python_operator.py
[2026-09-13T03:26:18.770+0000] {processor.py:799} INFO - Processing file /opt/airflow/dags/3_python_operator.py for tasks to queue
[2026-09-13T03:26:18.772+0000] {logging_mixin.py:149} INFO - [2026-09-13T03:26:18.772+0000] {dagbag.py:541} INFO - Filling up the DagBag from /opt/airflow/dags/3_python_operator.py
[2026-09-13T03:26:18.802+0000] {processor.py:809} INFO - DAG(s) dict_keys(['3-pythonoperator']) retrieved from /opt/airflow/dags/3_python_operator.py
[2026-09-13T03:26:18.897+0000] {logging_mixin.py:149} INFO - [2026-09-13T03:26:18.897+0000] {dag.py:2726} INFO - Sync 1 DAGs
[2026-09-13T03:26:18.962+0000] {logging_mixin.py:149} INFO - [2026-09-13T03:26:18.962+0000] {dag.py:3490} INFO - Setting next_dagrun for 3-pythonoperator to 2023-05-01T00:00:00+00:00, run_after=2023-05-01T00:00:00+00:00
[2026-09-13T03:26:19.028+0000] {processor.py:178} INFO - Processing /opt/airflow/dags/3_python_operator.py took 0.275 seconds
[2026-09-13T03:26:49.333+0000] {processor.py:156} INFO - Started process (PID=164527) to work on /opt/airflow/dags/3_python_operator.py
[2026-09-13T03:26:49.337+0000] {processor.py:799} INFO - Processing file /opt/airflow/dags/3_python_operator.py for tasks to queue
[2026-09-13T03:26:49.339+0000] {logging_mixin.py:149} INFO - [2026-09-13T03:26:49.338+0000] {dagbag.py:541} INFO - Filling up the DagBag from /opt/airflow/dags/3_python_operator.py
[2026-09-13T03:26:49.367+0000] {processor.py:809} INFO - DAG(s) dict_keys(['3-pythonoperator']) retrieved from /opt/airflow/dags/3_python_operator.py
[2026-09-13T03:26:49.451+0000] {logging_mixin.py:149} INFO - [2026-09-13T03:26:49.451+0000] {dag.py:2726} INFO - Sync 1 DAGs
[2026-09-13T03:26:49.526+0000] {logging_mixin.py:149} INFO - [2026-09-13T03:26:49.525+0000] {dag.py:3490} INFO - Setting next_dagrun for 3-pythonoperator to 2023-05-01T00:00:00+00:00, run_after=2023-05-01T00:00:00+00:00
[2026-09-13T03:26:49.580+0000] {processor.py:178} INFO - Processing /opt/airflow/dags/3_python_operator.py took 0.259 seconds
[2026-09-13T03:27:19.658+0000] {processor.py:156} INFO - Started process (PID=164542) to work on /opt/airflow/dags/3_python_operator.py
[2026-09-13T03:27:19.666+0000] {processor.py:799} INFO - Processing file /opt/airflow/dags/3_python_operator.py for tasks to queue
[2026-09-13T03:27:19.669+0000] {logging_mixin.py:149} INFO - [2026-09-13T03:27:19.669+0000] {dagbag.py:541} INFO - Filling up the DagBag from /opt/airflow/dags/3_python_operator.py
[2026-09-13T03:27:19.707+0000] {processor.py:809} INFO - DAG(s) dict_keys(['3-pythonoperator']) retrieved from /opt/airflow/dags/3_python_operator.py
[2026-09-13T03:27:19.799+0000] {logging_mixin.py:149} INFO - [2026-09-13T03:27:19.799+0000] {dag.py:2726} INFO - Sync 1 DAGs
[2026-09-13T03:27:19.881+0000] {logging_mixin.py:149} INFO - [2026-09-13T03:27:19.880+0000] {dag.py:3490} INFO - Setting next_dagrun for 3-pythonoperator to 2023-05-01T00:00:00+00:00, run_after=2023-05-01T00:00:00+00:00
[2026-09-13T03:27:19.949+0000] {processor.py:178} INFO - Processing /opt/airflow/dags/3_python_operator.py took 0.307 seconds
[2026-09-13T03:27:50.014+0000] {processor.py:156} INFO - Started process (PID=164556) to work on /opt/airflow/dags/3_python_operator.py
[2026-09-13T03:27:50.018+0000] {processor.py:799} INFO - Processing file /opt/airflow/dags/3_python_operator.py for tasks to queue
[2026-09-13T03:27:50.020+0000] {logging_mixin.py:149} INFO - [2026-09-13T03:27:50.020+0000] {dagbag.py:541} INFO - Filling up the DagBag from /opt/airflow/dags/3_python_operator.py
[2026-09-13T03:27:50.048+0000] {processor.py:809} INFO - DAG(s) dict_keys(['3-pythonoperator']) retrieved from /opt/airflow/dags/3_python_operator.py
[2026-09-13T03:27:50.151+0000] {logging_mixin.py:149} INFO - [2026-09-13T03:27:50.151+0000] {dag.py:2726} INFO - Sync 1 DAGs
[2026-09-13T03:27:50.215+0000] {logging_mixin.py:149} INFO - [2026-09-13T03:27:50.214+0000] {dag.py:3490} INFO - Setting next_dagrun for 3-pythonoperator to 2023-05-01T00:00:00+00:00, run_after=2023-05-01T00:00:00+00:00
[2026-09-13T03:27:50.268+0000] {processor.py:178} INFO - Processing /opt/airflow/dags/3_python_operator.py took 0.266 seconds
[2026-09-13T03:28:20.388+0000] {processor.py:156} INFO - Started process (PID=164570) to work on /opt/airflow/dags/3_python_operator.py
[2026-09-13T03:28:20.391+0000] {processor.py:799} INFO - Processing file /opt/airflow/dags/3_python_operator.py for tasks to queue
[2026-09-13T03:28:20.392+0000] {logging_mixin.py:149} INFO - [2026-09-13T03:28:20.392+0000] {dagbag.py:541} INFO - Filling up the DagBag from /opt/airflow/dags/3_python_operator.py
[2026-09-13T03:28:20.410+0000] {processor.py:809} INFO - DAG(s) dict_keys(['3-pythonoperator']) retrieved from /opt/airflow/dags/3_python_operator.py
[2026-09-13T03:28:20.482+0000] {logging_mixin.py:149} INFO - [2026-09-13T03:28:20.482+0000] {dag.py:2726} INFO - Sync 1 DAGs
[2026-09-13T03:28:20.528+0000] {logging_mixin.py:149} INFO - [2026-09-13T03:28:20.528+0000] {dag.py:3490} INFO - Setting next_dagrun for 3-pythonoperator to 2023-05-01T00:00:00+00:00, run_after=2023-05-01T00:00:00+00:00
[2026-09-13T03:28:20.574+0000] {processor.py:178} INFO - Processing /opt/airflow/dags/3_python_operator.py took 0.192 seconds
[2026-09-13T03:28:50.804+0000] {processor.py:156} INFO - Started process (PID=164584) to work on /opt/airflow/dags/3_python_operator.py
[2026-09-13T03:28:50.808+0000] {processor.py:799} INFO - Processing file /opt/airflow/dags/3_python_operator.py for tasks to queue
[2026-09-13T03:28:50.811+0000] {logging_mixin.py:149} INFO - [2026-09-13T03:28:50.811+0000] {dagbag.py:541} INFO - Filling up the DagBag from /opt/airflow/dags/3_python_operator.py
[2026-09-13T03:28:50.838+0000] {processor.py:809} INFO - DAG(s) dict_keys(['3-pythonoperator']) retrieved from /opt/airflow/dags/3_python_operator.py
[2026-09-13T03:28:50.906+0000] {logging_mixin.py:149} INFO - [2026-09-13T03:28:50.906+0000] {dag.py:2726} INFO - Sync 1 DAGs
[2026-09-13T03:28:50.948+0000] {logging_mixin.py:149} INFO - [2026-09-13T03:28:50.948+0000] {dag.py:3490} INFO - Setting next_dagrun for 3-pythonoperator to 2023-05-01T00:00:00+00:00, run_after=2023-05-01T00:00:00+00:00
[2026-09-13T03:28:50.989+0000] {processor.py:178} INFO - Processing /opt/airflow/dags/3_python_operator.py took 0.197 seconds
[2026-09-13T03:29:21.310+0000] {processor.py:156} INFO - Started process (PID=164597) to work on /opt/airflow/dags/3_python_operator.py
[2026-09-13T03:29:21.313+0000] {processor.py:799} INFO - Processing file /opt/airflow/dags/3_python_operator.py for tasks to queue
[2026-09-13T03:29:21.315+0000] {logging_mixin.py:149} INFO - [2026-09-13T03:29:21.315+0000] {dagbag.py:541} INFO - Filling up the DagBag from /opt/airflow/dags/3_python_operator.py
[2026-09-13T03:29:21.345+0000] {processor.py:809} INFO - DAG(s) dict_keys(['3-pythonoperator']) retrieved from /opt/airflow/dags/3_python_operator.py
[2026-09-13T03:29:21.409+0000] {logging_mixin.py:149} INFO - [2026-09-13T03:29:21.409+0000] {dag.py:2726} INFO - Sync 1 DAGs
[2026-09-13T03:29:21.450+0000] {logging_mixin.py:149} INFO - [2026-09-13T03:29:21.450+0000] {dag.py:3490} INFO - Setting next_dagrun for 3-pythonoperator to 2023-05-01T00:00:00+00:00, run_after=2023-05-01T00:00:00+00:00
[2026-09-13T03:29:21.482+0000] {processor.py:178} INFO - Processing /opt/airflow/dags/3_python_operator.py took 0.184 seconds
[2026-09-13T03:29:51.630+0000] {processor.py:156} INFO - Started process (PID=164610) to work on /opt/airflow/dags/3_python_operator.py
[2026-09-13T03:29:51.632+0000] {processor.py:799} INFO - Processing file /opt/airflow/dags/3_python_operator.py for tasks to queue
[2026-09-13T03:29:51.633+0000] {logging_mixin.py:149} INFO - [2026-09-13T03:29:51.633+0000] {dagbag.py:541} INFO - Filling up the DagBag from /opt/airflow/dags/3_python_operator.py
[2026-09-13T03:29:51.648+0000] {processor.py:809} INFO - DAG(s) dict_keys(['3-pythonoperator']) retrieved from /opt/airflow/dags/3_python_operator.py
[2026-09-13T03:29:51.707+0000] {logging_mixin.py:149} INFO - [2026-09-13T03:29:51.706+0000] {dag.py:2726} INFO - Sync 1 DAGs
[2026-09-13T03:29:51.752+0000] {logging_mixin.py:149} INFO - [2026-09-13T03:29:51.752+0000] {dag.py:3490} INFO - Setting next_dagrun for 3-pythonoperator to 2023-05-01T00:00:00+00:00, run_after=2023-05-01T00:00:00+00:00
[2026-09-13T03:29:51.783+0000] {processor.py:178} INFO - Processing /opt/airflow/dags/3_python_operator.py took 0.158 seconds
[2026-09-13T03:30:21.921+0000] {processor.py:156} INFO - Started process (PID=164624) to work on /opt/airflow/dags/3_python_operator.py
[2026-09-13T03:30:21.929+0000] {processor.py:799} INFO - Processing file /opt/airflow/dags/3_python_operator.py for tasks to queue
[2026-09-13T03:30:21.930+0000] {logging_mixin.py:149} INFO - [2026-09-13T03:30:21.930+0000] {dagbag.py:541} INFO - Filling up the DagBag from /opt/airflow/dags/3_python_operator.py
[2026-09-13T03:30:21.968+0000] {processor.py:809} INFO - DAG(s) dict_keys(['3-pythonoperator']) retrieved from /opt/airflow/dags/3_python_operator.py
[2026-09-13T03:30:22.082+0000] {logging_mixin.py:149} INFO - [2026-09-13T03:30:22.082+0000] {dag.py:2726} INFO - Sync 1 DAGs
[2026-09-13T03:30:22.120+0000] {logging_mixin.py:149} INFO - [2026-09-13T03:30:22.120+0000] {dag.py:3490} INFO - Setting next_dagrun for 3-pythonoperator to 2023-05-01T00:00:00+00:00, run_after=2023-05-01T00:00:00+00:00
[2026-09-13T03:30:22.170+0000] {processor.py:178} INFO - Processing /opt/airflow/dags/3_python_operator.py took 0.276 seconds
[2026-09-13T03:30:52.471+0000] {processor.py:156} INFO - Started process (PID=164638) to work on /opt/airflow/dags/3_python_operator.py
[2026-09-13T03:30:52.475+0000] {processor.py:799} INFO - Processing file /opt/airflow/dags/3_python_operator.py for tasks to queue
[2026-09-13T03:30:52.477+0000] {logging_mixin.py:149} INFO - [2026-09-13T03:30:52.477+0000] {dagbag.py:541} INFO - Filling up the DagBag from /opt/airflow/dags/3_python_operator.py
[2026-09-13T03:30:52.505+0000] {processor.py:809} INFO - DAG(s) dict_keys(['3-pythonoperator']) retrieved from /opt/airflow/dags/3_python_operator.py
[2026-09-13T03:30:52.595+0000] {logging_mixin.py:149} INFO - [2026-09-13T03:30:52.595+0000] {dag.py:2726} INFO - Sync 1 DAGs
[2026-09-13T03:30:52.662+0000] {logging_mixin.py:149} INFO - [2026-09-13T03:30:52.662+0000] {dag.py:3490} INFO - Setting next_dagrun for 3-pythonoperator to 2023-05-01T00:00:00+00:00, run_after=2023-05-01T00:00:00+00:00
[2026-09-13T03:30:52.722+0000] {processor.py:178} INFO - Processing /opt/airflow/dags/3_python_operator.py took 0.261 seconds
[2026-09-13T03:31:23.053+0000] {processor.py:156} INFO - Started process (PID=164652) to work on /opt/airflow/dags/3_python_operator.py
[2026-09-13T03:31:23.057+0000] {processor.py:799} INFO - Processing file /opt/airflow/dags/3_python_operator.py for tasks to queue
[2026-09-13T03:31:23.059+0000] {logging_mixin.py:149} INFO - [2026-09-13T03:31:23.058+0000] {dagbag.py:541} INFO - Filling up the DagBag from /opt/airflow/dags/3_python_operator.py
[2026-09-13T03:31:23.086+0000] {processor.py:809} INFO - DAG(s) dict_keys(['3-pythonoperator']) retrieved from /opt/airflow/dags/3_python_operator.py
[2026-09-13T03:31:23.177+0000] {logging_mixin.py:149} INFO - [2026-09-13T03:31:23.177+0000] {dag.py:2726} INFO - Sync 1 DAGs
[2026-09-13T03:31:23.247+0000] {logging_mixin.py:149} INFO - [2026-09-13T03:31:23.247+0000] {dag.py:3490} INFO - Setting next_dagrun for 3-pythonoperator to 2023-05-01T00:00:00+00:00, run_after=2023-05-01T00:00:00+00:00
[2026-09-13T03:31:23.295+0000] {processor.py:178} INFO - Processing /opt/airflow/dags/3_python_operator.py took 0.256 seconds
[2026-09-13T03:31:53.544+0000] {processor.py:156} INFO - Started process (PID=164666) to work on /opt/airflow/dags/3_python_operator.py
[2026-09-13T03:31:53.550+0000] {processor.py:799} INFO - Processing file /opt/airflow/dags/3_python_operator.py for tasks to queue
[2026-09-13T03:31:53.552+0000] {logging_mixin.py:149} INFO - [2026-09-13T03:31:53.551+0000] {dagbag.py:541} INFO - Filling up the DagBag from /opt/airflow/dags/3_python_operator.py
[2026-09-13T03:31:53.578+0000] {processor.py:809} INFO - DAG(s) dict_keys(['3-pythonoperator']) retrieved from /opt/airflow/dags/3_python_operator.py
[2026-09-13T03:31:53.634+0000] {logging_mixin.py:149} INFO - [2026-09-13T03:31:53.634+0000] {dag.py:2726} INFO - Sync 1 DAGs
[2026-09-13T03:31:53.678+0000] {logging_mixin.py:149} INFO - [2026-09-13T03:31:53.678+0000] {dag.py:3490} INFO - Setting next_dagrun for 3-pythonoperator to 2023-05-01T00:00:00+00:00, run_after=2023-05-01T00:00:00+00:00
[2026-09-13T03:31:53.725+0000] {processor.py:178} INFO - Processing /opt/airflow/dags/3_python_operator.py took 0.190 seconds
[2026-09-13T03:32:23.903+0000] {processor.py:156} INFO - Started process (PID=164681) to work on /opt/airflow/dags/3_python_operator.py
[2026-09-13T03:32:23.906+0000] {processor.py:799} INFO - Processing file /opt/airflow/dags/3_python_operator.py for tasks to queue
[2026-09-13T03:32:23.908+0000] {logging_mixin.py:149} INFO - [2026-09-13T03:32:23.908+0000] {dagbag.py:541} INFO - Filling up the DagBag from /opt/airflow/dags/3_python_operator.py
[2026-09-13T03:32:23.937+0000] {processor.py:809} INFO - DAG(s) dict_keys(['3-pythonoperator']) retrieved from /opt/airflow/dags/3_python_operator.py
[2026-09-13T03:32:24.005+0000] {logging_mixin.py:149} INFO - [2026-09-13T03:32:24.005+0000] {dag.py:2726} INFO - Sync 1 DAGs
[2026-09-13T03:32:24.069+0000] {logging_mixin.py:149} INFO - [2026-09-13T03:32:24.068+0000] {dag.py:3490} INFO - Setting next_dagrun for 3-pythonoperator to 2023-05-01T00:00:00+00:00, run_after=2023-05-01T00:00:00+00:00
[2026-09-13T03:32:24.124+0000] {processor.py:178} INFO - Processing /opt/airflow/dags/3_python_operator.py took 0.233 seconds
[2026-09-13T03:32:54.389+0000] {processor.py:156} INFO - Started process (PID=164694) to work on /opt/airflow/dags/3_python_operator.py
[2026-09-13T03:32:54.392+0000] {processor.py:799} INFO - Processing file /opt/airflow/dags/3_python_operator.py for tasks to queue
[2026-09-13T03:32:54.394+0000] {logging_mixin.py:149} INFO - [2026-09-13T03:32:54.394+0000] {dagbag.py:541} INFO - Filling up the DagBag from /opt/airflow/dags/3_python_operator.py
[2026-09-13T03:32:54.420+0000] {processor.py:809} INFO - DAG(s) dict_keys(['3-pythonoperator']) retrieved from /opt/airflow/dags/3_python_operator.py
[2026-09-13T03:32:54.499+0000] {logging_mixin.py:149} INFO - [2026-09-13T03:32:54.498+0000] {dag.py:2726} INFO - Sync 1 DAGs
[2026-09-13T03:32:54.551+0000] {logging_mixin.py:149} INFO - [2026-09-13T03:32:54.550+0000] {dag.py:3490} INFO - Setting next_dagrun for 3-pythonoperator to 2023-05-01T00:00:00+00:00, run_after=2023-05-01T00:00:00+00:00
[2026-09-13T03:32:54.627+0000] {processor.py:178} INFO - Processing /opt/airflow/dags/3_python_operator.py took 0.248 seconds
[2026-09-13T03:33:25.180+0000] {processor.py:156} INFO - Started process (PID=164709) to work on /opt/airflow/dags/3_python_operator.py
[2026-09-13T03:33:25.184+0000] {processor.py:799} INFO - Processing file /opt/airflow/dags/3_python_operator.py for tasks to queue
[2026-09-13T03:33:25.186+0000] {logging_mixin.py:149} INFO - [2026-09-13T03:33:25.185+0000] {dagbag.py:541} INFO - Filling up the DagBag from /opt/airflow/dags/3_python_operator.py
[2026-09-13T03:33:25.211+0000] {processor.py:809} INFO - DAG(s) dict_keys(['3-pythonoperator']) retrieved from /opt/airflow/dags/3_python_operator.py
[2026-09-13T03:33:25.270+0000] {logging_mixin.py:149} INFO - [2026-09-13T03:33:25.270+0000] {dag.py:2726} INFO - Sync 1 DAGs
[2026-09-13T03:33:25.314+0000] {logging_mixin.py:149} INFO - [2026-09-13T03:33:25.314+0000] {dag.py:3490} INFO - Setting next_dagrun for 3-pythonoperator to 2023-05-01T00:00:00+00:00, run_after=2023-05-01T00:00:00+00:00
[2026-09-13T03:33:25.372+0000] {processor.py:178} INFO - Processing /opt/airflow/dags/3_python_operator.py took 0.204 seconds
[2026-09-13T03:33:55.695+0000] {processor.py:156} INFO - Started process (PID=164724) to work on /opt/airflow/dags/3_python_operator.py
[2026-09-13T03:33:55.699+0000] {processor.py:799} INFO - Processing file /opt/airflow/dags/3_python_operator.py for tasks to queue
[2026-09-13T03:33:55.701+0000] {logging_mixin.py:149} INFO - [2026-09-13T03:33:55.701+0000] {dagbag.py:541} INFO - Filling up the DagBag from /opt/airflow/dags/3_python_operator.py
[2026-09-13T03:33:55.746+0000] {processor.py:809} INFO - DAG(s) dict_keys(['3-pythonoperator']) retrieved from /opt/airflow/dags/3_python_operator.py
[2026-09-13T03:33:55.841+0000] {logging_mixin.py:149} INFO - [2026-09-13T03:33:55.841+0000] {dag.py:2726} INFO - Sync 1 DAGs
[2026-09-13T03:33:55.925+0000] {logging_mixin.py:149} INFO - [2026-09-13T03:33:55.925+0000] {dag.py:3490} INFO - Setting next_dagrun for 3-pythonoperator to 2023-05-01T00:00:00+00:00, run_after=2023-05-01T00:00:00+00:00
[2026-09-13T03:33:55.993+0000] {processor.py:178} INFO - Processing /opt/airflow/dags/3_python_operator.py took 0.308 seconds
[2026-09-13T03:34:26.098+0000] {processor.py:156} INFO - Started process (PID=164738) to work on /opt/airflow/dags/3_python_operator.py
[2026-09-13T03:34:26.102+0000] {processor.py:799} INFO - Processing file /opt/airflow/dags/3_python_operator.py for tasks to queue
[2026-09-13T03:34:26.104+0000] {logging_mixin.py:149} INFO - [2026-09-13T03:34:26.103+0000] {dagbag.py:541} INFO - Filling up the DagBag from /opt/airflow/dags/3_python_operator.py
[2026-09-13T03:34:26.129+0000] {processor.py:809} INFO - DAG(s) dict_keys(['3-pythonoperator']) retrieved from /opt/airflow/dags/3_python_operator.py
[2026-09-13T03:34:26.220+0000] {logging_mixin.py:149} INFO - [2026-09-13T03:34:26.220+0000] {dag.py:2726} INFO - Sync 1 DAGs
[2026-09-13T03:34:26.312+0000] {logging_mixin.py:149} INFO - [2026-09-13T03:34:26.311+0000] {dag.py:3490} INFO - Setting next_dagrun for 3-pythonoperator to 2023-05-01T00:00:00+00:00, run_after=2023-05-01T00:00:00+00:00
[2026-09-13T03:34:26.357+0000] {processor.py:178} INFO - Processing /opt/airflow/dags/3_python_operator.py took 0.270 seconds
[2026-09-13T03:34:56.617+0000] {processor.py:156} INFO - Started process (PID=164752) to work on /opt/airflow/dags/3_python_operator.py
[2026-09-13T03:34:56.620+0000] {processor.py:799} INFO - Processing file /opt/airflow/dags/3_python_operator.py for tasks to queue
[2026-09-13T03:34:56.622+0000] {logging_mixin.py:149} INFO - [2026-09-13T03:34:56.622+0000] {dagbag.py:541} INFO - Filling up the DagBag from /opt/airflow/dags/3_python_operator.py
[2026-09-13T03:34:56.648+0000] {processor.py:809} INFO - DAG(s) dict_keys(['3-pythonoperator']) retrieved from /opt/airflow/dags/3_python_operator.py
[2026-09-13T03:34:56.733+0000] {logging_mixin.py:149} INFO - [2026-09-13T03:34:56.733+0000] {dag.py:2726} INFO - Sync 1 DAGs
[2026-09-13T03:34:56.815+0000] {logging_mixin.py:149} INFO - [2026-09-13T03:34:56.815+0000] {dag.py:3490} INFO - Setting next_dagrun for 3-pythonoperator to 2023-05-01T00:00:00+00:00, run_after=2023-05-01T00:00:00+00:00
[2026-09-13T03:34:56.891+0000] {processor.py:178} INFO - Processing /opt/airflow/dags/3_python_operator.py took 0.285 seconds
[2026-09-13T03:35:26.996+0000] {processor.py:156} INFO - Started process (PID=164767) to work on /opt/airflow/dags/3_python_operator.py
[2026-09-13T03:35:27.000+0000] {processor.py:799} INFO - Processing file /opt/airflow/dags/3_python_operator.py for tasks to queue
[2026-09-13T03:35:27.002+0000] {logging_mixin.py:149} INFO - [2026-09-13T03:35:27.001+0000] {dagbag.py:541} INFO - Filling up the DagBag from /opt/airflow/dags/3_python_operator.py
[2026-09-13T03:35:27.027+0000] {processor.py:809} INFO - DAG(s) dict_keys(['3-pythonoperator']) retrieved from /opt/airflow/dags/3_python_operator.py
[2026-09-13T03:35:27.109+0000] {logging_mixin.py:149} INFO - [2026-09-13T03:35:27.109+0000] {dag.py:2726} INFO - Sync 1 DAGs
[2026-09-13T03:35:27.170+0000] {logging_mixin.py:149} INFO - [2026-09-13T03:35:27.170+0000] {dag.py:3490} INFO - Setting next_dagrun for 3-pythonoperator to 2023-05-01T00:00:00+00:00, run_after=2023-05-01T00:00:00+00:00
[2026-09-13T03:35:27.234+0000] {processor.py:178} INFO - Processing /opt/airflow/dags/3_python_operator.py took 0.249 seconds
[2026-09-13T03:35:57.452+0000] {processor.py:156} INFO - Started process (PID=164782) to work on /opt/airflow/dags/3_python_operator.py
[2026-09-13T03:35:57.455+0000] {processor.py:799} INFO - Processing file /opt/airflow/dags/3_python_operator.py for tasks to queue
[2026-09-13T03:35:57.457+0000] {logging_mixin.py:149} INFO - [2026-09-13T03:35:57.456+0000] {dagbag.py:541} INFO - Filling up the DagBag from /opt/airflow/dags/3_python_operator.py
[2026-09-13T03:35:57.479+0000] {processor.py:809} INFO - DAG(s) dict_keys(['3-pythonoperator']) retrieved from /opt/airflow/dags/3_python_operator.py
[2026-09-13T03:35:57.552+0000] {logging_mixin.py:149} INFO - [2026-09-13T03:35:57.551+0000] {dag.py:2726} INFO - Sync 1 DAGs
[2026-09-13T03:35:57.599+0000] {logging_mixin.py:149} INFO - [2026-09-13T03:35:57.599+0000] {dag.py:3490} INFO - Setting next_dagrun for 3-pythonoperator to 2023-05-01T00:00:00+00:00, run_after=2023-05-01T00:00:00+00:00
[2026-09-13T03:35:57.629+0000] {processor.py:178} INFO - Processing /opt/airflow/dags/3_python_operator.py took 0.188 seconds
[2026-09-13T03:36:27.971+0000] {processor.py:156} INFO - Started process (PID=164795) to work on /opt/airflow/dags/3_python_operator.py
[2026-09-13T03:36:27.980+0000] {processor.py:799} INFO - Processing file /opt/airflow/dags/3_python_operator.py for tasks to queue
[2026-09-13T03:36:27.982+0000] {logging_mixin.py:149} INFO - [2026-09-13T03:36:27.981+0000] {dagbag.py:541} INFO - Filling up the DagBag from /opt/airflow/dags/3_python_operator.py
[2026-09-13T03:36:28.013+0000] {processor.py:809} INFO - DAG(s) dict_keys(['3-pythonoperator']) retrieved from /opt/airflow/dags/3_python_operator.py
[2026-09-13T03:36:28.101+0000] {logging_mixin.py:149} INFO - [2026-09-13T03:36:28.101+0000] {dag.py:2726} INFO - Sync 1 DAGs
[2026-09-13T03:36:28.155+0000] {logging_mixin.py:149} INFO - [2026-09-13T03:36:28.154+0000] {dag.py:3490} INFO - Setting next_dagrun for 3-pythonoperator to 2023-05-01T00:00:00+00:00, run_after=2023-05-01T00:00:00+00:00
[2026-09-13T03:36:28.200+0000] {processor.py:178} INFO - Processing /opt/airflow/dags/3_python_operator.py took 0.250 seconds
[2026-09-13T03:36:58.432+0000] {processor.py:156} INFO - Started process (PID=164809) to work on /opt/airflow/dags/3_python_operator.py
[2026-09-13T03:36:58.435+0000] {processor.py:799} INFO - Processing file /opt/airflow/dags/3_python_operator.py for tasks to queue
[2026-09-13T03:36:58.436+0000] {logging_mixin.py:149} INFO - [2026-09-13T03:36:58.436+0000] {dagbag.py:541} INFO - Filling up the DagBag from /opt/airflow/dags/3_python_operator.py
[2026-09-13T03:36:58.458+0000] {processor.py:809} INFO - DAG(s) dict_keys(['3-pythonoperator']) retrieved from /opt/airflow/dags/3_python_operator.py
[2026-09-13T03:36:58.554+0000] {logging_mixin.py:149} INFO - [2026-09-13T03:36:58.553+0000] {dag.py:2726} INFO - Sync 1 DAGs
[2026-09-13T03:36:58.619+0000] {logging_mixin.py:149} INFO - [2026-09-13T03:36:58.619+0000] {dag.py:3490} INFO - Setting next_dagrun for 3-pythonoperator to 2023-05-01T00:00:00+00:00, run_after=2023-05-01T00:00:00+00:00
[2026-09-13T03:36:58.669+0000] {processor.py:178} INFO - Processing /opt/airflow/dags/3_python_operator.py took 0.245 seconds
[2026-09-13T04:42:06.986+0000] {processor.py:156} INFO - Started process (PID=56) to work on /opt/airflow/dags/3_python_operator.py
[2026-09-13T04:42:06.998+0000] {processor.py:799} INFO - Processing file /opt/airflow/dags/3_python_operator.py for tasks to queue
[2026-09-13T04:42:06.999+0000] {logging_mixin.py:149} INFO - [2026-09-13T04:42:06.999+0000] {dagbag.py:541} INFO - Filling up the DagBag from /opt/airflow/dags/3_python_operator.py
[2026-09-13T04:42:07.359+0000] {processor.py:809} INFO - DAG(s) dict_keys(['3-pythonoperator']) retrieved from /opt/airflow/dags/3_python_operator.py
[2026-09-13T04:42:07.437+0000] {logging_mixin.py:149} INFO - [2026-09-13T04:42:07.436+0000] {dag.py:2726} INFO - Sync 1 DAGs
[2026-09-13T04:42:07.467+0000] {logging_mixin.py:149} INFO - [2026-09-13T04:42:07.467+0000] {dag.py:3490} INFO - Setting next_dagrun for 3-pythonoperator to 2023-05-01T00:00:00+00:00, run_after=2023-05-01T00:00:00+00:00
[2026-09-13T04:42:07.494+0000] {processor.py:178} INFO - Processing /opt/airflow/dags/3_python_operator.py took 0.512 seconds
[2026-09-13T04:42:37.873+0000] {processor.py:156} INFO - Started process (PID=71) to work on /opt/airflow/dags/3_python_operator.py
[2026-09-13T04:42:37.877+0000] {processor.py:799} INFO - Processing file /opt/airflow/dags/3_python_operator.py for tasks to queue
[2026-09-13T04:42:37.879+0000] {logging_mixin.py:149} INFO - [2026-09-13T04:42:37.879+0000] {dagbag.py:541} INFO - Filling up the DagBag from /opt/airflow/dags/3_python_operator.py
[2026-09-13T04:42:37.914+0000] {processor.py:809} INFO - DAG(s) dict_keys(['3-pythonoperator']) retrieved from /opt/airflow/dags/3_python_operator.py
[2026-09-13T04:42:37.995+0000] {logging_mixin.py:149} INFO - [2026-09-13T04:42:37.995+0000] {dag.py:2726} INFO - Sync 1 DAGs
[2026-09-13T04:42:38.081+0000] {logging_mixin.py:149} INFO - [2026-09-13T04:42:38.081+0000] {dag.py:3490} INFO - Setting next_dagrun for 3-pythonoperator to 2023-05-01T00:00:00+00:00, run_after=2023-05-01T00:00:00+00:00
[2026-09-13T04:42:38.130+0000] {processor.py:178} INFO - Processing /opt/airflow/dags/3_python_operator.py took 0.269 seconds
[2026-09-13T04:43:08.633+0000] {processor.py:156} INFO - Started process (PID=85) to work on /opt/airflow/dags/3_python_operator.py
[2026-09-13T04:43:08.638+0000] {processor.py:799} INFO - Processing file /opt/airflow/dags/3_python_operator.py for tasks to queue
[2026-09-13T04:43:08.641+0000] {logging_mixin.py:149} INFO - [2026-09-13T04:43:08.640+0000] {dagbag.py:541} INFO - Filling up the DagBag from /opt/airflow/dags/3_python_operator.py
[2026-09-13T04:43:08.667+0000] {processor.py:809} INFO - DAG(s) dict_keys(['3-pythonoperator']) retrieved from /opt/airflow/dags/3_python_operator.py
[2026-09-13T04:43:08.751+0000] {logging_mixin.py:149} INFO - [2026-09-13T04:43:08.750+0000] {dag.py:2726} INFO - Sync 1 DAGs
[2026-09-13T04:43:08.801+0000] {logging_mixin.py:149} INFO - [2026-09-13T04:43:08.800+0000] {dag.py:3490} INFO - Setting next_dagrun for 3-pythonoperator to 2023-05-01T00:00:00+00:00, run_after=2023-05-01T00:00:00+00:00
[2026-09-13T04:43:08.830+0000] {processor.py:178} INFO - Processing /opt/airflow/dags/3_python_operator.py took 0.210 seconds
[2026-09-13T04:43:39.119+0000] {processor.py:156} INFO - Started process (PID=100) to work on /opt/airflow/dags/3_python_operator.py
[2026-09-13T04:43:39.123+0000] {processor.py:799} INFO - Processing file /opt/airflow/dags/3_python_operator.py for tasks to queue
[2026-09-13T04:43:39.125+0000] {logging_mixin.py:149} INFO - [2026-09-13T04:43:39.124+0000] {dagbag.py:541} INFO - Filling up the DagBag from /opt/airflow/dags/3_python_operator.py
[2026-09-13T04:43:39.157+0000] {processor.py:809} INFO - DAG(s) dict_keys(['3-pythonoperator']) retrieved from /opt/airflow/dags/3_python_operator.py
[2026-09-13T04:43:39.244+0000] {logging_mixin.py:149} INFO - [2026-09-13T04:43:39.244+0000] {dag.py:2726} INFO - Sync 1 DAGs
[2026-09-13T04:43:39.334+0000] {logging_mixin.py:149} INFO - [2026-09-13T04:43:39.333+0000] {dag.py:3490} INFO - Setting next_dagrun for 3-pythonoperator to 2023-05-01T00:00:00+00:00, run_after=2023-05-01T00:00:00+00:00
[2026-09-13T04:43:39.388+0000] {processor.py:178} INFO - Processing /opt/airflow/dags/3_python_operator.py took 0.280 seconds
[2026-09-13T04:44:09.583+0000] {processor.py:156} INFO - Started process (PID=114) to work on /opt/airflow/dags/3_python_operator.py
[2026-09-13T04:44:09.590+0000] {processor.py:799} INFO - Processing file /opt/airflow/dags/3_python_operator.py for tasks to queue
[2026-09-13T04:44:09.593+0000] {logging_mixin.py:149} INFO - [2026-09-13T04:44:09.592+0000] {dagbag.py:541} INFO - Filling up the DagBag from /opt/airflow/dags/3_python_operator.py
[2026-09-13T04:44:09.618+0000] {processor.py:809} INFO - DAG(s) dict_keys(['3-pythonoperator']) retrieved from /opt/airflow/dags/3_python_operator.py
[2026-09-13T04:44:09.704+0000] {logging_mixin.py:149} INFO - [2026-09-13T04:44:09.703+0000] {dag.py:2726} INFO - Sync 1 DAGs
[2026-09-13T04:44:09.775+0000] {logging_mixin.py:149} INFO - [2026-09-13T04:44:09.774+0000] {dag.py:3490} INFO - Setting next_dagrun for 3-pythonoperator to 2023-05-01T00:00:00+00:00, run_after=2023-05-01T00:00:00+00:00
[2026-09-13T04:44:09.824+0000] {processor.py:178} INFO - Processing /opt/airflow/dags/3_python_operator.py took 0.252 seconds
[2026-09-13T04:44:40.079+0000] {processor.py:156} INFO - Started process (PID=128) to work on /opt/airflow/dags/3_python_operator.py
[2026-09-13T04:44:40.083+0000] {processor.py:799} INFO - Processing file /opt/airflow/dags/3_python_operator.py for tasks to queue
[2026-09-13T04:44:40.084+0000] {logging_mixin.py:149} INFO - [2026-09-13T04:44:40.084+0000] {dagbag.py:541} INFO - Filling up the DagBag from /opt/airflow/dags/3_python_operator.py
[2026-09-13T04:44:40.110+0000] {processor.py:809} INFO - DAG(s) dict_keys(['3-pythonoperator']) retrieved from /opt/airflow/dags/3_python_operator.py
[2026-09-13T04:44:40.193+0000] {logging_mixin.py:149} INFO - [2026-09-13T04:44:40.192+0000] {dag.py:2726} INFO - Sync 1 DAGs
[2026-09-13T04:44:40.265+0000] {logging_mixin.py:149} INFO - [2026-09-13T04:44:40.264+0000] {dag.py:3490} INFO - Setting next_dagrun for 3-pythonoperator to 2023-05-01T00:00:00+00:00, run_after=2023-05-01T00:00:00+00:00
[2026-09-13T04:44:40.316+0000] {processor.py:178} INFO - Processing /opt/airflow/dags/3_python_operator.py took 0.247 seconds
[2026-09-13T04:45:10.469+0000] {processor.py:156} INFO - Started process (PID=142) to work on /opt/airflow/dags/3_python_operator.py
[2026-09-13T04:45:10.472+0000] {processor.py:799} INFO - Processing file /opt/airflow/dags/3_python_operator.py for tasks to queue
[2026-09-13T04:45:10.474+0000] {logging_mixin.py:149} INFO - [2026-09-13T04:45:10.474+0000] {dagbag.py:541} INFO - Filling up the DagBag from /opt/airflow/dags/3_python_operator.py
[2026-09-13T04:45:10.501+0000] {processor.py:809} INFO - DAG(s) dict_keys(['3-pythonoperator']) retrieved from /opt/airflow/dags/3_python_operator.py
[2026-09-13T04:45:10.585+0000] {logging_mixin.py:149} INFO - [2026-09-13T04:45:10.585+0000] {dag.py:2726} INFO - Sync 1 DAGs
[2026-09-13T04:45:10.650+0000] {logging_mixin.py:149} INFO - [2026-09-13T04:45:10.649+0000] {dag.py:3490} INFO - Setting next_dagrun for 3-pythonoperator to 2023-05-01T00:00:00+00:00, run_after=2023-05-01T00:00:00+00:00
[2026-09-13T04:45:10.707+0000] {processor.py:178} INFO - Processing /opt/airflow/dags/3_python_operator.py took 0.250 seconds
[2026-09-13T04:45:40.952+0000] {processor.py:156} INFO - Started process (PID=156) to work on /opt/airflow/dags/3_python_operator.py
[2026-09-13T04:45:40.955+0000] {processor.py:799} INFO - Processing file /opt/airflow/dags/3_python_operator.py for tasks to queue
[2026-09-13T04:45:40.957+0000] {logging_mixin.py:149} INFO - [2026-09-13T04:45:40.957+0000] {dagbag.py:541} INFO - Filling up the DagBag from /opt/airflow/dags/3_python_operator.py
[2026-09-13T04:45:40.983+0000] {processor.py:809} INFO - DAG(s) dict_keys(['3-pythonoperator']) retrieved from /opt/airflow/dags/3_python_operator.py
[2026-09-13T04:45:41.078+0000] {logging_mixin.py:149} INFO - [2026-09-13T04:45:41.077+0000] {dag.py:2726} INFO - Sync 1 DAGs
[2026-09-13T04:45:41.165+0000] {logging_mixin.py:149} INFO - [2026-09-13T04:45:41.165+0000] {dag.py:3490} INFO - Setting next_dagrun for 3-pythonoperator to 2023-05-01T00:00:00+00:00, run_after=2023-05-01T00:00:00+00:00
[2026-09-13T04:45:41.223+0000] {processor.py:178} INFO - Processing /opt/airflow/dags/3_python_operator.py took 0.281 seconds
[2026-09-13T04:46:11.481+0000] {processor.py:156} INFO - Started process (PID=170) to work on /opt/airflow/dags/3_python_operator.py
[2026-09-13T04:46:11.485+0000] {processor.py:799} INFO - Processing file /opt/airflow/dags/3_python_operator.py for tasks to queue
[2026-09-13T04:46:11.487+0000] {logging_mixin.py:149} INFO - [2026-09-13T04:46:11.487+0000] {dagbag.py:541} INFO - Filling up the DagBag from /opt/airflow/dags/3_python_operator.py
[2026-09-13T04:46:11.514+0000] {processor.py:809} INFO - DAG(s) dict_keys(['3-pythonoperator']) retrieved from /opt/airflow/dags/3_python_operator.py
[2026-09-13T04:46:11.574+0000] {logging_mixin.py:149} INFO - [2026-09-13T04:46:11.573+0000] {dag.py:2726} INFO - Sync 1 DAGs
[2026-09-13T04:46:11.616+0000] {logging_mixin.py:149} INFO - [2026-09-13T04:46:11.616+0000] {dag.py:3490} INFO - Setting next_dagrun for 3-pythonoperator to 2023-05-01T00:00:00+00:00, run_after=2023-05-01T00:00:00+00:00
[2026-09-13T04:46:11.642+0000] {processor.py:178} INFO - Processing /opt/airflow/dags/3_python_operator.py took 0.173 seconds
[2026-09-13T04:46:41.813+0000] {processor.py:156} INFO - Started process (PID=184) to work on /opt/airflow/dags/3_python_operator.py
[2026-09-13T04:46:41.817+0000] {processor.py:799} INFO - Processing file /opt/airflow/dags/3_python_operator.py for tasks to queue
[2026-09-13T04:46:41.819+0000] {logging_mixin.py:149} INFO - [2026-09-13T04:46:41.818+0000] {dagbag.py:541} INFO - Filling up the DagBag from /opt/airflow/dags/3_python_operator.py
[2026-09-13T04:46:41.851+0000] {processor.py:809} INFO - DAG(s) dict_keys(['3-pythonoperator']) retrieved from /opt/airflow/dags/3_python_operator.py
[2026-09-13T04:46:41.908+0000] {logging_mixin.py:149} INFO - [2026-09-13T04:46:41.908+0000] {dag.py:2726} INFO - Sync 1 DAGs
[2026-09-13T04:46:41.942+0000] {logging_mixin.py:149} INFO - [2026-09-13T04:46:41.941+0000] {dag.py:3490} INFO - Setting next_dagrun for 3-pythonoperator to 2023-05-01T00:00:00+00:00, run_after=2023-05-01T00:00:00+00:00
[2026-09-13T04:46:41.965+0000] {processor.py:178} INFO - Processing /opt/airflow/dags/3_python_operator.py took 0.163 seconds
[2026-09-13T04:47:12.631+0000] {processor.py:156} INFO - Started process (PID=198) to work on /opt/airflow/dags/3_python_operator.py
[2026-09-13T04:47:12.634+0000] {processor.py:799} INFO - Processing file /opt/airflow/dags/3_python_operator.py for tasks to queue
[2026-09-13T04:47:12.636+0000] {logging_mixin.py:149} INFO - [2026-09-13T04:47:12.636+0000] {dagbag.py:541} INFO - Filling up the DagBag from /opt/airflow/dags/3_python_operator.py
[2026-09-13T04:47:12.660+0000] {processor.py:809} INFO - DAG(s) dict_keys(['3-pythonoperator']) retrieved from /opt/airflow/dags/3_python_operator.py
[2026-09-13T04:47:12.726+0000] {logging_mixin.py:149} INFO - [2026-09-13T04:47:12.726+0000] {dag.py:2726} INFO - Sync 1 DAGs
[2026-09-13T04:47:12.767+0000] {logging_mixin.py:149} INFO - [2026-09-13T04:47:12.766+0000] {dag.py:3490} INFO - Setting next_dagrun for 3-pythonoperator to 2023-05-01T00:00:00+00:00, run_after=2023-05-01T00:00:00+00:00
[2026-09-13T04:47:12.798+0000] {processor.py:178} INFO - Processing /opt/airflow/dags/3_python_operator.py took 0.178 seconds
[2026-09-13T04:47:43.110+0000] {processor.py:156} INFO - Started process (PID=212) to work on /opt/airflow/dags/3_python_operator.py
[2026-09-13T04:47:43.116+0000] {processor.py:799} INFO - Processing file /opt/airflow/dags/3_python_operator.py for tasks to queue
[2026-09-13T04:47:43.118+0000] {logging_mixin.py:149} INFO - [2026-09-13T04:47:43.117+0000] {dagbag.py:541} INFO - Filling up the DagBag from /opt/airflow/dags/3_python_operator.py
[2026-09-13T04:47:43.137+0000] {processor.py:809} INFO - DAG(s) dict_keys(['3-pythonoperator']) retrieved from /opt/airflow/dags/3_python_operator.py
[2026-09-13T04:47:43.176+0000] {logging_mixin.py:149} INFO - [2026-09-13T04:47:43.176+0000] {dag.py:2726} INFO - Sync 1 DAGs
[2026-09-13T04:47:43.210+0000] {logging_mixin.py:149} INFO - [2026-09-13T04:47:43.210+0000] {dag.py:3490} INFO - Setting next_dagrun for 3-pythonoperator to 2023-05-01T00:00:00+00:00, run_after=2023-05-01T00:00:00+00:00
[2026-09-13T04:47:43.233+0000] {processor.py:178} INFO - Processing /opt/airflow/dags/3_python_operator.py took 0.139 seconds
[2026-09-13T04:48:13.987+0000] {processor.py:156} INFO - Started process (PID=227) to work on /opt/airflow/dags/3_python_operator.py
[2026-09-13T04:48:13.990+0000] {processor.py:799} INFO - Processing file /opt/airflow/dags/3_python_operator.py for tasks to queue
[2026-09-13T04:48:13.992+0000] {logging_mixin.py:149} INFO - [2026-09-13T04:48:13.991+0000] {dagbag.py:541} INFO - Filling up the DagBag from /opt/airflow/dags/3_python_operator.py
[2026-09-13T04:48:14.017+0000] {processor.py:809} INFO - DAG(s) dict_keys(['3-pythonoperator']) retrieved from /opt/airflow/dags/3_python_operator.py
[2026-09-13T04:48:14.095+0000] {logging_mixin.py:149} INFO - [2026-09-13T04:48:14.094+0000] {dag.py:2726} INFO - Sync 1 DAGs
[2026-09-13T04:48:14.155+0000] {logging_mixin.py:149} INFO - [2026-09-13T04:48:14.154+0000] {dag.py:3490} INFO - Setting next_dagrun for 3-pythonoperator to 2023-05-01T00:00:00+00:00, run_after=2023-05-01T00:00:00+00:00
[2026-09-13T04:48:14.226+0000] {processor.py:178} INFO - Processing /opt/airflow/dags/3_python_operator.py took 0.250 seconds
[2026-09-13T04:48:44.327+0000] {processor.py:156} INFO - Started process (PID=242) to work on /opt/airflow/dags/3_python_operator.py
[2026-09-13T04:48:44.329+0000] {processor.py:799} INFO - Processing file /opt/airflow/dags/3_python_operator.py for tasks to queue
[2026-09-13T04:48:44.331+0000] {logging_mixin.py:149} INFO - [2026-09-13T04:48:44.331+0000] {dagbag.py:541} INFO - Filling up the DagBag from /opt/airflow/dags/3_python_operator.py
[2026-09-13T04:48:44.352+0000] {processor.py:809} INFO - DAG(s) dict_keys(['3-pythonoperator']) retrieved from /opt/airflow/dags/3_python_operator.py
[2026-09-13T04:48:44.421+0000] {logging_mixin.py:149} INFO - [2026-09-13T04:48:44.421+0000] {dag.py:2726} INFO - Sync 1 DAGs
[2026-09-13T04:48:44.485+0000] {logging_mixin.py:149} INFO - [2026-09-13T04:48:44.485+0000] {dag.py:3490} INFO - Setting next_dagrun for 3-pythonoperator to 2023-05-01T00:00:00+00:00, run_after=2023-05-01T00:00:00+00:00
[2026-09-13T04:48:44.529+0000] {processor.py:178} INFO - Processing /opt/airflow/dags/3_python_operator.py took 0.211 seconds
[2026-09-13T04:49:14.709+0000] {processor.py:156} INFO - Started process (PID=256) to work on /opt/airflow/dags/3_python_operator.py
[2026-09-13T04:49:14.711+0000] {processor.py:799} INFO - Processing file /opt/airflow/dags/3_python_operator.py for tasks to queue
[2026-09-13T04:49:14.713+0000] {logging_mixin.py:149} INFO - [2026-09-13T04:49:14.713+0000] {dagbag.py:541} INFO - Filling up the DagBag from /opt/airflow/dags/3_python_operator.py
[2026-09-13T04:49:14.734+0000] {processor.py:809} INFO - DAG(s) dict_keys(['3-pythonoperator']) retrieved from /opt/airflow/dags/3_python_operator.py
[2026-09-13T04:49:14.808+0000] {logging_mixin.py:149} INFO - [2026-09-13T04:49:14.808+0000] {dag.py:2726} INFO - Sync 1 DAGs
[2026-09-13T04:49:14.860+0000] {logging_mixin.py:149} INFO - [2026-09-13T04:49:14.860+0000] {dag.py:3490} INFO - Setting next_dagrun for 3-pythonoperator to 2023-05-01T00:00:00+00:00, run_after=2023-05-01T00:00:00+00:00
[2026-09-13T04:49:14.938+0000] {processor.py:178} INFO - Processing /opt/airflow/dags/3_python_operator.py took 0.238 seconds
[2026-09-13T04:49:45.178+0000] {processor.py:156} INFO - Started process (PID=270) to work on /opt/airflow/dags/3_python_operator.py
[2026-09-13T04:49:45.185+0000] {processor.py:799} INFO - Processing file /opt/airflow/dags/3_python_operator.py for tasks to queue
[2026-09-13T04:49:45.187+0000] {logging_mixin.py:149} INFO - [2026-09-13T04:49:45.187+0000] {dagbag.py:541} INFO - Filling up the DagBag from /opt/airflow/dags/3_python_operator.py
[2026-09-13T04:49:45.214+0000] {processor.py:809} INFO - DAG(s) dict_keys(['3-pythonoperator']) retrieved from /opt/airflow/dags/3_python_operator.py
[2026-09-13T04:49:45.293+0000] {logging_mixin.py:149} INFO - [2026-09-13T04:49:45.292+0000] {dag.py:2726} INFO - Sync 1 DAGs
[2026-09-13T04:49:45.371+0000] {logging_mixin.py:149} INFO - [2026-09-13T04:49:45.371+0000] {dag.py:3490} INFO - Setting next_dagrun for 3-pythonoperator to 2023-05-01T00:00:00+00:00, run_after=2023-05-01T00:00:00+00:00
[2026-09-13T04:49:45.417+0000] {processor.py:178} INFO - Processing /opt/airflow/dags/3_python_operator.py took 0.248 seconds
[2026-09-13T04:50:15.596+0000] {processor.py:156} INFO - Started process (PID=284) to work on /opt/airflow/dags/3_python_operator.py
[2026-09-13T04:50:15.600+0000] {processor.py:799} INFO - Processing file /opt/airflow/dags/3_python_operator.py for tasks to queue
[2026-09-13T04:50:15.602+0000] {logging_mixin.py:149} INFO - [2026-09-13T04:50:15.602+0000] {dagbag.py:541} INFO - Filling up the DagBag from /opt/airflow/dags/3_python_operator.py
[2026-09-13T04:50:15.631+0000] {processor.py:809} INFO - DAG(s) dict_keys(['3-pythonoperator']) retrieved from /opt/airflow/dags/3_python_operator.py
[2026-09-13T04:50:15.700+0000] {logging_mixin.py:149} INFO - [2026-09-13T04:50:15.699+0000] {dag.py:2726} INFO - Sync 1 DAGs
[2026-09-13T04:50:15.745+0000] {logging_mixin.py:149} INFO - [2026-09-13T04:50:15.744+0000] {dag.py:3490} INFO - Setting next_dagrun for 3-pythonoperator to 2023-05-01T00:00:00+00:00, run_after=2023-05-01T00:00:00+00:00
[2026-09-13T04:50:15.772+0000] {processor.py:178} INFO - Processing /opt/airflow/dags/3_python_operator.py took 0.187 seconds
[2026-09-13T04:50:45.912+0000] {processor.py:156} INFO - Started process (PID=299) to work on /opt/airflow/dags/3_python_operator.py
[2026-09-13T04:50:45.916+0000] {processor.py:799} INFO - Processing file /opt/airflow/dags/3_python_operator.py for tasks to queue
[2026-09-13T04:50:45.918+0000] {logging_mixin.py:149} INFO - [2026-09-13T04:50:45.918+0000] {dagbag.py:541} INFO - Filling up the DagBag from /opt/airflow/dags/3_python_operator.py
[2026-09-13T04:50:45.946+0000] {processor.py:809} INFO - DAG(s) dict_keys(['3-pythonoperator']) retrieved from /opt/airflow/dags/3_python_operator.py
[2026-09-13T04:50:46.039+0000] {logging_mixin.py:149} INFO - [2026-09-13T04:50:46.038+0000] {dag.py:2726} INFO - Sync 1 DAGs
[2026-09-13T04:50:46.099+0000] {logging_mixin.py:149} INFO - [2026-09-13T04:50:46.098+0000] {dag.py:3490} INFO - Setting next_dagrun for 3-pythonoperator to 2023-05-01T00:00:00+00:00, run_after=2023-05-01T00:00:00+00:00
[2026-09-13T04:50:46.152+0000] {processor.py:178} INFO - Processing /opt/airflow/dags/3_python_operator.py took 0.252 seconds
[2026-09-13T04:51:16.356+0000] {processor.py:156} INFO - Started process (PID=313) to work on /opt/airflow/dags/3_python_operator.py
[2026-09-13T04:51:16.362+0000] {processor.py:799} INFO - Processing file /opt/airflow/dags/3_python_operator.py for tasks to queue
[2026-09-13T04:51:16.364+0000] {logging_mixin.py:149} INFO - [2026-09-13T04:51:16.363+0000] {dagbag.py:541} INFO - Filling up the DagBag from /opt/airflow/dags/3_python_operator.py
[2026-09-13T04:51:16.391+0000] {processor.py:809} INFO - DAG(s) dict_keys(['3-pythonoperator']) retrieved from /opt/airflow/dags/3_python_operator.py
[2026-09-13T04:51:16.473+0000] {logging_mixin.py:149} INFO - [2026-09-13T04:51:16.473+0000] {dag.py:2726} INFO - Sync 1 DAGs
[2026-09-13T04:51:16.539+0000] {logging_mixin.py:149} INFO - [2026-09-13T04:51:16.539+0000] {dag.py:3490} INFO - Setting next_dagrun for 3-pythonoperator to 2023-05-01T00:00:00+00:00, run_after=2023-05-01T00:00:00+00:00
[2026-09-13T04:51:16.594+0000] {processor.py:178} INFO - Processing /opt/airflow/dags/3_python_operator.py took 0.250 seconds
[2026-09-13T04:51:46.806+0000] {processor.py:156} INFO - Started process (PID=327) to work on /opt/airflow/dags/3_python_operator.py
[2026-09-13T04:51:46.813+0000] {processor.py:799} INFO - Processing file /opt/airflow/dags/3_python_operator.py for tasks to queue
[2026-09-13T04:51:46.815+0000] {logging_mixin.py:149} INFO - [2026-09-13T04:51:46.814+0000] {dagbag.py:541} INFO - Filling up the DagBag from /opt/airflow/dags/3_python_operator.py
[2026-09-13T04:51:46.842+0000] {processor.py:809} INFO - DAG(s) dict_keys(['3-pythonoperator']) retrieved from /opt/airflow/dags/3_python_operator.py
[2026-09-13T04:51:46.925+0000] {logging_mixin.py:149} INFO - [2026-09-13T04:51:46.925+0000] {dag.py:2726} INFO - Sync 1 DAGs
[2026-09-13T04:51:46.992+0000] {logging_mixin.py:149} INFO - [2026-09-13T04:51:46.992+0000] {dag.py:3490} INFO - Setting next_dagrun for 3-pythonoperator to 2023-05-01T00:00:00+00:00, run_after=2023-05-01T00:00:00+00:00
[2026-09-13T04:51:47.047+0000] {processor.py:178} INFO - Processing /opt/airflow/dags/3_python_operator.py took 0.253 seconds
[2026-09-13T04:52:17.317+0000] {processor.py:156} INFO - Started process (PID=341) to work on /opt/airflow/dags/3_python_operator.py
[2026-09-13T04:52:17.322+0000] {processor.py:799} INFO - Processing file /opt/airflow/dags/3_python_operator.py for tasks to queue
[2026-09-13T04:52:17.324+0000] {logging_mixin.py:149} INFO - [2026-09-13T04:52:17.324+0000] {dagbag.py:541} INFO - Filling up the DagBag from /opt/airflow/dags/3_python_operator.py
[2026-09-13T04:52:17.351+0000] {processor.py:809} INFO - DAG(s) dict_keys(['3-pythonoperator']) retrieved from /opt/airflow/dags/3_python_operator.py
[2026-09-13T04:52:17.440+0000] {logging_mixin.py:149} INFO - [2026-09-13T04:52:17.440+0000] {dag.py:2726} INFO - Sync 1 DAGs
[2026-09-13T04:52:17.497+0000] {logging_mixin.py:149} INFO - [2026-09-13T04:52:17.497+0000] {dag.py:3490} INFO - Setting next_dagrun for 3-pythonoperator to 2023-05-01T00:00:00+00:00, run_after=2023-05-01T00:00:00+00:00
[2026-09-13T04:52:17.527+0000] {processor.py:178} INFO - Processing /opt/airflow/dags/3_python_operator.py took 0.221 seconds
[2026-09-13T04:52:47.693+0000] {processor.py:156} INFO - Started process (PID=355) to work on /opt/airflow/dags/3_python_operator.py
[2026-09-13T04:52:47.702+0000] {processor.py:799} INFO - Processing file /opt/airflow/dags/3_python_operator.py for tasks to queue
[2026-09-13T04:52:47.704+0000] {logging_mixin.py:149} INFO - [2026-09-13T04:52:47.703+0000] {dagbag.py:541} INFO - Filling up the DagBag from /opt/airflow/dags/3_python_operator.py
[2026-09-13T04:52:47.734+0000] {processor.py:809} INFO - DAG(s) dict_keys(['3-pythonoperator']) retrieved from /opt/airflow/dags/3_python_operator.py
[2026-09-13T04:52:47.820+0000] {logging_mixin.py:149} INFO - [2026-09-13T04:52:47.820+0000] {dag.py:2726} INFO - Sync 1 DAGs
[2026-09-13T04:52:47.877+0000] {logging_mixin.py:149} INFO - [2026-09-13T04:52:47.876+0000] {dag.py:3490} INFO - Setting next_dagrun for 3-pythonoperator to 2023-05-01T00:00:00+00:00, run_after=2023-05-01T00:00:00+00:00
[2026-09-13T04:52:47.917+0000] {processor.py:178} INFO - Processing /opt/airflow/dags/3_python_operator.py took 0.235 seconds
