[2026-09-13T00:00:10.363+0000] {processor.py:156} INFO - Started process (PID=158779) to work on /opt/airflow/dags/4_dependencies.py
[2026-09-13T00:00:10.366+0000] {processor.py:799} INFO - Processing file /opt/airflow/dags/4_dependencies.py for tasks to queue
[2026-09-13T00:00:10.368+0000] {logging_mixin.py:149} INFO - [2026-09-13T00:00:10.368+0000] {dagbag.py:541} INFO - Filling up the DagBag from /opt/airflow/dags/4_dependencies.py
[2026-09-13T00:00:10.398+0000] {processor.py:809} INFO - DAG(s) dict_keys(['4-dependencies']) retrieved from /opt/airflow/dags/4_dependencies.py
[2026-09-13T00:00:10.482+0000] {logging_mixin.py:149} INFO - [2026-09-13T00:00:10.482+0000] {dag.py:2726} INFO - Sync 1 DAGs
[2026-09-13T00:00:10.559+0000] {logging_mixin.py:149} INFO - [2026-09-13T00:00:10.558+0000] {dag.py:3490} INFO - Setting next_dagrun for 4-dependencies to 2023-05-01T00:00:00+00:00, run_after=2023-05-01T00:00:00+00:00
[2026-09-13T00:00:10.602+0000] {processor.py:178} INFO - Processing /opt/airflow/dags/4_dependencies.py took 0.252 seconds
[2026-09-13T00:00:40.721+0000] {processor.py:156} INFO - Started process (PID=158793) to work on /opt/airflow/dags/4_dependencies.py
[2026-09-13T00:00:40.725+0000] {processor.py:799} INFO - Processing file /opt/airflow/dags/4_dependencies.py for tasks to queue
[2026-09-13T00:00:40.728+0000] {logging_mixin.py:149} INFO - [2026-09-13T00:00:40.727+0000] {dagbag.py:541} INFO - Filling up the DagBag from /opt/airflow/dags/4_dependencies.py
[2026-09-13T00:00:40.757+0000] {processor.py:809} INFO - DAG(s) dict_keys(['4-dependencies']) retrieved from /opt/airflow/dags/4_dependencies.py
[2026-09-13T00:00:40.841+0000] {logging_mixin.py:149} INFO - [2026-09-13T00:00:40.841+0000] {dag.py:2726} INFO - Sync 1 DAGs
[2026-09-13T00:00:40.877+0000] {logging_mixin.py:149} INFO - [2026-09-13T00:00:40.876+0000] {dag.py:3490} INFO - Setting next_dagrun for 4-dependencies to 2023-05-01T00:00:00+00:00, run_after=2023-05-01T00:00:00+00:00
[2026-09-13T00:00:40.917+0000] {processor.py:178} INFO - Processing /opt/airflow/dags/4_dependencies.py took 0.206 seconds
[2026-09-13T00:01:11.087+0000] {processor.py:156} INFO - Started process (PID=158807) to work on /opt/airflow/dags/4_dependencies.py
[2026-09-13T00:01:11.091+0000] {processor.py:799} INFO - Processing file /opt/airflow/dags/4_dependencies.py for tasks to queue
[2026-09-13T00:01:11.093+0000] {logging_mixin.py:149} INFO - [2026-09-13T00:01:11.093+0000] {dagbag.py:541} INFO - Filling up the DagBag from /opt/airflow/dags/4_dependencies.py
[2026-09-13T00:01:11.124+0000] {processor.py:809} INFO - DAG(s) dict_keys(['4-dependencies']) retrieved from /opt/airflow/dags/4_dependencies.py
[2026-09-13T00:01:11.196+0000] {logging_mixin.py:149} INFO - [2026-09-13T00:01:11.195+0000] {dag.py:2726} INFO - Sync 1 DAGs
[2026-09-13T00:01:11.238+0000] {logging_mixin.py:149} INFO - [2026-09-13T00:01:11.237+0000] {dag.py:3490} INFO - Setting next_dagrun for 4-dependencies to 2023-05-01T00:00:00+00:00, run_after=2023-05-01T00:00:00+00:00
[2026-09-13T00:01:11.269+0000] {processor.py:178} INFO - Processing /opt/airflow/dags/4_dependencies.py took 0.194 seconds
[2026-09-13T00:01:41.479+0000] {processor.py:156} INFO - Started process (PID=158821) to work on /opt/airflow/dags/4_dependencies.py
[2026-09-13T00:01:41.484+0000] {processor.py:799} INFO - Processing file /opt/airflow/dags/4_dependencies.py for tasks to queue
[2026-09-13T00:01:41.486+0000] {logging_mixin.py:149} INFO - [2026-09-13T00:01:41.486+0000] {dagbag.py:541} INFO - Filling up the DagBag from /opt/airflow/dags/4_dependencies.py
[2026-09-13T00:01:41.514+0000] {processor.py:809} INFO - DAG(s) dict_keys(['4-dependencies']) retrieved from /opt/airflow/dags/4_dependencies.py
[2026-09-13T00:01:41.614+0000] {logging_mixin.py:149} INFO - [2026-09-13T00:01:41.614+0000] {dag.py:2726} INFO - Sync 1 DAGs
[2026-09-13T00:01:41.670+0000] {logging_mixin.py:149} INFO - [2026-09-13T00:01:41.670+0000] {dag.py:3490} INFO - Setting next_dagrun for 4-dependencies to 2023-05-01T00:00:00+00:00, run_after=2023-05-01T00:00:00+00:00
[2026-09-13T00:01:41.705+0000] {processor.py:178} INFO - Processing /opt/airflow/dags/4_dependencies.py took 0.238 seconds
[2026-09-13T00:02:11.956+0000] {processor.py:156} INFO - Started process (PID=158834) to work on /opt/airflow/dags/4_dependencies.py
[2026-09-13T00:02:11.959+0000] {processor.py:799} INFO - Processing file /opt/airflow/dags/4_dependencies.py for tasks to queue
[2026-09-13T00:02:11.961+0000] {logging_mixin.py:149} INFO - [2026-09-13T00:02:11.961+0000] {dagbag.py:541} INFO - Filling up the DagBag from /opt/airflow/dags/4_dependencies.py
[2026-09-13T00:02:11.998+0000] {processor.py:809} INFO - DAG(s) dict_keys(['4-dependencies']) retrieved from /opt/airflow/dags/4_dependencies.py
[2026-09-13T00:02:12.084+0000] {logging_mixin.py:149} INFO - [2026-09-13T00:02:12.084+0000] {dag.py:2726} INFO - Sync 1 DAGs
[2026-09-13T00:02:12.130+0000] {logging_mixin.py:149} INFO - [2026-09-13T00:02:12.130+0000] {dag.py:3490} INFO - Setting next_dagrun for 4-dependencies to 2023-05-01T00:00:00+00:00, run_after=2023-05-01T00:00:00+00:00
[2026-09-13T00:02:12.160+0000] {processor.py:178} INFO - Processing /opt/airflow/dags/4_dependencies.py took 0.215 seconds
[2026-09-13T00:02:42.435+0000] {processor.py:156} INFO - Started process (PID=158848) to work on /opt/airflow/dags/4_dependencies.py
[2026-09-13T00:02:42.440+0000] {processor.py:799} INFO - Processing file /opt/airflow/dags/4_dependencies.py for tasks to queue
[2026-09-13T00:02:42.443+0000] {logging_mixin.py:149} INFO - [2026-09-13T00:02:42.442+0000] {dagbag.py:541} INFO - Filling up the DagBag from /opt/airflow/dags/4_dependencies.py
[2026-09-13T00:02:42.481+0000] {processor.py:809} INFO - DAG(s) dict_keys(['4-dependencies']) retrieved from /opt/airflow/dags/4_dependencies.py
[2026-09-13T00:02:42.539+0000] {logging_mixin.py:149} INFO - [2026-09-13T00:02:42.538+0000] {dag.py:2726} INFO - Sync 1 DAGs
[2026-09-13T00:02:42.578+0000] {logging_mixin.py:149} INFO - [2026-09-13T00:02:42.578+0000] {dag.py:3490} INFO - Setting next_dagrun for 4-dependencies to 2023-05-01T00:00:00+00:00, run_after=2023-05-01T00:00:00+00:00
[2026-09-13T00:02:42.605+0000] {processor.py:178} INFO - Processing /opt/airflow/dags/4_dependencies.py took 0.181 seconds
[2026-09-13T00:03:12.903+0000] {processor.py:156} INFO - Started process (PID=158863) to work on /opt/airflow/dags/4_dependencies.py
[2026-09-13T00:03:12.918+0000] {processor.py:799} INFO - Processing file /opt/airflow/dags/4_dependencies.py for tasks to queue
[2026-09-13T00:03:12.919+0000] {logging_mixin.py:149} INFO - [2026-09-13T00:03:12.919+0000] {dagbag.py:541} INFO - Filling up the DagBag from /opt/airflow/dags/4_dependencies.py
[2026-09-13T00:03:12.940+0000] {processor.py:809} INFO - DAG(s) dict_keys(['4-dependencies']) retrieved from /opt/airflow/dags/4_dependencies.py
[2026-09-13T00:03:13.026+0000] {logging_mixin.py:149} INFO - [2026-09-13T00:03:13.026+0000] {dag.py:2726} INFO - Sync 1 DAGs
[2026-09-13T00:03:13.062+0000] {logging_mixin.py:149} INFO - [2026-09-13T00:03:13.062+0000] {dag.py:3490} INFO - Setting next_dagrun for 4-dependencies to 2023-05-01T00:00:00+00:00, run_after=2023-05-01T00:00:00+00:00
[2026-09-13T00:03:13.090+0000] {processor.py:178} INFO - Processing /opt/airflow/dags/4_dependencies.py took 0.208 seconds
[2026-09-13T00:03:43.185+0000] {processor.py:156} INFO - Started process (PID=158877) to work on /opt/airflow/dags/4_dependencies.py
[2026-09-13T00:03:43.192+0000] {processor.py:799} INFO - Processing file /opt/airflow/dags/4_dependencies.py for tasks to queue
[2026-09-13T00:03:43.194+0000] {logging_mixin.py:149} INFO - [2026-09-13T00:03:43.194+0000] {dagbag.py:541} INFO - Filling up the DagBag from /opt/airflow/dags/4_dependencies.py
[2026-09-13T00:03:43.232+0000] {processor.py:809} INFO - DAG(s) dict_keys(['4-dependencies']) retrieved from /opt/airflow/dags/4_dependencies.py
[2026-09-13T00:03:43.323+0000] {logging_mixin.py:149} INFO - [2026-09-13T00:03:43.323+0000] {dag.py:2726} INFO - Sync 1 DAGs
[2026-09-13T00:03:43.371+0000] {logging_mixin.py:149} INFO - [2026-09-13T00:03:43.371+0000] {dag.py:3490} INFO - Setting next_dagrun for 4-dependencies to 2023-05-01T00:00:00+00:00, run_after=2023-05-01T00:00:00+00:00
[2026-09-13T00:03:43.438+0000] {processor.py:178} INFO - Processing /opt/airflow/dags/4_dependencies.py took 0.264 seconds
[2026-09-13T00:04:13.603+0000] {processor.py:156} INFO - Started process (PID=158891) to work on /opt/airflow/dags/4_dependencies.py
[2026-09-13T00:04:13.606+0000] {processor.py:799} INFO - Processing file /opt/airflow/dags/4_dependencies.py for tasks to queue
[2026-09-13T00:04:13.608+0000] {logging_mixin.py:149} INFO - [2026-09-13T00:04:13.608+0000] {dagbag.py:541} INFO - Filling up the DagBag from /opt/airflow/dags/4_dependencies.py
[2026-09-13T00:04:13.639+0000] {processor.py:809} INFO - DAG(s) dict_keys(['4-dependencies']) retrieved from /opt/airflow/dags/4_dependencies.py
[2026-09-13T00:04:13.704+0000] {logging_mixin.py:149} INFO - [2026-09-13T00:04:13.703+0000] {dag.py:2726} INFO - Sync 1 DAGs
[2026-09-13T00:04:13.771+0000] {logging_mixin.py:149} INFO - [2026-09-13T00:04:13.770+0000] {dag.py:3490} INFO - Setting next_dagrun for 4-dependencies to 2023-05-01T00:00:00+00:00, run_after=2023-05-01T00:00:00+00:00
[2026-09-13T00:04:13.841+0000] {processor.py:178} INFO - Processing /opt/airflow/dags/4_dependencies.py took 0.249 seconds
[2026-09-13T00:04:44.124+0000] {processor.py:156} INFO - Started process (PID=158905) to work on /opt/airflow/dags/4_dependencies.py
[2026-09-13T00:04:44.129+0000] {processor.py:799} INFO - Processing file /opt/airflow/dags/4_dependencies.py for tasks to queue
[2026-09-13T00:04:44.131+0000] {logging_mixin.py:149} INFO - [2026-09-13T00:04:44.131+0000] {dagbag.py:541} INFO - Filling up the DagBag from /opt/airflow/dags/4_dependencies.py
[2026-09-13T00:04:44.176+0000] {processor.py:809} INFO - DAG(s) dict_keys(['4-dependencies']) retrieved from /opt/airflow/dags/4_dependencies.py
[2026-09-13T00:04:44.274+0000] {logging_mixin.py:149} INFO - [2026-09-13T00:04:44.274+0000] {dag.py:2726} INFO - Sync 1 DAGs
[2026-09-13T00:04:44.354+0000] {logging_mixin.py:149} INFO - [2026-09-13T00:04:44.354+0000] {dag.py:3490} INFO - Setting next_dagrun for 4-dependencies to 2023-05-01T00:00:00+00:00, run_after=2023-05-01T00:00:00+00:00
[2026-09-13T00:04:44.417+0000] {processor.py:178} INFO - Processing /opt/airflow/dags/4_dependencies.py took 0.305 seconds
[2026-09-13T00:05:14.604+0000] {processor.py:156} INFO - Started process (PID=158919) to work on /opt/airflow/dags/4_dependencies.py
[2026-09-13T00:05:14.607+0000] {processor.py:799} INFO - Processing file /opt/airflow/dags/4_dependencies.py for tasks to queue
[2026-09-13T00:05:14.609+0000] {logging_mixin.py:149} INFO - [2026-09-13T00:05:14.609+0000] {dagbag.py:541} INFO - Filling up the DagBag from /opt/airflow/dags/4_dependencies.py
[2026-09-13T00:05:14.641+0000] {processor.py:809} INFO - DAG(s) dict_keys(['4-dependencies']) retrieved from /opt/airflow/dags/4_dependencies.py
[2026-09-13T00:05:14.737+0000] {logging_mixin.py:149} INFO - [2026-09-13T00:05:14.737+0000] {dag.py:2726} INFO - Sync 1 DAGs
[2026-09-13T00:05:14.801+0000] {logging_mixin.py:149} INFO - [2026-09-13T00:05:14.801+0000] {dag.py:3490} INFO - Setting next_dagrun for 4-dependencies to 2023-05-01T00:00:00+00:00, run_after=2023-05-01T00:00:00+00:00
[2026-09-13T00:05:14.838+0000] {processor.py:178} INFO - Processing /opt/airflow/dags/4_dependencies.py took 0.245 seconds
[2026-09-13T00:05:45.148+0000] {processor.py:156} INFO - Started process (PID=158934) to work on /opt/airflow/dags/4_dependencies.py
[2026-09-13T00:05:45.150+0000] {processor.py:799} INFO - Processing file /opt/airflow/dags/4_dependencies.py for tasks to queue
[2026-09-13T00:05:45.152+0000] {logging_mixin.py:149} INFO - [2026-09-13T00:05:45.151+0000] {dagbag.py:541} INFO - Filling up the DagBag from /opt/airflow/dags/4_dependencies.py
[2026-09-13T00:05:45.178+0000] {processor.py:809} INFO - DAG(s) dict_keys(['4-dependencies']) retrieved from /opt/airflow/dags/4_dependencies.py
[2026-09-13T00:05:45.253+0000] {logging_mixin.py:149} INFO - [2026-09-13T00:05:45.253+0000] {dag.py:2726} INFO - Sync 1 DAGs
[2026-09-13T00:05:45.304+0000] {logging_mixin.py:149} INFO - [2026-09-13T00:05:45.304+0000] {dag.py:3490} INFO - Setting next_dagrun for 4-dependencies to 2023-05-01T00:00:00+00:00, run_after=2023-05-01T00:00:00+00:00
[2026-09-13T00:05:45.352+0000] {processor.py:178} INFO - Processing /opt/airflow/dags/4_dependencies.py took 0.215 seconds
[2026-09-13T00:06:15.492+0000] {processor.py:156} INFO - Started process (PID=158948) to work on /opt/airflow/dags/4_dependencies.py
[2026-09-13T00:06:15.495+0000] {processor.py:799} INFO - Processing file /opt/airflow/dags/4_dependencies.py for tasks to queue
[2026-09-13T00:06:15.496+0000] {logging_mixin.py:149} INFO - [2026-09-13T00:06:15.496+0000] {dagbag.py:541} INFO - Filling up the DagBag from /opt/airflow/dags/4_dependencies.py
[2026-09-13T00:06:15.522+0000] {processor.py:809} INFO - DAG(s) dict_keys(['4-dependencies']) retrieved from /opt/airflow/dags/4_dependencies.py
[2026-09-13T00:06:15.602+0000] {logging_mixin.py:149} INFO - [2026-09-13T00:06:15.601+0000] {dag.py:2726} INFO - Sync 1 DAGs
[2026-09-13T00:06:15.665+0000] {logging_mixin.py:149} INFO - [2026-09-13T00:06:15.664+0000] {dag.py:3490} INFO - Setting next_dagrun for 4-dependencies to 2023-05-01T00:00:00+00:00, run_after=2023-05-01T00:00:00+00:00
[2026-09-13T00:06:15.748+0000] {processor.py:178} INFO - Processing /opt/airflow/dags/4_dependencies.py took 0.285 seconds
[2026-09-13T00:06:45.877+0000] {processor.py:156} INFO - Started process (PID=158962) to work on /opt/airflow/dags/4_dependencies.py
[2026-09-13T00:06:45.879+0000] {processor.py:799} INFO - Processing file /opt/airflow/dags/4_dependencies.py for tasks to queue
[2026-09-13T00:06:45.881+0000] {logging_mixin.py:149} INFO - [2026-09-13T00:06:45.880+0000] {dagbag.py:541} INFO - Filling up the DagBag from /opt/airflow/dags/4_dependencies.py
[2026-09-13T00:06:45.907+0000] {processor.py:809} INFO - DAG(s) dict_keys(['4-dependencies']) retrieved from /opt/airflow/dags/4_dependencies.py
[2026-09-13T00:06:45.986+0000] {logging_mixin.py:149} INFO - [2026-09-13T00:06:45.986+0000] {dag.py:2726} INFO - Sync 1 DAGs
[2026-09-13T00:06:46.031+0000] {logging_mixin.py:149} INFO - [2026-09-13T00:06:46.031+0000] {dag.py:3490} INFO - Setting next_dagrun for 4-dependencies to 2023-05-01T00:00:00+00:00, run_after=2023-05-01T00:00:00+00:00
[2026-09-13T00:06:46.075+0000] {processor.py:178} INFO - Processing /opt/airflow/dags/4_dependencies.py took 0.208 seconds
[2026-09-13T00:07:16.218+0000] {processor.py:156} INFO - Started process (PID=158975) to work on /opt/airflow/dags/4_dependencies.py
[2026-09-13T00:07:16.226+0000] {processor.py:799} INFO - Processing file /opt/airflow/dags/4_dependencies.py for tasks to queue
[2026-09-13T00:07:16.228+0000] {logging_mixin.py:149} INFO - [2026-09-13T00:07:16.228+0000] {dagbag.py:541} INFO - Filling up the DagBag from /opt/airflow/dags/4_dependencies.py
[2026-09-13T00:07:16.260+0000] {processor.py:809} INFO - DAG(s) dict_keys(['4-dependencies']) retrieved from /opt/airflow/dags/4_dependencies.py
[2026-09-13T00:07:16.360+0000] {logging_mixin.py:149} INFO - [2026-09-13T00:07:16.359+0000] {dag.py:2726} INFO - Sync 1 DAGs
[2026-09-13T00:07:16.422+0000] {logging_mixin.py:149} INFO - [2026-09-13T00:07:16.422+0000] {dag.py:3490} INFO - Setting next_dagrun for 4-dependencies to 2023-05-01T00:00:00+00:00, run_after=2023-05-01T00:00:00+00:00
[2026-09-13T00:07:16.486+0000] {processor.py:178} INFO - Processing /opt/airflow/dags/4_dependencies.py took 0.278 seconds
[2026-09-13T00:07:46.676+0000] {processor.py:156} INFO - Started process (PID=158989) to work on /opt/airflow/dags/4_dependencies.py
[2026-09-13T00:07:46.679+0000] {processor.py:799} INFO - Processing file /opt/airflow/dags/4_dependencies.py for tasks to queue
[2026-09-13T00:07:46.680+0000] {logging_mixin.py:149} INFO - [2026-09-13T00:07:46.680+0000] {dagbag.py:541} INFO - Filling up the DagBag from /opt/airflow/dags/4_dependencies.py
[2026-09-13T00:07:46.709+0000] {processor.py:809} INFO - DAG(s) dict_keys(['4-dependencies']) retrieved from /opt/airflow/dags/4_dependencies.py
[2026-09-13T00:07:46.797+0000] {logging_mixin.py:149} INFO - [2026-09-13T00:07:46.796+0000] {dag.py:2726} INFO - Sync 1 DAGs
[2026-09-13T00:07:46.861+0000] {logging_mixin.py:149} INFO - [2026-09-13T00:07:46.860+0000] {dag.py:3490} INFO - Setting next_dagrun for 4-dependencies to 2023-05-01T00:00:00+00:00, run_after=2023-05-01T00:00:00+00:00
[2026-09-13T00:07:46.926+0000] {processor.py:178} INFO - Processing /opt/airflow/dags/4_dependencies.py took 0.262 seconds
[2026-09-13T00:08:17.016+0000] {processor.py:156} INFO - Started process (PID=159004) to work on /opt/airflow/dags/4_dependencies.py
[2026-09-13T00:08:17.027+0000] {processor.py:799} INFO - Processing file /opt/airflow/dags/4_dependencies.py for tasks to queue
[2026-09-13T00:08:17.030+0000] {logging_mixin.py:149} INFO - [2026-09-13T00:08:17.029+0000] {dagbag.py:541} INFO - Filling up the DagBag from /opt/airflow/dags/4_dependencies.py
[2026-09-13T00:08:17.064+0000] {processor.py:809} INFO - DAG(s) dict_keys(['4-dependencies']) retrieved from /opt/airflow/dags/4_dependencies.py
[2026-09-13T00:08:17.155+0000] {logging_mixin.py:149} INFO - [2026-09-13T00:08:17.155+0000] {dag.py:2726} INFO - Sync 1 DAGs
[2026-09-13T00:08:17.226+0000] {logging_mixin.py:149} INFO - [2026-09-13T00:08:17.225+0000] {dag.py:3490} INFO - Setting next_dagrun for 4-dependencies to 2023-05-01T00:00:00+00:00, run_after=2023-05-01T00:00:00+00:00
[2026-09-13T00:08:17.291+0000] {processor.py:178} INFO - Processing /opt/airflow/dags/4_dependencies.py took 0.289 seconds
[2026-09-13T00:08:47.469+0000] {processor.py:156} INFO - Started process (PID=159018) to work on /opt/airflow/dags/4_dependencies.py
[2026-09-13T00:08:47.473+0000] {processor.py:799} INFO - Processing file /opt/airflow/dags/4_dependencies.py for tasks to queue
[2026-09-13T00:08:47.475+0000] {logging_mixin.py:149} INFO - [2026-09-13T00:08:47.474+0000] {dagbag.py:541} INFO - Filling up the DagBag from /opt/airflow/dags/4_dependencies.py
[2026-09-13T00:08:47.503+0000] {processor.py:809} INFO - DAG(s) dict_keys(['4-dependencies']) retrieved from /opt/airflow/dags/4_dependencies.py
[2026-09-13T00:08:47.587+0000] {logging_mixin.py:149} INFO - [2026-09-13T00:08:47.586+0000] {dag.py:2726} INFO - Sync 1 DAGs
[2026-09-13T00:08:47.660+0000] {logging_mixin.py:149} INFO - [2026-09-13T00:08:47.659+0000] {dag.py:3490} INFO - Setting next_dagrun for 4-dependencies to 2023-05-01T00:00:00+00:00, run_after=2023-05-01T00:00:00+00:00
[2026-09-13T00:08:47.720+0000] {processor.py:178} INFO - Processing /opt/airflow/dags/4_dependencies.py took 0.261 seconds
[2026-09-13T00:09:17.788+0000] {processor.py:156} INFO - Started process (PID=159032) to work on /opt/airflow/dags/4_dependencies.py
[2026-09-13T00:09:17.792+0000] {processor.py:799} INFO - Processing file /opt/airflow/dags/4_dependencies.py for tasks to queue
[2026-09-13T00:09:17.794+0000] {logging_mixin.py:149} INFO - [2026-09-13T00:09:17.794+0000] {dagbag.py:541} INFO - Filling up the DagBag from /opt/airflow/dags/4_dependencies.py
[2026-09-13T00:09:17.825+0000] {processor.py:809} INFO - DAG(s) dict_keys(['4-dependencies']) retrieved from /opt/airflow/dags/4_dependencies.py
[2026-09-13T00:09:17.911+0000] {logging_mixin.py:149} INFO - [2026-09-13T00:09:17.910+0000] {dag.py:2726} INFO - Sync 1 DAGs
[2026-09-13T00:09:17.962+0000] {logging_mixin.py:149} INFO - [2026-09-13T00:09:17.962+0000] {dag.py:3490} INFO - Setting next_dagrun for 4-dependencies to 2023-05-01T00:00:00+00:00, run_after=2023-05-01T00:00:00+00:00
[2026-09-13T00:09:17.992+0000] {processor.py:178} INFO - Processing /opt/airflow/dags/4_dependencies.py took 0.216 seconds
[2026-09-13T00:09:48.067+0000] {processor.py:156} INFO - Started process (PID=159046) to work on /opt/airflow/dags/4_dependencies.py
[2026-09-13T00:09:48.070+0000] {processor.py:799} INFO - Processing file /opt/airflow/dags/4_dependencies.py for tasks to queue
[2026-09-13T00:09:48.072+0000] {logging_mixin.py:149} INFO - [2026-09-13T00:09:48.072+0000] {dagbag.py:541} INFO - Filling up the DagBag from /opt/airflow/dags/4_dependencies.py
[2026-09-13T00:09:48.108+0000] {processor.py:809} INFO - DAG(s) dict_keys(['4-dependencies']) retrieved from /opt/airflow/dags/4_dependencies.py
[2026-09-13T00:09:48.211+0000] {logging_mixin.py:149} INFO - [2026-09-13T00:09:48.210+0000] {dag.py:2726} INFO - Sync 1 DAGs
[2026-09-13T00:09:48.288+0000] {logging_mixin.py:149} INFO - [2026-09-13T00:09:48.287+0000] {dag.py:3490} INFO - Setting next_dagrun for 4-dependencies to 2023-05-01T00:00:00+00:00, run_after=2023-05-01T00:00:00+00:00
[2026-09-13T00:09:48.365+0000] {processor.py:178} INFO - Processing /opt/airflow/dags/4_dependencies.py took 0.309 seconds
[2026-09-13T00:10:18.663+0000] {processor.py:156} INFO - Started process (PID=159060) to work on /opt/airflow/dags/4_dependencies.py
[2026-09-13T00:10:18.667+0000] {processor.py:799} INFO - Processing file /opt/airflow/dags/4_dependencies.py for tasks to queue
[2026-09-13T00:10:18.669+0000] {logging_mixin.py:149} INFO - [2026-09-13T00:10:18.668+0000] {dagbag.py:541} INFO - Filling up the DagBag from /opt/airflow/dags/4_dependencies.py
[2026-09-13T00:10:18.694+0000] {processor.py:809} INFO - DAG(s) dict_keys(['4-dependencies']) retrieved from /opt/airflow/dags/4_dependencies.py
[2026-09-13T00:10:18.798+0000] {logging_mixin.py:149} INFO - [2026-09-13T00:10:18.797+0000] {dag.py:2726} INFO - Sync 1 DAGs
[2026-09-13T00:10:18.854+0000] {logging_mixin.py:149} INFO - [2026-09-13T00:10:18.854+0000] {dag.py:3490} INFO - Setting next_dagrun for 4-dependencies to 2023-05-01T00:00:00+00:00, run_after=2023-05-01T00:00:00+00:00
[2026-09-13T00:10:18.927+0000] {processor.py:178} INFO - Processing /opt/airflow/dags/4_dependencies.py took 0.275 seconds
[2026-09-13T00:10:49.184+0000] {processor.py:156} INFO - Started process (PID=159074) to work on /opt/airflow/dags/4_dependencies.py
[2026-09-13T00:10:49.186+0000] {processor.py:799} INFO - Processing file /opt/airflow/dags/4_dependencies.py for tasks to queue
[2026-09-13T00:10:49.188+0000] {logging_mixin.py:149} INFO - [2026-09-13T00:10:49.188+0000] {dagbag.py:541} INFO - Filling up the DagBag from /opt/airflow/dags/4_dependencies.py
[2026-09-13T00:10:49.220+0000] {processor.py:809} INFO - DAG(s) dict_keys(['4-dependencies']) retrieved from /opt/airflow/dags/4_dependencies.py
[2026-09-13T00:10:49.290+0000] {logging_mixin.py:149} INFO - [2026-09-13T00:10:49.290+0000] {dag.py:2726} INFO - Sync 1 DAGs
[2026-09-13T00:10:49.335+0000] {logging_mixin.py:149} INFO - [2026-09-13T00:10:49.335+0000] {dag.py:3490} INFO - Setting next_dagrun for 4-dependencies to 2023-05-01T00:00:00+00:00, run_after=2023-05-01T00:00:00+00:00
[2026-09-13T00:10:49.365+0000] {processor.py:178} INFO - Processing /opt/airflow/dags/4_dependencies.py took 0.196 seconds
[2026-09-13T00:11:19.621+0000] {processor.py:156} INFO - Started process (PID=159089) to work on /opt/airflow/dags/4_dependencies.py
[2026-09-13T00:11:19.627+0000] {processor.py:799} INFO - Processing file /opt/airflow/dags/4_dependencies.py for tasks to queue
[2026-09-13T00:11:19.628+0000] {logging_mixin.py:149} INFO - [2026-09-13T00:11:19.628+0000] {dagbag.py:541} INFO - Filling up the DagBag from /opt/airflow/dags/4_dependencies.py
[2026-09-13T00:11:19.667+0000] {processor.py:809} INFO - DAG(s) dict_keys(['4-dependencies']) retrieved from /opt/airflow/dags/4_dependencies.py
[2026-09-13T00:11:19.714+0000] {logging_mixin.py:149} INFO - [2026-09-13T00:11:19.714+0000] {dag.py:2726} INFO - Sync 1 DAGs
[2026-09-13T00:11:19.752+0000] {logging_mixin.py:149} INFO - [2026-09-13T00:11:19.752+0000] {dag.py:3490} INFO - Setting next_dagrun for 4-dependencies to 2023-05-01T00:00:00+00:00, run_after=2023-05-01T00:00:00+00:00
[2026-09-13T00:11:19.798+0000] {processor.py:178} INFO - Processing /opt/airflow/dags/4_dependencies.py took 0.189 seconds
[2026-09-13T00:11:49.960+0000] {processor.py:156} INFO - Started process (PID=159103) to work on /opt/airflow/dags/4_dependencies.py
[2026-09-13T00:11:49.962+0000] {processor.py:799} INFO - Processing file /opt/airflow/dags/4_dependencies.py for tasks to queue
[2026-09-13T00:11:49.963+0000] {logging_mixin.py:149} INFO - [2026-09-13T00:11:49.963+0000] {dagbag.py:541} INFO - Filling up the DagBag from /opt/airflow/dags/4_dependencies.py
[2026-09-13T00:11:49.991+0000] {processor.py:809} INFO - DAG(s) dict_keys(['4-dependencies']) retrieved from /opt/airflow/dags/4_dependencies.py
[2026-09-13T00:11:50.084+0000] {logging_mixin.py:149} INFO - [2026-09-13T00:11:50.084+0000] {dag.py:2726} INFO - Sync 1 DAGs
[2026-09-13T00:11:50.149+0000] {logging_mixin.py:149} INFO - [2026-09-13T00:11:50.149+0000] {dag.py:3490} INFO - Setting next_dagrun for 4-dependencies to 2023-05-01T00:00:00+00:00, run_after=2023-05-01T00:00:00+00:00
[2026-09-13T00:11:50.190+0000] {processor.py:178} INFO - Processing /opt/airflow/dags/4_dependencies.py took 0.241 seconds
[2026-09-13T00:12:20.391+0000] {processor.py:156} INFO - Started process (PID=159117) to work on /opt/airflow/dags/4_dependencies.py
[2026-09-13T00:12:20.394+0000] {processor.py:799} INFO - Processing file /opt/airflow/dags/4_dependencies.py for tasks to queue
[2026-09-13T00:12:20.395+0000] {logging_mixin.py:149} INFO - [2026-09-13T00:12:20.395+0000] {dagbag.py:541} INFO - Filling up the DagBag from /opt/airflow/dags/4_dependencies.py
[2026-09-13T00:12:20.420+0000] {processor.py:809} INFO - DAG(s) dict_keys(['4-dependencies']) retrieved from /opt/airflow/dags/4_dependencies.py
[2026-09-13T00:12:20.509+0000] {logging_mixin.py:149} INFO - [2026-09-13T00:12:20.508+0000] {dag.py:2726} INFO - Sync 1 DAGs
[2026-09-13T00:12:20.572+0000] {logging_mixin.py:149} INFO - [2026-09-13T00:12:20.571+0000] {dag.py:3490} INFO - Setting next_dagrun for 4-dependencies to 2023-05-01T00:00:00+00:00, run_after=2023-05-01T00:00:00+00:00
[2026-09-13T00:12:20.633+0000] {processor.py:178} INFO - Processing /opt/airflow/dags/4_dependencies.py took 0.258 seconds
[2026-09-13T00:12:50.898+0000] {processor.py:156} INFO - Started process (PID=159131) to work on /opt/airflow/dags/4_dependencies.py
[2026-09-13T00:12:50.902+0000] {processor.py:799} INFO - Processing file /opt/airflow/dags/4_dependencies.py for tasks to queue
[2026-09-13T00:12:50.904+0000] {logging_mixin.py:149} INFO - [2026-09-13T00:12:50.904+0000] {dagbag.py:541} INFO - Filling up the DagBag from /opt/airflow/dags/4_dependencies.py
[2026-09-13T00:12:50.935+0000] {processor.py:809} INFO - DAG(s) dict_keys(['4-dependencies']) retrieved from /opt/airflow/dags/4_dependencies.py
[2026-09-13T00:12:51.024+0000] {logging_mixin.py:149} INFO - [2026-09-13T00:12:51.023+0000] {dag.py:2726} INFO - Sync 1 DAGs
[2026-09-13T00:12:51.099+0000] {logging_mixin.py:149} INFO - [2026-09-13T00:12:51.099+0000] {dag.py:3490} INFO - Setting next_dagrun for 4-dependencies to 2023-05-01T00:00:00+00:00, run_after=2023-05-01T00:00:00+00:00
[2026-09-13T00:12:51.163+0000] {processor.py:178} INFO - Processing /opt/airflow/dags/4_dependencies.py took 0.275 seconds
[2026-09-13T00:13:21.262+0000] {processor.py:156} INFO - Started process (PID=159145) to work on /opt/airflow/dags/4_dependencies.py
[2026-09-13T00:13:21.264+0000] {processor.py:799} INFO - Processing file /opt/airflow/dags/4_dependencies.py for tasks to queue
[2026-09-13T00:13:21.266+0000] {logging_mixin.py:149} INFO - [2026-09-13T00:13:21.266+0000] {dagbag.py:541} INFO - Filling up the DagBag from /opt/airflow/dags/4_dependencies.py
[2026-09-13T00:13:21.293+0000] {processor.py:809} INFO - DAG(s) dict_keys(['4-dependencies']) retrieved from /opt/airflow/dags/4_dependencies.py
[2026-09-13T00:13:21.382+0000] {logging_mixin.py:149} INFO - [2026-09-13T00:13:21.382+0000] {dag.py:2726} INFO - Sync 1 DAGs
[2026-09-13T00:13:21.456+0000] {logging_mixin.py:149} INFO - [2026-09-13T00:13:21.455+0000] {dag.py:3490} INFO - Setting next_dagrun for 4-dependencies to 2023-05-01T00:00:00+00:00, run_after=2023-05-01T00:00:00+00:00
[2026-09-13T00:13:21.522+0000] {processor.py:178} INFO - Processing /opt/airflow/dags/4_dependencies.py took 0.272 seconds
[2026-09-13T00:13:51.815+0000] {processor.py:156} INFO - Started process (PID=159159) to work on /opt/airflow/dags/4_dependencies.py
[2026-09-13T00:13:51.818+0000] {processor.py:799} INFO - Processing file /opt/airflow/dags/4_dependencies.py for tasks to queue
[2026-09-13T00:13:51.820+0000] {logging_mixin.py:149} INFO - [2026-09-13T00:13:51.820+0000] {dagbag.py:541} INFO - Filling up the DagBag from /opt/airflow/dags/4_dependencies.py
[2026-09-13T00:13:51.846+0000] {processor.py:809} INFO - DAG(s) dict_keys(['4-dependencies']) retrieved from /opt/airflow/dags/4_dependencies.py
[2026-09-13T00:13:51.946+0000] {logging_mixin.py:149} INFO - [2026-09-13T00:13:51.945+0000] {dag.py:2726} INFO - Sync 1 DAGs
[2026-09-13T00:13:52.012+0000] {logging_mixin.py:149} INFO - [2026-09-13T00:13:52.011+0000] {dag.py:3490} INFO - Setting next_dagrun for 4-dependencies to 2023-05-01T00:00:00+00:00, run_after=2023-05-01T00:00:00+00:00
[2026-09-13T00:13:52.072+0000] {processor.py:178} INFO - Processing /opt/airflow/dags/4_dependencies.py took 0.268 seconds
[2026-09-13T00:14:22.320+0000] {processor.py:156} INFO - Started process (PID=159173) to work on /opt/airflow/dags/4_dependencies.py
[2026-09-13T00:14:22.322+0000] {processor.py:799} INFO - Processing file /opt/airflow/dags/4_dependencies.py for tasks to queue
[2026-09-13T00:14:22.324+0000] {logging_mixin.py:149} INFO - [2026-09-13T00:14:22.324+0000] {dagbag.py:541} INFO - Filling up the DagBag from /opt/airflow/dags/4_dependencies.py
[2026-09-13T00:14:22.355+0000] {processor.py:809} INFO - DAG(s) dict_keys(['4-dependencies']) retrieved from /opt/airflow/dags/4_dependencies.py
[2026-09-13T00:14:22.450+0000] {logging_mixin.py:149} INFO - [2026-09-13T00:14:22.449+0000] {dag.py:2726} INFO - Sync 1 DAGs
[2026-09-13T00:14:22.515+0000] {logging_mixin.py:149} INFO - [2026-09-13T00:14:22.514+0000] {dag.py:3490} INFO - Setting next_dagrun for 4-dependencies to 2023-05-01T00:00:00+00:00, run_after=2023-05-01T00:00:00+00:00
[2026-09-13T00:14:22.559+0000] {processor.py:178} INFO - Processing /opt/airflow/dags/4_dependencies.py took 0.252 seconds
[2026-09-13T00:14:52.732+0000] {processor.py:156} INFO - Started process (PID=159188) to work on /opt/airflow/dags/4_dependencies.py
[2026-09-13T00:14:52.735+0000] {processor.py:799} INFO - Processing file /opt/airflow/dags/4_dependencies.py for tasks to queue
[2026-09-13T00:14:52.737+0000] {logging_mixin.py:149} INFO - [2026-09-13T00:14:52.737+0000] {dagbag.py:541} INFO - Filling up the DagBag from /opt/airflow/dags/4_dependencies.py
[2026-09-13T00:14:52.766+0000] {processor.py:809} INFO - DAG(s) dict_keys(['4-dependencies']) retrieved from /opt/airflow/dags/4_dependencies.py
[2026-09-13T00:14:52.854+0000] {logging_mixin.py:149} INFO - [2026-09-13T00:14:52.853+0000] {dag.py:2726} INFO - Sync 1 DAGs
[2026-09-13T00:14:52.914+0000] {logging_mixin.py:149} INFO - [2026-09-13T00:14:52.914+0000] {dag.py:3490} INFO - Setting next_dagrun for 4-dependencies to 2023-05-01T00:00:00+00:00, run_after=2023-05-01T00:00:00+00:00
[2026-09-13T00:14:52.975+0000] {processor.py:178} INFO - Processing /opt/airflow/dags/4_dependencies.py took 0.261 seconds
[2026-09-13T00:15:23.081+0000] {processor.py:156} INFO - Started process (PID=159202) to work on /opt/airflow/dags/4_dependencies.py
[2026-09-13T00:15:23.084+0000] {processor.py:799} INFO - Processing file /opt/airflow/dags/4_dependencies.py for tasks to queue
[2026-09-13T00:15:23.085+0000] {logging_mixin.py:149} INFO - [2026-09-13T00:15:23.085+0000] {dagbag.py:541} INFO - Filling up the DagBag from /opt/airflow/dags/4_dependencies.py
[2026-09-13T00:15:23.111+0000] {processor.py:809} INFO - DAG(s) dict_keys(['4-dependencies']) retrieved from /opt/airflow/dags/4_dependencies.py
[2026-09-13T00:15:23.194+0000] {logging_mixin.py:149} INFO - [2026-09-13T00:15:23.193+0000] {dag.py:2726} INFO - Sync 1 DAGs
[2026-09-13T00:15:23.258+0000] {logging_mixin.py:149} INFO - [2026-09-13T00:15:23.258+0000] {dag.py:3490} INFO - Setting next_dagrun for 4-dependencies to 2023-05-01T00:00:00+00:00, run_after=2023-05-01T00:00:00+00:00
[2026-09-13T00:15:23.325+0000] {processor.py:178} INFO - Processing /opt/airflow/dags/4_dependencies.py took 0.254 seconds
[2026-09-13T00:15:53.454+0000] {processor.py:156} INFO - Started process (PID=159216) to work on /opt/airflow/dags/4_dependencies.py
[2026-09-13T00:15:53.463+0000] {processor.py:799} INFO - Processing file /opt/airflow/dags/4_dependencies.py for tasks to queue
[2026-09-13T00:15:53.466+0000] {logging_mixin.py:149} INFO - [2026-09-13T00:15:53.465+0000] {dagbag.py:541} INFO - Filling up the DagBag from /opt/airflow/dags/4_dependencies.py
[2026-09-13T00:15:53.498+0000] {processor.py:809} INFO - DAG(s) dict_keys(['4-dependencies']) retrieved from /opt/airflow/dags/4_dependencies.py
[2026-09-13T00:15:53.583+0000] {logging_mixin.py:149} INFO - [2026-09-13T00:15:53.583+0000] {dag.py:2726} INFO - Sync 1 DAGs
[2026-09-13T00:15:53.658+0000] {logging_mixin.py:149} INFO - [2026-09-13T00:15:53.658+0000] {dag.py:3490} INFO - Setting next_dagrun for 4-dependencies to 2023-05-01T00:00:00+00:00, run_after=2023-05-01T00:00:00+00:00
[2026-09-13T00:15:53.723+0000] {processor.py:178} INFO - Processing /opt/airflow/dags/4_dependencies.py took 0.281 seconds
[2026-09-13T00:16:23.853+0000] {processor.py:156} INFO - Started process (PID=159229) to work on /opt/airflow/dags/4_dependencies.py
[2026-09-13T00:16:23.855+0000] {processor.py:799} INFO - Processing file /opt/airflow/dags/4_dependencies.py for tasks to queue
[2026-09-13T00:16:23.856+0000] {logging_mixin.py:149} INFO - [2026-09-13T00:16:23.856+0000] {dagbag.py:541} INFO - Filling up the DagBag from /opt/airflow/dags/4_dependencies.py
[2026-09-13T00:16:23.881+0000] {processor.py:809} INFO - DAG(s) dict_keys(['4-dependencies']) retrieved from /opt/airflow/dags/4_dependencies.py
[2026-09-13T00:16:23.976+0000] {logging_mixin.py:149} INFO - [2026-09-13T00:16:23.975+0000] {dag.py:2726} INFO - Sync 1 DAGs
[2026-09-13T00:16:24.063+0000] {logging_mixin.py:149} INFO - [2026-09-13T00:16:24.062+0000] {dag.py:3490} INFO - Setting next_dagrun for 4-dependencies to 2023-05-01T00:00:00+00:00, run_after=2023-05-01T00:00:00+00:00
[2026-09-13T00:16:24.132+0000] {processor.py:178} INFO - Processing /opt/airflow/dags/4_dependencies.py took 0.289 seconds
[2026-09-13T00:16:54.258+0000] {processor.py:156} INFO - Started process (PID=159242) to work on /opt/airflow/dags/4_dependencies.py
[2026-09-13T00:16:54.266+0000] {processor.py:799} INFO - Processing file /opt/airflow/dags/4_dependencies.py for tasks to queue
[2026-09-13T00:16:54.268+0000] {logging_mixin.py:149} INFO - [2026-09-13T00:16:54.268+0000] {dagbag.py:541} INFO - Filling up the DagBag from /opt/airflow/dags/4_dependencies.py
[2026-09-13T00:16:54.300+0000] {processor.py:809} INFO - DAG(s) dict_keys(['4-dependencies']) retrieved from /opt/airflow/dags/4_dependencies.py
[2026-09-13T00:16:54.363+0000] {logging_mixin.py:149} INFO - [2026-09-13T00:16:54.363+0000] {dag.py:2726} INFO - Sync 1 DAGs
[2026-09-13T00:16:54.410+0000] {logging_mixin.py:149} INFO - [2026-09-13T00:16:54.409+0000] {dag.py:3490} INFO - Setting next_dagrun for 4-dependencies to 2023-05-01T00:00:00+00:00, run_after=2023-05-01T00:00:00+00:00
[2026-09-13T00:16:54.435+0000] {processor.py:178} INFO - Processing /opt/airflow/dags/4_dependencies.py took 0.189 seconds
[2026-09-13T00:17:24.698+0000] {processor.py:156} INFO - Started process (PID=159256) to work on /opt/airflow/dags/4_dependencies.py
[2026-09-13T00:17:24.700+0000] {processor.py:799} INFO - Processing file /opt/airflow/dags/4_dependencies.py for tasks to queue
[2026-09-13T00:17:24.702+0000] {logging_mixin.py:149} INFO - [2026-09-13T00:17:24.701+0000] {dagbag.py:541} INFO - Filling up the DagBag from /opt/airflow/dags/4_dependencies.py
[2026-09-13T00:17:24.736+0000] {processor.py:809} INFO - DAG(s) dict_keys(['4-dependencies']) retrieved from /opt/airflow/dags/4_dependencies.py
[2026-09-13T00:17:24.829+0000] {logging_mixin.py:149} INFO - [2026-09-13T00:17:24.829+0000] {dag.py:2726} INFO - Sync 1 DAGs
[2026-09-13T00:17:24.896+0000] {logging_mixin.py:149} INFO - [2026-09-13T00:17:24.896+0000] {dag.py:3490} INFO - Setting next_dagrun for 4-dependencies to 2023-05-01T00:00:00+00:00, run_after=2023-05-01T00:00:00+00:00
[2026-09-13T00:17:24.945+0000] {processor.py:178} INFO - Processing /opt/airflow/dags/4_dependencies.py took 0.258 seconds
[2026-09-13T00:17:55.117+0000] {processor.py:156} INFO - Started process (PID=159270) to work on /opt/airflow/dags/4_dependencies.py
[2026-09-13T00:17:55.129+0000] {processor.py:799} INFO - Processing file /opt/airflow/dags/4_dependencies.py for tasks to queue
[2026-09-13T00:17:55.131+0000] {logging_mixin.py:149} INFO - [2026-09-13T00:17:55.131+0000] {dagbag.py:541} INFO - Filling up the DagBag from /opt/airflow/dags/4_dependencies.py
[2026-09-13T00:17:55.161+0000] {processor.py:809} INFO - DAG(s) dict_keys(['4-dependencies']) retrieved from /opt/airflow/dags/4_dependencies.py
[2026-09-13T00:17:55.258+0000] {logging_mixin.py:149} INFO - [2026-09-13T00:17:55.258+0000] {dag.py:2726} INFO - Sync 1 DAGs
[2026-09-13T00:17:55.329+0000] {logging_mixin.py:149} INFO - [2026-09-13T00:17:55.328+0000] {dag.py:3490} INFO - Setting next_dagrun for 4-dependencies to 2023-05-01T00:00:00+00:00, run_after=2023-05-01T00:00:00+00:00
[2026-09-13T00:17:55.395+0000] {processor.py:178} INFO - Processing /opt/airflow/dags/4_dependencies.py took 0.291 seconds
[2026-09-13T00:18:25.527+0000] {processor.py:156} INFO - Started process (PID=159284) to work on /opt/airflow/dags/4_dependencies.py
[2026-09-13T00:18:25.529+0000] {processor.py:799} INFO - Processing file /opt/airflow/dags/4_dependencies.py for tasks to queue
[2026-09-13T00:18:25.531+0000] {logging_mixin.py:149} INFO - [2026-09-13T00:18:25.531+0000] {dagbag.py:541} INFO - Filling up the DagBag from /opt/airflow/dags/4_dependencies.py
[2026-09-13T00:18:25.559+0000] {processor.py:809} INFO - DAG(s) dict_keys(['4-dependencies']) retrieved from /opt/airflow/dags/4_dependencies.py
[2026-09-13T00:18:25.657+0000] {logging_mixin.py:149} INFO - [2026-09-13T00:18:25.656+0000] {dag.py:2726} INFO - Sync 1 DAGs
[2026-09-13T00:18:25.722+0000] {logging_mixin.py:149} INFO - [2026-09-13T00:18:25.721+0000] {dag.py:3490} INFO - Setting next_dagrun for 4-dependencies to 2023-05-01T00:00:00+00:00, run_after=2023-05-01T00:00:00+00:00
[2026-09-13T00:18:25.988+0000] {processor.py:178} INFO - Processing /opt/airflow/dags/4_dependencies.py took 0.474 seconds
[2026-09-13T00:18:56.079+0000] {processor.py:156} INFO - Started process (PID=159298) to work on /opt/airflow/dags/4_dependencies.py
[2026-09-13T00:18:56.085+0000] {processor.py:799} INFO - Processing file /opt/airflow/dags/4_dependencies.py for tasks to queue
[2026-09-13T00:18:56.088+0000] {logging_mixin.py:149} INFO - [2026-09-13T00:18:56.087+0000] {dagbag.py:541} INFO - Filling up the DagBag from /opt/airflow/dags/4_dependencies.py
[2026-09-13T00:18:56.120+0000] {processor.py:809} INFO - DAG(s) dict_keys(['4-dependencies']) retrieved from /opt/airflow/dags/4_dependencies.py
[2026-09-13T00:18:56.202+0000] {logging_mixin.py:149} INFO - [2026-09-13T00:18:56.202+0000] {dag.py:2726} INFO - Sync 1 DAGs
[2026-09-13T00:18:56.249+0000] {logging_mixin.py:149} INFO - [2026-09-13T00:18:56.249+0000] {dag.py:3490} INFO - Setting next_dagrun for 4-dependencies to 2023-05-01T00:00:00+00:00, run_after=2023-05-01T00:00:00+00:00
[2026-09-13T00:18:56.277+0000] {processor.py:178} INFO - Processing /opt/airflow/dags/4_dependencies.py took 0.210 seconds
[2026-09-13T00:19:26.497+0000] {processor.py:156} INFO - Started process (PID=159312) to work on /opt/airflow/dags/4_dependencies.py
[2026-09-13T00:19:26.499+0000] {processor.py:799} INFO - Processing file /opt/airflow/dags/4_dependencies.py for tasks to queue
[2026-09-13T00:19:26.502+0000] {logging_mixin.py:149} INFO - [2026-09-13T00:19:26.501+0000] {dagbag.py:541} INFO - Filling up the DagBag from /opt/airflow/dags/4_dependencies.py
[2026-09-13T00:19:26.530+0000] {processor.py:809} INFO - DAG(s) dict_keys(['4-dependencies']) retrieved from /opt/airflow/dags/4_dependencies.py
[2026-09-13T00:19:26.613+0000] {logging_mixin.py:149} INFO - [2026-09-13T00:19:26.613+0000] {dag.py:2726} INFO - Sync 1 DAGs
[2026-09-13T00:19:26.658+0000] {logging_mixin.py:149} INFO - [2026-09-13T00:19:26.658+0000] {dag.py:3490} INFO - Setting next_dagrun for 4-dependencies to 2023-05-01T00:00:00+00:00, run_after=2023-05-01T00:00:00+00:00
[2026-09-13T00:19:26.686+0000] {processor.py:178} INFO - Processing /opt/airflow/dags/4_dependencies.py took 0.200 seconds
[2026-09-13T00:19:56.858+0000] {processor.py:156} INFO - Started process (PID=159326) to work on /opt/airflow/dags/4_dependencies.py
[2026-09-13T00:19:56.861+0000] {processor.py:799} INFO - Processing file /opt/airflow/dags/4_dependencies.py for tasks to queue
[2026-09-13T00:19:56.863+0000] {logging_mixin.py:149} INFO - [2026-09-13T00:19:56.863+0000] {dagbag.py:541} INFO - Filling up the DagBag from /opt/airflow/dags/4_dependencies.py
[2026-09-13T00:19:56.889+0000] {processor.py:809} INFO - DAG(s) dict_keys(['4-dependencies']) retrieved from /opt/airflow/dags/4_dependencies.py
[2026-09-13T00:19:57.006+0000] {logging_mixin.py:149} INFO - [2026-09-13T00:19:57.005+0000] {dag.py:2726} INFO - Sync 1 DAGs
[2026-09-13T00:19:57.069+0000] {logging_mixin.py:149} INFO - [2026-09-13T00:19:57.068+0000] {dag.py:3490} INFO - Setting next_dagrun for 4-dependencies to 2023-05-01T00:00:00+00:00, run_after=2023-05-01T00:00:00+00:00
[2026-09-13T00:19:57.102+0000] {processor.py:178} INFO - Processing /opt/airflow/dags/4_dependencies.py took 0.255 seconds
[2026-09-13T00:20:28.028+0000] {processor.py:156} INFO - Started process (PID=159340) to work on /opt/airflow/dags/4_dependencies.py
[2026-09-13T00:20:28.034+0000] {processor.py:799} INFO - Processing file /opt/airflow/dags/4_dependencies.py for tasks to queue
[2026-09-13T00:20:28.037+0000] {logging_mixin.py:149} INFO - [2026-09-13T00:20:28.036+0000] {dagbag.py:541} INFO - Filling up the DagBag from /opt/airflow/dags/4_dependencies.py
[2026-09-13T00:20:28.064+0000] {processor.py:809} INFO - DAG(s) dict_keys(['4-dependencies']) retrieved from /opt/airflow/dags/4_dependencies.py
[2026-09-13T00:20:28.150+0000] {logging_mixin.py:149} INFO - [2026-09-13T00:20:28.149+0000] {dag.py:2726} INFO - Sync 1 DAGs
[2026-09-13T00:20:28.226+0000] {logging_mixin.py:149} INFO - [2026-09-13T00:20:28.226+0000] {dag.py:3490} INFO - Setting next_dagrun for 4-dependencies to 2023-05-01T00:00:00+00:00, run_after=2023-05-01T00:00:00+00:00
[2026-09-13T00:20:28.280+0000] {processor.py:178} INFO - Processing /opt/airflow/dags/4_dependencies.py took 0.263 seconds
[2026-09-13T00:20:58.417+0000] {processor.py:156} INFO - Started process (PID=159354) to work on /opt/airflow/dags/4_dependencies.py
[2026-09-13T00:20:58.419+0000] {processor.py:799} INFO - Processing file /opt/airflow/dags/4_dependencies.py for tasks to queue
[2026-09-13T00:20:58.421+0000] {logging_mixin.py:149} INFO - [2026-09-13T00:20:58.421+0000] {dagbag.py:541} INFO - Filling up the DagBag from /opt/airflow/dags/4_dependencies.py
[2026-09-13T00:20:58.459+0000] {processor.py:809} INFO - DAG(s) dict_keys(['4-dependencies']) retrieved from /opt/airflow/dags/4_dependencies.py
[2026-09-13T00:20:58.553+0000] {logging_mixin.py:149} INFO - [2026-09-13T00:20:58.552+0000] {dag.py:2726} INFO - Sync 1 DAGs
[2026-09-13T00:20:58.614+0000] {logging_mixin.py:149} INFO - [2026-09-13T00:20:58.613+0000] {dag.py:3490} INFO - Setting next_dagrun for 4-dependencies to 2023-05-01T00:00:00+00:00, run_after=2023-05-01T00:00:00+00:00
[2026-09-13T00:20:58.654+0000] {processor.py:178} INFO - Processing /opt/airflow/dags/4_dependencies.py took 0.248 seconds
[2026-09-13T00:21:28.911+0000] {processor.py:156} INFO - Started process (PID=159367) to work on /opt/airflow/dags/4_dependencies.py
[2026-09-13T00:21:28.918+0000] {processor.py:799} INFO - Processing file /opt/airflow/dags/4_dependencies.py for tasks to queue
[2026-09-13T00:21:28.920+0000] {logging_mixin.py:149} INFO - [2026-09-13T00:21:28.920+0000] {dagbag.py:541} INFO - Filling up the DagBag from /opt/airflow/dags/4_dependencies.py
[2026-09-13T00:21:28.950+0000] {processor.py:809} INFO - DAG(s) dict_keys(['4-dependencies']) retrieved from /opt/airflow/dags/4_dependencies.py
[2026-09-13T00:21:29.039+0000] {logging_mixin.py:149} INFO - [2026-09-13T00:21:29.039+0000] {dag.py:2726} INFO - Sync 1 DAGs
[2026-09-13T00:21:29.112+0000] {logging_mixin.py:149} INFO - [2026-09-13T00:21:29.112+0000] {dag.py:3490} INFO - Setting next_dagrun for 4-dependencies to 2023-05-01T00:00:00+00:00, run_after=2023-05-01T00:00:00+00:00
[2026-09-13T00:21:29.177+0000] {processor.py:178} INFO - Processing /opt/airflow/dags/4_dependencies.py took 0.276 seconds
[2026-09-13T00:21:59.490+0000] {processor.py:156} INFO - Started process (PID=159382) to work on /opt/airflow/dags/4_dependencies.py
[2026-09-13T00:21:59.493+0000] {processor.py:799} INFO - Processing file /opt/airflow/dags/4_dependencies.py for tasks to queue
[2026-09-13T00:21:59.495+0000] {logging_mixin.py:149} INFO - [2026-09-13T00:21:59.495+0000] {dagbag.py:541} INFO - Filling up the DagBag from /opt/airflow/dags/4_dependencies.py
[2026-09-13T00:21:59.525+0000] {processor.py:809} INFO - DAG(s) dict_keys(['4-dependencies']) retrieved from /opt/airflow/dags/4_dependencies.py
[2026-09-13T00:21:59.612+0000] {logging_mixin.py:149} INFO - [2026-09-13T00:21:59.612+0000] {dag.py:2726} INFO - Sync 1 DAGs
[2026-09-13T00:21:59.664+0000] {logging_mixin.py:149} INFO - [2026-09-13T00:21:59.663+0000] {dag.py:3490} INFO - Setting next_dagrun for 4-dependencies to 2023-05-01T00:00:00+00:00, run_after=2023-05-01T00:00:00+00:00
[2026-09-13T00:21:59.699+0000] {processor.py:178} INFO - Processing /opt/airflow/dags/4_dependencies.py took 0.221 seconds
[2026-09-13T00:22:29.884+0000] {processor.py:156} INFO - Started process (PID=159396) to work on /opt/airflow/dags/4_dependencies.py
[2026-09-13T00:22:29.887+0000] {processor.py:799} INFO - Processing file /opt/airflow/dags/4_dependencies.py for tasks to queue
[2026-09-13T00:22:29.889+0000] {logging_mixin.py:149} INFO - [2026-09-13T00:22:29.888+0000] {dagbag.py:541} INFO - Filling up the DagBag from /opt/airflow/dags/4_dependencies.py
[2026-09-13T00:22:29.936+0000] {processor.py:809} INFO - DAG(s) dict_keys(['4-dependencies']) retrieved from /opt/airflow/dags/4_dependencies.py
[2026-09-13T00:22:30.003+0000] {logging_mixin.py:149} INFO - [2026-09-13T00:22:30.003+0000] {dag.py:2726} INFO - Sync 1 DAGs
[2026-09-13T00:22:30.073+0000] {logging_mixin.py:149} INFO - [2026-09-13T00:22:30.073+0000] {dag.py:3490} INFO - Setting next_dagrun for 4-dependencies to 2023-05-01T00:00:00+00:00, run_after=2023-05-01T00:00:00+00:00
[2026-09-13T00:22:30.137+0000] {processor.py:178} INFO - Processing /opt/airflow/dags/4_dependencies.py took 0.264 seconds
[2026-09-13T00:23:00.412+0000] {processor.py:156} INFO - Started process (PID=159417) to work on /opt/airflow/dags/4_dependencies.py
[2026-09-13T00:23:00.413+0000] {processor.py:799} INFO - Processing file /opt/airflow/dags/4_dependencies.py for tasks to queue
[2026-09-13T00:23:00.415+0000] {logging_mixin.py:149} INFO - [2026-09-13T00:23:00.414+0000] {dagbag.py:541} INFO - Filling up the DagBag from /opt/airflow/dags/4_dependencies.py
[2026-09-13T00:23:00.438+0000] {processor.py:809} INFO - DAG(s) dict_keys(['4-dependencies']) retrieved from /opt/airflow/dags/4_dependencies.py
[2026-09-13T00:23:00.533+0000] {logging_mixin.py:149} INFO - [2026-09-13T00:23:00.533+0000] {dag.py:2726} INFO - Sync 1 DAGs
[2026-09-13T00:23:00.621+0000] {logging_mixin.py:149} INFO - [2026-09-13T00:23:00.621+0000] {dag.py:3490} INFO - Setting next_dagrun for 4-dependencies to 2023-05-01T00:00:00+00:00, run_after=2023-05-01T00:00:00+00:00
[2026-09-13T00:23:00.667+0000] {processor.py:178} INFO - Processing /opt/airflow/dags/4_dependencies.py took 0.263 seconds
[2026-09-13T00:23:30.942+0000] {processor.py:156} INFO - Started process (PID=159431) to work on /opt/airflow/dags/4_dependencies.py
[2026-09-13T00:23:30.946+0000] {processor.py:799} INFO - Processing file /opt/airflow/dags/4_dependencies.py for tasks to queue
[2026-09-13T00:23:30.949+0000] {logging_mixin.py:149} INFO - [2026-09-13T00:23:30.948+0000] {dagbag.py:541} INFO - Filling up the DagBag from /opt/airflow/dags/4_dependencies.py
[2026-09-13T00:23:30.986+0000] {processor.py:809} INFO - DAG(s) dict_keys(['4-dependencies']) retrieved from /opt/airflow/dags/4_dependencies.py
[2026-09-13T00:23:31.081+0000] {logging_mixin.py:149} INFO - [2026-09-13T00:23:31.081+0000] {dag.py:2726} INFO - Sync 1 DAGs
[2026-09-13T00:23:31.146+0000] {logging_mixin.py:149} INFO - [2026-09-13T00:23:31.146+0000] {dag.py:3490} INFO - Setting next_dagrun for 4-dependencies to 2023-05-01T00:00:00+00:00, run_after=2023-05-01T00:00:00+00:00
[2026-09-13T00:23:31.213+0000] {processor.py:178} INFO - Processing /opt/airflow/dags/4_dependencies.py took 0.282 seconds
[2026-09-13T00:24:01.863+0000] {processor.py:156} INFO - Started process (PID=159445) to work on /opt/airflow/dags/4_dependencies.py
[2026-09-13T00:24:01.865+0000] {processor.py:799} INFO - Processing file /opt/airflow/dags/4_dependencies.py for tasks to queue
[2026-09-13T00:24:01.867+0000] {logging_mixin.py:149} INFO - [2026-09-13T00:24:01.867+0000] {dagbag.py:541} INFO - Filling up the DagBag from /opt/airflow/dags/4_dependencies.py
[2026-09-13T00:24:01.898+0000] {processor.py:809} INFO - DAG(s) dict_keys(['4-dependencies']) retrieved from /opt/airflow/dags/4_dependencies.py
[2026-09-13T00:24:01.988+0000] {logging_mixin.py:149} INFO - [2026-09-13T00:24:01.988+0000] {dag.py:2726} INFO - Sync 1 DAGs
[2026-09-13T00:24:02.039+0000] {logging_mixin.py:149} INFO - [2026-09-13T00:24:02.039+0000] {dag.py:3490} INFO - Setting next_dagrun for 4-dependencies to 2023-05-01T00:00:00+00:00, run_after=2023-05-01T00:00:00+00:00
[2026-09-13T00:24:02.072+0000] {processor.py:178} INFO - Processing /opt/airflow/dags/4_dependencies.py took 0.221 seconds
[2026-09-13T00:24:32.329+0000] {processor.py:156} INFO - Started process (PID=159459) to work on /opt/airflow/dags/4_dependencies.py
[2026-09-13T00:24:32.335+0000] {processor.py:799} INFO - Processing file /opt/airflow/dags/4_dependencies.py for tasks to queue
[2026-09-13T00:24:32.337+0000] {logging_mixin.py:149} INFO - [2026-09-13T00:24:32.337+0000] {dagbag.py:541} INFO - Filling up the DagBag from /opt/airflow/dags/4_dependencies.py
[2026-09-13T00:24:32.369+0000] {processor.py:809} INFO - DAG(s) dict_keys(['4-dependencies']) retrieved from /opt/airflow/dags/4_dependencies.py
[2026-09-13T00:24:32.471+0000] {logging_mixin.py:149} INFO - [2026-09-13T00:24:32.471+0000] {dag.py:2726} INFO - Sync 1 DAGs
[2026-09-13T00:24:32.564+0000] {logging_mixin.py:149} INFO - [2026-09-13T00:24:32.564+0000] {dag.py:3490} INFO - Setting next_dagrun for 4-dependencies to 2023-05-01T00:00:00+00:00, run_after=2023-05-01T00:00:00+00:00
[2026-09-13T00:24:32.619+0000] {processor.py:178} INFO - Processing /opt/airflow/dags/4_dependencies.py took 0.302 seconds
[2026-09-13T00:25:02.856+0000] {processor.py:156} INFO - Started process (PID=159473) to work on /opt/airflow/dags/4_dependencies.py
[2026-09-13T00:25:02.860+0000] {processor.py:799} INFO - Processing file /opt/airflow/dags/4_dependencies.py for tasks to queue
[2026-09-13T00:25:02.861+0000] {logging_mixin.py:149} INFO - [2026-09-13T00:25:02.861+0000] {dagbag.py:541} INFO - Filling up the DagBag from /opt/airflow/dags/4_dependencies.py
[2026-09-13T00:25:02.891+0000] {processor.py:809} INFO - DAG(s) dict_keys(['4-dependencies']) retrieved from /opt/airflow/dags/4_dependencies.py
[2026-09-13T00:25:02.983+0000] {logging_mixin.py:149} INFO - [2026-09-13T00:25:02.983+0000] {dag.py:2726} INFO - Sync 1 DAGs
[2026-09-13T00:25:03.054+0000] {logging_mixin.py:149} INFO - [2026-09-13T00:25:03.053+0000] {dag.py:3490} INFO - Setting next_dagrun for 4-dependencies to 2023-05-01T00:00:00+00:00, run_after=2023-05-01T00:00:00+00:00
[2026-09-13T00:25:03.117+0000] {processor.py:178} INFO - Processing /opt/airflow/dags/4_dependencies.py took 0.271 seconds
[2026-09-13T00:25:33.277+0000] {processor.py:156} INFO - Started process (PID=159487) to work on /opt/airflow/dags/4_dependencies.py
[2026-09-13T00:25:33.282+0000] {processor.py:799} INFO - Processing file /opt/airflow/dags/4_dependencies.py for tasks to queue
[2026-09-13T00:25:33.284+0000] {logging_mixin.py:149} INFO - [2026-09-13T00:25:33.284+0000] {dagbag.py:541} INFO - Filling up the DagBag from /opt/airflow/dags/4_dependencies.py
[2026-09-13T00:25:33.314+0000] {processor.py:809} INFO - DAG(s) dict_keys(['4-dependencies']) retrieved from /opt/airflow/dags/4_dependencies.py
[2026-09-13T00:25:33.404+0000] {logging_mixin.py:149} INFO - [2026-09-13T00:25:33.404+0000] {dag.py:2726} INFO - Sync 1 DAGs
[2026-09-13T00:25:33.471+0000] {logging_mixin.py:149} INFO - [2026-09-13T00:25:33.471+0000] {dag.py:3490} INFO - Setting next_dagrun for 4-dependencies to 2023-05-01T00:00:00+00:00, run_after=2023-05-01T00:00:00+00:00
[2026-09-13T00:25:33.540+0000] {processor.py:178} INFO - Processing /opt/airflow/dags/4_dependencies.py took 0.274 seconds
[2026-09-13T00:26:03.690+0000] {processor.py:156} INFO - Started process (PID=159501) to work on /opt/airflow/dags/4_dependencies.py
[2026-09-13T00:26:03.694+0000] {processor.py:799} INFO - Processing file /opt/airflow/dags/4_dependencies.py for tasks to queue
[2026-09-13T00:26:03.696+0000] {logging_mixin.py:149} INFO - [2026-09-13T00:26:03.695+0000] {dagbag.py:541} INFO - Filling up the DagBag from /opt/airflow/dags/4_dependencies.py
[2026-09-13T00:26:03.726+0000] {processor.py:809} INFO - DAG(s) dict_keys(['4-dependencies']) retrieved from /opt/airflow/dags/4_dependencies.py
[2026-09-13T00:26:03.808+0000] {logging_mixin.py:149} INFO - [2026-09-13T00:26:03.807+0000] {dag.py:2726} INFO - Sync 1 DAGs
[2026-09-13T00:26:03.867+0000] {logging_mixin.py:149} INFO - [2026-09-13T00:26:03.866+0000] {dag.py:3490} INFO - Setting next_dagrun for 4-dependencies to 2023-05-01T00:00:00+00:00, run_after=2023-05-01T00:00:00+00:00
[2026-09-13T00:26:03.934+0000] {processor.py:178} INFO - Processing /opt/airflow/dags/4_dependencies.py took 0.255 seconds
[2026-09-13T00:26:34.218+0000] {processor.py:156} INFO - Started process (PID=159516) to work on /opt/airflow/dags/4_dependencies.py
[2026-09-13T00:26:34.223+0000] {processor.py:799} INFO - Processing file /opt/airflow/dags/4_dependencies.py for tasks to queue
[2026-09-13T00:26:34.225+0000] {logging_mixin.py:149} INFO - [2026-09-13T00:26:34.224+0000] {dagbag.py:541} INFO - Filling up the DagBag from /opt/airflow/dags/4_dependencies.py
[2026-09-13T00:26:34.254+0000] {processor.py:809} INFO - DAG(s) dict_keys(['4-dependencies']) retrieved from /opt/airflow/dags/4_dependencies.py
[2026-09-13T00:26:34.348+0000] {logging_mixin.py:149} INFO - [2026-09-13T00:26:34.347+0000] {dag.py:2726} INFO - Sync 1 DAGs
[2026-09-13T00:26:34.407+0000] {logging_mixin.py:149} INFO - [2026-09-13T00:26:34.406+0000] {dag.py:3490} INFO - Setting next_dagrun for 4-dependencies to 2023-05-01T00:00:00+00:00, run_after=2023-05-01T00:00:00+00:00
[2026-09-13T00:26:34.475+0000] {processor.py:178} INFO - Processing /opt/airflow/dags/4_dependencies.py took 0.265 seconds
[2026-09-13T00:27:04.691+0000] {processor.py:156} INFO - Started process (PID=159530) to work on /opt/airflow/dags/4_dependencies.py
[2026-09-13T00:27:04.695+0000] {processor.py:799} INFO - Processing file /opt/airflow/dags/4_dependencies.py for tasks to queue
[2026-09-13T00:27:04.697+0000] {logging_mixin.py:149} INFO - [2026-09-13T00:27:04.697+0000] {dagbag.py:541} INFO - Filling up the DagBag from /opt/airflow/dags/4_dependencies.py
[2026-09-13T00:27:04.725+0000] {processor.py:809} INFO - DAG(s) dict_keys(['4-dependencies']) retrieved from /opt/airflow/dags/4_dependencies.py
[2026-09-13T00:27:04.823+0000] {logging_mixin.py:149} INFO - [2026-09-13T00:27:04.823+0000] {dag.py:2726} INFO - Sync 1 DAGs
[2026-09-13T00:27:04.893+0000] {logging_mixin.py:149} INFO - [2026-09-13T00:27:04.892+0000] {dag.py:3490} INFO - Setting next_dagrun for 4-dependencies to 2023-05-01T00:00:00+00:00, run_after=2023-05-01T00:00:00+00:00
[2026-09-13T00:27:04.957+0000] {processor.py:178} INFO - Processing /opt/airflow/dags/4_dependencies.py took 0.276 seconds
[2026-09-13T00:27:35.182+0000] {processor.py:156} INFO - Started process (PID=159544) to work on /opt/airflow/dags/4_dependencies.py
[2026-09-13T00:27:35.188+0000] {processor.py:799} INFO - Processing file /opt/airflow/dags/4_dependencies.py for tasks to queue
[2026-09-13T00:27:35.191+0000] {logging_mixin.py:149} INFO - [2026-09-13T00:27:35.190+0000] {dagbag.py:541} INFO - Filling up the DagBag from /opt/airflow/dags/4_dependencies.py
[2026-09-13T00:27:35.221+0000] {processor.py:809} INFO - DAG(s) dict_keys(['4-dependencies']) retrieved from /opt/airflow/dags/4_dependencies.py
[2026-09-13T00:27:35.315+0000] {logging_mixin.py:149} INFO - [2026-09-13T00:27:35.314+0000] {dag.py:2726} INFO - Sync 1 DAGs
[2026-09-13T00:27:35.382+0000] {logging_mixin.py:149} INFO - [2026-09-13T00:27:35.381+0000] {dag.py:3490} INFO - Setting next_dagrun for 4-dependencies to 2023-05-01T00:00:00+00:00, run_after=2023-05-01T00:00:00+00:00
[2026-09-13T00:27:35.459+0000] {processor.py:178} INFO - Processing /opt/airflow/dags/4_dependencies.py took 0.288 seconds
[2026-09-13T00:28:05.501+0000] {processor.py:156} INFO - Started process (PID=159558) to work on /opt/airflow/dags/4_dependencies.py
[2026-09-13T00:28:05.507+0000] {processor.py:799} INFO - Processing file /opt/airflow/dags/4_dependencies.py for tasks to queue
[2026-09-13T00:28:05.509+0000] {logging_mixin.py:149} INFO - [2026-09-13T00:28:05.508+0000] {dagbag.py:541} INFO - Filling up the DagBag from /opt/airflow/dags/4_dependencies.py
[2026-09-13T00:28:05.529+0000] {processor.py:809} INFO - DAG(s) dict_keys(['4-dependencies']) retrieved from /opt/airflow/dags/4_dependencies.py
[2026-09-13T00:28:05.625+0000] {logging_mixin.py:149} INFO - [2026-09-13T00:28:05.625+0000] {dag.py:2726} INFO - Sync 1 DAGs
[2026-09-13T00:28:05.670+0000] {logging_mixin.py:149} INFO - [2026-09-13T00:28:05.670+0000] {dag.py:3490} INFO - Setting next_dagrun for 4-dependencies to 2023-05-01T00:00:00+00:00, run_after=2023-05-01T00:00:00+00:00
[2026-09-13T00:28:05.700+0000] {processor.py:178} INFO - Processing /opt/airflow/dags/4_dependencies.py took 0.212 seconds
[2026-09-13T00:28:36.078+0000] {processor.py:156} INFO - Started process (PID=159572) to work on /opt/airflow/dags/4_dependencies.py
[2026-09-13T00:28:36.082+0000] {processor.py:799} INFO - Processing file /opt/airflow/dags/4_dependencies.py for tasks to queue
[2026-09-13T00:28:36.083+0000] {logging_mixin.py:149} INFO - [2026-09-13T00:28:36.083+0000] {dagbag.py:541} INFO - Filling up the DagBag from /opt/airflow/dags/4_dependencies.py
[2026-09-13T00:28:36.096+0000] {processor.py:809} INFO - DAG(s) dict_keys(['4-dependencies']) retrieved from /opt/airflow/dags/4_dependencies.py
[2026-09-13T00:28:36.137+0000] {logging_mixin.py:149} INFO - [2026-09-13T00:28:36.137+0000] {dag.py:2726} INFO - Sync 1 DAGs
[2026-09-13T00:28:36.172+0000] {logging_mixin.py:149} INFO - [2026-09-13T00:28:36.172+0000] {dag.py:3490} INFO - Setting next_dagrun for 4-dependencies to 2023-05-01T00:00:00+00:00, run_after=2023-05-01T00:00:00+00:00
[2026-09-13T00:28:36.197+0000] {processor.py:178} INFO - Processing /opt/airflow/dags/4_dependencies.py took 0.124 seconds
[2026-09-13T00:29:06.467+0000] {processor.py:156} INFO - Started process (PID=159586) to work on /opt/airflow/dags/4_dependencies.py
[2026-09-13T00:29:06.471+0000] {processor.py:799} INFO - Processing file /opt/airflow/dags/4_dependencies.py for tasks to queue
[2026-09-13T00:29:06.473+0000] {logging_mixin.py:149} INFO - [2026-09-13T00:29:06.473+0000] {dagbag.py:541} INFO - Filling up the DagBag from /opt/airflow/dags/4_dependencies.py
[2026-09-13T00:29:06.503+0000] {processor.py:809} INFO - DAG(s) dict_keys(['4-dependencies']) retrieved from /opt/airflow/dags/4_dependencies.py
[2026-09-13T00:29:06.594+0000] {logging_mixin.py:149} INFO - [2026-09-13T00:29:06.593+0000] {dag.py:2726} INFO - Sync 1 DAGs
[2026-09-13T00:29:06.684+0000] {logging_mixin.py:149} INFO - [2026-09-13T00:29:06.683+0000] {dag.py:3490} INFO - Setting next_dagrun for 4-dependencies to 2023-05-01T00:00:00+00:00, run_after=2023-05-01T00:00:00+00:00
[2026-09-13T00:29:06.740+0000] {processor.py:178} INFO - Processing /opt/airflow/dags/4_dependencies.py took 0.285 seconds
[2026-09-13T00:29:37.185+0000] {processor.py:156} INFO - Started process (PID=159600) to work on /opt/airflow/dags/4_dependencies.py
[2026-09-13T00:29:37.188+0000] {processor.py:799} INFO - Processing file /opt/airflow/dags/4_dependencies.py for tasks to queue
[2026-09-13T00:29:37.190+0000] {logging_mixin.py:149} INFO - [2026-09-13T00:29:37.190+0000] {dagbag.py:541} INFO - Filling up the DagBag from /opt/airflow/dags/4_dependencies.py
[2026-09-13T00:29:37.218+0000] {processor.py:809} INFO - DAG(s) dict_keys(['4-dependencies']) retrieved from /opt/airflow/dags/4_dependencies.py
[2026-09-13T00:29:37.339+0000] {logging_mixin.py:149} INFO - [2026-09-13T00:29:37.339+0000] {dag.py:2726} INFO - Sync 1 DAGs
[2026-09-13T00:29:37.417+0000] {logging_mixin.py:149} INFO - [2026-09-13T00:29:37.417+0000] {dag.py:3490} INFO - Setting next_dagrun for 4-dependencies to 2023-05-01T00:00:00+00:00, run_after=2023-05-01T00:00:00+00:00
[2026-09-13T00:29:37.643+0000] {processor.py:178} INFO - Processing /opt/airflow/dags/4_dependencies.py took 0.469 seconds
[2026-09-13T00:30:07.867+0000] {processor.py:156} INFO - Started process (PID=159614) to work on /opt/airflow/dags/4_dependencies.py
[2026-09-13T00:30:07.874+0000] {processor.py:799} INFO - Processing file /opt/airflow/dags/4_dependencies.py for tasks to queue
[2026-09-13T00:30:07.877+0000] {logging_mixin.py:149} INFO - [2026-09-13T00:30:07.877+0000] {dagbag.py:541} INFO - Filling up the DagBag from /opt/airflow/dags/4_dependencies.py
[2026-09-13T00:30:07.913+0000] {processor.py:809} INFO - DAG(s) dict_keys(['4-dependencies']) retrieved from /opt/airflow/dags/4_dependencies.py
[2026-09-13T00:30:07.999+0000] {logging_mixin.py:149} INFO - [2026-09-13T00:30:07.999+0000] {dag.py:2726} INFO - Sync 1 DAGs
[2026-09-13T00:30:08.060+0000] {logging_mixin.py:149} INFO - [2026-09-13T00:30:08.059+0000] {dag.py:3490} INFO - Setting next_dagrun for 4-dependencies to 2023-05-01T00:00:00+00:00, run_after=2023-05-01T00:00:00+00:00
[2026-09-13T00:30:08.124+0000] {processor.py:178} INFO - Processing /opt/airflow/dags/4_dependencies.py took 0.271 seconds
[2026-09-13T00:30:38.417+0000] {processor.py:156} INFO - Started process (PID=159629) to work on /opt/airflow/dags/4_dependencies.py
[2026-09-13T00:30:38.421+0000] {processor.py:799} INFO - Processing file /opt/airflow/dags/4_dependencies.py for tasks to queue
[2026-09-13T00:30:38.423+0000] {logging_mixin.py:149} INFO - [2026-09-13T00:30:38.423+0000] {dagbag.py:541} INFO - Filling up the DagBag from /opt/airflow/dags/4_dependencies.py
[2026-09-13T00:30:38.450+0000] {processor.py:809} INFO - DAG(s) dict_keys(['4-dependencies']) retrieved from /opt/airflow/dags/4_dependencies.py
[2026-09-13T00:30:38.530+0000] {logging_mixin.py:149} INFO - [2026-09-13T00:30:38.529+0000] {dag.py:2726} INFO - Sync 1 DAGs
[2026-09-13T00:30:38.590+0000] {logging_mixin.py:149} INFO - [2026-09-13T00:30:38.589+0000] {dag.py:3490} INFO - Setting next_dagrun for 4-dependencies to 2023-05-01T00:00:00+00:00, run_after=2023-05-01T00:00:00+00:00
[2026-09-13T00:30:38.641+0000] {processor.py:178} INFO - Processing /opt/airflow/dags/4_dependencies.py took 0.239 seconds
[2026-09-13T00:31:08.916+0000] {processor.py:156} INFO - Started process (PID=159643) to work on /opt/airflow/dags/4_dependencies.py
[2026-09-13T00:31:08.922+0000] {processor.py:799} INFO - Processing file /opt/airflow/dags/4_dependencies.py for tasks to queue
[2026-09-13T00:31:08.925+0000] {logging_mixin.py:149} INFO - [2026-09-13T00:31:08.924+0000] {dagbag.py:541} INFO - Filling up the DagBag from /opt/airflow/dags/4_dependencies.py
[2026-09-13T00:31:08.957+0000] {processor.py:809} INFO - DAG(s) dict_keys(['4-dependencies']) retrieved from /opt/airflow/dags/4_dependencies.py
[2026-09-13T00:31:09.038+0000] {logging_mixin.py:149} INFO - [2026-09-13T00:31:09.038+0000] {dag.py:2726} INFO - Sync 1 DAGs
[2026-09-13T00:31:09.109+0000] {logging_mixin.py:149} INFO - [2026-09-13T00:31:09.108+0000] {dag.py:3490} INFO - Setting next_dagrun for 4-dependencies to 2023-05-01T00:00:00+00:00, run_after=2023-05-01T00:00:00+00:00
[2026-09-13T00:31:09.170+0000] {processor.py:178} INFO - Processing /opt/airflow/dags/4_dependencies.py took 0.272 seconds
[2026-09-13T00:31:39.284+0000] {processor.py:156} INFO - Started process (PID=159657) to work on /opt/airflow/dags/4_dependencies.py
[2026-09-13T00:31:39.287+0000] {processor.py:799} INFO - Processing file /opt/airflow/dags/4_dependencies.py for tasks to queue
[2026-09-13T00:31:39.289+0000] {logging_mixin.py:149} INFO - [2026-09-13T00:31:39.288+0000] {dagbag.py:541} INFO - Filling up the DagBag from /opt/airflow/dags/4_dependencies.py
[2026-09-13T00:31:39.315+0000] {processor.py:809} INFO - DAG(s) dict_keys(['4-dependencies']) retrieved from /opt/airflow/dags/4_dependencies.py
[2026-09-13T00:31:39.408+0000] {logging_mixin.py:149} INFO - [2026-09-13T00:31:39.408+0000] {dag.py:2726} INFO - Sync 1 DAGs
[2026-09-13T00:31:39.477+0000] {logging_mixin.py:149} INFO - [2026-09-13T00:31:39.477+0000] {dag.py:3490} INFO - Setting next_dagrun for 4-dependencies to 2023-05-01T00:00:00+00:00, run_after=2023-05-01T00:00:00+00:00
[2026-09-13T00:31:39.532+0000] {processor.py:178} INFO - Processing /opt/airflow/dags/4_dependencies.py took 0.259 seconds
[2026-09-13T00:32:09.710+0000] {processor.py:156} INFO - Started process (PID=159670) to work on /opt/airflow/dags/4_dependencies.py
[2026-09-13T00:32:09.716+0000] {processor.py:799} INFO - Processing file /opt/airflow/dags/4_dependencies.py for tasks to queue
[2026-09-13T00:32:09.717+0000] {logging_mixin.py:149} INFO - [2026-09-13T00:32:09.717+0000] {dagbag.py:541} INFO - Filling up the DagBag from /opt/airflow/dags/4_dependencies.py
[2026-09-13T00:32:09.748+0000] {processor.py:809} INFO - DAG(s) dict_keys(['4-dependencies']) retrieved from /opt/airflow/dags/4_dependencies.py
[2026-09-13T00:32:09.823+0000] {logging_mixin.py:149} INFO - [2026-09-13T00:32:09.823+0000] {dag.py:2726} INFO - Sync 1 DAGs
[2026-09-13T00:32:09.874+0000] {logging_mixin.py:149} INFO - [2026-09-13T00:32:09.873+0000] {dag.py:3490} INFO - Setting next_dagrun for 4-dependencies to 2023-05-01T00:00:00+00:00, run_after=2023-05-01T00:00:00+00:00
[2026-09-13T00:32:10.187+0000] {processor.py:178} INFO - Processing /opt/airflow/dags/4_dependencies.py took 0.488 seconds
[2026-09-13T00:32:40.359+0000] {processor.py:156} INFO - Started process (PID=159684) to work on /opt/airflow/dags/4_dependencies.py
[2026-09-13T00:32:40.364+0000] {processor.py:799} INFO - Processing file /opt/airflow/dags/4_dependencies.py for tasks to queue
[2026-09-13T00:32:40.366+0000] {logging_mixin.py:149} INFO - [2026-09-13T00:32:40.365+0000] {dagbag.py:541} INFO - Filling up the DagBag from /opt/airflow/dags/4_dependencies.py
[2026-09-13T00:32:40.396+0000] {processor.py:809} INFO - DAG(s) dict_keys(['4-dependencies']) retrieved from /opt/airflow/dags/4_dependencies.py
[2026-09-13T00:32:40.489+0000] {logging_mixin.py:149} INFO - [2026-09-13T00:32:40.489+0000] {dag.py:2726} INFO - Sync 1 DAGs
[2026-09-13T00:32:40.558+0000] {logging_mixin.py:149} INFO - [2026-09-13T00:32:40.557+0000] {dag.py:3490} INFO - Setting next_dagrun for 4-dependencies to 2023-05-01T00:00:00+00:00, run_after=2023-05-01T00:00:00+00:00
[2026-09-13T00:32:40.622+0000] {processor.py:178} INFO - Processing /opt/airflow/dags/4_dependencies.py took 0.274 seconds
[2026-09-13T00:33:11.263+0000] {processor.py:156} INFO - Started process (PID=159698) to work on /opt/airflow/dags/4_dependencies.py
[2026-09-13T00:33:11.269+0000] {processor.py:799} INFO - Processing file /opt/airflow/dags/4_dependencies.py for tasks to queue
[2026-09-13T00:33:11.270+0000] {logging_mixin.py:149} INFO - [2026-09-13T00:33:11.270+0000] {dagbag.py:541} INFO - Filling up the DagBag from /opt/airflow/dags/4_dependencies.py
[2026-09-13T00:33:11.292+0000] {processor.py:809} INFO - DAG(s) dict_keys(['4-dependencies']) retrieved from /opt/airflow/dags/4_dependencies.py
[2026-09-13T00:33:11.345+0000] {logging_mixin.py:149} INFO - [2026-09-13T00:33:11.345+0000] {dag.py:2726} INFO - Sync 1 DAGs
[2026-09-13T00:33:11.401+0000] {logging_mixin.py:149} INFO - [2026-09-13T00:33:11.400+0000] {dag.py:3490} INFO - Setting next_dagrun for 4-dependencies to 2023-05-01T00:00:00+00:00, run_after=2023-05-01T00:00:00+00:00
[2026-09-13T00:33:11.449+0000] {processor.py:178} INFO - Processing /opt/airflow/dags/4_dependencies.py took 0.192 seconds
[2026-09-13T00:33:41.604+0000] {processor.py:156} INFO - Started process (PID=159712) to work on /opt/airflow/dags/4_dependencies.py
[2026-09-13T00:33:41.608+0000] {processor.py:799} INFO - Processing file /opt/airflow/dags/4_dependencies.py for tasks to queue
[2026-09-13T00:33:41.610+0000] {logging_mixin.py:149} INFO - [2026-09-13T00:33:41.610+0000] {dagbag.py:541} INFO - Filling up the DagBag from /opt/airflow/dags/4_dependencies.py
[2026-09-13T00:33:41.637+0000] {processor.py:809} INFO - DAG(s) dict_keys(['4-dependencies']) retrieved from /opt/airflow/dags/4_dependencies.py
[2026-09-13T00:33:41.722+0000] {logging_mixin.py:149} INFO - [2026-09-13T00:33:41.721+0000] {dag.py:2726} INFO - Sync 1 DAGs
[2026-09-13T00:33:41.797+0000] {logging_mixin.py:149} INFO - [2026-09-13T00:33:41.797+0000] {dag.py:3490} INFO - Setting next_dagrun for 4-dependencies to 2023-05-01T00:00:00+00:00, run_after=2023-05-01T00:00:00+00:00
[2026-09-13T00:33:41.859+0000] {processor.py:178} INFO - Processing /opt/airflow/dags/4_dependencies.py took 0.265 seconds
[2026-09-13T00:34:12.110+0000] {processor.py:156} INFO - Started process (PID=159727) to work on /opt/airflow/dags/4_dependencies.py
[2026-09-13T00:34:12.114+0000] {processor.py:799} INFO - Processing file /opt/airflow/dags/4_dependencies.py for tasks to queue
[2026-09-13T00:34:12.116+0000] {logging_mixin.py:149} INFO - [2026-09-13T00:34:12.116+0000] {dagbag.py:541} INFO - Filling up the DagBag from /opt/airflow/dags/4_dependencies.py
[2026-09-13T00:34:12.148+0000] {processor.py:809} INFO - DAG(s) dict_keys(['4-dependencies']) retrieved from /opt/airflow/dags/4_dependencies.py
[2026-09-13T00:34:12.238+0000] {logging_mixin.py:149} INFO - [2026-09-13T00:34:12.237+0000] {dag.py:2726} INFO - Sync 1 DAGs
[2026-09-13T00:34:12.317+0000] {logging_mixin.py:149} INFO - [2026-09-13T00:34:12.316+0000] {dag.py:3490} INFO - Setting next_dagrun for 4-dependencies to 2023-05-01T00:00:00+00:00, run_after=2023-05-01T00:00:00+00:00
[2026-09-13T00:34:12.385+0000] {processor.py:178} INFO - Processing /opt/airflow/dags/4_dependencies.py took 0.286 seconds
[2026-09-13T00:34:42.591+0000] {processor.py:156} INFO - Started process (PID=159742) to work on /opt/airflow/dags/4_dependencies.py
[2026-09-13T00:34:42.595+0000] {processor.py:799} INFO - Processing file /opt/airflow/dags/4_dependencies.py for tasks to queue
[2026-09-13T00:34:42.597+0000] {logging_mixin.py:149} INFO - [2026-09-13T00:34:42.597+0000] {dagbag.py:541} INFO - Filling up the DagBag from /opt/airflow/dags/4_dependencies.py
[2026-09-13T00:34:42.625+0000] {processor.py:809} INFO - DAG(s) dict_keys(['4-dependencies']) retrieved from /opt/airflow/dags/4_dependencies.py
[2026-09-13T00:34:42.714+0000] {logging_mixin.py:149} INFO - [2026-09-13T00:34:42.714+0000] {dag.py:2726} INFO - Sync 1 DAGs
[2026-09-13T00:34:42.785+0000] {logging_mixin.py:149} INFO - [2026-09-13T00:34:42.784+0000] {dag.py:3490} INFO - Setting next_dagrun for 4-dependencies to 2023-05-01T00:00:00+00:00, run_after=2023-05-01T00:00:00+00:00
[2026-09-13T00:34:42.863+0000] {processor.py:178} INFO - Processing /opt/airflow/dags/4_dependencies.py took 0.283 seconds
[2026-09-13T00:35:13.366+0000] {processor.py:156} INFO - Started process (PID=159756) to work on /opt/airflow/dags/4_dependencies.py
[2026-09-13T00:35:13.371+0000] {processor.py:799} INFO - Processing file /opt/airflow/dags/4_dependencies.py for tasks to queue
[2026-09-13T00:35:13.373+0000] {logging_mixin.py:149} INFO - [2026-09-13T00:35:13.373+0000] {dagbag.py:541} INFO - Filling up the DagBag from /opt/airflow/dags/4_dependencies.py
[2026-09-13T00:35:13.404+0000] {processor.py:809} INFO - DAG(s) dict_keys(['4-dependencies']) retrieved from /opt/airflow/dags/4_dependencies.py
[2026-09-13T00:35:13.490+0000] {logging_mixin.py:149} INFO - [2026-09-13T00:35:13.490+0000] {dag.py:2726} INFO - Sync 1 DAGs
[2026-09-13T00:35:13.558+0000] {logging_mixin.py:149} INFO - [2026-09-13T00:35:13.557+0000] {dag.py:3490} INFO - Setting next_dagrun for 4-dependencies to 2023-05-01T00:00:00+00:00, run_after=2023-05-01T00:00:00+00:00
[2026-09-13T00:35:13.836+0000] {processor.py:178} INFO - Processing /opt/airflow/dags/4_dependencies.py took 0.482 seconds
[2026-09-13T00:35:44.189+0000] {processor.py:156} INFO - Started process (PID=159770) to work on /opt/airflow/dags/4_dependencies.py
[2026-09-13T00:35:44.196+0000] {processor.py:799} INFO - Processing file /opt/airflow/dags/4_dependencies.py for tasks to queue
[2026-09-13T00:35:44.197+0000] {logging_mixin.py:149} INFO - [2026-09-13T00:35:44.197+0000] {dagbag.py:541} INFO - Filling up the DagBag from /opt/airflow/dags/4_dependencies.py
[2026-09-13T00:35:44.236+0000] {processor.py:809} INFO - DAG(s) dict_keys(['4-dependencies']) retrieved from /opt/airflow/dags/4_dependencies.py
[2026-09-13T00:35:44.334+0000] {logging_mixin.py:149} INFO - [2026-09-13T00:35:44.334+0000] {dag.py:2726} INFO - Sync 1 DAGs
[2026-09-13T00:35:44.391+0000] {logging_mixin.py:149} INFO - [2026-09-13T00:35:44.390+0000] {dag.py:3490} INFO - Setting next_dagrun for 4-dependencies to 2023-05-01T00:00:00+00:00, run_after=2023-05-01T00:00:00+00:00
[2026-09-13T00:35:44.461+0000] {processor.py:178} INFO - Processing /opt/airflow/dags/4_dependencies.py took 0.283 seconds
[2026-09-13T00:36:14.751+0000] {processor.py:156} INFO - Started process (PID=159785) to work on /opt/airflow/dags/4_dependencies.py
[2026-09-13T00:36:14.756+0000] {processor.py:799} INFO - Processing file /opt/airflow/dags/4_dependencies.py for tasks to queue
[2026-09-13T00:36:14.758+0000] {logging_mixin.py:149} INFO - [2026-09-13T00:36:14.758+0000] {dagbag.py:541} INFO - Filling up the DagBag from /opt/airflow/dags/4_dependencies.py
[2026-09-13T00:36:14.786+0000] {processor.py:809} INFO - DAG(s) dict_keys(['4-dependencies']) retrieved from /opt/airflow/dags/4_dependencies.py
[2026-09-13T00:36:14.872+0000] {logging_mixin.py:149} INFO - [2026-09-13T00:36:14.872+0000] {dag.py:2726} INFO - Sync 1 DAGs
[2026-09-13T00:36:14.948+0000] {logging_mixin.py:149} INFO - [2026-09-13T00:36:14.948+0000] {dag.py:3490} INFO - Setting next_dagrun for 4-dependencies to 2023-05-01T00:00:00+00:00, run_after=2023-05-01T00:00:00+00:00
[2026-09-13T00:36:15.001+0000] {processor.py:178} INFO - Processing /opt/airflow/dags/4_dependencies.py took 0.263 seconds
[2026-09-13T00:36:45.156+0000] {processor.py:156} INFO - Started process (PID=159799) to work on /opt/airflow/dags/4_dependencies.py
[2026-09-13T00:36:45.160+0000] {processor.py:799} INFO - Processing file /opt/airflow/dags/4_dependencies.py for tasks to queue
[2026-09-13T00:36:45.162+0000] {logging_mixin.py:149} INFO - [2026-09-13T00:36:45.162+0000] {dagbag.py:541} INFO - Filling up the DagBag from /opt/airflow/dags/4_dependencies.py
[2026-09-13T00:36:45.192+0000] {processor.py:809} INFO - DAG(s) dict_keys(['4-dependencies']) retrieved from /opt/airflow/dags/4_dependencies.py
[2026-09-13T00:36:45.281+0000] {logging_mixin.py:149} INFO - [2026-09-13T00:36:45.281+0000] {dag.py:2726} INFO - Sync 1 DAGs
[2026-09-13T00:36:45.348+0000] {logging_mixin.py:149} INFO - [2026-09-13T00:36:45.348+0000] {dag.py:3490} INFO - Setting next_dagrun for 4-dependencies to 2023-05-01T00:00:00+00:00, run_after=2023-05-01T00:00:00+00:00
[2026-09-13T00:36:45.386+0000] {processor.py:178} INFO - Processing /opt/airflow/dags/4_dependencies.py took 0.242 seconds
[2026-09-13T00:37:15.477+0000] {processor.py:156} INFO - Started process (PID=159814) to work on /opt/airflow/dags/4_dependencies.py
[2026-09-13T00:37:15.484+0000] {processor.py:799} INFO - Processing file /opt/airflow/dags/4_dependencies.py for tasks to queue
[2026-09-13T00:37:15.487+0000] {logging_mixin.py:149} INFO - [2026-09-13T00:37:15.486+0000] {dagbag.py:541} INFO - Filling up the DagBag from /opt/airflow/dags/4_dependencies.py
[2026-09-13T00:37:15.520+0000] {processor.py:809} INFO - DAG(s) dict_keys(['4-dependencies']) retrieved from /opt/airflow/dags/4_dependencies.py
[2026-09-13T00:37:15.615+0000] {logging_mixin.py:149} INFO - [2026-09-13T00:37:15.614+0000] {dag.py:2726} INFO - Sync 1 DAGs
[2026-09-13T00:37:15.666+0000] {logging_mixin.py:149} INFO - [2026-09-13T00:37:15.666+0000] {dag.py:3490} INFO - Setting next_dagrun for 4-dependencies to 2023-05-01T00:00:00+00:00, run_after=2023-05-01T00:00:00+00:00
[2026-09-13T00:37:15.730+0000] {processor.py:178} INFO - Processing /opt/airflow/dags/4_dependencies.py took 0.263 seconds
[2026-09-13T00:37:46.212+0000] {processor.py:156} INFO - Started process (PID=159828) to work on /opt/airflow/dags/4_dependencies.py
[2026-09-13T00:37:46.215+0000] {processor.py:799} INFO - Processing file /opt/airflow/dags/4_dependencies.py for tasks to queue
[2026-09-13T00:37:46.216+0000] {logging_mixin.py:149} INFO - [2026-09-13T00:37:46.216+0000] {dagbag.py:541} INFO - Filling up the DagBag from /opt/airflow/dags/4_dependencies.py
[2026-09-13T00:37:46.239+0000] {processor.py:809} INFO - DAG(s) dict_keys(['4-dependencies']) retrieved from /opt/airflow/dags/4_dependencies.py
[2026-09-13T00:37:46.335+0000] {logging_mixin.py:149} INFO - [2026-09-13T00:37:46.334+0000] {dag.py:2726} INFO - Sync 1 DAGs
[2026-09-13T00:37:46.422+0000] {logging_mixin.py:149} INFO - [2026-09-13T00:37:46.421+0000] {dag.py:3490} INFO - Setting next_dagrun for 4-dependencies to 2023-05-01T00:00:00+00:00, run_after=2023-05-01T00:00:00+00:00
[2026-09-13T00:37:46.775+0000] {processor.py:178} INFO - Processing /opt/airflow/dags/4_dependencies.py took 0.573 seconds
[2026-09-13T00:38:16.873+0000] {processor.py:156} INFO - Started process (PID=159842) to work on /opt/airflow/dags/4_dependencies.py
[2026-09-13T00:38:16.877+0000] {processor.py:799} INFO - Processing file /opt/airflow/dags/4_dependencies.py for tasks to queue
[2026-09-13T00:38:16.879+0000] {logging_mixin.py:149} INFO - [2026-09-13T00:38:16.878+0000] {dagbag.py:541} INFO - Filling up the DagBag from /opt/airflow/dags/4_dependencies.py
[2026-09-13T00:38:16.915+0000] {processor.py:809} INFO - DAG(s) dict_keys(['4-dependencies']) retrieved from /opt/airflow/dags/4_dependencies.py
[2026-09-13T00:38:17.009+0000] {logging_mixin.py:149} INFO - [2026-09-13T00:38:17.009+0000] {dag.py:2726} INFO - Sync 1 DAGs
[2026-09-13T00:38:17.052+0000] {logging_mixin.py:149} INFO - [2026-09-13T00:38:17.052+0000] {dag.py:3490} INFO - Setting next_dagrun for 4-dependencies to 2023-05-01T00:00:00+00:00, run_after=2023-05-01T00:00:00+00:00
[2026-09-13T00:38:17.089+0000] {processor.py:178} INFO - Processing /opt/airflow/dags/4_dependencies.py took 0.227 seconds
[2026-09-13T00:38:47.439+0000] {processor.py:156} INFO - Started process (PID=159856) to work on /opt/airflow/dags/4_dependencies.py
[2026-09-13T00:38:47.442+0000] {processor.py:799} INFO - Processing file /opt/airflow/dags/4_dependencies.py for tasks to queue
[2026-09-13T00:38:47.444+0000] {logging_mixin.py:149} INFO - [2026-09-13T00:38:47.444+0000] {dagbag.py:541} INFO - Filling up the DagBag from /opt/airflow/dags/4_dependencies.py
[2026-09-13T00:38:47.481+0000] {processor.py:809} INFO - DAG(s) dict_keys(['4-dependencies']) retrieved from /opt/airflow/dags/4_dependencies.py
[2026-09-13T00:38:47.567+0000] {logging_mixin.py:149} INFO - [2026-09-13T00:38:47.566+0000] {dag.py:2726} INFO - Sync 1 DAGs
[2026-09-13T00:38:47.630+0000] {logging_mixin.py:149} INFO - [2026-09-13T00:38:47.629+0000] {dag.py:3490} INFO - Setting next_dagrun for 4-dependencies to 2023-05-01T00:00:00+00:00, run_after=2023-05-01T00:00:00+00:00
[2026-09-13T00:38:47.668+0000] {processor.py:178} INFO - Processing /opt/airflow/dags/4_dependencies.py took 0.240 seconds
[2026-09-13T00:39:18.369+0000] {processor.py:156} INFO - Started process (PID=159870) to work on /opt/airflow/dags/4_dependencies.py
[2026-09-13T00:39:18.378+0000] {processor.py:799} INFO - Processing file /opt/airflow/dags/4_dependencies.py for tasks to queue
[2026-09-13T00:39:18.381+0000] {logging_mixin.py:149} INFO - [2026-09-13T00:39:18.380+0000] {dagbag.py:541} INFO - Filling up the DagBag from /opt/airflow/dags/4_dependencies.py
[2026-09-13T00:39:18.411+0000] {processor.py:809} INFO - DAG(s) dict_keys(['4-dependencies']) retrieved from /opt/airflow/dags/4_dependencies.py
[2026-09-13T00:39:18.512+0000] {logging_mixin.py:149} INFO - [2026-09-13T00:39:18.511+0000] {dag.py:2726} INFO - Sync 1 DAGs
[2026-09-13T00:39:18.574+0000] {logging_mixin.py:149} INFO - [2026-09-13T00:39:18.574+0000] {dag.py:3490} INFO - Setting next_dagrun for 4-dependencies to 2023-05-01T00:00:00+00:00, run_after=2023-05-01T00:00:00+00:00
[2026-09-13T00:39:18.607+0000] {processor.py:178} INFO - Processing /opt/airflow/dags/4_dependencies.py took 0.248 seconds
[2026-09-13T00:39:49.346+0000] {processor.py:156} INFO - Started process (PID=159884) to work on /opt/airflow/dags/4_dependencies.py
[2026-09-13T00:39:49.353+0000] {processor.py:799} INFO - Processing file /opt/airflow/dags/4_dependencies.py for tasks to queue
[2026-09-13T00:39:49.355+0000] {logging_mixin.py:149} INFO - [2026-09-13T00:39:49.355+0000] {dagbag.py:541} INFO - Filling up the DagBag from /opt/airflow/dags/4_dependencies.py
[2026-09-13T00:39:49.386+0000] {processor.py:809} INFO - DAG(s) dict_keys(['4-dependencies']) retrieved from /opt/airflow/dags/4_dependencies.py
[2026-09-13T00:39:49.471+0000] {logging_mixin.py:149} INFO - [2026-09-13T00:39:49.471+0000] {dag.py:2726} INFO - Sync 1 DAGs
[2026-09-13T00:39:49.535+0000] {logging_mixin.py:149} INFO - [2026-09-13T00:39:49.534+0000] {dag.py:3490} INFO - Setting next_dagrun for 4-dependencies to 2023-05-01T00:00:00+00:00, run_after=2023-05-01T00:00:00+00:00
[2026-09-13T00:39:49.593+0000] {processor.py:178} INFO - Processing /opt/airflow/dags/4_dependencies.py took 0.257 seconds
[2026-09-13T00:40:19.739+0000] {processor.py:156} INFO - Started process (PID=159898) to work on /opt/airflow/dags/4_dependencies.py
[2026-09-13T00:40:19.742+0000] {processor.py:799} INFO - Processing file /opt/airflow/dags/4_dependencies.py for tasks to queue
[2026-09-13T00:40:19.744+0000] {logging_mixin.py:149} INFO - [2026-09-13T00:40:19.744+0000] {dagbag.py:541} INFO - Filling up the DagBag from /opt/airflow/dags/4_dependencies.py
[2026-09-13T00:40:19.768+0000] {processor.py:809} INFO - DAG(s) dict_keys(['4-dependencies']) retrieved from /opt/airflow/dags/4_dependencies.py
[2026-09-13T00:40:19.855+0000] {logging_mixin.py:149} INFO - [2026-09-13T00:40:19.855+0000] {dag.py:2726} INFO - Sync 1 DAGs
[2026-09-13T00:40:19.923+0000] {logging_mixin.py:149} INFO - [2026-09-13T00:40:19.923+0000] {dag.py:3490} INFO - Setting next_dagrun for 4-dependencies to 2023-05-01T00:00:00+00:00, run_after=2023-05-01T00:00:00+00:00
[2026-09-13T00:40:20.024+0000] {processor.py:178} INFO - Processing /opt/airflow/dags/4_dependencies.py took 0.302 seconds
[2026-09-13T00:40:50.075+0000] {processor.py:156} INFO - Started process (PID=159911) to work on /opt/airflow/dags/4_dependencies.py
[2026-09-13T00:40:50.079+0000] {processor.py:799} INFO - Processing file /opt/airflow/dags/4_dependencies.py for tasks to queue
[2026-09-13T00:40:50.081+0000] {logging_mixin.py:149} INFO - [2026-09-13T00:40:50.080+0000] {dagbag.py:541} INFO - Filling up the DagBag from /opt/airflow/dags/4_dependencies.py
[2026-09-13T00:40:50.110+0000] {processor.py:809} INFO - DAG(s) dict_keys(['4-dependencies']) retrieved from /opt/airflow/dags/4_dependencies.py
[2026-09-13T00:40:50.202+0000] {logging_mixin.py:149} INFO - [2026-09-13T00:40:50.202+0000] {dag.py:2726} INFO - Sync 1 DAGs
[2026-09-13T00:40:50.509+0000] {logging_mixin.py:149} INFO - [2026-09-13T00:40:50.508+0000] {dag.py:3490} INFO - Setting next_dagrun for 4-dependencies to 2023-05-01T00:00:00+00:00, run_after=2023-05-01T00:00:00+00:00
[2026-09-13T00:40:50.540+0000] {processor.py:178} INFO - Processing /opt/airflow/dags/4_dependencies.py took 0.474 seconds
[2026-09-13T00:41:20.989+0000] {processor.py:156} INFO - Started process (PID=159925) to work on /opt/airflow/dags/4_dependencies.py
[2026-09-13T00:41:20.997+0000] {processor.py:799} INFO - Processing file /opt/airflow/dags/4_dependencies.py for tasks to queue
[2026-09-13T00:41:20.999+0000] {logging_mixin.py:149} INFO - [2026-09-13T00:41:20.999+0000] {dagbag.py:541} INFO - Filling up the DagBag from /opt/airflow/dags/4_dependencies.py
[2026-09-13T00:41:21.032+0000] {processor.py:809} INFO - DAG(s) dict_keys(['4-dependencies']) retrieved from /opt/airflow/dags/4_dependencies.py
[2026-09-13T00:41:21.098+0000] {logging_mixin.py:149} INFO - [2026-09-13T00:41:21.098+0000] {dag.py:2726} INFO - Sync 1 DAGs
[2026-09-13T00:41:21.156+0000] {logging_mixin.py:149} INFO - [2026-09-13T00:41:21.155+0000] {dag.py:3490} INFO - Setting next_dagrun for 4-dependencies to 2023-05-01T00:00:00+00:00, run_after=2023-05-01T00:00:00+00:00
[2026-09-13T00:41:21.237+0000] {processor.py:178} INFO - Processing /opt/airflow/dags/4_dependencies.py took 0.260 seconds
[2026-09-13T00:41:51.515+0000] {processor.py:156} INFO - Started process (PID=159939) to work on /opt/airflow/dags/4_dependencies.py
[2026-09-13T00:41:51.522+0000] {processor.py:799} INFO - Processing file /opt/airflow/dags/4_dependencies.py for tasks to queue
[2026-09-13T00:41:51.523+0000] {logging_mixin.py:149} INFO - [2026-09-13T00:41:51.523+0000] {dagbag.py:541} INFO - Filling up the DagBag from /opt/airflow/dags/4_dependencies.py
[2026-09-13T00:41:51.546+0000] {processor.py:809} INFO - DAG(s) dict_keys(['4-dependencies']) retrieved from /opt/airflow/dags/4_dependencies.py
[2026-09-13T00:41:51.639+0000] {logging_mixin.py:149} INFO - [2026-09-13T00:41:51.639+0000] {dag.py:2726} INFO - Sync 1 DAGs
[2026-09-13T00:41:51.718+0000] {logging_mixin.py:149} INFO - [2026-09-13T00:41:51.717+0000] {dag.py:3490} INFO - Setting next_dagrun for 4-dependencies to 2023-05-01T00:00:00+00:00, run_after=2023-05-01T00:00:00+00:00
[2026-09-13T00:41:51.786+0000] {processor.py:178} INFO - Processing /opt/airflow/dags/4_dependencies.py took 0.283 seconds
[2026-09-13T00:42:21.949+0000] {processor.py:156} INFO - Started process (PID=159952) to work on /opt/airflow/dags/4_dependencies.py
[2026-09-13T00:42:21.955+0000] {processor.py:799} INFO - Processing file /opt/airflow/dags/4_dependencies.py for tasks to queue
[2026-09-13T00:42:21.957+0000] {logging_mixin.py:149} INFO - [2026-09-13T00:42:21.956+0000] {dagbag.py:541} INFO - Filling up the DagBag from /opt/airflow/dags/4_dependencies.py
[2026-09-13T00:42:21.987+0000] {processor.py:809} INFO - DAG(s) dict_keys(['4-dependencies']) retrieved from /opt/airflow/dags/4_dependencies.py
[2026-09-13T00:42:22.083+0000] {logging_mixin.py:149} INFO - [2026-09-13T00:42:22.082+0000] {dag.py:2726} INFO - Sync 1 DAGs
[2026-09-13T00:42:22.147+0000] {logging_mixin.py:149} INFO - [2026-09-13T00:42:22.146+0000] {dag.py:3490} INFO - Setting next_dagrun for 4-dependencies to 2023-05-01T00:00:00+00:00, run_after=2023-05-01T00:00:00+00:00
[2026-09-13T00:42:22.201+0000] {processor.py:178} INFO - Processing /opt/airflow/dags/4_dependencies.py took 0.264 seconds
[2026-09-13T00:42:52.416+0000] {processor.py:156} INFO - Started process (PID=159967) to work on /opt/airflow/dags/4_dependencies.py
[2026-09-13T00:42:52.419+0000] {processor.py:799} INFO - Processing file /opt/airflow/dags/4_dependencies.py for tasks to queue
[2026-09-13T00:42:52.421+0000] {logging_mixin.py:149} INFO - [2026-09-13T00:42:52.421+0000] {dagbag.py:541} INFO - Filling up the DagBag from /opt/airflow/dags/4_dependencies.py
[2026-09-13T00:42:52.449+0000] {processor.py:809} INFO - DAG(s) dict_keys(['4-dependencies']) retrieved from /opt/airflow/dags/4_dependencies.py
[2026-09-13T00:42:52.537+0000] {logging_mixin.py:149} INFO - [2026-09-13T00:42:52.537+0000] {dag.py:2726} INFO - Sync 1 DAGs
[2026-09-13T00:42:52.604+0000] {logging_mixin.py:149} INFO - [2026-09-13T00:42:52.604+0000] {dag.py:3490} INFO - Setting next_dagrun for 4-dependencies to 2023-05-01T00:00:00+00:00, run_after=2023-05-01T00:00:00+00:00
[2026-09-13T00:42:52.662+0000] {processor.py:178} INFO - Processing /opt/airflow/dags/4_dependencies.py took 0.257 seconds
[2026-09-13T00:43:23.253+0000] {processor.py:156} INFO - Started process (PID=159982) to work on /opt/airflow/dags/4_dependencies.py
[2026-09-13T00:43:23.257+0000] {processor.py:799} INFO - Processing file /opt/airflow/dags/4_dependencies.py for tasks to queue
[2026-09-13T00:43:23.259+0000] {logging_mixin.py:149} INFO - [2026-09-13T00:43:23.258+0000] {dagbag.py:541} INFO - Filling up the DagBag from /opt/airflow/dags/4_dependencies.py
[2026-09-13T00:43:23.283+0000] {processor.py:809} INFO - DAG(s) dict_keys(['4-dependencies']) retrieved from /opt/airflow/dags/4_dependencies.py
[2026-09-13T00:43:23.366+0000] {logging_mixin.py:149} INFO - [2026-09-13T00:43:23.366+0000] {dag.py:2726} INFO - Sync 1 DAGs
[2026-09-13T00:43:23.431+0000] {logging_mixin.py:149} INFO - [2026-09-13T00:43:23.430+0000] {dag.py:3490} INFO - Setting next_dagrun for 4-dependencies to 2023-05-01T00:00:00+00:00, run_after=2023-05-01T00:00:00+00:00
[2026-09-13T00:43:23.704+0000] {processor.py:178} INFO - Processing /opt/airflow/dags/4_dependencies.py took 0.459 seconds
[2026-09-13T00:43:54.022+0000] {processor.py:156} INFO - Started process (PID=159997) to work on /opt/airflow/dags/4_dependencies.py
[2026-09-13T00:43:54.027+0000] {processor.py:799} INFO - Processing file /opt/airflow/dags/4_dependencies.py for tasks to queue
[2026-09-13T00:43:54.032+0000] {logging_mixin.py:149} INFO - [2026-09-13T00:43:54.030+0000] {dagbag.py:541} INFO - Filling up the DagBag from /opt/airflow/dags/4_dependencies.py
[2026-09-13T00:43:54.059+0000] {processor.py:809} INFO - DAG(s) dict_keys(['4-dependencies']) retrieved from /opt/airflow/dags/4_dependencies.py
[2026-09-13T00:43:54.156+0000] {logging_mixin.py:149} INFO - [2026-09-13T00:43:54.155+0000] {dag.py:2726} INFO - Sync 1 DAGs
[2026-09-13T00:43:54.238+0000] {logging_mixin.py:149} INFO - [2026-09-13T00:43:54.237+0000] {dag.py:3490} INFO - Setting next_dagrun for 4-dependencies to 2023-05-01T00:00:00+00:00, run_after=2023-05-01T00:00:00+00:00
[2026-09-13T00:43:54.304+0000] {processor.py:178} INFO - Processing /opt/airflow/dags/4_dependencies.py took 0.292 seconds
[2026-09-13T00:44:24.384+0000] {processor.py:156} INFO - Started process (PID=160012) to work on /opt/airflow/dags/4_dependencies.py
[2026-09-13T00:44:24.389+0000] {processor.py:799} INFO - Processing file /opt/airflow/dags/4_dependencies.py for tasks to queue
[2026-09-13T00:44:24.391+0000] {logging_mixin.py:149} INFO - [2026-09-13T00:44:24.390+0000] {dagbag.py:541} INFO - Filling up the DagBag from /opt/airflow/dags/4_dependencies.py
[2026-09-13T00:44:24.422+0000] {processor.py:809} INFO - DAG(s) dict_keys(['4-dependencies']) retrieved from /opt/airflow/dags/4_dependencies.py
[2026-09-13T00:44:24.517+0000] {logging_mixin.py:149} INFO - [2026-09-13T00:44:24.516+0000] {dag.py:2726} INFO - Sync 1 DAGs
[2026-09-13T00:44:24.580+0000] {logging_mixin.py:149} INFO - [2026-09-13T00:44:24.580+0000] {dag.py:3490} INFO - Setting next_dagrun for 4-dependencies to 2023-05-01T00:00:00+00:00, run_after=2023-05-01T00:00:00+00:00
[2026-09-13T00:44:24.645+0000] {processor.py:178} INFO - Processing /opt/airflow/dags/4_dependencies.py took 0.272 seconds
[2026-09-13T00:44:54.880+0000] {processor.py:156} INFO - Started process (PID=160026) to work on /opt/airflow/dags/4_dependencies.py
[2026-09-13T00:44:54.884+0000] {processor.py:799} INFO - Processing file /opt/airflow/dags/4_dependencies.py for tasks to queue
[2026-09-13T00:44:54.886+0000] {logging_mixin.py:149} INFO - [2026-09-13T00:44:54.886+0000] {dagbag.py:541} INFO - Filling up the DagBag from /opt/airflow/dags/4_dependencies.py
[2026-09-13T00:44:54.916+0000] {processor.py:809} INFO - DAG(s) dict_keys(['4-dependencies']) retrieved from /opt/airflow/dags/4_dependencies.py
[2026-09-13T00:44:55.010+0000] {logging_mixin.py:149} INFO - [2026-09-13T00:44:55.009+0000] {dag.py:2726} INFO - Sync 1 DAGs
[2026-09-13T00:44:55.084+0000] {logging_mixin.py:149} INFO - [2026-09-13T00:44:55.083+0000] {dag.py:3490} INFO - Setting next_dagrun for 4-dependencies to 2023-05-01T00:00:00+00:00, run_after=2023-05-01T00:00:00+00:00
[2026-09-13T00:44:55.148+0000] {processor.py:178} INFO - Processing /opt/airflow/dags/4_dependencies.py took 0.279 seconds
[2026-09-13T00:45:25.350+0000] {processor.py:156} INFO - Started process (PID=160041) to work on /opt/airflow/dags/4_dependencies.py
[2026-09-13T00:45:25.355+0000] {processor.py:799} INFO - Processing file /opt/airflow/dags/4_dependencies.py for tasks to queue
[2026-09-13T00:45:25.357+0000] {logging_mixin.py:149} INFO - [2026-09-13T00:45:25.356+0000] {dagbag.py:541} INFO - Filling up the DagBag from /opt/airflow/dags/4_dependencies.py
[2026-09-13T00:45:25.387+0000] {processor.py:809} INFO - DAG(s) dict_keys(['4-dependencies']) retrieved from /opt/airflow/dags/4_dependencies.py
[2026-09-13T00:45:25.482+0000] {logging_mixin.py:149} INFO - [2026-09-13T00:45:25.481+0000] {dag.py:2726} INFO - Sync 1 DAGs
[2026-09-13T00:45:25.549+0000] {logging_mixin.py:149} INFO - [2026-09-13T00:45:25.549+0000] {dag.py:3490} INFO - Setting next_dagrun for 4-dependencies to 2023-05-01T00:00:00+00:00, run_after=2023-05-01T00:00:00+00:00
[2026-09-13T00:45:25.619+0000] {processor.py:178} INFO - Processing /opt/airflow/dags/4_dependencies.py took 0.280 seconds
[2026-09-13T00:45:55.732+0000] {processor.py:156} INFO - Started process (PID=160055) to work on /opt/airflow/dags/4_dependencies.py
[2026-09-13T00:45:55.735+0000] {processor.py:799} INFO - Processing file /opt/airflow/dags/4_dependencies.py for tasks to queue
[2026-09-13T00:45:55.737+0000] {logging_mixin.py:149} INFO - [2026-09-13T00:45:55.737+0000] {dagbag.py:541} INFO - Filling up the DagBag from /opt/airflow/dags/4_dependencies.py
[2026-09-13T00:45:55.770+0000] {processor.py:809} INFO - DAG(s) dict_keys(['4-dependencies']) retrieved from /opt/airflow/dags/4_dependencies.py
[2026-09-13T00:45:55.859+0000] {logging_mixin.py:149} INFO - [2026-09-13T00:45:55.859+0000] {dag.py:2726} INFO - Sync 1 DAGs
[2026-09-13T00:45:55.927+0000] {logging_mixin.py:149} INFO - [2026-09-13T00:45:55.927+0000] {dag.py:3490} INFO - Setting next_dagrun for 4-dependencies to 2023-05-01T00:00:00+00:00, run_after=2023-05-01T00:00:00+00:00
[2026-09-13T00:45:56.289+0000] {processor.py:178} INFO - Processing /opt/airflow/dags/4_dependencies.py took 0.568 seconds
[2026-09-13T00:46:26.602+0000] {processor.py:156} INFO - Started process (PID=160069) to work on /opt/airflow/dags/4_dependencies.py
[2026-09-13T00:46:26.605+0000] {processor.py:799} INFO - Processing file /opt/airflow/dags/4_dependencies.py for tasks to queue
[2026-09-13T00:46:26.607+0000] {logging_mixin.py:149} INFO - [2026-09-13T00:46:26.607+0000] {dagbag.py:541} INFO - Filling up the DagBag from /opt/airflow/dags/4_dependencies.py
[2026-09-13T00:46:26.635+0000] {processor.py:809} INFO - DAG(s) dict_keys(['4-dependencies']) retrieved from /opt/airflow/dags/4_dependencies.py
[2026-09-13T00:46:26.726+0000] {logging_mixin.py:149} INFO - [2026-09-13T00:46:26.725+0000] {dag.py:2726} INFO - Sync 1 DAGs
[2026-09-13T00:46:27.016+0000] {logging_mixin.py:149} INFO - [2026-09-13T00:46:27.016+0000] {dag.py:3490} INFO - Setting next_dagrun for 4-dependencies to 2023-05-01T00:00:00+00:00, run_after=2023-05-01T00:00:00+00:00
[2026-09-13T00:46:27.060+0000] {processor.py:178} INFO - Processing /opt/airflow/dags/4_dependencies.py took 0.469 seconds
[2026-09-13T00:46:57.302+0000] {processor.py:156} INFO - Started process (PID=160083) to work on /opt/airflow/dags/4_dependencies.py
[2026-09-13T00:46:57.311+0000] {processor.py:799} INFO - Processing file /opt/airflow/dags/4_dependencies.py for tasks to queue
[2026-09-13T00:46:57.313+0000] {logging_mixin.py:149} INFO - [2026-09-13T00:46:57.313+0000] {dagbag.py:541} INFO - Filling up the DagBag from /opt/airflow/dags/4_dependencies.py
[2026-09-13T00:46:57.346+0000] {processor.py:809} INFO - DAG(s) dict_keys(['4-dependencies']) retrieved from /opt/airflow/dags/4_dependencies.py
[2026-09-13T00:46:57.435+0000] {logging_mixin.py:149} INFO - [2026-09-13T00:46:57.435+0000] {dag.py:2726} INFO - Sync 1 DAGs
[2026-09-13T00:46:57.518+0000] {logging_mixin.py:149} INFO - [2026-09-13T00:46:57.517+0000] {dag.py:3490} INFO - Setting next_dagrun for 4-dependencies to 2023-05-01T00:00:00+00:00, run_after=2023-05-01T00:00:00+00:00
[2026-09-13T00:46:57.587+0000] {processor.py:178} INFO - Processing /opt/airflow/dags/4_dependencies.py took 0.295 seconds
[2026-09-13T00:47:27.748+0000] {processor.py:156} INFO - Started process (PID=160097) to work on /opt/airflow/dags/4_dependencies.py
[2026-09-13T00:47:27.751+0000] {processor.py:799} INFO - Processing file /opt/airflow/dags/4_dependencies.py for tasks to queue
[2026-09-13T00:47:27.752+0000] {logging_mixin.py:149} INFO - [2026-09-13T00:47:27.752+0000] {dagbag.py:541} INFO - Filling up the DagBag from /opt/airflow/dags/4_dependencies.py
[2026-09-13T00:47:27.770+0000] {processor.py:809} INFO - DAG(s) dict_keys(['4-dependencies']) retrieved from /opt/airflow/dags/4_dependencies.py
[2026-09-13T00:47:27.855+0000] {logging_mixin.py:149} INFO - [2026-09-13T00:47:27.855+0000] {dag.py:2726} INFO - Sync 1 DAGs
[2026-09-13T00:47:27.930+0000] {logging_mixin.py:149} INFO - [2026-09-13T00:47:27.930+0000] {dag.py:3490} INFO - Setting next_dagrun for 4-dependencies to 2023-05-01T00:00:00+00:00, run_after=2023-05-01T00:00:00+00:00
[2026-09-13T00:47:28.003+0000] {processor.py:178} INFO - Processing /opt/airflow/dags/4_dependencies.py took 0.262 seconds
[2026-09-13T00:47:58.277+0000] {processor.py:156} INFO - Started process (PID=160112) to work on /opt/airflow/dags/4_dependencies.py
[2026-09-13T00:47:58.282+0000] {processor.py:799} INFO - Processing file /opt/airflow/dags/4_dependencies.py for tasks to queue
[2026-09-13T00:47:58.283+0000] {logging_mixin.py:149} INFO - [2026-09-13T00:47:58.283+0000] {dagbag.py:541} INFO - Filling up the DagBag from /opt/airflow/dags/4_dependencies.py
[2026-09-13T00:47:58.312+0000] {processor.py:809} INFO - DAG(s) dict_keys(['4-dependencies']) retrieved from /opt/airflow/dags/4_dependencies.py
[2026-09-13T00:47:58.404+0000] {logging_mixin.py:149} INFO - [2026-09-13T00:47:58.403+0000] {dag.py:2726} INFO - Sync 1 DAGs
[2026-09-13T00:47:58.463+0000] {logging_mixin.py:149} INFO - [2026-09-13T00:47:58.462+0000] {dag.py:3490} INFO - Setting next_dagrun for 4-dependencies to 2023-05-01T00:00:00+00:00, run_after=2023-05-01T00:00:00+00:00
[2026-09-13T00:47:58.505+0000] {processor.py:178} INFO - Processing /opt/airflow/dags/4_dependencies.py took 0.239 seconds
[2026-09-13T00:48:28.559+0000] {processor.py:156} INFO - Started process (PID=160126) to work on /opt/airflow/dags/4_dependencies.py
[2026-09-13T00:48:28.563+0000] {processor.py:799} INFO - Processing file /opt/airflow/dags/4_dependencies.py for tasks to queue
[2026-09-13T00:48:28.565+0000] {logging_mixin.py:149} INFO - [2026-09-13T00:48:28.565+0000] {dagbag.py:541} INFO - Filling up the DagBag from /opt/airflow/dags/4_dependencies.py
[2026-09-13T00:48:28.594+0000] {processor.py:809} INFO - DAG(s) dict_keys(['4-dependencies']) retrieved from /opt/airflow/dags/4_dependencies.py
[2026-09-13T00:48:28.680+0000] {logging_mixin.py:149} INFO - [2026-09-13T00:48:28.680+0000] {dag.py:2726} INFO - Sync 1 DAGs
[2026-09-13T00:48:28.748+0000] {logging_mixin.py:149} INFO - [2026-09-13T00:48:28.747+0000] {dag.py:3490} INFO - Setting next_dagrun for 4-dependencies to 2023-05-01T00:00:00+00:00, run_after=2023-05-01T00:00:00+00:00
[2026-09-13T00:48:28.816+0000] {processor.py:178} INFO - Processing /opt/airflow/dags/4_dependencies.py took 0.267 seconds
[2026-09-13T00:48:59.313+0000] {processor.py:156} INFO - Started process (PID=160140) to work on /opt/airflow/dags/4_dependencies.py
[2026-09-13T00:48:59.321+0000] {processor.py:799} INFO - Processing file /opt/airflow/dags/4_dependencies.py for tasks to queue
[2026-09-13T00:48:59.323+0000] {logging_mixin.py:149} INFO - [2026-09-13T00:48:59.323+0000] {dagbag.py:541} INFO - Filling up the DagBag from /opt/airflow/dags/4_dependencies.py
[2026-09-13T00:48:59.355+0000] {processor.py:809} INFO - DAG(s) dict_keys(['4-dependencies']) retrieved from /opt/airflow/dags/4_dependencies.py
[2026-09-13T00:48:59.427+0000] {logging_mixin.py:149} INFO - [2026-09-13T00:48:59.426+0000] {dag.py:2726} INFO - Sync 1 DAGs
[2026-09-13T00:48:59.487+0000] {logging_mixin.py:149} INFO - [2026-09-13T00:48:59.486+0000] {dag.py:3490} INFO - Setting next_dagrun for 4-dependencies to 2023-05-01T00:00:00+00:00, run_after=2023-05-01T00:00:00+00:00
[2026-09-13T00:48:59.739+0000] {processor.py:178} INFO - Processing /opt/airflow/dags/4_dependencies.py took 0.439 seconds
[2026-09-13T00:49:30.088+0000] {processor.py:156} INFO - Started process (PID=160154) to work on /opt/airflow/dags/4_dependencies.py
[2026-09-13T00:49:30.092+0000] {processor.py:799} INFO - Processing file /opt/airflow/dags/4_dependencies.py for tasks to queue
[2026-09-13T00:49:30.094+0000] {logging_mixin.py:149} INFO - [2026-09-13T00:49:30.094+0000] {dagbag.py:541} INFO - Filling up the DagBag from /opt/airflow/dags/4_dependencies.py
[2026-09-13T00:49:30.123+0000] {processor.py:809} INFO - DAG(s) dict_keys(['4-dependencies']) retrieved from /opt/airflow/dags/4_dependencies.py
[2026-09-13T00:49:30.204+0000] {logging_mixin.py:149} INFO - [2026-09-13T00:49:30.204+0000] {dag.py:2726} INFO - Sync 1 DAGs
[2026-09-13T00:49:30.505+0000] {logging_mixin.py:149} INFO - [2026-09-13T00:49:30.504+0000] {dag.py:3490} INFO - Setting next_dagrun for 4-dependencies to 2023-05-01T00:00:00+00:00, run_after=2023-05-01T00:00:00+00:00
[2026-09-13T00:49:30.532+0000] {processor.py:178} INFO - Processing /opt/airflow/dags/4_dependencies.py took 0.455 seconds
[2026-09-13T00:50:00.600+0000] {processor.py:156} INFO - Started process (PID=160168) to work on /opt/airflow/dags/4_dependencies.py
[2026-09-13T00:50:00.603+0000] {processor.py:799} INFO - Processing file /opt/airflow/dags/4_dependencies.py for tasks to queue
[2026-09-13T00:50:00.605+0000] {logging_mixin.py:149} INFO - [2026-09-13T00:50:00.605+0000] {dagbag.py:541} INFO - Filling up the DagBag from /opt/airflow/dags/4_dependencies.py
[2026-09-13T00:50:00.635+0000] {processor.py:809} INFO - DAG(s) dict_keys(['4-dependencies']) retrieved from /opt/airflow/dags/4_dependencies.py
[2026-09-13T00:50:00.682+0000] {logging_mixin.py:149} INFO - [2026-09-13T00:50:00.682+0000] {dag.py:2726} INFO - Sync 1 DAGs
[2026-09-13T00:50:00.743+0000] {logging_mixin.py:149} INFO - [2026-09-13T00:50:00.742+0000] {dag.py:3490} INFO - Setting next_dagrun for 4-dependencies to 2023-05-01T00:00:00+00:00, run_after=2023-05-01T00:00:00+00:00
[2026-09-13T00:50:00.813+0000] {processor.py:178} INFO - Processing /opt/airflow/dags/4_dependencies.py took 0.225 seconds
[2026-09-13T00:50:31.034+0000] {processor.py:156} INFO - Started process (PID=160182) to work on /opt/airflow/dags/4_dependencies.py
[2026-09-13T00:50:31.045+0000] {processor.py:799} INFO - Processing file /opt/airflow/dags/4_dependencies.py for tasks to queue
[2026-09-13T00:50:31.062+0000] {logging_mixin.py:149} INFO - [2026-09-13T00:50:31.061+0000] {dagbag.py:541} INFO - Filling up the DagBag from /opt/airflow/dags/4_dependencies.py
[2026-09-13T00:50:31.106+0000] {processor.py:809} INFO - DAG(s) dict_keys(['4-dependencies']) retrieved from /opt/airflow/dags/4_dependencies.py
[2026-09-13T00:50:31.187+0000] {logging_mixin.py:149} INFO - [2026-09-13T00:50:31.186+0000] {dag.py:2726} INFO - Sync 1 DAGs
[2026-09-13T00:50:31.251+0000] {logging_mixin.py:149} INFO - [2026-09-13T00:50:31.250+0000] {dag.py:3490} INFO - Setting next_dagrun for 4-dependencies to 2023-05-01T00:00:00+00:00, run_after=2023-05-01T00:00:00+00:00
[2026-09-13T00:50:31.323+0000] {processor.py:178} INFO - Processing /opt/airflow/dags/4_dependencies.py took 0.302 seconds
[2026-09-13T00:51:01.641+0000] {processor.py:156} INFO - Started process (PID=160197) to work on /opt/airflow/dags/4_dependencies.py
[2026-09-13T00:51:01.645+0000] {processor.py:799} INFO - Processing file /opt/airflow/dags/4_dependencies.py for tasks to queue
[2026-09-13T00:51:01.647+0000] {logging_mixin.py:149} INFO - [2026-09-13T00:51:01.647+0000] {dagbag.py:541} INFO - Filling up the DagBag from /opt/airflow/dags/4_dependencies.py
[2026-09-13T00:51:01.678+0000] {processor.py:809} INFO - DAG(s) dict_keys(['4-dependencies']) retrieved from /opt/airflow/dags/4_dependencies.py
[2026-09-13T00:51:01.758+0000] {logging_mixin.py:149} INFO - [2026-09-13T00:51:01.758+0000] {dag.py:2726} INFO - Sync 1 DAGs
[2026-09-13T00:51:01.814+0000] {logging_mixin.py:149} INFO - [2026-09-13T00:51:01.814+0000] {dag.py:3490} INFO - Setting next_dagrun for 4-dependencies to 2023-05-01T00:00:00+00:00, run_after=2023-05-01T00:00:00+00:00
[2026-09-13T00:51:01.842+0000] {processor.py:178} INFO - Processing /opt/airflow/dags/4_dependencies.py took 0.212 seconds
[2026-09-13T00:51:32.043+0000] {processor.py:156} INFO - Started process (PID=160211) to work on /opt/airflow/dags/4_dependencies.py
[2026-09-13T00:51:32.050+0000] {processor.py:799} INFO - Processing file /opt/airflow/dags/4_dependencies.py for tasks to queue
[2026-09-13T00:51:32.052+0000] {logging_mixin.py:149} INFO - [2026-09-13T00:51:32.052+0000] {dagbag.py:541} INFO - Filling up the DagBag from /opt/airflow/dags/4_dependencies.py
[2026-09-13T00:51:32.084+0000] {processor.py:809} INFO - DAG(s) dict_keys(['4-dependencies']) retrieved from /opt/airflow/dags/4_dependencies.py
[2026-09-13T00:51:32.150+0000] {logging_mixin.py:149} INFO - [2026-09-13T00:51:32.150+0000] {dag.py:2726} INFO - Sync 1 DAGs
[2026-09-13T00:51:32.208+0000] {logging_mixin.py:149} INFO - [2026-09-13T00:51:32.207+0000] {dag.py:3490} INFO - Setting next_dagrun for 4-dependencies to 2023-05-01T00:00:00+00:00, run_after=2023-05-01T00:00:00+00:00
[2026-09-13T00:51:32.517+0000] {processor.py:178} INFO - Processing /opt/airflow/dags/4_dependencies.py took 0.487 seconds
[2026-09-13T00:52:02.804+0000] {processor.py:156} INFO - Started process (PID=160225) to work on /opt/airflow/dags/4_dependencies.py
[2026-09-13T00:52:02.808+0000] {processor.py:799} INFO - Processing file /opt/airflow/dags/4_dependencies.py for tasks to queue
[2026-09-13T00:52:02.810+0000] {logging_mixin.py:149} INFO - [2026-09-13T00:52:02.810+0000] {dagbag.py:541} INFO - Filling up the DagBag from /opt/airflow/dags/4_dependencies.py
[2026-09-13T00:52:02.838+0000] {processor.py:809} INFO - DAG(s) dict_keys(['4-dependencies']) retrieved from /opt/airflow/dags/4_dependencies.py
[2026-09-13T00:52:02.926+0000] {logging_mixin.py:149} INFO - [2026-09-13T00:52:02.925+0000] {dag.py:2726} INFO - Sync 1 DAGs
[2026-09-13T00:52:03.213+0000] {logging_mixin.py:149} INFO - [2026-09-13T00:52:03.212+0000] {dag.py:3490} INFO - Setting next_dagrun for 4-dependencies to 2023-05-01T00:00:00+00:00, run_after=2023-05-01T00:00:00+00:00
[2026-09-13T00:52:03.273+0000] {processor.py:178} INFO - Processing /opt/airflow/dags/4_dependencies.py took 0.481 seconds
[2026-09-13T00:52:33.941+0000] {processor.py:156} INFO - Started process (PID=160239) to work on /opt/airflow/dags/4_dependencies.py
[2026-09-13T00:52:33.973+0000] {processor.py:799} INFO - Processing file /opt/airflow/dags/4_dependencies.py for tasks to queue
[2026-09-13T00:52:33.975+0000] {logging_mixin.py:149} INFO - [2026-09-13T00:52:33.975+0000] {dagbag.py:541} INFO - Filling up the DagBag from /opt/airflow/dags/4_dependencies.py
[2026-09-13T00:52:34.006+0000] {processor.py:809} INFO - DAG(s) dict_keys(['4-dependencies']) retrieved from /opt/airflow/dags/4_dependencies.py
[2026-09-13T00:52:34.098+0000] {logging_mixin.py:149} INFO - [2026-09-13T00:52:34.097+0000] {dag.py:2726} INFO - Sync 1 DAGs
[2026-09-13T00:52:34.171+0000] {logging_mixin.py:149} INFO - [2026-09-13T00:52:34.170+0000] {dag.py:3490} INFO - Setting next_dagrun for 4-dependencies to 2023-05-01T00:00:00+00:00, run_after=2023-05-01T00:00:00+00:00
[2026-09-13T00:52:34.218+0000] {processor.py:178} INFO - Processing /opt/airflow/dags/4_dependencies.py took 0.289 seconds
[2026-09-13T00:53:04.492+0000] {processor.py:156} INFO - Started process (PID=160253) to work on /opt/airflow/dags/4_dependencies.py
[2026-09-13T00:53:04.496+0000] {processor.py:799} INFO - Processing file /opt/airflow/dags/4_dependencies.py for tasks to queue
[2026-09-13T00:53:04.497+0000] {logging_mixin.py:149} INFO - [2026-09-13T00:53:04.497+0000] {dagbag.py:541} INFO - Filling up the DagBag from /opt/airflow/dags/4_dependencies.py
[2026-09-13T00:53:04.524+0000] {processor.py:809} INFO - DAG(s) dict_keys(['4-dependencies']) retrieved from /opt/airflow/dags/4_dependencies.py
[2026-09-13T00:53:04.614+0000] {logging_mixin.py:149} INFO - [2026-09-13T00:53:04.613+0000] {dag.py:2726} INFO - Sync 1 DAGs
[2026-09-13T00:53:04.677+0000] {logging_mixin.py:149} INFO - [2026-09-13T00:53:04.677+0000] {dag.py:3490} INFO - Setting next_dagrun for 4-dependencies to 2023-05-01T00:00:00+00:00, run_after=2023-05-01T00:00:00+00:00
[2026-09-13T00:53:04.737+0000] {processor.py:178} INFO - Processing /opt/airflow/dags/4_dependencies.py took 0.255 seconds
[2026-09-13T00:53:34.823+0000] {processor.py:156} INFO - Started process (PID=160267) to work on /opt/airflow/dags/4_dependencies.py
[2026-09-13T00:53:34.827+0000] {processor.py:799} INFO - Processing file /opt/airflow/dags/4_dependencies.py for tasks to queue
[2026-09-13T00:53:34.829+0000] {logging_mixin.py:149} INFO - [2026-09-13T00:53:34.829+0000] {dagbag.py:541} INFO - Filling up the DagBag from /opt/airflow/dags/4_dependencies.py
[2026-09-13T00:53:34.856+0000] {processor.py:809} INFO - DAG(s) dict_keys(['4-dependencies']) retrieved from /opt/airflow/dags/4_dependencies.py
[2026-09-13T00:53:34.944+0000] {logging_mixin.py:149} INFO - [2026-09-13T00:53:34.944+0000] {dag.py:2726} INFO - Sync 1 DAGs
[2026-09-13T00:53:35.013+0000] {logging_mixin.py:149} INFO - [2026-09-13T00:53:35.013+0000] {dag.py:3490} INFO - Setting next_dagrun for 4-dependencies to 2023-05-01T00:00:00+00:00, run_after=2023-05-01T00:00:00+00:00
[2026-09-13T00:53:35.079+0000] {processor.py:178} INFO - Processing /opt/airflow/dags/4_dependencies.py took 0.268 seconds
[2026-09-13T00:54:05.209+0000] {processor.py:156} INFO - Started process (PID=160282) to work on /opt/airflow/dags/4_dependencies.py
[2026-09-13T00:54:05.213+0000] {processor.py:799} INFO - Processing file /opt/airflow/dags/4_dependencies.py for tasks to queue
[2026-09-13T00:54:05.215+0000] {logging_mixin.py:149} INFO - [2026-09-13T00:54:05.214+0000] {dagbag.py:541} INFO - Filling up the DagBag from /opt/airflow/dags/4_dependencies.py
[2026-09-13T00:54:05.247+0000] {processor.py:809} INFO - DAG(s) dict_keys(['4-dependencies']) retrieved from /opt/airflow/dags/4_dependencies.py
[2026-09-13T00:54:05.343+0000] {logging_mixin.py:149} INFO - [2026-09-13T00:54:05.343+0000] {dag.py:2726} INFO - Sync 1 DAGs
[2026-09-13T00:54:05.411+0000] {logging_mixin.py:149} INFO - [2026-09-13T00:54:05.410+0000] {dag.py:3490} INFO - Setting next_dagrun for 4-dependencies to 2023-05-01T00:00:00+00:00, run_after=2023-05-01T00:00:00+00:00
[2026-09-13T00:54:05.486+0000] {processor.py:178} INFO - Processing /opt/airflow/dags/4_dependencies.py took 0.292 seconds
[2026-09-13T00:54:36.037+0000] {processor.py:156} INFO - Started process (PID=160297) to work on /opt/airflow/dags/4_dependencies.py
[2026-09-13T00:54:36.043+0000] {processor.py:799} INFO - Processing file /opt/airflow/dags/4_dependencies.py for tasks to queue
[2026-09-13T00:54:36.045+0000] {logging_mixin.py:149} INFO - [2026-09-13T00:54:36.045+0000] {dagbag.py:541} INFO - Filling up the DagBag from /opt/airflow/dags/4_dependencies.py
[2026-09-13T00:54:36.078+0000] {processor.py:809} INFO - DAG(s) dict_keys(['4-dependencies']) retrieved from /opt/airflow/dags/4_dependencies.py
[2026-09-13T00:54:36.173+0000] {logging_mixin.py:149} INFO - [2026-09-13T00:54:36.172+0000] {dag.py:2726} INFO - Sync 1 DAGs
[2026-09-13T00:54:36.452+0000] {logging_mixin.py:149} INFO - [2026-09-13T00:54:36.452+0000] {dag.py:3490} INFO - Setting next_dagrun for 4-dependencies to 2023-05-01T00:00:00+00:00, run_after=2023-05-01T00:00:00+00:00
[2026-09-13T00:54:36.504+0000] {processor.py:178} INFO - Processing /opt/airflow/dags/4_dependencies.py took 0.478 seconds
[2026-09-13T00:55:06.847+0000] {processor.py:156} INFO - Started process (PID=160310) to work on /opt/airflow/dags/4_dependencies.py
[2026-09-13T00:55:06.851+0000] {processor.py:799} INFO - Processing file /opt/airflow/dags/4_dependencies.py for tasks to queue
[2026-09-13T00:55:06.853+0000] {logging_mixin.py:149} INFO - [2026-09-13T00:55:06.852+0000] {dagbag.py:541} INFO - Filling up the DagBag from /opt/airflow/dags/4_dependencies.py
[2026-09-13T00:55:06.884+0000] {processor.py:809} INFO - DAG(s) dict_keys(['4-dependencies']) retrieved from /opt/airflow/dags/4_dependencies.py
[2026-09-13T00:55:06.973+0000] {logging_mixin.py:149} INFO - [2026-09-13T00:55:06.973+0000] {dag.py:2726} INFO - Sync 1 DAGs
[2026-09-13T00:55:07.046+0000] {logging_mixin.py:149} INFO - [2026-09-13T00:55:07.045+0000] {dag.py:3490} INFO - Setting next_dagrun for 4-dependencies to 2023-05-01T00:00:00+00:00, run_after=2023-05-01T00:00:00+00:00
[2026-09-13T00:55:07.114+0000] {processor.py:178} INFO - Processing /opt/airflow/dags/4_dependencies.py took 0.279 seconds
[2026-09-13T00:55:37.363+0000] {processor.py:156} INFO - Started process (PID=160325) to work on /opt/airflow/dags/4_dependencies.py
[2026-09-13T00:55:37.369+0000] {processor.py:799} INFO - Processing file /opt/airflow/dags/4_dependencies.py for tasks to queue
[2026-09-13T00:55:37.371+0000] {logging_mixin.py:149} INFO - [2026-09-13T00:55:37.370+0000] {dagbag.py:541} INFO - Filling up the DagBag from /opt/airflow/dags/4_dependencies.py
[2026-09-13T00:55:37.402+0000] {processor.py:809} INFO - DAG(s) dict_keys(['4-dependencies']) retrieved from /opt/airflow/dags/4_dependencies.py
[2026-09-13T00:55:37.500+0000] {logging_mixin.py:149} INFO - [2026-09-13T00:55:37.499+0000] {dag.py:2726} INFO - Sync 1 DAGs
[2026-09-13T00:55:37.582+0000] {logging_mixin.py:149} INFO - [2026-09-13T00:55:37.581+0000] {dag.py:3490} INFO - Setting next_dagrun for 4-dependencies to 2023-05-01T00:00:00+00:00, run_after=2023-05-01T00:00:00+00:00
[2026-09-13T00:55:37.647+0000] {processor.py:178} INFO - Processing /opt/airflow/dags/4_dependencies.py took 0.296 seconds
[2026-09-13T00:56:07.821+0000] {processor.py:156} INFO - Started process (PID=160339) to work on /opt/airflow/dags/4_dependencies.py
[2026-09-13T00:56:07.823+0000] {processor.py:799} INFO - Processing file /opt/airflow/dags/4_dependencies.py for tasks to queue
[2026-09-13T00:56:07.824+0000] {logging_mixin.py:149} INFO - [2026-09-13T00:56:07.824+0000] {dagbag.py:541} INFO - Filling up the DagBag from /opt/airflow/dags/4_dependencies.py
[2026-09-13T00:56:07.840+0000] {processor.py:809} INFO - DAG(s) dict_keys(['4-dependencies']) retrieved from /opt/airflow/dags/4_dependencies.py
[2026-09-13T00:56:07.929+0000] {logging_mixin.py:149} INFO - [2026-09-13T00:56:07.928+0000] {dag.py:2726} INFO - Sync 1 DAGs
[2026-09-13T00:56:07.999+0000] {logging_mixin.py:149} INFO - [2026-09-13T00:56:07.999+0000] {dag.py:3490} INFO - Setting next_dagrun for 4-dependencies to 2023-05-01T00:00:00+00:00, run_after=2023-05-01T00:00:00+00:00
[2026-09-13T00:56:08.060+0000] {processor.py:178} INFO - Processing /opt/airflow/dags/4_dependencies.py took 0.244 seconds
[2026-09-13T00:56:38.257+0000] {processor.py:156} INFO - Started process (PID=160354) to work on /opt/airflow/dags/4_dependencies.py
[2026-09-13T00:56:38.259+0000] {processor.py:799} INFO - Processing file /opt/airflow/dags/4_dependencies.py for tasks to queue
[2026-09-13T00:56:38.261+0000] {logging_mixin.py:149} INFO - [2026-09-13T00:56:38.261+0000] {dagbag.py:541} INFO - Filling up the DagBag from /opt/airflow/dags/4_dependencies.py
[2026-09-13T00:56:38.289+0000] {processor.py:809} INFO - DAG(s) dict_keys(['4-dependencies']) retrieved from /opt/airflow/dags/4_dependencies.py
[2026-09-13T00:56:38.372+0000] {logging_mixin.py:149} INFO - [2026-09-13T00:56:38.372+0000] {dag.py:2726} INFO - Sync 1 DAGs
[2026-09-13T00:56:38.419+0000] {logging_mixin.py:149} INFO - [2026-09-13T00:56:38.419+0000] {dag.py:3490} INFO - Setting next_dagrun for 4-dependencies to 2023-05-01T00:00:00+00:00, run_after=2023-05-01T00:00:00+00:00
[2026-09-13T00:56:38.447+0000] {processor.py:178} INFO - Processing /opt/airflow/dags/4_dependencies.py took 0.205 seconds
[2026-09-13T00:57:08.881+0000] {processor.py:156} INFO - Started process (PID=160367) to work on /opt/airflow/dags/4_dependencies.py
[2026-09-13T00:57:08.886+0000] {processor.py:799} INFO - Processing file /opt/airflow/dags/4_dependencies.py for tasks to queue
[2026-09-13T00:57:08.888+0000] {logging_mixin.py:149} INFO - [2026-09-13T00:57:08.888+0000] {dagbag.py:541} INFO - Filling up the DagBag from /opt/airflow/dags/4_dependencies.py
[2026-09-13T00:57:08.926+0000] {processor.py:809} INFO - DAG(s) dict_keys(['4-dependencies']) retrieved from /opt/airflow/dags/4_dependencies.py
[2026-09-13T00:57:09.022+0000] {logging_mixin.py:149} INFO - [2026-09-13T00:57:09.021+0000] {dag.py:2726} INFO - Sync 1 DAGs
[2026-09-13T00:57:09.101+0000] {logging_mixin.py:149} INFO - [2026-09-13T00:57:09.100+0000] {dag.py:3490} INFO - Setting next_dagrun for 4-dependencies to 2023-05-01T00:00:00+00:00, run_after=2023-05-01T00:00:00+00:00
[2026-09-13T00:57:09.386+0000] {processor.py:178} INFO - Processing /opt/airflow/dags/4_dependencies.py took 0.515 seconds
[2026-09-13T00:57:39.701+0000] {processor.py:156} INFO - Started process (PID=160381) to work on /opt/airflow/dags/4_dependencies.py
[2026-09-13T00:57:39.705+0000] {processor.py:799} INFO - Processing file /opt/airflow/dags/4_dependencies.py for tasks to queue
[2026-09-13T00:57:39.707+0000] {logging_mixin.py:149} INFO - [2026-09-13T00:57:39.707+0000] {dagbag.py:541} INFO - Filling up the DagBag from /opt/airflow/dags/4_dependencies.py
[2026-09-13T00:57:39.735+0000] {processor.py:809} INFO - DAG(s) dict_keys(['4-dependencies']) retrieved from /opt/airflow/dags/4_dependencies.py
[2026-09-13T00:57:39.817+0000] {logging_mixin.py:149} INFO - [2026-09-13T00:57:39.817+0000] {dag.py:2726} INFO - Sync 1 DAGs
[2026-09-13T00:57:40.094+0000] {logging_mixin.py:149} INFO - [2026-09-13T00:57:40.094+0000] {dag.py:3490} INFO - Setting next_dagrun for 4-dependencies to 2023-05-01T00:00:00+00:00, run_after=2023-05-01T00:00:00+00:00
[2026-09-13T00:57:40.137+0000] {processor.py:178} INFO - Processing /opt/airflow/dags/4_dependencies.py took 0.446 seconds
[2026-09-13T00:58:10.335+0000] {processor.py:156} INFO - Started process (PID=160395) to work on /opt/airflow/dags/4_dependencies.py
[2026-09-13T00:58:10.339+0000] {processor.py:799} INFO - Processing file /opt/airflow/dags/4_dependencies.py for tasks to queue
[2026-09-13T00:58:10.341+0000] {logging_mixin.py:149} INFO - [2026-09-13T00:58:10.340+0000] {dagbag.py:541} INFO - Filling up the DagBag from /opt/airflow/dags/4_dependencies.py
[2026-09-13T00:58:10.368+0000] {processor.py:809} INFO - DAG(s) dict_keys(['4-dependencies']) retrieved from /opt/airflow/dags/4_dependencies.py
[2026-09-13T00:58:10.458+0000] {logging_mixin.py:149} INFO - [2026-09-13T00:58:10.457+0000] {dag.py:2726} INFO - Sync 1 DAGs
[2026-09-13T00:58:10.523+0000] {logging_mixin.py:149} INFO - [2026-09-13T00:58:10.523+0000] {dag.py:3490} INFO - Setting next_dagrun for 4-dependencies to 2023-05-01T00:00:00+00:00, run_after=2023-05-01T00:00:00+00:00
[2026-09-13T00:58:10.587+0000] {processor.py:178} INFO - Processing /opt/airflow/dags/4_dependencies.py took 0.263 seconds
[2026-09-13T00:58:41.267+0000] {processor.py:156} INFO - Started process (PID=160415) to work on /opt/airflow/dags/4_dependencies.py
[2026-09-13T00:58:41.271+0000] {processor.py:799} INFO - Processing file /opt/airflow/dags/4_dependencies.py for tasks to queue
[2026-09-13T00:58:41.273+0000] {logging_mixin.py:149} INFO - [2026-09-13T00:58:41.273+0000] {dagbag.py:541} INFO - Filling up the DagBag from /opt/airflow/dags/4_dependencies.py
[2026-09-13T00:58:41.307+0000] {processor.py:809} INFO - DAG(s) dict_keys(['4-dependencies']) retrieved from /opt/airflow/dags/4_dependencies.py
[2026-09-13T00:58:41.409+0000] {logging_mixin.py:149} INFO - [2026-09-13T00:58:41.408+0000] {dag.py:2726} INFO - Sync 1 DAGs
[2026-09-13T00:58:41.464+0000] {logging_mixin.py:149} INFO - [2026-09-13T00:58:41.463+0000] {dag.py:3490} INFO - Setting next_dagrun for 4-dependencies to 2023-05-01T00:00:00+00:00, run_after=2023-05-01T00:00:00+00:00
[2026-09-13T00:58:41.496+0000] {processor.py:178} INFO - Processing /opt/airflow/dags/4_dependencies.py took 0.239 seconds
[2026-09-13T00:59:11.704+0000] {processor.py:156} INFO - Started process (PID=160430) to work on /opt/airflow/dags/4_dependencies.py
[2026-09-13T00:59:11.707+0000] {processor.py:799} INFO - Processing file /opt/airflow/dags/4_dependencies.py for tasks to queue
[2026-09-13T00:59:11.709+0000] {logging_mixin.py:149} INFO - [2026-09-13T00:59:11.709+0000] {dagbag.py:541} INFO - Filling up the DagBag from /opt/airflow/dags/4_dependencies.py
[2026-09-13T00:59:11.738+0000] {processor.py:809} INFO - DAG(s) dict_keys(['4-dependencies']) retrieved from /opt/airflow/dags/4_dependencies.py
[2026-09-13T00:59:11.818+0000] {logging_mixin.py:149} INFO - [2026-09-13T00:59:11.817+0000] {dag.py:2726} INFO - Sync 1 DAGs
[2026-09-13T00:59:11.883+0000] {logging_mixin.py:149} INFO - [2026-09-13T00:59:11.883+0000] {dag.py:3490} INFO - Setting next_dagrun for 4-dependencies to 2023-05-01T00:00:00+00:00, run_after=2023-05-01T00:00:00+00:00
[2026-09-13T00:59:11.944+0000] {processor.py:178} INFO - Processing /opt/airflow/dags/4_dependencies.py took 0.250 seconds
[2026-09-13T00:59:42.148+0000] {processor.py:156} INFO - Started process (PID=160444) to work on /opt/airflow/dags/4_dependencies.py
[2026-09-13T00:59:42.154+0000] {processor.py:799} INFO - Processing file /opt/airflow/dags/4_dependencies.py for tasks to queue
[2026-09-13T00:59:42.157+0000] {logging_mixin.py:149} INFO - [2026-09-13T00:59:42.156+0000] {dagbag.py:541} INFO - Filling up the DagBag from /opt/airflow/dags/4_dependencies.py
[2026-09-13T00:59:42.189+0000] {processor.py:809} INFO - DAG(s) dict_keys(['4-dependencies']) retrieved from /opt/airflow/dags/4_dependencies.py
[2026-09-13T00:59:42.282+0000] {logging_mixin.py:149} INFO - [2026-09-13T00:59:42.282+0000] {dag.py:2726} INFO - Sync 1 DAGs
[2026-09-13T00:59:42.353+0000] {logging_mixin.py:149} INFO - [2026-09-13T00:59:42.352+0000] {dag.py:3490} INFO - Setting next_dagrun for 4-dependencies to 2023-05-01T00:00:00+00:00, run_after=2023-05-01T00:00:00+00:00
[2026-09-13T00:59:42.660+0000] {processor.py:178} INFO - Processing /opt/airflow/dags/4_dependencies.py took 0.524 seconds
[2026-09-13T01:00:13.244+0000] {processor.py:156} INFO - Started process (PID=160458) to work on /opt/airflow/dags/4_dependencies.py
[2026-09-13T01:00:13.248+0000] {processor.py:799} INFO - Processing file /opt/airflow/dags/4_dependencies.py for tasks to queue
[2026-09-13T01:00:13.250+0000] {logging_mixin.py:149} INFO - [2026-09-13T01:00:13.249+0000] {dagbag.py:541} INFO - Filling up the DagBag from /opt/airflow/dags/4_dependencies.py
[2026-09-13T01:00:13.278+0000] {processor.py:809} INFO - DAG(s) dict_keys(['4-dependencies']) retrieved from /opt/airflow/dags/4_dependencies.py
[2026-09-13T01:00:13.377+0000] {logging_mixin.py:149} INFO - [2026-09-13T01:00:13.377+0000] {dag.py:2726} INFO - Sync 1 DAGs
[2026-09-13T01:00:13.659+0000] {logging_mixin.py:149} INFO - [2026-09-13T01:00:13.659+0000] {dag.py:3490} INFO - Setting next_dagrun for 4-dependencies to 2023-05-01T00:00:00+00:00, run_after=2023-05-01T00:00:00+00:00
[2026-09-13T01:00:13.685+0000] {processor.py:178} INFO - Processing /opt/airflow/dags/4_dependencies.py took 0.452 seconds
[2026-09-13T01:00:44.112+0000] {processor.py:156} INFO - Started process (PID=160473) to work on /opt/airflow/dags/4_dependencies.py
[2026-09-13T01:00:44.122+0000] {processor.py:799} INFO - Processing file /opt/airflow/dags/4_dependencies.py for tasks to queue
[2026-09-13T01:00:44.123+0000] {logging_mixin.py:149} INFO - [2026-09-13T01:00:44.123+0000] {dagbag.py:541} INFO - Filling up the DagBag from /opt/airflow/dags/4_dependencies.py
[2026-09-13T01:00:44.161+0000] {processor.py:809} INFO - DAG(s) dict_keys(['4-dependencies']) retrieved from /opt/airflow/dags/4_dependencies.py
[2026-09-13T01:00:44.258+0000] {logging_mixin.py:149} INFO - [2026-09-13T01:00:44.257+0000] {dag.py:2726} INFO - Sync 1 DAGs
[2026-09-13T01:00:44.535+0000] {logging_mixin.py:149} INFO - [2026-09-13T01:00:44.535+0000] {dag.py:3490} INFO - Setting next_dagrun for 4-dependencies to 2023-05-01T00:00:00+00:00, run_after=2023-05-01T00:00:00+00:00
[2026-09-13T01:00:44.580+0000] {processor.py:178} INFO - Processing /opt/airflow/dags/4_dependencies.py took 0.479 seconds
[2026-09-13T01:01:15.221+0000] {processor.py:156} INFO - Started process (PID=160486) to work on /opt/airflow/dags/4_dependencies.py
[2026-09-13T01:01:15.235+0000] {processor.py:799} INFO - Processing file /opt/airflow/dags/4_dependencies.py for tasks to queue
[2026-09-13T01:01:15.237+0000] {logging_mixin.py:149} INFO - [2026-09-13T01:01:15.237+0000] {dagbag.py:541} INFO - Filling up the DagBag from /opt/airflow/dags/4_dependencies.py
[2026-09-13T01:01:15.270+0000] {processor.py:809} INFO - DAG(s) dict_keys(['4-dependencies']) retrieved from /opt/airflow/dags/4_dependencies.py
[2026-09-13T01:01:15.369+0000] {logging_mixin.py:149} INFO - [2026-09-13T01:01:15.369+0000] {dag.py:2726} INFO - Sync 1 DAGs
[2026-09-13T01:01:15.446+0000] {logging_mixin.py:149} INFO - [2026-09-13T01:01:15.446+0000] {dag.py:3490} INFO - Setting next_dagrun for 4-dependencies to 2023-05-01T00:00:00+00:00, run_after=2023-05-01T00:00:00+00:00
[2026-09-13T01:01:15.516+0000] {processor.py:178} INFO - Processing /opt/airflow/dags/4_dependencies.py took 0.309 seconds
[2026-09-13T01:01:45.770+0000] {processor.py:156} INFO - Started process (PID=160500) to work on /opt/airflow/dags/4_dependencies.py
[2026-09-13T01:01:45.776+0000] {processor.py:799} INFO - Processing file /opt/airflow/dags/4_dependencies.py for tasks to queue
[2026-09-13T01:01:45.777+0000] {logging_mixin.py:149} INFO - [2026-09-13T01:01:45.777+0000] {dagbag.py:541} INFO - Filling up the DagBag from /opt/airflow/dags/4_dependencies.py
[2026-09-13T01:01:45.808+0000] {processor.py:809} INFO - DAG(s) dict_keys(['4-dependencies']) retrieved from /opt/airflow/dags/4_dependencies.py
[2026-09-13T01:01:45.900+0000] {logging_mixin.py:149} INFO - [2026-09-13T01:01:45.900+0000] {dag.py:2726} INFO - Sync 1 DAGs
[2026-09-13T01:01:45.946+0000] {logging_mixin.py:149} INFO - [2026-09-13T01:01:45.946+0000] {dag.py:3490} INFO - Setting next_dagrun for 4-dependencies to 2023-05-01T00:00:00+00:00, run_after=2023-05-01T00:00:00+00:00
[2026-09-13T01:01:45.975+0000] {processor.py:178} INFO - Processing /opt/airflow/dags/4_dependencies.py took 0.217 seconds
[2026-09-13T01:02:16.114+0000] {processor.py:156} INFO - Started process (PID=160514) to work on /opt/airflow/dags/4_dependencies.py
[2026-09-13T01:02:16.118+0000] {processor.py:799} INFO - Processing file /opt/airflow/dags/4_dependencies.py for tasks to queue
[2026-09-13T01:02:16.120+0000] {logging_mixin.py:149} INFO - [2026-09-13T01:02:16.119+0000] {dagbag.py:541} INFO - Filling up the DagBag from /opt/airflow/dags/4_dependencies.py
[2026-09-13T01:02:16.147+0000] {processor.py:809} INFO - DAG(s) dict_keys(['4-dependencies']) retrieved from /opt/airflow/dags/4_dependencies.py
[2026-09-13T01:02:16.266+0000] {logging_mixin.py:149} INFO - [2026-09-13T01:02:16.266+0000] {dag.py:2726} INFO - Sync 1 DAGs
[2026-09-13T01:02:16.338+0000] {logging_mixin.py:149} INFO - [2026-09-13T01:02:16.337+0000] {dag.py:3490} INFO - Setting next_dagrun for 4-dependencies to 2023-05-01T00:00:00+00:00, run_after=2023-05-01T00:00:00+00:00
[2026-09-13T01:02:16.401+0000] {processor.py:178} INFO - Processing /opt/airflow/dags/4_dependencies.py took 0.297 seconds
[2026-09-13T01:02:46.746+0000] {processor.py:156} INFO - Started process (PID=160527) to work on /opt/airflow/dags/4_dependencies.py
[2026-09-13T01:02:46.751+0000] {processor.py:799} INFO - Processing file /opt/airflow/dags/4_dependencies.py for tasks to queue
[2026-09-13T01:02:46.753+0000] {logging_mixin.py:149} INFO - [2026-09-13T01:02:46.753+0000] {dagbag.py:541} INFO - Filling up the DagBag from /opt/airflow/dags/4_dependencies.py
[2026-09-13T01:02:46.783+0000] {processor.py:809} INFO - DAG(s) dict_keys(['4-dependencies']) retrieved from /opt/airflow/dags/4_dependencies.py
[2026-09-13T01:02:46.844+0000] {logging_mixin.py:149} INFO - [2026-09-13T01:02:46.844+0000] {dag.py:2726} INFO - Sync 1 DAGs
[2026-09-13T01:02:46.892+0000] {logging_mixin.py:149} INFO - [2026-09-13T01:02:46.892+0000] {dag.py:3490} INFO - Setting next_dagrun for 4-dependencies to 2023-05-01T00:00:00+00:00, run_after=2023-05-01T00:00:00+00:00
[2026-09-13T01:02:47.168+0000] {processor.py:178} INFO - Processing /opt/airflow/dags/4_dependencies.py took 0.433 seconds
[2026-09-13T01:03:17.427+0000] {processor.py:156} INFO - Started process (PID=160542) to work on /opt/airflow/dags/4_dependencies.py
[2026-09-13T01:03:17.431+0000] {processor.py:799} INFO - Processing file /opt/airflow/dags/4_dependencies.py for tasks to queue
[2026-09-13T01:03:17.432+0000] {logging_mixin.py:149} INFO - [2026-09-13T01:03:17.432+0000] {dagbag.py:541} INFO - Filling up the DagBag from /opt/airflow/dags/4_dependencies.py
[2026-09-13T01:03:17.461+0000] {processor.py:809} INFO - DAG(s) dict_keys(['4-dependencies']) retrieved from /opt/airflow/dags/4_dependencies.py
[2026-09-13T01:03:17.568+0000] {logging_mixin.py:149} INFO - [2026-09-13T01:03:17.567+0000] {dag.py:2726} INFO - Sync 1 DAGs
[2026-09-13T01:03:17.870+0000] {logging_mixin.py:149} INFO - [2026-09-13T01:03:17.870+0000] {dag.py:3490} INFO - Setting next_dagrun for 4-dependencies to 2023-05-01T00:00:00+00:00, run_after=2023-05-01T00:00:00+00:00
[2026-09-13T01:03:17.933+0000] {processor.py:178} INFO - Processing /opt/airflow/dags/4_dependencies.py took 0.516 seconds
[2026-09-13T01:03:48.364+0000] {processor.py:156} INFO - Started process (PID=160555) to work on /opt/airflow/dags/4_dependencies.py
[2026-09-13T01:03:48.367+0000] {processor.py:799} INFO - Processing file /opt/airflow/dags/4_dependencies.py for tasks to queue
[2026-09-13T01:03:48.371+0000] {logging_mixin.py:149} INFO - [2026-09-13T01:03:48.369+0000] {dagbag.py:541} INFO - Filling up the DagBag from /opt/airflow/dags/4_dependencies.py
[2026-09-13T01:03:48.397+0000] {processor.py:809} INFO - DAG(s) dict_keys(['4-dependencies']) retrieved from /opt/airflow/dags/4_dependencies.py
[2026-09-13T01:03:48.493+0000] {logging_mixin.py:149} INFO - [2026-09-13T01:03:48.492+0000] {dag.py:2726} INFO - Sync 1 DAGs
[2026-09-13T01:03:48.540+0000] {logging_mixin.py:149} INFO - [2026-09-13T01:03:48.540+0000] {dag.py:3490} INFO - Setting next_dagrun for 4-dependencies to 2023-05-01T00:00:00+00:00, run_after=2023-05-01T00:00:00+00:00
[2026-09-13T01:03:48.586+0000] {processor.py:178} INFO - Processing /opt/airflow/dags/4_dependencies.py took 0.240 seconds
[2026-09-13T01:04:18.648+0000] {processor.py:156} INFO - Started process (PID=160569) to work on /opt/airflow/dags/4_dependencies.py
[2026-09-13T01:04:18.652+0000] {processor.py:799} INFO - Processing file /opt/airflow/dags/4_dependencies.py for tasks to queue
[2026-09-13T01:04:18.654+0000] {logging_mixin.py:149} INFO - [2026-09-13T01:04:18.654+0000] {dagbag.py:541} INFO - Filling up the DagBag from /opt/airflow/dags/4_dependencies.py
[2026-09-13T01:04:18.691+0000] {processor.py:809} INFO - DAG(s) dict_keys(['4-dependencies']) retrieved from /opt/airflow/dags/4_dependencies.py
[2026-09-13T01:04:18.792+0000] {logging_mixin.py:149} INFO - [2026-09-13T01:04:18.792+0000] {dag.py:2726} INFO - Sync 1 DAGs
[2026-09-13T01:04:18.842+0000] {logging_mixin.py:149} INFO - [2026-09-13T01:04:18.841+0000] {dag.py:3490} INFO - Setting next_dagrun for 4-dependencies to 2023-05-01T00:00:00+00:00, run_after=2023-05-01T00:00:00+00:00
[2026-09-13T01:04:18.887+0000] {processor.py:178} INFO - Processing /opt/airflow/dags/4_dependencies.py took 0.249 seconds
[2026-09-13T01:04:49.088+0000] {processor.py:156} INFO - Started process (PID=160582) to work on /opt/airflow/dags/4_dependencies.py
[2026-09-13T01:04:49.090+0000] {processor.py:799} INFO - Processing file /opt/airflow/dags/4_dependencies.py for tasks to queue
[2026-09-13T01:04:49.091+0000] {logging_mixin.py:149} INFO - [2026-09-13T01:04:49.091+0000] {dagbag.py:541} INFO - Filling up the DagBag from /opt/airflow/dags/4_dependencies.py
[2026-09-13T01:04:49.107+0000] {processor.py:809} INFO - DAG(s) dict_keys(['4-dependencies']) retrieved from /opt/airflow/dags/4_dependencies.py
[2026-09-13T01:04:49.157+0000] {logging_mixin.py:149} INFO - [2026-09-13T01:04:49.157+0000] {dag.py:2726} INFO - Sync 1 DAGs
[2026-09-13T01:04:49.201+0000] {logging_mixin.py:149} INFO - [2026-09-13T01:04:49.201+0000] {dag.py:3490} INFO - Setting next_dagrun for 4-dependencies to 2023-05-01T00:00:00+00:00, run_after=2023-05-01T00:00:00+00:00
[2026-09-13T01:04:49.240+0000] {processor.py:178} INFO - Processing /opt/airflow/dags/4_dependencies.py took 0.158 seconds
[2026-09-13T01:05:19.512+0000] {processor.py:156} INFO - Started process (PID=160596) to work on /opt/airflow/dags/4_dependencies.py
[2026-09-13T01:05:19.516+0000] {processor.py:799} INFO - Processing file /opt/airflow/dags/4_dependencies.py for tasks to queue
[2026-09-13T01:05:19.518+0000] {logging_mixin.py:149} INFO - [2026-09-13T01:05:19.518+0000] {dagbag.py:541} INFO - Filling up the DagBag from /opt/airflow/dags/4_dependencies.py
[2026-09-13T01:05:19.549+0000] {processor.py:809} INFO - DAG(s) dict_keys(['4-dependencies']) retrieved from /opt/airflow/dags/4_dependencies.py
[2026-09-13T01:05:19.650+0000] {logging_mixin.py:149} INFO - [2026-09-13T01:05:19.650+0000] {dag.py:2726} INFO - Sync 1 DAGs
[2026-09-13T01:05:19.713+0000] {logging_mixin.py:149} INFO - [2026-09-13T01:05:19.713+0000] {dag.py:3490} INFO - Setting next_dagrun for 4-dependencies to 2023-05-01T00:00:00+00:00, run_after=2023-05-01T00:00:00+00:00
[2026-09-13T01:05:20.001+0000] {processor.py:178} INFO - Processing /opt/airflow/dags/4_dependencies.py took 0.501 seconds
[2026-09-13T01:05:50.458+0000] {processor.py:156} INFO - Started process (PID=160611) to work on /opt/airflow/dags/4_dependencies.py
[2026-09-13T01:05:50.462+0000] {processor.py:799} INFO - Processing file /opt/airflow/dags/4_dependencies.py for tasks to queue
[2026-09-13T01:05:50.464+0000] {logging_mixin.py:149} INFO - [2026-09-13T01:05:50.464+0000] {dagbag.py:541} INFO - Filling up the DagBag from /opt/airflow/dags/4_dependencies.py
[2026-09-13T01:05:50.492+0000] {processor.py:809} INFO - DAG(s) dict_keys(['4-dependencies']) retrieved from /opt/airflow/dags/4_dependencies.py
[2026-09-13T01:05:50.587+0000] {logging_mixin.py:149} INFO - [2026-09-13T01:05:50.586+0000] {dag.py:2726} INFO - Sync 1 DAGs
[2026-09-13T01:05:50.862+0000] {logging_mixin.py:149} INFO - [2026-09-13T01:05:50.861+0000] {dag.py:3490} INFO - Setting next_dagrun for 4-dependencies to 2023-05-01T00:00:00+00:00, run_after=2023-05-01T00:00:00+00:00
[2026-09-13T01:05:50.885+0000] {processor.py:178} INFO - Processing /opt/airflow/dags/4_dependencies.py took 0.439 seconds
[2026-09-13T01:06:21.292+0000] {processor.py:156} INFO - Started process (PID=160624) to work on /opt/airflow/dags/4_dependencies.py
[2026-09-13T01:06:21.298+0000] {processor.py:799} INFO - Processing file /opt/airflow/dags/4_dependencies.py for tasks to queue
[2026-09-13T01:06:21.300+0000] {logging_mixin.py:149} INFO - [2026-09-13T01:06:21.299+0000] {dagbag.py:541} INFO - Filling up the DagBag from /opt/airflow/dags/4_dependencies.py
[2026-09-13T01:06:21.337+0000] {processor.py:809} INFO - DAG(s) dict_keys(['4-dependencies']) retrieved from /opt/airflow/dags/4_dependencies.py
[2026-09-13T01:06:21.425+0000] {logging_mixin.py:149} INFO - [2026-09-13T01:06:21.424+0000] {dag.py:2726} INFO - Sync 1 DAGs
[2026-09-13T01:06:21.700+0000] {logging_mixin.py:149} INFO - [2026-09-13T01:06:21.699+0000] {dag.py:3490} INFO - Setting next_dagrun for 4-dependencies to 2023-05-01T00:00:00+00:00, run_after=2023-05-01T00:00:00+00:00
[2026-09-13T01:06:21.746+0000] {processor.py:178} INFO - Processing /opt/airflow/dags/4_dependencies.py took 0.464 seconds
[2026-09-13T01:06:52.005+0000] {processor.py:156} INFO - Started process (PID=160637) to work on /opt/airflow/dags/4_dependencies.py
[2026-09-13T01:06:52.008+0000] {processor.py:799} INFO - Processing file /opt/airflow/dags/4_dependencies.py for tasks to queue
[2026-09-13T01:06:52.010+0000] {logging_mixin.py:149} INFO - [2026-09-13T01:06:52.010+0000] {dagbag.py:541} INFO - Filling up the DagBag from /opt/airflow/dags/4_dependencies.py
[2026-09-13T01:06:52.036+0000] {processor.py:809} INFO - DAG(s) dict_keys(['4-dependencies']) retrieved from /opt/airflow/dags/4_dependencies.py
[2026-09-13T01:06:52.121+0000] {logging_mixin.py:149} INFO - [2026-09-13T01:06:52.121+0000] {dag.py:2726} INFO - Sync 1 DAGs
[2026-09-13T01:06:52.182+0000] {logging_mixin.py:149} INFO - [2026-09-13T01:06:52.181+0000] {dag.py:3490} INFO - Setting next_dagrun for 4-dependencies to 2023-05-01T00:00:00+00:00, run_after=2023-05-01T00:00:00+00:00
[2026-09-13T01:06:52.227+0000] {processor.py:178} INFO - Processing /opt/airflow/dags/4_dependencies.py took 0.233 seconds
[2026-09-13T01:07:22.410+0000] {processor.py:156} INFO - Started process (PID=160650) to work on /opt/airflow/dags/4_dependencies.py
[2026-09-13T01:07:22.414+0000] {processor.py:799} INFO - Processing file /opt/airflow/dags/4_dependencies.py for tasks to queue
[2026-09-13T01:07:22.416+0000] {logging_mixin.py:149} INFO - [2026-09-13T01:07:22.416+0000] {dagbag.py:541} INFO - Filling up the DagBag from /opt/airflow/dags/4_dependencies.py
[2026-09-13T01:07:22.445+0000] {processor.py:809} INFO - DAG(s) dict_keys(['4-dependencies']) retrieved from /opt/airflow/dags/4_dependencies.py
[2026-09-13T01:07:22.540+0000] {logging_mixin.py:149} INFO - [2026-09-13T01:07:22.539+0000] {dag.py:2726} INFO - Sync 1 DAGs
[2026-09-13T01:07:22.603+0000] {logging_mixin.py:149} INFO - [2026-09-13T01:07:22.602+0000] {dag.py:3490} INFO - Setting next_dagrun for 4-dependencies to 2023-05-01T00:00:00+00:00, run_after=2023-05-01T00:00:00+00:00
[2026-09-13T01:07:22.663+0000] {processor.py:178} INFO - Processing /opt/airflow/dags/4_dependencies.py took 0.264 seconds
[2026-09-13T01:07:52.801+0000] {processor.py:156} INFO - Started process (PID=160664) to work on /opt/airflow/dags/4_dependencies.py
[2026-09-13T01:07:52.804+0000] {processor.py:799} INFO - Processing file /opt/airflow/dags/4_dependencies.py for tasks to queue
[2026-09-13T01:07:52.806+0000] {logging_mixin.py:149} INFO - [2026-09-13T01:07:52.806+0000] {dagbag.py:541} INFO - Filling up the DagBag from /opt/airflow/dags/4_dependencies.py
[2026-09-13T01:07:52.844+0000] {processor.py:809} INFO - DAG(s) dict_keys(['4-dependencies']) retrieved from /opt/airflow/dags/4_dependencies.py
[2026-09-13T01:07:52.915+0000] {logging_mixin.py:149} INFO - [2026-09-13T01:07:52.915+0000] {dag.py:2726} INFO - Sync 1 DAGs
[2026-09-13T01:07:52.985+0000] {logging_mixin.py:149} INFO - [2026-09-13T01:07:52.984+0000] {dag.py:3490} INFO - Setting next_dagrun for 4-dependencies to 2023-05-01T00:00:00+00:00, run_after=2023-05-01T00:00:00+00:00
[2026-09-13T01:07:53.036+0000] {processor.py:178} INFO - Processing /opt/airflow/dags/4_dependencies.py took 0.247 seconds
[2026-09-13T01:08:23.230+0000] {processor.py:156} INFO - Started process (PID=160678) to work on /opt/airflow/dags/4_dependencies.py
[2026-09-13T01:08:23.233+0000] {processor.py:799} INFO - Processing file /opt/airflow/dags/4_dependencies.py for tasks to queue
[2026-09-13T01:08:23.235+0000] {logging_mixin.py:149} INFO - [2026-09-13T01:08:23.234+0000] {dagbag.py:541} INFO - Filling up the DagBag from /opt/airflow/dags/4_dependencies.py
[2026-09-13T01:08:23.262+0000] {processor.py:809} INFO - DAG(s) dict_keys(['4-dependencies']) retrieved from /opt/airflow/dags/4_dependencies.py
[2026-09-13T01:08:23.329+0000] {logging_mixin.py:149} INFO - [2026-09-13T01:08:23.329+0000] {dag.py:2726} INFO - Sync 1 DAGs
[2026-09-13T01:08:23.576+0000] {logging_mixin.py:149} INFO - [2026-09-13T01:08:23.575+0000] {dag.py:3490} INFO - Setting next_dagrun for 4-dependencies to 2023-05-01T00:00:00+00:00, run_after=2023-05-01T00:00:00+00:00
[2026-09-13T01:08:23.600+0000] {processor.py:178} INFO - Processing /opt/airflow/dags/4_dependencies.py took 0.382 seconds
[2026-09-13T01:08:53.774+0000] {processor.py:156} INFO - Started process (PID=160692) to work on /opt/airflow/dags/4_dependencies.py
[2026-09-13T01:08:53.778+0000] {processor.py:799} INFO - Processing file /opt/airflow/dags/4_dependencies.py for tasks to queue
[2026-09-13T01:08:53.780+0000] {logging_mixin.py:149} INFO - [2026-09-13T01:08:53.780+0000] {dagbag.py:541} INFO - Filling up the DagBag from /opt/airflow/dags/4_dependencies.py
[2026-09-13T01:08:53.811+0000] {processor.py:809} INFO - DAG(s) dict_keys(['4-dependencies']) retrieved from /opt/airflow/dags/4_dependencies.py
[2026-09-13T01:08:53.870+0000] {logging_mixin.py:149} INFO - [2026-09-13T01:08:53.870+0000] {dag.py:2726} INFO - Sync 1 DAGs
[2026-09-13T01:08:54.241+0000] {logging_mixin.py:149} INFO - [2026-09-13T01:08:54.241+0000] {dag.py:3490} INFO - Setting next_dagrun for 4-dependencies to 2023-05-01T00:00:00+00:00, run_after=2023-05-01T00:00:00+00:00
[2026-09-13T01:08:54.264+0000] {processor.py:178} INFO - Processing /opt/airflow/dags/4_dependencies.py took 0.501 seconds
[2026-09-13T01:09:24.529+0000] {processor.py:156} INFO - Started process (PID=160706) to work on /opt/airflow/dags/4_dependencies.py
[2026-09-13T01:09:24.532+0000] {processor.py:799} INFO - Processing file /opt/airflow/dags/4_dependencies.py for tasks to queue
[2026-09-13T01:09:24.534+0000] {logging_mixin.py:149} INFO - [2026-09-13T01:09:24.534+0000] {dagbag.py:541} INFO - Filling up the DagBag from /opt/airflow/dags/4_dependencies.py
[2026-09-13T01:09:24.562+0000] {processor.py:809} INFO - DAG(s) dict_keys(['4-dependencies']) retrieved from /opt/airflow/dags/4_dependencies.py
[2026-09-13T01:09:24.662+0000] {logging_mixin.py:149} INFO - [2026-09-13T01:09:24.662+0000] {dag.py:2726} INFO - Sync 1 DAGs
[2026-09-13T01:09:24.724+0000] {logging_mixin.py:149} INFO - [2026-09-13T01:09:24.723+0000] {dag.py:3490} INFO - Setting next_dagrun for 4-dependencies to 2023-05-01T00:00:00+00:00, run_after=2023-05-01T00:00:00+00:00
[2026-09-13T01:09:24.769+0000] {processor.py:178} INFO - Processing /opt/airflow/dags/4_dependencies.py took 0.252 seconds
[2026-09-13T01:09:54.946+0000] {processor.py:156} INFO - Started process (PID=160719) to work on /opt/airflow/dags/4_dependencies.py
[2026-09-13T01:09:54.949+0000] {processor.py:799} INFO - Processing file /opt/airflow/dags/4_dependencies.py for tasks to queue
[2026-09-13T01:09:54.951+0000] {logging_mixin.py:149} INFO - [2026-09-13T01:09:54.951+0000] {dagbag.py:541} INFO - Filling up the DagBag from /opt/airflow/dags/4_dependencies.py
[2026-09-13T01:09:54.980+0000] {processor.py:809} INFO - DAG(s) dict_keys(['4-dependencies']) retrieved from /opt/airflow/dags/4_dependencies.py
[2026-09-13T01:09:55.067+0000] {logging_mixin.py:149} INFO - [2026-09-13T01:09:55.067+0000] {dag.py:2726} INFO - Sync 1 DAGs
[2026-09-13T01:09:55.131+0000] {logging_mixin.py:149} INFO - [2026-09-13T01:09:55.130+0000] {dag.py:3490} INFO - Setting next_dagrun for 4-dependencies to 2023-05-01T00:00:00+00:00, run_after=2023-05-01T00:00:00+00:00
[2026-09-13T01:09:55.205+0000] {processor.py:178} INFO - Processing /opt/airflow/dags/4_dependencies.py took 0.270 seconds
[2026-09-13T01:10:25.401+0000] {processor.py:156} INFO - Started process (PID=160734) to work on /opt/airflow/dags/4_dependencies.py
[2026-09-13T01:10:25.404+0000] {processor.py:799} INFO - Processing file /opt/airflow/dags/4_dependencies.py for tasks to queue
[2026-09-13T01:10:25.406+0000] {logging_mixin.py:149} INFO - [2026-09-13T01:10:25.406+0000] {dagbag.py:541} INFO - Filling up the DagBag from /opt/airflow/dags/4_dependencies.py
[2026-09-13T01:10:25.434+0000] {processor.py:809} INFO - DAG(s) dict_keys(['4-dependencies']) retrieved from /opt/airflow/dags/4_dependencies.py
[2026-09-13T01:10:25.523+0000] {logging_mixin.py:149} INFO - [2026-09-13T01:10:25.522+0000] {dag.py:2726} INFO - Sync 1 DAGs
[2026-09-13T01:10:25.592+0000] {logging_mixin.py:149} INFO - [2026-09-13T01:10:25.591+0000] {dag.py:3490} INFO - Setting next_dagrun for 4-dependencies to 2023-05-01T00:00:00+00:00, run_after=2023-05-01T00:00:00+00:00
[2026-09-13T01:10:25.665+0000] {processor.py:178} INFO - Processing /opt/airflow/dags/4_dependencies.py took 0.275 seconds
[2026-09-13T01:10:55.801+0000] {processor.py:156} INFO - Started process (PID=160747) to work on /opt/airflow/dags/4_dependencies.py
[2026-09-13T01:10:55.804+0000] {processor.py:799} INFO - Processing file /opt/airflow/dags/4_dependencies.py for tasks to queue
[2026-09-13T01:10:55.806+0000] {logging_mixin.py:149} INFO - [2026-09-13T01:10:55.806+0000] {dagbag.py:541} INFO - Filling up the DagBag from /opt/airflow/dags/4_dependencies.py
[2026-09-13T01:10:55.833+0000] {processor.py:809} INFO - DAG(s) dict_keys(['4-dependencies']) retrieved from /opt/airflow/dags/4_dependencies.py
[2026-09-13T01:10:55.935+0000] {logging_mixin.py:149} INFO - [2026-09-13T01:10:55.934+0000] {dag.py:2726} INFO - Sync 1 DAGs
[2026-09-13T01:10:56.005+0000] {logging_mixin.py:149} INFO - [2026-09-13T01:10:56.005+0000] {dag.py:3490} INFO - Setting next_dagrun for 4-dependencies to 2023-05-01T00:00:00+00:00, run_after=2023-05-01T00:00:00+00:00
[2026-09-13T01:10:56.286+0000] {processor.py:178} INFO - Processing /opt/airflow/dags/4_dependencies.py took 0.497 seconds
[2026-09-13T01:11:26.646+0000] {processor.py:156} INFO - Started process (PID=160761) to work on /opt/airflow/dags/4_dependencies.py
[2026-09-13T01:11:26.649+0000] {processor.py:799} INFO - Processing file /opt/airflow/dags/4_dependencies.py for tasks to queue
[2026-09-13T01:11:26.651+0000] {logging_mixin.py:149} INFO - [2026-09-13T01:11:26.650+0000] {dagbag.py:541} INFO - Filling up the DagBag from /opt/airflow/dags/4_dependencies.py
[2026-09-13T01:11:26.677+0000] {processor.py:809} INFO - DAG(s) dict_keys(['4-dependencies']) retrieved from /opt/airflow/dags/4_dependencies.py
[2026-09-13T01:11:26.773+0000] {logging_mixin.py:149} INFO - [2026-09-13T01:11:26.773+0000] {dag.py:2726} INFO - Sync 1 DAGs
[2026-09-13T01:11:27.033+0000] {logging_mixin.py:149} INFO - [2026-09-13T01:11:27.033+0000] {dag.py:3490} INFO - Setting next_dagrun for 4-dependencies to 2023-05-01T00:00:00+00:00, run_after=2023-05-01T00:00:00+00:00
[2026-09-13T01:11:27.057+0000] {processor.py:178} INFO - Processing /opt/airflow/dags/4_dependencies.py took 0.423 seconds
[2026-09-13T01:11:57.460+0000] {processor.py:156} INFO - Started process (PID=160775) to work on /opt/airflow/dags/4_dependencies.py
[2026-09-13T01:11:57.462+0000] {processor.py:799} INFO - Processing file /opt/airflow/dags/4_dependencies.py for tasks to queue
[2026-09-13T01:11:57.464+0000] {logging_mixin.py:149} INFO - [2026-09-13T01:11:57.464+0000] {dagbag.py:541} INFO - Filling up the DagBag from /opt/airflow/dags/4_dependencies.py
[2026-09-13T01:11:57.482+0000] {processor.py:809} INFO - DAG(s) dict_keys(['4-dependencies']) retrieved from /opt/airflow/dags/4_dependencies.py
[2026-09-13T01:11:57.567+0000] {logging_mixin.py:149} INFO - [2026-09-13T01:11:57.567+0000] {dag.py:2726} INFO - Sync 1 DAGs
[2026-09-13T01:11:57.830+0000] {logging_mixin.py:149} INFO - [2026-09-13T01:11:57.830+0000] {dag.py:3490} INFO - Setting next_dagrun for 4-dependencies to 2023-05-01T00:00:00+00:00, run_after=2023-05-01T00:00:00+00:00
[2026-09-13T01:11:57.889+0000] {processor.py:178} INFO - Processing /opt/airflow/dags/4_dependencies.py took 0.442 seconds
[2026-09-13T01:12:28.054+0000] {processor.py:156} INFO - Started process (PID=160788) to work on /opt/airflow/dags/4_dependencies.py
[2026-09-13T01:12:28.058+0000] {processor.py:799} INFO - Processing file /opt/airflow/dags/4_dependencies.py for tasks to queue
[2026-09-13T01:12:28.061+0000] {logging_mixin.py:149} INFO - [2026-09-13T01:12:28.060+0000] {dagbag.py:541} INFO - Filling up the DagBag from /opt/airflow/dags/4_dependencies.py
[2026-09-13T01:12:28.094+0000] {processor.py:809} INFO - DAG(s) dict_keys(['4-dependencies']) retrieved from /opt/airflow/dags/4_dependencies.py
[2026-09-13T01:12:28.181+0000] {logging_mixin.py:149} INFO - [2026-09-13T01:12:28.181+0000] {dag.py:2726} INFO - Sync 1 DAGs
[2026-09-13T01:12:28.252+0000] {logging_mixin.py:149} INFO - [2026-09-13T01:12:28.251+0000] {dag.py:3490} INFO - Setting next_dagrun for 4-dependencies to 2023-05-01T00:00:00+00:00, run_after=2023-05-01T00:00:00+00:00
[2026-09-13T01:12:28.332+0000] {processor.py:178} INFO - Processing /opt/airflow/dags/4_dependencies.py took 0.290 seconds
[2026-09-13T01:12:58.515+0000] {processor.py:156} INFO - Started process (PID=160802) to work on /opt/airflow/dags/4_dependencies.py
[2026-09-13T01:12:58.519+0000] {processor.py:799} INFO - Processing file /opt/airflow/dags/4_dependencies.py for tasks to queue
[2026-09-13T01:12:58.522+0000] {logging_mixin.py:149} INFO - [2026-09-13T01:12:58.521+0000] {dagbag.py:541} INFO - Filling up the DagBag from /opt/airflow/dags/4_dependencies.py
[2026-09-13T01:12:58.551+0000] {processor.py:809} INFO - DAG(s) dict_keys(['4-dependencies']) retrieved from /opt/airflow/dags/4_dependencies.py
[2026-09-13T01:12:58.636+0000] {logging_mixin.py:149} INFO - [2026-09-13T01:12:58.636+0000] {dag.py:2726} INFO - Sync 1 DAGs
[2026-09-13T01:12:58.716+0000] {logging_mixin.py:149} INFO - [2026-09-13T01:12:58.714+0000] {dag.py:3490} INFO - Setting next_dagrun for 4-dependencies to 2023-05-01T00:00:00+00:00, run_after=2023-05-01T00:00:00+00:00
[2026-09-13T01:12:58.774+0000] {processor.py:178} INFO - Processing /opt/airflow/dags/4_dependencies.py took 0.271 seconds
[2026-09-13T01:13:28.915+0000] {processor.py:156} INFO - Started process (PID=160816) to work on /opt/airflow/dags/4_dependencies.py
[2026-09-13T01:13:28.918+0000] {processor.py:799} INFO - Processing file /opt/airflow/dags/4_dependencies.py for tasks to queue
[2026-09-13T01:13:28.920+0000] {logging_mixin.py:149} INFO - [2026-09-13T01:13:28.919+0000] {dagbag.py:541} INFO - Filling up the DagBag from /opt/airflow/dags/4_dependencies.py
[2026-09-13T01:13:28.947+0000] {processor.py:809} INFO - DAG(s) dict_keys(['4-dependencies']) retrieved from /opt/airflow/dags/4_dependencies.py
[2026-09-13T01:13:29.018+0000] {logging_mixin.py:149} INFO - [2026-09-13T01:13:29.017+0000] {dag.py:2726} INFO - Sync 1 DAGs
[2026-09-13T01:13:29.085+0000] {logging_mixin.py:149} INFO - [2026-09-13T01:13:29.084+0000] {dag.py:3490} INFO - Setting next_dagrun for 4-dependencies to 2023-05-01T00:00:00+00:00, run_after=2023-05-01T00:00:00+00:00
[2026-09-13T01:13:29.157+0000] {processor.py:178} INFO - Processing /opt/airflow/dags/4_dependencies.py took 0.256 seconds
[2026-09-13T01:13:59.387+0000] {processor.py:156} INFO - Started process (PID=160831) to work on /opt/airflow/dags/4_dependencies.py
[2026-09-13T01:13:59.391+0000] {processor.py:799} INFO - Processing file /opt/airflow/dags/4_dependencies.py for tasks to queue
[2026-09-13T01:13:59.393+0000] {logging_mixin.py:149} INFO - [2026-09-13T01:13:59.393+0000] {dagbag.py:541} INFO - Filling up the DagBag from /opt/airflow/dags/4_dependencies.py
[2026-09-13T01:13:59.440+0000] {processor.py:809} INFO - DAG(s) dict_keys(['4-dependencies']) retrieved from /opt/airflow/dags/4_dependencies.py
[2026-09-13T01:13:59.545+0000] {logging_mixin.py:149} INFO - [2026-09-13T01:13:59.544+0000] {dag.py:2726} INFO - Sync 1 DAGs
[2026-09-13T01:13:59.819+0000] {logging_mixin.py:149} INFO - [2026-09-13T01:13:59.819+0000] {dag.py:3490} INFO - Setting next_dagrun for 4-dependencies to 2023-05-01T00:00:00+00:00, run_after=2023-05-01T00:00:00+00:00
[2026-09-13T01:13:59.846+0000] {processor.py:178} INFO - Processing /opt/airflow/dags/4_dependencies.py took 0.470 seconds
[2026-09-13T01:14:30.209+0000] {processor.py:156} INFO - Started process (PID=160846) to work on /opt/airflow/dags/4_dependencies.py
[2026-09-13T01:14:30.212+0000] {processor.py:799} INFO - Processing file /opt/airflow/dags/4_dependencies.py for tasks to queue
[2026-09-13T01:14:30.214+0000] {logging_mixin.py:149} INFO - [2026-09-13T01:14:30.214+0000] {dagbag.py:541} INFO - Filling up the DagBag from /opt/airflow/dags/4_dependencies.py
[2026-09-13T01:14:30.242+0000] {processor.py:809} INFO - DAG(s) dict_keys(['4-dependencies']) retrieved from /opt/airflow/dags/4_dependencies.py
[2026-09-13T01:14:30.323+0000] {logging_mixin.py:149} INFO - [2026-09-13T01:14:30.323+0000] {dag.py:2726} INFO - Sync 1 DAGs
[2026-09-13T01:14:30.576+0000] {logging_mixin.py:149} INFO - [2026-09-13T01:14:30.576+0000] {dag.py:3490} INFO - Setting next_dagrun for 4-dependencies to 2023-05-01T00:00:00+00:00, run_after=2023-05-01T00:00:00+00:00
[2026-09-13T01:14:30.602+0000] {processor.py:178} INFO - Processing /opt/airflow/dags/4_dependencies.py took 0.404 seconds
[2026-09-13T01:15:01.013+0000] {processor.py:156} INFO - Started process (PID=160860) to work on /opt/airflow/dags/4_dependencies.py
[2026-09-13T01:15:01.018+0000] {processor.py:799} INFO - Processing file /opt/airflow/dags/4_dependencies.py for tasks to queue
[2026-09-13T01:15:01.021+0000] {logging_mixin.py:149} INFO - [2026-09-13T01:15:01.020+0000] {dagbag.py:541} INFO - Filling up the DagBag from /opt/airflow/dags/4_dependencies.py
[2026-09-13T01:15:01.052+0000] {processor.py:809} INFO - DAG(s) dict_keys(['4-dependencies']) retrieved from /opt/airflow/dags/4_dependencies.py
[2026-09-13T01:15:01.379+0000] {logging_mixin.py:149} INFO - [2026-09-13T01:15:01.379+0000] {dag.py:2726} INFO - Sync 1 DAGs
[2026-09-13T01:15:01.431+0000] {logging_mixin.py:149} INFO - [2026-09-13T01:15:01.431+0000] {dag.py:3490} INFO - Setting next_dagrun for 4-dependencies to 2023-05-01T00:00:00+00:00, run_after=2023-05-01T00:00:00+00:00
[2026-09-13T01:15:01.480+0000] {processor.py:178} INFO - Processing /opt/airflow/dags/4_dependencies.py took 0.480 seconds
[2026-09-13T01:15:31.682+0000] {processor.py:156} INFO - Started process (PID=160875) to work on /opt/airflow/dags/4_dependencies.py
[2026-09-13T01:15:31.691+0000] {processor.py:799} INFO - Processing file /opt/airflow/dags/4_dependencies.py for tasks to queue
[2026-09-13T01:15:31.693+0000] {logging_mixin.py:149} INFO - [2026-09-13T01:15:31.693+0000] {dagbag.py:541} INFO - Filling up the DagBag from /opt/airflow/dags/4_dependencies.py
[2026-09-13T01:15:31.727+0000] {processor.py:809} INFO - DAG(s) dict_keys(['4-dependencies']) retrieved from /opt/airflow/dags/4_dependencies.py
[2026-09-13T01:15:31.828+0000] {logging_mixin.py:149} INFO - [2026-09-13T01:15:31.827+0000] {dag.py:2726} INFO - Sync 1 DAGs
[2026-09-13T01:15:31.883+0000] {logging_mixin.py:149} INFO - [2026-09-13T01:15:31.883+0000] {dag.py:3490} INFO - Setting next_dagrun for 4-dependencies to 2023-05-01T00:00:00+00:00, run_after=2023-05-01T00:00:00+00:00
[2026-09-13T01:15:31.913+0000] {processor.py:178} INFO - Processing /opt/airflow/dags/4_dependencies.py took 0.242 seconds
[2026-09-13T01:16:02.132+0000] {processor.py:156} INFO - Started process (PID=160890) to work on /opt/airflow/dags/4_dependencies.py
[2026-09-13T01:16:02.135+0000] {processor.py:799} INFO - Processing file /opt/airflow/dags/4_dependencies.py for tasks to queue
[2026-09-13T01:16:02.138+0000] {logging_mixin.py:149} INFO - [2026-09-13T01:16:02.138+0000] {dagbag.py:541} INFO - Filling up the DagBag from /opt/airflow/dags/4_dependencies.py
[2026-09-13T01:16:02.168+0000] {processor.py:809} INFO - DAG(s) dict_keys(['4-dependencies']) retrieved from /opt/airflow/dags/4_dependencies.py
[2026-09-13T01:16:02.258+0000] {logging_mixin.py:149} INFO - [2026-09-13T01:16:02.258+0000] {dag.py:2726} INFO - Sync 1 DAGs
[2026-09-13T01:16:02.331+0000] {logging_mixin.py:149} INFO - [2026-09-13T01:16:02.331+0000] {dag.py:3490} INFO - Setting next_dagrun for 4-dependencies to 2023-05-01T00:00:00+00:00, run_after=2023-05-01T00:00:00+00:00
[2026-09-13T01:16:02.394+0000] {processor.py:178} INFO - Processing /opt/airflow/dags/4_dependencies.py took 0.274 seconds
[2026-09-13T01:16:33.064+0000] {processor.py:156} INFO - Started process (PID=160903) to work on /opt/airflow/dags/4_dependencies.py
[2026-09-13T01:16:33.072+0000] {processor.py:799} INFO - Processing file /opt/airflow/dags/4_dependencies.py for tasks to queue
[2026-09-13T01:16:33.075+0000] {logging_mixin.py:149} INFO - [2026-09-13T01:16:33.074+0000] {dagbag.py:541} INFO - Filling up the DagBag from /opt/airflow/dags/4_dependencies.py
[2026-09-13T01:16:33.114+0000] {processor.py:809} INFO - DAG(s) dict_keys(['4-dependencies']) retrieved from /opt/airflow/dags/4_dependencies.py
[2026-09-13T01:16:33.205+0000] {logging_mixin.py:149} INFO - [2026-09-13T01:16:33.205+0000] {dag.py:2726} INFO - Sync 1 DAGs
[2026-09-13T01:16:33.274+0000] {logging_mixin.py:149} INFO - [2026-09-13T01:16:33.274+0000] {dag.py:3490} INFO - Setting next_dagrun for 4-dependencies to 2023-05-01T00:00:00+00:00, run_after=2023-05-01T00:00:00+00:00
[2026-09-13T01:16:33.569+0000] {processor.py:178} INFO - Processing /opt/airflow/dags/4_dependencies.py took 0.518 seconds
[2026-09-13T01:17:03.904+0000] {processor.py:156} INFO - Started process (PID=160917) to work on /opt/airflow/dags/4_dependencies.py
[2026-09-13T01:17:03.909+0000] {processor.py:799} INFO - Processing file /opt/airflow/dags/4_dependencies.py for tasks to queue
[2026-09-13T01:17:03.911+0000] {logging_mixin.py:149} INFO - [2026-09-13T01:17:03.911+0000] {dagbag.py:541} INFO - Filling up the DagBag from /opt/airflow/dags/4_dependencies.py
[2026-09-13T01:17:03.941+0000] {processor.py:809} INFO - DAG(s) dict_keys(['4-dependencies']) retrieved from /opt/airflow/dags/4_dependencies.py
[2026-09-13T01:17:04.039+0000] {logging_mixin.py:149} INFO - [2026-09-13T01:17:04.038+0000] {dag.py:2726} INFO - Sync 1 DAGs
[2026-09-13T01:17:04.290+0000] {logging_mixin.py:149} INFO - [2026-09-13T01:17:04.290+0000] {dag.py:3490} INFO - Setting next_dagrun for 4-dependencies to 2023-05-01T00:00:00+00:00, run_after=2023-05-01T00:00:00+00:00
[2026-09-13T01:17:04.318+0000] {processor.py:178} INFO - Processing /opt/airflow/dags/4_dependencies.py took 0.424 seconds
[2026-09-13T01:17:34.720+0000] {processor.py:156} INFO - Started process (PID=160931) to work on /opt/airflow/dags/4_dependencies.py
[2026-09-13T01:17:34.724+0000] {processor.py:799} INFO - Processing file /opt/airflow/dags/4_dependencies.py for tasks to queue
[2026-09-13T01:17:34.726+0000] {logging_mixin.py:149} INFO - [2026-09-13T01:17:34.725+0000] {dagbag.py:541} INFO - Filling up the DagBag from /opt/airflow/dags/4_dependencies.py
[2026-09-13T01:17:34.752+0000] {processor.py:809} INFO - DAG(s) dict_keys(['4-dependencies']) retrieved from /opt/airflow/dags/4_dependencies.py
[2026-09-13T01:17:34.828+0000] {logging_mixin.py:149} INFO - [2026-09-13T01:17:34.828+0000] {dag.py:2726} INFO - Sync 1 DAGs
[2026-09-13T01:17:35.082+0000] {logging_mixin.py:149} INFO - [2026-09-13T01:17:35.081+0000] {dag.py:3490} INFO - Setting next_dagrun for 4-dependencies to 2023-05-01T00:00:00+00:00, run_after=2023-05-01T00:00:00+00:00
[2026-09-13T01:17:35.135+0000] {processor.py:178} INFO - Processing /opt/airflow/dags/4_dependencies.py took 0.424 seconds
[2026-09-13T01:18:05.731+0000] {processor.py:156} INFO - Started process (PID=160945) to work on /opt/airflow/dags/4_dependencies.py
[2026-09-13T01:18:05.734+0000] {processor.py:799} INFO - Processing file /opt/airflow/dags/4_dependencies.py for tasks to queue
[2026-09-13T01:18:05.736+0000] {logging_mixin.py:149} INFO - [2026-09-13T01:18:05.736+0000] {dagbag.py:541} INFO - Filling up the DagBag from /opt/airflow/dags/4_dependencies.py
[2026-09-13T01:18:05.772+0000] {processor.py:809} INFO - DAG(s) dict_keys(['4-dependencies']) retrieved from /opt/airflow/dags/4_dependencies.py
[2026-09-13T01:18:05.862+0000] {logging_mixin.py:149} INFO - [2026-09-13T01:18:05.862+0000] {dag.py:2726} INFO - Sync 1 DAGs
[2026-09-13T01:18:05.908+0000] {logging_mixin.py:149} INFO - [2026-09-13T01:18:05.908+0000] {dag.py:3490} INFO - Setting next_dagrun for 4-dependencies to 2023-05-01T00:00:00+00:00, run_after=2023-05-01T00:00:00+00:00
[2026-09-13T01:18:05.949+0000] {processor.py:178} INFO - Processing /opt/airflow/dags/4_dependencies.py took 0.229 seconds
[2026-09-13T01:18:36.116+0000] {processor.py:156} INFO - Started process (PID=160959) to work on /opt/airflow/dags/4_dependencies.py
[2026-09-13T01:18:36.119+0000] {processor.py:799} INFO - Processing file /opt/airflow/dags/4_dependencies.py for tasks to queue
[2026-09-13T01:18:36.121+0000] {logging_mixin.py:149} INFO - [2026-09-13T01:18:36.121+0000] {dagbag.py:541} INFO - Filling up the DagBag from /opt/airflow/dags/4_dependencies.py
[2026-09-13T01:18:36.151+0000] {processor.py:809} INFO - DAG(s) dict_keys(['4-dependencies']) retrieved from /opt/airflow/dags/4_dependencies.py
[2026-09-13T01:18:36.234+0000] {logging_mixin.py:149} INFO - [2026-09-13T01:18:36.234+0000] {dag.py:2726} INFO - Sync 1 DAGs
[2026-09-13T01:18:36.309+0000] {logging_mixin.py:149} INFO - [2026-09-13T01:18:36.308+0000] {dag.py:3490} INFO - Setting next_dagrun for 4-dependencies to 2023-05-01T00:00:00+00:00, run_after=2023-05-01T00:00:00+00:00
[2026-09-13T01:18:36.380+0000] {processor.py:178} INFO - Processing /opt/airflow/dags/4_dependencies.py took 0.278 seconds
[2026-09-13T01:19:06.551+0000] {processor.py:156} INFO - Started process (PID=160973) to work on /opt/airflow/dags/4_dependencies.py
[2026-09-13T01:19:06.554+0000] {processor.py:799} INFO - Processing file /opt/airflow/dags/4_dependencies.py for tasks to queue
[2026-09-13T01:19:06.556+0000] {logging_mixin.py:149} INFO - [2026-09-13T01:19:06.556+0000] {dagbag.py:541} INFO - Filling up the DagBag from /opt/airflow/dags/4_dependencies.py
[2026-09-13T01:19:06.587+0000] {processor.py:809} INFO - DAG(s) dict_keys(['4-dependencies']) retrieved from /opt/airflow/dags/4_dependencies.py
[2026-09-13T01:19:06.676+0000] {logging_mixin.py:149} INFO - [2026-09-13T01:19:06.676+0000] {dag.py:2726} INFO - Sync 1 DAGs
[2026-09-13T01:19:06.747+0000] {logging_mixin.py:149} INFO - [2026-09-13T01:19:06.747+0000] {dag.py:3490} INFO - Setting next_dagrun for 4-dependencies to 2023-05-01T00:00:00+00:00, run_after=2023-05-01T00:00:00+00:00
[2026-09-13T01:19:07.022+0000] {processor.py:178} INFO - Processing /opt/airflow/dags/4_dependencies.py took 0.482 seconds
[2026-09-13T01:19:37.314+0000] {processor.py:156} INFO - Started process (PID=160987) to work on /opt/airflow/dags/4_dependencies.py
[2026-09-13T01:19:37.318+0000] {processor.py:799} INFO - Processing file /opt/airflow/dags/4_dependencies.py for tasks to queue
[2026-09-13T01:19:37.320+0000] {logging_mixin.py:149} INFO - [2026-09-13T01:19:37.320+0000] {dagbag.py:541} INFO - Filling up the DagBag from /opt/airflow/dags/4_dependencies.py
[2026-09-13T01:19:37.355+0000] {processor.py:809} INFO - DAG(s) dict_keys(['4-dependencies']) retrieved from /opt/airflow/dags/4_dependencies.py
[2026-09-13T01:19:37.418+0000] {logging_mixin.py:149} INFO - [2026-09-13T01:19:37.418+0000] {dag.py:2726} INFO - Sync 1 DAGs
[2026-09-13T01:19:37.661+0000] {logging_mixin.py:149} INFO - [2026-09-13T01:19:37.661+0000] {dag.py:3490} INFO - Setting next_dagrun for 4-dependencies to 2023-05-01T00:00:00+00:00, run_after=2023-05-01T00:00:00+00:00
[2026-09-13T01:19:37.683+0000] {processor.py:178} INFO - Processing /opt/airflow/dags/4_dependencies.py took 0.382 seconds
[2026-09-13T01:20:07.943+0000] {processor.py:156} INFO - Started process (PID=161001) to work on /opt/airflow/dags/4_dependencies.py
[2026-09-13T01:20:07.946+0000] {processor.py:799} INFO - Processing file /opt/airflow/dags/4_dependencies.py for tasks to queue
[2026-09-13T01:20:07.948+0000] {logging_mixin.py:149} INFO - [2026-09-13T01:20:07.948+0000] {dagbag.py:541} INFO - Filling up the DagBag from /opt/airflow/dags/4_dependencies.py
[2026-09-13T01:20:07.977+0000] {processor.py:809} INFO - DAG(s) dict_keys(['4-dependencies']) retrieved from /opt/airflow/dags/4_dependencies.py
[2026-09-13T01:20:08.069+0000] {logging_mixin.py:149} INFO - [2026-09-13T01:20:08.069+0000] {dag.py:2726} INFO - Sync 1 DAGs
[2026-09-13T01:20:08.331+0000] {logging_mixin.py:149} INFO - [2026-09-13T01:20:08.330+0000] {dag.py:3490} INFO - Setting next_dagrun for 4-dependencies to 2023-05-01T00:00:00+00:00, run_after=2023-05-01T00:00:00+00:00
[2026-09-13T01:20:08.391+0000] {processor.py:178} INFO - Processing /opt/airflow/dags/4_dependencies.py took 0.460 seconds
[2026-09-13T01:20:38.811+0000] {processor.py:156} INFO - Started process (PID=161015) to work on /opt/airflow/dags/4_dependencies.py
[2026-09-13T01:20:38.814+0000] {processor.py:799} INFO - Processing file /opt/airflow/dags/4_dependencies.py for tasks to queue
[2026-09-13T01:20:38.816+0000] {logging_mixin.py:149} INFO - [2026-09-13T01:20:38.816+0000] {dagbag.py:541} INFO - Filling up the DagBag from /opt/airflow/dags/4_dependencies.py
[2026-09-13T01:20:38.839+0000] {processor.py:809} INFO - DAG(s) dict_keys(['4-dependencies']) retrieved from /opt/airflow/dags/4_dependencies.py
[2026-09-13T01:20:39.225+0000] {logging_mixin.py:149} INFO - [2026-09-13T01:20:39.225+0000] {dag.py:2726} INFO - Sync 1 DAGs
[2026-09-13T01:20:39.280+0000] {logging_mixin.py:149} INFO - [2026-09-13T01:20:39.280+0000] {dag.py:3490} INFO - Setting next_dagrun for 4-dependencies to 2023-05-01T00:00:00+00:00, run_after=2023-05-01T00:00:00+00:00
[2026-09-13T01:20:39.331+0000] {processor.py:178} INFO - Processing /opt/airflow/dags/4_dependencies.py took 0.535 seconds
[2026-09-13T01:21:09.574+0000] {processor.py:156} INFO - Started process (PID=161029) to work on /opt/airflow/dags/4_dependencies.py
[2026-09-13T01:21:09.578+0000] {processor.py:799} INFO - Processing file /opt/airflow/dags/4_dependencies.py for tasks to queue
[2026-09-13T01:21:09.580+0000] {logging_mixin.py:149} INFO - [2026-09-13T01:21:09.580+0000] {dagbag.py:541} INFO - Filling up the DagBag from /opt/airflow/dags/4_dependencies.py
[2026-09-13T01:21:09.613+0000] {processor.py:809} INFO - DAG(s) dict_keys(['4-dependencies']) retrieved from /opt/airflow/dags/4_dependencies.py
[2026-09-13T01:21:09.700+0000] {logging_mixin.py:149} INFO - [2026-09-13T01:21:09.700+0000] {dag.py:2726} INFO - Sync 1 DAGs
[2026-09-13T01:21:09.760+0000] {logging_mixin.py:149} INFO - [2026-09-13T01:21:09.760+0000] {dag.py:3490} INFO - Setting next_dagrun for 4-dependencies to 2023-05-01T00:00:00+00:00, run_after=2023-05-01T00:00:00+00:00
[2026-09-13T01:21:09.827+0000] {processor.py:178} INFO - Processing /opt/airflow/dags/4_dependencies.py took 0.265 seconds
[2026-09-13T01:21:40.027+0000] {processor.py:156} INFO - Started process (PID=161043) to work on /opt/airflow/dags/4_dependencies.py
[2026-09-13T01:21:40.029+0000] {processor.py:799} INFO - Processing file /opt/airflow/dags/4_dependencies.py for tasks to queue
[2026-09-13T01:21:40.031+0000] {logging_mixin.py:149} INFO - [2026-09-13T01:21:40.031+0000] {dagbag.py:541} INFO - Filling up the DagBag from /opt/airflow/dags/4_dependencies.py
[2026-09-13T01:21:40.056+0000] {processor.py:809} INFO - DAG(s) dict_keys(['4-dependencies']) retrieved from /opt/airflow/dags/4_dependencies.py
[2026-09-13T01:21:40.131+0000] {logging_mixin.py:149} INFO - [2026-09-13T01:21:40.130+0000] {dag.py:2726} INFO - Sync 1 DAGs
[2026-09-13T01:21:40.193+0000] {logging_mixin.py:149} INFO - [2026-09-13T01:21:40.193+0000] {dag.py:3490} INFO - Setting next_dagrun for 4-dependencies to 2023-05-01T00:00:00+00:00, run_after=2023-05-01T00:00:00+00:00
[2026-09-13T01:21:40.255+0000] {processor.py:178} INFO - Processing /opt/airflow/dags/4_dependencies.py took 0.238 seconds
[2026-09-13T01:22:10.496+0000] {processor.py:156} INFO - Started process (PID=161057) to work on /opt/airflow/dags/4_dependencies.py
[2026-09-13T01:22:10.499+0000] {processor.py:799} INFO - Processing file /opt/airflow/dags/4_dependencies.py for tasks to queue
[2026-09-13T01:22:10.501+0000] {logging_mixin.py:149} INFO - [2026-09-13T01:22:10.500+0000] {dagbag.py:541} INFO - Filling up the DagBag from /opt/airflow/dags/4_dependencies.py
[2026-09-13T01:22:10.529+0000] {processor.py:809} INFO - DAG(s) dict_keys(['4-dependencies']) retrieved from /opt/airflow/dags/4_dependencies.py
[2026-09-13T01:22:10.608+0000] {logging_mixin.py:149} INFO - [2026-09-13T01:22:10.608+0000] {dag.py:2726} INFO - Sync 1 DAGs
[2026-09-13T01:22:10.658+0000] {logging_mixin.py:149} INFO - [2026-09-13T01:22:10.657+0000] {dag.py:3490} INFO - Setting next_dagrun for 4-dependencies to 2023-05-01T00:00:00+00:00, run_after=2023-05-01T00:00:00+00:00
[2026-09-13T01:22:10.927+0000] {processor.py:178} INFO - Processing /opt/airflow/dags/4_dependencies.py took 0.441 seconds
[2026-09-13T01:22:41.387+0000] {processor.py:156} INFO - Started process (PID=161072) to work on /opt/airflow/dags/4_dependencies.py
[2026-09-13T01:22:41.390+0000] {processor.py:799} INFO - Processing file /opt/airflow/dags/4_dependencies.py for tasks to queue
[2026-09-13T01:22:41.392+0000] {logging_mixin.py:149} INFO - [2026-09-13T01:22:41.391+0000] {dagbag.py:541} INFO - Filling up the DagBag from /opt/airflow/dags/4_dependencies.py
[2026-09-13T01:22:41.422+0000] {processor.py:809} INFO - DAG(s) dict_keys(['4-dependencies']) retrieved from /opt/airflow/dags/4_dependencies.py
[2026-09-13T01:22:41.515+0000] {logging_mixin.py:149} INFO - [2026-09-13T01:22:41.514+0000] {dag.py:2726} INFO - Sync 1 DAGs
[2026-09-13T01:22:41.776+0000] {logging_mixin.py:149} INFO - [2026-09-13T01:22:41.776+0000] {dag.py:3490} INFO - Setting next_dagrun for 4-dependencies to 2023-05-01T00:00:00+00:00, run_after=2023-05-01T00:00:00+00:00
[2026-09-13T01:22:41.825+0000] {processor.py:178} INFO - Processing /opt/airflow/dags/4_dependencies.py took 0.449 seconds
[2026-09-13T01:23:12.177+0000] {processor.py:156} INFO - Started process (PID=161086) to work on /opt/airflow/dags/4_dependencies.py
[2026-09-13T01:23:12.180+0000] {processor.py:799} INFO - Processing file /opt/airflow/dags/4_dependencies.py for tasks to queue
[2026-09-13T01:23:12.182+0000] {logging_mixin.py:149} INFO - [2026-09-13T01:23:12.181+0000] {dagbag.py:541} INFO - Filling up the DagBag from /opt/airflow/dags/4_dependencies.py
[2026-09-13T01:23:12.210+0000] {processor.py:809} INFO - DAG(s) dict_keys(['4-dependencies']) retrieved from /opt/airflow/dags/4_dependencies.py
[2026-09-13T01:23:12.302+0000] {logging_mixin.py:149} INFO - [2026-09-13T01:23:12.302+0000] {dag.py:2726} INFO - Sync 1 DAGs
[2026-09-13T01:23:12.546+0000] {logging_mixin.py:149} INFO - [2026-09-13T01:23:12.546+0000] {dag.py:3490} INFO - Setting next_dagrun for 4-dependencies to 2023-05-01T00:00:00+00:00, run_after=2023-05-01T00:00:00+00:00
[2026-09-13T01:23:12.590+0000] {processor.py:178} INFO - Processing /opt/airflow/dags/4_dependencies.py took 0.426 seconds
[2026-09-13T01:23:42.942+0000] {processor.py:156} INFO - Started process (PID=161100) to work on /opt/airflow/dags/4_dependencies.py
[2026-09-13T01:23:42.945+0000] {processor.py:799} INFO - Processing file /opt/airflow/dags/4_dependencies.py for tasks to queue
[2026-09-13T01:23:42.947+0000] {logging_mixin.py:149} INFO - [2026-09-13T01:23:42.947+0000] {dagbag.py:541} INFO - Filling up the DagBag from /opt/airflow/dags/4_dependencies.py
[2026-09-13T01:23:42.972+0000] {processor.py:809} INFO - DAG(s) dict_keys(['4-dependencies']) retrieved from /opt/airflow/dags/4_dependencies.py
[2026-09-13T01:23:43.052+0000] {logging_mixin.py:149} INFO - [2026-09-13T01:23:43.051+0000] {dag.py:2726} INFO - Sync 1 DAGs
[2026-09-13T01:23:43.110+0000] {logging_mixin.py:149} INFO - [2026-09-13T01:23:43.109+0000] {dag.py:3490} INFO - Setting next_dagrun for 4-dependencies to 2023-05-01T00:00:00+00:00, run_after=2023-05-01T00:00:00+00:00
[2026-09-13T01:23:43.173+0000] {processor.py:178} INFO - Processing /opt/airflow/dags/4_dependencies.py took 0.243 seconds
[2026-09-13T01:24:13.848+0000] {processor.py:156} INFO - Started process (PID=161114) to work on /opt/airflow/dags/4_dependencies.py
[2026-09-13T01:24:13.852+0000] {processor.py:799} INFO - Processing file /opt/airflow/dags/4_dependencies.py for tasks to queue
[2026-09-13T01:24:13.854+0000] {logging_mixin.py:149} INFO - [2026-09-13T01:24:13.853+0000] {dagbag.py:541} INFO - Filling up the DagBag from /opt/airflow/dags/4_dependencies.py
[2026-09-13T01:24:13.883+0000] {processor.py:809} INFO - DAG(s) dict_keys(['4-dependencies']) retrieved from /opt/airflow/dags/4_dependencies.py
[2026-09-13T01:24:13.982+0000] {logging_mixin.py:149} INFO - [2026-09-13T01:24:13.982+0000] {dag.py:2726} INFO - Sync 1 DAGs
[2026-09-13T01:24:14.043+0000] {logging_mixin.py:149} INFO - [2026-09-13T01:24:14.042+0000] {dag.py:3490} INFO - Setting next_dagrun for 4-dependencies to 2023-05-01T00:00:00+00:00, run_after=2023-05-01T00:00:00+00:00
[2026-09-13T01:24:14.094+0000] {processor.py:178} INFO - Processing /opt/airflow/dags/4_dependencies.py took 0.257 seconds
[2026-09-13T01:24:44.243+0000] {processor.py:156} INFO - Started process (PID=161128) to work on /opt/airflow/dags/4_dependencies.py
[2026-09-13T01:24:44.247+0000] {processor.py:799} INFO - Processing file /opt/airflow/dags/4_dependencies.py for tasks to queue
[2026-09-13T01:24:44.249+0000] {logging_mixin.py:149} INFO - [2026-09-13T01:24:44.248+0000] {dagbag.py:541} INFO - Filling up the DagBag from /opt/airflow/dags/4_dependencies.py
[2026-09-13T01:24:44.277+0000] {processor.py:809} INFO - DAG(s) dict_keys(['4-dependencies']) retrieved from /opt/airflow/dags/4_dependencies.py
[2026-09-13T01:24:44.361+0000] {logging_mixin.py:149} INFO - [2026-09-13T01:24:44.360+0000] {dag.py:2726} INFO - Sync 1 DAGs
[2026-09-13T01:24:44.423+0000] {logging_mixin.py:149} INFO - [2026-09-13T01:24:44.422+0000] {dag.py:3490} INFO - Setting next_dagrun for 4-dependencies to 2023-05-01T00:00:00+00:00, run_after=2023-05-01T00:00:00+00:00
[2026-09-13T01:24:44.685+0000] {processor.py:178} INFO - Processing /opt/airflow/dags/4_dependencies.py took 0.453 seconds
[2026-09-13T01:25:15.052+0000] {processor.py:156} INFO - Started process (PID=161142) to work on /opt/airflow/dags/4_dependencies.py
[2026-09-13T01:25:15.055+0000] {processor.py:799} INFO - Processing file /opt/airflow/dags/4_dependencies.py for tasks to queue
[2026-09-13T01:25:15.056+0000] {logging_mixin.py:149} INFO - [2026-09-13T01:25:15.056+0000] {dagbag.py:541} INFO - Filling up the DagBag from /opt/airflow/dags/4_dependencies.py
[2026-09-13T01:25:15.084+0000] {processor.py:809} INFO - DAG(s) dict_keys(['4-dependencies']) retrieved from /opt/airflow/dags/4_dependencies.py
[2026-09-13T01:25:15.181+0000] {logging_mixin.py:149} INFO - [2026-09-13T01:25:15.180+0000] {dag.py:2726} INFO - Sync 1 DAGs
[2026-09-13T01:25:15.552+0000] {logging_mixin.py:149} INFO - [2026-09-13T01:25:15.551+0000] {dag.py:3490} INFO - Setting next_dagrun for 4-dependencies to 2023-05-01T00:00:00+00:00, run_after=2023-05-01T00:00:00+00:00
[2026-09-13T01:25:15.618+0000] {processor.py:178} INFO - Processing /opt/airflow/dags/4_dependencies.py took 0.578 seconds
[2026-09-13T01:25:45.939+0000] {processor.py:156} INFO - Started process (PID=161156) to work on /opt/airflow/dags/4_dependencies.py
[2026-09-13T01:25:45.943+0000] {processor.py:799} INFO - Processing file /opt/airflow/dags/4_dependencies.py for tasks to queue
[2026-09-13T01:25:45.945+0000] {logging_mixin.py:149} INFO - [2026-09-13T01:25:45.944+0000] {dagbag.py:541} INFO - Filling up the DagBag from /opt/airflow/dags/4_dependencies.py
[2026-09-13T01:25:45.972+0000] {processor.py:809} INFO - DAG(s) dict_keys(['4-dependencies']) retrieved from /opt/airflow/dags/4_dependencies.py
[2026-09-13T01:25:46.056+0000] {logging_mixin.py:149} INFO - [2026-09-13T01:25:46.055+0000] {dag.py:2726} INFO - Sync 1 DAGs
[2026-09-13T01:25:46.332+0000] {logging_mixin.py:149} INFO - [2026-09-13T01:25:46.332+0000] {dag.py:3490} INFO - Setting next_dagrun for 4-dependencies to 2023-05-01T00:00:00+00:00, run_after=2023-05-01T00:00:00+00:00
[2026-09-13T01:25:46.378+0000] {processor.py:178} INFO - Processing /opt/airflow/dags/4_dependencies.py took 0.450 seconds
[2026-09-13T01:26:16.739+0000] {processor.py:156} INFO - Started process (PID=161170) to work on /opt/airflow/dags/4_dependencies.py
[2026-09-13T01:26:16.743+0000] {processor.py:799} INFO - Processing file /opt/airflow/dags/4_dependencies.py for tasks to queue
[2026-09-13T01:26:16.745+0000] {logging_mixin.py:149} INFO - [2026-09-13T01:26:16.744+0000] {dagbag.py:541} INFO - Filling up the DagBag from /opt/airflow/dags/4_dependencies.py
[2026-09-13T01:26:16.776+0000] {processor.py:809} INFO - DAG(s) dict_keys(['4-dependencies']) retrieved from /opt/airflow/dags/4_dependencies.py
[2026-09-13T01:26:17.075+0000] {logging_mixin.py:149} INFO - [2026-09-13T01:26:17.075+0000] {dag.py:2726} INFO - Sync 1 DAGs
[2026-09-13T01:26:17.114+0000] {logging_mixin.py:149} INFO - [2026-09-13T01:26:17.114+0000] {dag.py:3490} INFO - Setting next_dagrun for 4-dependencies to 2023-05-01T00:00:00+00:00, run_after=2023-05-01T00:00:00+00:00
[2026-09-13T01:26:17.181+0000] {processor.py:178} INFO - Processing /opt/airflow/dags/4_dependencies.py took 0.453 seconds
[2026-09-13T01:26:48.140+0000] {processor.py:156} INFO - Started process (PID=161185) to work on /opt/airflow/dags/4_dependencies.py
[2026-09-13T01:26:48.144+0000] {processor.py:799} INFO - Processing file /opt/airflow/dags/4_dependencies.py for tasks to queue
[2026-09-13T01:26:48.145+0000] {logging_mixin.py:149} INFO - [2026-09-13T01:26:48.145+0000] {dagbag.py:541} INFO - Filling up the DagBag from /opt/airflow/dags/4_dependencies.py
[2026-09-13T01:26:48.175+0000] {processor.py:809} INFO - DAG(s) dict_keys(['4-dependencies']) retrieved from /opt/airflow/dags/4_dependencies.py
[2026-09-13T01:26:48.251+0000] {logging_mixin.py:149} INFO - [2026-09-13T01:26:48.251+0000] {dag.py:2726} INFO - Sync 1 DAGs
[2026-09-13T01:26:48.291+0000] {logging_mixin.py:149} INFO - [2026-09-13T01:26:48.291+0000] {dag.py:3490} INFO - Setting next_dagrun for 4-dependencies to 2023-05-01T00:00:00+00:00, run_after=2023-05-01T00:00:00+00:00
[2026-09-13T01:26:48.317+0000] {processor.py:178} INFO - Processing /opt/airflow/dags/4_dependencies.py took 0.188 seconds
[2026-09-13T01:27:18.518+0000] {processor.py:156} INFO - Started process (PID=161199) to work on /opt/airflow/dags/4_dependencies.py
[2026-09-13T01:27:18.531+0000] {processor.py:799} INFO - Processing file /opt/airflow/dags/4_dependencies.py for tasks to queue
[2026-09-13T01:27:18.533+0000] {logging_mixin.py:149} INFO - [2026-09-13T01:27:18.532+0000] {dagbag.py:541} INFO - Filling up the DagBag from /opt/airflow/dags/4_dependencies.py
[2026-09-13T01:27:18.561+0000] {processor.py:809} INFO - DAG(s) dict_keys(['4-dependencies']) retrieved from /opt/airflow/dags/4_dependencies.py
[2026-09-13T01:27:18.629+0000] {logging_mixin.py:149} INFO - [2026-09-13T01:27:18.629+0000] {dag.py:2726} INFO - Sync 1 DAGs
[2026-09-13T01:27:18.697+0000] {logging_mixin.py:149} INFO - [2026-09-13T01:27:18.697+0000] {dag.py:3490} INFO - Setting next_dagrun for 4-dependencies to 2023-05-01T00:00:00+00:00, run_after=2023-05-01T00:00:00+00:00
[2026-09-13T01:27:18.751+0000] {processor.py:178} INFO - Processing /opt/airflow/dags/4_dependencies.py took 0.244 seconds
[2026-09-13T01:27:48.814+0000] {processor.py:156} INFO - Started process (PID=161213) to work on /opt/airflow/dags/4_dependencies.py
[2026-09-13T01:27:48.819+0000] {processor.py:799} INFO - Processing file /opt/airflow/dags/4_dependencies.py for tasks to queue
[2026-09-13T01:27:48.821+0000] {logging_mixin.py:149} INFO - [2026-09-13T01:27:48.821+0000] {dagbag.py:541} INFO - Filling up the DagBag from /opt/airflow/dags/4_dependencies.py
[2026-09-13T01:27:48.849+0000] {processor.py:809} INFO - DAG(s) dict_keys(['4-dependencies']) retrieved from /opt/airflow/dags/4_dependencies.py
[2026-09-13T01:27:48.936+0000] {logging_mixin.py:149} INFO - [2026-09-13T01:27:48.936+0000] {dag.py:2726} INFO - Sync 1 DAGs
[2026-09-13T01:27:49.002+0000] {logging_mixin.py:149} INFO - [2026-09-13T01:27:49.002+0000] {dag.py:3490} INFO - Setting next_dagrun for 4-dependencies to 2023-05-01T00:00:00+00:00, run_after=2023-05-01T00:00:00+00:00
[2026-09-13T01:27:49.259+0000] {processor.py:178} INFO - Processing /opt/airflow/dags/4_dependencies.py took 0.456 seconds
[2026-09-13T01:28:19.594+0000] {processor.py:156} INFO - Started process (PID=161227) to work on /opt/airflow/dags/4_dependencies.py
[2026-09-13T01:28:19.598+0000] {processor.py:799} INFO - Processing file /opt/airflow/dags/4_dependencies.py for tasks to queue
[2026-09-13T01:28:19.600+0000] {logging_mixin.py:149} INFO - [2026-09-13T01:28:19.599+0000] {dagbag.py:541} INFO - Filling up the DagBag from /opt/airflow/dags/4_dependencies.py
[2026-09-13T01:28:19.628+0000] {processor.py:809} INFO - DAG(s) dict_keys(['4-dependencies']) retrieved from /opt/airflow/dags/4_dependencies.py
[2026-09-13T01:28:19.722+0000] {logging_mixin.py:149} INFO - [2026-09-13T01:28:19.722+0000] {dag.py:2726} INFO - Sync 1 DAGs
[2026-09-13T01:28:20.041+0000] {logging_mixin.py:149} INFO - [2026-09-13T01:28:20.040+0000] {dag.py:3490} INFO - Setting next_dagrun for 4-dependencies to 2023-05-01T00:00:00+00:00, run_after=2023-05-01T00:00:00+00:00
[2026-09-13T01:28:20.096+0000] {processor.py:178} INFO - Processing /opt/airflow/dags/4_dependencies.py took 0.514 seconds
[2026-09-13T01:28:50.507+0000] {processor.py:156} INFO - Started process (PID=161241) to work on /opt/airflow/dags/4_dependencies.py
[2026-09-13T01:28:50.510+0000] {processor.py:799} INFO - Processing file /opt/airflow/dags/4_dependencies.py for tasks to queue
[2026-09-13T01:28:50.512+0000] {logging_mixin.py:149} INFO - [2026-09-13T01:28:50.511+0000] {dagbag.py:541} INFO - Filling up the DagBag from /opt/airflow/dags/4_dependencies.py
[2026-09-13T01:28:50.538+0000] {processor.py:809} INFO - DAG(s) dict_keys(['4-dependencies']) retrieved from /opt/airflow/dags/4_dependencies.py
[2026-09-13T01:28:50.858+0000] {logging_mixin.py:149} INFO - [2026-09-13T01:28:50.858+0000] {dag.py:2726} INFO - Sync 1 DAGs
[2026-09-13T01:28:50.941+0000] {logging_mixin.py:149} INFO - [2026-09-13T01:28:50.940+0000] {dag.py:3490} INFO - Setting next_dagrun for 4-dependencies to 2023-05-01T00:00:00+00:00, run_after=2023-05-01T00:00:00+00:00
[2026-09-13T01:28:51.002+0000] {processor.py:178} INFO - Processing /opt/airflow/dags/4_dependencies.py took 0.504 seconds
[2026-09-13T01:29:21.343+0000] {processor.py:156} INFO - Started process (PID=161263) to work on /opt/airflow/dags/4_dependencies.py
[2026-09-13T01:29:21.346+0000] {processor.py:799} INFO - Processing file /opt/airflow/dags/4_dependencies.py for tasks to queue
[2026-09-13T01:29:21.348+0000] {logging_mixin.py:149} INFO - [2026-09-13T01:29:21.348+0000] {dagbag.py:541} INFO - Filling up the DagBag from /opt/airflow/dags/4_dependencies.py
[2026-09-13T01:29:21.381+0000] {processor.py:809} INFO - DAG(s) dict_keys(['4-dependencies']) retrieved from /opt/airflow/dags/4_dependencies.py
[2026-09-13T01:29:21.489+0000] {logging_mixin.py:149} INFO - [2026-09-13T01:29:21.488+0000] {dag.py:2726} INFO - Sync 1 DAGs
[2026-09-13T01:29:21.559+0000] {logging_mixin.py:149} INFO - [2026-09-13T01:29:21.559+0000] {dag.py:3490} INFO - Setting next_dagrun for 4-dependencies to 2023-05-01T00:00:00+00:00, run_after=2023-05-01T00:00:00+00:00
[2026-09-13T01:29:21.640+0000] {processor.py:178} INFO - Processing /opt/airflow/dags/4_dependencies.py took 0.309 seconds
[2026-09-13T01:29:51.844+0000] {processor.py:156} INFO - Started process (PID=161277) to work on /opt/airflow/dags/4_dependencies.py
[2026-09-13T01:29:51.847+0000] {processor.py:799} INFO - Processing file /opt/airflow/dags/4_dependencies.py for tasks to queue
[2026-09-13T01:29:51.850+0000] {logging_mixin.py:149} INFO - [2026-09-13T01:29:51.849+0000] {dagbag.py:541} INFO - Filling up the DagBag from /opt/airflow/dags/4_dependencies.py
[2026-09-13T01:29:51.879+0000] {processor.py:809} INFO - DAG(s) dict_keys(['4-dependencies']) retrieved from /opt/airflow/dags/4_dependencies.py
[2026-09-13T01:29:51.961+0000] {logging_mixin.py:149} INFO - [2026-09-13T01:29:51.960+0000] {dag.py:2726} INFO - Sync 1 DAGs
[2026-09-13T01:29:52.023+0000] {logging_mixin.py:149} INFO - [2026-09-13T01:29:52.023+0000] {dag.py:3490} INFO - Setting next_dagrun for 4-dependencies to 2023-05-01T00:00:00+00:00, run_after=2023-05-01T00:00:00+00:00
[2026-09-13T01:29:52.075+0000] {processor.py:178} INFO - Processing /opt/airflow/dags/4_dependencies.py took 0.244 seconds
[2026-09-13T01:30:22.403+0000] {processor.py:156} INFO - Started process (PID=161292) to work on /opt/airflow/dags/4_dependencies.py
[2026-09-13T01:30:22.409+0000] {processor.py:799} INFO - Processing file /opt/airflow/dags/4_dependencies.py for tasks to queue
[2026-09-13T01:30:22.411+0000] {logging_mixin.py:149} INFO - [2026-09-13T01:30:22.411+0000] {dagbag.py:541} INFO - Filling up the DagBag from /opt/airflow/dags/4_dependencies.py
[2026-09-13T01:30:22.442+0000] {processor.py:809} INFO - DAG(s) dict_keys(['4-dependencies']) retrieved from /opt/airflow/dags/4_dependencies.py
[2026-09-13T01:30:22.525+0000] {logging_mixin.py:149} INFO - [2026-09-13T01:30:22.524+0000] {dag.py:2726} INFO - Sync 1 DAGs
[2026-09-13T01:30:22.593+0000] {logging_mixin.py:149} INFO - [2026-09-13T01:30:22.593+0000] {dag.py:3490} INFO - Setting next_dagrun for 4-dependencies to 2023-05-01T00:00:00+00:00, run_after=2023-05-01T00:00:00+00:00
[2026-09-13T01:30:22.892+0000] {processor.py:178} INFO - Processing /opt/airflow/dags/4_dependencies.py took 0.500 seconds
[2026-09-13T01:30:53.232+0000] {processor.py:156} INFO - Started process (PID=161306) to work on /opt/airflow/dags/4_dependencies.py
[2026-09-13T01:30:53.234+0000] {processor.py:799} INFO - Processing file /opt/airflow/dags/4_dependencies.py for tasks to queue
[2026-09-13T01:30:53.236+0000] {logging_mixin.py:149} INFO - [2026-09-13T01:30:53.236+0000] {dagbag.py:541} INFO - Filling up the DagBag from /opt/airflow/dags/4_dependencies.py
[2026-09-13T01:30:53.267+0000] {processor.py:809} INFO - DAG(s) dict_keys(['4-dependencies']) retrieved from /opt/airflow/dags/4_dependencies.py
[2026-09-13T01:30:53.346+0000] {logging_mixin.py:149} INFO - [2026-09-13T01:30:53.346+0000] {dag.py:2726} INFO - Sync 1 DAGs
[2026-09-13T01:30:53.613+0000] {logging_mixin.py:149} INFO - [2026-09-13T01:30:53.612+0000] {dag.py:3490} INFO - Setting next_dagrun for 4-dependencies to 2023-05-01T00:00:00+00:00, run_after=2023-05-01T00:00:00+00:00
[2026-09-13T01:30:53.657+0000] {processor.py:178} INFO - Processing /opt/airflow/dags/4_dependencies.py took 0.437 seconds
[2026-09-13T01:31:23.955+0000] {processor.py:156} INFO - Started process (PID=161320) to work on /opt/airflow/dags/4_dependencies.py
[2026-09-13T01:31:23.957+0000] {processor.py:799} INFO - Processing file /opt/airflow/dags/4_dependencies.py for tasks to queue
[2026-09-13T01:31:23.958+0000] {logging_mixin.py:149} INFO - [2026-09-13T01:31:23.958+0000] {dagbag.py:541} INFO - Filling up the DagBag from /opt/airflow/dags/4_dependencies.py
[2026-09-13T01:31:23.977+0000] {processor.py:809} INFO - DAG(s) dict_keys(['4-dependencies']) retrieved from /opt/airflow/dags/4_dependencies.py
[2026-09-13T01:31:24.047+0000] {logging_mixin.py:149} INFO - [2026-09-13T01:31:24.046+0000] {dag.py:2726} INFO - Sync 1 DAGs
[2026-09-13T01:31:24.297+0000] {logging_mixin.py:149} INFO - [2026-09-13T01:31:24.297+0000] {dag.py:3490} INFO - Setting next_dagrun for 4-dependencies to 2023-05-01T00:00:00+00:00, run_after=2023-05-01T00:00:00+00:00
[2026-09-13T01:31:24.351+0000] {processor.py:178} INFO - Processing /opt/airflow/dags/4_dependencies.py took 0.405 seconds
[2026-09-13T01:31:54.599+0000] {processor.py:156} INFO - Started process (PID=161334) to work on /opt/airflow/dags/4_dependencies.py
[2026-09-13T01:31:54.603+0000] {processor.py:799} INFO - Processing file /opt/airflow/dags/4_dependencies.py for tasks to queue
[2026-09-13T01:31:54.605+0000] {logging_mixin.py:149} INFO - [2026-09-13T01:31:54.604+0000] {dagbag.py:541} INFO - Filling up the DagBag from /opt/airflow/dags/4_dependencies.py
[2026-09-13T01:31:54.637+0000] {processor.py:809} INFO - DAG(s) dict_keys(['4-dependencies']) retrieved from /opt/airflow/dags/4_dependencies.py
[2026-09-13T01:31:54.973+0000] {logging_mixin.py:149} INFO - [2026-09-13T01:31:54.972+0000] {dag.py:2726} INFO - Sync 1 DAGs
[2026-09-13T01:31:55.029+0000] {logging_mixin.py:149} INFO - [2026-09-13T01:31:55.029+0000] {dag.py:3490} INFO - Setting next_dagrun for 4-dependencies to 2023-05-01T00:00:00+00:00, run_after=2023-05-01T00:00:00+00:00
[2026-09-13T01:31:55.095+0000] {processor.py:178} INFO - Processing /opt/airflow/dags/4_dependencies.py took 0.507 seconds
[2026-09-13T01:32:25.240+0000] {processor.py:156} INFO - Started process (PID=161348) to work on /opt/airflow/dags/4_dependencies.py
[2026-09-13T01:32:25.242+0000] {processor.py:799} INFO - Processing file /opt/airflow/dags/4_dependencies.py for tasks to queue
[2026-09-13T01:32:25.244+0000] {logging_mixin.py:149} INFO - [2026-09-13T01:32:25.244+0000] {dagbag.py:541} INFO - Filling up the DagBag from /opt/airflow/dags/4_dependencies.py
[2026-09-13T01:32:25.269+0000] {processor.py:809} INFO - DAG(s) dict_keys(['4-dependencies']) retrieved from /opt/airflow/dags/4_dependencies.py
[2026-09-13T01:32:25.337+0000] {logging_mixin.py:149} INFO - [2026-09-13T01:32:25.336+0000] {dag.py:2726} INFO - Sync 1 DAGs
[2026-09-13T01:32:25.376+0000] {logging_mixin.py:149} INFO - [2026-09-13T01:32:25.376+0000] {dag.py:3490} INFO - Setting next_dagrun for 4-dependencies to 2023-05-01T00:00:00+00:00, run_after=2023-05-01T00:00:00+00:00
[2026-09-13T01:32:25.406+0000] {processor.py:178} INFO - Processing /opt/airflow/dags/4_dependencies.py took 0.175 seconds
[2026-09-13T01:32:56.162+0000] {processor.py:156} INFO - Started process (PID=161362) to work on /opt/airflow/dags/4_dependencies.py
[2026-09-13T01:32:56.185+0000] {processor.py:799} INFO - Processing file /opt/airflow/dags/4_dependencies.py for tasks to queue
[2026-09-13T01:32:56.186+0000] {logging_mixin.py:149} INFO - [2026-09-13T01:32:56.186+0000] {dagbag.py:541} INFO - Filling up the DagBag from /opt/airflow/dags/4_dependencies.py
[2026-09-13T01:32:56.273+0000] {processor.py:809} INFO - DAG(s) dict_keys(['4-dependencies']) retrieved from /opt/airflow/dags/4_dependencies.py
[2026-09-13T01:32:56.617+0000] {logging_mixin.py:149} INFO - [2026-09-13T01:32:56.616+0000] {dag.py:2726} INFO - Sync 1 DAGs
[2026-09-13T01:32:56.839+0000] {logging_mixin.py:149} INFO - [2026-09-13T01:32:56.838+0000] {dag.py:3490} INFO - Setting next_dagrun for 4-dependencies to 2023-05-01T00:00:00+00:00, run_after=2023-05-01T00:00:00+00:00
[2026-09-13T01:32:57.016+0000] {processor.py:178} INFO - Processing /opt/airflow/dags/4_dependencies.py took 0.897 seconds
[2026-09-13T01:33:27.250+0000] {processor.py:156} INFO - Started process (PID=161376) to work on /opt/airflow/dags/4_dependencies.py
[2026-09-13T01:33:27.256+0000] {processor.py:799} INFO - Processing file /opt/airflow/dags/4_dependencies.py for tasks to queue
[2026-09-13T01:33:27.258+0000] {logging_mixin.py:149} INFO - [2026-09-13T01:33:27.258+0000] {dagbag.py:541} INFO - Filling up the DagBag from /opt/airflow/dags/4_dependencies.py
[2026-09-13T01:33:27.295+0000] {processor.py:809} INFO - DAG(s) dict_keys(['4-dependencies']) retrieved from /opt/airflow/dags/4_dependencies.py
[2026-09-13T01:33:27.389+0000] {logging_mixin.py:149} INFO - [2026-09-13T01:33:27.388+0000] {dag.py:2726} INFO - Sync 1 DAGs
[2026-09-13T01:33:27.660+0000] {logging_mixin.py:149} INFO - [2026-09-13T01:33:27.659+0000] {dag.py:3490} INFO - Setting next_dagrun for 4-dependencies to 2023-05-01T00:00:00+00:00, run_after=2023-05-01T00:00:00+00:00
[2026-09-13T01:33:27.691+0000] {processor.py:178} INFO - Processing /opt/airflow/dags/4_dependencies.py took 0.452 seconds
[2026-09-13T01:33:58.145+0000] {processor.py:156} INFO - Started process (PID=161390) to work on /opt/airflow/dags/4_dependencies.py
[2026-09-13T01:33:58.151+0000] {processor.py:799} INFO - Processing file /opt/airflow/dags/4_dependencies.py for tasks to queue
[2026-09-13T01:33:58.153+0000] {logging_mixin.py:149} INFO - [2026-09-13T01:33:58.153+0000] {dagbag.py:541} INFO - Filling up the DagBag from /opt/airflow/dags/4_dependencies.py
[2026-09-13T01:33:58.193+0000] {processor.py:809} INFO - DAG(s) dict_keys(['4-dependencies']) retrieved from /opt/airflow/dags/4_dependencies.py
[2026-09-13T01:33:58.289+0000] {logging_mixin.py:149} INFO - [2026-09-13T01:33:58.289+0000] {dag.py:2726} INFO - Sync 1 DAGs
[2026-09-13T01:33:58.617+0000] {logging_mixin.py:149} INFO - [2026-09-13T01:33:58.616+0000] {dag.py:3490} INFO - Setting next_dagrun for 4-dependencies to 2023-05-01T00:00:00+00:00, run_after=2023-05-01T00:00:00+00:00
[2026-09-13T01:33:58.649+0000] {processor.py:178} INFO - Processing /opt/airflow/dags/4_dependencies.py took 0.516 seconds
[2026-09-13T01:34:28.846+0000] {processor.py:156} INFO - Started process (PID=161403) to work on /opt/airflow/dags/4_dependencies.py
[2026-09-13T01:34:28.850+0000] {processor.py:799} INFO - Processing file /opt/airflow/dags/4_dependencies.py for tasks to queue
[2026-09-13T01:34:28.856+0000] {logging_mixin.py:149} INFO - [2026-09-13T01:34:28.856+0000] {dagbag.py:541} INFO - Filling up the DagBag from /opt/airflow/dags/4_dependencies.py
[2026-09-13T01:34:28.882+0000] {processor.py:809} INFO - DAG(s) dict_keys(['4-dependencies']) retrieved from /opt/airflow/dags/4_dependencies.py
[2026-09-13T01:34:29.167+0000] {logging_mixin.py:149} INFO - [2026-09-13T01:34:29.166+0000] {dag.py:2726} INFO - Sync 1 DAGs
[2026-09-13T01:34:29.196+0000] {logging_mixin.py:149} INFO - [2026-09-13T01:34:29.196+0000] {dag.py:3490} INFO - Setting next_dagrun for 4-dependencies to 2023-05-01T00:00:00+00:00, run_after=2023-05-01T00:00:00+00:00
[2026-09-13T01:34:29.220+0000] {processor.py:178} INFO - Processing /opt/airflow/dags/4_dependencies.py took 0.385 seconds
[2026-09-13T01:34:59.543+0000] {processor.py:156} INFO - Started process (PID=161417) to work on /opt/airflow/dags/4_dependencies.py
[2026-09-13T01:34:59.546+0000] {processor.py:799} INFO - Processing file /opt/airflow/dags/4_dependencies.py for tasks to queue
[2026-09-13T01:34:59.549+0000] {logging_mixin.py:149} INFO - [2026-09-13T01:34:59.548+0000] {dagbag.py:541} INFO - Filling up the DagBag from /opt/airflow/dags/4_dependencies.py
[2026-09-13T01:34:59.579+0000] {processor.py:809} INFO - DAG(s) dict_keys(['4-dependencies']) retrieved from /opt/airflow/dags/4_dependencies.py
[2026-09-13T01:34:59.669+0000] {logging_mixin.py:149} INFO - [2026-09-13T01:34:59.669+0000] {dag.py:2726} INFO - Sync 1 DAGs
[2026-09-13T01:34:59.727+0000] {logging_mixin.py:149} INFO - [2026-09-13T01:34:59.727+0000] {dag.py:3490} INFO - Setting next_dagrun for 4-dependencies to 2023-05-01T00:00:00+00:00, run_after=2023-05-01T00:00:00+00:00
[2026-09-13T01:34:59.784+0000] {processor.py:178} INFO - Processing /opt/airflow/dags/4_dependencies.py took 0.256 seconds
[2026-09-13T01:35:30.756+0000] {processor.py:156} INFO - Started process (PID=161431) to work on /opt/airflow/dags/4_dependencies.py
[2026-09-13T01:35:30.761+0000] {processor.py:799} INFO - Processing file /opt/airflow/dags/4_dependencies.py for tasks to queue
[2026-09-13T01:35:30.763+0000] {logging_mixin.py:149} INFO - [2026-09-13T01:35:30.763+0000] {dagbag.py:541} INFO - Filling up the DagBag from /opt/airflow/dags/4_dependencies.py
[2026-09-13T01:35:30.793+0000] {processor.py:809} INFO - DAG(s) dict_keys(['4-dependencies']) retrieved from /opt/airflow/dags/4_dependencies.py
[2026-09-13T01:35:30.897+0000] {logging_mixin.py:149} INFO - [2026-09-13T01:35:30.896+0000] {dag.py:2726} INFO - Sync 1 DAGs
[2026-09-13T01:35:30.959+0000] {logging_mixin.py:149} INFO - [2026-09-13T01:35:30.959+0000] {dag.py:3490} INFO - Setting next_dagrun for 4-dependencies to 2023-05-01T00:00:00+00:00, run_after=2023-05-01T00:00:00+00:00
[2026-09-13T01:35:31.029+0000] {processor.py:178} INFO - Processing /opt/airflow/dags/4_dependencies.py took 0.283 seconds
[2026-09-13T01:36:01.518+0000] {processor.py:156} INFO - Started process (PID=161445) to work on /opt/airflow/dags/4_dependencies.py
[2026-09-13T01:36:01.522+0000] {processor.py:799} INFO - Processing file /opt/airflow/dags/4_dependencies.py for tasks to queue
[2026-09-13T01:36:01.524+0000] {logging_mixin.py:149} INFO - [2026-09-13T01:36:01.524+0000] {dagbag.py:541} INFO - Filling up the DagBag from /opt/airflow/dags/4_dependencies.py
[2026-09-13T01:36:01.550+0000] {processor.py:809} INFO - DAG(s) dict_keys(['4-dependencies']) retrieved from /opt/airflow/dags/4_dependencies.py
[2026-09-13T01:36:01.643+0000] {logging_mixin.py:149} INFO - [2026-09-13T01:36:01.643+0000] {dag.py:2726} INFO - Sync 1 DAGs
[2026-09-13T01:36:01.710+0000] {logging_mixin.py:149} INFO - [2026-09-13T01:36:01.710+0000] {dag.py:3490} INFO - Setting next_dagrun for 4-dependencies to 2023-05-01T00:00:00+00:00, run_after=2023-05-01T00:00:00+00:00
[2026-09-13T01:36:01.979+0000] {processor.py:178} INFO - Processing /opt/airflow/dags/4_dependencies.py took 0.471 seconds
[2026-09-13T01:36:32.316+0000] {processor.py:156} INFO - Started process (PID=161458) to work on /opt/airflow/dags/4_dependencies.py
[2026-09-13T01:36:32.320+0000] {processor.py:799} INFO - Processing file /opt/airflow/dags/4_dependencies.py for tasks to queue
[2026-09-13T01:36:32.322+0000] {logging_mixin.py:149} INFO - [2026-09-13T01:36:32.322+0000] {dagbag.py:541} INFO - Filling up the DagBag from /opt/airflow/dags/4_dependencies.py
[2026-09-13T01:36:32.351+0000] {processor.py:809} INFO - DAG(s) dict_keys(['4-dependencies']) retrieved from /opt/airflow/dags/4_dependencies.py
[2026-09-13T01:36:32.429+0000] {logging_mixin.py:149} INFO - [2026-09-13T01:36:32.429+0000] {dag.py:2726} INFO - Sync 1 DAGs
[2026-09-13T01:36:32.682+0000] {logging_mixin.py:149} INFO - [2026-09-13T01:36:32.682+0000] {dag.py:3490} INFO - Setting next_dagrun for 4-dependencies to 2023-05-01T00:00:00+00:00, run_after=2023-05-01T00:00:00+00:00
[2026-09-13T01:36:32.706+0000] {processor.py:178} INFO - Processing /opt/airflow/dags/4_dependencies.py took 0.401 seconds
[2026-09-13T01:37:03.054+0000] {processor.py:156} INFO - Started process (PID=161472) to work on /opt/airflow/dags/4_dependencies.py
[2026-09-13T01:37:03.058+0000] {processor.py:799} INFO - Processing file /opt/airflow/dags/4_dependencies.py for tasks to queue
[2026-09-13T01:37:03.059+0000] {logging_mixin.py:149} INFO - [2026-09-13T01:37:03.059+0000] {dagbag.py:541} INFO - Filling up the DagBag from /opt/airflow/dags/4_dependencies.py
[2026-09-13T01:37:03.090+0000] {processor.py:809} INFO - DAG(s) dict_keys(['4-dependencies']) retrieved from /opt/airflow/dags/4_dependencies.py
[2026-09-13T01:37:03.181+0000] {logging_mixin.py:149} INFO - [2026-09-13T01:37:03.181+0000] {dag.py:2726} INFO - Sync 1 DAGs
[2026-09-13T01:37:03.510+0000] {logging_mixin.py:149} INFO - [2026-09-13T01:37:03.510+0000] {dag.py:3490} INFO - Setting next_dagrun for 4-dependencies to 2023-05-01T00:00:00+00:00, run_after=2023-05-01T00:00:00+00:00
[2026-09-13T01:37:03.550+0000] {processor.py:178} INFO - Processing /opt/airflow/dags/4_dependencies.py took 0.507 seconds
[2026-09-13T01:37:33.835+0000] {processor.py:156} INFO - Started process (PID=161487) to work on /opt/airflow/dags/4_dependencies.py
[2026-09-13T01:37:33.838+0000] {processor.py:799} INFO - Processing file /opt/airflow/dags/4_dependencies.py for tasks to queue
[2026-09-13T01:37:33.840+0000] {logging_mixin.py:149} INFO - [2026-09-13T01:37:33.840+0000] {dagbag.py:541} INFO - Filling up the DagBag from /opt/airflow/dags/4_dependencies.py
[2026-09-13T01:37:33.863+0000] {processor.py:809} INFO - DAG(s) dict_keys(['4-dependencies']) retrieved from /opt/airflow/dags/4_dependencies.py
[2026-09-13T01:37:34.274+0000] {logging_mixin.py:149} INFO - [2026-09-13T01:37:34.273+0000] {dag.py:2726} INFO - Sync 1 DAGs
[2026-09-13T01:37:34.333+0000] {logging_mixin.py:149} INFO - [2026-09-13T01:37:34.333+0000] {dag.py:3490} INFO - Setting next_dagrun for 4-dependencies to 2023-05-01T00:00:00+00:00, run_after=2023-05-01T00:00:00+00:00
[2026-09-13T01:37:34.392+0000] {processor.py:178} INFO - Processing /opt/airflow/dags/4_dependencies.py took 0.570 seconds
[2026-09-13T01:38:04.581+0000] {processor.py:156} INFO - Started process (PID=161501) to work on /opt/airflow/dags/4_dependencies.py
[2026-09-13T01:38:04.585+0000] {processor.py:799} INFO - Processing file /opt/airflow/dags/4_dependencies.py for tasks to queue
[2026-09-13T01:38:04.587+0000] {logging_mixin.py:149} INFO - [2026-09-13T01:38:04.586+0000] {dagbag.py:541} INFO - Filling up the DagBag from /opt/airflow/dags/4_dependencies.py
[2026-09-13T01:38:04.621+0000] {processor.py:809} INFO - DAG(s) dict_keys(['4-dependencies']) retrieved from /opt/airflow/dags/4_dependencies.py
[2026-09-13T01:38:04.764+0000] {logging_mixin.py:149} INFO - [2026-09-13T01:38:04.763+0000] {dag.py:2726} INFO - Sync 1 DAGs
[2026-09-13T01:38:04.816+0000] {logging_mixin.py:149} INFO - [2026-09-13T01:38:04.816+0000] {dag.py:3490} INFO - Setting next_dagrun for 4-dependencies to 2023-05-01T00:00:00+00:00, run_after=2023-05-01T00:00:00+00:00
[2026-09-13T01:38:04.875+0000] {processor.py:178} INFO - Processing /opt/airflow/dags/4_dependencies.py took 0.304 seconds
[2026-09-13T01:38:35.170+0000] {processor.py:156} INFO - Started process (PID=161515) to work on /opt/airflow/dags/4_dependencies.py
[2026-09-13T01:38:35.177+0000] {processor.py:799} INFO - Processing file /opt/airflow/dags/4_dependencies.py for tasks to queue
[2026-09-13T01:38:35.179+0000] {logging_mixin.py:149} INFO - [2026-09-13T01:38:35.179+0000] {dagbag.py:541} INFO - Filling up the DagBag from /opt/airflow/dags/4_dependencies.py
[2026-09-13T01:38:35.255+0000] {processor.py:809} INFO - DAG(s) dict_keys(['4-dependencies']) retrieved from /opt/airflow/dags/4_dependencies.py
[2026-09-13T01:38:35.375+0000] {logging_mixin.py:149} INFO - [2026-09-13T01:38:35.375+0000] {dag.py:2726} INFO - Sync 1 DAGs
[2026-09-13T01:38:35.428+0000] {logging_mixin.py:149} INFO - [2026-09-13T01:38:35.428+0000] {dag.py:3490} INFO - Setting next_dagrun for 4-dependencies to 2023-05-01T00:00:00+00:00, run_after=2023-05-01T00:00:00+00:00
[2026-09-13T01:38:35.666+0000] {processor.py:178} INFO - Processing /opt/airflow/dags/4_dependencies.py took 0.508 seconds
[2026-09-13T01:39:06.143+0000] {processor.py:156} INFO - Started process (PID=161529) to work on /opt/airflow/dags/4_dependencies.py
[2026-09-13T01:39:06.169+0000] {processor.py:799} INFO - Processing file /opt/airflow/dags/4_dependencies.py for tasks to queue
[2026-09-13T01:39:06.172+0000] {logging_mixin.py:149} INFO - [2026-09-13T01:39:06.171+0000] {dagbag.py:541} INFO - Filling up the DagBag from /opt/airflow/dags/4_dependencies.py
[2026-09-13T01:39:06.210+0000] {processor.py:809} INFO - DAG(s) dict_keys(['4-dependencies']) retrieved from /opt/airflow/dags/4_dependencies.py
[2026-09-13T01:39:06.321+0000] {logging_mixin.py:149} INFO - [2026-09-13T01:39:06.321+0000] {dag.py:2726} INFO - Sync 1 DAGs
[2026-09-13T01:39:06.643+0000] {logging_mixin.py:149} INFO - [2026-09-13T01:39:06.642+0000] {dag.py:3490} INFO - Setting next_dagrun for 4-dependencies to 2023-05-01T00:00:00+00:00, run_after=2023-05-01T00:00:00+00:00
[2026-09-13T01:39:06.713+0000] {processor.py:178} INFO - Processing /opt/airflow/dags/4_dependencies.py took 0.581 seconds
[2026-09-13T01:39:37.155+0000] {processor.py:156} INFO - Started process (PID=161543) to work on /opt/airflow/dags/4_dependencies.py
[2026-09-13T01:39:37.162+0000] {processor.py:799} INFO - Processing file /opt/airflow/dags/4_dependencies.py for tasks to queue
[2026-09-13T01:39:37.164+0000] {logging_mixin.py:149} INFO - [2026-09-13T01:39:37.164+0000] {dagbag.py:541} INFO - Filling up the DagBag from /opt/airflow/dags/4_dependencies.py
[2026-09-13T01:39:37.197+0000] {processor.py:809} INFO - DAG(s) dict_keys(['4-dependencies']) retrieved from /opt/airflow/dags/4_dependencies.py
[2026-09-13T01:39:37.290+0000] {logging_mixin.py:149} INFO - [2026-09-13T01:39:37.290+0000] {dag.py:2726} INFO - Sync 1 DAGs
[2026-09-13T01:39:37.563+0000] {logging_mixin.py:149} INFO - [2026-09-13T01:39:37.562+0000] {dag.py:3490} INFO - Setting next_dagrun for 4-dependencies to 2023-05-01T00:00:00+00:00, run_after=2023-05-01T00:00:00+00:00
[2026-09-13T01:39:37.619+0000] {processor.py:178} INFO - Processing /opt/airflow/dags/4_dependencies.py took 0.477 seconds
[2026-09-13T01:40:07.841+0000] {processor.py:156} INFO - Started process (PID=161557) to work on /opt/airflow/dags/4_dependencies.py
[2026-09-13T01:40:07.845+0000] {processor.py:799} INFO - Processing file /opt/airflow/dags/4_dependencies.py for tasks to queue
[2026-09-13T01:40:07.847+0000] {logging_mixin.py:149} INFO - [2026-09-13T01:40:07.847+0000] {dagbag.py:541} INFO - Filling up the DagBag from /opt/airflow/dags/4_dependencies.py
[2026-09-13T01:40:07.875+0000] {processor.py:809} INFO - DAG(s) dict_keys(['4-dependencies']) retrieved from /opt/airflow/dags/4_dependencies.py
[2026-09-13T01:40:08.214+0000] {logging_mixin.py:149} INFO - [2026-09-13T01:40:08.214+0000] {dag.py:2726} INFO - Sync 1 DAGs
[2026-09-13T01:40:08.265+0000] {logging_mixin.py:149} INFO - [2026-09-13T01:40:08.265+0000] {dag.py:3490} INFO - Setting next_dagrun for 4-dependencies to 2023-05-01T00:00:00+00:00, run_after=2023-05-01T00:00:00+00:00
[2026-09-13T01:40:08.333+0000] {processor.py:178} INFO - Processing /opt/airflow/dags/4_dependencies.py took 0.502 seconds
[2026-09-13T01:40:38.708+0000] {processor.py:156} INFO - Started process (PID=161571) to work on /opt/airflow/dags/4_dependencies.py
[2026-09-13T01:40:38.717+0000] {processor.py:799} INFO - Processing file /opt/airflow/dags/4_dependencies.py for tasks to queue
[2026-09-13T01:40:38.719+0000] {logging_mixin.py:149} INFO - [2026-09-13T01:40:38.718+0000] {dagbag.py:541} INFO - Filling up the DagBag from /opt/airflow/dags/4_dependencies.py
[2026-09-13T01:40:38.981+0000] {processor.py:809} INFO - DAG(s) dict_keys(['4-dependencies']) retrieved from /opt/airflow/dags/4_dependencies.py
[2026-09-13T01:40:39.066+0000] {logging_mixin.py:149} INFO - [2026-09-13T01:40:39.065+0000] {dag.py:2726} INFO - Sync 1 DAGs
[2026-09-13T01:40:39.147+0000] {logging_mixin.py:149} INFO - [2026-09-13T01:40:39.146+0000] {dag.py:3490} INFO - Setting next_dagrun for 4-dependencies to 2023-05-01T00:00:00+00:00, run_after=2023-05-01T00:00:00+00:00
[2026-09-13T01:40:39.198+0000] {processor.py:178} INFO - Processing /opt/airflow/dags/4_dependencies.py took 0.501 seconds
[2026-09-13T01:41:09.351+0000] {processor.py:156} INFO - Started process (PID=161585) to work on /opt/airflow/dags/4_dependencies.py
[2026-09-13T01:41:09.355+0000] {processor.py:799} INFO - Processing file /opt/airflow/dags/4_dependencies.py for tasks to queue
[2026-09-13T01:41:09.357+0000] {logging_mixin.py:149} INFO - [2026-09-13T01:41:09.357+0000] {dagbag.py:541} INFO - Filling up the DagBag from /opt/airflow/dags/4_dependencies.py
[2026-09-13T01:41:09.385+0000] {processor.py:809} INFO - DAG(s) dict_keys(['4-dependencies']) retrieved from /opt/airflow/dags/4_dependencies.py
[2026-09-13T01:41:09.468+0000] {logging_mixin.py:149} INFO - [2026-09-13T01:41:09.468+0000] {dag.py:2726} INFO - Sync 1 DAGs
[2026-09-13T01:41:09.539+0000] {logging_mixin.py:149} INFO - [2026-09-13T01:41:09.539+0000] {dag.py:3490} INFO - Setting next_dagrun for 4-dependencies to 2023-05-01T00:00:00+00:00, run_after=2023-05-01T00:00:00+00:00
[2026-09-13T01:41:09.603+0000] {processor.py:178} INFO - Processing /opt/airflow/dags/4_dependencies.py took 0.263 seconds
[2026-09-13T01:41:39.804+0000] {processor.py:156} INFO - Started process (PID=161600) to work on /opt/airflow/dags/4_dependencies.py
[2026-09-13T01:41:39.808+0000] {processor.py:799} INFO - Processing file /opt/airflow/dags/4_dependencies.py for tasks to queue
[2026-09-13T01:41:39.810+0000] {logging_mixin.py:149} INFO - [2026-09-13T01:41:39.810+0000] {dagbag.py:541} INFO - Filling up the DagBag from /opt/airflow/dags/4_dependencies.py
[2026-09-13T01:41:39.839+0000] {processor.py:809} INFO - DAG(s) dict_keys(['4-dependencies']) retrieved from /opt/airflow/dags/4_dependencies.py
[2026-09-13T01:41:39.928+0000] {logging_mixin.py:149} INFO - [2026-09-13T01:41:39.928+0000] {dag.py:2726} INFO - Sync 1 DAGs
[2026-09-13T01:41:39.974+0000] {logging_mixin.py:149} INFO - [2026-09-13T01:41:39.973+0000] {dag.py:3490} INFO - Setting next_dagrun for 4-dependencies to 2023-05-01T00:00:00+00:00, run_after=2023-05-01T00:00:00+00:00
[2026-09-13T01:41:40.219+0000] {processor.py:178} INFO - Processing /opt/airflow/dags/4_dependencies.py took 0.428 seconds
[2026-09-13T01:42:10.656+0000] {processor.py:156} INFO - Started process (PID=161614) to work on /opt/airflow/dags/4_dependencies.py
[2026-09-13T01:42:10.659+0000] {processor.py:799} INFO - Processing file /opt/airflow/dags/4_dependencies.py for tasks to queue
[2026-09-13T01:42:10.661+0000] {logging_mixin.py:149} INFO - [2026-09-13T01:42:10.660+0000] {dagbag.py:541} INFO - Filling up the DagBag from /opt/airflow/dags/4_dependencies.py
[2026-09-13T01:42:10.687+0000] {processor.py:809} INFO - DAG(s) dict_keys(['4-dependencies']) retrieved from /opt/airflow/dags/4_dependencies.py
[2026-09-13T01:42:10.779+0000] {logging_mixin.py:149} INFO - [2026-09-13T01:42:10.778+0000] {dag.py:2726} INFO - Sync 1 DAGs
[2026-09-13T01:42:11.084+0000] {logging_mixin.py:149} INFO - [2026-09-13T01:42:11.084+0000] {dag.py:3490} INFO - Setting next_dagrun for 4-dependencies to 2023-05-01T00:00:00+00:00, run_after=2023-05-01T00:00:00+00:00
[2026-09-13T01:42:11.132+0000] {processor.py:178} INFO - Processing /opt/airflow/dags/4_dependencies.py took 0.490 seconds
[2026-09-13T01:42:42.015+0000] {processor.py:156} INFO - Started process (PID=161628) to work on /opt/airflow/dags/4_dependencies.py
[2026-09-13T01:42:42.018+0000] {processor.py:799} INFO - Processing file /opt/airflow/dags/4_dependencies.py for tasks to queue
[2026-09-13T01:42:42.019+0000] {logging_mixin.py:149} INFO - [2026-09-13T01:42:42.019+0000] {dagbag.py:541} INFO - Filling up the DagBag from /opt/airflow/dags/4_dependencies.py
[2026-09-13T01:42:42.046+0000] {processor.py:809} INFO - DAG(s) dict_keys(['4-dependencies']) retrieved from /opt/airflow/dags/4_dependencies.py
[2026-09-13T01:42:42.133+0000] {logging_mixin.py:149} INFO - [2026-09-13T01:42:42.132+0000] {dag.py:2726} INFO - Sync 1 DAGs
[2026-09-13T01:42:42.378+0000] {logging_mixin.py:149} INFO - [2026-09-13T01:42:42.378+0000] {dag.py:3490} INFO - Setting next_dagrun for 4-dependencies to 2023-05-01T00:00:00+00:00, run_after=2023-05-01T00:00:00+00:00
[2026-09-13T01:42:42.408+0000] {processor.py:178} INFO - Processing /opt/airflow/dags/4_dependencies.py took 0.406 seconds
[2026-09-13T01:43:12.747+0000] {processor.py:156} INFO - Started process (PID=161642) to work on /opt/airflow/dags/4_dependencies.py
[2026-09-13T01:43:12.752+0000] {processor.py:799} INFO - Processing file /opt/airflow/dags/4_dependencies.py for tasks to queue
[2026-09-13T01:43:12.754+0000] {logging_mixin.py:149} INFO - [2026-09-13T01:43:12.754+0000] {dagbag.py:541} INFO - Filling up the DagBag from /opt/airflow/dags/4_dependencies.py
[2026-09-13T01:43:12.791+0000] {processor.py:809} INFO - DAG(s) dict_keys(['4-dependencies']) retrieved from /opt/airflow/dags/4_dependencies.py
[2026-09-13T01:43:13.106+0000] {logging_mixin.py:149} INFO - [2026-09-13T01:43:13.106+0000] {dag.py:2726} INFO - Sync 1 DAGs
[2026-09-13T01:43:13.148+0000] {logging_mixin.py:149} INFO - [2026-09-13T01:43:13.147+0000] {dag.py:3490} INFO - Setting next_dagrun for 4-dependencies to 2023-05-01T00:00:00+00:00, run_after=2023-05-01T00:00:00+00:00
[2026-09-13T01:43:13.211+0000] {processor.py:178} INFO - Processing /opt/airflow/dags/4_dependencies.py took 0.475 seconds
[2026-09-13T01:43:43.909+0000] {processor.py:156} INFO - Started process (PID=161656) to work on /opt/airflow/dags/4_dependencies.py
[2026-09-13T01:43:43.913+0000] {processor.py:799} INFO - Processing file /opt/airflow/dags/4_dependencies.py for tasks to queue
[2026-09-13T01:43:43.915+0000] {logging_mixin.py:149} INFO - [2026-09-13T01:43:43.915+0000] {dagbag.py:541} INFO - Filling up the DagBag from /opt/airflow/dags/4_dependencies.py
[2026-09-13T01:43:43.943+0000] {processor.py:809} INFO - DAG(s) dict_keys(['4-dependencies']) retrieved from /opt/airflow/dags/4_dependencies.py
[2026-09-13T01:43:44.020+0000] {logging_mixin.py:149} INFO - [2026-09-13T01:43:44.020+0000] {dag.py:2726} INFO - Sync 1 DAGs
[2026-09-13T01:43:44.066+0000] {logging_mixin.py:149} INFO - [2026-09-13T01:43:44.066+0000] {dag.py:3490} INFO - Setting next_dagrun for 4-dependencies to 2023-05-01T00:00:00+00:00, run_after=2023-05-01T00:00:00+00:00
[2026-09-13T01:43:44.099+0000] {processor.py:178} INFO - Processing /opt/airflow/dags/4_dependencies.py took 0.199 seconds
[2026-09-13T01:44:14.689+0000] {processor.py:156} INFO - Started process (PID=161670) to work on /opt/airflow/dags/4_dependencies.py
[2026-09-13T01:44:14.693+0000] {processor.py:799} INFO - Processing file /opt/airflow/dags/4_dependencies.py for tasks to queue
[2026-09-13T01:44:14.694+0000] {logging_mixin.py:149} INFO - [2026-09-13T01:44:14.694+0000] {dagbag.py:541} INFO - Filling up the DagBag from /opt/airflow/dags/4_dependencies.py
[2026-09-13T01:44:14.723+0000] {processor.py:809} INFO - DAG(s) dict_keys(['4-dependencies']) retrieved from /opt/airflow/dags/4_dependencies.py
[2026-09-13T01:44:14.819+0000] {logging_mixin.py:149} INFO - [2026-09-13T01:44:14.819+0000] {dag.py:2726} INFO - Sync 1 DAGs
[2026-09-13T01:44:14.881+0000] {logging_mixin.py:149} INFO - [2026-09-13T01:44:14.881+0000] {dag.py:3490} INFO - Setting next_dagrun for 4-dependencies to 2023-05-01T00:00:00+00:00, run_after=2023-05-01T00:00:00+00:00
[2026-09-13T01:44:15.110+0000] {processor.py:178} INFO - Processing /opt/airflow/dags/4_dependencies.py took 0.436 seconds
[2026-09-13T01:44:45.506+0000] {processor.py:156} INFO - Started process (PID=161684) to work on /opt/airflow/dags/4_dependencies.py
[2026-09-13T01:44:45.515+0000] {processor.py:799} INFO - Processing file /opt/airflow/dags/4_dependencies.py for tasks to queue
[2026-09-13T01:44:45.516+0000] {logging_mixin.py:149} INFO - [2026-09-13T01:44:45.516+0000] {dagbag.py:541} INFO - Filling up the DagBag from /opt/airflow/dags/4_dependencies.py
[2026-09-13T01:44:45.560+0000] {processor.py:809} INFO - DAG(s) dict_keys(['4-dependencies']) retrieved from /opt/airflow/dags/4_dependencies.py
[2026-09-13T01:44:45.636+0000] {logging_mixin.py:149} INFO - [2026-09-13T01:44:45.636+0000] {dag.py:2726} INFO - Sync 1 DAGs
[2026-09-13T01:44:45.967+0000] {logging_mixin.py:149} INFO - [2026-09-13T01:44:45.967+0000] {dag.py:3490} INFO - Setting next_dagrun for 4-dependencies to 2023-05-01T00:00:00+00:00, run_after=2023-05-01T00:00:00+00:00
[2026-09-13T01:44:46.026+0000] {processor.py:178} INFO - Processing /opt/airflow/dags/4_dependencies.py took 0.530 seconds
[2026-09-13T01:45:16.299+0000] {processor.py:156} INFO - Started process (PID=161698) to work on /opt/airflow/dags/4_dependencies.py
[2026-09-13T01:45:16.303+0000] {processor.py:799} INFO - Processing file /opt/airflow/dags/4_dependencies.py for tasks to queue
[2026-09-13T01:45:16.305+0000] {logging_mixin.py:149} INFO - [2026-09-13T01:45:16.304+0000] {dagbag.py:541} INFO - Filling up the DagBag from /opt/airflow/dags/4_dependencies.py
[2026-09-13T01:45:16.333+0000] {processor.py:809} INFO - DAG(s) dict_keys(['4-dependencies']) retrieved from /opt/airflow/dags/4_dependencies.py
[2026-09-13T01:45:16.408+0000] {logging_mixin.py:149} INFO - [2026-09-13T01:45:16.408+0000] {dag.py:2726} INFO - Sync 1 DAGs
[2026-09-13T01:45:16.674+0000] {logging_mixin.py:149} INFO - [2026-09-13T01:45:16.674+0000] {dag.py:3490} INFO - Setting next_dagrun for 4-dependencies to 2023-05-01T00:00:00+00:00, run_after=2023-05-01T00:00:00+00:00
[2026-09-13T01:45:16.741+0000] {processor.py:178} INFO - Processing /opt/airflow/dags/4_dependencies.py took 0.454 seconds
[2026-09-13T01:45:46.953+0000] {processor.py:156} INFO - Started process (PID=161712) to work on /opt/airflow/dags/4_dependencies.py
[2026-09-13T01:45:46.957+0000] {processor.py:799} INFO - Processing file /opt/airflow/dags/4_dependencies.py for tasks to queue
[2026-09-13T01:45:46.959+0000] {logging_mixin.py:149} INFO - [2026-09-13T01:45:46.959+0000] {dagbag.py:541} INFO - Filling up the DagBag from /opt/airflow/dags/4_dependencies.py
[2026-09-13T01:45:46.989+0000] {processor.py:809} INFO - DAG(s) dict_keys(['4-dependencies']) retrieved from /opt/airflow/dags/4_dependencies.py
[2026-09-13T01:45:47.287+0000] {logging_mixin.py:149} INFO - [2026-09-13T01:45:47.286+0000] {dag.py:2726} INFO - Sync 1 DAGs
[2026-09-13T01:45:47.341+0000] {logging_mixin.py:149} INFO - [2026-09-13T01:45:47.340+0000] {dag.py:3490} INFO - Setting next_dagrun for 4-dependencies to 2023-05-01T00:00:00+00:00, run_after=2023-05-01T00:00:00+00:00
[2026-09-13T01:45:47.409+0000] {processor.py:178} INFO - Processing /opt/airflow/dags/4_dependencies.py took 0.466 seconds
[2026-09-13T01:46:17.764+0000] {processor.py:156} INFO - Started process (PID=161726) to work on /opt/airflow/dags/4_dependencies.py
[2026-09-13T01:46:17.768+0000] {processor.py:799} INFO - Processing file /opt/airflow/dags/4_dependencies.py for tasks to queue
[2026-09-13T01:46:17.769+0000] {logging_mixin.py:149} INFO - [2026-09-13T01:46:17.769+0000] {dagbag.py:541} INFO - Filling up the DagBag from /opt/airflow/dags/4_dependencies.py
[2026-09-13T01:46:18.071+0000] {processor.py:809} INFO - DAG(s) dict_keys(['4-dependencies']) retrieved from /opt/airflow/dags/4_dependencies.py
[2026-09-13T01:46:18.158+0000] {logging_mixin.py:149} INFO - [2026-09-13T01:46:18.158+0000] {dag.py:2726} INFO - Sync 1 DAGs
[2026-09-13T01:46:18.242+0000] {logging_mixin.py:149} INFO - [2026-09-13T01:46:18.242+0000] {dag.py:3490} INFO - Setting next_dagrun for 4-dependencies to 2023-05-01T00:00:00+00:00, run_after=2023-05-01T00:00:00+00:00
[2026-09-13T01:46:18.306+0000] {processor.py:178} INFO - Processing /opt/airflow/dags/4_dependencies.py took 0.552 seconds
[2026-09-13T01:46:48.395+0000] {processor.py:156} INFO - Started process (PID=161740) to work on /opt/airflow/dags/4_dependencies.py
[2026-09-13T01:46:48.402+0000] {processor.py:799} INFO - Processing file /opt/airflow/dags/4_dependencies.py for tasks to queue
[2026-09-13T01:46:48.404+0000] {logging_mixin.py:149} INFO - [2026-09-13T01:46:48.404+0000] {dagbag.py:541} INFO - Filling up the DagBag from /opt/airflow/dags/4_dependencies.py
[2026-09-13T01:46:48.434+0000] {processor.py:809} INFO - DAG(s) dict_keys(['4-dependencies']) retrieved from /opt/airflow/dags/4_dependencies.py
[2026-09-13T01:46:48.517+0000] {logging_mixin.py:149} INFO - [2026-09-13T01:46:48.516+0000] {dag.py:2726} INFO - Sync 1 DAGs
[2026-09-13T01:46:48.569+0000] {logging_mixin.py:149} INFO - [2026-09-13T01:46:48.568+0000] {dag.py:3490} INFO - Setting next_dagrun for 4-dependencies to 2023-05-01T00:00:00+00:00, run_after=2023-05-01T00:00:00+00:00
[2026-09-13T01:46:48.619+0000] {processor.py:178} INFO - Processing /opt/airflow/dags/4_dependencies.py took 0.235 seconds
[2026-09-13T01:47:18.838+0000] {processor.py:156} INFO - Started process (PID=161754) to work on /opt/airflow/dags/4_dependencies.py
[2026-09-13T01:47:18.843+0000] {processor.py:799} INFO - Processing file /opt/airflow/dags/4_dependencies.py for tasks to queue
[2026-09-13T01:47:18.845+0000] {logging_mixin.py:149} INFO - [2026-09-13T01:47:18.844+0000] {dagbag.py:541} INFO - Filling up the DagBag from /opt/airflow/dags/4_dependencies.py
[2026-09-13T01:47:18.884+0000] {processor.py:809} INFO - DAG(s) dict_keys(['4-dependencies']) retrieved from /opt/airflow/dags/4_dependencies.py
[2026-09-13T01:47:18.974+0000] {logging_mixin.py:149} INFO - [2026-09-13T01:47:18.974+0000] {dag.py:2726} INFO - Sync 1 DAGs
[2026-09-13T01:47:19.056+0000] {logging_mixin.py:149} INFO - [2026-09-13T01:47:19.056+0000] {dag.py:3490} INFO - Setting next_dagrun for 4-dependencies to 2023-05-01T00:00:00+00:00, run_after=2023-05-01T00:00:00+00:00
[2026-09-13T01:47:19.126+0000] {processor.py:178} INFO - Processing /opt/airflow/dags/4_dependencies.py took 0.294 seconds
[2026-09-13T01:47:49.277+0000] {processor.py:156} INFO - Started process (PID=161768) to work on /opt/airflow/dags/4_dependencies.py
[2026-09-13T01:47:49.280+0000] {processor.py:799} INFO - Processing file /opt/airflow/dags/4_dependencies.py for tasks to queue
[2026-09-13T01:47:49.282+0000] {logging_mixin.py:149} INFO - [2026-09-13T01:47:49.282+0000] {dagbag.py:541} INFO - Filling up the DagBag from /opt/airflow/dags/4_dependencies.py
[2026-09-13T01:47:49.310+0000] {processor.py:809} INFO - DAG(s) dict_keys(['4-dependencies']) retrieved from /opt/airflow/dags/4_dependencies.py
[2026-09-13T01:47:49.423+0000] {logging_mixin.py:149} INFO - [2026-09-13T01:47:49.423+0000] {dag.py:2726} INFO - Sync 1 DAGs
[2026-09-13T01:47:49.483+0000] {logging_mixin.py:149} INFO - [2026-09-13T01:47:49.483+0000] {dag.py:3490} INFO - Setting next_dagrun for 4-dependencies to 2023-05-01T00:00:00+00:00, run_after=2023-05-01T00:00:00+00:00
[2026-09-13T01:47:49.516+0000] {processor.py:178} INFO - Processing /opt/airflow/dags/4_dependencies.py took 0.248 seconds
[2026-09-13T01:48:19.787+0000] {processor.py:156} INFO - Started process (PID=161782) to work on /opt/airflow/dags/4_dependencies.py
[2026-09-13T01:48:19.796+0000] {processor.py:799} INFO - Processing file /opt/airflow/dags/4_dependencies.py for tasks to queue
[2026-09-13T01:48:19.799+0000] {logging_mixin.py:149} INFO - [2026-09-13T01:48:19.799+0000] {dagbag.py:541} INFO - Filling up the DagBag from /opt/airflow/dags/4_dependencies.py
[2026-09-13T01:48:19.837+0000] {processor.py:809} INFO - DAG(s) dict_keys(['4-dependencies']) retrieved from /opt/airflow/dags/4_dependencies.py
[2026-09-13T01:48:19.929+0000] {logging_mixin.py:149} INFO - [2026-09-13T01:48:19.929+0000] {dag.py:2726} INFO - Sync 1 DAGs
[2026-09-13T01:48:19.975+0000] {logging_mixin.py:149} INFO - [2026-09-13T01:48:19.975+0000] {dag.py:3490} INFO - Setting next_dagrun for 4-dependencies to 2023-05-01T00:00:00+00:00, run_after=2023-05-01T00:00:00+00:00
[2026-09-13T01:48:20.016+0000] {processor.py:178} INFO - Processing /opt/airflow/dags/4_dependencies.py took 0.240 seconds
[2026-09-13T01:48:50.281+0000] {processor.py:156} INFO - Started process (PID=161796) to work on /opt/airflow/dags/4_dependencies.py
[2026-09-13T01:48:50.284+0000] {processor.py:799} INFO - Processing file /opt/airflow/dags/4_dependencies.py for tasks to queue
[2026-09-13T01:48:50.286+0000] {logging_mixin.py:149} INFO - [2026-09-13T01:48:50.286+0000] {dagbag.py:541} INFO - Filling up the DagBag from /opt/airflow/dags/4_dependencies.py
[2026-09-13T01:48:50.318+0000] {processor.py:809} INFO - DAG(s) dict_keys(['4-dependencies']) retrieved from /opt/airflow/dags/4_dependencies.py
[2026-09-13T01:48:50.402+0000] {logging_mixin.py:149} INFO - [2026-09-13T01:48:50.401+0000] {dag.py:2726} INFO - Sync 1 DAGs
[2026-09-13T01:48:50.451+0000] {logging_mixin.py:149} INFO - [2026-09-13T01:48:50.450+0000] {dag.py:3490} INFO - Setting next_dagrun for 4-dependencies to 2023-05-01T00:00:00+00:00, run_after=2023-05-01T00:00:00+00:00
[2026-09-13T01:48:50.489+0000] {processor.py:178} INFO - Processing /opt/airflow/dags/4_dependencies.py took 0.221 seconds
[2026-09-13T01:49:20.759+0000] {processor.py:156} INFO - Started process (PID=161810) to work on /opt/airflow/dags/4_dependencies.py
[2026-09-13T01:49:20.763+0000] {processor.py:799} INFO - Processing file /opt/airflow/dags/4_dependencies.py for tasks to queue
[2026-09-13T01:49:20.765+0000] {logging_mixin.py:149} INFO - [2026-09-13T01:49:20.765+0000] {dagbag.py:541} INFO - Filling up the DagBag from /opt/airflow/dags/4_dependencies.py
[2026-09-13T01:49:20.794+0000] {processor.py:809} INFO - DAG(s) dict_keys(['4-dependencies']) retrieved from /opt/airflow/dags/4_dependencies.py
[2026-09-13T01:49:20.887+0000] {logging_mixin.py:149} INFO - [2026-09-13T01:49:20.887+0000] {dag.py:2726} INFO - Sync 1 DAGs
[2026-09-13T01:49:20.954+0000] {logging_mixin.py:149} INFO - [2026-09-13T01:49:20.953+0000] {dag.py:3490} INFO - Setting next_dagrun for 4-dependencies to 2023-05-01T00:00:00+00:00, run_after=2023-05-01T00:00:00+00:00
[2026-09-13T01:49:21.003+0000] {processor.py:178} INFO - Processing /opt/airflow/dags/4_dependencies.py took 0.256 seconds
[2026-09-13T01:49:51.268+0000] {processor.py:156} INFO - Started process (PID=161824) to work on /opt/airflow/dags/4_dependencies.py
[2026-09-13T01:49:51.273+0000] {processor.py:799} INFO - Processing file /opt/airflow/dags/4_dependencies.py for tasks to queue
[2026-09-13T01:49:51.276+0000] {logging_mixin.py:149} INFO - [2026-09-13T01:49:51.275+0000] {dagbag.py:541} INFO - Filling up the DagBag from /opt/airflow/dags/4_dependencies.py
[2026-09-13T01:49:51.311+0000] {processor.py:809} INFO - DAG(s) dict_keys(['4-dependencies']) retrieved from /opt/airflow/dags/4_dependencies.py
[2026-09-13T01:49:51.377+0000] {logging_mixin.py:149} INFO - [2026-09-13T01:49:51.377+0000] {dag.py:2726} INFO - Sync 1 DAGs
[2026-09-13T01:49:51.420+0000] {logging_mixin.py:149} INFO - [2026-09-13T01:49:51.419+0000] {dag.py:3490} INFO - Setting next_dagrun for 4-dependencies to 2023-05-01T00:00:00+00:00, run_after=2023-05-01T00:00:00+00:00
[2026-09-13T01:49:51.446+0000] {processor.py:178} INFO - Processing /opt/airflow/dags/4_dependencies.py took 0.191 seconds
[2026-09-13T01:50:21.703+0000] {processor.py:156} INFO - Started process (PID=161838) to work on /opt/airflow/dags/4_dependencies.py
[2026-09-13T01:50:21.710+0000] {processor.py:799} INFO - Processing file /opt/airflow/dags/4_dependencies.py for tasks to queue
[2026-09-13T01:50:21.713+0000] {logging_mixin.py:149} INFO - [2026-09-13T01:50:21.712+0000] {dagbag.py:541} INFO - Filling up the DagBag from /opt/airflow/dags/4_dependencies.py
[2026-09-13T01:50:21.790+0000] {processor.py:809} INFO - DAG(s) dict_keys(['4-dependencies']) retrieved from /opt/airflow/dags/4_dependencies.py
[2026-09-13T01:50:21.871+0000] {logging_mixin.py:149} INFO - [2026-09-13T01:50:21.870+0000] {dag.py:2726} INFO - Sync 1 DAGs
[2026-09-13T01:50:21.922+0000] {logging_mixin.py:149} INFO - [2026-09-13T01:50:21.921+0000] {dag.py:3490} INFO - Setting next_dagrun for 4-dependencies to 2023-05-01T00:00:00+00:00, run_after=2023-05-01T00:00:00+00:00
[2026-09-13T01:50:21.955+0000] {processor.py:178} INFO - Processing /opt/airflow/dags/4_dependencies.py took 0.262 seconds
[2026-09-13T01:50:52.123+0000] {processor.py:156} INFO - Started process (PID=161852) to work on /opt/airflow/dags/4_dependencies.py
[2026-09-13T01:50:52.127+0000] {processor.py:799} INFO - Processing file /opt/airflow/dags/4_dependencies.py for tasks to queue
[2026-09-13T01:50:52.128+0000] {logging_mixin.py:149} INFO - [2026-09-13T01:50:52.128+0000] {dagbag.py:541} INFO - Filling up the DagBag from /opt/airflow/dags/4_dependencies.py
[2026-09-13T01:50:52.153+0000] {processor.py:809} INFO - DAG(s) dict_keys(['4-dependencies']) retrieved from /opt/airflow/dags/4_dependencies.py
[2026-09-13T01:50:52.214+0000] {logging_mixin.py:149} INFO - [2026-09-13T01:50:52.214+0000] {dag.py:2726} INFO - Sync 1 DAGs
[2026-09-13T01:50:52.250+0000] {logging_mixin.py:149} INFO - [2026-09-13T01:50:52.250+0000] {dag.py:3490} INFO - Setting next_dagrun for 4-dependencies to 2023-05-01T00:00:00+00:00, run_after=2023-05-01T00:00:00+00:00
[2026-09-13T01:50:52.278+0000] {processor.py:178} INFO - Processing /opt/airflow/dags/4_dependencies.py took 0.177 seconds
[2026-09-13T01:51:22.637+0000] {processor.py:156} INFO - Started process (PID=161866) to work on /opt/airflow/dags/4_dependencies.py
[2026-09-13T01:51:22.646+0000] {processor.py:799} INFO - Processing file /opt/airflow/dags/4_dependencies.py for tasks to queue
[2026-09-13T01:51:22.648+0000] {logging_mixin.py:149} INFO - [2026-09-13T01:51:22.647+0000] {dagbag.py:541} INFO - Filling up the DagBag from /opt/airflow/dags/4_dependencies.py
[2026-09-13T01:51:22.678+0000] {processor.py:809} INFO - DAG(s) dict_keys(['4-dependencies']) retrieved from /opt/airflow/dags/4_dependencies.py
[2026-09-13T01:51:22.741+0000] {logging_mixin.py:149} INFO - [2026-09-13T01:51:22.741+0000] {dag.py:2726} INFO - Sync 1 DAGs
[2026-09-13T01:51:22.783+0000] {logging_mixin.py:149} INFO - [2026-09-13T01:51:22.782+0000] {dag.py:3490} INFO - Setting next_dagrun for 4-dependencies to 2023-05-01T00:00:00+00:00, run_after=2023-05-01T00:00:00+00:00
[2026-09-13T01:51:22.817+0000] {processor.py:178} INFO - Processing /opt/airflow/dags/4_dependencies.py took 0.196 seconds
[2026-09-13T01:51:53.277+0000] {processor.py:156} INFO - Started process (PID=161880) to work on /opt/airflow/dags/4_dependencies.py
[2026-09-13T01:51:53.283+0000] {processor.py:799} INFO - Processing file /opt/airflow/dags/4_dependencies.py for tasks to queue
[2026-09-13T01:51:53.284+0000] {logging_mixin.py:149} INFO - [2026-09-13T01:51:53.284+0000] {dagbag.py:541} INFO - Filling up the DagBag from /opt/airflow/dags/4_dependencies.py
[2026-09-13T01:51:53.311+0000] {processor.py:809} INFO - DAG(s) dict_keys(['4-dependencies']) retrieved from /opt/airflow/dags/4_dependencies.py
[2026-09-13T01:51:53.407+0000] {logging_mixin.py:149} INFO - [2026-09-13T01:51:53.407+0000] {dag.py:2726} INFO - Sync 1 DAGs
[2026-09-13T01:51:53.493+0000] {logging_mixin.py:149} INFO - [2026-09-13T01:51:53.492+0000] {dag.py:3490} INFO - Setting next_dagrun for 4-dependencies to 2023-05-01T00:00:00+00:00, run_after=2023-05-01T00:00:00+00:00
[2026-09-13T01:51:53.536+0000] {processor.py:178} INFO - Processing /opt/airflow/dags/4_dependencies.py took 0.279 seconds
[2026-09-13T01:52:23.800+0000] {processor.py:156} INFO - Started process (PID=161893) to work on /opt/airflow/dags/4_dependencies.py
[2026-09-13T01:52:23.803+0000] {processor.py:799} INFO - Processing file /opt/airflow/dags/4_dependencies.py for tasks to queue
[2026-09-13T01:52:23.805+0000] {logging_mixin.py:149} INFO - [2026-09-13T01:52:23.805+0000] {dagbag.py:541} INFO - Filling up the DagBag from /opt/airflow/dags/4_dependencies.py
[2026-09-13T01:52:23.835+0000] {processor.py:809} INFO - DAG(s) dict_keys(['4-dependencies']) retrieved from /opt/airflow/dags/4_dependencies.py
[2026-09-13T01:52:23.934+0000] {logging_mixin.py:149} INFO - [2026-09-13T01:52:23.933+0000] {dag.py:2726} INFO - Sync 1 DAGs
[2026-09-13T01:52:23.996+0000] {logging_mixin.py:149} INFO - [2026-09-13T01:52:23.995+0000] {dag.py:3490} INFO - Setting next_dagrun for 4-dependencies to 2023-05-01T00:00:00+00:00, run_after=2023-05-01T00:00:00+00:00
[2026-09-13T01:52:24.075+0000] {processor.py:178} INFO - Processing /opt/airflow/dags/4_dependencies.py took 0.287 seconds
[2026-09-13T01:52:54.134+0000] {processor.py:156} INFO - Started process (PID=161907) to work on /opt/airflow/dags/4_dependencies.py
[2026-09-13T01:52:54.138+0000] {processor.py:799} INFO - Processing file /opt/airflow/dags/4_dependencies.py for tasks to queue
[2026-09-13T01:52:54.139+0000] {logging_mixin.py:149} INFO - [2026-09-13T01:52:54.139+0000] {dagbag.py:541} INFO - Filling up the DagBag from /opt/airflow/dags/4_dependencies.py
[2026-09-13T01:52:54.168+0000] {processor.py:809} INFO - DAG(s) dict_keys(['4-dependencies']) retrieved from /opt/airflow/dags/4_dependencies.py
[2026-09-13T01:52:54.254+0000] {logging_mixin.py:149} INFO - [2026-09-13T01:52:54.254+0000] {dag.py:2726} INFO - Sync 1 DAGs
[2026-09-13T01:52:54.321+0000] {logging_mixin.py:149} INFO - [2026-09-13T01:52:54.320+0000] {dag.py:3490} INFO - Setting next_dagrun for 4-dependencies to 2023-05-01T00:00:00+00:00, run_after=2023-05-01T00:00:00+00:00
[2026-09-13T01:52:54.387+0000] {processor.py:178} INFO - Processing /opt/airflow/dags/4_dependencies.py took 0.264 seconds
[2026-09-13T01:53:24.517+0000] {processor.py:156} INFO - Started process (PID=161921) to work on /opt/airflow/dags/4_dependencies.py
[2026-09-13T01:53:24.521+0000] {processor.py:799} INFO - Processing file /opt/airflow/dags/4_dependencies.py for tasks to queue
[2026-09-13T01:53:24.523+0000] {logging_mixin.py:149} INFO - [2026-09-13T01:53:24.523+0000] {dagbag.py:541} INFO - Filling up the DagBag from /opt/airflow/dags/4_dependencies.py
[2026-09-13T01:53:24.549+0000] {processor.py:809} INFO - DAG(s) dict_keys(['4-dependencies']) retrieved from /opt/airflow/dags/4_dependencies.py
[2026-09-13T01:53:24.638+0000] {logging_mixin.py:149} INFO - [2026-09-13T01:53:24.638+0000] {dag.py:2726} INFO - Sync 1 DAGs
[2026-09-13T01:53:24.710+0000] {logging_mixin.py:149} INFO - [2026-09-13T01:53:24.709+0000] {dag.py:3490} INFO - Setting next_dagrun for 4-dependencies to 2023-05-01T00:00:00+00:00, run_after=2023-05-01T00:00:00+00:00
[2026-09-13T01:53:24.771+0000] {processor.py:178} INFO - Processing /opt/airflow/dags/4_dependencies.py took 0.268 seconds
[2026-09-13T01:53:55.038+0000] {processor.py:156} INFO - Started process (PID=161936) to work on /opt/airflow/dags/4_dependencies.py
[2026-09-13T01:53:55.041+0000] {processor.py:799} INFO - Processing file /opt/airflow/dags/4_dependencies.py for tasks to queue
[2026-09-13T01:53:55.043+0000] {logging_mixin.py:149} INFO - [2026-09-13T01:53:55.042+0000] {dagbag.py:541} INFO - Filling up the DagBag from /opt/airflow/dags/4_dependencies.py
[2026-09-13T01:53:55.068+0000] {processor.py:809} INFO - DAG(s) dict_keys(['4-dependencies']) retrieved from /opt/airflow/dags/4_dependencies.py
[2026-09-13T01:53:55.166+0000] {logging_mixin.py:149} INFO - [2026-09-13T01:53:55.166+0000] {dag.py:2726} INFO - Sync 1 DAGs
[2026-09-13T01:53:55.233+0000] {logging_mixin.py:149} INFO - [2026-09-13T01:53:55.232+0000] {dag.py:3490} INFO - Setting next_dagrun for 4-dependencies to 2023-05-01T00:00:00+00:00, run_after=2023-05-01T00:00:00+00:00
[2026-09-13T01:53:55.296+0000] {processor.py:178} INFO - Processing /opt/airflow/dags/4_dependencies.py took 0.270 seconds
[2026-09-13T01:54:25.492+0000] {processor.py:156} INFO - Started process (PID=161950) to work on /opt/airflow/dags/4_dependencies.py
[2026-09-13T01:54:25.495+0000] {processor.py:799} INFO - Processing file /opt/airflow/dags/4_dependencies.py for tasks to queue
[2026-09-13T01:54:25.497+0000] {logging_mixin.py:149} INFO - [2026-09-13T01:54:25.497+0000] {dagbag.py:541} INFO - Filling up the DagBag from /opt/airflow/dags/4_dependencies.py
[2026-09-13T01:54:25.524+0000] {processor.py:809} INFO - DAG(s) dict_keys(['4-dependencies']) retrieved from /opt/airflow/dags/4_dependencies.py
[2026-09-13T01:54:25.609+0000] {logging_mixin.py:149} INFO - [2026-09-13T01:54:25.609+0000] {dag.py:2726} INFO - Sync 1 DAGs
[2026-09-13T01:54:25.667+0000] {logging_mixin.py:149} INFO - [2026-09-13T01:54:25.667+0000] {dag.py:3490} INFO - Setting next_dagrun for 4-dependencies to 2023-05-01T00:00:00+00:00, run_after=2023-05-01T00:00:00+00:00
[2026-09-13T01:54:25.709+0000] {processor.py:178} INFO - Processing /opt/airflow/dags/4_dependencies.py took 0.228 seconds
[2026-09-13T01:54:55.961+0000] {processor.py:156} INFO - Started process (PID=161964) to work on /opt/airflow/dags/4_dependencies.py
[2026-09-13T01:54:55.966+0000] {processor.py:799} INFO - Processing file /opt/airflow/dags/4_dependencies.py for tasks to queue
[2026-09-13T01:54:55.969+0000] {logging_mixin.py:149} INFO - [2026-09-13T01:54:55.968+0000] {dagbag.py:541} INFO - Filling up the DagBag from /opt/airflow/dags/4_dependencies.py
[2026-09-13T01:54:55.998+0000] {processor.py:809} INFO - DAG(s) dict_keys(['4-dependencies']) retrieved from /opt/airflow/dags/4_dependencies.py
[2026-09-13T01:54:56.100+0000] {logging_mixin.py:149} INFO - [2026-09-13T01:54:56.100+0000] {dag.py:2726} INFO - Sync 1 DAGs
[2026-09-13T01:54:56.172+0000] {logging_mixin.py:149} INFO - [2026-09-13T01:54:56.171+0000] {dag.py:3490} INFO - Setting next_dagrun for 4-dependencies to 2023-05-01T00:00:00+00:00, run_after=2023-05-01T00:00:00+00:00
[2026-09-13T01:54:56.237+0000] {processor.py:178} INFO - Processing /opt/airflow/dags/4_dependencies.py took 0.287 seconds
[2026-09-13T01:55:26.496+0000] {processor.py:156} INFO - Started process (PID=161978) to work on /opt/airflow/dags/4_dependencies.py
[2026-09-13T01:55:26.500+0000] {processor.py:799} INFO - Processing file /opt/airflow/dags/4_dependencies.py for tasks to queue
[2026-09-13T01:55:26.501+0000] {logging_mixin.py:149} INFO - [2026-09-13T01:55:26.501+0000] {dagbag.py:541} INFO - Filling up the DagBag from /opt/airflow/dags/4_dependencies.py
[2026-09-13T01:55:26.531+0000] {processor.py:809} INFO - DAG(s) dict_keys(['4-dependencies']) retrieved from /opt/airflow/dags/4_dependencies.py
[2026-09-13T01:55:26.631+0000] {logging_mixin.py:149} INFO - [2026-09-13T01:55:26.630+0000] {dag.py:2726} INFO - Sync 1 DAGs
[2026-09-13T01:55:26.720+0000] {logging_mixin.py:149} INFO - [2026-09-13T01:55:26.719+0000] {dag.py:3490} INFO - Setting next_dagrun for 4-dependencies to 2023-05-01T00:00:00+00:00, run_after=2023-05-01T00:00:00+00:00
[2026-09-13T01:55:26.795+0000] {processor.py:178} INFO - Processing /opt/airflow/dags/4_dependencies.py took 0.310 seconds
[2026-09-13T01:55:56.947+0000] {processor.py:156} INFO - Started process (PID=161993) to work on /opt/airflow/dags/4_dependencies.py
[2026-09-13T01:55:56.950+0000] {processor.py:799} INFO - Processing file /opt/airflow/dags/4_dependencies.py for tasks to queue
[2026-09-13T01:55:56.952+0000] {logging_mixin.py:149} INFO - [2026-09-13T01:55:56.952+0000] {dagbag.py:541} INFO - Filling up the DagBag from /opt/airflow/dags/4_dependencies.py
[2026-09-13T01:55:56.976+0000] {processor.py:809} INFO - DAG(s) dict_keys(['4-dependencies']) retrieved from /opt/airflow/dags/4_dependencies.py
[2026-09-13T01:55:57.072+0000] {logging_mixin.py:149} INFO - [2026-09-13T01:55:57.071+0000] {dag.py:2726} INFO - Sync 1 DAGs
[2026-09-13T01:55:57.149+0000] {logging_mixin.py:149} INFO - [2026-09-13T01:55:57.148+0000] {dag.py:3490} INFO - Setting next_dagrun for 4-dependencies to 2023-05-01T00:00:00+00:00, run_after=2023-05-01T00:00:00+00:00
[2026-09-13T01:55:57.189+0000] {processor.py:178} INFO - Processing /opt/airflow/dags/4_dependencies.py took 0.251 seconds
[2026-09-13T01:56:27.481+0000] {processor.py:156} INFO - Started process (PID=162007) to work on /opt/airflow/dags/4_dependencies.py
[2026-09-13T01:56:27.489+0000] {processor.py:799} INFO - Processing file /opt/airflow/dags/4_dependencies.py for tasks to queue
[2026-09-13T01:56:27.492+0000] {logging_mixin.py:149} INFO - [2026-09-13T01:56:27.491+0000] {dagbag.py:541} INFO - Filling up the DagBag from /opt/airflow/dags/4_dependencies.py
[2026-09-13T01:56:27.528+0000] {processor.py:809} INFO - DAG(s) dict_keys(['4-dependencies']) retrieved from /opt/airflow/dags/4_dependencies.py
[2026-09-13T01:56:27.622+0000] {logging_mixin.py:149} INFO - [2026-09-13T01:56:27.621+0000] {dag.py:2726} INFO - Sync 1 DAGs
[2026-09-13T01:56:27.702+0000] {logging_mixin.py:149} INFO - [2026-09-13T01:56:27.701+0000] {dag.py:3490} INFO - Setting next_dagrun for 4-dependencies to 2023-05-01T00:00:00+00:00, run_after=2023-05-01T00:00:00+00:00
[2026-09-13T01:56:27.786+0000] {processor.py:178} INFO - Processing /opt/airflow/dags/4_dependencies.py took 0.326 seconds
[2026-09-13T01:56:57.961+0000] {processor.py:156} INFO - Started process (PID=162021) to work on /opt/airflow/dags/4_dependencies.py
[2026-09-13T01:56:57.965+0000] {processor.py:799} INFO - Processing file /opt/airflow/dags/4_dependencies.py for tasks to queue
[2026-09-13T01:56:57.967+0000] {logging_mixin.py:149} INFO - [2026-09-13T01:56:57.966+0000] {dagbag.py:541} INFO - Filling up the DagBag from /opt/airflow/dags/4_dependencies.py
[2026-09-13T01:56:57.993+0000] {processor.py:809} INFO - DAG(s) dict_keys(['4-dependencies']) retrieved from /opt/airflow/dags/4_dependencies.py
[2026-09-13T01:56:58.087+0000] {logging_mixin.py:149} INFO - [2026-09-13T01:56:58.086+0000] {dag.py:2726} INFO - Sync 1 DAGs
[2026-09-13T01:56:58.173+0000] {logging_mixin.py:149} INFO - [2026-09-13T01:56:58.172+0000] {dag.py:3490} INFO - Setting next_dagrun for 4-dependencies to 2023-05-01T00:00:00+00:00, run_after=2023-05-01T00:00:00+00:00
[2026-09-13T01:56:58.237+0000] {processor.py:178} INFO - Processing /opt/airflow/dags/4_dependencies.py took 0.287 seconds
[2026-09-13T01:57:28.352+0000] {processor.py:156} INFO - Started process (PID=162035) to work on /opt/airflow/dags/4_dependencies.py
[2026-09-13T01:57:28.360+0000] {processor.py:799} INFO - Processing file /opt/airflow/dags/4_dependencies.py for tasks to queue
[2026-09-13T01:57:28.363+0000] {logging_mixin.py:149} INFO - [2026-09-13T01:57:28.362+0000] {dagbag.py:541} INFO - Filling up the DagBag from /opt/airflow/dags/4_dependencies.py
[2026-09-13T01:57:28.388+0000] {processor.py:809} INFO - DAG(s) dict_keys(['4-dependencies']) retrieved from /opt/airflow/dags/4_dependencies.py
[2026-09-13T01:57:28.481+0000] {logging_mixin.py:149} INFO - [2026-09-13T01:57:28.481+0000] {dag.py:2726} INFO - Sync 1 DAGs
[2026-09-13T01:57:28.553+0000] {logging_mixin.py:149} INFO - [2026-09-13T01:57:28.552+0000] {dag.py:3490} INFO - Setting next_dagrun for 4-dependencies to 2023-05-01T00:00:00+00:00, run_after=2023-05-01T00:00:00+00:00
[2026-09-13T01:57:28.600+0000] {processor.py:178} INFO - Processing /opt/airflow/dags/4_dependencies.py took 0.260 seconds
[2026-09-13T01:57:58.797+0000] {processor.py:156} INFO - Started process (PID=162049) to work on /opt/airflow/dags/4_dependencies.py
[2026-09-13T01:57:58.801+0000] {processor.py:799} INFO - Processing file /opt/airflow/dags/4_dependencies.py for tasks to queue
[2026-09-13T01:57:58.803+0000] {logging_mixin.py:149} INFO - [2026-09-13T01:57:58.803+0000] {dagbag.py:541} INFO - Filling up the DagBag from /opt/airflow/dags/4_dependencies.py
[2026-09-13T01:57:58.841+0000] {processor.py:809} INFO - DAG(s) dict_keys(['4-dependencies']) retrieved from /opt/airflow/dags/4_dependencies.py
[2026-09-13T01:57:58.934+0000] {logging_mixin.py:149} INFO - [2026-09-13T01:57:58.933+0000] {dag.py:2726} INFO - Sync 1 DAGs
[2026-09-13T01:57:58.970+0000] {logging_mixin.py:149} INFO - [2026-09-13T01:57:58.970+0000] {dag.py:3490} INFO - Setting next_dagrun for 4-dependencies to 2023-05-01T00:00:00+00:00, run_after=2023-05-01T00:00:00+00:00
[2026-09-13T01:57:58.997+0000] {processor.py:178} INFO - Processing /opt/airflow/dags/4_dependencies.py took 0.212 seconds
[2026-09-13T01:58:29.301+0000] {processor.py:156} INFO - Started process (PID=162063) to work on /opt/airflow/dags/4_dependencies.py
[2026-09-13T01:58:29.305+0000] {processor.py:799} INFO - Processing file /opt/airflow/dags/4_dependencies.py for tasks to queue
[2026-09-13T01:58:29.308+0000] {logging_mixin.py:149} INFO - [2026-09-13T01:58:29.307+0000] {dagbag.py:541} INFO - Filling up the DagBag from /opt/airflow/dags/4_dependencies.py
[2026-09-13T01:58:29.351+0000] {processor.py:809} INFO - DAG(s) dict_keys(['4-dependencies']) retrieved from /opt/airflow/dags/4_dependencies.py
[2026-09-13T01:58:29.455+0000] {logging_mixin.py:149} INFO - [2026-09-13T01:58:29.455+0000] {dag.py:2726} INFO - Sync 1 DAGs
[2026-09-13T01:58:29.522+0000] {logging_mixin.py:149} INFO - [2026-09-13T01:58:29.522+0000] {dag.py:3490} INFO - Setting next_dagrun for 4-dependencies to 2023-05-01T00:00:00+00:00, run_after=2023-05-01T00:00:00+00:00
[2026-09-13T01:58:29.584+0000] {processor.py:178} INFO - Processing /opt/airflow/dags/4_dependencies.py took 0.297 seconds
[2026-09-13T01:58:59.719+0000] {processor.py:156} INFO - Started process (PID=162077) to work on /opt/airflow/dags/4_dependencies.py
[2026-09-13T01:58:59.724+0000] {processor.py:799} INFO - Processing file /opt/airflow/dags/4_dependencies.py for tasks to queue
[2026-09-13T01:58:59.727+0000] {logging_mixin.py:149} INFO - [2026-09-13T01:58:59.726+0000] {dagbag.py:541} INFO - Filling up the DagBag from /opt/airflow/dags/4_dependencies.py
[2026-09-13T01:58:59.755+0000] {processor.py:809} INFO - DAG(s) dict_keys(['4-dependencies']) retrieved from /opt/airflow/dags/4_dependencies.py
[2026-09-13T01:58:59.869+0000] {logging_mixin.py:149} INFO - [2026-09-13T01:58:59.868+0000] {dag.py:2726} INFO - Sync 1 DAGs
[2026-09-13T01:58:59.935+0000] {logging_mixin.py:149} INFO - [2026-09-13T01:58:59.934+0000] {dag.py:3490} INFO - Setting next_dagrun for 4-dependencies to 2023-05-01T00:00:00+00:00, run_after=2023-05-01T00:00:00+00:00
[2026-09-13T01:59:00.022+0000] {processor.py:178} INFO - Processing /opt/airflow/dags/4_dependencies.py took 0.315 seconds
[2026-09-13T01:59:30.146+0000] {processor.py:156} INFO - Started process (PID=162091) to work on /opt/airflow/dags/4_dependencies.py
[2026-09-13T01:59:30.149+0000] {processor.py:799} INFO - Processing file /opt/airflow/dags/4_dependencies.py for tasks to queue
[2026-09-13T01:59:30.151+0000] {logging_mixin.py:149} INFO - [2026-09-13T01:59:30.150+0000] {dagbag.py:541} INFO - Filling up the DagBag from /opt/airflow/dags/4_dependencies.py
[2026-09-13T01:59:30.179+0000] {processor.py:809} INFO - DAG(s) dict_keys(['4-dependencies']) retrieved from /opt/airflow/dags/4_dependencies.py
[2026-09-13T01:59:30.269+0000] {logging_mixin.py:149} INFO - [2026-09-13T01:59:30.268+0000] {dag.py:2726} INFO - Sync 1 DAGs
[2026-09-13T01:59:30.327+0000] {logging_mixin.py:149} INFO - [2026-09-13T01:59:30.326+0000] {dag.py:3490} INFO - Setting next_dagrun for 4-dependencies to 2023-05-01T00:00:00+00:00, run_after=2023-05-01T00:00:00+00:00
[2026-09-13T01:59:30.457+0000] {processor.py:178} INFO - Processing /opt/airflow/dags/4_dependencies.py took 0.322 seconds
[2026-09-13T02:00:00.761+0000] {processor.py:156} INFO - Started process (PID=162112) to work on /opt/airflow/dags/4_dependencies.py
[2026-09-13T02:00:00.774+0000] {processor.py:799} INFO - Processing file /opt/airflow/dags/4_dependencies.py for tasks to queue
[2026-09-13T02:00:00.776+0000] {logging_mixin.py:149} INFO - [2026-09-13T02:00:00.775+0000] {dagbag.py:541} INFO - Filling up the DagBag from /opt/airflow/dags/4_dependencies.py
[2026-09-13T02:00:00.812+0000] {processor.py:809} INFO - DAG(s) dict_keys(['4-dependencies']) retrieved from /opt/airflow/dags/4_dependencies.py
[2026-09-13T02:00:00.890+0000] {logging_mixin.py:149} INFO - [2026-09-13T02:00:00.889+0000] {dag.py:2726} INFO - Sync 1 DAGs
[2026-09-13T02:00:00.942+0000] {logging_mixin.py:149} INFO - [2026-09-13T02:00:00.941+0000] {dag.py:3490} INFO - Setting next_dagrun for 4-dependencies to 2023-05-01T00:00:00+00:00, run_after=2023-05-01T00:00:00+00:00
[2026-09-13T02:00:00.998+0000] {processor.py:178} INFO - Processing /opt/airflow/dags/4_dependencies.py took 0.250 seconds
[2026-09-13T02:00:31.268+0000] {processor.py:156} INFO - Started process (PID=162127) to work on /opt/airflow/dags/4_dependencies.py
[2026-09-13T02:00:31.271+0000] {processor.py:799} INFO - Processing file /opt/airflow/dags/4_dependencies.py for tasks to queue
[2026-09-13T02:00:31.275+0000] {logging_mixin.py:149} INFO - [2026-09-13T02:00:31.274+0000] {dagbag.py:541} INFO - Filling up the DagBag from /opt/airflow/dags/4_dependencies.py
[2026-09-13T02:00:31.304+0000] {processor.py:809} INFO - DAG(s) dict_keys(['4-dependencies']) retrieved from /opt/airflow/dags/4_dependencies.py
[2026-09-13T02:00:31.409+0000] {logging_mixin.py:149} INFO - [2026-09-13T02:00:31.409+0000] {dag.py:2726} INFO - Sync 1 DAGs
[2026-09-13T02:00:31.487+0000] {logging_mixin.py:149} INFO - [2026-09-13T02:00:31.487+0000] {dag.py:3490} INFO - Setting next_dagrun for 4-dependencies to 2023-05-01T00:00:00+00:00, run_after=2023-05-01T00:00:00+00:00
[2026-09-13T02:00:31.551+0000] {processor.py:178} INFO - Processing /opt/airflow/dags/4_dependencies.py took 0.294 seconds
[2026-09-13T02:01:01.786+0000] {processor.py:156} INFO - Started process (PID=162141) to work on /opt/airflow/dags/4_dependencies.py
[2026-09-13T02:01:01.790+0000] {processor.py:799} INFO - Processing file /opt/airflow/dags/4_dependencies.py for tasks to queue
[2026-09-13T02:01:01.792+0000] {logging_mixin.py:149} INFO - [2026-09-13T02:01:01.792+0000] {dagbag.py:541} INFO - Filling up the DagBag from /opt/airflow/dags/4_dependencies.py
[2026-09-13T02:01:01.824+0000] {processor.py:809} INFO - DAG(s) dict_keys(['4-dependencies']) retrieved from /opt/airflow/dags/4_dependencies.py
[2026-09-13T02:01:01.918+0000] {logging_mixin.py:149} INFO - [2026-09-13T02:01:01.918+0000] {dag.py:2726} INFO - Sync 1 DAGs
[2026-09-13T02:01:01.999+0000] {logging_mixin.py:149} INFO - [2026-09-13T02:01:01.999+0000] {dag.py:3490} INFO - Setting next_dagrun for 4-dependencies to 2023-05-01T00:00:00+00:00, run_after=2023-05-01T00:00:00+00:00
[2026-09-13T02:01:02.052+0000] {processor.py:178} INFO - Processing /opt/airflow/dags/4_dependencies.py took 0.277 seconds
[2026-09-13T02:01:32.185+0000] {processor.py:156} INFO - Started process (PID=162155) to work on /opt/airflow/dags/4_dependencies.py
[2026-09-13T02:01:32.189+0000] {processor.py:799} INFO - Processing file /opt/airflow/dags/4_dependencies.py for tasks to queue
[2026-09-13T02:01:32.190+0000] {logging_mixin.py:149} INFO - [2026-09-13T02:01:32.190+0000] {dagbag.py:541} INFO - Filling up the DagBag from /opt/airflow/dags/4_dependencies.py
[2026-09-13T02:01:32.216+0000] {processor.py:809} INFO - DAG(s) dict_keys(['4-dependencies']) retrieved from /opt/airflow/dags/4_dependencies.py
[2026-09-13T02:01:32.311+0000] {logging_mixin.py:149} INFO - [2026-09-13T02:01:32.311+0000] {dag.py:2726} INFO - Sync 1 DAGs
[2026-09-13T02:01:32.378+0000] {logging_mixin.py:149} INFO - [2026-09-13T02:01:32.378+0000] {dag.py:3490} INFO - Setting next_dagrun for 4-dependencies to 2023-05-01T00:00:00+00:00, run_after=2023-05-01T00:00:00+00:00
[2026-09-13T02:01:32.427+0000] {processor.py:178} INFO - Processing /opt/airflow/dags/4_dependencies.py took 0.252 seconds
[2026-09-13T02:02:02.726+0000] {processor.py:156} INFO - Started process (PID=162169) to work on /opt/airflow/dags/4_dependencies.py
[2026-09-13T02:02:02.730+0000] {processor.py:799} INFO - Processing file /opt/airflow/dags/4_dependencies.py for tasks to queue
[2026-09-13T02:02:02.732+0000] {logging_mixin.py:149} INFO - [2026-09-13T02:02:02.731+0000] {dagbag.py:541} INFO - Filling up the DagBag from /opt/airflow/dags/4_dependencies.py
[2026-09-13T02:02:02.759+0000] {processor.py:809} INFO - DAG(s) dict_keys(['4-dependencies']) retrieved from /opt/airflow/dags/4_dependencies.py
[2026-09-13T02:02:02.855+0000] {logging_mixin.py:149} INFO - [2026-09-13T02:02:02.855+0000] {dag.py:2726} INFO - Sync 1 DAGs
[2026-09-13T02:02:02.924+0000] {logging_mixin.py:149} INFO - [2026-09-13T02:02:02.923+0000] {dag.py:3490} INFO - Setting next_dagrun for 4-dependencies to 2023-05-01T00:00:00+00:00, run_after=2023-05-01T00:00:00+00:00
[2026-09-13T02:02:02.963+0000] {processor.py:178} INFO - Processing /opt/airflow/dags/4_dependencies.py took 0.247 seconds
[2026-09-13T02:02:33.291+0000] {processor.py:156} INFO - Started process (PID=162183) to work on /opt/airflow/dags/4_dependencies.py
[2026-09-13T02:02:33.295+0000] {processor.py:799} INFO - Processing file /opt/airflow/dags/4_dependencies.py for tasks to queue
[2026-09-13T02:02:33.297+0000] {logging_mixin.py:149} INFO - [2026-09-13T02:02:33.297+0000] {dagbag.py:541} INFO - Filling up the DagBag from /opt/airflow/dags/4_dependencies.py
[2026-09-13T02:02:33.325+0000] {processor.py:809} INFO - DAG(s) dict_keys(['4-dependencies']) retrieved from /opt/airflow/dags/4_dependencies.py
[2026-09-13T02:02:33.421+0000] {logging_mixin.py:149} INFO - [2026-09-13T02:02:33.421+0000] {dag.py:2726} INFO - Sync 1 DAGs
[2026-09-13T02:02:33.485+0000] {logging_mixin.py:149} INFO - [2026-09-13T02:02:33.484+0000] {dag.py:3490} INFO - Setting next_dagrun for 4-dependencies to 2023-05-01T00:00:00+00:00, run_after=2023-05-01T00:00:00+00:00
[2026-09-13T02:02:33.548+0000] {processor.py:178} INFO - Processing /opt/airflow/dags/4_dependencies.py took 0.269 seconds
[2026-09-13T02:03:03.777+0000] {processor.py:156} INFO - Started process (PID=162197) to work on /opt/airflow/dags/4_dependencies.py
[2026-09-13T02:03:03.782+0000] {processor.py:799} INFO - Processing file /opt/airflow/dags/4_dependencies.py for tasks to queue
[2026-09-13T02:03:03.784+0000] {logging_mixin.py:149} INFO - [2026-09-13T02:03:03.784+0000] {dagbag.py:541} INFO - Filling up the DagBag from /opt/airflow/dags/4_dependencies.py
[2026-09-13T02:03:03.810+0000] {processor.py:809} INFO - DAG(s) dict_keys(['4-dependencies']) retrieved from /opt/airflow/dags/4_dependencies.py
[2026-09-13T02:03:03.904+0000] {logging_mixin.py:149} INFO - [2026-09-13T02:03:03.904+0000] {dag.py:2726} INFO - Sync 1 DAGs
[2026-09-13T02:03:03.964+0000] {logging_mixin.py:149} INFO - [2026-09-13T02:03:03.964+0000] {dag.py:3490} INFO - Setting next_dagrun for 4-dependencies to 2023-05-01T00:00:00+00:00, run_after=2023-05-01T00:00:00+00:00
[2026-09-13T02:03:03.993+0000] {processor.py:178} INFO - Processing /opt/airflow/dags/4_dependencies.py took 0.227 seconds
[2026-09-13T02:03:34.227+0000] {processor.py:156} INFO - Started process (PID=162211) to work on /opt/airflow/dags/4_dependencies.py
[2026-09-13T02:03:34.234+0000] {processor.py:799} INFO - Processing file /opt/airflow/dags/4_dependencies.py for tasks to queue
[2026-09-13T02:03:34.236+0000] {logging_mixin.py:149} INFO - [2026-09-13T02:03:34.236+0000] {dagbag.py:541} INFO - Filling up the DagBag from /opt/airflow/dags/4_dependencies.py
[2026-09-13T02:03:34.259+0000] {processor.py:809} INFO - DAG(s) dict_keys(['4-dependencies']) retrieved from /opt/airflow/dags/4_dependencies.py
[2026-09-13T02:03:34.345+0000] {logging_mixin.py:149} INFO - [2026-09-13T02:03:34.345+0000] {dag.py:2726} INFO - Sync 1 DAGs
[2026-09-13T02:03:34.413+0000] {logging_mixin.py:149} INFO - [2026-09-13T02:03:34.413+0000] {dag.py:3490} INFO - Setting next_dagrun for 4-dependencies to 2023-05-01T00:00:00+00:00, run_after=2023-05-01T00:00:00+00:00
[2026-09-13T02:03:34.477+0000] {processor.py:178} INFO - Processing /opt/airflow/dags/4_dependencies.py took 0.262 seconds
[2026-09-13T02:04:04.666+0000] {processor.py:156} INFO - Started process (PID=162225) to work on /opt/airflow/dags/4_dependencies.py
[2026-09-13T02:04:04.669+0000] {processor.py:799} INFO - Processing file /opt/airflow/dags/4_dependencies.py for tasks to queue
[2026-09-13T02:04:04.671+0000] {logging_mixin.py:149} INFO - [2026-09-13T02:04:04.670+0000] {dagbag.py:541} INFO - Filling up the DagBag from /opt/airflow/dags/4_dependencies.py
[2026-09-13T02:04:04.695+0000] {processor.py:809} INFO - DAG(s) dict_keys(['4-dependencies']) retrieved from /opt/airflow/dags/4_dependencies.py
[2026-09-13T02:04:04.777+0000] {logging_mixin.py:149} INFO - [2026-09-13T02:04:04.776+0000] {dag.py:2726} INFO - Sync 1 DAGs
[2026-09-13T02:04:04.845+0000] {logging_mixin.py:149} INFO - [2026-09-13T02:04:04.845+0000] {dag.py:3490} INFO - Setting next_dagrun for 4-dependencies to 2023-05-01T00:00:00+00:00, run_after=2023-05-01T00:00:00+00:00
[2026-09-13T02:04:04.893+0000] {processor.py:178} INFO - Processing /opt/airflow/dags/4_dependencies.py took 0.236 seconds
[2026-09-13T02:04:35.190+0000] {processor.py:156} INFO - Started process (PID=162239) to work on /opt/airflow/dags/4_dependencies.py
[2026-09-13T02:04:35.193+0000] {processor.py:799} INFO - Processing file /opt/airflow/dags/4_dependencies.py for tasks to queue
[2026-09-13T02:04:35.195+0000] {logging_mixin.py:149} INFO - [2026-09-13T02:04:35.195+0000] {dagbag.py:541} INFO - Filling up the DagBag from /opt/airflow/dags/4_dependencies.py
[2026-09-13T02:04:35.222+0000] {processor.py:809} INFO - DAG(s) dict_keys(['4-dependencies']) retrieved from /opt/airflow/dags/4_dependencies.py
[2026-09-13T02:04:35.305+0000] {logging_mixin.py:149} INFO - [2026-09-13T02:04:35.304+0000] {dag.py:2726} INFO - Sync 1 DAGs
[2026-09-13T02:04:35.374+0000] {logging_mixin.py:149} INFO - [2026-09-13T02:04:35.374+0000] {dag.py:3490} INFO - Setting next_dagrun for 4-dependencies to 2023-05-01T00:00:00+00:00, run_after=2023-05-01T00:00:00+00:00
[2026-09-13T02:04:35.459+0000] {processor.py:178} INFO - Processing /opt/airflow/dags/4_dependencies.py took 0.279 seconds
[2026-09-13T02:05:05.600+0000] {processor.py:156} INFO - Started process (PID=162253) to work on /opt/airflow/dags/4_dependencies.py
[2026-09-13T02:05:05.603+0000] {processor.py:799} INFO - Processing file /opt/airflow/dags/4_dependencies.py for tasks to queue
[2026-09-13T02:05:05.606+0000] {logging_mixin.py:149} INFO - [2026-09-13T02:05:05.605+0000] {dagbag.py:541} INFO - Filling up the DagBag from /opt/airflow/dags/4_dependencies.py
[2026-09-13T02:05:05.633+0000] {processor.py:809} INFO - DAG(s) dict_keys(['4-dependencies']) retrieved from /opt/airflow/dags/4_dependencies.py
[2026-09-13T02:05:05.715+0000] {logging_mixin.py:149} INFO - [2026-09-13T02:05:05.714+0000] {dag.py:2726} INFO - Sync 1 DAGs
[2026-09-13T02:05:05.797+0000] {logging_mixin.py:149} INFO - [2026-09-13T02:05:05.796+0000] {dag.py:3490} INFO - Setting next_dagrun for 4-dependencies to 2023-05-01T00:00:00+00:00, run_after=2023-05-01T00:00:00+00:00
[2026-09-13T02:05:05.867+0000] {processor.py:178} INFO - Processing /opt/airflow/dags/4_dependencies.py took 0.278 seconds
[2026-09-13T02:05:35.952+0000] {processor.py:156} INFO - Started process (PID=162267) to work on /opt/airflow/dags/4_dependencies.py
[2026-09-13T02:05:35.957+0000] {processor.py:799} INFO - Processing file /opt/airflow/dags/4_dependencies.py for tasks to queue
[2026-09-13T02:05:35.959+0000] {logging_mixin.py:149} INFO - [2026-09-13T02:05:35.958+0000] {dagbag.py:541} INFO - Filling up the DagBag from /opt/airflow/dags/4_dependencies.py
[2026-09-13T02:05:35.987+0000] {processor.py:809} INFO - DAG(s) dict_keys(['4-dependencies']) retrieved from /opt/airflow/dags/4_dependencies.py
[2026-09-13T02:05:36.078+0000] {logging_mixin.py:149} INFO - [2026-09-13T02:05:36.078+0000] {dag.py:2726} INFO - Sync 1 DAGs
[2026-09-13T02:05:36.155+0000] {logging_mixin.py:149} INFO - [2026-09-13T02:05:36.154+0000] {dag.py:3490} INFO - Setting next_dagrun for 4-dependencies to 2023-05-01T00:00:00+00:00, run_after=2023-05-01T00:00:00+00:00
[2026-09-13T02:05:36.230+0000] {processor.py:178} INFO - Processing /opt/airflow/dags/4_dependencies.py took 0.287 seconds
[2026-09-13T02:06:06.513+0000] {processor.py:156} INFO - Started process (PID=162281) to work on /opt/airflow/dags/4_dependencies.py
[2026-09-13T02:06:06.518+0000] {processor.py:799} INFO - Processing file /opt/airflow/dags/4_dependencies.py for tasks to queue
[2026-09-13T02:06:06.520+0000] {logging_mixin.py:149} INFO - [2026-09-13T02:06:06.520+0000] {dagbag.py:541} INFO - Filling up the DagBag from /opt/airflow/dags/4_dependencies.py
[2026-09-13T02:06:06.548+0000] {processor.py:809} INFO - DAG(s) dict_keys(['4-dependencies']) retrieved from /opt/airflow/dags/4_dependencies.py
[2026-09-13T02:06:06.628+0000] {logging_mixin.py:149} INFO - [2026-09-13T02:06:06.628+0000] {dag.py:2726} INFO - Sync 1 DAGs
[2026-09-13T02:06:06.686+0000] {logging_mixin.py:149} INFO - [2026-09-13T02:06:06.686+0000] {dag.py:3490} INFO - Setting next_dagrun for 4-dependencies to 2023-05-01T00:00:00+00:00, run_after=2023-05-01T00:00:00+00:00
[2026-09-13T02:06:06.748+0000] {processor.py:178} INFO - Processing /opt/airflow/dags/4_dependencies.py took 0.250 seconds
[2026-09-13T02:06:36.997+0000] {processor.py:156} INFO - Started process (PID=162296) to work on /opt/airflow/dags/4_dependencies.py
[2026-09-13T02:06:36.999+0000] {processor.py:799} INFO - Processing file /opt/airflow/dags/4_dependencies.py for tasks to queue
[2026-09-13T02:06:37.001+0000] {logging_mixin.py:149} INFO - [2026-09-13T02:06:37.000+0000] {dagbag.py:541} INFO - Filling up the DagBag from /opt/airflow/dags/4_dependencies.py
[2026-09-13T02:06:37.020+0000] {processor.py:809} INFO - DAG(s) dict_keys(['4-dependencies']) retrieved from /opt/airflow/dags/4_dependencies.py
[2026-09-13T02:06:37.106+0000] {logging_mixin.py:149} INFO - [2026-09-13T02:06:37.105+0000] {dag.py:2726} INFO - Sync 1 DAGs
[2026-09-13T02:06:37.177+0000] {logging_mixin.py:149} INFO - [2026-09-13T02:06:37.176+0000] {dag.py:3490} INFO - Setting next_dagrun for 4-dependencies to 2023-05-01T00:00:00+00:00, run_after=2023-05-01T00:00:00+00:00
[2026-09-13T02:06:37.249+0000] {processor.py:178} INFO - Processing /opt/airflow/dags/4_dependencies.py took 0.259 seconds
[2026-09-13T02:07:07.498+0000] {processor.py:156} INFO - Started process (PID=162310) to work on /opt/airflow/dags/4_dependencies.py
[2026-09-13T02:07:07.501+0000] {processor.py:799} INFO - Processing file /opt/airflow/dags/4_dependencies.py for tasks to queue
[2026-09-13T02:07:07.503+0000] {logging_mixin.py:149} INFO - [2026-09-13T02:07:07.503+0000] {dagbag.py:541} INFO - Filling up the DagBag from /opt/airflow/dags/4_dependencies.py
[2026-09-13T02:07:07.524+0000] {processor.py:809} INFO - DAG(s) dict_keys(['4-dependencies']) retrieved from /opt/airflow/dags/4_dependencies.py
[2026-09-13T02:07:07.593+0000] {logging_mixin.py:149} INFO - [2026-09-13T02:07:07.593+0000] {dag.py:2726} INFO - Sync 1 DAGs
[2026-09-13T02:07:07.661+0000] {logging_mixin.py:149} INFO - [2026-09-13T02:07:07.660+0000] {dag.py:3490} INFO - Setting next_dagrun for 4-dependencies to 2023-05-01T00:00:00+00:00, run_after=2023-05-01T00:00:00+00:00
[2026-09-13T02:07:07.707+0000] {processor.py:178} INFO - Processing /opt/airflow/dags/4_dependencies.py took 0.217 seconds
[2026-09-13T02:07:38.052+0000] {processor.py:156} INFO - Started process (PID=162324) to work on /opt/airflow/dags/4_dependencies.py
[2026-09-13T02:07:38.055+0000] {processor.py:799} INFO - Processing file /opt/airflow/dags/4_dependencies.py for tasks to queue
[2026-09-13T02:07:38.056+0000] {logging_mixin.py:149} INFO - [2026-09-13T02:07:38.056+0000] {dagbag.py:541} INFO - Filling up the DagBag from /opt/airflow/dags/4_dependencies.py
[2026-09-13T02:07:38.077+0000] {processor.py:809} INFO - DAG(s) dict_keys(['4-dependencies']) retrieved from /opt/airflow/dags/4_dependencies.py
[2026-09-13T02:07:38.165+0000] {logging_mixin.py:149} INFO - [2026-09-13T02:07:38.165+0000] {dag.py:2726} INFO - Sync 1 DAGs
[2026-09-13T02:07:38.256+0000] {logging_mixin.py:149} INFO - [2026-09-13T02:07:38.255+0000] {dag.py:3490} INFO - Setting next_dagrun for 4-dependencies to 2023-05-01T00:00:00+00:00, run_after=2023-05-01T00:00:00+00:00
[2026-09-13T02:07:38.290+0000] {processor.py:178} INFO - Processing /opt/airflow/dags/4_dependencies.py took 0.244 seconds
[2026-09-13T02:08:08.574+0000] {processor.py:156} INFO - Started process (PID=162338) to work on /opt/airflow/dags/4_dependencies.py
[2026-09-13T02:08:08.588+0000] {processor.py:799} INFO - Processing file /opt/airflow/dags/4_dependencies.py for tasks to queue
[2026-09-13T02:08:08.589+0000] {logging_mixin.py:149} INFO - [2026-09-13T02:08:08.589+0000] {dagbag.py:541} INFO - Filling up the DagBag from /opt/airflow/dags/4_dependencies.py
[2026-09-13T02:08:08.621+0000] {processor.py:809} INFO - DAG(s) dict_keys(['4-dependencies']) retrieved from /opt/airflow/dags/4_dependencies.py
[2026-09-13T02:08:08.687+0000] {logging_mixin.py:149} INFO - [2026-09-13T02:08:08.686+0000] {dag.py:2726} INFO - Sync 1 DAGs
[2026-09-13T02:08:08.732+0000] {logging_mixin.py:149} INFO - [2026-09-13T02:08:08.732+0000] {dag.py:3490} INFO - Setting next_dagrun for 4-dependencies to 2023-05-01T00:00:00+00:00, run_after=2023-05-01T00:00:00+00:00
[2026-09-13T02:08:08.764+0000] {processor.py:178} INFO - Processing /opt/airflow/dags/4_dependencies.py took 0.205 seconds
[2026-09-13T02:08:38.929+0000] {processor.py:156} INFO - Started process (PID=162352) to work on /opt/airflow/dags/4_dependencies.py
[2026-09-13T02:08:38.932+0000] {processor.py:799} INFO - Processing file /opt/airflow/dags/4_dependencies.py for tasks to queue
[2026-09-13T02:08:38.933+0000] {logging_mixin.py:149} INFO - [2026-09-13T02:08:38.933+0000] {dagbag.py:541} INFO - Filling up the DagBag from /opt/airflow/dags/4_dependencies.py
[2026-09-13T02:08:38.957+0000] {processor.py:809} INFO - DAG(s) dict_keys(['4-dependencies']) retrieved from /opt/airflow/dags/4_dependencies.py
[2026-09-13T02:08:39.043+0000] {logging_mixin.py:149} INFO - [2026-09-13T02:08:39.042+0000] {dag.py:2726} INFO - Sync 1 DAGs
[2026-09-13T02:08:39.087+0000] {logging_mixin.py:149} INFO - [2026-09-13T02:08:39.086+0000] {dag.py:3490} INFO - Setting next_dagrun for 4-dependencies to 2023-05-01T00:00:00+00:00, run_after=2023-05-01T00:00:00+00:00
[2026-09-13T02:08:39.112+0000] {processor.py:178} INFO - Processing /opt/airflow/dags/4_dependencies.py took 0.192 seconds
[2026-09-13T02:09:09.248+0000] {processor.py:156} INFO - Started process (PID=162367) to work on /opt/airflow/dags/4_dependencies.py
[2026-09-13T02:09:09.253+0000] {processor.py:799} INFO - Processing file /opt/airflow/dags/4_dependencies.py for tasks to queue
[2026-09-13T02:09:09.254+0000] {logging_mixin.py:149} INFO - [2026-09-13T02:09:09.254+0000] {dagbag.py:541} INFO - Filling up the DagBag from /opt/airflow/dags/4_dependencies.py
[2026-09-13T02:09:09.281+0000] {processor.py:809} INFO - DAG(s) dict_keys(['4-dependencies']) retrieved from /opt/airflow/dags/4_dependencies.py
[2026-09-13T02:09:09.350+0000] {logging_mixin.py:149} INFO - [2026-09-13T02:09:09.350+0000] {dag.py:2726} INFO - Sync 1 DAGs
[2026-09-13T02:09:09.393+0000] {logging_mixin.py:149} INFO - [2026-09-13T02:09:09.393+0000] {dag.py:3490} INFO - Setting next_dagrun for 4-dependencies to 2023-05-01T00:00:00+00:00, run_after=2023-05-01T00:00:00+00:00
[2026-09-13T02:09:09.420+0000] {processor.py:178} INFO - Processing /opt/airflow/dags/4_dependencies.py took 0.186 seconds
[2026-09-13T02:09:39.653+0000] {processor.py:156} INFO - Started process (PID=162380) to work on /opt/airflow/dags/4_dependencies.py
[2026-09-13T02:09:39.655+0000] {processor.py:799} INFO - Processing file /opt/airflow/dags/4_dependencies.py for tasks to queue
[2026-09-13T02:09:39.656+0000] {logging_mixin.py:149} INFO - [2026-09-13T02:09:39.656+0000] {dagbag.py:541} INFO - Filling up the DagBag from /opt/airflow/dags/4_dependencies.py
[2026-09-13T02:09:39.676+0000] {processor.py:809} INFO - DAG(s) dict_keys(['4-dependencies']) retrieved from /opt/airflow/dags/4_dependencies.py
[2026-09-13T02:09:39.751+0000] {logging_mixin.py:149} INFO - [2026-09-13T02:09:39.751+0000] {dag.py:2726} INFO - Sync 1 DAGs
[2026-09-13T02:09:39.822+0000] {logging_mixin.py:149} INFO - [2026-09-13T02:09:39.822+0000] {dag.py:3490} INFO - Setting next_dagrun for 4-dependencies to 2023-05-01T00:00:00+00:00, run_after=2023-05-01T00:00:00+00:00
[2026-09-13T02:09:39.886+0000] {processor.py:178} INFO - Processing /opt/airflow/dags/4_dependencies.py took 0.251 seconds
[2026-09-13T02:10:10.006+0000] {processor.py:156} INFO - Started process (PID=162394) to work on /opt/airflow/dags/4_dependencies.py
[2026-09-13T02:10:10.010+0000] {processor.py:799} INFO - Processing file /opt/airflow/dags/4_dependencies.py for tasks to queue
[2026-09-13T02:10:10.014+0000] {logging_mixin.py:149} INFO - [2026-09-13T02:10:10.013+0000] {dagbag.py:541} INFO - Filling up the DagBag from /opt/airflow/dags/4_dependencies.py
[2026-09-13T02:10:10.042+0000] {processor.py:809} INFO - DAG(s) dict_keys(['4-dependencies']) retrieved from /opt/airflow/dags/4_dependencies.py
[2026-09-13T02:10:10.120+0000] {logging_mixin.py:149} INFO - [2026-09-13T02:10:10.119+0000] {dag.py:2726} INFO - Sync 1 DAGs
[2026-09-13T02:10:10.177+0000] {logging_mixin.py:149} INFO - [2026-09-13T02:10:10.176+0000] {dag.py:3490} INFO - Setting next_dagrun for 4-dependencies to 2023-05-01T00:00:00+00:00, run_after=2023-05-01T00:00:00+00:00
[2026-09-13T02:10:10.237+0000] {processor.py:178} INFO - Processing /opt/airflow/dags/4_dependencies.py took 0.247 seconds
[2026-09-13T02:10:40.461+0000] {processor.py:156} INFO - Started process (PID=162408) to work on /opt/airflow/dags/4_dependencies.py
[2026-09-13T02:10:40.470+0000] {processor.py:799} INFO - Processing file /opt/airflow/dags/4_dependencies.py for tasks to queue
[2026-09-13T02:10:40.473+0000] {logging_mixin.py:149} INFO - [2026-09-13T02:10:40.472+0000] {dagbag.py:541} INFO - Filling up the DagBag from /opt/airflow/dags/4_dependencies.py
[2026-09-13T02:10:40.504+0000] {processor.py:809} INFO - DAG(s) dict_keys(['4-dependencies']) retrieved from /opt/airflow/dags/4_dependencies.py
[2026-09-13T02:10:40.592+0000] {logging_mixin.py:149} INFO - [2026-09-13T02:10:40.592+0000] {dag.py:2726} INFO - Sync 1 DAGs
[2026-09-13T02:10:40.641+0000] {logging_mixin.py:149} INFO - [2026-09-13T02:10:40.640+0000] {dag.py:3490} INFO - Setting next_dagrun for 4-dependencies to 2023-05-01T00:00:00+00:00, run_after=2023-05-01T00:00:00+00:00
[2026-09-13T02:10:40.668+0000] {processor.py:178} INFO - Processing /opt/airflow/dags/4_dependencies.py took 0.221 seconds
[2026-09-13T02:11:10.844+0000] {processor.py:156} INFO - Started process (PID=162422) to work on /opt/airflow/dags/4_dependencies.py
[2026-09-13T02:11:10.847+0000] {processor.py:799} INFO - Processing file /opt/airflow/dags/4_dependencies.py for tasks to queue
[2026-09-13T02:11:10.849+0000] {logging_mixin.py:149} INFO - [2026-09-13T02:11:10.849+0000] {dagbag.py:541} INFO - Filling up the DagBag from /opt/airflow/dags/4_dependencies.py
[2026-09-13T02:11:10.877+0000] {processor.py:809} INFO - DAG(s) dict_keys(['4-dependencies']) retrieved from /opt/airflow/dags/4_dependencies.py
[2026-09-13T02:11:10.978+0000] {logging_mixin.py:149} INFO - [2026-09-13T02:11:10.978+0000] {dag.py:2726} INFO - Sync 1 DAGs
[2026-09-13T02:11:11.043+0000] {logging_mixin.py:149} INFO - [2026-09-13T02:11:11.043+0000] {dag.py:3490} INFO - Setting next_dagrun for 4-dependencies to 2023-05-01T00:00:00+00:00, run_after=2023-05-01T00:00:00+00:00
[2026-09-13T02:11:11.101+0000] {processor.py:178} INFO - Processing /opt/airflow/dags/4_dependencies.py took 0.268 seconds
[2026-09-13T02:11:41.244+0000] {processor.py:156} INFO - Started process (PID=162436) to work on /opt/airflow/dags/4_dependencies.py
[2026-09-13T02:11:41.247+0000] {processor.py:799} INFO - Processing file /opt/airflow/dags/4_dependencies.py for tasks to queue
[2026-09-13T02:11:41.249+0000] {logging_mixin.py:149} INFO - [2026-09-13T02:11:41.249+0000] {dagbag.py:541} INFO - Filling up the DagBag from /opt/airflow/dags/4_dependencies.py
[2026-09-13T02:11:41.279+0000] {processor.py:809} INFO - DAG(s) dict_keys(['4-dependencies']) retrieved from /opt/airflow/dags/4_dependencies.py
[2026-09-13T02:11:41.385+0000] {logging_mixin.py:149} INFO - [2026-09-13T02:11:41.385+0000] {dag.py:2726} INFO - Sync 1 DAGs
[2026-09-13T02:11:41.476+0000] {logging_mixin.py:149} INFO - [2026-09-13T02:11:41.475+0000] {dag.py:3490} INFO - Setting next_dagrun for 4-dependencies to 2023-05-01T00:00:00+00:00, run_after=2023-05-01T00:00:00+00:00
[2026-09-13T02:11:41.546+0000] {processor.py:178} INFO - Processing /opt/airflow/dags/4_dependencies.py took 0.312 seconds
[2026-09-13T02:12:11.782+0000] {processor.py:156} INFO - Started process (PID=162450) to work on /opt/airflow/dags/4_dependencies.py
[2026-09-13T02:12:11.785+0000] {processor.py:799} INFO - Processing file /opt/airflow/dags/4_dependencies.py for tasks to queue
[2026-09-13T02:12:11.787+0000] {logging_mixin.py:149} INFO - [2026-09-13T02:12:11.787+0000] {dagbag.py:541} INFO - Filling up the DagBag from /opt/airflow/dags/4_dependencies.py
[2026-09-13T02:12:11.806+0000] {processor.py:809} INFO - DAG(s) dict_keys(['4-dependencies']) retrieved from /opt/airflow/dags/4_dependencies.py
[2026-09-13T02:12:11.918+0000] {logging_mixin.py:149} INFO - [2026-09-13T02:12:11.917+0000] {dag.py:2726} INFO - Sync 1 DAGs
[2026-09-13T02:12:11.989+0000] {logging_mixin.py:149} INFO - [2026-09-13T02:12:11.989+0000] {dag.py:3490} INFO - Setting next_dagrun for 4-dependencies to 2023-05-01T00:00:00+00:00, run_after=2023-05-01T00:00:00+00:00
[2026-09-13T02:12:12.029+0000] {processor.py:178} INFO - Processing /opt/airflow/dags/4_dependencies.py took 0.259 seconds
[2026-09-13T02:12:42.221+0000] {processor.py:156} INFO - Started process (PID=162465) to work on /opt/airflow/dags/4_dependencies.py
[2026-09-13T02:12:42.224+0000] {processor.py:799} INFO - Processing file /opt/airflow/dags/4_dependencies.py for tasks to queue
[2026-09-13T02:12:42.225+0000] {logging_mixin.py:149} INFO - [2026-09-13T02:12:42.225+0000] {dagbag.py:541} INFO - Filling up the DagBag from /opt/airflow/dags/4_dependencies.py
[2026-09-13T02:12:42.242+0000] {processor.py:809} INFO - DAG(s) dict_keys(['4-dependencies']) retrieved from /opt/airflow/dags/4_dependencies.py
[2026-09-13T02:12:42.299+0000] {logging_mixin.py:149} INFO - [2026-09-13T02:12:42.299+0000] {dag.py:2726} INFO - Sync 1 DAGs
[2026-09-13T02:12:42.340+0000] {logging_mixin.py:149} INFO - [2026-09-13T02:12:42.340+0000] {dag.py:3490} INFO - Setting next_dagrun for 4-dependencies to 2023-05-01T00:00:00+00:00, run_after=2023-05-01T00:00:00+00:00
[2026-09-13T02:12:42.366+0000] {processor.py:178} INFO - Processing /opt/airflow/dags/4_dependencies.py took 0.149 seconds
[2026-09-13T02:13:12.682+0000] {processor.py:156} INFO - Started process (PID=162479) to work on /opt/airflow/dags/4_dependencies.py
[2026-09-13T02:13:12.686+0000] {processor.py:799} INFO - Processing file /opt/airflow/dags/4_dependencies.py for tasks to queue
[2026-09-13T02:13:12.688+0000] {logging_mixin.py:149} INFO - [2026-09-13T02:13:12.687+0000] {dagbag.py:541} INFO - Filling up the DagBag from /opt/airflow/dags/4_dependencies.py
[2026-09-13T02:13:12.714+0000] {processor.py:809} INFO - DAG(s) dict_keys(['4-dependencies']) retrieved from /opt/airflow/dags/4_dependencies.py
[2026-09-13T02:13:12.801+0000] {logging_mixin.py:149} INFO - [2026-09-13T02:13:12.801+0000] {dag.py:2726} INFO - Sync 1 DAGs
[2026-09-13T02:13:12.881+0000] {logging_mixin.py:149} INFO - [2026-09-13T02:13:12.880+0000] {dag.py:3490} INFO - Setting next_dagrun for 4-dependencies to 2023-05-01T00:00:00+00:00, run_after=2023-05-01T00:00:00+00:00
[2026-09-13T02:13:12.947+0000] {processor.py:178} INFO - Processing /opt/airflow/dags/4_dependencies.py took 0.274 seconds
[2026-09-13T02:13:43.224+0000] {processor.py:156} INFO - Started process (PID=162493) to work on /opt/airflow/dags/4_dependencies.py
[2026-09-13T02:13:43.227+0000] {processor.py:799} INFO - Processing file /opt/airflow/dags/4_dependencies.py for tasks to queue
[2026-09-13T02:13:43.229+0000] {logging_mixin.py:149} INFO - [2026-09-13T02:13:43.229+0000] {dagbag.py:541} INFO - Filling up the DagBag from /opt/airflow/dags/4_dependencies.py
[2026-09-13T02:13:43.257+0000] {processor.py:809} INFO - DAG(s) dict_keys(['4-dependencies']) retrieved from /opt/airflow/dags/4_dependencies.py
[2026-09-13T02:13:43.349+0000] {logging_mixin.py:149} INFO - [2026-09-13T02:13:43.349+0000] {dag.py:2726} INFO - Sync 1 DAGs
[2026-09-13T02:13:43.408+0000] {logging_mixin.py:149} INFO - [2026-09-13T02:13:43.407+0000] {dag.py:3490} INFO - Setting next_dagrun for 4-dependencies to 2023-05-01T00:00:00+00:00, run_after=2023-05-01T00:00:00+00:00
[2026-09-13T02:13:43.458+0000] {processor.py:178} INFO - Processing /opt/airflow/dags/4_dependencies.py took 0.245 seconds
[2026-09-13T02:14:13.710+0000] {processor.py:156} INFO - Started process (PID=162507) to work on /opt/airflow/dags/4_dependencies.py
[2026-09-13T02:14:13.714+0000] {processor.py:799} INFO - Processing file /opt/airflow/dags/4_dependencies.py for tasks to queue
[2026-09-13T02:14:13.716+0000] {logging_mixin.py:149} INFO - [2026-09-13T02:14:13.715+0000] {dagbag.py:541} INFO - Filling up the DagBag from /opt/airflow/dags/4_dependencies.py
[2026-09-13T02:14:13.743+0000] {processor.py:809} INFO - DAG(s) dict_keys(['4-dependencies']) retrieved from /opt/airflow/dags/4_dependencies.py
[2026-09-13T02:14:13.827+0000] {logging_mixin.py:149} INFO - [2026-09-13T02:14:13.827+0000] {dag.py:2726} INFO - Sync 1 DAGs
[2026-09-13T02:14:13.889+0000] {logging_mixin.py:149} INFO - [2026-09-13T02:14:13.889+0000] {dag.py:3490} INFO - Setting next_dagrun for 4-dependencies to 2023-05-01T00:00:00+00:00, run_after=2023-05-01T00:00:00+00:00
[2026-09-13T02:14:13.951+0000] {processor.py:178} INFO - Processing /opt/airflow/dags/4_dependencies.py took 0.251 seconds
[2026-09-13T02:14:44.177+0000] {processor.py:156} INFO - Started process (PID=162520) to work on /opt/airflow/dags/4_dependencies.py
[2026-09-13T02:14:44.182+0000] {processor.py:799} INFO - Processing file /opt/airflow/dags/4_dependencies.py for tasks to queue
[2026-09-13T02:14:44.184+0000] {logging_mixin.py:149} INFO - [2026-09-13T02:14:44.183+0000] {dagbag.py:541} INFO - Filling up the DagBag from /opt/airflow/dags/4_dependencies.py
[2026-09-13T02:14:44.213+0000] {processor.py:809} INFO - DAG(s) dict_keys(['4-dependencies']) retrieved from /opt/airflow/dags/4_dependencies.py
[2026-09-13T02:14:44.303+0000] {logging_mixin.py:149} INFO - [2026-09-13T02:14:44.302+0000] {dag.py:2726} INFO - Sync 1 DAGs
[2026-09-13T02:14:44.371+0000] {logging_mixin.py:149} INFO - [2026-09-13T02:14:44.370+0000] {dag.py:3490} INFO - Setting next_dagrun for 4-dependencies to 2023-05-01T00:00:00+00:00, run_after=2023-05-01T00:00:00+00:00
[2026-09-13T02:14:44.420+0000] {processor.py:178} INFO - Processing /opt/airflow/dags/4_dependencies.py took 0.254 seconds
[2026-09-13T02:15:14.680+0000] {processor.py:156} INFO - Started process (PID=162534) to work on /opt/airflow/dags/4_dependencies.py
[2026-09-13T02:15:14.684+0000] {processor.py:799} INFO - Processing file /opt/airflow/dags/4_dependencies.py for tasks to queue
[2026-09-13T02:15:14.686+0000] {logging_mixin.py:149} INFO - [2026-09-13T02:15:14.686+0000] {dagbag.py:541} INFO - Filling up the DagBag from /opt/airflow/dags/4_dependencies.py
[2026-09-13T02:15:14.716+0000] {processor.py:809} INFO - DAG(s) dict_keys(['4-dependencies']) retrieved from /opt/airflow/dags/4_dependencies.py
[2026-09-13T02:15:14.813+0000] {logging_mixin.py:149} INFO - [2026-09-13T02:15:14.812+0000] {dag.py:2726} INFO - Sync 1 DAGs
[2026-09-13T02:15:14.889+0000] {logging_mixin.py:149} INFO - [2026-09-13T02:15:14.889+0000] {dag.py:3490} INFO - Setting next_dagrun for 4-dependencies to 2023-05-01T00:00:00+00:00, run_after=2023-05-01T00:00:00+00:00
[2026-09-13T02:15:14.963+0000] {processor.py:178} INFO - Processing /opt/airflow/dags/4_dependencies.py took 0.293 seconds
[2026-09-13T02:15:45.236+0000] {processor.py:156} INFO - Started process (PID=162548) to work on /opt/airflow/dags/4_dependencies.py
[2026-09-13T02:15:45.240+0000] {processor.py:799} INFO - Processing file /opt/airflow/dags/4_dependencies.py for tasks to queue
[2026-09-13T02:15:45.242+0000] {logging_mixin.py:149} INFO - [2026-09-13T02:15:45.241+0000] {dagbag.py:541} INFO - Filling up the DagBag from /opt/airflow/dags/4_dependencies.py
[2026-09-13T02:15:45.268+0000] {processor.py:809} INFO - DAG(s) dict_keys(['4-dependencies']) retrieved from /opt/airflow/dags/4_dependencies.py
[2026-09-13T02:15:45.355+0000] {logging_mixin.py:149} INFO - [2026-09-13T02:15:45.354+0000] {dag.py:2726} INFO - Sync 1 DAGs
[2026-09-13T02:15:45.417+0000] {logging_mixin.py:149} INFO - [2026-09-13T02:15:45.416+0000] {dag.py:3490} INFO - Setting next_dagrun for 4-dependencies to 2023-05-01T00:00:00+00:00, run_after=2023-05-01T00:00:00+00:00
[2026-09-13T02:15:45.470+0000] {processor.py:178} INFO - Processing /opt/airflow/dags/4_dependencies.py took 0.247 seconds
[2026-09-13T02:16:15.540+0000] {processor.py:156} INFO - Started process (PID=162563) to work on /opt/airflow/dags/4_dependencies.py
[2026-09-13T02:16:15.544+0000] {processor.py:799} INFO - Processing file /opt/airflow/dags/4_dependencies.py for tasks to queue
[2026-09-13T02:16:15.546+0000] {logging_mixin.py:149} INFO - [2026-09-13T02:16:15.545+0000] {dagbag.py:541} INFO - Filling up the DagBag from /opt/airflow/dags/4_dependencies.py
[2026-09-13T02:16:15.574+0000] {processor.py:809} INFO - DAG(s) dict_keys(['4-dependencies']) retrieved from /opt/airflow/dags/4_dependencies.py
[2026-09-13T02:16:15.667+0000] {logging_mixin.py:149} INFO - [2026-09-13T02:16:15.667+0000] {dag.py:2726} INFO - Sync 1 DAGs
[2026-09-13T02:16:15.737+0000] {logging_mixin.py:149} INFO - [2026-09-13T02:16:15.737+0000] {dag.py:3490} INFO - Setting next_dagrun for 4-dependencies to 2023-05-01T00:00:00+00:00, run_after=2023-05-01T00:00:00+00:00
[2026-09-13T02:16:15.798+0000] {processor.py:178} INFO - Processing /opt/airflow/dags/4_dependencies.py took 0.268 seconds
[2026-09-13T02:16:46.011+0000] {processor.py:156} INFO - Started process (PID=162576) to work on /opt/airflow/dags/4_dependencies.py
[2026-09-13T02:16:46.014+0000] {processor.py:799} INFO - Processing file /opt/airflow/dags/4_dependencies.py for tasks to queue
[2026-09-13T02:16:46.016+0000] {logging_mixin.py:149} INFO - [2026-09-13T02:16:46.016+0000] {dagbag.py:541} INFO - Filling up the DagBag from /opt/airflow/dags/4_dependencies.py
[2026-09-13T02:16:46.043+0000] {processor.py:809} INFO - DAG(s) dict_keys(['4-dependencies']) retrieved from /opt/airflow/dags/4_dependencies.py
[2026-09-13T02:16:46.135+0000] {logging_mixin.py:149} INFO - [2026-09-13T02:16:46.135+0000] {dag.py:2726} INFO - Sync 1 DAGs
[2026-09-13T02:16:46.207+0000] {logging_mixin.py:149} INFO - [2026-09-13T02:16:46.207+0000] {dag.py:3490} INFO - Setting next_dagrun for 4-dependencies to 2023-05-01T00:00:00+00:00, run_after=2023-05-01T00:00:00+00:00
[2026-09-13T02:16:46.272+0000] {processor.py:178} INFO - Processing /opt/airflow/dags/4_dependencies.py took 0.272 seconds
[2026-09-13T02:17:16.491+0000] {processor.py:156} INFO - Started process (PID=162590) to work on /opt/airflow/dags/4_dependencies.py
[2026-09-13T02:17:16.496+0000] {processor.py:799} INFO - Processing file /opt/airflow/dags/4_dependencies.py for tasks to queue
[2026-09-13T02:17:16.498+0000] {logging_mixin.py:149} INFO - [2026-09-13T02:17:16.497+0000] {dagbag.py:541} INFO - Filling up the DagBag from /opt/airflow/dags/4_dependencies.py
[2026-09-13T02:17:16.529+0000] {processor.py:809} INFO - DAG(s) dict_keys(['4-dependencies']) retrieved from /opt/airflow/dags/4_dependencies.py
[2026-09-13T02:17:16.611+0000] {logging_mixin.py:149} INFO - [2026-09-13T02:17:16.611+0000] {dag.py:2726} INFO - Sync 1 DAGs
[2026-09-13T02:17:16.659+0000] {logging_mixin.py:149} INFO - [2026-09-13T02:17:16.658+0000] {dag.py:3490} INFO - Setting next_dagrun for 4-dependencies to 2023-05-01T00:00:00+00:00, run_after=2023-05-01T00:00:00+00:00
[2026-09-13T02:17:16.691+0000] {processor.py:178} INFO - Processing /opt/airflow/dags/4_dependencies.py took 0.211 seconds
[2026-09-13T02:17:46.836+0000] {processor.py:156} INFO - Started process (PID=162604) to work on /opt/airflow/dags/4_dependencies.py
[2026-09-13T02:17:46.842+0000] {processor.py:799} INFO - Processing file /opt/airflow/dags/4_dependencies.py for tasks to queue
[2026-09-13T02:17:46.844+0000] {logging_mixin.py:149} INFO - [2026-09-13T02:17:46.844+0000] {dagbag.py:541} INFO - Filling up the DagBag from /opt/airflow/dags/4_dependencies.py
[2026-09-13T02:17:46.875+0000] {processor.py:809} INFO - DAG(s) dict_keys(['4-dependencies']) retrieved from /opt/airflow/dags/4_dependencies.py
[2026-09-13T02:17:46.982+0000] {logging_mixin.py:149} INFO - [2026-09-13T02:17:46.982+0000] {dag.py:2726} INFO - Sync 1 DAGs
[2026-09-13T02:17:47.036+0000] {logging_mixin.py:149} INFO - [2026-09-13T02:17:47.035+0000] {dag.py:3490} INFO - Setting next_dagrun for 4-dependencies to 2023-05-01T00:00:00+00:00, run_after=2023-05-01T00:00:00+00:00
[2026-09-13T02:17:47.091+0000] {processor.py:178} INFO - Processing /opt/airflow/dags/4_dependencies.py took 0.266 seconds
[2026-09-13T02:18:17.187+0000] {processor.py:156} INFO - Started process (PID=162619) to work on /opt/airflow/dags/4_dependencies.py
[2026-09-13T02:18:17.191+0000] {processor.py:799} INFO - Processing file /opt/airflow/dags/4_dependencies.py for tasks to queue
[2026-09-13T02:18:17.193+0000] {logging_mixin.py:149} INFO - [2026-09-13T02:18:17.193+0000] {dagbag.py:541} INFO - Filling up the DagBag from /opt/airflow/dags/4_dependencies.py
[2026-09-13T02:18:17.219+0000] {processor.py:809} INFO - DAG(s) dict_keys(['4-dependencies']) retrieved from /opt/airflow/dags/4_dependencies.py
[2026-09-13T02:18:17.304+0000] {logging_mixin.py:149} INFO - [2026-09-13T02:18:17.304+0000] {dag.py:2726} INFO - Sync 1 DAGs
[2026-09-13T02:18:17.360+0000] {logging_mixin.py:149} INFO - [2026-09-13T02:18:17.360+0000] {dag.py:3490} INFO - Setting next_dagrun for 4-dependencies to 2023-05-01T00:00:00+00:00, run_after=2023-05-01T00:00:00+00:00
[2026-09-13T02:18:17.419+0000] {processor.py:178} INFO - Processing /opt/airflow/dags/4_dependencies.py took 0.240 seconds
[2026-09-13T02:18:47.529+0000] {processor.py:156} INFO - Started process (PID=162632) to work on /opt/airflow/dags/4_dependencies.py
[2026-09-13T02:18:47.534+0000] {processor.py:799} INFO - Processing file /opt/airflow/dags/4_dependencies.py for tasks to queue
[2026-09-13T02:18:47.536+0000] {logging_mixin.py:149} INFO - [2026-09-13T02:18:47.536+0000] {dagbag.py:541} INFO - Filling up the DagBag from /opt/airflow/dags/4_dependencies.py
[2026-09-13T02:18:47.566+0000] {processor.py:809} INFO - DAG(s) dict_keys(['4-dependencies']) retrieved from /opt/airflow/dags/4_dependencies.py
[2026-09-13T02:18:47.670+0000] {logging_mixin.py:149} INFO - [2026-09-13T02:18:47.670+0000] {dag.py:2726} INFO - Sync 1 DAGs
[2026-09-13T02:18:47.728+0000] {logging_mixin.py:149} INFO - [2026-09-13T02:18:47.727+0000] {dag.py:3490} INFO - Setting next_dagrun for 4-dependencies to 2023-05-01T00:00:00+00:00, run_after=2023-05-01T00:00:00+00:00
[2026-09-13T02:18:47.804+0000] {processor.py:178} INFO - Processing /opt/airflow/dags/4_dependencies.py took 0.286 seconds
[2026-09-13T02:19:18.026+0000] {processor.py:156} INFO - Started process (PID=162646) to work on /opt/airflow/dags/4_dependencies.py
[2026-09-13T02:19:18.031+0000] {processor.py:799} INFO - Processing file /opt/airflow/dags/4_dependencies.py for tasks to queue
[2026-09-13T02:19:18.033+0000] {logging_mixin.py:149} INFO - [2026-09-13T02:19:18.032+0000] {dagbag.py:541} INFO - Filling up the DagBag from /opt/airflow/dags/4_dependencies.py
[2026-09-13T02:19:18.060+0000] {processor.py:809} INFO - DAG(s) dict_keys(['4-dependencies']) retrieved from /opt/airflow/dags/4_dependencies.py
[2026-09-13T02:19:18.157+0000] {logging_mixin.py:149} INFO - [2026-09-13T02:19:18.157+0000] {dag.py:2726} INFO - Sync 1 DAGs
[2026-09-13T02:19:18.215+0000] {logging_mixin.py:149} INFO - [2026-09-13T02:19:18.214+0000] {dag.py:3490} INFO - Setting next_dagrun for 4-dependencies to 2023-05-01T00:00:00+00:00, run_after=2023-05-01T00:00:00+00:00
[2026-09-13T02:19:18.266+0000] {processor.py:178} INFO - Processing /opt/airflow/dags/4_dependencies.py took 0.250 seconds
[2026-09-13T02:19:48.431+0000] {processor.py:156} INFO - Started process (PID=162659) to work on /opt/airflow/dags/4_dependencies.py
[2026-09-13T02:19:48.434+0000] {processor.py:799} INFO - Processing file /opt/airflow/dags/4_dependencies.py for tasks to queue
[2026-09-13T02:19:48.436+0000] {logging_mixin.py:149} INFO - [2026-09-13T02:19:48.436+0000] {dagbag.py:541} INFO - Filling up the DagBag from /opt/airflow/dags/4_dependencies.py
[2026-09-13T02:19:48.467+0000] {processor.py:809} INFO - DAG(s) dict_keys(['4-dependencies']) retrieved from /opt/airflow/dags/4_dependencies.py
[2026-09-13T02:19:48.557+0000] {logging_mixin.py:149} INFO - [2026-09-13T02:19:48.557+0000] {dag.py:2726} INFO - Sync 1 DAGs
[2026-09-13T02:19:48.616+0000] {logging_mixin.py:149} INFO - [2026-09-13T02:19:48.616+0000] {dag.py:3490} INFO - Setting next_dagrun for 4-dependencies to 2023-05-01T00:00:00+00:00, run_after=2023-05-01T00:00:00+00:00
[2026-09-13T02:19:48.684+0000] {processor.py:178} INFO - Processing /opt/airflow/dags/4_dependencies.py took 0.265 seconds
[2026-09-13T02:20:18.878+0000] {processor.py:156} INFO - Started process (PID=162673) to work on /opt/airflow/dags/4_dependencies.py
[2026-09-13T02:20:18.883+0000] {processor.py:799} INFO - Processing file /opt/airflow/dags/4_dependencies.py for tasks to queue
[2026-09-13T02:20:18.886+0000] {logging_mixin.py:149} INFO - [2026-09-13T02:20:18.885+0000] {dagbag.py:541} INFO - Filling up the DagBag from /opt/airflow/dags/4_dependencies.py
[2026-09-13T02:20:18.913+0000] {processor.py:809} INFO - DAG(s) dict_keys(['4-dependencies']) retrieved from /opt/airflow/dags/4_dependencies.py
[2026-09-13T02:20:19.015+0000] {logging_mixin.py:149} INFO - [2026-09-13T02:20:19.014+0000] {dag.py:2726} INFO - Sync 1 DAGs
[2026-09-13T02:20:19.087+0000] {logging_mixin.py:149} INFO - [2026-09-13T02:20:19.084+0000] {dag.py:3490} INFO - Setting next_dagrun for 4-dependencies to 2023-05-01T00:00:00+00:00, run_after=2023-05-01T00:00:00+00:00
[2026-09-13T02:20:19.132+0000] {processor.py:178} INFO - Processing /opt/airflow/dags/4_dependencies.py took 0.267 seconds
[2026-09-13T02:20:49.243+0000] {processor.py:156} INFO - Started process (PID=162687) to work on /opt/airflow/dags/4_dependencies.py
[2026-09-13T02:20:49.247+0000] {processor.py:799} INFO - Processing file /opt/airflow/dags/4_dependencies.py for tasks to queue
[2026-09-13T02:20:49.249+0000] {logging_mixin.py:149} INFO - [2026-09-13T02:20:49.248+0000] {dagbag.py:541} INFO - Filling up the DagBag from /opt/airflow/dags/4_dependencies.py
[2026-09-13T02:20:49.277+0000] {processor.py:809} INFO - DAG(s) dict_keys(['4-dependencies']) retrieved from /opt/airflow/dags/4_dependencies.py
[2026-09-13T02:20:49.373+0000] {logging_mixin.py:149} INFO - [2026-09-13T02:20:49.373+0000] {dag.py:2726} INFO - Sync 1 DAGs
[2026-09-13T02:20:49.456+0000] {logging_mixin.py:149} INFO - [2026-09-13T02:20:49.455+0000] {dag.py:3490} INFO - Setting next_dagrun for 4-dependencies to 2023-05-01T00:00:00+00:00, run_after=2023-05-01T00:00:00+00:00
[2026-09-13T02:20:49.505+0000] {processor.py:178} INFO - Processing /opt/airflow/dags/4_dependencies.py took 0.273 seconds
[2026-09-13T02:21:19.758+0000] {processor.py:156} INFO - Started process (PID=162701) to work on /opt/airflow/dags/4_dependencies.py
[2026-09-13T02:21:19.762+0000] {processor.py:799} INFO - Processing file /opt/airflow/dags/4_dependencies.py for tasks to queue
[2026-09-13T02:21:19.764+0000] {logging_mixin.py:149} INFO - [2026-09-13T02:21:19.764+0000] {dagbag.py:541} INFO - Filling up the DagBag from /opt/airflow/dags/4_dependencies.py
[2026-09-13T02:21:19.792+0000] {processor.py:809} INFO - DAG(s) dict_keys(['4-dependencies']) retrieved from /opt/airflow/dags/4_dependencies.py
[2026-09-13T02:21:19.888+0000] {logging_mixin.py:149} INFO - [2026-09-13T02:21:19.888+0000] {dag.py:2726} INFO - Sync 1 DAGs
[2026-09-13T02:21:19.947+0000] {logging_mixin.py:149} INFO - [2026-09-13T02:21:19.947+0000] {dag.py:3490} INFO - Setting next_dagrun for 4-dependencies to 2023-05-01T00:00:00+00:00, run_after=2023-05-01T00:00:00+00:00
[2026-09-13T02:21:20.004+0000] {processor.py:178} INFO - Processing /opt/airflow/dags/4_dependencies.py took 0.257 seconds
[2026-09-13T02:21:50.142+0000] {processor.py:156} INFO - Started process (PID=162715) to work on /opt/airflow/dags/4_dependencies.py
[2026-09-13T02:21:50.147+0000] {processor.py:799} INFO - Processing file /opt/airflow/dags/4_dependencies.py for tasks to queue
[2026-09-13T02:21:50.149+0000] {logging_mixin.py:149} INFO - [2026-09-13T02:21:50.149+0000] {dagbag.py:541} INFO - Filling up the DagBag from /opt/airflow/dags/4_dependencies.py
[2026-09-13T02:21:50.180+0000] {processor.py:809} INFO - DAG(s) dict_keys(['4-dependencies']) retrieved from /opt/airflow/dags/4_dependencies.py
[2026-09-13T02:21:50.275+0000] {logging_mixin.py:149} INFO - [2026-09-13T02:21:50.275+0000] {dag.py:2726} INFO - Sync 1 DAGs
[2026-09-13T02:21:50.339+0000] {logging_mixin.py:149} INFO - [2026-09-13T02:21:50.339+0000] {dag.py:3490} INFO - Setting next_dagrun for 4-dependencies to 2023-05-01T00:00:00+00:00, run_after=2023-05-01T00:00:00+00:00
[2026-09-13T02:21:50.391+0000] {processor.py:178} INFO - Processing /opt/airflow/dags/4_dependencies.py took 0.262 seconds
[2026-09-13T02:22:20.637+0000] {processor.py:156} INFO - Started process (PID=162729) to work on /opt/airflow/dags/4_dependencies.py
[2026-09-13T02:22:20.641+0000] {processor.py:799} INFO - Processing file /opt/airflow/dags/4_dependencies.py for tasks to queue
[2026-09-13T02:22:20.644+0000] {logging_mixin.py:149} INFO - [2026-09-13T02:22:20.643+0000] {dagbag.py:541} INFO - Filling up the DagBag from /opt/airflow/dags/4_dependencies.py
[2026-09-13T02:22:20.673+0000] {processor.py:809} INFO - DAG(s) dict_keys(['4-dependencies']) retrieved from /opt/airflow/dags/4_dependencies.py
[2026-09-13T02:22:20.765+0000] {logging_mixin.py:149} INFO - [2026-09-13T02:22:20.764+0000] {dag.py:2726} INFO - Sync 1 DAGs
[2026-09-13T02:22:20.840+0000] {logging_mixin.py:149} INFO - [2026-09-13T02:22:20.840+0000] {dag.py:3490} INFO - Setting next_dagrun for 4-dependencies to 2023-05-01T00:00:00+00:00, run_after=2023-05-01T00:00:00+00:00
[2026-09-13T02:22:20.905+0000] {processor.py:178} INFO - Processing /opt/airflow/dags/4_dependencies.py took 0.280 seconds
[2026-09-13T02:22:51.095+0000] {processor.py:156} INFO - Started process (PID=162743) to work on /opt/airflow/dags/4_dependencies.py
[2026-09-13T02:22:51.100+0000] {processor.py:799} INFO - Processing file /opt/airflow/dags/4_dependencies.py for tasks to queue
[2026-09-13T02:22:51.102+0000] {logging_mixin.py:149} INFO - [2026-09-13T02:22:51.101+0000] {dagbag.py:541} INFO - Filling up the DagBag from /opt/airflow/dags/4_dependencies.py
[2026-09-13T02:22:51.131+0000] {processor.py:809} INFO - DAG(s) dict_keys(['4-dependencies']) retrieved from /opt/airflow/dags/4_dependencies.py
[2026-09-13T02:22:51.217+0000] {logging_mixin.py:149} INFO - [2026-09-13T02:22:51.217+0000] {dag.py:2726} INFO - Sync 1 DAGs
[2026-09-13T02:22:51.268+0000] {logging_mixin.py:149} INFO - [2026-09-13T02:22:51.268+0000] {dag.py:3490} INFO - Setting next_dagrun for 4-dependencies to 2023-05-01T00:00:00+00:00, run_after=2023-05-01T00:00:00+00:00
[2026-09-13T02:22:51.303+0000] {processor.py:178} INFO - Processing /opt/airflow/dags/4_dependencies.py took 0.218 seconds
[2026-09-13T02:23:21.569+0000] {processor.py:156} INFO - Started process (PID=162757) to work on /opt/airflow/dags/4_dependencies.py
[2026-09-13T02:23:21.572+0000] {processor.py:799} INFO - Processing file /opt/airflow/dags/4_dependencies.py for tasks to queue
[2026-09-13T02:23:21.573+0000] {logging_mixin.py:149} INFO - [2026-09-13T02:23:21.573+0000] {dagbag.py:541} INFO - Filling up the DagBag from /opt/airflow/dags/4_dependencies.py
[2026-09-13T02:23:21.594+0000] {processor.py:809} INFO - DAG(s) dict_keys(['4-dependencies']) retrieved from /opt/airflow/dags/4_dependencies.py
[2026-09-13T02:23:21.653+0000] {logging_mixin.py:149} INFO - [2026-09-13T02:23:21.652+0000] {dag.py:2726} INFO - Sync 1 DAGs
[2026-09-13T02:23:21.716+0000] {logging_mixin.py:149} INFO - [2026-09-13T02:23:21.716+0000] {dag.py:3490} INFO - Setting next_dagrun for 4-dependencies to 2023-05-01T00:00:00+00:00, run_after=2023-05-01T00:00:00+00:00
[2026-09-13T02:23:21.783+0000] {processor.py:178} INFO - Processing /opt/airflow/dags/4_dependencies.py took 0.225 seconds
[2026-09-13T02:23:52.022+0000] {processor.py:156} INFO - Started process (PID=162771) to work on /opt/airflow/dags/4_dependencies.py
[2026-09-13T02:23:52.027+0000] {processor.py:799} INFO - Processing file /opt/airflow/dags/4_dependencies.py for tasks to queue
[2026-09-13T02:23:52.029+0000] {logging_mixin.py:149} INFO - [2026-09-13T02:23:52.029+0000] {dagbag.py:541} INFO - Filling up the DagBag from /opt/airflow/dags/4_dependencies.py
[2026-09-13T02:23:52.063+0000] {processor.py:809} INFO - DAG(s) dict_keys(['4-dependencies']) retrieved from /opt/airflow/dags/4_dependencies.py
[2026-09-13T02:23:52.150+0000] {logging_mixin.py:149} INFO - [2026-09-13T02:23:52.150+0000] {dag.py:2726} INFO - Sync 1 DAGs
[2026-09-13T02:23:52.204+0000] {logging_mixin.py:149} INFO - [2026-09-13T02:23:52.204+0000] {dag.py:3490} INFO - Setting next_dagrun for 4-dependencies to 2023-05-01T00:00:00+00:00, run_after=2023-05-01T00:00:00+00:00
[2026-09-13T02:23:52.273+0000] {processor.py:178} INFO - Processing /opt/airflow/dags/4_dependencies.py took 0.264 seconds
[2026-09-13T02:24:22.484+0000] {processor.py:156} INFO - Started process (PID=162785) to work on /opt/airflow/dags/4_dependencies.py
[2026-09-13T02:24:22.489+0000] {processor.py:799} INFO - Processing file /opt/airflow/dags/4_dependencies.py for tasks to queue
[2026-09-13T02:24:22.491+0000] {logging_mixin.py:149} INFO - [2026-09-13T02:24:22.491+0000] {dagbag.py:541} INFO - Filling up the DagBag from /opt/airflow/dags/4_dependencies.py
[2026-09-13T02:24:22.517+0000] {processor.py:809} INFO - DAG(s) dict_keys(['4-dependencies']) retrieved from /opt/airflow/dags/4_dependencies.py
[2026-09-13T02:24:22.608+0000] {logging_mixin.py:149} INFO - [2026-09-13T02:24:22.608+0000] {dag.py:2726} INFO - Sync 1 DAGs
[2026-09-13T02:24:22.657+0000] {logging_mixin.py:149} INFO - [2026-09-13T02:24:22.657+0000] {dag.py:3490} INFO - Setting next_dagrun for 4-dependencies to 2023-05-01T00:00:00+00:00, run_after=2023-05-01T00:00:00+00:00
[2026-09-13T02:24:22.707+0000] {processor.py:178} INFO - Processing /opt/airflow/dags/4_dependencies.py took 0.236 seconds
[2026-09-13T02:24:53.023+0000] {processor.py:156} INFO - Started process (PID=162799) to work on /opt/airflow/dags/4_dependencies.py
[2026-09-13T02:24:53.027+0000] {processor.py:799} INFO - Processing file /opt/airflow/dags/4_dependencies.py for tasks to queue
[2026-09-13T02:24:53.029+0000] {logging_mixin.py:149} INFO - [2026-09-13T02:24:53.028+0000] {dagbag.py:541} INFO - Filling up the DagBag from /opt/airflow/dags/4_dependencies.py
[2026-09-13T02:24:53.059+0000] {processor.py:809} INFO - DAG(s) dict_keys(['4-dependencies']) retrieved from /opt/airflow/dags/4_dependencies.py
[2026-09-13T02:24:53.151+0000] {logging_mixin.py:149} INFO - [2026-09-13T02:24:53.151+0000] {dag.py:2726} INFO - Sync 1 DAGs
[2026-09-13T02:24:53.211+0000] {logging_mixin.py:149} INFO - [2026-09-13T02:24:53.210+0000] {dag.py:3490} INFO - Setting next_dagrun for 4-dependencies to 2023-05-01T00:00:00+00:00, run_after=2023-05-01T00:00:00+00:00
[2026-09-13T02:24:53.258+0000] {processor.py:178} INFO - Processing /opt/airflow/dags/4_dependencies.py took 0.247 seconds
[2026-09-13T02:25:23.424+0000] {processor.py:156} INFO - Started process (PID=162813) to work on /opt/airflow/dags/4_dependencies.py
[2026-09-13T02:25:23.427+0000] {processor.py:799} INFO - Processing file /opt/airflow/dags/4_dependencies.py for tasks to queue
[2026-09-13T02:25:23.429+0000] {logging_mixin.py:149} INFO - [2026-09-13T02:25:23.428+0000] {dagbag.py:541} INFO - Filling up the DagBag from /opt/airflow/dags/4_dependencies.py
[2026-09-13T02:25:23.454+0000] {processor.py:809} INFO - DAG(s) dict_keys(['4-dependencies']) retrieved from /opt/airflow/dags/4_dependencies.py
[2026-09-13T02:25:23.540+0000] {logging_mixin.py:149} INFO - [2026-09-13T02:25:23.539+0000] {dag.py:2726} INFO - Sync 1 DAGs
[2026-09-13T02:25:23.589+0000] {logging_mixin.py:149} INFO - [2026-09-13T02:25:23.589+0000] {dag.py:3490} INFO - Setting next_dagrun for 4-dependencies to 2023-05-01T00:00:00+00:00, run_after=2023-05-01T00:00:00+00:00
[2026-09-13T02:25:23.619+0000] {processor.py:178} INFO - Processing /opt/airflow/dags/4_dependencies.py took 0.207 seconds
[2026-09-13T02:25:53.917+0000] {processor.py:156} INFO - Started process (PID=162827) to work on /opt/airflow/dags/4_dependencies.py
[2026-09-13T02:25:53.920+0000] {processor.py:799} INFO - Processing file /opt/airflow/dags/4_dependencies.py for tasks to queue
[2026-09-13T02:25:53.922+0000] {logging_mixin.py:149} INFO - [2026-09-13T02:25:53.922+0000] {dagbag.py:541} INFO - Filling up the DagBag from /opt/airflow/dags/4_dependencies.py
[2026-09-13T02:25:53.949+0000] {processor.py:809} INFO - DAG(s) dict_keys(['4-dependencies']) retrieved from /opt/airflow/dags/4_dependencies.py
[2026-09-13T02:25:54.042+0000] {logging_mixin.py:149} INFO - [2026-09-13T02:25:54.041+0000] {dag.py:2726} INFO - Sync 1 DAGs
[2026-09-13T02:25:54.108+0000] {logging_mixin.py:149} INFO - [2026-09-13T02:25:54.108+0000] {dag.py:3490} INFO - Setting next_dagrun for 4-dependencies to 2023-05-01T00:00:00+00:00, run_after=2023-05-01T00:00:00+00:00
[2026-09-13T02:25:54.185+0000] {processor.py:178} INFO - Processing /opt/airflow/dags/4_dependencies.py took 0.279 seconds
[2026-09-13T02:26:24.371+0000] {processor.py:156} INFO - Started process (PID=162842) to work on /opt/airflow/dags/4_dependencies.py
[2026-09-13T02:26:24.375+0000] {processor.py:799} INFO - Processing file /opt/airflow/dags/4_dependencies.py for tasks to queue
[2026-09-13T02:26:24.377+0000] {logging_mixin.py:149} INFO - [2026-09-13T02:26:24.376+0000] {dagbag.py:541} INFO - Filling up the DagBag from /opt/airflow/dags/4_dependencies.py
[2026-09-13T02:26:24.410+0000] {processor.py:809} INFO - DAG(s) dict_keys(['4-dependencies']) retrieved from /opt/airflow/dags/4_dependencies.py
[2026-09-13T02:26:24.494+0000] {logging_mixin.py:149} INFO - [2026-09-13T02:26:24.494+0000] {dag.py:2726} INFO - Sync 1 DAGs
[2026-09-13T02:26:24.561+0000] {logging_mixin.py:149} INFO - [2026-09-13T02:26:24.561+0000] {dag.py:3490} INFO - Setting next_dagrun for 4-dependencies to 2023-05-01T00:00:00+00:00, run_after=2023-05-01T00:00:00+00:00
[2026-09-13T02:26:24.601+0000] {processor.py:178} INFO - Processing /opt/airflow/dags/4_dependencies.py took 0.243 seconds
[2026-09-13T02:26:54.886+0000] {processor.py:156} INFO - Started process (PID=162856) to work on /opt/airflow/dags/4_dependencies.py
[2026-09-13T02:26:54.890+0000] {processor.py:799} INFO - Processing file /opt/airflow/dags/4_dependencies.py for tasks to queue
[2026-09-13T02:26:54.893+0000] {logging_mixin.py:149} INFO - [2026-09-13T02:26:54.892+0000] {dagbag.py:541} INFO - Filling up the DagBag from /opt/airflow/dags/4_dependencies.py
[2026-09-13T02:26:54.922+0000] {processor.py:809} INFO - DAG(s) dict_keys(['4-dependencies']) retrieved from /opt/airflow/dags/4_dependencies.py
[2026-09-13T02:26:54.983+0000] {logging_mixin.py:149} INFO - [2026-09-13T02:26:54.983+0000] {dag.py:2726} INFO - Sync 1 DAGs
[2026-09-13T02:26:55.033+0000] {logging_mixin.py:149} INFO - [2026-09-13T02:26:55.032+0000] {dag.py:3490} INFO - Setting next_dagrun for 4-dependencies to 2023-05-01T00:00:00+00:00, run_after=2023-05-01T00:00:00+00:00
[2026-09-13T02:26:55.071+0000] {processor.py:178} INFO - Processing /opt/airflow/dags/4_dependencies.py took 0.197 seconds
[2026-09-13T02:27:25.209+0000] {processor.py:156} INFO - Started process (PID=162870) to work on /opt/airflow/dags/4_dependencies.py
[2026-09-13T02:27:25.213+0000] {processor.py:799} INFO - Processing file /opt/airflow/dags/4_dependencies.py for tasks to queue
[2026-09-13T02:27:25.215+0000] {logging_mixin.py:149} INFO - [2026-09-13T02:27:25.215+0000] {dagbag.py:541} INFO - Filling up the DagBag from /opt/airflow/dags/4_dependencies.py
[2026-09-13T02:27:25.246+0000] {processor.py:809} INFO - DAG(s) dict_keys(['4-dependencies']) retrieved from /opt/airflow/dags/4_dependencies.py
[2026-09-13T02:27:25.318+0000] {logging_mixin.py:149} INFO - [2026-09-13T02:27:25.317+0000] {dag.py:2726} INFO - Sync 1 DAGs
[2026-09-13T02:27:25.382+0000] {logging_mixin.py:149} INFO - [2026-09-13T02:27:25.381+0000] {dag.py:3490} INFO - Setting next_dagrun for 4-dependencies to 2023-05-01T00:00:00+00:00, run_after=2023-05-01T00:00:00+00:00
[2026-09-13T02:27:25.432+0000] {processor.py:178} INFO - Processing /opt/airflow/dags/4_dependencies.py took 0.235 seconds
[2026-09-13T02:27:55.712+0000] {processor.py:156} INFO - Started process (PID=162884) to work on /opt/airflow/dags/4_dependencies.py
[2026-09-13T02:27:55.714+0000] {processor.py:799} INFO - Processing file /opt/airflow/dags/4_dependencies.py for tasks to queue
[2026-09-13T02:27:55.716+0000] {logging_mixin.py:149} INFO - [2026-09-13T02:27:55.715+0000] {dagbag.py:541} INFO - Filling up the DagBag from /opt/airflow/dags/4_dependencies.py
[2026-09-13T02:27:55.737+0000] {processor.py:809} INFO - DAG(s) dict_keys(['4-dependencies']) retrieved from /opt/airflow/dags/4_dependencies.py
[2026-09-13T02:27:55.837+0000] {logging_mixin.py:149} INFO - [2026-09-13T02:27:55.836+0000] {dag.py:2726} INFO - Sync 1 DAGs
[2026-09-13T02:27:55.907+0000] {logging_mixin.py:149} INFO - [2026-09-13T02:27:55.906+0000] {dag.py:3490} INFO - Setting next_dagrun for 4-dependencies to 2023-05-01T00:00:00+00:00, run_after=2023-05-01T00:00:00+00:00
[2026-09-13T02:27:55.978+0000] {processor.py:178} INFO - Processing /opt/airflow/dags/4_dependencies.py took 0.273 seconds
[2026-09-13T02:28:26.251+0000] {processor.py:156} INFO - Started process (PID=162899) to work on /opt/airflow/dags/4_dependencies.py
[2026-09-13T02:28:26.272+0000] {processor.py:799} INFO - Processing file /opt/airflow/dags/4_dependencies.py for tasks to queue
[2026-09-13T02:28:26.275+0000] {logging_mixin.py:149} INFO - [2026-09-13T02:28:26.274+0000] {dagbag.py:541} INFO - Filling up the DagBag from /opt/airflow/dags/4_dependencies.py
[2026-09-13T02:28:26.306+0000] {processor.py:809} INFO - DAG(s) dict_keys(['4-dependencies']) retrieved from /opt/airflow/dags/4_dependencies.py
[2026-09-13T02:28:26.376+0000] {logging_mixin.py:149} INFO - [2026-09-13T02:28:26.376+0000] {dag.py:2726} INFO - Sync 1 DAGs
[2026-09-13T02:28:26.421+0000] {logging_mixin.py:149} INFO - [2026-09-13T02:28:26.421+0000] {dag.py:3490} INFO - Setting next_dagrun for 4-dependencies to 2023-05-01T00:00:00+00:00, run_after=2023-05-01T00:00:00+00:00
[2026-09-13T02:28:26.456+0000] {processor.py:178} INFO - Processing /opt/airflow/dags/4_dependencies.py took 0.218 seconds
[2026-09-13T02:28:56.587+0000] {processor.py:156} INFO - Started process (PID=162913) to work on /opt/airflow/dags/4_dependencies.py
[2026-09-13T02:28:56.591+0000] {processor.py:799} INFO - Processing file /opt/airflow/dags/4_dependencies.py for tasks to queue
[2026-09-13T02:28:56.593+0000] {logging_mixin.py:149} INFO - [2026-09-13T02:28:56.592+0000] {dagbag.py:541} INFO - Filling up the DagBag from /opt/airflow/dags/4_dependencies.py
[2026-09-13T02:28:56.620+0000] {processor.py:809} INFO - DAG(s) dict_keys(['4-dependencies']) retrieved from /opt/airflow/dags/4_dependencies.py
[2026-09-13T02:28:56.682+0000] {logging_mixin.py:149} INFO - [2026-09-13T02:28:56.682+0000] {dag.py:2726} INFO - Sync 1 DAGs
[2026-09-13T02:28:56.723+0000] {logging_mixin.py:149} INFO - [2026-09-13T02:28:56.722+0000] {dag.py:3490} INFO - Setting next_dagrun for 4-dependencies to 2023-05-01T00:00:00+00:00, run_after=2023-05-01T00:00:00+00:00
[2026-09-13T02:28:56.757+0000] {processor.py:178} INFO - Processing /opt/airflow/dags/4_dependencies.py took 0.180 seconds
[2026-09-13T02:29:27.024+0000] {processor.py:156} INFO - Started process (PID=162928) to work on /opt/airflow/dags/4_dependencies.py
[2026-09-13T02:29:27.037+0000] {processor.py:799} INFO - Processing file /opt/airflow/dags/4_dependencies.py for tasks to queue
[2026-09-13T02:29:27.039+0000] {logging_mixin.py:149} INFO - [2026-09-13T02:29:27.039+0000] {dagbag.py:541} INFO - Filling up the DagBag from /opt/airflow/dags/4_dependencies.py
[2026-09-13T02:29:27.062+0000] {processor.py:809} INFO - DAG(s) dict_keys(['4-dependencies']) retrieved from /opt/airflow/dags/4_dependencies.py
[2026-09-13T02:29:27.190+0000] {logging_mixin.py:149} INFO - [2026-09-13T02:29:27.190+0000] {dag.py:2726} INFO - Sync 1 DAGs
[2026-09-13T02:29:27.243+0000] {logging_mixin.py:149} INFO - [2026-09-13T02:29:27.243+0000] {dag.py:3490} INFO - Setting next_dagrun for 4-dependencies to 2023-05-01T00:00:00+00:00, run_after=2023-05-01T00:00:00+00:00
[2026-09-13T02:29:27.274+0000] {processor.py:178} INFO - Processing /opt/airflow/dags/4_dependencies.py took 0.259 seconds
[2026-09-13T02:29:57.385+0000] {processor.py:156} INFO - Started process (PID=162942) to work on /opt/airflow/dags/4_dependencies.py
[2026-09-13T02:29:57.388+0000] {processor.py:799} INFO - Processing file /opt/airflow/dags/4_dependencies.py for tasks to queue
[2026-09-13T02:29:57.390+0000] {logging_mixin.py:149} INFO - [2026-09-13T02:29:57.389+0000] {dagbag.py:541} INFO - Filling up the DagBag from /opt/airflow/dags/4_dependencies.py
[2026-09-13T02:29:57.416+0000] {processor.py:809} INFO - DAG(s) dict_keys(['4-dependencies']) retrieved from /opt/airflow/dags/4_dependencies.py
[2026-09-13T02:29:57.520+0000] {logging_mixin.py:149} INFO - [2026-09-13T02:29:57.520+0000] {dag.py:2726} INFO - Sync 1 DAGs
[2026-09-13T02:29:57.580+0000] {logging_mixin.py:149} INFO - [2026-09-13T02:29:57.578+0000] {dag.py:3490} INFO - Setting next_dagrun for 4-dependencies to 2023-05-01T00:00:00+00:00, run_after=2023-05-01T00:00:00+00:00
[2026-09-13T02:29:57.648+0000] {processor.py:178} INFO - Processing /opt/airflow/dags/4_dependencies.py took 0.276 seconds
[2026-09-13T02:30:27.863+0000] {processor.py:156} INFO - Started process (PID=162957) to work on /opt/airflow/dags/4_dependencies.py
[2026-09-13T02:30:27.867+0000] {processor.py:799} INFO - Processing file /opt/airflow/dags/4_dependencies.py for tasks to queue
[2026-09-13T02:30:27.869+0000] {logging_mixin.py:149} INFO - [2026-09-13T02:30:27.868+0000] {dagbag.py:541} INFO - Filling up the DagBag from /opt/airflow/dags/4_dependencies.py
[2026-09-13T02:30:27.898+0000] {processor.py:809} INFO - DAG(s) dict_keys(['4-dependencies']) retrieved from /opt/airflow/dags/4_dependencies.py
[2026-09-13T02:30:28.000+0000] {logging_mixin.py:149} INFO - [2026-09-13T02:30:27.999+0000] {dag.py:2726} INFO - Sync 1 DAGs
[2026-09-13T02:30:28.061+0000] {logging_mixin.py:149} INFO - [2026-09-13T02:30:28.060+0000] {dag.py:3490} INFO - Setting next_dagrun for 4-dependencies to 2023-05-01T00:00:00+00:00, run_after=2023-05-01T00:00:00+00:00
[2026-09-13T02:30:28.111+0000] {processor.py:178} INFO - Processing /opt/airflow/dags/4_dependencies.py took 0.259 seconds
[2026-09-13T02:30:58.373+0000] {processor.py:156} INFO - Started process (PID=162971) to work on /opt/airflow/dags/4_dependencies.py
[2026-09-13T02:30:58.377+0000] {processor.py:799} INFO - Processing file /opt/airflow/dags/4_dependencies.py for tasks to queue
[2026-09-13T02:30:58.379+0000] {logging_mixin.py:149} INFO - [2026-09-13T02:30:58.379+0000] {dagbag.py:541} INFO - Filling up the DagBag from /opt/airflow/dags/4_dependencies.py
[2026-09-13T02:30:58.407+0000] {processor.py:809} INFO - DAG(s) dict_keys(['4-dependencies']) retrieved from /opt/airflow/dags/4_dependencies.py
[2026-09-13T02:30:58.491+0000] {logging_mixin.py:149} INFO - [2026-09-13T02:30:58.491+0000] {dag.py:2726} INFO - Sync 1 DAGs
[2026-09-13T02:30:58.568+0000] {logging_mixin.py:149} INFO - [2026-09-13T02:30:58.567+0000] {dag.py:3490} INFO - Setting next_dagrun for 4-dependencies to 2023-05-01T00:00:00+00:00, run_after=2023-05-01T00:00:00+00:00
[2026-09-13T02:30:58.647+0000] {processor.py:178} INFO - Processing /opt/airflow/dags/4_dependencies.py took 0.284 seconds
[2026-09-13T02:31:28.992+0000] {processor.py:156} INFO - Started process (PID=162985) to work on /opt/airflow/dags/4_dependencies.py
[2026-09-13T02:31:28.995+0000] {processor.py:799} INFO - Processing file /opt/airflow/dags/4_dependencies.py for tasks to queue
[2026-09-13T02:31:28.997+0000] {logging_mixin.py:149} INFO - [2026-09-13T02:31:28.997+0000] {dagbag.py:541} INFO - Filling up the DagBag from /opt/airflow/dags/4_dependencies.py
[2026-09-13T02:31:29.026+0000] {processor.py:809} INFO - DAG(s) dict_keys(['4-dependencies']) retrieved from /opt/airflow/dags/4_dependencies.py
[2026-09-13T02:31:29.104+0000] {logging_mixin.py:149} INFO - [2026-09-13T02:31:29.104+0000] {dag.py:2726} INFO - Sync 1 DAGs
[2026-09-13T02:31:29.201+0000] {logging_mixin.py:149} INFO - [2026-09-13T02:31:29.200+0000] {dag.py:3490} INFO - Setting next_dagrun for 4-dependencies to 2023-05-01T00:00:00+00:00, run_after=2023-05-01T00:00:00+00:00
[2026-09-13T02:31:29.264+0000] {processor.py:178} INFO - Processing /opt/airflow/dags/4_dependencies.py took 0.285 seconds
[2026-09-13T02:31:59.448+0000] {processor.py:156} INFO - Started process (PID=162999) to work on /opt/airflow/dags/4_dependencies.py
[2026-09-13T02:31:59.453+0000] {processor.py:799} INFO - Processing file /opt/airflow/dags/4_dependencies.py for tasks to queue
[2026-09-13T02:31:59.455+0000] {logging_mixin.py:149} INFO - [2026-09-13T02:31:59.454+0000] {dagbag.py:541} INFO - Filling up the DagBag from /opt/airflow/dags/4_dependencies.py
[2026-09-13T02:31:59.483+0000] {processor.py:809} INFO - DAG(s) dict_keys(['4-dependencies']) retrieved from /opt/airflow/dags/4_dependencies.py
[2026-09-13T02:31:59.574+0000] {logging_mixin.py:149} INFO - [2026-09-13T02:31:59.574+0000] {dag.py:2726} INFO - Sync 1 DAGs
[2026-09-13T02:31:59.630+0000] {logging_mixin.py:149} INFO - [2026-09-13T02:31:59.629+0000] {dag.py:3490} INFO - Setting next_dagrun for 4-dependencies to 2023-05-01T00:00:00+00:00, run_after=2023-05-01T00:00:00+00:00
[2026-09-13T02:31:59.677+0000] {processor.py:178} INFO - Processing /opt/airflow/dags/4_dependencies.py took 0.240 seconds
[2026-09-13T02:32:29.824+0000] {processor.py:156} INFO - Started process (PID=163014) to work on /opt/airflow/dags/4_dependencies.py
[2026-09-13T02:32:29.828+0000] {processor.py:799} INFO - Processing file /opt/airflow/dags/4_dependencies.py for tasks to queue
[2026-09-13T02:32:29.830+0000] {logging_mixin.py:149} INFO - [2026-09-13T02:32:29.829+0000] {dagbag.py:541} INFO - Filling up the DagBag from /opt/airflow/dags/4_dependencies.py
[2026-09-13T02:32:29.857+0000] {processor.py:809} INFO - DAG(s) dict_keys(['4-dependencies']) retrieved from /opt/airflow/dags/4_dependencies.py
[2026-09-13T02:32:29.912+0000] {logging_mixin.py:149} INFO - [2026-09-13T02:32:29.912+0000] {dag.py:2726} INFO - Sync 1 DAGs
[2026-09-13T02:32:29.949+0000] {logging_mixin.py:149} INFO - [2026-09-13T02:32:29.949+0000] {dag.py:3490} INFO - Setting next_dagrun for 4-dependencies to 2023-05-01T00:00:00+00:00, run_after=2023-05-01T00:00:00+00:00
[2026-09-13T02:32:29.990+0000] {processor.py:178} INFO - Processing /opt/airflow/dags/4_dependencies.py took 0.177 seconds
[2026-09-13T02:33:00.361+0000] {processor.py:156} INFO - Started process (PID=163028) to work on /opt/airflow/dags/4_dependencies.py
[2026-09-13T02:33:00.370+0000] {processor.py:799} INFO - Processing file /opt/airflow/dags/4_dependencies.py for tasks to queue
[2026-09-13T02:33:00.371+0000] {logging_mixin.py:149} INFO - [2026-09-13T02:33:00.371+0000] {dagbag.py:541} INFO - Filling up the DagBag from /opt/airflow/dags/4_dependencies.py
[2026-09-13T02:33:00.386+0000] {processor.py:809} INFO - DAG(s) dict_keys(['4-dependencies']) retrieved from /opt/airflow/dags/4_dependencies.py
[2026-09-13T02:33:00.463+0000] {logging_mixin.py:149} INFO - [2026-09-13T02:33:00.463+0000] {dag.py:2726} INFO - Sync 1 DAGs
[2026-09-13T02:33:00.515+0000] {logging_mixin.py:149} INFO - [2026-09-13T02:33:00.515+0000] {dag.py:3490} INFO - Setting next_dagrun for 4-dependencies to 2023-05-01T00:00:00+00:00, run_after=2023-05-01T00:00:00+00:00
[2026-09-13T02:33:00.545+0000] {processor.py:178} INFO - Processing /opt/airflow/dags/4_dependencies.py took 0.191 seconds
[2026-09-13T02:33:30.845+0000] {processor.py:156} INFO - Started process (PID=163042) to work on /opt/airflow/dags/4_dependencies.py
[2026-09-13T02:33:30.848+0000] {processor.py:799} INFO - Processing file /opt/airflow/dags/4_dependencies.py for tasks to queue
[2026-09-13T02:33:30.850+0000] {logging_mixin.py:149} INFO - [2026-09-13T02:33:30.850+0000] {dagbag.py:541} INFO - Filling up the DagBag from /opt/airflow/dags/4_dependencies.py
[2026-09-13T02:33:30.878+0000] {processor.py:809} INFO - DAG(s) dict_keys(['4-dependencies']) retrieved from /opt/airflow/dags/4_dependencies.py
[2026-09-13T02:33:30.942+0000] {logging_mixin.py:149} INFO - [2026-09-13T02:33:30.942+0000] {dag.py:2726} INFO - Sync 1 DAGs
[2026-09-13T02:33:30.977+0000] {logging_mixin.py:149} INFO - [2026-09-13T02:33:30.977+0000] {dag.py:3490} INFO - Setting next_dagrun for 4-dependencies to 2023-05-01T00:00:00+00:00, run_after=2023-05-01T00:00:00+00:00
[2026-09-13T02:33:31.004+0000] {processor.py:178} INFO - Processing /opt/airflow/dags/4_dependencies.py took 0.171 seconds
[2026-09-13T02:34:01.285+0000] {processor.py:156} INFO - Started process (PID=163056) to work on /opt/airflow/dags/4_dependencies.py
[2026-09-13T02:34:01.289+0000] {processor.py:799} INFO - Processing file /opt/airflow/dags/4_dependencies.py for tasks to queue
[2026-09-13T02:34:01.290+0000] {logging_mixin.py:149} INFO - [2026-09-13T02:34:01.290+0000] {dagbag.py:541} INFO - Filling up the DagBag from /opt/airflow/dags/4_dependencies.py
[2026-09-13T02:34:01.318+0000] {processor.py:809} INFO - DAG(s) dict_keys(['4-dependencies']) retrieved from /opt/airflow/dags/4_dependencies.py
[2026-09-13T02:34:01.411+0000] {logging_mixin.py:149} INFO - [2026-09-13T02:34:01.410+0000] {dag.py:2726} INFO - Sync 1 DAGs
[2026-09-13T02:34:01.465+0000] {logging_mixin.py:149} INFO - [2026-09-13T02:34:01.464+0000] {dag.py:3490} INFO - Setting next_dagrun for 4-dependencies to 2023-05-01T00:00:00+00:00, run_after=2023-05-01T00:00:00+00:00
[2026-09-13T02:34:01.494+0000] {processor.py:178} INFO - Processing /opt/airflow/dags/4_dependencies.py took 0.219 seconds
[2026-09-13T02:34:31.715+0000] {processor.py:156} INFO - Started process (PID=163069) to work on /opt/airflow/dags/4_dependencies.py
[2026-09-13T02:34:31.717+0000] {processor.py:799} INFO - Processing file /opt/airflow/dags/4_dependencies.py for tasks to queue
[2026-09-13T02:34:31.719+0000] {logging_mixin.py:149} INFO - [2026-09-13T02:34:31.719+0000] {dagbag.py:541} INFO - Filling up the DagBag from /opt/airflow/dags/4_dependencies.py
[2026-09-13T02:34:31.741+0000] {processor.py:809} INFO - DAG(s) dict_keys(['4-dependencies']) retrieved from /opt/airflow/dags/4_dependencies.py
[2026-09-13T02:34:31.806+0000] {logging_mixin.py:149} INFO - [2026-09-13T02:34:31.806+0000] {dag.py:2726} INFO - Sync 1 DAGs
[2026-09-13T02:34:31.847+0000] {logging_mixin.py:149} INFO - [2026-09-13T02:34:31.846+0000] {dag.py:3490} INFO - Setting next_dagrun for 4-dependencies to 2023-05-01T00:00:00+00:00, run_after=2023-05-01T00:00:00+00:00
[2026-09-13T02:34:31.878+0000] {processor.py:178} INFO - Processing /opt/airflow/dags/4_dependencies.py took 0.176 seconds
[2026-09-13T02:35:02.097+0000] {processor.py:156} INFO - Started process (PID=163083) to work on /opt/airflow/dags/4_dependencies.py
[2026-09-13T02:35:02.100+0000] {processor.py:799} INFO - Processing file /opt/airflow/dags/4_dependencies.py for tasks to queue
[2026-09-13T02:35:02.102+0000] {logging_mixin.py:149} INFO - [2026-09-13T02:35:02.102+0000] {dagbag.py:541} INFO - Filling up the DagBag from /opt/airflow/dags/4_dependencies.py
[2026-09-13T02:35:02.132+0000] {processor.py:809} INFO - DAG(s) dict_keys(['4-dependencies']) retrieved from /opt/airflow/dags/4_dependencies.py
[2026-09-13T02:35:02.209+0000] {logging_mixin.py:149} INFO - [2026-09-13T02:35:02.209+0000] {dag.py:2726} INFO - Sync 1 DAGs
[2026-09-13T02:35:02.255+0000] {logging_mixin.py:149} INFO - [2026-09-13T02:35:02.255+0000] {dag.py:3490} INFO - Setting next_dagrun for 4-dependencies to 2023-05-01T00:00:00+00:00, run_after=2023-05-01T00:00:00+00:00
[2026-09-13T02:35:02.289+0000] {processor.py:178} INFO - Processing /opt/airflow/dags/4_dependencies.py took 0.203 seconds
[2026-09-13T02:35:32.599+0000] {processor.py:156} INFO - Started process (PID=163097) to work on /opt/airflow/dags/4_dependencies.py
[2026-09-13T02:35:32.602+0000] {processor.py:799} INFO - Processing file /opt/airflow/dags/4_dependencies.py for tasks to queue
[2026-09-13T02:35:32.606+0000] {logging_mixin.py:149} INFO - [2026-09-13T02:35:32.606+0000] {dagbag.py:541} INFO - Filling up the DagBag from /opt/airflow/dags/4_dependencies.py
[2026-09-13T02:35:32.641+0000] {processor.py:809} INFO - DAG(s) dict_keys(['4-dependencies']) retrieved from /opt/airflow/dags/4_dependencies.py
[2026-09-13T02:35:32.733+0000] {logging_mixin.py:149} INFO - [2026-09-13T02:35:32.733+0000] {dag.py:2726} INFO - Sync 1 DAGs
[2026-09-13T02:35:32.828+0000] {logging_mixin.py:149} INFO - [2026-09-13T02:35:32.827+0000] {dag.py:3490} INFO - Setting next_dagrun for 4-dependencies to 2023-05-01T00:00:00+00:00, run_after=2023-05-01T00:00:00+00:00
[2026-09-13T02:35:32.892+0000] {processor.py:178} INFO - Processing /opt/airflow/dags/4_dependencies.py took 0.304 seconds
[2026-09-13T02:36:03.133+0000] {processor.py:156} INFO - Started process (PID=163112) to work on /opt/airflow/dags/4_dependencies.py
[2026-09-13T02:36:03.137+0000] {processor.py:799} INFO - Processing file /opt/airflow/dags/4_dependencies.py for tasks to queue
[2026-09-13T02:36:03.139+0000] {logging_mixin.py:149} INFO - [2026-09-13T02:36:03.138+0000] {dagbag.py:541} INFO - Filling up the DagBag from /opt/airflow/dags/4_dependencies.py
[2026-09-13T02:36:03.168+0000] {processor.py:809} INFO - DAG(s) dict_keys(['4-dependencies']) retrieved from /opt/airflow/dags/4_dependencies.py
[2026-09-13T02:36:03.242+0000] {logging_mixin.py:149} INFO - [2026-09-13T02:36:03.242+0000] {dag.py:2726} INFO - Sync 1 DAGs
[2026-09-13T02:36:03.290+0000] {logging_mixin.py:149} INFO - [2026-09-13T02:36:03.289+0000] {dag.py:3490} INFO - Setting next_dagrun for 4-dependencies to 2023-05-01T00:00:00+00:00, run_after=2023-05-01T00:00:00+00:00
[2026-09-13T02:36:03.374+0000] {processor.py:178} INFO - Processing /opt/airflow/dags/4_dependencies.py took 0.251 seconds
[2026-09-13T02:36:33.618+0000] {processor.py:156} INFO - Started process (PID=163126) to work on /opt/airflow/dags/4_dependencies.py
[2026-09-13T02:36:33.622+0000] {processor.py:799} INFO - Processing file /opt/airflow/dags/4_dependencies.py for tasks to queue
[2026-09-13T02:36:33.624+0000] {logging_mixin.py:149} INFO - [2026-09-13T02:36:33.623+0000] {dagbag.py:541} INFO - Filling up the DagBag from /opt/airflow/dags/4_dependencies.py
[2026-09-13T02:36:33.651+0000] {processor.py:809} INFO - DAG(s) dict_keys(['4-dependencies']) retrieved from /opt/airflow/dags/4_dependencies.py
[2026-09-13T02:36:33.740+0000] {logging_mixin.py:149} INFO - [2026-09-13T02:36:33.740+0000] {dag.py:2726} INFO - Sync 1 DAGs
[2026-09-13T02:36:33.818+0000] {logging_mixin.py:149} INFO - [2026-09-13T02:36:33.817+0000] {dag.py:3490} INFO - Setting next_dagrun for 4-dependencies to 2023-05-01T00:00:00+00:00, run_after=2023-05-01T00:00:00+00:00
[2026-09-13T02:36:33.883+0000] {processor.py:178} INFO - Processing /opt/airflow/dags/4_dependencies.py took 0.275 seconds
[2026-09-13T02:37:04.174+0000] {processor.py:156} INFO - Started process (PID=163140) to work on /opt/airflow/dags/4_dependencies.py
[2026-09-13T02:37:04.177+0000] {processor.py:799} INFO - Processing file /opt/airflow/dags/4_dependencies.py for tasks to queue
[2026-09-13T02:37:04.179+0000] {logging_mixin.py:149} INFO - [2026-09-13T02:37:04.179+0000] {dagbag.py:541} INFO - Filling up the DagBag from /opt/airflow/dags/4_dependencies.py
[2026-09-13T02:37:04.204+0000] {processor.py:809} INFO - DAG(s) dict_keys(['4-dependencies']) retrieved from /opt/airflow/dags/4_dependencies.py
[2026-09-13T02:37:04.296+0000] {logging_mixin.py:149} INFO - [2026-09-13T02:37:04.296+0000] {dag.py:2726} INFO - Sync 1 DAGs
[2026-09-13T02:37:04.351+0000] {logging_mixin.py:149} INFO - [2026-09-13T02:37:04.351+0000] {dag.py:3490} INFO - Setting next_dagrun for 4-dependencies to 2023-05-01T00:00:00+00:00, run_after=2023-05-01T00:00:00+00:00
[2026-09-13T02:37:04.381+0000] {processor.py:178} INFO - Processing /opt/airflow/dags/4_dependencies.py took 0.221 seconds
[2026-09-13T02:37:34.619+0000] {processor.py:156} INFO - Started process (PID=163155) to work on /opt/airflow/dags/4_dependencies.py
[2026-09-13T02:37:34.622+0000] {processor.py:799} INFO - Processing file /opt/airflow/dags/4_dependencies.py for tasks to queue
[2026-09-13T02:37:34.624+0000] {logging_mixin.py:149} INFO - [2026-09-13T02:37:34.624+0000] {dagbag.py:541} INFO - Filling up the DagBag from /opt/airflow/dags/4_dependencies.py
[2026-09-13T02:37:34.654+0000] {processor.py:809} INFO - DAG(s) dict_keys(['4-dependencies']) retrieved from /opt/airflow/dags/4_dependencies.py
[2026-09-13T02:37:34.739+0000] {logging_mixin.py:149} INFO - [2026-09-13T02:37:34.739+0000] {dag.py:2726} INFO - Sync 1 DAGs
[2026-09-13T02:37:34.785+0000] {logging_mixin.py:149} INFO - [2026-09-13T02:37:34.784+0000] {dag.py:3490} INFO - Setting next_dagrun for 4-dependencies to 2023-05-01T00:00:00+00:00, run_after=2023-05-01T00:00:00+00:00
[2026-09-13T02:37:34.831+0000] {processor.py:178} INFO - Processing /opt/airflow/dags/4_dependencies.py took 0.223 seconds
[2026-09-13T02:38:04.999+0000] {processor.py:156} INFO - Started process (PID=163169) to work on /opt/airflow/dags/4_dependencies.py
[2026-09-13T02:38:05.003+0000] {processor.py:799} INFO - Processing file /opt/airflow/dags/4_dependencies.py for tasks to queue
[2026-09-13T02:38:05.005+0000] {logging_mixin.py:149} INFO - [2026-09-13T02:38:05.005+0000] {dagbag.py:541} INFO - Filling up the DagBag from /opt/airflow/dags/4_dependencies.py
[2026-09-13T02:38:05.034+0000] {processor.py:809} INFO - DAG(s) dict_keys(['4-dependencies']) retrieved from /opt/airflow/dags/4_dependencies.py
[2026-09-13T02:38:05.105+0000] {logging_mixin.py:149} INFO - [2026-09-13T02:38:05.104+0000] {dag.py:2726} INFO - Sync 1 DAGs
[2026-09-13T02:38:05.154+0000] {logging_mixin.py:149} INFO - [2026-09-13T02:38:05.153+0000] {dag.py:3490} INFO - Setting next_dagrun for 4-dependencies to 2023-05-01T00:00:00+00:00, run_after=2023-05-01T00:00:00+00:00
[2026-09-13T02:38:05.229+0000] {processor.py:178} INFO - Processing /opt/airflow/dags/4_dependencies.py took 0.243 seconds
[2026-09-13T02:38:35.574+0000] {processor.py:156} INFO - Started process (PID=163183) to work on /opt/airflow/dags/4_dependencies.py
[2026-09-13T02:38:35.578+0000] {processor.py:799} INFO - Processing file /opt/airflow/dags/4_dependencies.py for tasks to queue
[2026-09-13T02:38:35.580+0000] {logging_mixin.py:149} INFO - [2026-09-13T02:38:35.580+0000] {dagbag.py:541} INFO - Filling up the DagBag from /opt/airflow/dags/4_dependencies.py
[2026-09-13T02:38:35.622+0000] {processor.py:809} INFO - DAG(s) dict_keys(['4-dependencies']) retrieved from /opt/airflow/dags/4_dependencies.py
[2026-09-13T02:38:35.713+0000] {logging_mixin.py:149} INFO - [2026-09-13T02:38:35.713+0000] {dag.py:2726} INFO - Sync 1 DAGs
[2026-09-13T02:38:35.791+0000] {logging_mixin.py:149} INFO - [2026-09-13T02:38:35.790+0000] {dag.py:3490} INFO - Setting next_dagrun for 4-dependencies to 2023-05-01T00:00:00+00:00, run_after=2023-05-01T00:00:00+00:00
[2026-09-13T02:38:35.844+0000] {processor.py:178} INFO - Processing /opt/airflow/dags/4_dependencies.py took 0.281 seconds
[2026-09-13T02:39:06.111+0000] {processor.py:156} INFO - Started process (PID=163197) to work on /opt/airflow/dags/4_dependencies.py
[2026-09-13T02:39:06.115+0000] {processor.py:799} INFO - Processing file /opt/airflow/dags/4_dependencies.py for tasks to queue
[2026-09-13T02:39:06.117+0000] {logging_mixin.py:149} INFO - [2026-09-13T02:39:06.117+0000] {dagbag.py:541} INFO - Filling up the DagBag from /opt/airflow/dags/4_dependencies.py
[2026-09-13T02:39:06.148+0000] {processor.py:809} INFO - DAG(s) dict_keys(['4-dependencies']) retrieved from /opt/airflow/dags/4_dependencies.py
[2026-09-13T02:39:06.244+0000] {logging_mixin.py:149} INFO - [2026-09-13T02:39:06.244+0000] {dag.py:2726} INFO - Sync 1 DAGs
[2026-09-13T02:39:06.326+0000] {logging_mixin.py:149} INFO - [2026-09-13T02:39:06.326+0000] {dag.py:3490} INFO - Setting next_dagrun for 4-dependencies to 2023-05-01T00:00:00+00:00, run_after=2023-05-01T00:00:00+00:00
[2026-09-13T02:39:06.367+0000] {processor.py:178} INFO - Processing /opt/airflow/dags/4_dependencies.py took 0.270 seconds
[2026-09-13T02:39:36.634+0000] {processor.py:156} INFO - Started process (PID=163211) to work on /opt/airflow/dags/4_dependencies.py
[2026-09-13T02:39:36.637+0000] {processor.py:799} INFO - Processing file /opt/airflow/dags/4_dependencies.py for tasks to queue
[2026-09-13T02:39:36.639+0000] {logging_mixin.py:149} INFO - [2026-09-13T02:39:36.639+0000] {dagbag.py:541} INFO - Filling up the DagBag from /opt/airflow/dags/4_dependencies.py
[2026-09-13T02:39:36.668+0000] {processor.py:809} INFO - DAG(s) dict_keys(['4-dependencies']) retrieved from /opt/airflow/dags/4_dependencies.py
[2026-09-13T02:39:36.757+0000] {logging_mixin.py:149} INFO - [2026-09-13T02:39:36.756+0000] {dag.py:2726} INFO - Sync 1 DAGs
[2026-09-13T02:39:36.840+0000] {logging_mixin.py:149} INFO - [2026-09-13T02:39:36.840+0000] {dag.py:3490} INFO - Setting next_dagrun for 4-dependencies to 2023-05-01T00:00:00+00:00, run_after=2023-05-01T00:00:00+00:00
[2026-09-13T02:39:36.900+0000] {processor.py:178} INFO - Processing /opt/airflow/dags/4_dependencies.py took 0.277 seconds
[2026-09-13T02:40:07.114+0000] {processor.py:156} INFO - Started process (PID=163226) to work on /opt/airflow/dags/4_dependencies.py
[2026-09-13T02:40:07.117+0000] {processor.py:799} INFO - Processing file /opt/airflow/dags/4_dependencies.py for tasks to queue
[2026-09-13T02:40:07.119+0000] {logging_mixin.py:149} INFO - [2026-09-13T02:40:07.119+0000] {dagbag.py:541} INFO - Filling up the DagBag from /opt/airflow/dags/4_dependencies.py
[2026-09-13T02:40:07.149+0000] {processor.py:809} INFO - DAG(s) dict_keys(['4-dependencies']) retrieved from /opt/airflow/dags/4_dependencies.py
[2026-09-13T02:40:07.234+0000] {logging_mixin.py:149} INFO - [2026-09-13T02:40:07.234+0000] {dag.py:2726} INFO - Sync 1 DAGs
[2026-09-13T02:40:07.281+0000] {logging_mixin.py:149} INFO - [2026-09-13T02:40:07.280+0000] {dag.py:3490} INFO - Setting next_dagrun for 4-dependencies to 2023-05-01T00:00:00+00:00, run_after=2023-05-01T00:00:00+00:00
[2026-09-13T02:40:07.314+0000] {processor.py:178} INFO - Processing /opt/airflow/dags/4_dependencies.py took 0.211 seconds
[2026-09-13T02:40:37.640+0000] {processor.py:156} INFO - Started process (PID=163241) to work on /opt/airflow/dags/4_dependencies.py
[2026-09-13T02:40:37.652+0000] {processor.py:799} INFO - Processing file /opt/airflow/dags/4_dependencies.py for tasks to queue
[2026-09-13T02:40:37.654+0000] {logging_mixin.py:149} INFO - [2026-09-13T02:40:37.654+0000] {dagbag.py:541} INFO - Filling up the DagBag from /opt/airflow/dags/4_dependencies.py
[2026-09-13T02:40:37.687+0000] {processor.py:809} INFO - DAG(s) dict_keys(['4-dependencies']) retrieved from /opt/airflow/dags/4_dependencies.py
[2026-09-13T02:40:37.758+0000] {logging_mixin.py:149} INFO - [2026-09-13T02:40:37.757+0000] {dag.py:2726} INFO - Sync 1 DAGs
[2026-09-13T02:40:37.796+0000] {logging_mixin.py:149} INFO - [2026-09-13T02:40:37.795+0000] {dag.py:3490} INFO - Setting next_dagrun for 4-dependencies to 2023-05-01T00:00:00+00:00, run_after=2023-05-01T00:00:00+00:00
[2026-09-13T02:40:37.848+0000] {processor.py:178} INFO - Processing /opt/airflow/dags/4_dependencies.py took 0.219 seconds
[2026-09-13T02:41:08.105+0000] {processor.py:156} INFO - Started process (PID=163255) to work on /opt/airflow/dags/4_dependencies.py
[2026-09-13T02:41:08.109+0000] {processor.py:799} INFO - Processing file /opt/airflow/dags/4_dependencies.py for tasks to queue
[2026-09-13T02:41:08.111+0000] {logging_mixin.py:149} INFO - [2026-09-13T02:41:08.110+0000] {dagbag.py:541} INFO - Filling up the DagBag from /opt/airflow/dags/4_dependencies.py
[2026-09-13T02:41:08.137+0000] {processor.py:809} INFO - DAG(s) dict_keys(['4-dependencies']) retrieved from /opt/airflow/dags/4_dependencies.py
[2026-09-13T02:41:08.204+0000] {logging_mixin.py:149} INFO - [2026-09-13T02:41:08.203+0000] {dag.py:2726} INFO - Sync 1 DAGs
[2026-09-13T02:41:08.248+0000] {logging_mixin.py:149} INFO - [2026-09-13T02:41:08.247+0000] {dag.py:3490} INFO - Setting next_dagrun for 4-dependencies to 2023-05-01T00:00:00+00:00, run_after=2023-05-01T00:00:00+00:00
[2026-09-13T02:41:08.282+0000] {processor.py:178} INFO - Processing /opt/airflow/dags/4_dependencies.py took 0.188 seconds
[2026-09-13T02:41:38.561+0000] {processor.py:156} INFO - Started process (PID=163268) to work on /opt/airflow/dags/4_dependencies.py
[2026-09-13T02:41:38.569+0000] {processor.py:799} INFO - Processing file /opt/airflow/dags/4_dependencies.py for tasks to queue
[2026-09-13T02:41:38.572+0000] {logging_mixin.py:149} INFO - [2026-09-13T02:41:38.571+0000] {dagbag.py:541} INFO - Filling up the DagBag from /opt/airflow/dags/4_dependencies.py
[2026-09-13T02:41:38.605+0000] {processor.py:809} INFO - DAG(s) dict_keys(['4-dependencies']) retrieved from /opt/airflow/dags/4_dependencies.py
[2026-09-13T02:41:38.677+0000] {logging_mixin.py:149} INFO - [2026-09-13T02:41:38.677+0000] {dag.py:2726} INFO - Sync 1 DAGs
[2026-09-13T02:41:38.725+0000] {logging_mixin.py:149} INFO - [2026-09-13T02:41:38.725+0000] {dag.py:3490} INFO - Setting next_dagrun for 4-dependencies to 2023-05-01T00:00:00+00:00, run_after=2023-05-01T00:00:00+00:00
[2026-09-13T02:41:38.785+0000] {processor.py:178} INFO - Processing /opt/airflow/dags/4_dependencies.py took 0.235 seconds
[2026-09-13T02:42:08.889+0000] {processor.py:156} INFO - Started process (PID=163282) to work on /opt/airflow/dags/4_dependencies.py
[2026-09-13T02:42:08.892+0000] {processor.py:799} INFO - Processing file /opt/airflow/dags/4_dependencies.py for tasks to queue
[2026-09-13T02:42:08.894+0000] {logging_mixin.py:149} INFO - [2026-09-13T02:42:08.894+0000] {dagbag.py:541} INFO - Filling up the DagBag from /opt/airflow/dags/4_dependencies.py
[2026-09-13T02:42:08.920+0000] {processor.py:809} INFO - DAG(s) dict_keys(['4-dependencies']) retrieved from /opt/airflow/dags/4_dependencies.py
[2026-09-13T02:42:09.011+0000] {logging_mixin.py:149} INFO - [2026-09-13T02:42:09.010+0000] {dag.py:2726} INFO - Sync 1 DAGs
[2026-09-13T02:42:09.063+0000] {logging_mixin.py:149} INFO - [2026-09-13T02:42:09.063+0000] {dag.py:3490} INFO - Setting next_dagrun for 4-dependencies to 2023-05-01T00:00:00+00:00, run_after=2023-05-01T00:00:00+00:00
[2026-09-13T02:42:09.092+0000] {processor.py:178} INFO - Processing /opt/airflow/dags/4_dependencies.py took 0.213 seconds
[2026-09-13T02:42:39.296+0000] {processor.py:156} INFO - Started process (PID=163296) to work on /opt/airflow/dags/4_dependencies.py
[2026-09-13T02:42:39.300+0000] {processor.py:799} INFO - Processing file /opt/airflow/dags/4_dependencies.py for tasks to queue
[2026-09-13T02:42:39.303+0000] {logging_mixin.py:149} INFO - [2026-09-13T02:42:39.303+0000] {dagbag.py:541} INFO - Filling up the DagBag from /opt/airflow/dags/4_dependencies.py
[2026-09-13T02:42:39.337+0000] {processor.py:809} INFO - DAG(s) dict_keys(['4-dependencies']) retrieved from /opt/airflow/dags/4_dependencies.py
[2026-09-13T02:42:39.427+0000] {logging_mixin.py:149} INFO - [2026-09-13T02:42:39.426+0000] {dag.py:2726} INFO - Sync 1 DAGs
[2026-09-13T02:42:39.491+0000] {logging_mixin.py:149} INFO - [2026-09-13T02:42:39.490+0000] {dag.py:3490} INFO - Setting next_dagrun for 4-dependencies to 2023-05-01T00:00:00+00:00, run_after=2023-05-01T00:00:00+00:00
[2026-09-13T02:42:39.548+0000] {processor.py:178} INFO - Processing /opt/airflow/dags/4_dependencies.py took 0.266 seconds
[2026-09-13T02:43:09.767+0000] {processor.py:156} INFO - Started process (PID=163310) to work on /opt/airflow/dags/4_dependencies.py
[2026-09-13T02:43:09.770+0000] {processor.py:799} INFO - Processing file /opt/airflow/dags/4_dependencies.py for tasks to queue
[2026-09-13T02:43:09.771+0000] {logging_mixin.py:149} INFO - [2026-09-13T02:43:09.771+0000] {dagbag.py:541} INFO - Filling up the DagBag from /opt/airflow/dags/4_dependencies.py
[2026-09-13T02:43:09.801+0000] {processor.py:809} INFO - DAG(s) dict_keys(['4-dependencies']) retrieved from /opt/airflow/dags/4_dependencies.py
[2026-09-13T02:43:09.895+0000] {logging_mixin.py:149} INFO - [2026-09-13T02:43:09.895+0000] {dag.py:2726} INFO - Sync 1 DAGs
[2026-09-13T02:43:09.985+0000] {logging_mixin.py:149} INFO - [2026-09-13T02:43:09.984+0000] {dag.py:3490} INFO - Setting next_dagrun for 4-dependencies to 2023-05-01T00:00:00+00:00, run_after=2023-05-01T00:00:00+00:00
[2026-09-13T02:43:10.031+0000] {processor.py:178} INFO - Processing /opt/airflow/dags/4_dependencies.py took 0.275 seconds
[2026-09-13T02:43:40.322+0000] {processor.py:156} INFO - Started process (PID=163325) to work on /opt/airflow/dags/4_dependencies.py
[2026-09-13T02:43:40.325+0000] {processor.py:799} INFO - Processing file /opt/airflow/dags/4_dependencies.py for tasks to queue
[2026-09-13T02:43:40.328+0000] {logging_mixin.py:149} INFO - [2026-09-13T02:43:40.327+0000] {dagbag.py:541} INFO - Filling up the DagBag from /opt/airflow/dags/4_dependencies.py
[2026-09-13T02:43:40.357+0000] {processor.py:809} INFO - DAG(s) dict_keys(['4-dependencies']) retrieved from /opt/airflow/dags/4_dependencies.py
[2026-09-13T02:43:40.436+0000] {logging_mixin.py:149} INFO - [2026-09-13T02:43:40.435+0000] {dag.py:2726} INFO - Sync 1 DAGs
[2026-09-13T02:43:40.481+0000] {logging_mixin.py:149} INFO - [2026-09-13T02:43:40.481+0000] {dag.py:3490} INFO - Setting next_dagrun for 4-dependencies to 2023-05-01T00:00:00+00:00, run_after=2023-05-01T00:00:00+00:00
[2026-09-13T02:43:40.512+0000] {processor.py:178} INFO - Processing /opt/airflow/dags/4_dependencies.py took 0.202 seconds
[2026-09-13T02:44:10.722+0000] {processor.py:156} INFO - Started process (PID=163340) to work on /opt/airflow/dags/4_dependencies.py
[2026-09-13T02:44:10.726+0000] {processor.py:799} INFO - Processing file /opt/airflow/dags/4_dependencies.py for tasks to queue
[2026-09-13T02:44:10.728+0000] {logging_mixin.py:149} INFO - [2026-09-13T02:44:10.728+0000] {dagbag.py:541} INFO - Filling up the DagBag from /opt/airflow/dags/4_dependencies.py
[2026-09-13T02:44:10.756+0000] {processor.py:809} INFO - DAG(s) dict_keys(['4-dependencies']) retrieved from /opt/airflow/dags/4_dependencies.py
[2026-09-13T02:44:10.851+0000] {logging_mixin.py:149} INFO - [2026-09-13T02:44:10.851+0000] {dag.py:2726} INFO - Sync 1 DAGs
[2026-09-13T02:44:10.897+0000] {logging_mixin.py:149} INFO - [2026-09-13T02:44:10.897+0000] {dag.py:3490} INFO - Setting next_dagrun for 4-dependencies to 2023-05-01T00:00:00+00:00, run_after=2023-05-01T00:00:00+00:00
[2026-09-13T02:44:10.948+0000] {processor.py:178} INFO - Processing /opt/airflow/dags/4_dependencies.py took 0.235 seconds
[2026-09-13T02:44:41.202+0000] {processor.py:156} INFO - Started process (PID=163354) to work on /opt/airflow/dags/4_dependencies.py
[2026-09-13T02:44:41.205+0000] {processor.py:799} INFO - Processing file /opt/airflow/dags/4_dependencies.py for tasks to queue
[2026-09-13T02:44:41.208+0000] {logging_mixin.py:149} INFO - [2026-09-13T02:44:41.207+0000] {dagbag.py:541} INFO - Filling up the DagBag from /opt/airflow/dags/4_dependencies.py
[2026-09-13T02:44:41.244+0000] {processor.py:809} INFO - DAG(s) dict_keys(['4-dependencies']) retrieved from /opt/airflow/dags/4_dependencies.py
[2026-09-13T02:44:41.329+0000] {logging_mixin.py:149} INFO - [2026-09-13T02:44:41.329+0000] {dag.py:2726} INFO - Sync 1 DAGs
[2026-09-13T02:44:41.370+0000] {logging_mixin.py:149} INFO - [2026-09-13T02:44:41.370+0000] {dag.py:3490} INFO - Setting next_dagrun for 4-dependencies to 2023-05-01T00:00:00+00:00, run_after=2023-05-01T00:00:00+00:00
[2026-09-13T02:44:41.399+0000] {processor.py:178} INFO - Processing /opt/airflow/dags/4_dependencies.py took 0.208 seconds
[2026-09-13T02:45:11.576+0000] {processor.py:156} INFO - Started process (PID=163368) to work on /opt/airflow/dags/4_dependencies.py
[2026-09-13T02:45:11.579+0000] {processor.py:799} INFO - Processing file /opt/airflow/dags/4_dependencies.py for tasks to queue
[2026-09-13T02:45:11.581+0000] {logging_mixin.py:149} INFO - [2026-09-13T02:45:11.581+0000] {dagbag.py:541} INFO - Filling up the DagBag from /opt/airflow/dags/4_dependencies.py
[2026-09-13T02:45:11.610+0000] {processor.py:809} INFO - DAG(s) dict_keys(['4-dependencies']) retrieved from /opt/airflow/dags/4_dependencies.py
[2026-09-13T02:45:11.731+0000] {logging_mixin.py:149} INFO - [2026-09-13T02:45:11.730+0000] {dag.py:2726} INFO - Sync 1 DAGs
[2026-09-13T02:45:11.801+0000] {logging_mixin.py:149} INFO - [2026-09-13T02:45:11.801+0000] {dag.py:3490} INFO - Setting next_dagrun for 4-dependencies to 2023-05-01T00:00:00+00:00, run_after=2023-05-01T00:00:00+00:00
[2026-09-13T02:45:11.834+0000] {processor.py:178} INFO - Processing /opt/airflow/dags/4_dependencies.py took 0.269 seconds
[2026-09-13T02:45:41.988+0000] {processor.py:156} INFO - Started process (PID=163383) to work on /opt/airflow/dags/4_dependencies.py
[2026-09-13T02:45:41.991+0000] {processor.py:799} INFO - Processing file /opt/airflow/dags/4_dependencies.py for tasks to queue
[2026-09-13T02:45:41.993+0000] {logging_mixin.py:149} INFO - [2026-09-13T02:45:41.993+0000] {dagbag.py:541} INFO - Filling up the DagBag from /opt/airflow/dags/4_dependencies.py
[2026-09-13T02:45:42.025+0000] {processor.py:809} INFO - DAG(s) dict_keys(['4-dependencies']) retrieved from /opt/airflow/dags/4_dependencies.py
[2026-09-13T02:45:42.113+0000] {logging_mixin.py:149} INFO - [2026-09-13T02:45:42.113+0000] {dag.py:2726} INFO - Sync 1 DAGs
[2026-09-13T02:45:42.153+0000] {logging_mixin.py:149} INFO - [2026-09-13T02:45:42.153+0000] {dag.py:3490} INFO - Setting next_dagrun for 4-dependencies to 2023-05-01T00:00:00+00:00, run_after=2023-05-01T00:00:00+00:00
[2026-09-13T02:45:42.180+0000] {processor.py:178} INFO - Processing /opt/airflow/dags/4_dependencies.py took 0.204 seconds
[2026-09-13T02:46:12.332+0000] {processor.py:156} INFO - Started process (PID=163396) to work on /opt/airflow/dags/4_dependencies.py
[2026-09-13T02:46:12.336+0000] {processor.py:799} INFO - Processing file /opt/airflow/dags/4_dependencies.py for tasks to queue
[2026-09-13T02:46:12.338+0000] {logging_mixin.py:149} INFO - [2026-09-13T02:46:12.338+0000] {dagbag.py:541} INFO - Filling up the DagBag from /opt/airflow/dags/4_dependencies.py
[2026-09-13T02:46:12.368+0000] {processor.py:809} INFO - DAG(s) dict_keys(['4-dependencies']) retrieved from /opt/airflow/dags/4_dependencies.py
[2026-09-13T02:46:12.456+0000] {logging_mixin.py:149} INFO - [2026-09-13T02:46:12.455+0000] {dag.py:2726} INFO - Sync 1 DAGs
[2026-09-13T02:46:12.540+0000] {logging_mixin.py:149} INFO - [2026-09-13T02:46:12.540+0000] {dag.py:3490} INFO - Setting next_dagrun for 4-dependencies to 2023-05-01T00:00:00+00:00, run_after=2023-05-01T00:00:00+00:00
[2026-09-13T02:46:12.567+0000] {processor.py:178} INFO - Processing /opt/airflow/dags/4_dependencies.py took 0.246 seconds
[2026-09-13T02:46:42.700+0000] {processor.py:156} INFO - Started process (PID=163411) to work on /opt/airflow/dags/4_dependencies.py
[2026-09-13T02:46:42.709+0000] {processor.py:799} INFO - Processing file /opt/airflow/dags/4_dependencies.py for tasks to queue
[2026-09-13T02:46:42.711+0000] {logging_mixin.py:149} INFO - [2026-09-13T02:46:42.710+0000] {dagbag.py:541} INFO - Filling up the DagBag from /opt/airflow/dags/4_dependencies.py
[2026-09-13T02:46:42.743+0000] {processor.py:809} INFO - DAG(s) dict_keys(['4-dependencies']) retrieved from /opt/airflow/dags/4_dependencies.py
[2026-09-13T02:46:42.830+0000] {logging_mixin.py:149} INFO - [2026-09-13T02:46:42.829+0000] {dag.py:2726} INFO - Sync 1 DAGs
[2026-09-13T02:46:42.904+0000] {logging_mixin.py:149} INFO - [2026-09-13T02:46:42.904+0000] {dag.py:3490} INFO - Setting next_dagrun for 4-dependencies to 2023-05-01T00:00:00+00:00, run_after=2023-05-01T00:00:00+00:00
[2026-09-13T02:46:42.957+0000] {processor.py:178} INFO - Processing /opt/airflow/dags/4_dependencies.py took 0.268 seconds
[2026-09-13T02:47:13.254+0000] {processor.py:156} INFO - Started process (PID=163424) to work on /opt/airflow/dags/4_dependencies.py
[2026-09-13T02:47:13.259+0000] {processor.py:799} INFO - Processing file /opt/airflow/dags/4_dependencies.py for tasks to queue
[2026-09-13T02:47:13.261+0000] {logging_mixin.py:149} INFO - [2026-09-13T02:47:13.261+0000] {dagbag.py:541} INFO - Filling up the DagBag from /opt/airflow/dags/4_dependencies.py
[2026-09-13T02:47:13.289+0000] {processor.py:809} INFO - DAG(s) dict_keys(['4-dependencies']) retrieved from /opt/airflow/dags/4_dependencies.py
[2026-09-13T02:47:13.382+0000] {logging_mixin.py:149} INFO - [2026-09-13T02:47:13.381+0000] {dag.py:2726} INFO - Sync 1 DAGs
[2026-09-13T02:47:13.441+0000] {logging_mixin.py:149} INFO - [2026-09-13T02:47:13.440+0000] {dag.py:3490} INFO - Setting next_dagrun for 4-dependencies to 2023-05-01T00:00:00+00:00, run_after=2023-05-01T00:00:00+00:00
[2026-09-13T02:47:13.501+0000] {processor.py:178} INFO - Processing /opt/airflow/dags/4_dependencies.py took 0.259 seconds
[2026-09-13T02:47:43.766+0000] {processor.py:156} INFO - Started process (PID=163438) to work on /opt/airflow/dags/4_dependencies.py
[2026-09-13T02:47:43.769+0000] {processor.py:799} INFO - Processing file /opt/airflow/dags/4_dependencies.py for tasks to queue
[2026-09-13T02:47:43.771+0000] {logging_mixin.py:149} INFO - [2026-09-13T02:47:43.770+0000] {dagbag.py:541} INFO - Filling up the DagBag from /opt/airflow/dags/4_dependencies.py
[2026-09-13T02:47:43.799+0000] {processor.py:809} INFO - DAG(s) dict_keys(['4-dependencies']) retrieved from /opt/airflow/dags/4_dependencies.py
[2026-09-13T02:47:43.903+0000] {logging_mixin.py:149} INFO - [2026-09-13T02:47:43.902+0000] {dag.py:2726} INFO - Sync 1 DAGs
[2026-09-13T02:47:43.956+0000] {logging_mixin.py:149} INFO - [2026-09-13T02:47:43.955+0000] {dag.py:3490} INFO - Setting next_dagrun for 4-dependencies to 2023-05-01T00:00:00+00:00, run_after=2023-05-01T00:00:00+00:00
[2026-09-13T02:47:43.987+0000] {processor.py:178} INFO - Processing /opt/airflow/dags/4_dependencies.py took 0.233 seconds
[2026-09-13T02:48:14.289+0000] {processor.py:156} INFO - Started process (PID=163453) to work on /opt/airflow/dags/4_dependencies.py
[2026-09-13T02:48:14.292+0000] {processor.py:799} INFO - Processing file /opt/airflow/dags/4_dependencies.py for tasks to queue
[2026-09-13T02:48:14.294+0000] {logging_mixin.py:149} INFO - [2026-09-13T02:48:14.293+0000] {dagbag.py:541} INFO - Filling up the DagBag from /opt/airflow/dags/4_dependencies.py
[2026-09-13T02:48:14.320+0000] {processor.py:809} INFO - DAG(s) dict_keys(['4-dependencies']) retrieved from /opt/airflow/dags/4_dependencies.py
[2026-09-13T02:48:14.394+0000] {logging_mixin.py:149} INFO - [2026-09-13T02:48:14.393+0000] {dag.py:2726} INFO - Sync 1 DAGs
[2026-09-13T02:48:14.437+0000] {logging_mixin.py:149} INFO - [2026-09-13T02:48:14.437+0000] {dag.py:3490} INFO - Setting next_dagrun for 4-dependencies to 2023-05-01T00:00:00+00:00, run_after=2023-05-01T00:00:00+00:00
[2026-09-13T02:48:14.466+0000] {processor.py:178} INFO - Processing /opt/airflow/dags/4_dependencies.py took 0.189 seconds
[2026-09-13T02:48:44.640+0000] {processor.py:156} INFO - Started process (PID=163467) to work on /opt/airflow/dags/4_dependencies.py
[2026-09-13T02:48:44.644+0000] {processor.py:799} INFO - Processing file /opt/airflow/dags/4_dependencies.py for tasks to queue
[2026-09-13T02:48:44.646+0000] {logging_mixin.py:149} INFO - [2026-09-13T02:48:44.646+0000] {dagbag.py:541} INFO - Filling up the DagBag from /opt/airflow/dags/4_dependencies.py
[2026-09-13T02:48:44.679+0000] {processor.py:809} INFO - DAG(s) dict_keys(['4-dependencies']) retrieved from /opt/airflow/dags/4_dependencies.py
[2026-09-13T02:48:44.758+0000] {logging_mixin.py:149} INFO - [2026-09-13T02:48:44.757+0000] {dag.py:2726} INFO - Sync 1 DAGs
[2026-09-13T02:48:44.798+0000] {logging_mixin.py:149} INFO - [2026-09-13T02:48:44.798+0000] {dag.py:3490} INFO - Setting next_dagrun for 4-dependencies to 2023-05-01T00:00:00+00:00, run_after=2023-05-01T00:00:00+00:00
[2026-09-13T02:48:44.825+0000] {processor.py:178} INFO - Processing /opt/airflow/dags/4_dependencies.py took 0.195 seconds
[2026-09-13T02:49:14.982+0000] {processor.py:156} INFO - Started process (PID=163481) to work on /opt/airflow/dags/4_dependencies.py
[2026-09-13T02:49:14.985+0000] {processor.py:799} INFO - Processing file /opt/airflow/dags/4_dependencies.py for tasks to queue
[2026-09-13T02:49:14.987+0000] {logging_mixin.py:149} INFO - [2026-09-13T02:49:14.987+0000] {dagbag.py:541} INFO - Filling up the DagBag from /opt/airflow/dags/4_dependencies.py
[2026-09-13T02:49:15.017+0000] {processor.py:809} INFO - DAG(s) dict_keys(['4-dependencies']) retrieved from /opt/airflow/dags/4_dependencies.py
[2026-09-13T02:49:15.076+0000] {logging_mixin.py:149} INFO - [2026-09-13T02:49:15.075+0000] {dag.py:2726} INFO - Sync 1 DAGs
[2026-09-13T02:49:15.115+0000] {logging_mixin.py:149} INFO - [2026-09-13T02:49:15.115+0000] {dag.py:3490} INFO - Setting next_dagrun for 4-dependencies to 2023-05-01T00:00:00+00:00, run_after=2023-05-01T00:00:00+00:00
[2026-09-13T02:49:15.143+0000] {processor.py:178} INFO - Processing /opt/airflow/dags/4_dependencies.py took 0.171 seconds
[2026-09-13T02:49:45.317+0000] {processor.py:156} INFO - Started process (PID=163495) to work on /opt/airflow/dags/4_dependencies.py
[2026-09-13T02:49:45.324+0000] {processor.py:799} INFO - Processing file /opt/airflow/dags/4_dependencies.py for tasks to queue
[2026-09-13T02:49:45.326+0000] {logging_mixin.py:149} INFO - [2026-09-13T02:49:45.326+0000] {dagbag.py:541} INFO - Filling up the DagBag from /opt/airflow/dags/4_dependencies.py
[2026-09-13T02:49:45.359+0000] {processor.py:809} INFO - DAG(s) dict_keys(['4-dependencies']) retrieved from /opt/airflow/dags/4_dependencies.py
[2026-09-13T02:49:45.452+0000] {logging_mixin.py:149} INFO - [2026-09-13T02:49:45.451+0000] {dag.py:2726} INFO - Sync 1 DAGs
[2026-09-13T02:49:45.517+0000] {logging_mixin.py:149} INFO - [2026-09-13T02:49:45.517+0000] {dag.py:3490} INFO - Setting next_dagrun for 4-dependencies to 2023-05-01T00:00:00+00:00, run_after=2023-05-01T00:00:00+00:00
[2026-09-13T02:49:45.569+0000] {processor.py:178} INFO - Processing /opt/airflow/dags/4_dependencies.py took 0.263 seconds
[2026-09-13T02:50:15.840+0000] {processor.py:156} INFO - Started process (PID=163508) to work on /opt/airflow/dags/4_dependencies.py
[2026-09-13T02:50:15.843+0000] {processor.py:799} INFO - Processing file /opt/airflow/dags/4_dependencies.py for tasks to queue
[2026-09-13T02:50:15.845+0000] {logging_mixin.py:149} INFO - [2026-09-13T02:50:15.845+0000] {dagbag.py:541} INFO - Filling up the DagBag from /opt/airflow/dags/4_dependencies.py
[2026-09-13T02:50:15.875+0000] {processor.py:809} INFO - DAG(s) dict_keys(['4-dependencies']) retrieved from /opt/airflow/dags/4_dependencies.py
[2026-09-13T02:50:15.957+0000] {logging_mixin.py:149} INFO - [2026-09-13T02:50:15.956+0000] {dag.py:2726} INFO - Sync 1 DAGs
[2026-09-13T02:50:16.026+0000] {logging_mixin.py:149} INFO - [2026-09-13T02:50:16.026+0000] {dag.py:3490} INFO - Setting next_dagrun for 4-dependencies to 2023-05-01T00:00:00+00:00, run_after=2023-05-01T00:00:00+00:00
[2026-09-13T02:50:16.093+0000] {processor.py:178} INFO - Processing /opt/airflow/dags/4_dependencies.py took 0.264 seconds
[2026-09-13T02:50:46.165+0000] {processor.py:156} INFO - Started process (PID=163522) to work on /opt/airflow/dags/4_dependencies.py
[2026-09-13T02:50:46.169+0000] {processor.py:799} INFO - Processing file /opt/airflow/dags/4_dependencies.py for tasks to queue
[2026-09-13T02:50:46.172+0000] {logging_mixin.py:149} INFO - [2026-09-13T02:50:46.171+0000] {dagbag.py:541} INFO - Filling up the DagBag from /opt/airflow/dags/4_dependencies.py
[2026-09-13T02:50:46.203+0000] {processor.py:809} INFO - DAG(s) dict_keys(['4-dependencies']) retrieved from /opt/airflow/dags/4_dependencies.py
[2026-09-13T02:50:46.308+0000] {logging_mixin.py:149} INFO - [2026-09-13T02:50:46.308+0000] {dag.py:2726} INFO - Sync 1 DAGs
[2026-09-13T02:50:46.386+0000] {logging_mixin.py:149} INFO - [2026-09-13T02:50:46.386+0000] {dag.py:3490} INFO - Setting next_dagrun for 4-dependencies to 2023-05-01T00:00:00+00:00, run_after=2023-05-01T00:00:00+00:00
[2026-09-13T02:50:46.470+0000] {processor.py:178} INFO - Processing /opt/airflow/dags/4_dependencies.py took 0.316 seconds
[2026-09-13T02:51:16.751+0000] {processor.py:156} INFO - Started process (PID=163543) to work on /opt/airflow/dags/4_dependencies.py
[2026-09-13T02:51:16.757+0000] {processor.py:799} INFO - Processing file /opt/airflow/dags/4_dependencies.py for tasks to queue
[2026-09-13T02:51:16.758+0000] {logging_mixin.py:149} INFO - [2026-09-13T02:51:16.758+0000] {dagbag.py:541} INFO - Filling up the DagBag from /opt/airflow/dags/4_dependencies.py
[2026-09-13T02:51:16.800+0000] {processor.py:809} INFO - DAG(s) dict_keys(['4-dependencies']) retrieved from /opt/airflow/dags/4_dependencies.py
[2026-09-13T02:51:16.849+0000] {logging_mixin.py:149} INFO - [2026-09-13T02:51:16.848+0000] {dag.py:2726} INFO - Sync 1 DAGs
[2026-09-13T02:51:16.903+0000] {logging_mixin.py:149} INFO - [2026-09-13T02:51:16.902+0000] {dag.py:3490} INFO - Setting next_dagrun for 4-dependencies to 2023-05-01T00:00:00+00:00, run_after=2023-05-01T00:00:00+00:00
[2026-09-13T02:51:16.969+0000] {processor.py:178} INFO - Processing /opt/airflow/dags/4_dependencies.py took 0.231 seconds
[2026-09-13T02:51:47.212+0000] {processor.py:156} INFO - Started process (PID=163557) to work on /opt/airflow/dags/4_dependencies.py
[2026-09-13T02:51:47.216+0000] {processor.py:799} INFO - Processing file /opt/airflow/dags/4_dependencies.py for tasks to queue
[2026-09-13T02:51:47.218+0000] {logging_mixin.py:149} INFO - [2026-09-13T02:51:47.217+0000] {dagbag.py:541} INFO - Filling up the DagBag from /opt/airflow/dags/4_dependencies.py
[2026-09-13T02:51:47.239+0000] {processor.py:809} INFO - DAG(s) dict_keys(['4-dependencies']) retrieved from /opt/airflow/dags/4_dependencies.py
[2026-09-13T02:51:47.297+0000] {logging_mixin.py:149} INFO - [2026-09-13T02:51:47.296+0000] {dag.py:2726} INFO - Sync 1 DAGs
[2026-09-13T02:51:47.350+0000] {logging_mixin.py:149} INFO - [2026-09-13T02:51:47.349+0000] {dag.py:3490} INFO - Setting next_dagrun for 4-dependencies to 2023-05-01T00:00:00+00:00, run_after=2023-05-01T00:00:00+00:00
[2026-09-13T02:51:47.416+0000] {processor.py:178} INFO - Processing /opt/airflow/dags/4_dependencies.py took 0.213 seconds
[2026-09-13T02:52:17.621+0000] {processor.py:156} INFO - Started process (PID=163571) to work on /opt/airflow/dags/4_dependencies.py
[2026-09-13T02:52:17.624+0000] {processor.py:799} INFO - Processing file /opt/airflow/dags/4_dependencies.py for tasks to queue
[2026-09-13T02:52:17.626+0000] {logging_mixin.py:149} INFO - [2026-09-13T02:52:17.626+0000] {dagbag.py:541} INFO - Filling up the DagBag from /opt/airflow/dags/4_dependencies.py
[2026-09-13T02:52:17.659+0000] {processor.py:809} INFO - DAG(s) dict_keys(['4-dependencies']) retrieved from /opt/airflow/dags/4_dependencies.py
[2026-09-13T02:52:17.763+0000] {logging_mixin.py:149} INFO - [2026-09-13T02:52:17.762+0000] {dag.py:2726} INFO - Sync 1 DAGs
[2026-09-13T02:52:17.826+0000] {logging_mixin.py:149} INFO - [2026-09-13T02:52:17.825+0000] {dag.py:3490} INFO - Setting next_dagrun for 4-dependencies to 2023-05-01T00:00:00+00:00, run_after=2023-05-01T00:00:00+00:00
[2026-09-13T02:52:17.856+0000] {processor.py:178} INFO - Processing /opt/airflow/dags/4_dependencies.py took 0.246 seconds
[2026-09-13T02:52:48.107+0000] {processor.py:156} INFO - Started process (PID=163585) to work on /opt/airflow/dags/4_dependencies.py
[2026-09-13T02:52:48.111+0000] {processor.py:799} INFO - Processing file /opt/airflow/dags/4_dependencies.py for tasks to queue
[2026-09-13T02:52:48.113+0000] {logging_mixin.py:149} INFO - [2026-09-13T02:52:48.112+0000] {dagbag.py:541} INFO - Filling up the DagBag from /opt/airflow/dags/4_dependencies.py
[2026-09-13T02:52:48.139+0000] {processor.py:809} INFO - DAG(s) dict_keys(['4-dependencies']) retrieved from /opt/airflow/dags/4_dependencies.py
[2026-09-13T02:52:48.223+0000] {logging_mixin.py:149} INFO - [2026-09-13T02:52:48.222+0000] {dag.py:2726} INFO - Sync 1 DAGs
[2026-09-13T02:52:48.312+0000] {logging_mixin.py:149} INFO - [2026-09-13T02:52:48.311+0000] {dag.py:3490} INFO - Setting next_dagrun for 4-dependencies to 2023-05-01T00:00:00+00:00, run_after=2023-05-01T00:00:00+00:00
[2026-09-13T02:52:48.385+0000] {processor.py:178} INFO - Processing /opt/airflow/dags/4_dependencies.py took 0.289 seconds
[2026-09-13T02:53:18.612+0000] {processor.py:156} INFO - Started process (PID=163598) to work on /opt/airflow/dags/4_dependencies.py
[2026-09-13T02:53:18.617+0000] {processor.py:799} INFO - Processing file /opt/airflow/dags/4_dependencies.py for tasks to queue
[2026-09-13T02:53:18.618+0000] {logging_mixin.py:149} INFO - [2026-09-13T02:53:18.618+0000] {dagbag.py:541} INFO - Filling up the DagBag from /opt/airflow/dags/4_dependencies.py
[2026-09-13T02:53:18.646+0000] {processor.py:809} INFO - DAG(s) dict_keys(['4-dependencies']) retrieved from /opt/airflow/dags/4_dependencies.py
[2026-09-13T02:53:18.744+0000] {logging_mixin.py:149} INFO - [2026-09-13T02:53:18.744+0000] {dag.py:2726} INFO - Sync 1 DAGs
[2026-09-13T02:53:18.827+0000] {logging_mixin.py:149} INFO - [2026-09-13T02:53:18.826+0000] {dag.py:3490} INFO - Setting next_dagrun for 4-dependencies to 2023-05-01T00:00:00+00:00, run_after=2023-05-01T00:00:00+00:00
[2026-09-13T02:53:18.913+0000] {processor.py:178} INFO - Processing /opt/airflow/dags/4_dependencies.py took 0.312 seconds
[2026-09-13T02:53:49.185+0000] {processor.py:156} INFO - Started process (PID=163612) to work on /opt/airflow/dags/4_dependencies.py
[2026-09-13T02:53:49.188+0000] {processor.py:799} INFO - Processing file /opt/airflow/dags/4_dependencies.py for tasks to queue
[2026-09-13T02:53:49.190+0000] {logging_mixin.py:149} INFO - [2026-09-13T02:53:49.190+0000] {dagbag.py:541} INFO - Filling up the DagBag from /opt/airflow/dags/4_dependencies.py
[2026-09-13T02:53:49.229+0000] {processor.py:809} INFO - DAG(s) dict_keys(['4-dependencies']) retrieved from /opt/airflow/dags/4_dependencies.py
[2026-09-13T02:53:49.324+0000] {logging_mixin.py:149} INFO - [2026-09-13T02:53:49.324+0000] {dag.py:2726} INFO - Sync 1 DAGs
[2026-09-13T02:53:49.387+0000] {logging_mixin.py:149} INFO - [2026-09-13T02:53:49.386+0000] {dag.py:3490} INFO - Setting next_dagrun for 4-dependencies to 2023-05-01T00:00:00+00:00, run_after=2023-05-01T00:00:00+00:00
[2026-09-13T02:53:49.449+0000] {processor.py:178} INFO - Processing /opt/airflow/dags/4_dependencies.py took 0.275 seconds
[2026-09-13T02:54:19.537+0000] {processor.py:156} INFO - Started process (PID=163626) to work on /opt/airflow/dags/4_dependencies.py
[2026-09-13T02:54:19.544+0000] {processor.py:799} INFO - Processing file /opt/airflow/dags/4_dependencies.py for tasks to queue
[2026-09-13T02:54:19.547+0000] {logging_mixin.py:149} INFO - [2026-09-13T02:54:19.546+0000] {dagbag.py:541} INFO - Filling up the DagBag from /opt/airflow/dags/4_dependencies.py
[2026-09-13T02:54:19.579+0000] {processor.py:809} INFO - DAG(s) dict_keys(['4-dependencies']) retrieved from /opt/airflow/dags/4_dependencies.py
[2026-09-13T02:54:19.673+0000] {logging_mixin.py:149} INFO - [2026-09-13T02:54:19.673+0000] {dag.py:2726} INFO - Sync 1 DAGs
[2026-09-13T02:54:19.740+0000] {logging_mixin.py:149} INFO - [2026-09-13T02:54:19.740+0000] {dag.py:3490} INFO - Setting next_dagrun for 4-dependencies to 2023-05-01T00:00:00+00:00, run_after=2023-05-01T00:00:00+00:00
[2026-09-13T02:54:19.826+0000] {processor.py:178} INFO - Processing /opt/airflow/dags/4_dependencies.py took 0.298 seconds
[2026-09-13T02:54:50.073+0000] {processor.py:156} INFO - Started process (PID=163639) to work on /opt/airflow/dags/4_dependencies.py
[2026-09-13T02:54:50.076+0000] {processor.py:799} INFO - Processing file /opt/airflow/dags/4_dependencies.py for tasks to queue
[2026-09-13T02:54:50.078+0000] {logging_mixin.py:149} INFO - [2026-09-13T02:54:50.078+0000] {dagbag.py:541} INFO - Filling up the DagBag from /opt/airflow/dags/4_dependencies.py
[2026-09-13T02:54:50.106+0000] {processor.py:809} INFO - DAG(s) dict_keys(['4-dependencies']) retrieved from /opt/airflow/dags/4_dependencies.py
[2026-09-13T02:54:50.203+0000] {logging_mixin.py:149} INFO - [2026-09-13T02:54:50.203+0000] {dag.py:2726} INFO - Sync 1 DAGs
[2026-09-13T02:54:50.272+0000] {logging_mixin.py:149} INFO - [2026-09-13T02:54:50.271+0000] {dag.py:3490} INFO - Setting next_dagrun for 4-dependencies to 2023-05-01T00:00:00+00:00, run_after=2023-05-01T00:00:00+00:00
[2026-09-13T02:54:50.344+0000] {processor.py:178} INFO - Processing /opt/airflow/dags/4_dependencies.py took 0.285 seconds
[2026-09-13T02:55:20.407+0000] {processor.py:156} INFO - Started process (PID=163653) to work on /opt/airflow/dags/4_dependencies.py
[2026-09-13T02:55:20.412+0000] {processor.py:799} INFO - Processing file /opt/airflow/dags/4_dependencies.py for tasks to queue
[2026-09-13T02:55:20.415+0000] {logging_mixin.py:149} INFO - [2026-09-13T02:55:20.414+0000] {dagbag.py:541} INFO - Filling up the DagBag from /opt/airflow/dags/4_dependencies.py
[2026-09-13T02:55:20.444+0000] {processor.py:809} INFO - DAG(s) dict_keys(['4-dependencies']) retrieved from /opt/airflow/dags/4_dependencies.py
[2026-09-13T02:55:20.556+0000] {logging_mixin.py:149} INFO - [2026-09-13T02:55:20.556+0000] {dag.py:2726} INFO - Sync 1 DAGs
[2026-09-13T02:55:20.614+0000] {logging_mixin.py:149} INFO - [2026-09-13T02:55:20.613+0000] {dag.py:3490} INFO - Setting next_dagrun for 4-dependencies to 2023-05-01T00:00:00+00:00, run_after=2023-05-01T00:00:00+00:00
[2026-09-13T02:55:20.659+0000] {processor.py:178} INFO - Processing /opt/airflow/dags/4_dependencies.py took 0.264 seconds
[2026-09-13T02:55:50.988+0000] {processor.py:156} INFO - Started process (PID=163667) to work on /opt/airflow/dags/4_dependencies.py
[2026-09-13T02:55:50.992+0000] {processor.py:799} INFO - Processing file /opt/airflow/dags/4_dependencies.py for tasks to queue
[2026-09-13T02:55:50.994+0000] {logging_mixin.py:149} INFO - [2026-09-13T02:55:50.993+0000] {dagbag.py:541} INFO - Filling up the DagBag from /opt/airflow/dags/4_dependencies.py
[2026-09-13T02:55:51.023+0000] {processor.py:809} INFO - DAG(s) dict_keys(['4-dependencies']) retrieved from /opt/airflow/dags/4_dependencies.py
[2026-09-13T02:55:51.111+0000] {logging_mixin.py:149} INFO - [2026-09-13T02:55:51.111+0000] {dag.py:2726} INFO - Sync 1 DAGs
[2026-09-13T02:55:51.177+0000] {logging_mixin.py:149} INFO - [2026-09-13T02:55:51.177+0000] {dag.py:3490} INFO - Setting next_dagrun for 4-dependencies to 2023-05-01T00:00:00+00:00, run_after=2023-05-01T00:00:00+00:00
[2026-09-13T02:55:51.241+0000] {processor.py:178} INFO - Processing /opt/airflow/dags/4_dependencies.py took 0.263 seconds
[2026-09-13T02:56:21.571+0000] {processor.py:156} INFO - Started process (PID=163681) to work on /opt/airflow/dags/4_dependencies.py
[2026-09-13T02:56:21.574+0000] {processor.py:799} INFO - Processing file /opt/airflow/dags/4_dependencies.py for tasks to queue
[2026-09-13T02:56:21.576+0000] {logging_mixin.py:149} INFO - [2026-09-13T02:56:21.575+0000] {dagbag.py:541} INFO - Filling up the DagBag from /opt/airflow/dags/4_dependencies.py
[2026-09-13T02:56:21.599+0000] {processor.py:809} INFO - DAG(s) dict_keys(['4-dependencies']) retrieved from /opt/airflow/dags/4_dependencies.py
[2026-09-13T02:56:21.707+0000] {logging_mixin.py:149} INFO - [2026-09-13T02:56:21.707+0000] {dag.py:2726} INFO - Sync 1 DAGs
[2026-09-13T02:56:21.798+0000] {logging_mixin.py:149} INFO - [2026-09-13T02:56:21.798+0000] {dag.py:3490} INFO - Setting next_dagrun for 4-dependencies to 2023-05-01T00:00:00+00:00, run_after=2023-05-01T00:00:00+00:00
[2026-09-13T02:56:21.868+0000] {processor.py:178} INFO - Processing /opt/airflow/dags/4_dependencies.py took 0.305 seconds
[2026-09-13T02:56:51.982+0000] {processor.py:156} INFO - Started process (PID=163694) to work on /opt/airflow/dags/4_dependencies.py
[2026-09-13T02:56:51.987+0000] {processor.py:799} INFO - Processing file /opt/airflow/dags/4_dependencies.py for tasks to queue
[2026-09-13T02:56:51.989+0000] {logging_mixin.py:149} INFO - [2026-09-13T02:56:51.989+0000] {dagbag.py:541} INFO - Filling up the DagBag from /opt/airflow/dags/4_dependencies.py
[2026-09-13T02:56:52.016+0000] {processor.py:809} INFO - DAG(s) dict_keys(['4-dependencies']) retrieved from /opt/airflow/dags/4_dependencies.py
[2026-09-13T02:56:52.110+0000] {logging_mixin.py:149} INFO - [2026-09-13T02:56:52.109+0000] {dag.py:2726} INFO - Sync 1 DAGs
[2026-09-13T02:56:52.177+0000] {logging_mixin.py:149} INFO - [2026-09-13T02:56:52.176+0000] {dag.py:3490} INFO - Setting next_dagrun for 4-dependencies to 2023-05-01T00:00:00+00:00, run_after=2023-05-01T00:00:00+00:00
[2026-09-13T02:56:52.254+0000] {processor.py:178} INFO - Processing /opt/airflow/dags/4_dependencies.py took 0.282 seconds
[2026-09-13T02:57:22.371+0000] {processor.py:156} INFO - Started process (PID=163708) to work on /opt/airflow/dags/4_dependencies.py
[2026-09-13T02:57:22.374+0000] {processor.py:799} INFO - Processing file /opt/airflow/dags/4_dependencies.py for tasks to queue
[2026-09-13T02:57:22.377+0000] {logging_mixin.py:149} INFO - [2026-09-13T02:57:22.376+0000] {dagbag.py:541} INFO - Filling up the DagBag from /opt/airflow/dags/4_dependencies.py
[2026-09-13T02:57:22.409+0000] {processor.py:809} INFO - DAG(s) dict_keys(['4-dependencies']) retrieved from /opt/airflow/dags/4_dependencies.py
[2026-09-13T02:57:22.507+0000] {logging_mixin.py:149} INFO - [2026-09-13T02:57:22.506+0000] {dag.py:2726} INFO - Sync 1 DAGs
[2026-09-13T02:57:22.572+0000] {logging_mixin.py:149} INFO - [2026-09-13T02:57:22.572+0000] {dag.py:3490} INFO - Setting next_dagrun for 4-dependencies to 2023-05-01T00:00:00+00:00, run_after=2023-05-01T00:00:00+00:00
[2026-09-13T02:57:22.606+0000] {processor.py:178} INFO - Processing /opt/airflow/dags/4_dependencies.py took 0.248 seconds
[2026-09-13T02:57:52.852+0000] {processor.py:156} INFO - Started process (PID=163722) to work on /opt/airflow/dags/4_dependencies.py
[2026-09-13T02:57:52.857+0000] {processor.py:799} INFO - Processing file /opt/airflow/dags/4_dependencies.py for tasks to queue
[2026-09-13T02:57:52.858+0000] {logging_mixin.py:149} INFO - [2026-09-13T02:57:52.858+0000] {dagbag.py:541} INFO - Filling up the DagBag from /opt/airflow/dags/4_dependencies.py
[2026-09-13T02:57:52.889+0000] {processor.py:809} INFO - DAG(s) dict_keys(['4-dependencies']) retrieved from /opt/airflow/dags/4_dependencies.py
[2026-09-13T02:57:52.988+0000] {logging_mixin.py:149} INFO - [2026-09-13T02:57:52.988+0000] {dag.py:2726} INFO - Sync 1 DAGs
[2026-09-13T02:57:53.074+0000] {logging_mixin.py:149} INFO - [2026-09-13T02:57:53.073+0000] {dag.py:3490} INFO - Setting next_dagrun for 4-dependencies to 2023-05-01T00:00:00+00:00, run_after=2023-05-01T00:00:00+00:00
[2026-09-13T02:57:53.147+0000] {processor.py:178} INFO - Processing /opt/airflow/dags/4_dependencies.py took 0.306 seconds
[2026-09-13T02:58:23.385+0000] {processor.py:156} INFO - Started process (PID=163736) to work on /opt/airflow/dags/4_dependencies.py
[2026-09-13T02:58:23.389+0000] {processor.py:799} INFO - Processing file /opt/airflow/dags/4_dependencies.py for tasks to queue
[2026-09-13T02:58:23.391+0000] {logging_mixin.py:149} INFO - [2026-09-13T02:58:23.391+0000] {dagbag.py:541} INFO - Filling up the DagBag from /opt/airflow/dags/4_dependencies.py
[2026-09-13T02:58:23.425+0000] {processor.py:809} INFO - DAG(s) dict_keys(['4-dependencies']) retrieved from /opt/airflow/dags/4_dependencies.py
[2026-09-13T02:58:23.504+0000] {logging_mixin.py:149} INFO - [2026-09-13T02:58:23.503+0000] {dag.py:2726} INFO - Sync 1 DAGs
[2026-09-13T02:58:23.551+0000] {logging_mixin.py:149} INFO - [2026-09-13T02:58:23.550+0000] {dag.py:3490} INFO - Setting next_dagrun for 4-dependencies to 2023-05-01T00:00:00+00:00, run_after=2023-05-01T00:00:00+00:00
[2026-09-13T02:58:23.583+0000] {processor.py:178} INFO - Processing /opt/airflow/dags/4_dependencies.py took 0.212 seconds
[2026-09-13T02:58:53.807+0000] {processor.py:156} INFO - Started process (PID=163750) to work on /opt/airflow/dags/4_dependencies.py
[2026-09-13T02:58:53.811+0000] {processor.py:799} INFO - Processing file /opt/airflow/dags/4_dependencies.py for tasks to queue
[2026-09-13T02:58:53.813+0000] {logging_mixin.py:149} INFO - [2026-09-13T02:58:53.813+0000] {dagbag.py:541} INFO - Filling up the DagBag from /opt/airflow/dags/4_dependencies.py
[2026-09-13T02:58:53.841+0000] {processor.py:809} INFO - DAG(s) dict_keys(['4-dependencies']) retrieved from /opt/airflow/dags/4_dependencies.py
[2026-09-13T02:58:53.931+0000] {logging_mixin.py:149} INFO - [2026-09-13T02:58:53.931+0000] {dag.py:2726} INFO - Sync 1 DAGs
[2026-09-13T02:58:53.998+0000] {logging_mixin.py:149} INFO - [2026-09-13T02:58:53.998+0000] {dag.py:3490} INFO - Setting next_dagrun for 4-dependencies to 2023-05-01T00:00:00+00:00, run_after=2023-05-01T00:00:00+00:00
[2026-09-13T02:58:54.050+0000] {processor.py:178} INFO - Processing /opt/airflow/dags/4_dependencies.py took 0.256 seconds
[2026-09-13T02:59:24.269+0000] {processor.py:156} INFO - Started process (PID=163765) to work on /opt/airflow/dags/4_dependencies.py
[2026-09-13T02:59:24.273+0000] {processor.py:799} INFO - Processing file /opt/airflow/dags/4_dependencies.py for tasks to queue
[2026-09-13T02:59:24.275+0000] {logging_mixin.py:149} INFO - [2026-09-13T02:59:24.275+0000] {dagbag.py:541} INFO - Filling up the DagBag from /opt/airflow/dags/4_dependencies.py
[2026-09-13T02:59:24.317+0000] {processor.py:809} INFO - DAG(s) dict_keys(['4-dependencies']) retrieved from /opt/airflow/dags/4_dependencies.py
[2026-09-13T02:59:24.382+0000] {logging_mixin.py:149} INFO - [2026-09-13T02:59:24.382+0000] {dag.py:2726} INFO - Sync 1 DAGs
[2026-09-13T02:59:24.424+0000] {logging_mixin.py:149} INFO - [2026-09-13T02:59:24.424+0000] {dag.py:3490} INFO - Setting next_dagrun for 4-dependencies to 2023-05-01T00:00:00+00:00, run_after=2023-05-01T00:00:00+00:00
[2026-09-13T02:59:24.450+0000] {processor.py:178} INFO - Processing /opt/airflow/dags/4_dependencies.py took 0.191 seconds
[2026-09-13T02:59:54.725+0000] {processor.py:156} INFO - Started process (PID=163780) to work on /opt/airflow/dags/4_dependencies.py
[2026-09-13T02:59:54.728+0000] {processor.py:799} INFO - Processing file /opt/airflow/dags/4_dependencies.py for tasks to queue
[2026-09-13T02:59:54.729+0000] {logging_mixin.py:149} INFO - [2026-09-13T02:59:54.729+0000] {dagbag.py:541} INFO - Filling up the DagBag from /opt/airflow/dags/4_dependencies.py
[2026-09-13T02:59:54.749+0000] {processor.py:809} INFO - DAG(s) dict_keys(['4-dependencies']) retrieved from /opt/airflow/dags/4_dependencies.py
[2026-09-13T02:59:54.810+0000] {logging_mixin.py:149} INFO - [2026-09-13T02:59:54.809+0000] {dag.py:2726} INFO - Sync 1 DAGs
[2026-09-13T02:59:54.848+0000] {logging_mixin.py:149} INFO - [2026-09-13T02:59:54.848+0000] {dag.py:3490} INFO - Setting next_dagrun for 4-dependencies to 2023-05-01T00:00:00+00:00, run_after=2023-05-01T00:00:00+00:00
[2026-09-13T02:59:54.872+0000] {processor.py:178} INFO - Processing /opt/airflow/dags/4_dependencies.py took 0.160 seconds
[2026-09-13T03:00:25.103+0000] {processor.py:156} INFO - Started process (PID=163794) to work on /opt/airflow/dags/4_dependencies.py
[2026-09-13T03:00:25.107+0000] {processor.py:799} INFO - Processing file /opt/airflow/dags/4_dependencies.py for tasks to queue
[2026-09-13T03:00:25.109+0000] {logging_mixin.py:149} INFO - [2026-09-13T03:00:25.109+0000] {dagbag.py:541} INFO - Filling up the DagBag from /opt/airflow/dags/4_dependencies.py
[2026-09-13T03:00:25.140+0000] {processor.py:809} INFO - DAG(s) dict_keys(['4-dependencies']) retrieved from /opt/airflow/dags/4_dependencies.py
[2026-09-13T03:00:25.226+0000] {logging_mixin.py:149} INFO - [2026-09-13T03:00:25.225+0000] {dag.py:2726} INFO - Sync 1 DAGs
[2026-09-13T03:00:25.301+0000] {logging_mixin.py:149} INFO - [2026-09-13T03:00:25.301+0000] {dag.py:3490} INFO - Setting next_dagrun for 4-dependencies to 2023-05-01T00:00:00+00:00, run_after=2023-05-01T00:00:00+00:00
[2026-09-13T03:00:25.382+0000] {processor.py:178} INFO - Processing /opt/airflow/dags/4_dependencies.py took 0.290 seconds
[2026-09-13T03:00:55.481+0000] {processor.py:156} INFO - Started process (PID=163808) to work on /opt/airflow/dags/4_dependencies.py
[2026-09-13T03:00:55.484+0000] {processor.py:799} INFO - Processing file /opt/airflow/dags/4_dependencies.py for tasks to queue
[2026-09-13T03:00:55.486+0000] {logging_mixin.py:149} INFO - [2026-09-13T03:00:55.486+0000] {dagbag.py:541} INFO - Filling up the DagBag from /opt/airflow/dags/4_dependencies.py
[2026-09-13T03:00:55.513+0000] {processor.py:809} INFO - DAG(s) dict_keys(['4-dependencies']) retrieved from /opt/airflow/dags/4_dependencies.py
[2026-09-13T03:00:55.602+0000] {logging_mixin.py:149} INFO - [2026-09-13T03:00:55.602+0000] {dag.py:2726} INFO - Sync 1 DAGs
[2026-09-13T03:00:55.673+0000] {logging_mixin.py:149} INFO - [2026-09-13T03:00:55.673+0000] {dag.py:3490} INFO - Setting next_dagrun for 4-dependencies to 2023-05-01T00:00:00+00:00, run_after=2023-05-01T00:00:00+00:00
[2026-09-13T03:00:55.752+0000] {processor.py:178} INFO - Processing /opt/airflow/dags/4_dependencies.py took 0.283 seconds
[2026-09-13T03:01:26.002+0000] {processor.py:156} INFO - Started process (PID=163821) to work on /opt/airflow/dags/4_dependencies.py
[2026-09-13T03:01:26.006+0000] {processor.py:799} INFO - Processing file /opt/airflow/dags/4_dependencies.py for tasks to queue
[2026-09-13T03:01:26.008+0000] {logging_mixin.py:149} INFO - [2026-09-13T03:01:26.008+0000] {dagbag.py:541} INFO - Filling up the DagBag from /opt/airflow/dags/4_dependencies.py
[2026-09-13T03:01:26.040+0000] {processor.py:809} INFO - DAG(s) dict_keys(['4-dependencies']) retrieved from /opt/airflow/dags/4_dependencies.py
[2026-09-13T03:01:26.111+0000] {logging_mixin.py:149} INFO - [2026-09-13T03:01:26.111+0000] {dag.py:2726} INFO - Sync 1 DAGs
[2026-09-13T03:01:26.157+0000] {logging_mixin.py:149} INFO - [2026-09-13T03:01:26.156+0000] {dag.py:3490} INFO - Setting next_dagrun for 4-dependencies to 2023-05-01T00:00:00+00:00, run_after=2023-05-01T00:00:00+00:00
[2026-09-13T03:01:26.206+0000] {processor.py:178} INFO - Processing /opt/airflow/dags/4_dependencies.py took 0.216 seconds
[2026-09-13T03:01:56.361+0000] {processor.py:156} INFO - Started process (PID=163836) to work on /opt/airflow/dags/4_dependencies.py
[2026-09-13T03:01:56.365+0000] {processor.py:799} INFO - Processing file /opt/airflow/dags/4_dependencies.py for tasks to queue
[2026-09-13T03:01:56.367+0000] {logging_mixin.py:149} INFO - [2026-09-13T03:01:56.367+0000] {dagbag.py:541} INFO - Filling up the DagBag from /opt/airflow/dags/4_dependencies.py
[2026-09-13T03:01:56.396+0000] {processor.py:809} INFO - DAG(s) dict_keys(['4-dependencies']) retrieved from /opt/airflow/dags/4_dependencies.py
[2026-09-13T03:01:56.497+0000] {logging_mixin.py:149} INFO - [2026-09-13T03:01:56.496+0000] {dag.py:2726} INFO - Sync 1 DAGs
[2026-09-13T03:01:56.570+0000] {logging_mixin.py:149} INFO - [2026-09-13T03:01:56.569+0000] {dag.py:3490} INFO - Setting next_dagrun for 4-dependencies to 2023-05-01T00:00:00+00:00, run_after=2023-05-01T00:00:00+00:00
[2026-09-13T03:01:56.609+0000] {processor.py:178} INFO - Processing /opt/airflow/dags/4_dependencies.py took 0.258 seconds
[2026-09-13T03:02:26.859+0000] {processor.py:156} INFO - Started process (PID=163850) to work on /opt/airflow/dags/4_dependencies.py
[2026-09-13T03:02:26.862+0000] {processor.py:799} INFO - Processing file /opt/airflow/dags/4_dependencies.py for tasks to queue
[2026-09-13T03:02:26.864+0000] {logging_mixin.py:149} INFO - [2026-09-13T03:02:26.864+0000] {dagbag.py:541} INFO - Filling up the DagBag from /opt/airflow/dags/4_dependencies.py
[2026-09-13T03:02:26.903+0000] {processor.py:809} INFO - DAG(s) dict_keys(['4-dependencies']) retrieved from /opt/airflow/dags/4_dependencies.py
[2026-09-13T03:02:26.976+0000] {logging_mixin.py:149} INFO - [2026-09-13T03:02:26.976+0000] {dag.py:2726} INFO - Sync 1 DAGs
[2026-09-13T03:02:27.020+0000] {logging_mixin.py:149} INFO - [2026-09-13T03:02:27.019+0000] {dag.py:3490} INFO - Setting next_dagrun for 4-dependencies to 2023-05-01T00:00:00+00:00, run_after=2023-05-01T00:00:00+00:00
[2026-09-13T03:02:27.047+0000] {processor.py:178} INFO - Processing /opt/airflow/dags/4_dependencies.py took 0.201 seconds
[2026-09-13T03:02:57.180+0000] {processor.py:156} INFO - Started process (PID=163864) to work on /opt/airflow/dags/4_dependencies.py
[2026-09-13T03:02:57.184+0000] {processor.py:799} INFO - Processing file /opt/airflow/dags/4_dependencies.py for tasks to queue
[2026-09-13T03:02:57.186+0000] {logging_mixin.py:149} INFO - [2026-09-13T03:02:57.185+0000] {dagbag.py:541} INFO - Filling up the DagBag from /opt/airflow/dags/4_dependencies.py
[2026-09-13T03:02:57.225+0000] {processor.py:809} INFO - DAG(s) dict_keys(['4-dependencies']) retrieved from /opt/airflow/dags/4_dependencies.py
[2026-09-13T03:02:57.327+0000] {logging_mixin.py:149} INFO - [2026-09-13T03:02:57.327+0000] {dag.py:2726} INFO - Sync 1 DAGs
[2026-09-13T03:02:57.410+0000] {logging_mixin.py:149} INFO - [2026-09-13T03:02:57.409+0000] {dag.py:3490} INFO - Setting next_dagrun for 4-dependencies to 2023-05-01T00:00:00+00:00, run_after=2023-05-01T00:00:00+00:00
[2026-09-13T03:02:57.461+0000] {processor.py:178} INFO - Processing /opt/airflow/dags/4_dependencies.py took 0.291 seconds
[2026-09-13T03:03:27.710+0000] {processor.py:156} INFO - Started process (PID=163879) to work on /opt/airflow/dags/4_dependencies.py
[2026-09-13T03:03:27.714+0000] {processor.py:799} INFO - Processing file /opt/airflow/dags/4_dependencies.py for tasks to queue
[2026-09-13T03:03:27.717+0000] {logging_mixin.py:149} INFO - [2026-09-13T03:03:27.716+0000] {dagbag.py:541} INFO - Filling up the DagBag from /opt/airflow/dags/4_dependencies.py
[2026-09-13T03:03:27.747+0000] {processor.py:809} INFO - DAG(s) dict_keys(['4-dependencies']) retrieved from /opt/airflow/dags/4_dependencies.py
[2026-09-13T03:03:27.843+0000] {logging_mixin.py:149} INFO - [2026-09-13T03:03:27.842+0000] {dag.py:2726} INFO - Sync 1 DAGs
[2026-09-13T03:03:27.906+0000] {logging_mixin.py:149} INFO - [2026-09-13T03:03:27.906+0000] {dag.py:3490} INFO - Setting next_dagrun for 4-dependencies to 2023-05-01T00:00:00+00:00, run_after=2023-05-01T00:00:00+00:00
[2026-09-13T03:03:27.989+0000] {processor.py:178} INFO - Processing /opt/airflow/dags/4_dependencies.py took 0.292 seconds
[2026-09-13T03:03:58.220+0000] {processor.py:156} INFO - Started process (PID=163893) to work on /opt/airflow/dags/4_dependencies.py
[2026-09-13T03:03:58.225+0000] {processor.py:799} INFO - Processing file /opt/airflow/dags/4_dependencies.py for tasks to queue
[2026-09-13T03:03:58.227+0000] {logging_mixin.py:149} INFO - [2026-09-13T03:03:58.227+0000] {dagbag.py:541} INFO - Filling up the DagBag from /opt/airflow/dags/4_dependencies.py
[2026-09-13T03:03:58.258+0000] {processor.py:809} INFO - DAG(s) dict_keys(['4-dependencies']) retrieved from /opt/airflow/dags/4_dependencies.py
[2026-09-13T03:03:58.340+0000] {logging_mixin.py:149} INFO - [2026-09-13T03:03:58.339+0000] {dag.py:2726} INFO - Sync 1 DAGs
[2026-09-13T03:03:58.415+0000] {logging_mixin.py:149} INFO - [2026-09-13T03:03:58.415+0000] {dag.py:3490} INFO - Setting next_dagrun for 4-dependencies to 2023-05-01T00:00:00+00:00, run_after=2023-05-01T00:00:00+00:00
[2026-09-13T03:03:58.500+0000] {processor.py:178} INFO - Processing /opt/airflow/dags/4_dependencies.py took 0.291 seconds
[2026-09-13T03:04:28.770+0000] {processor.py:156} INFO - Started process (PID=163907) to work on /opt/airflow/dags/4_dependencies.py
[2026-09-13T03:04:28.775+0000] {processor.py:799} INFO - Processing file /opt/airflow/dags/4_dependencies.py for tasks to queue
[2026-09-13T03:04:28.777+0000] {logging_mixin.py:149} INFO - [2026-09-13T03:04:28.777+0000] {dagbag.py:541} INFO - Filling up the DagBag from /opt/airflow/dags/4_dependencies.py
[2026-09-13T03:04:28.810+0000] {processor.py:809} INFO - DAG(s) dict_keys(['4-dependencies']) retrieved from /opt/airflow/dags/4_dependencies.py
[2026-09-13T03:04:28.891+0000] {logging_mixin.py:149} INFO - [2026-09-13T03:04:28.891+0000] {dag.py:2726} INFO - Sync 1 DAGs
[2026-09-13T03:04:28.944+0000] {logging_mixin.py:149} INFO - [2026-09-13T03:04:28.943+0000] {dag.py:3490} INFO - Setting next_dagrun for 4-dependencies to 2023-05-01T00:00:00+00:00, run_after=2023-05-01T00:00:00+00:00
[2026-09-13T03:04:28.973+0000] {processor.py:178} INFO - Processing /opt/airflow/dags/4_dependencies.py took 0.213 seconds
[2026-09-13T03:04:59.258+0000] {processor.py:156} INFO - Started process (PID=163922) to work on /opt/airflow/dags/4_dependencies.py
[2026-09-13T03:04:59.262+0000] {processor.py:799} INFO - Processing file /opt/airflow/dags/4_dependencies.py for tasks to queue
[2026-09-13T03:04:59.264+0000] {logging_mixin.py:149} INFO - [2026-09-13T03:04:59.264+0000] {dagbag.py:541} INFO - Filling up the DagBag from /opt/airflow/dags/4_dependencies.py
[2026-09-13T03:04:59.292+0000] {processor.py:809} INFO - DAG(s) dict_keys(['4-dependencies']) retrieved from /opt/airflow/dags/4_dependencies.py
[2026-09-13T03:04:59.392+0000] {logging_mixin.py:149} INFO - [2026-09-13T03:04:59.392+0000] {dag.py:2726} INFO - Sync 1 DAGs
[2026-09-13T03:04:59.453+0000] {logging_mixin.py:149} INFO - [2026-09-13T03:04:59.453+0000] {dag.py:3490} INFO - Setting next_dagrun for 4-dependencies to 2023-05-01T00:00:00+00:00, run_after=2023-05-01T00:00:00+00:00
[2026-09-13T03:04:59.484+0000] {processor.py:178} INFO - Processing /opt/airflow/dags/4_dependencies.py took 0.237 seconds
[2026-09-13T03:05:29.683+0000] {processor.py:156} INFO - Started process (PID=163936) to work on /opt/airflow/dags/4_dependencies.py
[2026-09-13T03:05:29.686+0000] {processor.py:799} INFO - Processing file /opt/airflow/dags/4_dependencies.py for tasks to queue
[2026-09-13T03:05:29.688+0000] {logging_mixin.py:149} INFO - [2026-09-13T03:05:29.688+0000] {dagbag.py:541} INFO - Filling up the DagBag from /opt/airflow/dags/4_dependencies.py
[2026-09-13T03:05:29.721+0000] {processor.py:809} INFO - DAG(s) dict_keys(['4-dependencies']) retrieved from /opt/airflow/dags/4_dependencies.py
[2026-09-13T03:05:29.782+0000] {logging_mixin.py:149} INFO - [2026-09-13T03:05:29.782+0000] {dag.py:2726} INFO - Sync 1 DAGs
[2026-09-13T03:05:29.826+0000] {logging_mixin.py:149} INFO - [2026-09-13T03:05:29.826+0000] {dag.py:3490} INFO - Setting next_dagrun for 4-dependencies to 2023-05-01T00:00:00+00:00, run_after=2023-05-01T00:00:00+00:00
[2026-09-13T03:05:29.867+0000] {processor.py:178} INFO - Processing /opt/airflow/dags/4_dependencies.py took 0.196 seconds
[2026-09-13T03:06:00.112+0000] {processor.py:156} INFO - Started process (PID=163950) to work on /opt/airflow/dags/4_dependencies.py
[2026-09-13T03:06:00.115+0000] {processor.py:799} INFO - Processing file /opt/airflow/dags/4_dependencies.py for tasks to queue
[2026-09-13T03:06:00.117+0000] {logging_mixin.py:149} INFO - [2026-09-13T03:06:00.116+0000] {dagbag.py:541} INFO - Filling up the DagBag from /opt/airflow/dags/4_dependencies.py
[2026-09-13T03:06:00.153+0000] {processor.py:809} INFO - DAG(s) dict_keys(['4-dependencies']) retrieved from /opt/airflow/dags/4_dependencies.py
[2026-09-13T03:06:00.244+0000] {logging_mixin.py:149} INFO - [2026-09-13T03:06:00.244+0000] {dag.py:2726} INFO - Sync 1 DAGs
[2026-09-13T03:06:00.289+0000] {logging_mixin.py:149} INFO - [2026-09-13T03:06:00.288+0000] {dag.py:3490} INFO - Setting next_dagrun for 4-dependencies to 2023-05-01T00:00:00+00:00, run_after=2023-05-01T00:00:00+00:00
[2026-09-13T03:06:00.320+0000] {processor.py:178} INFO - Processing /opt/airflow/dags/4_dependencies.py took 0.219 seconds
[2026-09-13T03:06:30.556+0000] {processor.py:156} INFO - Started process (PID=163965) to work on /opt/airflow/dags/4_dependencies.py
[2026-09-13T03:06:30.558+0000] {processor.py:799} INFO - Processing file /opt/airflow/dags/4_dependencies.py for tasks to queue
[2026-09-13T03:06:30.560+0000] {logging_mixin.py:149} INFO - [2026-09-13T03:06:30.560+0000] {dagbag.py:541} INFO - Filling up the DagBag from /opt/airflow/dags/4_dependencies.py
[2026-09-13T03:06:30.585+0000] {processor.py:809} INFO - DAG(s) dict_keys(['4-dependencies']) retrieved from /opt/airflow/dags/4_dependencies.py
[2026-09-13T03:06:30.656+0000] {logging_mixin.py:149} INFO - [2026-09-13T03:06:30.655+0000] {dag.py:2726} INFO - Sync 1 DAGs
[2026-09-13T03:06:30.699+0000] {logging_mixin.py:149} INFO - [2026-09-13T03:06:30.698+0000] {dag.py:3490} INFO - Setting next_dagrun for 4-dependencies to 2023-05-01T00:00:00+00:00, run_after=2023-05-01T00:00:00+00:00
[2026-09-13T03:06:30.729+0000] {processor.py:178} INFO - Processing /opt/airflow/dags/4_dependencies.py took 0.181 seconds
[2026-09-13T03:07:01.028+0000] {processor.py:156} INFO - Started process (PID=163979) to work on /opt/airflow/dags/4_dependencies.py
[2026-09-13T03:07:01.032+0000] {processor.py:799} INFO - Processing file /opt/airflow/dags/4_dependencies.py for tasks to queue
[2026-09-13T03:07:01.034+0000] {logging_mixin.py:149} INFO - [2026-09-13T03:07:01.033+0000] {dagbag.py:541} INFO - Filling up the DagBag from /opt/airflow/dags/4_dependencies.py
[2026-09-13T03:07:01.062+0000] {processor.py:809} INFO - DAG(s) dict_keys(['4-dependencies']) retrieved from /opt/airflow/dags/4_dependencies.py
[2026-09-13T03:07:01.145+0000] {logging_mixin.py:149} INFO - [2026-09-13T03:07:01.145+0000] {dag.py:2726} INFO - Sync 1 DAGs
[2026-09-13T03:07:01.224+0000] {logging_mixin.py:149} INFO - [2026-09-13T03:07:01.223+0000] {dag.py:3490} INFO - Setting next_dagrun for 4-dependencies to 2023-05-01T00:00:00+00:00, run_after=2023-05-01T00:00:00+00:00
[2026-09-13T03:07:01.270+0000] {processor.py:178} INFO - Processing /opt/airflow/dags/4_dependencies.py took 0.254 seconds
[2026-09-13T03:07:31.448+0000] {processor.py:156} INFO - Started process (PID=163993) to work on /opt/airflow/dags/4_dependencies.py
[2026-09-13T03:07:31.451+0000] {processor.py:799} INFO - Processing file /opt/airflow/dags/4_dependencies.py for tasks to queue
[2026-09-13T03:07:31.453+0000] {logging_mixin.py:149} INFO - [2026-09-13T03:07:31.453+0000] {dagbag.py:541} INFO - Filling up the DagBag from /opt/airflow/dags/4_dependencies.py
[2026-09-13T03:07:31.481+0000] {processor.py:809} INFO - DAG(s) dict_keys(['4-dependencies']) retrieved from /opt/airflow/dags/4_dependencies.py
[2026-09-13T03:07:31.573+0000] {logging_mixin.py:149} INFO - [2026-09-13T03:07:31.573+0000] {dag.py:2726} INFO - Sync 1 DAGs
[2026-09-13T03:07:31.630+0000] {logging_mixin.py:149} INFO - [2026-09-13T03:07:31.630+0000] {dag.py:3490} INFO - Setting next_dagrun for 4-dependencies to 2023-05-01T00:00:00+00:00, run_after=2023-05-01T00:00:00+00:00
[2026-09-13T03:07:31.674+0000] {processor.py:178} INFO - Processing /opt/airflow/dags/4_dependencies.py took 0.237 seconds
[2026-09-13T03:08:01.950+0000] {processor.py:156} INFO - Started process (PID=164006) to work on /opt/airflow/dags/4_dependencies.py
[2026-09-13T03:08:01.954+0000] {processor.py:799} INFO - Processing file /opt/airflow/dags/4_dependencies.py for tasks to queue
[2026-09-13T03:08:01.956+0000] {logging_mixin.py:149} INFO - [2026-09-13T03:08:01.956+0000] {dagbag.py:541} INFO - Filling up the DagBag from /opt/airflow/dags/4_dependencies.py
[2026-09-13T03:08:01.986+0000] {processor.py:809} INFO - DAG(s) dict_keys(['4-dependencies']) retrieved from /opt/airflow/dags/4_dependencies.py
[2026-09-13T03:08:02.051+0000] {logging_mixin.py:149} INFO - [2026-09-13T03:08:02.051+0000] {dag.py:2726} INFO - Sync 1 DAGs
[2026-09-13T03:08:02.088+0000] {logging_mixin.py:149} INFO - [2026-09-13T03:08:02.088+0000] {dag.py:3490} INFO - Setting next_dagrun for 4-dependencies to 2023-05-01T00:00:00+00:00, run_after=2023-05-01T00:00:00+00:00
[2026-09-13T03:08:02.114+0000] {processor.py:178} INFO - Processing /opt/airflow/dags/4_dependencies.py took 0.179 seconds
[2026-09-13T03:08:32.187+0000] {processor.py:156} INFO - Started process (PID=164020) to work on /opt/airflow/dags/4_dependencies.py
[2026-09-13T03:08:32.190+0000] {processor.py:799} INFO - Processing file /opt/airflow/dags/4_dependencies.py for tasks to queue
[2026-09-13T03:08:32.192+0000] {logging_mixin.py:149} INFO - [2026-09-13T03:08:32.192+0000] {dagbag.py:541} INFO - Filling up the DagBag from /opt/airflow/dags/4_dependencies.py
[2026-09-13T03:08:32.215+0000] {processor.py:809} INFO - DAG(s) dict_keys(['4-dependencies']) retrieved from /opt/airflow/dags/4_dependencies.py
[2026-09-13T03:08:32.297+0000] {logging_mixin.py:149} INFO - [2026-09-13T03:08:32.296+0000] {dag.py:2726} INFO - Sync 1 DAGs
[2026-09-13T03:08:32.376+0000] {logging_mixin.py:149} INFO - [2026-09-13T03:08:32.375+0000] {dag.py:3490} INFO - Setting next_dagrun for 4-dependencies to 2023-05-01T00:00:00+00:00, run_after=2023-05-01T00:00:00+00:00
[2026-09-13T03:08:32.450+0000] {processor.py:178} INFO - Processing /opt/airflow/dags/4_dependencies.py took 0.271 seconds
[2026-09-13T03:09:02.654+0000] {processor.py:156} INFO - Started process (PID=164034) to work on /opt/airflow/dags/4_dependencies.py
[2026-09-13T03:09:02.659+0000] {processor.py:799} INFO - Processing file /opt/airflow/dags/4_dependencies.py for tasks to queue
[2026-09-13T03:09:02.661+0000] {logging_mixin.py:149} INFO - [2026-09-13T03:09:02.661+0000] {dagbag.py:541} INFO - Filling up the DagBag from /opt/airflow/dags/4_dependencies.py
[2026-09-13T03:09:02.690+0000] {processor.py:809} INFO - DAG(s) dict_keys(['4-dependencies']) retrieved from /opt/airflow/dags/4_dependencies.py
[2026-09-13T03:09:02.774+0000] {logging_mixin.py:149} INFO - [2026-09-13T03:09:02.773+0000] {dag.py:2726} INFO - Sync 1 DAGs
[2026-09-13T03:09:02.841+0000] {logging_mixin.py:149} INFO - [2026-09-13T03:09:02.841+0000] {dag.py:3490} INFO - Setting next_dagrun for 4-dependencies to 2023-05-01T00:00:00+00:00, run_after=2023-05-01T00:00:00+00:00
[2026-09-13T03:09:02.879+0000] {processor.py:178} INFO - Processing /opt/airflow/dags/4_dependencies.py took 0.235 seconds
[2026-09-13T03:09:33.197+0000] {processor.py:156} INFO - Started process (PID=164048) to work on /opt/airflow/dags/4_dependencies.py
[2026-09-13T03:09:33.201+0000] {processor.py:799} INFO - Processing file /opt/airflow/dags/4_dependencies.py for tasks to queue
[2026-09-13T03:09:33.204+0000] {logging_mixin.py:149} INFO - [2026-09-13T03:09:33.203+0000] {dagbag.py:541} INFO - Filling up the DagBag from /opt/airflow/dags/4_dependencies.py
[2026-09-13T03:09:33.233+0000] {processor.py:809} INFO - DAG(s) dict_keys(['4-dependencies']) retrieved from /opt/airflow/dags/4_dependencies.py
[2026-09-13T03:09:33.331+0000] {logging_mixin.py:149} INFO - [2026-09-13T03:09:33.331+0000] {dag.py:2726} INFO - Sync 1 DAGs
[2026-09-13T03:09:33.407+0000] {logging_mixin.py:149} INFO - [2026-09-13T03:09:33.406+0000] {dag.py:3490} INFO - Setting next_dagrun for 4-dependencies to 2023-05-01T00:00:00+00:00, run_after=2023-05-01T00:00:00+00:00
[2026-09-13T03:09:33.479+0000] {processor.py:178} INFO - Processing /opt/airflow/dags/4_dependencies.py took 0.292 seconds
[2026-09-13T03:10:03.763+0000] {processor.py:156} INFO - Started process (PID=164062) to work on /opt/airflow/dags/4_dependencies.py
[2026-09-13T03:10:03.775+0000] {processor.py:799} INFO - Processing file /opt/airflow/dags/4_dependencies.py for tasks to queue
[2026-09-13T03:10:03.777+0000] {logging_mixin.py:149} INFO - [2026-09-13T03:10:03.777+0000] {dagbag.py:541} INFO - Filling up the DagBag from /opt/airflow/dags/4_dependencies.py
[2026-09-13T03:10:03.808+0000] {processor.py:809} INFO - DAG(s) dict_keys(['4-dependencies']) retrieved from /opt/airflow/dags/4_dependencies.py
[2026-09-13T03:10:03.901+0000] {logging_mixin.py:149} INFO - [2026-09-13T03:10:03.900+0000] {dag.py:2726} INFO - Sync 1 DAGs
[2026-09-13T03:10:04.001+0000] {logging_mixin.py:149} INFO - [2026-09-13T03:10:03.986+0000] {dag.py:3490} INFO - Setting next_dagrun for 4-dependencies to 2023-05-01T00:00:00+00:00, run_after=2023-05-01T00:00:00+00:00
[2026-09-13T03:10:04.063+0000] {processor.py:178} INFO - Processing /opt/airflow/dags/4_dependencies.py took 0.313 seconds
[2026-09-13T03:10:34.274+0000] {processor.py:156} INFO - Started process (PID=164076) to work on /opt/airflow/dags/4_dependencies.py
[2026-09-13T03:10:34.277+0000] {processor.py:799} INFO - Processing file /opt/airflow/dags/4_dependencies.py for tasks to queue
[2026-09-13T03:10:34.279+0000] {logging_mixin.py:149} INFO - [2026-09-13T03:10:34.279+0000] {dagbag.py:541} INFO - Filling up the DagBag from /opt/airflow/dags/4_dependencies.py
[2026-09-13T03:10:34.304+0000] {processor.py:809} INFO - DAG(s) dict_keys(['4-dependencies']) retrieved from /opt/airflow/dags/4_dependencies.py
[2026-09-13T03:10:34.396+0000] {logging_mixin.py:149} INFO - [2026-09-13T03:10:34.396+0000] {dag.py:2726} INFO - Sync 1 DAGs
[2026-09-13T03:10:34.462+0000] {logging_mixin.py:149} INFO - [2026-09-13T03:10:34.462+0000] {dag.py:3490} INFO - Setting next_dagrun for 4-dependencies to 2023-05-01T00:00:00+00:00, run_after=2023-05-01T00:00:00+00:00
[2026-09-13T03:10:34.514+0000] {processor.py:178} INFO - Processing /opt/airflow/dags/4_dependencies.py took 0.256 seconds
[2026-09-13T03:11:04.801+0000] {processor.py:156} INFO - Started process (PID=164090) to work on /opt/airflow/dags/4_dependencies.py
[2026-09-13T03:11:04.804+0000] {processor.py:799} INFO - Processing file /opt/airflow/dags/4_dependencies.py for tasks to queue
[2026-09-13T03:11:04.806+0000] {logging_mixin.py:149} INFO - [2026-09-13T03:11:04.805+0000] {dagbag.py:541} INFO - Filling up the DagBag from /opt/airflow/dags/4_dependencies.py
[2026-09-13T03:11:04.832+0000] {processor.py:809} INFO - DAG(s) dict_keys(['4-dependencies']) retrieved from /opt/airflow/dags/4_dependencies.py
[2026-09-13T03:11:04.907+0000] {logging_mixin.py:149} INFO - [2026-09-13T03:11:04.907+0000] {dag.py:2726} INFO - Sync 1 DAGs
[2026-09-13T03:11:04.978+0000] {logging_mixin.py:149} INFO - [2026-09-13T03:11:04.977+0000] {dag.py:3490} INFO - Setting next_dagrun for 4-dependencies to 2023-05-01T00:00:00+00:00, run_after=2023-05-01T00:00:00+00:00
[2026-09-13T03:11:05.048+0000] {processor.py:178} INFO - Processing /opt/airflow/dags/4_dependencies.py took 0.255 seconds
[2026-09-13T03:11:35.268+0000] {processor.py:156} INFO - Started process (PID=164104) to work on /opt/airflow/dags/4_dependencies.py
[2026-09-13T03:11:35.271+0000] {processor.py:799} INFO - Processing file /opt/airflow/dags/4_dependencies.py for tasks to queue
[2026-09-13T03:11:35.273+0000] {logging_mixin.py:149} INFO - [2026-09-13T03:11:35.273+0000] {dagbag.py:541} INFO - Filling up the DagBag from /opt/airflow/dags/4_dependencies.py
[2026-09-13T03:11:35.296+0000] {processor.py:809} INFO - DAG(s) dict_keys(['4-dependencies']) retrieved from /opt/airflow/dags/4_dependencies.py
[2026-09-13T03:11:35.388+0000] {logging_mixin.py:149} INFO - [2026-09-13T03:11:35.387+0000] {dag.py:2726} INFO - Sync 1 DAGs
[2026-09-13T03:11:35.450+0000] {logging_mixin.py:149} INFO - [2026-09-13T03:11:35.449+0000] {dag.py:3490} INFO - Setting next_dagrun for 4-dependencies to 2023-05-01T00:00:00+00:00, run_after=2023-05-01T00:00:00+00:00
[2026-09-13T03:11:35.512+0000] {processor.py:178} INFO - Processing /opt/airflow/dags/4_dependencies.py took 0.252 seconds
[2026-09-13T03:12:05.811+0000] {processor.py:156} INFO - Started process (PID=164119) to work on /opt/airflow/dags/4_dependencies.py
[2026-09-13T03:12:05.815+0000] {processor.py:799} INFO - Processing file /opt/airflow/dags/4_dependencies.py for tasks to queue
[2026-09-13T03:12:05.816+0000] {logging_mixin.py:149} INFO - [2026-09-13T03:12:05.816+0000] {dagbag.py:541} INFO - Filling up the DagBag from /opt/airflow/dags/4_dependencies.py
[2026-09-13T03:12:05.845+0000] {processor.py:809} INFO - DAG(s) dict_keys(['4-dependencies']) retrieved from /opt/airflow/dags/4_dependencies.py
[2026-09-13T03:12:05.930+0000] {logging_mixin.py:149} INFO - [2026-09-13T03:12:05.930+0000] {dag.py:2726} INFO - Sync 1 DAGs
[2026-09-13T03:12:06.006+0000] {logging_mixin.py:149} INFO - [2026-09-13T03:12:06.006+0000] {dag.py:3490} INFO - Setting next_dagrun for 4-dependencies to 2023-05-01T00:00:00+00:00, run_after=2023-05-01T00:00:00+00:00
[2026-09-13T03:12:06.072+0000] {processor.py:178} INFO - Processing /opt/airflow/dags/4_dependencies.py took 0.272 seconds
[2026-09-13T03:12:36.365+0000] {processor.py:156} INFO - Started process (PID=164134) to work on /opt/airflow/dags/4_dependencies.py
[2026-09-13T03:12:36.369+0000] {processor.py:799} INFO - Processing file /opt/airflow/dags/4_dependencies.py for tasks to queue
[2026-09-13T03:12:36.370+0000] {logging_mixin.py:149} INFO - [2026-09-13T03:12:36.370+0000] {dagbag.py:541} INFO - Filling up the DagBag from /opt/airflow/dags/4_dependencies.py
[2026-09-13T03:12:36.401+0000] {processor.py:809} INFO - DAG(s) dict_keys(['4-dependencies']) retrieved from /opt/airflow/dags/4_dependencies.py
[2026-09-13T03:12:36.494+0000] {logging_mixin.py:149} INFO - [2026-09-13T03:12:36.493+0000] {dag.py:2726} INFO - Sync 1 DAGs
[2026-09-13T03:12:36.576+0000] {logging_mixin.py:149} INFO - [2026-09-13T03:12:36.576+0000] {dag.py:3490} INFO - Setting next_dagrun for 4-dependencies to 2023-05-01T00:00:00+00:00, run_after=2023-05-01T00:00:00+00:00
[2026-09-13T03:12:36.632+0000] {processor.py:178} INFO - Processing /opt/airflow/dags/4_dependencies.py took 0.279 seconds
[2026-09-13T03:13:06.863+0000] {processor.py:156} INFO - Started process (PID=164148) to work on /opt/airflow/dags/4_dependencies.py
[2026-09-13T03:13:06.867+0000] {processor.py:799} INFO - Processing file /opt/airflow/dags/4_dependencies.py for tasks to queue
[2026-09-13T03:13:06.869+0000] {logging_mixin.py:149} INFO - [2026-09-13T03:13:06.869+0000] {dagbag.py:541} INFO - Filling up the DagBag from /opt/airflow/dags/4_dependencies.py
[2026-09-13T03:13:06.896+0000] {processor.py:809} INFO - DAG(s) dict_keys(['4-dependencies']) retrieved from /opt/airflow/dags/4_dependencies.py
[2026-09-13T03:13:06.964+0000] {logging_mixin.py:149} INFO - [2026-09-13T03:13:06.964+0000] {dag.py:2726} INFO - Sync 1 DAGs
[2026-09-13T03:13:07.039+0000] {logging_mixin.py:149} INFO - [2026-09-13T03:13:07.038+0000] {dag.py:3490} INFO - Setting next_dagrun for 4-dependencies to 2023-05-01T00:00:00+00:00, run_after=2023-05-01T00:00:00+00:00
[2026-09-13T03:13:07.102+0000] {processor.py:178} INFO - Processing /opt/airflow/dags/4_dependencies.py took 0.251 seconds
[2026-09-13T03:13:37.226+0000] {processor.py:156} INFO - Started process (PID=164161) to work on /opt/airflow/dags/4_dependencies.py
[2026-09-13T03:13:37.230+0000] {processor.py:799} INFO - Processing file /opt/airflow/dags/4_dependencies.py for tasks to queue
[2026-09-13T03:13:37.232+0000] {logging_mixin.py:149} INFO - [2026-09-13T03:13:37.232+0000] {dagbag.py:541} INFO - Filling up the DagBag from /opt/airflow/dags/4_dependencies.py
[2026-09-13T03:13:37.260+0000] {processor.py:809} INFO - DAG(s) dict_keys(['4-dependencies']) retrieved from /opt/airflow/dags/4_dependencies.py
[2026-09-13T03:13:37.363+0000] {logging_mixin.py:149} INFO - [2026-09-13T03:13:37.363+0000] {dag.py:2726} INFO - Sync 1 DAGs
[2026-09-13T03:13:37.431+0000] {logging_mixin.py:149} INFO - [2026-09-13T03:13:37.430+0000] {dag.py:3490} INFO - Setting next_dagrun for 4-dependencies to 2023-05-01T00:00:00+00:00, run_after=2023-05-01T00:00:00+00:00
[2026-09-13T03:13:37.482+0000] {processor.py:178} INFO - Processing /opt/airflow/dags/4_dependencies.py took 0.267 seconds
[2026-09-13T03:14:07.755+0000] {processor.py:156} INFO - Started process (PID=164176) to work on /opt/airflow/dags/4_dependencies.py
[2026-09-13T03:14:07.759+0000] {processor.py:799} INFO - Processing file /opt/airflow/dags/4_dependencies.py for tasks to queue
[2026-09-13T03:14:07.761+0000] {logging_mixin.py:149} INFO - [2026-09-13T03:14:07.761+0000] {dagbag.py:541} INFO - Filling up the DagBag from /opt/airflow/dags/4_dependencies.py
[2026-09-13T03:14:07.791+0000] {processor.py:809} INFO - DAG(s) dict_keys(['4-dependencies']) retrieved from /opt/airflow/dags/4_dependencies.py
[2026-09-13T03:14:07.886+0000] {logging_mixin.py:149} INFO - [2026-09-13T03:14:07.885+0000] {dag.py:2726} INFO - Sync 1 DAGs
[2026-09-13T03:14:07.966+0000] {logging_mixin.py:149} INFO - [2026-09-13T03:14:07.966+0000] {dag.py:3490} INFO - Setting next_dagrun for 4-dependencies to 2023-05-01T00:00:00+00:00, run_after=2023-05-01T00:00:00+00:00
[2026-09-13T03:14:08.033+0000] {processor.py:178} INFO - Processing /opt/airflow/dags/4_dependencies.py took 0.288 seconds
[2026-09-13T03:14:38.238+0000] {processor.py:156} INFO - Started process (PID=164190) to work on /opt/airflow/dags/4_dependencies.py
[2026-09-13T03:14:38.241+0000] {processor.py:799} INFO - Processing file /opt/airflow/dags/4_dependencies.py for tasks to queue
[2026-09-13T03:14:38.243+0000] {logging_mixin.py:149} INFO - [2026-09-13T03:14:38.242+0000] {dagbag.py:541} INFO - Filling up the DagBag from /opt/airflow/dags/4_dependencies.py
[2026-09-13T03:14:38.265+0000] {processor.py:809} INFO - DAG(s) dict_keys(['4-dependencies']) retrieved from /opt/airflow/dags/4_dependencies.py
[2026-09-13T03:14:38.345+0000] {logging_mixin.py:149} INFO - [2026-09-13T03:14:38.345+0000] {dag.py:2726} INFO - Sync 1 DAGs
[2026-09-13T03:14:38.432+0000] {logging_mixin.py:149} INFO - [2026-09-13T03:14:38.431+0000] {dag.py:3490} INFO - Setting next_dagrun for 4-dependencies to 2023-05-01T00:00:00+00:00, run_after=2023-05-01T00:00:00+00:00
[2026-09-13T03:14:38.508+0000] {processor.py:178} INFO - Processing /opt/airflow/dags/4_dependencies.py took 0.278 seconds
[2026-09-13T03:15:08.815+0000] {processor.py:156} INFO - Started process (PID=164204) to work on /opt/airflow/dags/4_dependencies.py
[2026-09-13T03:15:08.819+0000] {processor.py:799} INFO - Processing file /opt/airflow/dags/4_dependencies.py for tasks to queue
[2026-09-13T03:15:08.821+0000] {logging_mixin.py:149} INFO - [2026-09-13T03:15:08.821+0000] {dagbag.py:541} INFO - Filling up the DagBag from /opt/airflow/dags/4_dependencies.py
[2026-09-13T03:15:08.849+0000] {processor.py:809} INFO - DAG(s) dict_keys(['4-dependencies']) retrieved from /opt/airflow/dags/4_dependencies.py
[2026-09-13T03:15:08.937+0000] {logging_mixin.py:149} INFO - [2026-09-13T03:15:08.936+0000] {dag.py:2726} INFO - Sync 1 DAGs
[2026-09-13T03:15:09.021+0000] {logging_mixin.py:149} INFO - [2026-09-13T03:15:09.020+0000] {dag.py:3490} INFO - Setting next_dagrun for 4-dependencies to 2023-05-01T00:00:00+00:00, run_after=2023-05-01T00:00:00+00:00
[2026-09-13T03:15:09.083+0000] {processor.py:178} INFO - Processing /opt/airflow/dags/4_dependencies.py took 0.281 seconds
[2026-09-13T03:15:39.249+0000] {processor.py:156} INFO - Started process (PID=164217) to work on /opt/airflow/dags/4_dependencies.py
[2026-09-13T03:15:39.253+0000] {processor.py:799} INFO - Processing file /opt/airflow/dags/4_dependencies.py for tasks to queue
[2026-09-13T03:15:39.255+0000] {logging_mixin.py:149} INFO - [2026-09-13T03:15:39.255+0000] {dagbag.py:541} INFO - Filling up the DagBag from /opt/airflow/dags/4_dependencies.py
[2026-09-13T03:15:39.285+0000] {processor.py:809} INFO - DAG(s) dict_keys(['4-dependencies']) retrieved from /opt/airflow/dags/4_dependencies.py
[2026-09-13T03:15:39.383+0000] {logging_mixin.py:149} INFO - [2026-09-13T03:15:39.382+0000] {dag.py:2726} INFO - Sync 1 DAGs
[2026-09-13T03:15:39.466+0000] {logging_mixin.py:149} INFO - [2026-09-13T03:15:39.465+0000] {dag.py:3490} INFO - Setting next_dagrun for 4-dependencies to 2023-05-01T00:00:00+00:00, run_after=2023-05-01T00:00:00+00:00
[2026-09-13T03:15:39.532+0000] {processor.py:178} INFO - Processing /opt/airflow/dags/4_dependencies.py took 0.294 seconds
[2026-09-13T03:16:09.719+0000] {processor.py:156} INFO - Started process (PID=164232) to work on /opt/airflow/dags/4_dependencies.py
[2026-09-13T03:16:09.722+0000] {processor.py:799} INFO - Processing file /opt/airflow/dags/4_dependencies.py for tasks to queue
[2026-09-13T03:16:09.724+0000] {logging_mixin.py:149} INFO - [2026-09-13T03:16:09.724+0000] {dagbag.py:541} INFO - Filling up the DagBag from /opt/airflow/dags/4_dependencies.py
[2026-09-13T03:16:09.753+0000] {processor.py:809} INFO - DAG(s) dict_keys(['4-dependencies']) retrieved from /opt/airflow/dags/4_dependencies.py
[2026-09-13T03:16:09.852+0000] {logging_mixin.py:149} INFO - [2026-09-13T03:16:09.851+0000] {dag.py:2726} INFO - Sync 1 DAGs
[2026-09-13T03:16:09.939+0000] {logging_mixin.py:149} INFO - [2026-09-13T03:16:09.938+0000] {dag.py:3490} INFO - Setting next_dagrun for 4-dependencies to 2023-05-01T00:00:00+00:00, run_after=2023-05-01T00:00:00+00:00
[2026-09-13T03:16:10.007+0000] {processor.py:178} INFO - Processing /opt/airflow/dags/4_dependencies.py took 0.298 seconds
[2026-09-13T03:16:40.204+0000] {processor.py:156} INFO - Started process (PID=164245) to work on /opt/airflow/dags/4_dependencies.py
[2026-09-13T03:16:40.208+0000] {processor.py:799} INFO - Processing file /opt/airflow/dags/4_dependencies.py for tasks to queue
[2026-09-13T03:16:40.210+0000] {logging_mixin.py:149} INFO - [2026-09-13T03:16:40.210+0000] {dagbag.py:541} INFO - Filling up the DagBag from /opt/airflow/dags/4_dependencies.py
[2026-09-13T03:16:40.238+0000] {processor.py:809} INFO - DAG(s) dict_keys(['4-dependencies']) retrieved from /opt/airflow/dags/4_dependencies.py
[2026-09-13T03:16:40.334+0000] {logging_mixin.py:149} INFO - [2026-09-13T03:16:40.334+0000] {dag.py:2726} INFO - Sync 1 DAGs
[2026-09-13T03:16:40.405+0000] {logging_mixin.py:149} INFO - [2026-09-13T03:16:40.405+0000] {dag.py:3490} INFO - Setting next_dagrun for 4-dependencies to 2023-05-01T00:00:00+00:00, run_after=2023-05-01T00:00:00+00:00
[2026-09-13T03:16:40.459+0000] {processor.py:178} INFO - Processing /opt/airflow/dags/4_dependencies.py took 0.265 seconds
[2026-09-13T03:17:10.669+0000] {processor.py:156} INFO - Started process (PID=164259) to work on /opt/airflow/dags/4_dependencies.py
[2026-09-13T03:17:10.674+0000] {processor.py:799} INFO - Processing file /opt/airflow/dags/4_dependencies.py for tasks to queue
[2026-09-13T03:17:10.676+0000] {logging_mixin.py:149} INFO - [2026-09-13T03:17:10.676+0000] {dagbag.py:541} INFO - Filling up the DagBag from /opt/airflow/dags/4_dependencies.py
[2026-09-13T03:17:10.711+0000] {processor.py:809} INFO - DAG(s) dict_keys(['4-dependencies']) retrieved from /opt/airflow/dags/4_dependencies.py
[2026-09-13T03:17:10.769+0000] {logging_mixin.py:149} INFO - [2026-09-13T03:17:10.769+0000] {dag.py:2726} INFO - Sync 1 DAGs
[2026-09-13T03:17:10.832+0000] {logging_mixin.py:149} INFO - [2026-09-13T03:17:10.832+0000] {dag.py:3490} INFO - Setting next_dagrun for 4-dependencies to 2023-05-01T00:00:00+00:00, run_after=2023-05-01T00:00:00+00:00
[2026-09-13T03:17:10.894+0000] {processor.py:178} INFO - Processing /opt/airflow/dags/4_dependencies.py took 0.233 seconds
[2026-09-13T03:17:41.151+0000] {processor.py:156} INFO - Started process (PID=164272) to work on /opt/airflow/dags/4_dependencies.py
[2026-09-13T03:17:41.155+0000] {processor.py:799} INFO - Processing file /opt/airflow/dags/4_dependencies.py for tasks to queue
[2026-09-13T03:17:41.156+0000] {logging_mixin.py:149} INFO - [2026-09-13T03:17:41.156+0000] {dagbag.py:541} INFO - Filling up the DagBag from /opt/airflow/dags/4_dependencies.py
[2026-09-13T03:17:41.185+0000] {processor.py:809} INFO - DAG(s) dict_keys(['4-dependencies']) retrieved from /opt/airflow/dags/4_dependencies.py
[2026-09-13T03:17:41.268+0000] {logging_mixin.py:149} INFO - [2026-09-13T03:17:41.268+0000] {dag.py:2726} INFO - Sync 1 DAGs
[2026-09-13T03:17:41.343+0000] {logging_mixin.py:149} INFO - [2026-09-13T03:17:41.343+0000] {dag.py:3490} INFO - Setting next_dagrun for 4-dependencies to 2023-05-01T00:00:00+00:00, run_after=2023-05-01T00:00:00+00:00
[2026-09-13T03:17:41.385+0000] {processor.py:178} INFO - Processing /opt/airflow/dags/4_dependencies.py took 0.245 seconds
[2026-09-13T03:18:11.615+0000] {processor.py:156} INFO - Started process (PID=164286) to work on /opt/airflow/dags/4_dependencies.py
[2026-09-13T03:18:11.619+0000] {processor.py:799} INFO - Processing file /opt/airflow/dags/4_dependencies.py for tasks to queue
[2026-09-13T03:18:11.621+0000] {logging_mixin.py:149} INFO - [2026-09-13T03:18:11.620+0000] {dagbag.py:541} INFO - Filling up the DagBag from /opt/airflow/dags/4_dependencies.py
[2026-09-13T03:18:11.648+0000] {processor.py:809} INFO - DAG(s) dict_keys(['4-dependencies']) retrieved from /opt/airflow/dags/4_dependencies.py
[2026-09-13T03:18:11.737+0000] {logging_mixin.py:149} INFO - [2026-09-13T03:18:11.737+0000] {dag.py:2726} INFO - Sync 1 DAGs
[2026-09-13T03:18:11.836+0000] {logging_mixin.py:149} INFO - [2026-09-13T03:18:11.836+0000] {dag.py:3490} INFO - Setting next_dagrun for 4-dependencies to 2023-05-01T00:00:00+00:00, run_after=2023-05-01T00:00:00+00:00
[2026-09-13T03:18:11.892+0000] {processor.py:178} INFO - Processing /opt/airflow/dags/4_dependencies.py took 0.288 seconds
[2026-09-13T03:18:41.960+0000] {processor.py:156} INFO - Started process (PID=164301) to work on /opt/airflow/dags/4_dependencies.py
[2026-09-13T03:18:41.964+0000] {processor.py:799} INFO - Processing file /opt/airflow/dags/4_dependencies.py for tasks to queue
[2026-09-13T03:18:41.966+0000] {logging_mixin.py:149} INFO - [2026-09-13T03:18:41.965+0000] {dagbag.py:541} INFO - Filling up the DagBag from /opt/airflow/dags/4_dependencies.py
[2026-09-13T03:18:41.998+0000] {processor.py:809} INFO - DAG(s) dict_keys(['4-dependencies']) retrieved from /opt/airflow/dags/4_dependencies.py
[2026-09-13T03:18:42.094+0000] {logging_mixin.py:149} INFO - [2026-09-13T03:18:42.093+0000] {dag.py:2726} INFO - Sync 1 DAGs
[2026-09-13T03:18:42.171+0000] {logging_mixin.py:149} INFO - [2026-09-13T03:18:42.170+0000] {dag.py:3490} INFO - Setting next_dagrun for 4-dependencies to 2023-05-01T00:00:00+00:00, run_after=2023-05-01T00:00:00+00:00
[2026-09-13T03:18:42.236+0000] {processor.py:178} INFO - Processing /opt/airflow/dags/4_dependencies.py took 0.287 seconds
[2026-09-13T03:19:12.292+0000] {processor.py:156} INFO - Started process (PID=164315) to work on /opt/airflow/dags/4_dependencies.py
[2026-09-13T03:19:12.299+0000] {processor.py:799} INFO - Processing file /opt/airflow/dags/4_dependencies.py for tasks to queue
[2026-09-13T03:19:12.301+0000] {logging_mixin.py:149} INFO - [2026-09-13T03:19:12.301+0000] {dagbag.py:541} INFO - Filling up the DagBag from /opt/airflow/dags/4_dependencies.py
[2026-09-13T03:19:12.335+0000] {processor.py:809} INFO - DAG(s) dict_keys(['4-dependencies']) retrieved from /opt/airflow/dags/4_dependencies.py
[2026-09-13T03:19:12.428+0000] {logging_mixin.py:149} INFO - [2026-09-13T03:19:12.427+0000] {dag.py:2726} INFO - Sync 1 DAGs
[2026-09-13T03:19:12.507+0000] {logging_mixin.py:149} INFO - [2026-09-13T03:19:12.506+0000] {dag.py:3490} INFO - Setting next_dagrun for 4-dependencies to 2023-05-01T00:00:00+00:00, run_after=2023-05-01T00:00:00+00:00
[2026-09-13T03:19:12.563+0000] {processor.py:178} INFO - Processing /opt/airflow/dags/4_dependencies.py took 0.283 seconds
[2026-09-13T03:19:42.760+0000] {processor.py:156} INFO - Started process (PID=164329) to work on /opt/airflow/dags/4_dependencies.py
[2026-09-13T03:19:42.764+0000] {processor.py:799} INFO - Processing file /opt/airflow/dags/4_dependencies.py for tasks to queue
[2026-09-13T03:19:42.765+0000] {logging_mixin.py:149} INFO - [2026-09-13T03:19:42.765+0000] {dagbag.py:541} INFO - Filling up the DagBag from /opt/airflow/dags/4_dependencies.py
[2026-09-13T03:19:42.793+0000] {processor.py:809} INFO - DAG(s) dict_keys(['4-dependencies']) retrieved from /opt/airflow/dags/4_dependencies.py
[2026-09-13T03:19:42.877+0000] {logging_mixin.py:149} INFO - [2026-09-13T03:19:42.877+0000] {dag.py:2726} INFO - Sync 1 DAGs
[2026-09-13T03:19:42.939+0000] {logging_mixin.py:149} INFO - [2026-09-13T03:19:42.939+0000] {dag.py:3490} INFO - Setting next_dagrun for 4-dependencies to 2023-05-01T00:00:00+00:00, run_after=2023-05-01T00:00:00+00:00
[2026-09-13T03:19:42.993+0000] {processor.py:178} INFO - Processing /opt/airflow/dags/4_dependencies.py took 0.243 seconds
[2026-09-13T03:20:13.272+0000] {processor.py:156} INFO - Started process (PID=164343) to work on /opt/airflow/dags/4_dependencies.py
[2026-09-13T03:20:13.277+0000] {processor.py:799} INFO - Processing file /opt/airflow/dags/4_dependencies.py for tasks to queue
[2026-09-13T03:20:13.278+0000] {logging_mixin.py:149} INFO - [2026-09-13T03:20:13.278+0000] {dagbag.py:541} INFO - Filling up the DagBag from /opt/airflow/dags/4_dependencies.py
[2026-09-13T03:20:13.305+0000] {processor.py:809} INFO - DAG(s) dict_keys(['4-dependencies']) retrieved from /opt/airflow/dags/4_dependencies.py
[2026-09-13T03:20:13.395+0000] {logging_mixin.py:149} INFO - [2026-09-13T03:20:13.395+0000] {dag.py:2726} INFO - Sync 1 DAGs
[2026-09-13T03:20:13.458+0000] {logging_mixin.py:149} INFO - [2026-09-13T03:20:13.457+0000] {dag.py:3490} INFO - Setting next_dagrun for 4-dependencies to 2023-05-01T00:00:00+00:00, run_after=2023-05-01T00:00:00+00:00
[2026-09-13T03:20:13.514+0000] {processor.py:178} INFO - Processing /opt/airflow/dags/4_dependencies.py took 0.252 seconds
[2026-09-13T03:20:43.809+0000] {processor.py:156} INFO - Started process (PID=164357) to work on /opt/airflow/dags/4_dependencies.py
[2026-09-13T03:20:43.812+0000] {processor.py:799} INFO - Processing file /opt/airflow/dags/4_dependencies.py for tasks to queue
[2026-09-13T03:20:43.814+0000] {logging_mixin.py:149} INFO - [2026-09-13T03:20:43.814+0000] {dagbag.py:541} INFO - Filling up the DagBag from /opt/airflow/dags/4_dependencies.py
[2026-09-13T03:20:43.839+0000] {processor.py:809} INFO - DAG(s) dict_keys(['4-dependencies']) retrieved from /opt/airflow/dags/4_dependencies.py
[2026-09-13T03:20:43.926+0000] {logging_mixin.py:149} INFO - [2026-09-13T03:20:43.925+0000] {dag.py:2726} INFO - Sync 1 DAGs
[2026-09-13T03:20:43.978+0000] {logging_mixin.py:149} INFO - [2026-09-13T03:20:43.978+0000] {dag.py:3490} INFO - Setting next_dagrun for 4-dependencies to 2023-05-01T00:00:00+00:00, run_after=2023-05-01T00:00:00+00:00
[2026-09-13T03:20:44.037+0000] {processor.py:178} INFO - Processing /opt/airflow/dags/4_dependencies.py took 0.239 seconds
[2026-09-13T03:21:14.188+0000] {processor.py:156} INFO - Started process (PID=164371) to work on /opt/airflow/dags/4_dependencies.py
[2026-09-13T03:21:14.192+0000] {processor.py:799} INFO - Processing file /opt/airflow/dags/4_dependencies.py for tasks to queue
[2026-09-13T03:21:14.195+0000] {logging_mixin.py:149} INFO - [2026-09-13T03:21:14.194+0000] {dagbag.py:541} INFO - Filling up the DagBag from /opt/airflow/dags/4_dependencies.py
[2026-09-13T03:21:14.223+0000] {processor.py:809} INFO - DAG(s) dict_keys(['4-dependencies']) retrieved from /opt/airflow/dags/4_dependencies.py
[2026-09-13T03:21:14.322+0000] {logging_mixin.py:149} INFO - [2026-09-13T03:21:14.321+0000] {dag.py:2726} INFO - Sync 1 DAGs
[2026-09-13T03:21:14.396+0000] {logging_mixin.py:149} INFO - [2026-09-13T03:21:14.396+0000] {dag.py:3490} INFO - Setting next_dagrun for 4-dependencies to 2023-05-01T00:00:00+00:00, run_after=2023-05-01T00:00:00+00:00
[2026-09-13T03:21:14.459+0000] {processor.py:178} INFO - Processing /opt/airflow/dags/4_dependencies.py took 0.282 seconds
[2026-09-13T03:21:44.695+0000] {processor.py:156} INFO - Started process (PID=164385) to work on /opt/airflow/dags/4_dependencies.py
[2026-09-13T03:21:44.699+0000] {processor.py:799} INFO - Processing file /opt/airflow/dags/4_dependencies.py for tasks to queue
[2026-09-13T03:21:44.701+0000] {logging_mixin.py:149} INFO - [2026-09-13T03:21:44.701+0000] {dagbag.py:541} INFO - Filling up the DagBag from /opt/airflow/dags/4_dependencies.py
[2026-09-13T03:21:44.728+0000] {processor.py:809} INFO - DAG(s) dict_keys(['4-dependencies']) retrieved from /opt/airflow/dags/4_dependencies.py
[2026-09-13T03:21:44.824+0000] {logging_mixin.py:149} INFO - [2026-09-13T03:21:44.824+0000] {dag.py:2726} INFO - Sync 1 DAGs
[2026-09-13T03:21:44.899+0000] {logging_mixin.py:149} INFO - [2026-09-13T03:21:44.898+0000] {dag.py:3490} INFO - Setting next_dagrun for 4-dependencies to 2023-05-01T00:00:00+00:00, run_after=2023-05-01T00:00:00+00:00
[2026-09-13T03:21:44.975+0000] {processor.py:178} INFO - Processing /opt/airflow/dags/4_dependencies.py took 0.289 seconds
[2026-09-13T03:22:15.071+0000] {processor.py:156} INFO - Started process (PID=164400) to work on /opt/airflow/dags/4_dependencies.py
[2026-09-13T03:22:15.073+0000] {processor.py:799} INFO - Processing file /opt/airflow/dags/4_dependencies.py for tasks to queue
[2026-09-13T03:22:15.074+0000] {logging_mixin.py:149} INFO - [2026-09-13T03:22:15.074+0000] {dagbag.py:541} INFO - Filling up the DagBag from /opt/airflow/dags/4_dependencies.py
[2026-09-13T03:22:15.090+0000] {processor.py:809} INFO - DAG(s) dict_keys(['4-dependencies']) retrieved from /opt/airflow/dags/4_dependencies.py
[2026-09-13T03:22:15.154+0000] {logging_mixin.py:149} INFO - [2026-09-13T03:22:15.153+0000] {dag.py:2726} INFO - Sync 1 DAGs
[2026-09-13T03:22:15.208+0000] {logging_mixin.py:149} INFO - [2026-09-13T03:22:15.208+0000] {dag.py:3490} INFO - Setting next_dagrun for 4-dependencies to 2023-05-01T00:00:00+00:00, run_after=2023-05-01T00:00:00+00:00
[2026-09-13T03:22:15.277+0000] {processor.py:178} INFO - Processing /opt/airflow/dags/4_dependencies.py took 0.211 seconds
[2026-09-13T03:22:45.501+0000] {processor.py:156} INFO - Started process (PID=164414) to work on /opt/airflow/dags/4_dependencies.py
[2026-09-13T03:22:45.504+0000] {processor.py:799} INFO - Processing file /opt/airflow/dags/4_dependencies.py for tasks to queue
[2026-09-13T03:22:45.506+0000] {logging_mixin.py:149} INFO - [2026-09-13T03:22:45.506+0000] {dagbag.py:541} INFO - Filling up the DagBag from /opt/airflow/dags/4_dependencies.py
[2026-09-13T03:22:45.532+0000] {processor.py:809} INFO - DAG(s) dict_keys(['4-dependencies']) retrieved from /opt/airflow/dags/4_dependencies.py
[2026-09-13T03:22:45.623+0000] {logging_mixin.py:149} INFO - [2026-09-13T03:22:45.622+0000] {dag.py:2726} INFO - Sync 1 DAGs
[2026-09-13T03:22:45.691+0000] {logging_mixin.py:149} INFO - [2026-09-13T03:22:45.690+0000] {dag.py:3490} INFO - Setting next_dagrun for 4-dependencies to 2023-05-01T00:00:00+00:00, run_after=2023-05-01T00:00:00+00:00
[2026-09-13T03:22:45.759+0000] {processor.py:178} INFO - Processing /opt/airflow/dags/4_dependencies.py took 0.269 seconds
[2026-09-13T03:23:15.939+0000] {processor.py:156} INFO - Started process (PID=164428) to work on /opt/airflow/dags/4_dependencies.py
[2026-09-13T03:23:15.943+0000] {processor.py:799} INFO - Processing file /opt/airflow/dags/4_dependencies.py for tasks to queue
[2026-09-13T03:23:15.944+0000] {logging_mixin.py:149} INFO - [2026-09-13T03:23:15.944+0000] {dagbag.py:541} INFO - Filling up the DagBag from /opt/airflow/dags/4_dependencies.py
[2026-09-13T03:23:15.974+0000] {processor.py:809} INFO - DAG(s) dict_keys(['4-dependencies']) retrieved from /opt/airflow/dags/4_dependencies.py
[2026-09-13T03:23:16.072+0000] {logging_mixin.py:149} INFO - [2026-09-13T03:23:16.072+0000] {dag.py:2726} INFO - Sync 1 DAGs
[2026-09-13T03:23:16.144+0000] {logging_mixin.py:149} INFO - [2026-09-13T03:23:16.143+0000] {dag.py:3490} INFO - Setting next_dagrun for 4-dependencies to 2023-05-01T00:00:00+00:00, run_after=2023-05-01T00:00:00+00:00
[2026-09-13T03:23:16.214+0000] {processor.py:178} INFO - Processing /opt/airflow/dags/4_dependencies.py took 0.286 seconds
[2026-09-13T03:23:46.458+0000] {processor.py:156} INFO - Started process (PID=164442) to work on /opt/airflow/dags/4_dependencies.py
[2026-09-13T03:23:46.461+0000] {processor.py:799} INFO - Processing file /opt/airflow/dags/4_dependencies.py for tasks to queue
[2026-09-13T03:23:46.463+0000] {logging_mixin.py:149} INFO - [2026-09-13T03:23:46.463+0000] {dagbag.py:541} INFO - Filling up the DagBag from /opt/airflow/dags/4_dependencies.py
[2026-09-13T03:23:46.493+0000] {processor.py:809} INFO - DAG(s) dict_keys(['4-dependencies']) retrieved from /opt/airflow/dags/4_dependencies.py
[2026-09-13T03:23:46.583+0000] {logging_mixin.py:149} INFO - [2026-09-13T03:23:46.583+0000] {dag.py:2726} INFO - Sync 1 DAGs
[2026-09-13T03:23:46.640+0000] {logging_mixin.py:149} INFO - [2026-09-13T03:23:46.640+0000] {dag.py:3490} INFO - Setting next_dagrun for 4-dependencies to 2023-05-01T00:00:00+00:00, run_after=2023-05-01T00:00:00+00:00
[2026-09-13T03:23:46.709+0000] {processor.py:178} INFO - Processing /opt/airflow/dags/4_dependencies.py took 0.262 seconds
[2026-09-13T03:24:16.798+0000] {processor.py:156} INFO - Started process (PID=164456) to work on /opt/airflow/dags/4_dependencies.py
[2026-09-13T03:24:16.803+0000] {processor.py:799} INFO - Processing file /opt/airflow/dags/4_dependencies.py for tasks to queue
[2026-09-13T03:24:16.805+0000] {logging_mixin.py:149} INFO - [2026-09-13T03:24:16.805+0000] {dagbag.py:541} INFO - Filling up the DagBag from /opt/airflow/dags/4_dependencies.py
[2026-09-13T03:24:16.837+0000] {processor.py:809} INFO - DAG(s) dict_keys(['4-dependencies']) retrieved from /opt/airflow/dags/4_dependencies.py
[2026-09-13T03:24:16.932+0000] {logging_mixin.py:149} INFO - [2026-09-13T03:24:16.932+0000] {dag.py:2726} INFO - Sync 1 DAGs
[2026-09-13T03:24:16.994+0000] {logging_mixin.py:149} INFO - [2026-09-13T03:24:16.993+0000] {dag.py:3490} INFO - Setting next_dagrun for 4-dependencies to 2023-05-01T00:00:00+00:00, run_after=2023-05-01T00:00:00+00:00
[2026-09-13T03:24:17.042+0000] {processor.py:178} INFO - Processing /opt/airflow/dags/4_dependencies.py took 0.255 seconds
[2026-09-13T03:24:47.170+0000] {processor.py:156} INFO - Started process (PID=164470) to work on /opt/airflow/dags/4_dependencies.py
[2026-09-13T03:24:47.172+0000] {processor.py:799} INFO - Processing file /opt/airflow/dags/4_dependencies.py for tasks to queue
[2026-09-13T03:24:47.175+0000] {logging_mixin.py:149} INFO - [2026-09-13T03:24:47.175+0000] {dagbag.py:541} INFO - Filling up the DagBag from /opt/airflow/dags/4_dependencies.py
[2026-09-13T03:24:47.212+0000] {processor.py:809} INFO - DAG(s) dict_keys(['4-dependencies']) retrieved from /opt/airflow/dags/4_dependencies.py
[2026-09-13T03:24:47.288+0000] {logging_mixin.py:149} INFO - [2026-09-13T03:24:47.288+0000] {dag.py:2726} INFO - Sync 1 DAGs
[2026-09-13T03:24:47.341+0000] {logging_mixin.py:149} INFO - [2026-09-13T03:24:47.341+0000] {dag.py:3490} INFO - Setting next_dagrun for 4-dependencies to 2023-05-01T00:00:00+00:00, run_after=2023-05-01T00:00:00+00:00
[2026-09-13T03:24:47.410+0000] {processor.py:178} INFO - Processing /opt/airflow/dags/4_dependencies.py took 0.246 seconds
[2026-09-13T03:25:17.544+0000] {processor.py:156} INFO - Started process (PID=164484) to work on /opt/airflow/dags/4_dependencies.py
[2026-09-13T03:25:17.547+0000] {processor.py:799} INFO - Processing file /opt/airflow/dags/4_dependencies.py for tasks to queue
[2026-09-13T03:25:17.549+0000] {logging_mixin.py:149} INFO - [2026-09-13T03:25:17.549+0000] {dagbag.py:541} INFO - Filling up the DagBag from /opt/airflow/dags/4_dependencies.py
[2026-09-13T03:25:17.577+0000] {processor.py:809} INFO - DAG(s) dict_keys(['4-dependencies']) retrieved from /opt/airflow/dags/4_dependencies.py
[2026-09-13T03:25:17.662+0000] {logging_mixin.py:149} INFO - [2026-09-13T03:25:17.662+0000] {dag.py:2726} INFO - Sync 1 DAGs
[2026-09-13T03:25:17.746+0000] {logging_mixin.py:149} INFO - [2026-09-13T03:25:17.745+0000] {dag.py:3490} INFO - Setting next_dagrun for 4-dependencies to 2023-05-01T00:00:00+00:00, run_after=2023-05-01T00:00:00+00:00
[2026-09-13T03:25:17.826+0000] {processor.py:178} INFO - Processing /opt/airflow/dags/4_dependencies.py took 0.294 seconds
[2026-09-13T03:25:48.105+0000] {processor.py:156} INFO - Started process (PID=164498) to work on /opt/airflow/dags/4_dependencies.py
[2026-09-13T03:25:48.109+0000] {processor.py:799} INFO - Processing file /opt/airflow/dags/4_dependencies.py for tasks to queue
[2026-09-13T03:25:48.110+0000] {logging_mixin.py:149} INFO - [2026-09-13T03:25:48.110+0000] {dagbag.py:541} INFO - Filling up the DagBag from /opt/airflow/dags/4_dependencies.py
[2026-09-13T03:25:48.144+0000] {processor.py:809} INFO - DAG(s) dict_keys(['4-dependencies']) retrieved from /opt/airflow/dags/4_dependencies.py
[2026-09-13T03:25:48.236+0000] {logging_mixin.py:149} INFO - [2026-09-13T03:25:48.236+0000] {dag.py:2726} INFO - Sync 1 DAGs
[2026-09-13T03:25:48.317+0000] {logging_mixin.py:149} INFO - [2026-09-13T03:25:48.316+0000] {dag.py:3490} INFO - Setting next_dagrun for 4-dependencies to 2023-05-01T00:00:00+00:00, run_after=2023-05-01T00:00:00+00:00
[2026-09-13T03:25:48.371+0000] {processor.py:178} INFO - Processing /opt/airflow/dags/4_dependencies.py took 0.276 seconds
[2026-09-13T03:26:18.500+0000] {processor.py:156} INFO - Started process (PID=164512) to work on /opt/airflow/dags/4_dependencies.py
[2026-09-13T03:26:18.505+0000] {processor.py:799} INFO - Processing file /opt/airflow/dags/4_dependencies.py for tasks to queue
[2026-09-13T03:26:18.507+0000] {logging_mixin.py:149} INFO - [2026-09-13T03:26:18.507+0000] {dagbag.py:541} INFO - Filling up the DagBag from /opt/airflow/dags/4_dependencies.py
[2026-09-13T03:26:18.535+0000] {processor.py:809} INFO - DAG(s) dict_keys(['4-dependencies']) retrieved from /opt/airflow/dags/4_dependencies.py
[2026-09-13T03:26:18.640+0000] {logging_mixin.py:149} INFO - [2026-09-13T03:26:18.639+0000] {dag.py:2726} INFO - Sync 1 DAGs
[2026-09-13T03:26:18.711+0000] {logging_mixin.py:149} INFO - [2026-09-13T03:26:18.711+0000] {dag.py:3490} INFO - Setting next_dagrun for 4-dependencies to 2023-05-01T00:00:00+00:00, run_after=2023-05-01T00:00:00+00:00
[2026-09-13T03:26:18.769+0000] {processor.py:178} INFO - Processing /opt/airflow/dags/4_dependencies.py took 0.279 seconds
[2026-09-13T03:26:48.989+0000] {processor.py:156} INFO - Started process (PID=164526) to work on /opt/airflow/dags/4_dependencies.py
[2026-09-13T03:26:48.995+0000] {processor.py:799} INFO - Processing file /opt/airflow/dags/4_dependencies.py for tasks to queue
[2026-09-13T03:26:48.997+0000] {logging_mixin.py:149} INFO - [2026-09-13T03:26:48.997+0000] {dagbag.py:541} INFO - Filling up the DagBag from /opt/airflow/dags/4_dependencies.py
[2026-09-13T03:26:49.036+0000] {processor.py:809} INFO - DAG(s) dict_keys(['4-dependencies']) retrieved from /opt/airflow/dags/4_dependencies.py
[2026-09-13T03:26:49.136+0000] {logging_mixin.py:149} INFO - [2026-09-13T03:26:49.136+0000] {dag.py:2726} INFO - Sync 1 DAGs
[2026-09-13T03:26:49.214+0000] {logging_mixin.py:149} INFO - [2026-09-13T03:26:49.213+0000] {dag.py:3490} INFO - Setting next_dagrun for 4-dependencies to 2023-05-01T00:00:00+00:00, run_after=2023-05-01T00:00:00+00:00
[2026-09-13T03:26:49.278+0000] {processor.py:178} INFO - Processing /opt/airflow/dags/4_dependencies.py took 0.300 seconds
[2026-09-13T03:27:19.508+0000] {processor.py:156} INFO - Started process (PID=164541) to work on /opt/airflow/dags/4_dependencies.py
[2026-09-13T03:27:19.516+0000] {processor.py:799} INFO - Processing file /opt/airflow/dags/4_dependencies.py for tasks to queue
[2026-09-13T03:27:19.518+0000] {logging_mixin.py:149} INFO - [2026-09-13T03:27:19.518+0000] {dagbag.py:541} INFO - Filling up the DagBag from /opt/airflow/dags/4_dependencies.py
[2026-09-13T03:27:19.549+0000] {processor.py:809} INFO - DAG(s) dict_keys(['4-dependencies']) retrieved from /opt/airflow/dags/4_dependencies.py
[2026-09-13T03:27:19.635+0000] {logging_mixin.py:149} INFO - [2026-09-13T03:27:19.635+0000] {dag.py:2726} INFO - Sync 1 DAGs
[2026-09-13T03:27:19.708+0000] {logging_mixin.py:149} INFO - [2026-09-13T03:27:19.708+0000] {dag.py:3490} INFO - Setting next_dagrun for 4-dependencies to 2023-05-01T00:00:00+00:00, run_after=2023-05-01T00:00:00+00:00
[2026-09-13T03:27:19.783+0000] {processor.py:178} INFO - Processing /opt/airflow/dags/4_dependencies.py took 0.289 seconds
[2026-09-13T03:27:49.863+0000] {processor.py:156} INFO - Started process (PID=164555) to work on /opt/airflow/dags/4_dependencies.py
[2026-09-13T03:27:49.867+0000] {processor.py:799} INFO - Processing file /opt/airflow/dags/4_dependencies.py for tasks to queue
[2026-09-13T03:27:49.869+0000] {logging_mixin.py:149} INFO - [2026-09-13T03:27:49.869+0000] {dagbag.py:541} INFO - Filling up the DagBag from /opt/airflow/dags/4_dependencies.py
[2026-09-13T03:27:49.895+0000] {processor.py:809} INFO - DAG(s) dict_keys(['4-dependencies']) retrieved from /opt/airflow/dags/4_dependencies.py
[2026-09-13T03:27:49.984+0000] {logging_mixin.py:149} INFO - [2026-09-13T03:27:49.983+0000] {dag.py:2726} INFO - Sync 1 DAGs
[2026-09-13T03:27:50.052+0000] {logging_mixin.py:149} INFO - [2026-09-13T03:27:50.051+0000] {dag.py:3490} INFO - Setting next_dagrun for 4-dependencies to 2023-05-01T00:00:00+00:00, run_after=2023-05-01T00:00:00+00:00
[2026-09-13T03:27:50.121+0000] {processor.py:178} INFO - Processing /opt/airflow/dags/4_dependencies.py took 0.270 seconds
[2026-09-13T03:28:20.387+0000] {processor.py:156} INFO - Started process (PID=164569) to work on /opt/airflow/dags/4_dependencies.py
[2026-09-13T03:28:20.391+0000] {processor.py:799} INFO - Processing file /opt/airflow/dags/4_dependencies.py for tasks to queue
[2026-09-13T03:28:20.393+0000] {logging_mixin.py:149} INFO - [2026-09-13T03:28:20.393+0000] {dagbag.py:541} INFO - Filling up the DagBag from /opt/airflow/dags/4_dependencies.py
[2026-09-13T03:28:20.423+0000] {processor.py:809} INFO - DAG(s) dict_keys(['4-dependencies']) retrieved from /opt/airflow/dags/4_dependencies.py
[2026-09-13T03:28:20.509+0000] {logging_mixin.py:149} INFO - [2026-09-13T03:28:20.509+0000] {dag.py:2726} INFO - Sync 1 DAGs
[2026-09-13T03:28:20.584+0000] {logging_mixin.py:149} INFO - [2026-09-13T03:28:20.581+0000] {dag.py:3490} INFO - Setting next_dagrun for 4-dependencies to 2023-05-01T00:00:00+00:00, run_after=2023-05-01T00:00:00+00:00
[2026-09-13T03:28:20.652+0000] {processor.py:178} INFO - Processing /opt/airflow/dags/4_dependencies.py took 0.276 seconds
[2026-09-13T03:28:50.784+0000] {processor.py:156} INFO - Started process (PID=164583) to work on /opt/airflow/dags/4_dependencies.py
[2026-09-13T03:28:50.787+0000] {processor.py:799} INFO - Processing file /opt/airflow/dags/4_dependencies.py for tasks to queue
[2026-09-13T03:28:50.789+0000] {logging_mixin.py:149} INFO - [2026-09-13T03:28:50.789+0000] {dagbag.py:541} INFO - Filling up the DagBag from /opt/airflow/dags/4_dependencies.py
[2026-09-13T03:28:50.820+0000] {processor.py:809} INFO - DAG(s) dict_keys(['4-dependencies']) retrieved from /opt/airflow/dags/4_dependencies.py
[2026-09-13T03:28:50.914+0000] {logging_mixin.py:149} INFO - [2026-09-13T03:28:50.914+0000] {dag.py:2726} INFO - Sync 1 DAGs
[2026-09-13T03:28:50.967+0000] {logging_mixin.py:149} INFO - [2026-09-13T03:28:50.967+0000] {dag.py:3490} INFO - Setting next_dagrun for 4-dependencies to 2023-05-01T00:00:00+00:00, run_after=2023-05-01T00:00:00+00:00
[2026-09-13T03:28:51.053+0000] {processor.py:178} INFO - Processing /opt/airflow/dags/4_dependencies.py took 0.280 seconds
[2026-09-13T03:29:21.281+0000] {processor.py:156} INFO - Started process (PID=164596) to work on /opt/airflow/dags/4_dependencies.py
[2026-09-13T03:29:21.283+0000] {processor.py:799} INFO - Processing file /opt/airflow/dags/4_dependencies.py for tasks to queue
[2026-09-13T03:29:21.284+0000] {logging_mixin.py:149} INFO - [2026-09-13T03:29:21.284+0000] {dagbag.py:541} INFO - Filling up the DagBag from /opt/airflow/dags/4_dependencies.py
[2026-09-13T03:29:21.299+0000] {processor.py:809} INFO - DAG(s) dict_keys(['4-dependencies']) retrieved from /opt/airflow/dags/4_dependencies.py
[2026-09-13T03:29:21.390+0000] {logging_mixin.py:149} INFO - [2026-09-13T03:29:21.390+0000] {dag.py:2726} INFO - Sync 1 DAGs
[2026-09-13T03:29:21.467+0000] {logging_mixin.py:149} INFO - [2026-09-13T03:29:21.466+0000] {dag.py:3490} INFO - Setting next_dagrun for 4-dependencies to 2023-05-01T00:00:00+00:00, run_after=2023-05-01T00:00:00+00:00
[2026-09-13T03:29:21.545+0000] {processor.py:178} INFO - Processing /opt/airflow/dags/4_dependencies.py took 0.269 seconds
[2026-09-13T03:29:51.630+0000] {processor.py:156} INFO - Started process (PID=164609) to work on /opt/airflow/dags/4_dependencies.py
[2026-09-13T03:29:51.634+0000] {processor.py:799} INFO - Processing file /opt/airflow/dags/4_dependencies.py for tasks to queue
[2026-09-13T03:29:51.636+0000] {logging_mixin.py:149} INFO - [2026-09-13T03:29:51.636+0000] {dagbag.py:541} INFO - Filling up the DagBag from /opt/airflow/dags/4_dependencies.py
[2026-09-13T03:29:51.663+0000] {processor.py:809} INFO - DAG(s) dict_keys(['4-dependencies']) retrieved from /opt/airflow/dags/4_dependencies.py
[2026-09-13T03:29:51.723+0000] {logging_mixin.py:149} INFO - [2026-09-13T03:29:51.723+0000] {dag.py:2726} INFO - Sync 1 DAGs
[2026-09-13T03:29:51.764+0000] {logging_mixin.py:149} INFO - [2026-09-13T03:29:51.764+0000] {dag.py:3490} INFO - Setting next_dagrun for 4-dependencies to 2023-05-01T00:00:00+00:00, run_after=2023-05-01T00:00:00+00:00
[2026-09-13T03:29:51.799+0000] {processor.py:178} INFO - Processing /opt/airflow/dags/4_dependencies.py took 0.179 seconds
[2026-09-13T03:30:21.893+0000] {processor.py:156} INFO - Started process (PID=164623) to work on /opt/airflow/dags/4_dependencies.py
[2026-09-13T03:30:21.895+0000] {processor.py:799} INFO - Processing file /opt/airflow/dags/4_dependencies.py for tasks to queue
[2026-09-13T03:30:21.896+0000] {logging_mixin.py:149} INFO - [2026-09-13T03:30:21.896+0000] {dagbag.py:541} INFO - Filling up the DagBag from /opt/airflow/dags/4_dependencies.py
[2026-09-13T03:30:21.947+0000] {processor.py:809} INFO - DAG(s) dict_keys(['4-dependencies']) retrieved from /opt/airflow/dags/4_dependencies.py
[2026-09-13T03:30:22.062+0000] {logging_mixin.py:149} INFO - [2026-09-13T03:30:22.062+0000] {dag.py:2726} INFO - Sync 1 DAGs
[2026-09-13T03:30:22.101+0000] {logging_mixin.py:149} INFO - [2026-09-13T03:30:22.098+0000] {dag.py:3490} INFO - Setting next_dagrun for 4-dependencies to 2023-05-01T00:00:00+00:00, run_after=2023-05-01T00:00:00+00:00
[2026-09-13T03:30:22.157+0000] {processor.py:178} INFO - Processing /opt/airflow/dags/4_dependencies.py took 0.271 seconds
[2026-09-13T03:30:52.458+0000] {processor.py:156} INFO - Started process (PID=164637) to work on /opt/airflow/dags/4_dependencies.py
[2026-09-13T03:30:52.462+0000] {processor.py:799} INFO - Processing file /opt/airflow/dags/4_dependencies.py for tasks to queue
[2026-09-13T03:30:52.464+0000] {logging_mixin.py:149} INFO - [2026-09-13T03:30:52.464+0000] {dagbag.py:541} INFO - Filling up the DagBag from /opt/airflow/dags/4_dependencies.py
[2026-09-13T03:30:52.492+0000] {processor.py:809} INFO - DAG(s) dict_keys(['4-dependencies']) retrieved from /opt/airflow/dags/4_dependencies.py
[2026-09-13T03:30:52.583+0000] {logging_mixin.py:149} INFO - [2026-09-13T03:30:52.582+0000] {dag.py:2726} INFO - Sync 1 DAGs
[2026-09-13T03:30:52.655+0000] {logging_mixin.py:149} INFO - [2026-09-13T03:30:52.655+0000] {dag.py:3490} INFO - Setting next_dagrun for 4-dependencies to 2023-05-01T00:00:00+00:00, run_after=2023-05-01T00:00:00+00:00
[2026-09-13T03:30:52.698+0000] {processor.py:178} INFO - Processing /opt/airflow/dags/4_dependencies.py took 0.251 seconds
[2026-09-13T03:31:23.034+0000] {processor.py:156} INFO - Started process (PID=164651) to work on /opt/airflow/dags/4_dependencies.py
[2026-09-13T03:31:23.037+0000] {processor.py:799} INFO - Processing file /opt/airflow/dags/4_dependencies.py for tasks to queue
[2026-09-13T03:31:23.039+0000] {logging_mixin.py:149} INFO - [2026-09-13T03:31:23.039+0000] {dagbag.py:541} INFO - Filling up the DagBag from /opt/airflow/dags/4_dependencies.py
[2026-09-13T03:31:23.067+0000] {processor.py:809} INFO - DAG(s) dict_keys(['4-dependencies']) retrieved from /opt/airflow/dags/4_dependencies.py
[2026-09-13T03:31:23.174+0000] {logging_mixin.py:149} INFO - [2026-09-13T03:31:23.173+0000] {dag.py:2726} INFO - Sync 1 DAGs
[2026-09-13T03:31:23.246+0000] {logging_mixin.py:149} INFO - [2026-09-13T03:31:23.245+0000] {dag.py:3490} INFO - Setting next_dagrun for 4-dependencies to 2023-05-01T00:00:00+00:00, run_after=2023-05-01T00:00:00+00:00
[2026-09-13T03:31:23.315+0000] {processor.py:178} INFO - Processing /opt/airflow/dags/4_dependencies.py took 0.294 seconds
[2026-09-13T03:31:53.531+0000] {processor.py:156} INFO - Started process (PID=164665) to work on /opt/airflow/dags/4_dependencies.py
[2026-09-13T03:31:53.538+0000] {processor.py:799} INFO - Processing file /opt/airflow/dags/4_dependencies.py for tasks to queue
[2026-09-13T03:31:53.540+0000] {logging_mixin.py:149} INFO - [2026-09-13T03:31:53.540+0000] {dagbag.py:541} INFO - Filling up the DagBag from /opt/airflow/dags/4_dependencies.py
[2026-09-13T03:31:53.574+0000] {processor.py:809} INFO - DAG(s) dict_keys(['4-dependencies']) retrieved from /opt/airflow/dags/4_dependencies.py
[2026-09-13T03:31:53.652+0000] {logging_mixin.py:149} INFO - [2026-09-13T03:31:53.651+0000] {dag.py:2726} INFO - Sync 1 DAGs
[2026-09-13T03:31:53.711+0000] {logging_mixin.py:149} INFO - [2026-09-13T03:31:53.711+0000] {dag.py:3490} INFO - Setting next_dagrun for 4-dependencies to 2023-05-01T00:00:00+00:00, run_after=2023-05-01T00:00:00+00:00
[2026-09-13T03:31:53.769+0000] {processor.py:178} INFO - Processing /opt/airflow/dags/4_dependencies.py took 0.251 seconds
[2026-09-13T03:32:23.890+0000] {processor.py:156} INFO - Started process (PID=164680) to work on /opt/airflow/dags/4_dependencies.py
[2026-09-13T03:32:23.894+0000] {processor.py:799} INFO - Processing file /opt/airflow/dags/4_dependencies.py for tasks to queue
[2026-09-13T03:32:23.896+0000] {logging_mixin.py:149} INFO - [2026-09-13T03:32:23.895+0000] {dagbag.py:541} INFO - Filling up the DagBag from /opt/airflow/dags/4_dependencies.py
[2026-09-13T03:32:23.924+0000] {processor.py:809} INFO - DAG(s) dict_keys(['4-dependencies']) retrieved from /opt/airflow/dags/4_dependencies.py
[2026-09-13T03:32:24.010+0000] {logging_mixin.py:149} INFO - [2026-09-13T03:32:24.010+0000] {dag.py:2726} INFO - Sync 1 DAGs
[2026-09-13T03:32:24.068+0000] {logging_mixin.py:149} INFO - [2026-09-13T03:32:24.067+0000] {dag.py:3490} INFO - Setting next_dagrun for 4-dependencies to 2023-05-01T00:00:00+00:00, run_after=2023-05-01T00:00:00+00:00
[2026-09-13T03:32:24.142+0000] {processor.py:178} INFO - Processing /opt/airflow/dags/4_dependencies.py took 0.264 seconds
[2026-09-13T03:32:54.374+0000] {processor.py:156} INFO - Started process (PID=164693) to work on /opt/airflow/dags/4_dependencies.py
[2026-09-13T03:32:54.378+0000] {processor.py:799} INFO - Processing file /opt/airflow/dags/4_dependencies.py for tasks to queue
[2026-09-13T03:32:54.381+0000] {logging_mixin.py:149} INFO - [2026-09-13T03:32:54.380+0000] {dagbag.py:541} INFO - Filling up the DagBag from /opt/airflow/dags/4_dependencies.py
[2026-09-13T03:32:54.409+0000] {processor.py:809} INFO - DAG(s) dict_keys(['4-dependencies']) retrieved from /opt/airflow/dags/4_dependencies.py
[2026-09-13T03:32:54.496+0000] {logging_mixin.py:149} INFO - [2026-09-13T03:32:54.495+0000] {dag.py:2726} INFO - Sync 1 DAGs
[2026-09-13T03:32:54.558+0000] {logging_mixin.py:149} INFO - [2026-09-13T03:32:54.557+0000] {dag.py:3490} INFO - Setting next_dagrun for 4-dependencies to 2023-05-01T00:00:00+00:00, run_after=2023-05-01T00:00:00+00:00
[2026-09-13T03:32:54.608+0000] {processor.py:178} INFO - Processing /opt/airflow/dags/4_dependencies.py took 0.245 seconds
[2026-09-13T03:33:25.172+0000] {processor.py:156} INFO - Started process (PID=164708) to work on /opt/airflow/dags/4_dependencies.py
[2026-09-13T03:33:25.176+0000] {processor.py:799} INFO - Processing file /opt/airflow/dags/4_dependencies.py for tasks to queue
[2026-09-13T03:33:25.178+0000] {logging_mixin.py:149} INFO - [2026-09-13T03:33:25.177+0000] {dagbag.py:541} INFO - Filling up the DagBag from /opt/airflow/dags/4_dependencies.py
[2026-09-13T03:33:25.208+0000] {processor.py:809} INFO - DAG(s) dict_keys(['4-dependencies']) retrieved from /opt/airflow/dags/4_dependencies.py
[2026-09-13T03:33:25.273+0000] {logging_mixin.py:149} INFO - [2026-09-13T03:33:25.272+0000] {dag.py:2726} INFO - Sync 1 DAGs
[2026-09-13T03:33:25.314+0000] {logging_mixin.py:149} INFO - [2026-09-13T03:33:25.314+0000] {dag.py:3490} INFO - Setting next_dagrun for 4-dependencies to 2023-05-01T00:00:00+00:00, run_after=2023-05-01T00:00:00+00:00
[2026-09-13T03:33:25.341+0000] {processor.py:178} INFO - Processing /opt/airflow/dags/4_dependencies.py took 0.180 seconds
[2026-09-13T03:33:55.679+0000] {processor.py:156} INFO - Started process (PID=164723) to work on /opt/airflow/dags/4_dependencies.py
[2026-09-13T03:33:55.683+0000] {processor.py:799} INFO - Processing file /opt/airflow/dags/4_dependencies.py for tasks to queue
[2026-09-13T03:33:55.686+0000] {logging_mixin.py:149} INFO - [2026-09-13T03:33:55.685+0000] {dagbag.py:541} INFO - Filling up the DagBag from /opt/airflow/dags/4_dependencies.py
[2026-09-13T03:33:55.718+0000] {processor.py:809} INFO - DAG(s) dict_keys(['4-dependencies']) retrieved from /opt/airflow/dags/4_dependencies.py
[2026-09-13T03:33:55.810+0000] {logging_mixin.py:149} INFO - [2026-09-13T03:33:55.810+0000] {dag.py:2726} INFO - Sync 1 DAGs
[2026-09-13T03:33:55.861+0000] {logging_mixin.py:149} INFO - [2026-09-13T03:33:55.860+0000] {dag.py:3490} INFO - Setting next_dagrun for 4-dependencies to 2023-05-01T00:00:00+00:00, run_after=2023-05-01T00:00:00+00:00
[2026-09-13T03:33:55.895+0000] {processor.py:178} INFO - Processing /opt/airflow/dags/4_dependencies.py took 0.226 seconds
[2026-09-13T03:34:26.083+0000] {processor.py:156} INFO - Started process (PID=164737) to work on /opt/airflow/dags/4_dependencies.py
[2026-09-13T03:34:26.086+0000] {processor.py:799} INFO - Processing file /opt/airflow/dags/4_dependencies.py for tasks to queue
[2026-09-13T03:34:26.088+0000] {logging_mixin.py:149} INFO - [2026-09-13T03:34:26.088+0000] {dagbag.py:541} INFO - Filling up the DagBag from /opt/airflow/dags/4_dependencies.py
[2026-09-13T03:34:26.119+0000] {processor.py:809} INFO - DAG(s) dict_keys(['4-dependencies']) retrieved from /opt/airflow/dags/4_dependencies.py
[2026-09-13T03:34:26.215+0000] {logging_mixin.py:149} INFO - [2026-09-13T03:34:26.215+0000] {dag.py:2726} INFO - Sync 1 DAGs
[2026-09-13T03:34:26.289+0000] {logging_mixin.py:149} INFO - [2026-09-13T03:34:26.288+0000] {dag.py:3490} INFO - Setting next_dagrun for 4-dependencies to 2023-05-01T00:00:00+00:00, run_after=2023-05-01T00:00:00+00:00
[2026-09-13T03:34:26.352+0000] {processor.py:178} INFO - Processing /opt/airflow/dags/4_dependencies.py took 0.280 seconds
[2026-09-13T03:34:56.602+0000] {processor.py:156} INFO - Started process (PID=164751) to work on /opt/airflow/dags/4_dependencies.py
[2026-09-13T03:34:56.606+0000] {processor.py:799} INFO - Processing file /opt/airflow/dags/4_dependencies.py for tasks to queue
[2026-09-13T03:34:56.608+0000] {logging_mixin.py:149} INFO - [2026-09-13T03:34:56.608+0000] {dagbag.py:541} INFO - Filling up the DagBag from /opt/airflow/dags/4_dependencies.py
[2026-09-13T03:34:56.639+0000] {processor.py:809} INFO - DAG(s) dict_keys(['4-dependencies']) retrieved from /opt/airflow/dags/4_dependencies.py
[2026-09-13T03:34:56.747+0000] {logging_mixin.py:149} INFO - [2026-09-13T03:34:56.746+0000] {dag.py:2726} INFO - Sync 1 DAGs
[2026-09-13T03:34:56.819+0000] {logging_mixin.py:149} INFO - [2026-09-13T03:34:56.818+0000] {dag.py:3490} INFO - Setting next_dagrun for 4-dependencies to 2023-05-01T00:00:00+00:00, run_after=2023-05-01T00:00:00+00:00
[2026-09-13T03:34:56.897+0000] {processor.py:178} INFO - Processing /opt/airflow/dags/4_dependencies.py took 0.306 seconds
[2026-09-13T03:35:26.983+0000] {processor.py:156} INFO - Started process (PID=164766) to work on /opt/airflow/dags/4_dependencies.py
[2026-09-13T03:35:26.990+0000] {processor.py:799} INFO - Processing file /opt/airflow/dags/4_dependencies.py for tasks to queue
[2026-09-13T03:35:26.992+0000] {logging_mixin.py:149} INFO - [2026-09-13T03:35:26.991+0000] {dagbag.py:541} INFO - Filling up the DagBag from /opt/airflow/dags/4_dependencies.py
[2026-09-13T03:35:27.024+0000] {processor.py:809} INFO - DAG(s) dict_keys(['4-dependencies']) retrieved from /opt/airflow/dags/4_dependencies.py
[2026-09-13T03:35:27.119+0000] {logging_mixin.py:149} INFO - [2026-09-13T03:35:27.118+0000] {dag.py:2726} INFO - Sync 1 DAGs
[2026-09-13T03:35:27.194+0000] {logging_mixin.py:149} INFO - [2026-09-13T03:35:27.193+0000] {dag.py:3490} INFO - Setting next_dagrun for 4-dependencies to 2023-05-01T00:00:00+00:00, run_after=2023-05-01T00:00:00+00:00
[2026-09-13T03:35:27.256+0000] {processor.py:178} INFO - Processing /opt/airflow/dags/4_dependencies.py took 0.283 seconds
[2026-09-13T03:35:57.434+0000] {processor.py:156} INFO - Started process (PID=164781) to work on /opt/airflow/dags/4_dependencies.py
[2026-09-13T03:35:57.437+0000] {processor.py:799} INFO - Processing file /opt/airflow/dags/4_dependencies.py for tasks to queue
[2026-09-13T03:35:57.439+0000] {logging_mixin.py:149} INFO - [2026-09-13T03:35:57.438+0000] {dagbag.py:541} INFO - Filling up the DagBag from /opt/airflow/dags/4_dependencies.py
[2026-09-13T03:35:57.467+0000] {processor.py:809} INFO - DAG(s) dict_keys(['4-dependencies']) retrieved from /opt/airflow/dags/4_dependencies.py
[2026-09-13T03:35:57.528+0000] {logging_mixin.py:149} INFO - [2026-09-13T03:35:57.527+0000] {dag.py:2726} INFO - Sync 1 DAGs
[2026-09-13T03:35:57.564+0000] {logging_mixin.py:149} INFO - [2026-09-13T03:35:57.563+0000] {dag.py:3490} INFO - Setting next_dagrun for 4-dependencies to 2023-05-01T00:00:00+00:00, run_after=2023-05-01T00:00:00+00:00
[2026-09-13T03:35:57.592+0000] {processor.py:178} INFO - Processing /opt/airflow/dags/4_dependencies.py took 0.170 seconds
[2026-09-13T03:36:27.946+0000] {processor.py:156} INFO - Started process (PID=164794) to work on /opt/airflow/dags/4_dependencies.py
[2026-09-13T03:36:27.953+0000] {processor.py:799} INFO - Processing file /opt/airflow/dags/4_dependencies.py for tasks to queue
[2026-09-13T03:36:27.955+0000] {logging_mixin.py:149} INFO - [2026-09-13T03:36:27.954+0000] {dagbag.py:541} INFO - Filling up the DagBag from /opt/airflow/dags/4_dependencies.py
[2026-09-13T03:36:27.998+0000] {processor.py:809} INFO - DAG(s) dict_keys(['4-dependencies']) retrieved from /opt/airflow/dags/4_dependencies.py
[2026-09-13T03:36:28.090+0000] {logging_mixin.py:149} INFO - [2026-09-13T03:36:28.090+0000] {dag.py:2726} INFO - Sync 1 DAGs
[2026-09-13T03:36:28.130+0000] {logging_mixin.py:149} INFO - [2026-09-13T03:36:28.129+0000] {dag.py:3490} INFO - Setting next_dagrun for 4-dependencies to 2023-05-01T00:00:00+00:00, run_after=2023-05-01T00:00:00+00:00
[2026-09-13T03:36:28.155+0000] {processor.py:178} INFO - Processing /opt/airflow/dags/4_dependencies.py took 0.223 seconds
[2026-09-13T03:36:58.428+0000] {processor.py:156} INFO - Started process (PID=164808) to work on /opt/airflow/dags/4_dependencies.py
[2026-09-13T03:36:58.431+0000] {processor.py:799} INFO - Processing file /opt/airflow/dags/4_dependencies.py for tasks to queue
[2026-09-13T03:36:58.433+0000] {logging_mixin.py:149} INFO - [2026-09-13T03:36:58.433+0000] {dagbag.py:541} INFO - Filling up the DagBag from /opt/airflow/dags/4_dependencies.py
[2026-09-13T03:36:58.460+0000] {processor.py:809} INFO - DAG(s) dict_keys(['4-dependencies']) retrieved from /opt/airflow/dags/4_dependencies.py
[2026-09-13T03:36:58.572+0000] {logging_mixin.py:149} INFO - [2026-09-13T03:36:58.572+0000] {dag.py:2726} INFO - Sync 1 DAGs
[2026-09-13T03:36:58.627+0000] {logging_mixin.py:149} INFO - [2026-09-13T03:36:58.626+0000] {dag.py:3490} INFO - Setting next_dagrun for 4-dependencies to 2023-05-01T00:00:00+00:00, run_after=2023-05-01T00:00:00+00:00
[2026-09-13T03:36:58.669+0000] {processor.py:178} INFO - Processing /opt/airflow/dags/4_dependencies.py took 0.253 seconds
[2026-09-13T04:42:06.596+0000] {processor.py:156} INFO - Started process (PID=55) to work on /opt/airflow/dags/4_dependencies.py
[2026-09-13T04:42:06.608+0000] {processor.py:799} INFO - Processing file /opt/airflow/dags/4_dependencies.py for tasks to queue
[2026-09-13T04:42:06.609+0000] {logging_mixin.py:149} INFO - [2026-09-13T04:42:06.609+0000] {dagbag.py:541} INFO - Filling up the DagBag from /opt/airflow/dags/4_dependencies.py
[2026-09-13T04:42:06.861+0000] {processor.py:809} INFO - DAG(s) dict_keys(['4-dependencies']) retrieved from /opt/airflow/dags/4_dependencies.py
[2026-09-13T04:42:07.106+0000] {logging_mixin.py:149} INFO - [2026-09-13T04:42:07.106+0000] {dag.py:2726} INFO - Sync 1 DAGs
[2026-09-13T04:42:07.170+0000] {logging_mixin.py:149} INFO - [2026-09-13T04:42:07.170+0000] {dag.py:3490} INFO - Setting next_dagrun for 4-dependencies to 2023-05-01T00:00:00+00:00, run_after=2023-05-01T00:00:00+00:00
[2026-09-13T04:42:07.214+0000] {processor.py:178} INFO - Processing /opt/airflow/dags/4_dependencies.py took 0.642 seconds
[2026-09-13T04:42:37.585+0000] {processor.py:156} INFO - Started process (PID=70) to work on /opt/airflow/dags/4_dependencies.py
[2026-09-13T04:42:37.596+0000] {processor.py:799} INFO - Processing file /opt/airflow/dags/4_dependencies.py for tasks to queue
[2026-09-13T04:42:37.598+0000] {logging_mixin.py:149} INFO - [2026-09-13T04:42:37.598+0000] {dagbag.py:541} INFO - Filling up the DagBag from /opt/airflow/dags/4_dependencies.py
[2026-09-13T04:42:37.628+0000] {processor.py:809} INFO - DAG(s) dict_keys(['4-dependencies']) retrieved from /opt/airflow/dags/4_dependencies.py
[2026-09-13T04:42:37.725+0000] {logging_mixin.py:149} INFO - [2026-09-13T04:42:37.725+0000] {dag.py:2726} INFO - Sync 1 DAGs
[2026-09-13T04:42:37.817+0000] {logging_mixin.py:149} INFO - [2026-09-13T04:42:37.816+0000] {dag.py:3490} INFO - Setting next_dagrun for 4-dependencies to 2023-05-01T00:00:00+00:00, run_after=2023-05-01T00:00:00+00:00
[2026-09-13T04:42:37.883+0000] {processor.py:178} INFO - Processing /opt/airflow/dags/4_dependencies.py took 0.307 seconds
[2026-09-13T04:43:08.328+0000] {processor.py:156} INFO - Started process (PID=84) to work on /opt/airflow/dags/4_dependencies.py
[2026-09-13T04:43:08.334+0000] {processor.py:799} INFO - Processing file /opt/airflow/dags/4_dependencies.py for tasks to queue
[2026-09-13T04:43:08.338+0000] {logging_mixin.py:149} INFO - [2026-09-13T04:43:08.338+0000] {dagbag.py:541} INFO - Filling up the DagBag from /opt/airflow/dags/4_dependencies.py
[2026-09-13T04:43:08.365+0000] {processor.py:809} INFO - DAG(s) dict_keys(['4-dependencies']) retrieved from /opt/airflow/dags/4_dependencies.py
[2026-09-13T04:43:08.443+0000] {logging_mixin.py:149} INFO - [2026-09-13T04:43:08.443+0000] {dag.py:2726} INFO - Sync 1 DAGs
[2026-09-13T04:43:08.508+0000] {logging_mixin.py:149} INFO - [2026-09-13T04:43:08.507+0000] {dag.py:3490} INFO - Setting next_dagrun for 4-dependencies to 2023-05-01T00:00:00+00:00, run_after=2023-05-01T00:00:00+00:00
[2026-09-13T04:43:08.566+0000] {processor.py:178} INFO - Processing /opt/airflow/dags/4_dependencies.py took 0.248 seconds
[2026-09-13T04:43:38.800+0000] {processor.py:156} INFO - Started process (PID=99) to work on /opt/airflow/dags/4_dependencies.py
[2026-09-13T04:43:38.806+0000] {processor.py:799} INFO - Processing file /opt/airflow/dags/4_dependencies.py for tasks to queue
[2026-09-13T04:43:38.808+0000] {logging_mixin.py:149} INFO - [2026-09-13T04:43:38.808+0000] {dagbag.py:541} INFO - Filling up the DagBag from /opt/airflow/dags/4_dependencies.py
[2026-09-13T04:43:38.840+0000] {processor.py:809} INFO - DAG(s) dict_keys(['4-dependencies']) retrieved from /opt/airflow/dags/4_dependencies.py
[2026-09-13T04:43:38.928+0000] {logging_mixin.py:149} INFO - [2026-09-13T04:43:38.927+0000] {dag.py:2726} INFO - Sync 1 DAGs
[2026-09-13T04:43:38.994+0000] {logging_mixin.py:149} INFO - [2026-09-13T04:43:38.994+0000] {dag.py:3490} INFO - Setting next_dagrun for 4-dependencies to 2023-05-01T00:00:00+00:00, run_after=2023-05-01T00:00:00+00:00
[2026-09-13T04:43:39.059+0000] {processor.py:178} INFO - Processing /opt/airflow/dags/4_dependencies.py took 0.272 seconds
[2026-09-13T04:44:09.291+0000] {processor.py:156} INFO - Started process (PID=113) to work on /opt/airflow/dags/4_dependencies.py
[2026-09-13T04:44:09.295+0000] {processor.py:799} INFO - Processing file /opt/airflow/dags/4_dependencies.py for tasks to queue
[2026-09-13T04:44:09.297+0000] {logging_mixin.py:149} INFO - [2026-09-13T04:44:09.296+0000] {dagbag.py:541} INFO - Filling up the DagBag from /opt/airflow/dags/4_dependencies.py
[2026-09-13T04:44:09.323+0000] {processor.py:809} INFO - DAG(s) dict_keys(['4-dependencies']) retrieved from /opt/airflow/dags/4_dependencies.py
[2026-09-13T04:44:09.410+0000] {logging_mixin.py:149} INFO - [2026-09-13T04:44:09.410+0000] {dag.py:2726} INFO - Sync 1 DAGs
[2026-09-13T04:44:09.473+0000] {logging_mixin.py:149} INFO - [2026-09-13T04:44:09.473+0000] {dag.py:3490} INFO - Setting next_dagrun for 4-dependencies to 2023-05-01T00:00:00+00:00, run_after=2023-05-01T00:00:00+00:00
[2026-09-13T04:44:09.525+0000] {processor.py:178} INFO - Processing /opt/airflow/dags/4_dependencies.py took 0.245 seconds
[2026-09-13T04:44:39.757+0000] {processor.py:156} INFO - Started process (PID=127) to work on /opt/airflow/dags/4_dependencies.py
[2026-09-13T04:44:39.762+0000] {processor.py:799} INFO - Processing file /opt/airflow/dags/4_dependencies.py for tasks to queue
[2026-09-13T04:44:39.767+0000] {logging_mixin.py:149} INFO - [2026-09-13T04:44:39.766+0000] {dagbag.py:541} INFO - Filling up the DagBag from /opt/airflow/dags/4_dependencies.py
[2026-09-13T04:44:39.798+0000] {processor.py:809} INFO - DAG(s) dict_keys(['4-dependencies']) retrieved from /opt/airflow/dags/4_dependencies.py
[2026-09-13T04:44:39.889+0000] {logging_mixin.py:149} INFO - [2026-09-13T04:44:39.889+0000] {dag.py:2726} INFO - Sync 1 DAGs
[2026-09-13T04:44:39.958+0000] {logging_mixin.py:149} INFO - [2026-09-13T04:44:39.958+0000] {dag.py:3490} INFO - Setting next_dagrun for 4-dependencies to 2023-05-01T00:00:00+00:00, run_after=2023-05-01T00:00:00+00:00
[2026-09-13T04:44:40.023+0000] {processor.py:178} INFO - Processing /opt/airflow/dags/4_dependencies.py took 0.277 seconds
[2026-09-13T04:45:10.164+0000] {processor.py:156} INFO - Started process (PID=141) to work on /opt/airflow/dags/4_dependencies.py
[2026-09-13T04:45:10.167+0000] {processor.py:799} INFO - Processing file /opt/airflow/dags/4_dependencies.py for tasks to queue
[2026-09-13T04:45:10.170+0000] {logging_mixin.py:149} INFO - [2026-09-13T04:45:10.169+0000] {dagbag.py:541} INFO - Filling up the DagBag from /opt/airflow/dags/4_dependencies.py
[2026-09-13T04:45:10.193+0000] {processor.py:809} INFO - DAG(s) dict_keys(['4-dependencies']) retrieved from /opt/airflow/dags/4_dependencies.py
[2026-09-13T04:45:10.277+0000] {logging_mixin.py:149} INFO - [2026-09-13T04:45:10.276+0000] {dag.py:2726} INFO - Sync 1 DAGs
[2026-09-13T04:45:10.346+0000] {logging_mixin.py:149} INFO - [2026-09-13T04:45:10.345+0000] {dag.py:3490} INFO - Setting next_dagrun for 4-dependencies to 2023-05-01T00:00:00+00:00, run_after=2023-05-01T00:00:00+00:00
[2026-09-13T04:45:10.400+0000] {processor.py:178} INFO - Processing /opt/airflow/dags/4_dependencies.py took 0.245 seconds
[2026-09-13T04:45:40.631+0000] {processor.py:156} INFO - Started process (PID=155) to work on /opt/airflow/dags/4_dependencies.py
[2026-09-13T04:45:40.634+0000] {processor.py:799} INFO - Processing file /opt/airflow/dags/4_dependencies.py for tasks to queue
[2026-09-13T04:45:40.636+0000] {logging_mixin.py:149} INFO - [2026-09-13T04:45:40.636+0000] {dagbag.py:541} INFO - Filling up the DagBag from /opt/airflow/dags/4_dependencies.py
[2026-09-13T04:45:40.666+0000] {processor.py:809} INFO - DAG(s) dict_keys(['4-dependencies']) retrieved from /opt/airflow/dags/4_dependencies.py
[2026-09-13T04:45:40.756+0000] {logging_mixin.py:149} INFO - [2026-09-13T04:45:40.756+0000] {dag.py:2726} INFO - Sync 1 DAGs
[2026-09-13T04:45:40.827+0000] {logging_mixin.py:149} INFO - [2026-09-13T04:45:40.827+0000] {dag.py:3490} INFO - Setting next_dagrun for 4-dependencies to 2023-05-01T00:00:00+00:00, run_after=2023-05-01T00:00:00+00:00
[2026-09-13T04:45:40.892+0000] {processor.py:178} INFO - Processing /opt/airflow/dags/4_dependencies.py took 0.271 seconds
[2026-09-13T04:46:11.165+0000] {processor.py:156} INFO - Started process (PID=169) to work on /opt/airflow/dags/4_dependencies.py
[2026-09-13T04:46:11.168+0000] {processor.py:799} INFO - Processing file /opt/airflow/dags/4_dependencies.py for tasks to queue
[2026-09-13T04:46:11.170+0000] {logging_mixin.py:149} INFO - [2026-09-13T04:46:11.170+0000] {dagbag.py:541} INFO - Filling up the DagBag from /opt/airflow/dags/4_dependencies.py
[2026-09-13T04:46:11.196+0000] {processor.py:809} INFO - DAG(s) dict_keys(['4-dependencies']) retrieved from /opt/airflow/dags/4_dependencies.py
[2026-09-13T04:46:11.285+0000] {logging_mixin.py:149} INFO - [2026-09-13T04:46:11.285+0000] {dag.py:2726} INFO - Sync 1 DAGs
[2026-09-13T04:46:11.367+0000] {logging_mixin.py:149} INFO - [2026-09-13T04:46:11.366+0000] {dag.py:3490} INFO - Setting next_dagrun for 4-dependencies to 2023-05-01T00:00:00+00:00, run_after=2023-05-01T00:00:00+00:00
[2026-09-13T04:46:11.420+0000] {processor.py:178} INFO - Processing /opt/airflow/dags/4_dependencies.py took 0.265 seconds
[2026-09-13T04:46:41.501+0000] {processor.py:156} INFO - Started process (PID=183) to work on /opt/airflow/dags/4_dependencies.py
[2026-09-13T04:46:41.504+0000] {processor.py:799} INFO - Processing file /opt/airflow/dags/4_dependencies.py for tasks to queue
[2026-09-13T04:46:41.506+0000] {logging_mixin.py:149} INFO - [2026-09-13T04:46:41.505+0000] {dagbag.py:541} INFO - Filling up the DagBag from /opt/airflow/dags/4_dependencies.py
[2026-09-13T04:46:41.531+0000] {processor.py:809} INFO - DAG(s) dict_keys(['4-dependencies']) retrieved from /opt/airflow/dags/4_dependencies.py
[2026-09-13T04:46:41.613+0000] {logging_mixin.py:149} INFO - [2026-09-13T04:46:41.613+0000] {dag.py:2726} INFO - Sync 1 DAGs
[2026-09-13T04:46:41.697+0000] {logging_mixin.py:149} INFO - [2026-09-13T04:46:41.697+0000] {dag.py:3490} INFO - Setting next_dagrun for 4-dependencies to 2023-05-01T00:00:00+00:00, run_after=2023-05-01T00:00:00+00:00
[2026-09-13T04:46:41.754+0000] {processor.py:178} INFO - Processing /opt/airflow/dags/4_dependencies.py took 0.263 seconds
[2026-09-13T04:47:12.610+0000] {processor.py:156} INFO - Started process (PID=197) to work on /opt/airflow/dags/4_dependencies.py
[2026-09-13T04:47:12.614+0000] {processor.py:799} INFO - Processing file /opt/airflow/dags/4_dependencies.py for tasks to queue
[2026-09-13T04:47:12.615+0000] {logging_mixin.py:149} INFO - [2026-09-13T04:47:12.615+0000] {dagbag.py:541} INFO - Filling up the DagBag from /opt/airflow/dags/4_dependencies.py
[2026-09-13T04:47:12.644+0000] {processor.py:809} INFO - DAG(s) dict_keys(['4-dependencies']) retrieved from /opt/airflow/dags/4_dependencies.py
[2026-09-13T04:47:12.705+0000] {logging_mixin.py:149} INFO - [2026-09-13T04:47:12.705+0000] {dag.py:2726} INFO - Sync 1 DAGs
[2026-09-13T04:47:12.745+0000] {logging_mixin.py:149} INFO - [2026-09-13T04:47:12.744+0000] {dag.py:3490} INFO - Setting next_dagrun for 4-dependencies to 2023-05-01T00:00:00+00:00, run_after=2023-05-01T00:00:00+00:00
[2026-09-13T04:47:12.769+0000] {processor.py:178} INFO - Processing /opt/airflow/dags/4_dependencies.py took 0.169 seconds
[2026-09-13T04:47:42.822+0000] {processor.py:156} INFO - Started process (PID=211) to work on /opt/airflow/dags/4_dependencies.py
[2026-09-13T04:47:42.824+0000] {processor.py:799} INFO - Processing file /opt/airflow/dags/4_dependencies.py for tasks to queue
[2026-09-13T04:47:42.827+0000] {logging_mixin.py:149} INFO - [2026-09-13T04:47:42.826+0000] {dagbag.py:541} INFO - Filling up the DagBag from /opt/airflow/dags/4_dependencies.py
[2026-09-13T04:47:42.859+0000] {processor.py:809} INFO - DAG(s) dict_keys(['4-dependencies']) retrieved from /opt/airflow/dags/4_dependencies.py
[2026-09-13T04:47:42.943+0000] {logging_mixin.py:149} INFO - [2026-09-13T04:47:42.942+0000] {dag.py:2726} INFO - Sync 1 DAGs
[2026-09-13T04:47:43.006+0000] {logging_mixin.py:149} INFO - [2026-09-13T04:47:43.006+0000] {dag.py:3490} INFO - Setting next_dagrun for 4-dependencies to 2023-05-01T00:00:00+00:00, run_after=2023-05-01T00:00:00+00:00
[2026-09-13T04:47:43.060+0000] {processor.py:178} INFO - Processing /opt/airflow/dags/4_dependencies.py took 0.244 seconds
[2026-09-13T04:48:13.977+0000] {processor.py:156} INFO - Started process (PID=226) to work on /opt/airflow/dags/4_dependencies.py
[2026-09-13T04:48:13.981+0000] {processor.py:799} INFO - Processing file /opt/airflow/dags/4_dependencies.py for tasks to queue
[2026-09-13T04:48:13.983+0000] {logging_mixin.py:149} INFO - [2026-09-13T04:48:13.982+0000] {dagbag.py:541} INFO - Filling up the DagBag from /opt/airflow/dags/4_dependencies.py
[2026-09-13T04:48:14.016+0000] {processor.py:809} INFO - DAG(s) dict_keys(['4-dependencies']) retrieved from /opt/airflow/dags/4_dependencies.py
[2026-09-13T04:48:14.080+0000] {logging_mixin.py:149} INFO - [2026-09-13T04:48:14.080+0000] {dag.py:2726} INFO - Sync 1 DAGs
[2026-09-13T04:48:14.124+0000] {logging_mixin.py:149} INFO - [2026-09-13T04:48:14.123+0000] {dag.py:3490} INFO - Setting next_dagrun for 4-dependencies to 2023-05-01T00:00:00+00:00, run_after=2023-05-01T00:00:00+00:00
[2026-09-13T04:48:14.176+0000] {processor.py:178} INFO - Processing /opt/airflow/dags/4_dependencies.py took 0.210 seconds
[2026-09-13T04:48:44.314+0000] {processor.py:156} INFO - Started process (PID=241) to work on /opt/airflow/dags/4_dependencies.py
[2026-09-13T04:48:44.317+0000] {processor.py:799} INFO - Processing file /opt/airflow/dags/4_dependencies.py for tasks to queue
[2026-09-13T04:48:44.319+0000] {logging_mixin.py:149} INFO - [2026-09-13T04:48:44.319+0000] {dagbag.py:541} INFO - Filling up the DagBag from /opt/airflow/dags/4_dependencies.py
[2026-09-13T04:48:44.348+0000] {processor.py:809} INFO - DAG(s) dict_keys(['4-dependencies']) retrieved from /opt/airflow/dags/4_dependencies.py
[2026-09-13T04:48:44.429+0000] {logging_mixin.py:149} INFO - [2026-09-13T04:48:44.429+0000] {dag.py:2726} INFO - Sync 1 DAGs
[2026-09-13T04:48:44.485+0000] {logging_mixin.py:149} INFO - [2026-09-13T04:48:44.485+0000] {dag.py:3490} INFO - Setting next_dagrun for 4-dependencies to 2023-05-01T00:00:00+00:00, run_after=2023-05-01T00:00:00+00:00
[2026-09-13T04:48:44.547+0000] {processor.py:178} INFO - Processing /opt/airflow/dags/4_dependencies.py took 0.243 seconds
[2026-09-13T04:49:14.701+0000] {processor.py:156} INFO - Started process (PID=255) to work on /opt/airflow/dags/4_dependencies.py
[2026-09-13T04:49:14.703+0000] {processor.py:799} INFO - Processing file /opt/airflow/dags/4_dependencies.py for tasks to queue
[2026-09-13T04:49:14.706+0000] {logging_mixin.py:149} INFO - [2026-09-13T04:49:14.705+0000] {dagbag.py:541} INFO - Filling up the DagBag from /opt/airflow/dags/4_dependencies.py
[2026-09-13T04:49:14.742+0000] {processor.py:809} INFO - DAG(s) dict_keys(['4-dependencies']) retrieved from /opt/airflow/dags/4_dependencies.py
[2026-09-13T04:49:14.827+0000] {logging_mixin.py:149} INFO - [2026-09-13T04:49:14.827+0000] {dag.py:2726} INFO - Sync 1 DAGs
[2026-09-13T04:49:14.910+0000] {logging_mixin.py:149} INFO - [2026-09-13T04:49:14.910+0000] {dag.py:3490} INFO - Setting next_dagrun for 4-dependencies to 2023-05-01T00:00:00+00:00, run_after=2023-05-01T00:00:00+00:00
[2026-09-13T04:49:14.982+0000] {processor.py:178} INFO - Processing /opt/airflow/dags/4_dependencies.py took 0.296 seconds
[2026-09-13T04:49:45.162+0000] {processor.py:156} INFO - Started process (PID=269) to work on /opt/airflow/dags/4_dependencies.py
[2026-09-13T04:49:45.166+0000] {processor.py:799} INFO - Processing file /opt/airflow/dags/4_dependencies.py for tasks to queue
[2026-09-13T04:49:45.168+0000] {logging_mixin.py:149} INFO - [2026-09-13T04:49:45.167+0000] {dagbag.py:541} INFO - Filling up the DagBag from /opt/airflow/dags/4_dependencies.py
[2026-09-13T04:49:45.196+0000] {processor.py:809} INFO - DAG(s) dict_keys(['4-dependencies']) retrieved from /opt/airflow/dags/4_dependencies.py
[2026-09-13T04:49:45.278+0000] {logging_mixin.py:149} INFO - [2026-09-13T04:49:45.278+0000] {dag.py:2726} INFO - Sync 1 DAGs
[2026-09-13T04:49:45.367+0000] {logging_mixin.py:149} INFO - [2026-09-13T04:49:45.366+0000] {dag.py:3490} INFO - Setting next_dagrun for 4-dependencies to 2023-05-01T00:00:00+00:00, run_after=2023-05-01T00:00:00+00:00
[2026-09-13T04:49:45.416+0000] {processor.py:178} INFO - Processing /opt/airflow/dags/4_dependencies.py took 0.263 seconds
[2026-09-13T04:50:15.578+0000] {processor.py:156} INFO - Started process (PID=283) to work on /opt/airflow/dags/4_dependencies.py
[2026-09-13T04:50:15.582+0000] {processor.py:799} INFO - Processing file /opt/airflow/dags/4_dependencies.py for tasks to queue
[2026-09-13T04:50:15.584+0000] {logging_mixin.py:149} INFO - [2026-09-13T04:50:15.584+0000] {dagbag.py:541} INFO - Filling up the DagBag from /opt/airflow/dags/4_dependencies.py
[2026-09-13T04:50:15.611+0000] {processor.py:809} INFO - DAG(s) dict_keys(['4-dependencies']) retrieved from /opt/airflow/dags/4_dependencies.py
[2026-09-13T04:50:15.700+0000] {logging_mixin.py:149} INFO - [2026-09-13T04:50:15.700+0000] {dag.py:2726} INFO - Sync 1 DAGs
[2026-09-13T04:50:15.762+0000] {logging_mixin.py:149} INFO - [2026-09-13T04:50:15.762+0000] {dag.py:3490} INFO - Setting next_dagrun for 4-dependencies to 2023-05-01T00:00:00+00:00, run_after=2023-05-01T00:00:00+00:00
[2026-09-13T04:50:15.825+0000] {processor.py:178} INFO - Processing /opt/airflow/dags/4_dependencies.py took 0.259 seconds
[2026-09-13T04:50:45.896+0000] {processor.py:156} INFO - Started process (PID=298) to work on /opt/airflow/dags/4_dependencies.py
[2026-09-13T04:50:45.899+0000] {processor.py:799} INFO - Processing file /opt/airflow/dags/4_dependencies.py for tasks to queue
[2026-09-13T04:50:45.901+0000] {logging_mixin.py:149} INFO - [2026-09-13T04:50:45.901+0000] {dagbag.py:541} INFO - Filling up the DagBag from /opt/airflow/dags/4_dependencies.py
[2026-09-13T04:50:45.929+0000] {processor.py:809} INFO - DAG(s) dict_keys(['4-dependencies']) retrieved from /opt/airflow/dags/4_dependencies.py
[2026-09-13T04:50:46.012+0000] {logging_mixin.py:149} INFO - [2026-09-13T04:50:46.012+0000] {dag.py:2726} INFO - Sync 1 DAGs
[2026-09-13T04:50:46.078+0000] {logging_mixin.py:149} INFO - [2026-09-13T04:50:46.077+0000] {dag.py:3490} INFO - Setting next_dagrun for 4-dependencies to 2023-05-01T00:00:00+00:00, run_after=2023-05-01T00:00:00+00:00
[2026-09-13T04:50:46.138+0000] {processor.py:178} INFO - Processing /opt/airflow/dags/4_dependencies.py took 0.252 seconds
[2026-09-13T04:51:16.338+0000] {processor.py:156} INFO - Started process (PID=312) to work on /opt/airflow/dags/4_dependencies.py
[2026-09-13T04:51:16.346+0000] {processor.py:799} INFO - Processing file /opt/airflow/dags/4_dependencies.py for tasks to queue
[2026-09-13T04:51:16.348+0000] {logging_mixin.py:149} INFO - [2026-09-13T04:51:16.348+0000] {dagbag.py:541} INFO - Filling up the DagBag from /opt/airflow/dags/4_dependencies.py
[2026-09-13T04:51:16.381+0000] {processor.py:809} INFO - DAG(s) dict_keys(['4-dependencies']) retrieved from /opt/airflow/dags/4_dependencies.py
[2026-09-13T04:51:16.458+0000] {logging_mixin.py:149} INFO - [2026-09-13T04:51:16.457+0000] {dag.py:2726} INFO - Sync 1 DAGs
[2026-09-13T04:51:16.531+0000] {logging_mixin.py:149} INFO - [2026-09-13T04:51:16.530+0000] {dag.py:3490} INFO - Setting next_dagrun for 4-dependencies to 2023-05-01T00:00:00+00:00, run_after=2023-05-01T00:00:00+00:00
[2026-09-13T04:51:16.572+0000] {processor.py:178} INFO - Processing /opt/airflow/dags/4_dependencies.py took 0.245 seconds
[2026-09-13T04:51:46.791+0000] {processor.py:156} INFO - Started process (PID=326) to work on /opt/airflow/dags/4_dependencies.py
[2026-09-13T04:51:46.795+0000] {processor.py:799} INFO - Processing file /opt/airflow/dags/4_dependencies.py for tasks to queue
[2026-09-13T04:51:46.797+0000] {logging_mixin.py:149} INFO - [2026-09-13T04:51:46.797+0000] {dagbag.py:541} INFO - Filling up the DagBag from /opt/airflow/dags/4_dependencies.py
[2026-09-13T04:51:46.822+0000] {processor.py:809} INFO - DAG(s) dict_keys(['4-dependencies']) retrieved from /opt/airflow/dags/4_dependencies.py
[2026-09-13T04:51:46.905+0000] {logging_mixin.py:149} INFO - [2026-09-13T04:51:46.905+0000] {dag.py:2726} INFO - Sync 1 DAGs
[2026-09-13T04:51:46.985+0000] {logging_mixin.py:149} INFO - [2026-09-13T04:51:46.984+0000] {dag.py:3490} INFO - Setting next_dagrun for 4-dependencies to 2023-05-01T00:00:00+00:00, run_after=2023-05-01T00:00:00+00:00
[2026-09-13T04:51:47.039+0000] {processor.py:178} INFO - Processing /opt/airflow/dags/4_dependencies.py took 0.260 seconds
[2026-09-13T04:52:17.301+0000] {processor.py:156} INFO - Started process (PID=340) to work on /opt/airflow/dags/4_dependencies.py
[2026-09-13T04:52:17.305+0000] {processor.py:799} INFO - Processing file /opt/airflow/dags/4_dependencies.py for tasks to queue
[2026-09-13T04:52:17.307+0000] {logging_mixin.py:149} INFO - [2026-09-13T04:52:17.307+0000] {dagbag.py:541} INFO - Filling up the DagBag from /opt/airflow/dags/4_dependencies.py
[2026-09-13T04:52:17.337+0000] {processor.py:809} INFO - DAG(s) dict_keys(['4-dependencies']) retrieved from /opt/airflow/dags/4_dependencies.py
[2026-09-13T04:52:17.434+0000] {logging_mixin.py:149} INFO - [2026-09-13T04:52:17.434+0000] {dag.py:2726} INFO - Sync 1 DAGs
[2026-09-13T04:52:17.501+0000] {logging_mixin.py:149} INFO - [2026-09-13T04:52:17.500+0000] {dag.py:3490} INFO - Setting next_dagrun for 4-dependencies to 2023-05-01T00:00:00+00:00, run_after=2023-05-01T00:00:00+00:00
[2026-09-13T04:52:17.568+0000] {processor.py:178} INFO - Processing /opt/airflow/dags/4_dependencies.py took 0.277 seconds
[2026-09-13T04:52:47.676+0000] {processor.py:156} INFO - Started process (PID=354) to work on /opt/airflow/dags/4_dependencies.py
[2026-09-13T04:52:47.680+0000] {processor.py:799} INFO - Processing file /opt/airflow/dags/4_dependencies.py for tasks to queue
[2026-09-13T04:52:47.682+0000] {logging_mixin.py:149} INFO - [2026-09-13T04:52:47.682+0000] {dagbag.py:541} INFO - Filling up the DagBag from /opt/airflow/dags/4_dependencies.py
[2026-09-13T04:52:47.709+0000] {processor.py:809} INFO - DAG(s) dict_keys(['4-dependencies']) retrieved from /opt/airflow/dags/4_dependencies.py
[2026-09-13T04:52:47.793+0000] {logging_mixin.py:149} INFO - [2026-09-13T04:52:47.793+0000] {dag.py:2726} INFO - Sync 1 DAGs
[2026-09-13T04:52:47.850+0000] {logging_mixin.py:149} INFO - [2026-09-13T04:52:47.849+0000] {dag.py:3490} INFO - Setting next_dagrun for 4-dependencies to 2023-05-01T00:00:00+00:00, run_after=2023-05-01T00:00:00+00:00
[2026-09-13T04:52:47.892+0000] {processor.py:178} INFO - Processing /opt/airflow/dags/4_dependencies.py took 0.227 seconds
