[2026-09-13T00:00:29.438+0000] {processor.py:156} INFO - Started process (PID=158792) to work on /opt/airflow/dags/5_orchestration.py
[2026-09-13T00:00:29.440+0000] {processor.py:799} INFO - Processing file /opt/airflow/dags/5_orchestration.py for tasks to queue
[2026-09-13T00:00:29.441+0000] {logging_mixin.py:149} INFO - [2026-09-13T00:00:29.441+0000] {dagbag.py:541} INFO - Filling up the DagBag from /opt/airflow/dags/5_orchestration.py
[2026-09-13T00:00:29.476+0000] {processor.py:809} INFO - DAG(s) dict_keys(['5-orchestration']) retrieved from /opt/airflow/dags/5_orchestration.py
[2026-09-13T00:00:29.563+0000] {logging_mixin.py:149} INFO - [2026-09-13T00:00:29.562+0000] {dag.py:2726} INFO - Sync 1 DAGs
[2026-09-13T00:00:29.614+0000] {logging_mixin.py:149} INFO - [2026-09-13T00:00:29.614+0000] {dag.py:3490} INFO - Setting next_dagrun for 5-orchestration to 2023-05-01T00:00:00+00:00, run_after=2023-05-02T00:00:00+00:00
[2026-09-13T00:00:29.655+0000] {processor.py:178} INFO - Processing /opt/airflow/dags/5_orchestration.py took 0.224 seconds
[2026-09-13T00:00:59.763+0000] {processor.py:156} INFO - Started process (PID=158806) to work on /opt/airflow/dags/5_orchestration.py
[2026-09-13T00:00:59.767+0000] {processor.py:799} INFO - Processing file /opt/airflow/dags/5_orchestration.py for tasks to queue
[2026-09-13T00:00:59.769+0000] {logging_mixin.py:149} INFO - [2026-09-13T00:00:59.768+0000] {dagbag.py:541} INFO - Filling up the DagBag from /opt/airflow/dags/5_orchestration.py
[2026-09-13T00:00:59.823+0000] {processor.py:809} INFO - DAG(s) dict_keys(['5-orchestration']) retrieved from /opt/airflow/dags/5_orchestration.py
[2026-09-13T00:00:59.924+0000] {logging_mixin.py:149} INFO - [2026-09-13T00:00:59.924+0000] {dag.py:2726} INFO - Sync 1 DAGs
[2026-09-13T00:00:59.999+0000] {logging_mixin.py:149} INFO - [2026-09-13T00:00:59.999+0000] {dag.py:3490} INFO - Setting next_dagrun for 5-orchestration to 2023-05-01T00:00:00+00:00, run_after=2023-05-02T00:00:00+00:00
[2026-09-13T00:01:00.062+0000] {processor.py:178} INFO - Processing /opt/airflow/dags/5_orchestration.py took 0.310 seconds
[2026-09-13T00:01:30.142+0000] {processor.py:156} INFO - Started process (PID=158820) to work on /opt/airflow/dags/5_orchestration.py
[2026-09-13T00:01:30.145+0000] {processor.py:799} INFO - Processing file /opt/airflow/dags/5_orchestration.py for tasks to queue
[2026-09-13T00:01:30.147+0000] {logging_mixin.py:149} INFO - [2026-09-13T00:01:30.147+0000] {dagbag.py:541} INFO - Filling up the DagBag from /opt/airflow/dags/5_orchestration.py
[2026-09-13T00:01:30.183+0000] {processor.py:809} INFO - DAG(s) dict_keys(['5-orchestration']) retrieved from /opt/airflow/dags/5_orchestration.py
[2026-09-13T00:01:30.267+0000] {logging_mixin.py:149} INFO - [2026-09-13T00:01:30.267+0000] {dag.py:2726} INFO - Sync 1 DAGs
[2026-09-13T00:01:30.333+0000] {logging_mixin.py:149} INFO - [2026-09-13T00:01:30.332+0000] {dag.py:3490} INFO - Setting next_dagrun for 5-orchestration to 2023-05-01T00:00:00+00:00, run_after=2023-05-02T00:00:00+00:00
[2026-09-13T00:01:30.372+0000] {processor.py:178} INFO - Processing /opt/airflow/dags/5_orchestration.py took 0.242 seconds
[2026-09-13T00:02:00.603+0000] {processor.py:156} INFO - Started process (PID=158833) to work on /opt/airflow/dags/5_orchestration.py
[2026-09-13T00:02:00.607+0000] {processor.py:799} INFO - Processing file /opt/airflow/dags/5_orchestration.py for tasks to queue
[2026-09-13T00:02:00.609+0000] {logging_mixin.py:149} INFO - [2026-09-13T00:02:00.608+0000] {dagbag.py:541} INFO - Filling up the DagBag from /opt/airflow/dags/5_orchestration.py
[2026-09-13T00:02:00.646+0000] {processor.py:809} INFO - DAG(s) dict_keys(['5-orchestration']) retrieved from /opt/airflow/dags/5_orchestration.py
[2026-09-13T00:02:00.740+0000] {logging_mixin.py:149} INFO - [2026-09-13T00:02:00.739+0000] {dag.py:2726} INFO - Sync 1 DAGs
[2026-09-13T00:02:00.834+0000] {logging_mixin.py:149} INFO - [2026-09-13T00:02:00.833+0000] {dag.py:3490} INFO - Setting next_dagrun for 5-orchestration to 2023-05-01T00:00:00+00:00, run_after=2023-05-02T00:00:00+00:00
[2026-09-13T00:02:00.888+0000] {processor.py:178} INFO - Processing /opt/airflow/dags/5_orchestration.py took 0.298 seconds
[2026-09-13T00:02:31.054+0000] {processor.py:156} INFO - Started process (PID=158847) to work on /opt/airflow/dags/5_orchestration.py
[2026-09-13T00:02:31.057+0000] {processor.py:799} INFO - Processing file /opt/airflow/dags/5_orchestration.py for tasks to queue
[2026-09-13T00:02:31.059+0000] {logging_mixin.py:149} INFO - [2026-09-13T00:02:31.059+0000] {dagbag.py:541} INFO - Filling up the DagBag from /opt/airflow/dags/5_orchestration.py
[2026-09-13T00:02:31.105+0000] {processor.py:809} INFO - DAG(s) dict_keys(['5-orchestration']) retrieved from /opt/airflow/dags/5_orchestration.py
[2026-09-13T00:02:31.204+0000] {logging_mixin.py:149} INFO - [2026-09-13T00:02:31.204+0000] {dag.py:2726} INFO - Sync 1 DAGs
[2026-09-13T00:02:31.277+0000] {logging_mixin.py:149} INFO - [2026-09-13T00:02:31.277+0000] {dag.py:3490} INFO - Setting next_dagrun for 5-orchestration to 2023-05-01T00:00:00+00:00, run_after=2023-05-02T00:00:00+00:00
[2026-09-13T00:02:31.331+0000] {processor.py:178} INFO - Processing /opt/airflow/dags/5_orchestration.py took 0.290 seconds
[2026-09-13T00:03:01.508+0000] {processor.py:156} INFO - Started process (PID=158862) to work on /opt/airflow/dags/5_orchestration.py
[2026-09-13T00:03:01.512+0000] {processor.py:799} INFO - Processing file /opt/airflow/dags/5_orchestration.py for tasks to queue
[2026-09-13T00:03:01.514+0000] {logging_mixin.py:149} INFO - [2026-09-13T00:03:01.514+0000] {dagbag.py:541} INFO - Filling up the DagBag from /opt/airflow/dags/5_orchestration.py
[2026-09-13T00:03:01.558+0000] {processor.py:809} INFO - DAG(s) dict_keys(['5-orchestration']) retrieved from /opt/airflow/dags/5_orchestration.py
[2026-09-13T00:03:01.646+0000] {logging_mixin.py:149} INFO - [2026-09-13T00:03:01.646+0000] {dag.py:2726} INFO - Sync 1 DAGs
[2026-09-13T00:03:01.719+0000] {logging_mixin.py:149} INFO - [2026-09-13T00:03:01.718+0000] {dag.py:3490} INFO - Setting next_dagrun for 5-orchestration to 2023-05-01T00:00:00+00:00, run_after=2023-05-02T00:00:00+00:00
[2026-09-13T00:03:01.794+0000] {processor.py:178} INFO - Processing /opt/airflow/dags/5_orchestration.py took 0.299 seconds
[2026-09-13T00:03:32.008+0000] {processor.py:156} INFO - Started process (PID=158876) to work on /opt/airflow/dags/5_orchestration.py
[2026-09-13T00:03:32.010+0000] {processor.py:799} INFO - Processing file /opt/airflow/dags/5_orchestration.py for tasks to queue
[2026-09-13T00:03:32.013+0000] {logging_mixin.py:149} INFO - [2026-09-13T00:03:32.012+0000] {dagbag.py:541} INFO - Filling up the DagBag from /opt/airflow/dags/5_orchestration.py
[2026-09-13T00:03:32.060+0000] {processor.py:809} INFO - DAG(s) dict_keys(['5-orchestration']) retrieved from /opt/airflow/dags/5_orchestration.py
[2026-09-13T00:03:32.123+0000] {logging_mixin.py:149} INFO - [2026-09-13T00:03:32.122+0000] {dag.py:2726} INFO - Sync 1 DAGs
[2026-09-13T00:03:32.203+0000] {logging_mixin.py:149} INFO - [2026-09-13T00:03:32.203+0000] {dag.py:3490} INFO - Setting next_dagrun for 5-orchestration to 2023-05-01T00:00:00+00:00, run_after=2023-05-02T00:00:00+00:00
[2026-09-13T00:03:32.259+0000] {processor.py:178} INFO - Processing /opt/airflow/dags/5_orchestration.py took 0.257 seconds
[2026-09-13T00:04:02.449+0000] {processor.py:156} INFO - Started process (PID=158890) to work on /opt/airflow/dags/5_orchestration.py
[2026-09-13T00:04:02.453+0000] {processor.py:799} INFO - Processing file /opt/airflow/dags/5_orchestration.py for tasks to queue
[2026-09-13T00:04:02.455+0000] {logging_mixin.py:149} INFO - [2026-09-13T00:04:02.455+0000] {dagbag.py:541} INFO - Filling up the DagBag from /opt/airflow/dags/5_orchestration.py
[2026-09-13T00:04:02.492+0000] {processor.py:809} INFO - DAG(s) dict_keys(['5-orchestration']) retrieved from /opt/airflow/dags/5_orchestration.py
[2026-09-13T00:04:02.582+0000] {logging_mixin.py:149} INFO - [2026-09-13T00:04:02.582+0000] {dag.py:2726} INFO - Sync 1 DAGs
[2026-09-13T00:04:02.652+0000] {logging_mixin.py:149} INFO - [2026-09-13T00:04:02.652+0000] {dag.py:3490} INFO - Setting next_dagrun for 5-orchestration to 2023-05-01T00:00:00+00:00, run_after=2023-05-02T00:00:00+00:00
[2026-09-13T00:04:02.711+0000] {processor.py:178} INFO - Processing /opt/airflow/dags/5_orchestration.py took 0.274 seconds
[2026-09-13T00:04:32.970+0000] {processor.py:156} INFO - Started process (PID=158904) to work on /opt/airflow/dags/5_orchestration.py
[2026-09-13T00:04:32.973+0000] {processor.py:799} INFO - Processing file /opt/airflow/dags/5_orchestration.py for tasks to queue
[2026-09-13T00:04:32.975+0000] {logging_mixin.py:149} INFO - [2026-09-13T00:04:32.975+0000] {dagbag.py:541} INFO - Filling up the DagBag from /opt/airflow/dags/5_orchestration.py
[2026-09-13T00:04:33.009+0000] {processor.py:809} INFO - DAG(s) dict_keys(['5-orchestration']) retrieved from /opt/airflow/dags/5_orchestration.py
[2026-09-13T00:04:33.081+0000] {logging_mixin.py:149} INFO - [2026-09-13T00:04:33.081+0000] {dag.py:2726} INFO - Sync 1 DAGs
[2026-09-13T00:04:33.138+0000] {logging_mixin.py:149} INFO - [2026-09-13T00:04:33.138+0000] {dag.py:3490} INFO - Setting next_dagrun for 5-orchestration to 2023-05-01T00:00:00+00:00, run_after=2023-05-02T00:00:00+00:00
[2026-09-13T00:04:33.194+0000] {processor.py:178} INFO - Processing /opt/airflow/dags/5_orchestration.py took 0.240 seconds
[2026-09-13T00:05:03.510+0000] {processor.py:156} INFO - Started process (PID=158918) to work on /opt/airflow/dags/5_orchestration.py
[2026-09-13T00:05:03.513+0000] {processor.py:799} INFO - Processing file /opt/airflow/dags/5_orchestration.py for tasks to queue
[2026-09-13T00:05:03.515+0000] {logging_mixin.py:149} INFO - [2026-09-13T00:05:03.515+0000] {dagbag.py:541} INFO - Filling up the DagBag from /opt/airflow/dags/5_orchestration.py
[2026-09-13T00:05:03.550+0000] {processor.py:809} INFO - DAG(s) dict_keys(['5-orchestration']) retrieved from /opt/airflow/dags/5_orchestration.py
[2026-09-13T00:05:03.647+0000] {logging_mixin.py:149} INFO - [2026-09-13T00:05:03.647+0000] {dag.py:2726} INFO - Sync 1 DAGs
[2026-09-13T00:05:03.728+0000] {logging_mixin.py:149} INFO - [2026-09-13T00:05:03.728+0000] {dag.py:3490} INFO - Setting next_dagrun for 5-orchestration to 2023-05-01T00:00:00+00:00, run_after=2023-05-02T00:00:00+00:00
[2026-09-13T00:05:03.792+0000] {processor.py:178} INFO - Processing /opt/airflow/dags/5_orchestration.py took 0.293 seconds
[2026-09-13T00:05:33.933+0000] {processor.py:156} INFO - Started process (PID=158933) to work on /opt/airflow/dags/5_orchestration.py
[2026-09-13T00:05:33.935+0000] {processor.py:799} INFO - Processing file /opt/airflow/dags/5_orchestration.py for tasks to queue
[2026-09-13T00:05:33.937+0000] {logging_mixin.py:149} INFO - [2026-09-13T00:05:33.937+0000] {dagbag.py:541} INFO - Filling up the DagBag from /opt/airflow/dags/5_orchestration.py
[2026-09-13T00:05:33.976+0000] {processor.py:809} INFO - DAG(s) dict_keys(['5-orchestration']) retrieved from /opt/airflow/dags/5_orchestration.py
[2026-09-13T00:05:34.077+0000] {logging_mixin.py:149} INFO - [2026-09-13T00:05:34.076+0000] {dag.py:2726} INFO - Sync 1 DAGs
[2026-09-13T00:05:34.137+0000] {logging_mixin.py:149} INFO - [2026-09-13T00:05:34.136+0000] {dag.py:3490} INFO - Setting next_dagrun for 5-orchestration to 2023-05-01T00:00:00+00:00, run_after=2023-05-02T00:00:00+00:00
[2026-09-13T00:05:34.200+0000] {processor.py:178} INFO - Processing /opt/airflow/dags/5_orchestration.py took 0.279 seconds
[2026-09-13T00:06:04.283+0000] {processor.py:156} INFO - Started process (PID=158947) to work on /opt/airflow/dags/5_orchestration.py
[2026-09-13T00:06:04.289+0000] {processor.py:799} INFO - Processing file /opt/airflow/dags/5_orchestration.py for tasks to queue
[2026-09-13T00:06:04.291+0000] {logging_mixin.py:149} INFO - [2026-09-13T00:06:04.291+0000] {dagbag.py:541} INFO - Filling up the DagBag from /opt/airflow/dags/5_orchestration.py
[2026-09-13T00:06:04.331+0000] {processor.py:809} INFO - DAG(s) dict_keys(['5-orchestration']) retrieved from /opt/airflow/dags/5_orchestration.py
[2026-09-13T00:06:04.412+0000] {logging_mixin.py:149} INFO - [2026-09-13T00:06:04.411+0000] {dag.py:2726} INFO - Sync 1 DAGs
[2026-09-13T00:06:04.504+0000] {logging_mixin.py:149} INFO - [2026-09-13T00:06:04.503+0000] {dag.py:3490} INFO - Setting next_dagrun for 5-orchestration to 2023-05-01T00:00:00+00:00, run_after=2023-05-02T00:00:00+00:00
[2026-09-13T00:06:04.565+0000] {processor.py:178} INFO - Processing /opt/airflow/dags/5_orchestration.py took 0.290 seconds
[2026-09-13T00:06:34.731+0000] {processor.py:156} INFO - Started process (PID=158961) to work on /opt/airflow/dags/5_orchestration.py
[2026-09-13T00:06:34.733+0000] {processor.py:799} INFO - Processing file /opt/airflow/dags/5_orchestration.py for tasks to queue
[2026-09-13T00:06:34.733+0000] {logging_mixin.py:149} INFO - [2026-09-13T00:06:34.733+0000] {dagbag.py:541} INFO - Filling up the DagBag from /opt/airflow/dags/5_orchestration.py
[2026-09-13T00:06:34.754+0000] {processor.py:809} INFO - DAG(s) dict_keys(['5-orchestration']) retrieved from /opt/airflow/dags/5_orchestration.py
[2026-09-13T00:06:34.820+0000] {logging_mixin.py:149} INFO - [2026-09-13T00:06:34.820+0000] {dag.py:2726} INFO - Sync 1 DAGs
[2026-09-13T00:06:34.875+0000] {logging_mixin.py:149} INFO - [2026-09-13T00:06:34.874+0000] {dag.py:3490} INFO - Setting next_dagrun for 5-orchestration to 2023-05-01T00:00:00+00:00, run_after=2023-05-02T00:00:00+00:00
[2026-09-13T00:06:34.945+0000] {processor.py:178} INFO - Processing /opt/airflow/dags/5_orchestration.py took 0.229 seconds
[2026-09-13T00:07:05.774+0000] {processor.py:156} INFO - Started process (PID=158974) to work on /opt/airflow/dags/5_orchestration.py
[2026-09-13T00:07:05.792+0000] {processor.py:799} INFO - Processing file /opt/airflow/dags/5_orchestration.py for tasks to queue
[2026-09-13T00:07:05.797+0000] {logging_mixin.py:149} INFO - [2026-09-13T00:07:05.796+0000] {dagbag.py:541} INFO - Filling up the DagBag from /opt/airflow/dags/5_orchestration.py
[2026-09-13T00:07:05.833+0000] {processor.py:809} INFO - DAG(s) dict_keys(['5-orchestration']) retrieved from /opt/airflow/dags/5_orchestration.py
[2026-09-13T00:07:05.943+0000] {logging_mixin.py:149} INFO - [2026-09-13T00:07:05.942+0000] {dag.py:2726} INFO - Sync 1 DAGs
[2026-09-13T00:07:06.032+0000] {logging_mixin.py:149} INFO - [2026-09-13T00:07:06.032+0000] {dag.py:3490} INFO - Setting next_dagrun for 5-orchestration to 2023-05-01T00:00:00+00:00, run_after=2023-05-02T00:00:00+00:00
[2026-09-13T00:07:06.082+0000] {processor.py:178} INFO - Processing /opt/airflow/dags/5_orchestration.py took 0.322 seconds
[2026-09-13T00:07:36.282+0000] {processor.py:156} INFO - Started process (PID=158988) to work on /opt/airflow/dags/5_orchestration.py
[2026-09-13T00:07:36.283+0000] {processor.py:799} INFO - Processing file /opt/airflow/dags/5_orchestration.py for tasks to queue
[2026-09-13T00:07:36.285+0000] {logging_mixin.py:149} INFO - [2026-09-13T00:07:36.285+0000] {dagbag.py:541} INFO - Filling up the DagBag from /opt/airflow/dags/5_orchestration.py
[2026-09-13T00:07:36.313+0000] {processor.py:809} INFO - DAG(s) dict_keys(['5-orchestration']) retrieved from /opt/airflow/dags/5_orchestration.py
[2026-09-13T00:07:36.400+0000] {logging_mixin.py:149} INFO - [2026-09-13T00:07:36.400+0000] {dag.py:2726} INFO - Sync 1 DAGs
[2026-09-13T00:07:36.470+0000] {logging_mixin.py:149} INFO - [2026-09-13T00:07:36.470+0000] {dag.py:3490} INFO - Setting next_dagrun for 5-orchestration to 2023-05-01T00:00:00+00:00, run_after=2023-05-02T00:00:00+00:00
[2026-09-13T00:07:36.533+0000] {processor.py:178} INFO - Processing /opt/airflow/dags/5_orchestration.py took 0.259 seconds
[2026-09-13T00:08:06.682+0000] {processor.py:156} INFO - Started process (PID=159003) to work on /opt/airflow/dags/5_orchestration.py
[2026-09-13T00:08:06.684+0000] {processor.py:799} INFO - Processing file /opt/airflow/dags/5_orchestration.py for tasks to queue
[2026-09-13T00:08:06.685+0000] {logging_mixin.py:149} INFO - [2026-09-13T00:08:06.684+0000] {dagbag.py:541} INFO - Filling up the DagBag from /opt/airflow/dags/5_orchestration.py
[2026-09-13T00:08:06.707+0000] {processor.py:809} INFO - DAG(s) dict_keys(['5-orchestration']) retrieved from /opt/airflow/dags/5_orchestration.py
[2026-09-13T00:08:06.749+0000] {logging_mixin.py:149} INFO - [2026-09-13T00:08:06.749+0000] {dag.py:2726} INFO - Sync 1 DAGs
[2026-09-13T00:08:06.810+0000] {logging_mixin.py:149} INFO - [2026-09-13T00:08:06.810+0000] {dag.py:3490} INFO - Setting next_dagrun for 5-orchestration to 2023-05-01T00:00:00+00:00, run_after=2023-05-02T00:00:00+00:00
[2026-09-13T00:08:06.875+0000] {processor.py:178} INFO - Processing /opt/airflow/dags/5_orchestration.py took 0.206 seconds
[2026-09-13T00:08:37.090+0000] {processor.py:156} INFO - Started process (PID=159017) to work on /opt/airflow/dags/5_orchestration.py
[2026-09-13T00:08:37.092+0000] {processor.py:799} INFO - Processing file /opt/airflow/dags/5_orchestration.py for tasks to queue
[2026-09-13T00:08:37.092+0000] {logging_mixin.py:149} INFO - [2026-09-13T00:08:37.092+0000] {dagbag.py:541} INFO - Filling up the DagBag from /opt/airflow/dags/5_orchestration.py
[2026-09-13T00:08:37.114+0000] {processor.py:809} INFO - DAG(s) dict_keys(['5-orchestration']) retrieved from /opt/airflow/dags/5_orchestration.py
[2026-09-13T00:08:37.181+0000] {logging_mixin.py:149} INFO - [2026-09-13T00:08:37.180+0000] {dag.py:2726} INFO - Sync 1 DAGs
[2026-09-13T00:08:37.241+0000] {logging_mixin.py:149} INFO - [2026-09-13T00:08:37.241+0000] {dag.py:3490} INFO - Setting next_dagrun for 5-orchestration to 2023-05-01T00:00:00+00:00, run_after=2023-05-02T00:00:00+00:00
[2026-09-13T00:08:37.311+0000] {processor.py:178} INFO - Processing /opt/airflow/dags/5_orchestration.py took 0.227 seconds
[2026-09-13T00:09:07.528+0000] {processor.py:156} INFO - Started process (PID=159031) to work on /opt/airflow/dags/5_orchestration.py
[2026-09-13T00:09:07.532+0000] {processor.py:799} INFO - Processing file /opt/airflow/dags/5_orchestration.py for tasks to queue
[2026-09-13T00:09:07.533+0000] {logging_mixin.py:149} INFO - [2026-09-13T00:09:07.533+0000] {dagbag.py:541} INFO - Filling up the DagBag from /opt/airflow/dags/5_orchestration.py
[2026-09-13T00:09:07.567+0000] {processor.py:809} INFO - DAG(s) dict_keys(['5-orchestration']) retrieved from /opt/airflow/dags/5_orchestration.py
[2026-09-13T00:09:07.654+0000] {logging_mixin.py:149} INFO - [2026-09-13T00:09:07.654+0000] {dag.py:2726} INFO - Sync 1 DAGs
[2026-09-13T00:09:07.713+0000] {logging_mixin.py:149} INFO - [2026-09-13T00:09:07.713+0000] {dag.py:3490} INFO - Setting next_dagrun for 5-orchestration to 2023-05-01T00:00:00+00:00, run_after=2023-05-02T00:00:00+00:00
[2026-09-13T00:09:07.746+0000] {processor.py:178} INFO - Processing /opt/airflow/dags/5_orchestration.py took 0.223 seconds
[2026-09-13T00:09:37.973+0000] {processor.py:156} INFO - Started process (PID=159045) to work on /opt/airflow/dags/5_orchestration.py
[2026-09-13T00:09:37.975+0000] {processor.py:799} INFO - Processing file /opt/airflow/dags/5_orchestration.py for tasks to queue
[2026-09-13T00:09:37.977+0000] {logging_mixin.py:149} INFO - [2026-09-13T00:09:37.976+0000] {dagbag.py:541} INFO - Filling up the DagBag from /opt/airflow/dags/5_orchestration.py
[2026-09-13T00:09:38.026+0000] {processor.py:809} INFO - DAG(s) dict_keys(['5-orchestration']) retrieved from /opt/airflow/dags/5_orchestration.py
[2026-09-13T00:09:38.113+0000] {logging_mixin.py:149} INFO - [2026-09-13T00:09:38.112+0000] {dag.py:2726} INFO - Sync 1 DAGs
[2026-09-13T00:09:38.170+0000] {logging_mixin.py:149} INFO - [2026-09-13T00:09:38.170+0000] {dag.py:3490} INFO - Setting next_dagrun for 5-orchestration to 2023-05-01T00:00:00+00:00, run_after=2023-05-02T00:00:00+00:00
[2026-09-13T00:09:38.206+0000] {processor.py:178} INFO - Processing /opt/airflow/dags/5_orchestration.py took 0.243 seconds
[2026-09-13T00:10:08.305+0000] {processor.py:156} INFO - Started process (PID=159059) to work on /opt/airflow/dags/5_orchestration.py
[2026-09-13T00:10:08.307+0000] {processor.py:799} INFO - Processing file /opt/airflow/dags/5_orchestration.py for tasks to queue
[2026-09-13T00:10:08.308+0000] {logging_mixin.py:149} INFO - [2026-09-13T00:10:08.308+0000] {dagbag.py:541} INFO - Filling up the DagBag from /opt/airflow/dags/5_orchestration.py
[2026-09-13T00:10:08.327+0000] {processor.py:809} INFO - DAG(s) dict_keys(['5-orchestration']) retrieved from /opt/airflow/dags/5_orchestration.py
[2026-09-13T00:10:08.376+0000] {logging_mixin.py:149} INFO - [2026-09-13T00:10:08.376+0000] {dag.py:2726} INFO - Sync 1 DAGs
[2026-09-13T00:10:08.446+0000] {logging_mixin.py:149} INFO - [2026-09-13T00:10:08.446+0000] {dag.py:3490} INFO - Setting next_dagrun for 5-orchestration to 2023-05-01T00:00:00+00:00, run_after=2023-05-02T00:00:00+00:00
[2026-09-13T00:10:08.516+0000] {processor.py:178} INFO - Processing /opt/airflow/dags/5_orchestration.py took 0.216 seconds
[2026-09-13T00:10:38.844+0000] {processor.py:156} INFO - Started process (PID=159073) to work on /opt/airflow/dags/5_orchestration.py
[2026-09-13T00:10:38.847+0000] {processor.py:799} INFO - Processing file /opt/airflow/dags/5_orchestration.py for tasks to queue
[2026-09-13T00:10:38.849+0000] {logging_mixin.py:149} INFO - [2026-09-13T00:10:38.848+0000] {dagbag.py:541} INFO - Filling up the DagBag from /opt/airflow/dags/5_orchestration.py
[2026-09-13T00:10:38.884+0000] {processor.py:809} INFO - DAG(s) dict_keys(['5-orchestration']) retrieved from /opt/airflow/dags/5_orchestration.py
[2026-09-13T00:10:38.942+0000] {logging_mixin.py:149} INFO - [2026-09-13T00:10:38.941+0000] {dag.py:2726} INFO - Sync 1 DAGs
[2026-09-13T00:10:38.987+0000] {logging_mixin.py:149} INFO - [2026-09-13T00:10:38.986+0000] {dag.py:3490} INFO - Setting next_dagrun for 5-orchestration to 2023-05-01T00:00:00+00:00, run_after=2023-05-02T00:00:00+00:00
[2026-09-13T00:10:39.018+0000] {processor.py:178} INFO - Processing /opt/airflow/dags/5_orchestration.py took 0.185 seconds
[2026-09-13T00:11:09.230+0000] {processor.py:156} INFO - Started process (PID=159088) to work on /opt/airflow/dags/5_orchestration.py
[2026-09-13T00:11:09.240+0000] {processor.py:799} INFO - Processing file /opt/airflow/dags/5_orchestration.py for tasks to queue
[2026-09-13T00:11:09.242+0000] {logging_mixin.py:149} INFO - [2026-09-13T00:11:09.242+0000] {dagbag.py:541} INFO - Filling up the DagBag from /opt/airflow/dags/5_orchestration.py
[2026-09-13T00:11:09.283+0000] {processor.py:809} INFO - DAG(s) dict_keys(['5-orchestration']) retrieved from /opt/airflow/dags/5_orchestration.py
[2026-09-13T00:11:09.368+0000] {logging_mixin.py:149} INFO - [2026-09-13T00:11:09.368+0000] {dag.py:2726} INFO - Sync 1 DAGs
[2026-09-13T00:11:09.479+0000] {logging_mixin.py:149} INFO - [2026-09-13T00:11:09.478+0000] {dag.py:3490} INFO - Setting next_dagrun for 5-orchestration to 2023-05-01T00:00:00+00:00, run_after=2023-05-02T00:00:00+00:00
[2026-09-13T00:11:09.557+0000] {processor.py:178} INFO - Processing /opt/airflow/dags/5_orchestration.py took 0.338 seconds
[2026-09-13T00:11:39.844+0000] {processor.py:156} INFO - Started process (PID=159102) to work on /opt/airflow/dags/5_orchestration.py
[2026-09-13T00:11:39.846+0000] {processor.py:799} INFO - Processing file /opt/airflow/dags/5_orchestration.py for tasks to queue
[2026-09-13T00:11:39.848+0000] {logging_mixin.py:149} INFO - [2026-09-13T00:11:39.848+0000] {dagbag.py:541} INFO - Filling up the DagBag from /opt/airflow/dags/5_orchestration.py
[2026-09-13T00:11:39.880+0000] {processor.py:809} INFO - DAG(s) dict_keys(['5-orchestration']) retrieved from /opt/airflow/dags/5_orchestration.py
[2026-09-13T00:11:39.968+0000] {logging_mixin.py:149} INFO - [2026-09-13T00:11:39.968+0000] {dag.py:2726} INFO - Sync 1 DAGs
[2026-09-13T00:11:40.034+0000] {logging_mixin.py:149} INFO - [2026-09-13T00:11:40.034+0000] {dag.py:3490} INFO - Setting next_dagrun for 5-orchestration to 2023-05-01T00:00:00+00:00, run_after=2023-05-02T00:00:00+00:00
[2026-09-13T00:11:40.092+0000] {processor.py:178} INFO - Processing /opt/airflow/dags/5_orchestration.py took 0.261 seconds
[2026-09-13T00:12:10.293+0000] {processor.py:156} INFO - Started process (PID=159116) to work on /opt/airflow/dags/5_orchestration.py
[2026-09-13T00:12:10.296+0000] {processor.py:799} INFO - Processing file /opt/airflow/dags/5_orchestration.py for tasks to queue
[2026-09-13T00:12:10.297+0000] {logging_mixin.py:149} INFO - [2026-09-13T00:12:10.297+0000] {dagbag.py:541} INFO - Filling up the DagBag from /opt/airflow/dags/5_orchestration.py
[2026-09-13T00:12:10.330+0000] {processor.py:809} INFO - DAG(s) dict_keys(['5-orchestration']) retrieved from /opt/airflow/dags/5_orchestration.py
[2026-09-13T00:12:10.419+0000] {logging_mixin.py:149} INFO - [2026-09-13T00:12:10.419+0000] {dag.py:2726} INFO - Sync 1 DAGs
[2026-09-13T00:12:10.488+0000] {logging_mixin.py:149} INFO - [2026-09-13T00:12:10.487+0000] {dag.py:3490} INFO - Setting next_dagrun for 5-orchestration to 2023-05-01T00:00:00+00:00, run_after=2023-05-02T00:00:00+00:00
[2026-09-13T00:12:10.550+0000] {processor.py:178} INFO - Processing /opt/airflow/dags/5_orchestration.py took 0.269 seconds
[2026-09-13T00:12:40.788+0000] {processor.py:156} INFO - Started process (PID=159130) to work on /opt/airflow/dags/5_orchestration.py
[2026-09-13T00:12:40.795+0000] {processor.py:799} INFO - Processing file /opt/airflow/dags/5_orchestration.py for tasks to queue
[2026-09-13T00:12:40.798+0000] {logging_mixin.py:149} INFO - [2026-09-13T00:12:40.797+0000] {dagbag.py:541} INFO - Filling up the DagBag from /opt/airflow/dags/5_orchestration.py
[2026-09-13T00:12:40.841+0000] {processor.py:809} INFO - DAG(s) dict_keys(['5-orchestration']) retrieved from /opt/airflow/dags/5_orchestration.py
[2026-09-13T00:12:40.909+0000] {logging_mixin.py:149} INFO - [2026-09-13T00:12:40.909+0000] {dag.py:2726} INFO - Sync 1 DAGs
[2026-09-13T00:12:40.953+0000] {logging_mixin.py:149} INFO - [2026-09-13T00:12:40.953+0000] {dag.py:3490} INFO - Setting next_dagrun for 5-orchestration to 2023-05-01T00:00:00+00:00, run_after=2023-05-02T00:00:00+00:00
[2026-09-13T00:12:40.989+0000] {processor.py:178} INFO - Processing /opt/airflow/dags/5_orchestration.py took 0.209 seconds
[2026-09-13T00:13:11.157+0000] {processor.py:156} INFO - Started process (PID=159144) to work on /opt/airflow/dags/5_orchestration.py
[2026-09-13T00:13:11.160+0000] {processor.py:799} INFO - Processing file /opt/airflow/dags/5_orchestration.py for tasks to queue
[2026-09-13T00:13:11.161+0000] {logging_mixin.py:149} INFO - [2026-09-13T00:13:11.161+0000] {dagbag.py:541} INFO - Filling up the DagBag from /opt/airflow/dags/5_orchestration.py
[2026-09-13T00:13:11.194+0000] {processor.py:809} INFO - DAG(s) dict_keys(['5-orchestration']) retrieved from /opt/airflow/dags/5_orchestration.py
[2026-09-13T00:13:11.278+0000] {logging_mixin.py:149} INFO - [2026-09-13T00:13:11.277+0000] {dag.py:2726} INFO - Sync 1 DAGs
[2026-09-13T00:13:11.351+0000] {logging_mixin.py:149} INFO - [2026-09-13T00:13:11.350+0000] {dag.py:3490} INFO - Setting next_dagrun for 5-orchestration to 2023-05-01T00:00:00+00:00, run_after=2023-05-02T00:00:00+00:00
[2026-09-13T00:13:11.410+0000] {processor.py:178} INFO - Processing /opt/airflow/dags/5_orchestration.py took 0.263 seconds
[2026-09-13T00:13:41.656+0000] {processor.py:156} INFO - Started process (PID=159158) to work on /opt/airflow/dags/5_orchestration.py
[2026-09-13T00:13:41.659+0000] {processor.py:799} INFO - Processing file /opt/airflow/dags/5_orchestration.py for tasks to queue
[2026-09-13T00:13:41.660+0000] {logging_mixin.py:149} INFO - [2026-09-13T00:13:41.660+0000] {dagbag.py:541} INFO - Filling up the DagBag from /opt/airflow/dags/5_orchestration.py
[2026-09-13T00:13:41.686+0000] {processor.py:809} INFO - DAG(s) dict_keys(['5-orchestration']) retrieved from /opt/airflow/dags/5_orchestration.py
[2026-09-13T00:13:41.754+0000] {logging_mixin.py:149} INFO - [2026-09-13T00:13:41.753+0000] {dag.py:2726} INFO - Sync 1 DAGs
[2026-09-13T00:13:41.822+0000] {logging_mixin.py:149} INFO - [2026-09-13T00:13:41.821+0000] {dag.py:3490} INFO - Setting next_dagrun for 5-orchestration to 2023-05-01T00:00:00+00:00, run_after=2023-05-02T00:00:00+00:00
[2026-09-13T00:13:41.902+0000] {processor.py:178} INFO - Processing /opt/airflow/dags/5_orchestration.py took 0.253 seconds
[2026-09-13T00:14:12.198+0000] {processor.py:156} INFO - Started process (PID=159172) to work on /opt/airflow/dags/5_orchestration.py
[2026-09-13T00:14:12.200+0000] {processor.py:799} INFO - Processing file /opt/airflow/dags/5_orchestration.py for tasks to queue
[2026-09-13T00:14:12.201+0000] {logging_mixin.py:149} INFO - [2026-09-13T00:14:12.201+0000] {dagbag.py:541} INFO - Filling up the DagBag from /opt/airflow/dags/5_orchestration.py
[2026-09-13T00:14:12.235+0000] {processor.py:809} INFO - DAG(s) dict_keys(['5-orchestration']) retrieved from /opt/airflow/dags/5_orchestration.py
[2026-09-13T00:14:12.290+0000] {logging_mixin.py:149} INFO - [2026-09-13T00:14:12.290+0000] {dag.py:2726} INFO - Sync 1 DAGs
[2026-09-13T00:14:12.336+0000] {logging_mixin.py:149} INFO - [2026-09-13T00:14:12.336+0000] {dag.py:3490} INFO - Setting next_dagrun for 5-orchestration to 2023-05-01T00:00:00+00:00, run_after=2023-05-02T00:00:00+00:00
[2026-09-13T00:14:12.396+0000] {processor.py:178} INFO - Processing /opt/airflow/dags/5_orchestration.py took 0.210 seconds
[2026-09-13T00:14:42.613+0000] {processor.py:156} INFO - Started process (PID=159187) to work on /opt/airflow/dags/5_orchestration.py
[2026-09-13T00:14:42.620+0000] {processor.py:799} INFO - Processing file /opt/airflow/dags/5_orchestration.py for tasks to queue
[2026-09-13T00:14:42.621+0000] {logging_mixin.py:149} INFO - [2026-09-13T00:14:42.621+0000] {dagbag.py:541} INFO - Filling up the DagBag from /opt/airflow/dags/5_orchestration.py
[2026-09-13T00:14:42.654+0000] {processor.py:809} INFO - DAG(s) dict_keys(['5-orchestration']) retrieved from /opt/airflow/dags/5_orchestration.py
[2026-09-13T00:14:42.734+0000] {logging_mixin.py:149} INFO - [2026-09-13T00:14:42.733+0000] {dag.py:2726} INFO - Sync 1 DAGs
[2026-09-13T00:14:42.801+0000] {logging_mixin.py:149} INFO - [2026-09-13T00:14:42.801+0000] {dag.py:3490} INFO - Setting next_dagrun for 5-orchestration to 2023-05-01T00:00:00+00:00, run_after=2023-05-02T00:00:00+00:00
[2026-09-13T00:14:42.867+0000] {processor.py:178} INFO - Processing /opt/airflow/dags/5_orchestration.py took 0.262 seconds
[2026-09-13T00:15:12.960+0000] {processor.py:156} INFO - Started process (PID=159201) to work on /opt/airflow/dags/5_orchestration.py
[2026-09-13T00:15:12.961+0000] {processor.py:799} INFO - Processing file /opt/airflow/dags/5_orchestration.py for tasks to queue
[2026-09-13T00:15:12.962+0000] {logging_mixin.py:149} INFO - [2026-09-13T00:15:12.962+0000] {dagbag.py:541} INFO - Filling up the DagBag from /opt/airflow/dags/5_orchestration.py
[2026-09-13T00:15:12.986+0000] {processor.py:809} INFO - DAG(s) dict_keys(['5-orchestration']) retrieved from /opt/airflow/dags/5_orchestration.py
[2026-09-13T00:15:13.071+0000] {logging_mixin.py:149} INFO - [2026-09-13T00:15:13.070+0000] {dag.py:2726} INFO - Sync 1 DAGs
[2026-09-13T00:15:13.147+0000] {logging_mixin.py:149} INFO - [2026-09-13T00:15:13.146+0000] {dag.py:3490} INFO - Setting next_dagrun for 5-orchestration to 2023-05-01T00:00:00+00:00, run_after=2023-05-02T00:00:00+00:00
[2026-09-13T00:15:13.206+0000] {processor.py:178} INFO - Processing /opt/airflow/dags/5_orchestration.py took 0.254 seconds
[2026-09-13T00:15:43.345+0000] {processor.py:156} INFO - Started process (PID=159215) to work on /opt/airflow/dags/5_orchestration.py
[2026-09-13T00:15:43.348+0000] {processor.py:799} INFO - Processing file /opt/airflow/dags/5_orchestration.py for tasks to queue
[2026-09-13T00:15:43.350+0000] {logging_mixin.py:149} INFO - [2026-09-13T00:15:43.350+0000] {dagbag.py:541} INFO - Filling up the DagBag from /opt/airflow/dags/5_orchestration.py
[2026-09-13T00:15:43.384+0000] {processor.py:809} INFO - DAG(s) dict_keys(['5-orchestration']) retrieved from /opt/airflow/dags/5_orchestration.py
[2026-09-13T00:15:43.476+0000] {logging_mixin.py:149} INFO - [2026-09-13T00:15:43.476+0000] {dag.py:2726} INFO - Sync 1 DAGs
[2026-09-13T00:15:43.539+0000] {logging_mixin.py:149} INFO - [2026-09-13T00:15:43.539+0000] {dag.py:3490} INFO - Setting next_dagrun for 5-orchestration to 2023-05-01T00:00:00+00:00, run_after=2023-05-02T00:00:00+00:00
[2026-09-13T00:15:43.573+0000] {processor.py:178} INFO - Processing /opt/airflow/dags/5_orchestration.py took 0.238 seconds
[2026-09-13T00:16:13.724+0000] {processor.py:156} INFO - Started process (PID=159228) to work on /opt/airflow/dags/5_orchestration.py
[2026-09-13T00:16:13.727+0000] {processor.py:799} INFO - Processing file /opt/airflow/dags/5_orchestration.py for tasks to queue
[2026-09-13T00:16:13.729+0000] {logging_mixin.py:149} INFO - [2026-09-13T00:16:13.729+0000] {dagbag.py:541} INFO - Filling up the DagBag from /opt/airflow/dags/5_orchestration.py
[2026-09-13T00:16:13.766+0000] {processor.py:809} INFO - DAG(s) dict_keys(['5-orchestration']) retrieved from /opt/airflow/dags/5_orchestration.py
[2026-09-13T00:16:13.854+0000] {logging_mixin.py:149} INFO - [2026-09-13T00:16:13.854+0000] {dag.py:2726} INFO - Sync 1 DAGs
[2026-09-13T00:16:13.927+0000] {logging_mixin.py:149} INFO - [2026-09-13T00:16:13.926+0000] {dag.py:3490} INFO - Setting next_dagrun for 5-orchestration to 2023-05-01T00:00:00+00:00, run_after=2023-05-02T00:00:00+00:00
[2026-09-13T00:16:13.999+0000] {processor.py:178} INFO - Processing /opt/airflow/dags/5_orchestration.py took 0.285 seconds
[2026-09-13T00:16:44.165+0000] {processor.py:156} INFO - Started process (PID=159241) to work on /opt/airflow/dags/5_orchestration.py
[2026-09-13T00:16:44.168+0000] {processor.py:799} INFO - Processing file /opt/airflow/dags/5_orchestration.py for tasks to queue
[2026-09-13T00:16:44.169+0000] {logging_mixin.py:149} INFO - [2026-09-13T00:16:44.169+0000] {dagbag.py:541} INFO - Filling up the DagBag from /opt/airflow/dags/5_orchestration.py
[2026-09-13T00:16:44.200+0000] {processor.py:809} INFO - DAG(s) dict_keys(['5-orchestration']) retrieved from /opt/airflow/dags/5_orchestration.py
[2026-09-13T00:16:44.294+0000] {logging_mixin.py:149} INFO - [2026-09-13T00:16:44.293+0000] {dag.py:2726} INFO - Sync 1 DAGs
[2026-09-13T00:16:44.377+0000] {logging_mixin.py:149} INFO - [2026-09-13T00:16:44.376+0000] {dag.py:3490} INFO - Setting next_dagrun for 5-orchestration to 2023-05-01T00:00:00+00:00, run_after=2023-05-02T00:00:00+00:00
[2026-09-13T00:16:44.428+0000] {processor.py:178} INFO - Processing /opt/airflow/dags/5_orchestration.py took 0.281 seconds
[2026-09-13T00:17:14.547+0000] {processor.py:156} INFO - Started process (PID=159255) to work on /opt/airflow/dags/5_orchestration.py
[2026-09-13T00:17:14.549+0000] {processor.py:799} INFO - Processing file /opt/airflow/dags/5_orchestration.py for tasks to queue
[2026-09-13T00:17:14.551+0000] {logging_mixin.py:149} INFO - [2026-09-13T00:17:14.550+0000] {dagbag.py:541} INFO - Filling up the DagBag from /opt/airflow/dags/5_orchestration.py
[2026-09-13T00:17:14.580+0000] {processor.py:809} INFO - DAG(s) dict_keys(['5-orchestration']) retrieved from /opt/airflow/dags/5_orchestration.py
[2026-09-13T00:17:14.629+0000] {logging_mixin.py:149} INFO - [2026-09-13T00:17:14.628+0000] {dag.py:2726} INFO - Sync 1 DAGs
[2026-09-13T00:17:14.663+0000] {logging_mixin.py:149} INFO - [2026-09-13T00:17:14.663+0000] {dag.py:3490} INFO - Setting next_dagrun for 5-orchestration to 2023-05-01T00:00:00+00:00, run_after=2023-05-02T00:00:00+00:00
[2026-09-13T00:17:14.698+0000] {processor.py:178} INFO - Processing /opt/airflow/dags/5_orchestration.py took 0.159 seconds
[2026-09-13T00:17:44.942+0000] {processor.py:156} INFO - Started process (PID=159269) to work on /opt/airflow/dags/5_orchestration.py
[2026-09-13T00:17:44.946+0000] {processor.py:799} INFO - Processing file /opt/airflow/dags/5_orchestration.py for tasks to queue
[2026-09-13T00:17:44.947+0000] {logging_mixin.py:149} INFO - [2026-09-13T00:17:44.947+0000] {dagbag.py:541} INFO - Filling up the DagBag from /opt/airflow/dags/5_orchestration.py
[2026-09-13T00:17:44.983+0000] {processor.py:809} INFO - DAG(s) dict_keys(['5-orchestration']) retrieved from /opt/airflow/dags/5_orchestration.py
[2026-09-13T00:17:45.073+0000] {logging_mixin.py:149} INFO - [2026-09-13T00:17:45.073+0000] {dag.py:2726} INFO - Sync 1 DAGs
[2026-09-13T00:17:45.140+0000] {logging_mixin.py:149} INFO - [2026-09-13T00:17:45.139+0000] {dag.py:3490} INFO - Setting next_dagrun for 5-orchestration to 2023-05-01T00:00:00+00:00, run_after=2023-05-02T00:00:00+00:00
[2026-09-13T00:17:45.190+0000] {processor.py:178} INFO - Processing /opt/airflow/dags/5_orchestration.py took 0.257 seconds
[2026-09-13T00:18:15.355+0000] {processor.py:156} INFO - Started process (PID=159283) to work on /opt/airflow/dags/5_orchestration.py
[2026-09-13T00:18:15.359+0000] {processor.py:799} INFO - Processing file /opt/airflow/dags/5_orchestration.py for tasks to queue
[2026-09-13T00:18:15.361+0000] {logging_mixin.py:149} INFO - [2026-09-13T00:18:15.361+0000] {dagbag.py:541} INFO - Filling up the DagBag from /opt/airflow/dags/5_orchestration.py
[2026-09-13T00:18:15.402+0000] {processor.py:809} INFO - DAG(s) dict_keys(['5-orchestration']) retrieved from /opt/airflow/dags/5_orchestration.py
[2026-09-13T00:18:15.491+0000] {logging_mixin.py:149} INFO - [2026-09-13T00:18:15.491+0000] {dag.py:2726} INFO - Sync 1 DAGs
[2026-09-13T00:18:15.559+0000] {logging_mixin.py:149} INFO - [2026-09-13T00:18:15.558+0000] {dag.py:3490} INFO - Setting next_dagrun for 5-orchestration to 2023-05-01T00:00:00+00:00, run_after=2023-05-02T00:00:00+00:00
[2026-09-13T00:18:15.627+0000] {processor.py:178} INFO - Processing /opt/airflow/dags/5_orchestration.py took 0.286 seconds
[2026-09-13T00:18:45.727+0000] {processor.py:156} INFO - Started process (PID=159297) to work on /opt/airflow/dags/5_orchestration.py
[2026-09-13T00:18:45.731+0000] {processor.py:799} INFO - Processing file /opt/airflow/dags/5_orchestration.py for tasks to queue
[2026-09-13T00:18:45.733+0000] {logging_mixin.py:149} INFO - [2026-09-13T00:18:45.733+0000] {dagbag.py:541} INFO - Filling up the DagBag from /opt/airflow/dags/5_orchestration.py
[2026-09-13T00:18:45.770+0000] {processor.py:809} INFO - DAG(s) dict_keys(['5-orchestration']) retrieved from /opt/airflow/dags/5_orchestration.py
[2026-09-13T00:18:45.837+0000] {logging_mixin.py:149} INFO - [2026-09-13T00:18:45.836+0000] {dag.py:2726} INFO - Sync 1 DAGs
[2026-09-13T00:18:45.896+0000] {logging_mixin.py:149} INFO - [2026-09-13T00:18:45.896+0000] {dag.py:3490} INFO - Setting next_dagrun for 5-orchestration to 2023-05-01T00:00:00+00:00, run_after=2023-05-02T00:00:00+00:00
[2026-09-13T00:18:45.951+0000] {processor.py:178} INFO - Processing /opt/airflow/dags/5_orchestration.py took 0.236 seconds
[2026-09-13T00:19:16.079+0000] {processor.py:156} INFO - Started process (PID=159311) to work on /opt/airflow/dags/5_orchestration.py
[2026-09-13T00:19:16.081+0000] {processor.py:799} INFO - Processing file /opt/airflow/dags/5_orchestration.py for tasks to queue
[2026-09-13T00:19:16.083+0000] {logging_mixin.py:149} INFO - [2026-09-13T00:19:16.083+0000] {dagbag.py:541} INFO - Filling up the DagBag from /opt/airflow/dags/5_orchestration.py
[2026-09-13T00:19:16.114+0000] {processor.py:809} INFO - DAG(s) dict_keys(['5-orchestration']) retrieved from /opt/airflow/dags/5_orchestration.py
[2026-09-13T00:19:16.221+0000] {logging_mixin.py:149} INFO - [2026-09-13T00:19:16.221+0000] {dag.py:2726} INFO - Sync 1 DAGs
[2026-09-13T00:19:16.292+0000] {logging_mixin.py:149} INFO - [2026-09-13T00:19:16.291+0000] {dag.py:3490} INFO - Setting next_dagrun for 5-orchestration to 2023-05-01T00:00:00+00:00, run_after=2023-05-02T00:00:00+00:00
[2026-09-13T00:19:16.357+0000] {processor.py:178} INFO - Processing /opt/airflow/dags/5_orchestration.py took 0.288 seconds
[2026-09-13T00:19:46.471+0000] {processor.py:156} INFO - Started process (PID=159325) to work on /opt/airflow/dags/5_orchestration.py
[2026-09-13T00:19:46.475+0000] {processor.py:799} INFO - Processing file /opt/airflow/dags/5_orchestration.py for tasks to queue
[2026-09-13T00:19:46.476+0000] {logging_mixin.py:149} INFO - [2026-09-13T00:19:46.476+0000] {dagbag.py:541} INFO - Filling up the DagBag from /opt/airflow/dags/5_orchestration.py
[2026-09-13T00:19:46.507+0000] {processor.py:809} INFO - DAG(s) dict_keys(['5-orchestration']) retrieved from /opt/airflow/dags/5_orchestration.py
[2026-09-13T00:19:46.593+0000] {logging_mixin.py:149} INFO - [2026-09-13T00:19:46.592+0000] {dag.py:2726} INFO - Sync 1 DAGs
[2026-09-13T00:19:46.658+0000] {logging_mixin.py:149} INFO - [2026-09-13T00:19:46.657+0000] {dag.py:3490} INFO - Setting next_dagrun for 5-orchestration to 2023-05-01T00:00:00+00:00, run_after=2023-05-02T00:00:00+00:00
[2026-09-13T00:19:46.723+0000] {processor.py:178} INFO - Processing /opt/airflow/dags/5_orchestration.py took 0.260 seconds
[2026-09-13T00:20:16.768+0000] {processor.py:156} INFO - Started process (PID=159339) to work on /opt/airflow/dags/5_orchestration.py
[2026-09-13T00:20:16.770+0000] {processor.py:799} INFO - Processing file /opt/airflow/dags/5_orchestration.py for tasks to queue
[2026-09-13T00:20:16.771+0000] {logging_mixin.py:149} INFO - [2026-09-13T00:20:16.771+0000] {dagbag.py:541} INFO - Filling up the DagBag from /opt/airflow/dags/5_orchestration.py
[2026-09-13T00:20:16.800+0000] {processor.py:809} INFO - DAG(s) dict_keys(['5-orchestration']) retrieved from /opt/airflow/dags/5_orchestration.py
[2026-09-13T00:20:16.848+0000] {logging_mixin.py:149} INFO - [2026-09-13T00:20:16.848+0000] {dag.py:2726} INFO - Sync 1 DAGs
[2026-09-13T00:20:16.887+0000] {logging_mixin.py:149} INFO - [2026-09-13T00:20:16.886+0000] {dag.py:3490} INFO - Setting next_dagrun for 5-orchestration to 2023-05-01T00:00:00+00:00, run_after=2023-05-02T00:00:00+00:00
[2026-09-13T00:20:16.919+0000] {processor.py:178} INFO - Processing /opt/airflow/dags/5_orchestration.py took 0.157 seconds
[2026-09-13T00:20:47.313+0000] {processor.py:156} INFO - Started process (PID=159353) to work on /opt/airflow/dags/5_orchestration.py
[2026-09-13T00:20:47.319+0000] {processor.py:799} INFO - Processing file /opt/airflow/dags/5_orchestration.py for tasks to queue
[2026-09-13T00:20:47.321+0000] {logging_mixin.py:149} INFO - [2026-09-13T00:20:47.321+0000] {dagbag.py:541} INFO - Filling up the DagBag from /opt/airflow/dags/5_orchestration.py
[2026-09-13T00:20:47.355+0000] {processor.py:809} INFO - DAG(s) dict_keys(['5-orchestration']) retrieved from /opt/airflow/dags/5_orchestration.py
[2026-09-13T00:20:47.436+0000] {logging_mixin.py:149} INFO - [2026-09-13T00:20:47.436+0000] {dag.py:2726} INFO - Sync 1 DAGs
[2026-09-13T00:20:47.502+0000] {logging_mixin.py:149} INFO - [2026-09-13T00:20:47.501+0000] {dag.py:3490} INFO - Setting next_dagrun for 5-orchestration to 2023-05-01T00:00:00+00:00, run_after=2023-05-02T00:00:00+00:00
[2026-09-13T00:20:47.560+0000] {processor.py:178} INFO - Processing /opt/airflow/dags/5_orchestration.py took 0.262 seconds
[2026-09-13T00:21:17.816+0000] {processor.py:156} INFO - Started process (PID=159366) to work on /opt/airflow/dags/5_orchestration.py
[2026-09-13T00:21:17.819+0000] {processor.py:799} INFO - Processing file /opt/airflow/dags/5_orchestration.py for tasks to queue
[2026-09-13T00:21:17.823+0000] {logging_mixin.py:149} INFO - [2026-09-13T00:21:17.822+0000] {dagbag.py:541} INFO - Filling up the DagBag from /opt/airflow/dags/5_orchestration.py
[2026-09-13T00:21:17.857+0000] {processor.py:809} INFO - DAG(s) dict_keys(['5-orchestration']) retrieved from /opt/airflow/dags/5_orchestration.py
[2026-09-13T00:21:17.947+0000] {logging_mixin.py:149} INFO - [2026-09-13T00:21:17.946+0000] {dag.py:2726} INFO - Sync 1 DAGs
[2026-09-13T00:21:18.028+0000] {logging_mixin.py:149} INFO - [2026-09-13T00:21:18.027+0000] {dag.py:3490} INFO - Setting next_dagrun for 5-orchestration to 2023-05-01T00:00:00+00:00, run_after=2023-05-02T00:00:00+00:00
[2026-09-13T00:21:18.095+0000] {processor.py:178} INFO - Processing /opt/airflow/dags/5_orchestration.py took 0.293 seconds
[2026-09-13T00:21:48.296+0000] {processor.py:156} INFO - Started process (PID=159381) to work on /opt/airflow/dags/5_orchestration.py
[2026-09-13T00:21:48.300+0000] {processor.py:799} INFO - Processing file /opt/airflow/dags/5_orchestration.py for tasks to queue
[2026-09-13T00:21:48.301+0000] {logging_mixin.py:149} INFO - [2026-09-13T00:21:48.301+0000] {dagbag.py:541} INFO - Filling up the DagBag from /opt/airflow/dags/5_orchestration.py
[2026-09-13T00:21:48.332+0000] {processor.py:809} INFO - DAG(s) dict_keys(['5-orchestration']) retrieved from /opt/airflow/dags/5_orchestration.py
[2026-09-13T00:21:48.442+0000] {logging_mixin.py:149} INFO - [2026-09-13T00:21:48.442+0000] {dag.py:2726} INFO - Sync 1 DAGs
[2026-09-13T00:21:48.522+0000] {logging_mixin.py:149} INFO - [2026-09-13T00:21:48.521+0000] {dag.py:3490} INFO - Setting next_dagrun for 5-orchestration to 2023-05-01T00:00:00+00:00, run_after=2023-05-02T00:00:00+00:00
[2026-09-13T00:21:48.595+0000] {processor.py:178} INFO - Processing /opt/airflow/dags/5_orchestration.py took 0.309 seconds
[2026-09-13T00:22:18.762+0000] {processor.py:156} INFO - Started process (PID=159395) to work on /opt/airflow/dags/5_orchestration.py
[2026-09-13T00:22:18.765+0000] {processor.py:799} INFO - Processing file /opt/airflow/dags/5_orchestration.py for tasks to queue
[2026-09-13T00:22:18.767+0000] {logging_mixin.py:149} INFO - [2026-09-13T00:22:18.767+0000] {dagbag.py:541} INFO - Filling up the DagBag from /opt/airflow/dags/5_orchestration.py
[2026-09-13T00:22:18.803+0000] {processor.py:809} INFO - DAG(s) dict_keys(['5-orchestration']) retrieved from /opt/airflow/dags/5_orchestration.py
[2026-09-13T00:22:18.892+0000] {logging_mixin.py:149} INFO - [2026-09-13T00:22:18.892+0000] {dag.py:2726} INFO - Sync 1 DAGs
[2026-09-13T00:22:18.967+0000] {logging_mixin.py:149} INFO - [2026-09-13T00:22:18.967+0000] {dag.py:3490} INFO - Setting next_dagrun for 5-orchestration to 2023-05-01T00:00:00+00:00, run_after=2023-05-02T00:00:00+00:00
[2026-09-13T00:22:19.033+0000] {processor.py:178} INFO - Processing /opt/airflow/dags/5_orchestration.py took 0.282 seconds
[2026-09-13T00:22:49.214+0000] {processor.py:156} INFO - Started process (PID=159409) to work on /opt/airflow/dags/5_orchestration.py
[2026-09-13T00:22:49.217+0000] {processor.py:799} INFO - Processing file /opt/airflow/dags/5_orchestration.py for tasks to queue
[2026-09-13T00:22:49.219+0000] {logging_mixin.py:149} INFO - [2026-09-13T00:22:49.219+0000] {dagbag.py:541} INFO - Filling up the DagBag from /opt/airflow/dags/5_orchestration.py
[2026-09-13T00:22:49.276+0000] {processor.py:809} INFO - DAG(s) dict_keys(['5-orchestration']) retrieved from /opt/airflow/dags/5_orchestration.py
[2026-09-13T00:22:49.369+0000] {logging_mixin.py:149} INFO - [2026-09-13T00:22:49.369+0000] {dag.py:2726} INFO - Sync 1 DAGs
[2026-09-13T00:22:49.433+0000] {logging_mixin.py:149} INFO - [2026-09-13T00:22:49.433+0000] {dag.py:3490} INFO - Setting next_dagrun for 5-orchestration to 2023-05-01T00:00:00+00:00, run_after=2023-05-02T00:00:00+00:00
[2026-09-13T00:22:49.490+0000] {processor.py:178} INFO - Processing /opt/airflow/dags/5_orchestration.py took 0.285 seconds
[2026-09-13T00:23:19.587+0000] {processor.py:156} INFO - Started process (PID=159423) to work on /opt/airflow/dags/5_orchestration.py
[2026-09-13T00:23:19.589+0000] {processor.py:799} INFO - Processing file /opt/airflow/dags/5_orchestration.py for tasks to queue
[2026-09-13T00:23:19.590+0000] {logging_mixin.py:149} INFO - [2026-09-13T00:23:19.590+0000] {dagbag.py:541} INFO - Filling up the DagBag from /opt/airflow/dags/5_orchestration.py
[2026-09-13T00:23:19.620+0000] {processor.py:809} INFO - DAG(s) dict_keys(['5-orchestration']) retrieved from /opt/airflow/dags/5_orchestration.py
[2026-09-13T00:23:19.718+0000] {logging_mixin.py:149} INFO - [2026-09-13T00:23:19.717+0000] {dag.py:2726} INFO - Sync 1 DAGs
[2026-09-13T00:23:19.784+0000] {logging_mixin.py:149} INFO - [2026-09-13T00:23:19.784+0000] {dag.py:3490} INFO - Setting next_dagrun for 5-orchestration to 2023-05-01T00:00:00+00:00, run_after=2023-05-02T00:00:00+00:00
[2026-09-13T00:23:19.847+0000] {processor.py:178} INFO - Processing /opt/airflow/dags/5_orchestration.py took 0.269 seconds
[2026-09-13T00:23:50.332+0000] {processor.py:156} INFO - Started process (PID=159437) to work on /opt/airflow/dags/5_orchestration.py
[2026-09-13T00:23:50.340+0000] {processor.py:799} INFO - Processing file /opt/airflow/dags/5_orchestration.py for tasks to queue
[2026-09-13T00:23:50.344+0000] {logging_mixin.py:149} INFO - [2026-09-13T00:23:50.341+0000] {dagbag.py:541} INFO - Filling up the DagBag from /opt/airflow/dags/5_orchestration.py
[2026-09-13T00:23:50.385+0000] {processor.py:809} INFO - DAG(s) dict_keys(['5-orchestration']) retrieved from /opt/airflow/dags/5_orchestration.py
[2026-09-13T00:23:50.483+0000] {logging_mixin.py:149} INFO - [2026-09-13T00:23:50.483+0000] {dag.py:2726} INFO - Sync 1 DAGs
[2026-09-13T00:23:50.557+0000] {logging_mixin.py:149} INFO - [2026-09-13T00:23:50.557+0000] {dag.py:3490} INFO - Setting next_dagrun for 5-orchestration to 2023-05-01T00:00:00+00:00, run_after=2023-05-02T00:00:00+00:00
[2026-09-13T00:23:50.869+0000] {processor.py:178} INFO - Processing /opt/airflow/dags/5_orchestration.py took 0.551 seconds
[2026-09-13T00:24:20.961+0000] {processor.py:156} INFO - Started process (PID=159451) to work on /opt/airflow/dags/5_orchestration.py
[2026-09-13T00:24:20.964+0000] {processor.py:799} INFO - Processing file /opt/airflow/dags/5_orchestration.py for tasks to queue
[2026-09-13T00:24:20.965+0000] {logging_mixin.py:149} INFO - [2026-09-13T00:24:20.965+0000] {dagbag.py:541} INFO - Filling up the DagBag from /opt/airflow/dags/5_orchestration.py
[2026-09-13T00:24:20.995+0000] {processor.py:809} INFO - DAG(s) dict_keys(['5-orchestration']) retrieved from /opt/airflow/dags/5_orchestration.py
[2026-09-13T00:24:21.063+0000] {logging_mixin.py:149} INFO - [2026-09-13T00:24:21.062+0000] {dag.py:2726} INFO - Sync 1 DAGs
[2026-09-13T00:24:21.133+0000] {logging_mixin.py:149} INFO - [2026-09-13T00:24:21.133+0000] {dag.py:3490} INFO - Setting next_dagrun for 5-orchestration to 2023-05-01T00:00:00+00:00, run_after=2023-05-02T00:00:00+00:00
[2026-09-13T00:24:21.167+0000] {processor.py:178} INFO - Processing /opt/airflow/dags/5_orchestration.py took 0.213 seconds
[2026-09-13T00:24:51.497+0000] {processor.py:156} INFO - Started process (PID=159465) to work on /opt/airflow/dags/5_orchestration.py
[2026-09-13T00:24:51.499+0000] {processor.py:799} INFO - Processing file /opt/airflow/dags/5_orchestration.py for tasks to queue
[2026-09-13T00:24:51.501+0000] {logging_mixin.py:149} INFO - [2026-09-13T00:24:51.501+0000] {dagbag.py:541} INFO - Filling up the DagBag from /opt/airflow/dags/5_orchestration.py
[2026-09-13T00:24:51.534+0000] {processor.py:809} INFO - DAG(s) dict_keys(['5-orchestration']) retrieved from /opt/airflow/dags/5_orchestration.py
[2026-09-13T00:24:51.597+0000] {logging_mixin.py:149} INFO - [2026-09-13T00:24:51.597+0000] {dag.py:2726} INFO - Sync 1 DAGs
[2026-09-13T00:24:51.640+0000] {logging_mixin.py:149} INFO - [2026-09-13T00:24:51.640+0000] {dag.py:3490} INFO - Setting next_dagrun for 5-orchestration to 2023-05-01T00:00:00+00:00, run_after=2023-05-02T00:00:00+00:00
[2026-09-13T00:24:51.700+0000] {processor.py:178} INFO - Processing /opt/airflow/dags/5_orchestration.py took 0.213 seconds
[2026-09-13T00:25:21.951+0000] {processor.py:156} INFO - Started process (PID=159479) to work on /opt/airflow/dags/5_orchestration.py
[2026-09-13T00:25:21.954+0000] {processor.py:799} INFO - Processing file /opt/airflow/dags/5_orchestration.py for tasks to queue
[2026-09-13T00:25:21.957+0000] {logging_mixin.py:149} INFO - [2026-09-13T00:25:21.956+0000] {dagbag.py:541} INFO - Filling up the DagBag from /opt/airflow/dags/5_orchestration.py
[2026-09-13T00:25:21.996+0000] {processor.py:809} INFO - DAG(s) dict_keys(['5-orchestration']) retrieved from /opt/airflow/dags/5_orchestration.py
[2026-09-13T00:25:22.087+0000] {logging_mixin.py:149} INFO - [2026-09-13T00:25:22.087+0000] {dag.py:2726} INFO - Sync 1 DAGs
[2026-09-13T00:25:22.160+0000] {logging_mixin.py:149} INFO - [2026-09-13T00:25:22.160+0000] {dag.py:3490} INFO - Setting next_dagrun for 5-orchestration to 2023-05-01T00:00:00+00:00, run_after=2023-05-02T00:00:00+00:00
[2026-09-13T00:25:22.221+0000] {processor.py:178} INFO - Processing /opt/airflow/dags/5_orchestration.py took 0.282 seconds
[2026-09-13T00:25:52.362+0000] {processor.py:156} INFO - Started process (PID=159493) to work on /opt/airflow/dags/5_orchestration.py
[2026-09-13T00:25:52.377+0000] {processor.py:799} INFO - Processing file /opt/airflow/dags/5_orchestration.py for tasks to queue
[2026-09-13T00:25:52.378+0000] {logging_mixin.py:149} INFO - [2026-09-13T00:25:52.378+0000] {dagbag.py:541} INFO - Filling up the DagBag from /opt/airflow/dags/5_orchestration.py
[2026-09-13T00:25:52.407+0000] {processor.py:809} INFO - DAG(s) dict_keys(['5-orchestration']) retrieved from /opt/airflow/dags/5_orchestration.py
[2026-09-13T00:25:52.479+0000] {logging_mixin.py:149} INFO - [2026-09-13T00:25:52.479+0000] {dag.py:2726} INFO - Sync 1 DAGs
[2026-09-13T00:25:52.516+0000] {logging_mixin.py:149} INFO - [2026-09-13T00:25:52.516+0000] {dag.py:3490} INFO - Setting next_dagrun for 5-orchestration to 2023-05-01T00:00:00+00:00, run_after=2023-05-02T00:00:00+00:00
[2026-09-13T00:25:52.547+0000] {processor.py:178} INFO - Processing /opt/airflow/dags/5_orchestration.py took 0.190 seconds
[2026-09-13T00:26:22.825+0000] {processor.py:156} INFO - Started process (PID=159507) to work on /opt/airflow/dags/5_orchestration.py
[2026-09-13T00:26:22.830+0000] {processor.py:799} INFO - Processing file /opt/airflow/dags/5_orchestration.py for tasks to queue
[2026-09-13T00:26:22.832+0000] {logging_mixin.py:149} INFO - [2026-09-13T00:26:22.832+0000] {dagbag.py:541} INFO - Filling up the DagBag from /opt/airflow/dags/5_orchestration.py
[2026-09-13T00:26:22.865+0000] {processor.py:809} INFO - DAG(s) dict_keys(['5-orchestration']) retrieved from /opt/airflow/dags/5_orchestration.py
[2026-09-13T00:26:22.962+0000] {logging_mixin.py:149} INFO - [2026-09-13T00:26:22.962+0000] {dag.py:2726} INFO - Sync 1 DAGs
[2026-09-13T00:26:23.034+0000] {logging_mixin.py:149} INFO - [2026-09-13T00:26:23.034+0000] {dag.py:3490} INFO - Setting next_dagrun for 5-orchestration to 2023-05-01T00:00:00+00:00, run_after=2023-05-02T00:00:00+00:00
[2026-09-13T00:26:23.092+0000] {processor.py:178} INFO - Processing /opt/airflow/dags/5_orchestration.py took 0.275 seconds
[2026-09-13T00:26:53.582+0000] {processor.py:156} INFO - Started process (PID=159522) to work on /opt/airflow/dags/5_orchestration.py
[2026-09-13T00:26:53.583+0000] {processor.py:799} INFO - Processing file /opt/airflow/dags/5_orchestration.py for tasks to queue
[2026-09-13T00:26:53.584+0000] {logging_mixin.py:149} INFO - [2026-09-13T00:26:53.584+0000] {dagbag.py:541} INFO - Filling up the DagBag from /opt/airflow/dags/5_orchestration.py
[2026-09-13T00:26:53.622+0000] {processor.py:809} INFO - DAG(s) dict_keys(['5-orchestration']) retrieved from /opt/airflow/dags/5_orchestration.py
[2026-09-13T00:26:53.671+0000] {logging_mixin.py:149} INFO - [2026-09-13T00:26:53.668+0000] {dag.py:2726} INFO - Sync 1 DAGs
[2026-09-13T00:26:53.711+0000] {logging_mixin.py:149} INFO - [2026-09-13T00:26:53.711+0000] {dag.py:3490} INFO - Setting next_dagrun for 5-orchestration to 2023-05-01T00:00:00+00:00, run_after=2023-05-02T00:00:00+00:00
[2026-09-13T00:26:53.938+0000] {processor.py:178} INFO - Processing /opt/airflow/dags/5_orchestration.py took 0.362 seconds
[2026-09-13T00:27:24.776+0000] {processor.py:156} INFO - Started process (PID=159536) to work on /opt/airflow/dags/5_orchestration.py
[2026-09-13T00:27:24.784+0000] {processor.py:799} INFO - Processing file /opt/airflow/dags/5_orchestration.py for tasks to queue
[2026-09-13T00:27:24.785+0000] {logging_mixin.py:149} INFO - [2026-09-13T00:27:24.785+0000] {dagbag.py:541} INFO - Filling up the DagBag from /opt/airflow/dags/5_orchestration.py
[2026-09-13T00:27:24.816+0000] {processor.py:809} INFO - DAG(s) dict_keys(['5-orchestration']) retrieved from /opt/airflow/dags/5_orchestration.py
[2026-09-13T00:27:24.908+0000] {logging_mixin.py:149} INFO - [2026-09-13T00:27:24.907+0000] {dag.py:2726} INFO - Sync 1 DAGs
[2026-09-13T00:27:24.989+0000] {logging_mixin.py:149} INFO - [2026-09-13T00:27:24.988+0000] {dag.py:3490} INFO - Setting next_dagrun for 5-orchestration to 2023-05-01T00:00:00+00:00, run_after=2023-05-02T00:00:00+00:00
[2026-09-13T00:27:25.060+0000] {processor.py:178} INFO - Processing /opt/airflow/dags/5_orchestration.py took 0.307 seconds
[2026-09-13T00:27:55.311+0000] {processor.py:156} INFO - Started process (PID=159550) to work on /opt/airflow/dags/5_orchestration.py
[2026-09-13T00:27:55.314+0000] {processor.py:799} INFO - Processing file /opt/airflow/dags/5_orchestration.py for tasks to queue
[2026-09-13T00:27:55.315+0000] {logging_mixin.py:149} INFO - [2026-09-13T00:27:55.315+0000] {dagbag.py:541} INFO - Filling up the DagBag from /opt/airflow/dags/5_orchestration.py
[2026-09-13T00:27:55.347+0000] {processor.py:809} INFO - DAG(s) dict_keys(['5-orchestration']) retrieved from /opt/airflow/dags/5_orchestration.py
[2026-09-13T00:27:55.412+0000] {logging_mixin.py:149} INFO - [2026-09-13T00:27:55.411+0000] {dag.py:2726} INFO - Sync 1 DAGs
[2026-09-13T00:27:55.471+0000] {logging_mixin.py:149} INFO - [2026-09-13T00:27:55.471+0000] {dag.py:3490} INFO - Setting next_dagrun for 5-orchestration to 2023-05-01T00:00:00+00:00, run_after=2023-05-02T00:00:00+00:00
[2026-09-13T00:27:55.529+0000] {processor.py:178} INFO - Processing /opt/airflow/dags/5_orchestration.py took 0.225 seconds
[2026-09-13T00:28:25.717+0000] {processor.py:156} INFO - Started process (PID=159564) to work on /opt/airflow/dags/5_orchestration.py
[2026-09-13T00:28:25.727+0000] {processor.py:799} INFO - Processing file /opt/airflow/dags/5_orchestration.py for tasks to queue
[2026-09-13T00:28:25.730+0000] {logging_mixin.py:149} INFO - [2026-09-13T00:28:25.729+0000] {dagbag.py:541} INFO - Filling up the DagBag from /opt/airflow/dags/5_orchestration.py
[2026-09-13T00:28:25.778+0000] {processor.py:809} INFO - DAG(s) dict_keys(['5-orchestration']) retrieved from /opt/airflow/dags/5_orchestration.py
[2026-09-13T00:28:25.872+0000] {logging_mixin.py:149} INFO - [2026-09-13T00:28:25.872+0000] {dag.py:2726} INFO - Sync 1 DAGs
[2026-09-13T00:28:25.917+0000] {logging_mixin.py:149} INFO - [2026-09-13T00:28:25.917+0000] {dag.py:3490} INFO - Setting next_dagrun for 5-orchestration to 2023-05-01T00:00:00+00:00, run_after=2023-05-02T00:00:00+00:00
[2026-09-13T00:28:25.946+0000] {processor.py:178} INFO - Processing /opt/airflow/dags/5_orchestration.py took 0.240 seconds
[2026-09-13T00:28:56.345+0000] {processor.py:156} INFO - Started process (PID=159578) to work on /opt/airflow/dags/5_orchestration.py
[2026-09-13T00:28:56.349+0000] {processor.py:799} INFO - Processing file /opt/airflow/dags/5_orchestration.py for tasks to queue
[2026-09-13T00:28:56.351+0000] {logging_mixin.py:149} INFO - [2026-09-13T00:28:56.350+0000] {dagbag.py:541} INFO - Filling up the DagBag from /opt/airflow/dags/5_orchestration.py
[2026-09-13T00:28:56.384+0000] {processor.py:809} INFO - DAG(s) dict_keys(['5-orchestration']) retrieved from /opt/airflow/dags/5_orchestration.py
[2026-09-13T00:28:56.448+0000] {logging_mixin.py:149} INFO - [2026-09-13T00:28:56.448+0000] {dag.py:2726} INFO - Sync 1 DAGs
[2026-09-13T00:28:56.494+0000] {logging_mixin.py:149} INFO - [2026-09-13T00:28:56.494+0000] {dag.py:3490} INFO - Setting next_dagrun for 5-orchestration to 2023-05-01T00:00:00+00:00, run_after=2023-05-02T00:00:00+00:00
[2026-09-13T00:28:56.546+0000] {processor.py:178} INFO - Processing /opt/airflow/dags/5_orchestration.py took 0.212 seconds
[2026-09-13T00:29:26.795+0000] {processor.py:156} INFO - Started process (PID=159592) to work on /opt/airflow/dags/5_orchestration.py
[2026-09-13T00:29:26.803+0000] {processor.py:799} INFO - Processing file /opt/airflow/dags/5_orchestration.py for tasks to queue
[2026-09-13T00:29:26.805+0000] {logging_mixin.py:149} INFO - [2026-09-13T00:29:26.805+0000] {dagbag.py:541} INFO - Filling up the DagBag from /opt/airflow/dags/5_orchestration.py
[2026-09-13T00:29:26.848+0000] {processor.py:809} INFO - DAG(s) dict_keys(['5-orchestration']) retrieved from /opt/airflow/dags/5_orchestration.py
[2026-09-13T00:29:26.941+0000] {logging_mixin.py:149} INFO - [2026-09-13T00:29:26.940+0000] {dag.py:2726} INFO - Sync 1 DAGs
[2026-09-13T00:29:26.996+0000] {logging_mixin.py:149} INFO - [2026-09-13T00:29:26.995+0000] {dag.py:3490} INFO - Setting next_dagrun for 5-orchestration to 2023-05-01T00:00:00+00:00, run_after=2023-05-02T00:00:00+00:00
[2026-09-13T00:29:27.235+0000] {processor.py:178} INFO - Processing /opt/airflow/dags/5_orchestration.py took 0.452 seconds
[2026-09-13T00:29:57.510+0000] {processor.py:156} INFO - Started process (PID=159606) to work on /opt/airflow/dags/5_orchestration.py
[2026-09-13T00:29:57.513+0000] {processor.py:799} INFO - Processing file /opt/airflow/dags/5_orchestration.py for tasks to queue
[2026-09-13T00:29:57.515+0000] {logging_mixin.py:149} INFO - [2026-09-13T00:29:57.515+0000] {dagbag.py:541} INFO - Filling up the DagBag from /opt/airflow/dags/5_orchestration.py
[2026-09-13T00:29:57.552+0000] {processor.py:809} INFO - DAG(s) dict_keys(['5-orchestration']) retrieved from /opt/airflow/dags/5_orchestration.py
[2026-09-13T00:29:57.631+0000] {logging_mixin.py:149} INFO - [2026-09-13T00:29:57.631+0000] {dag.py:2726} INFO - Sync 1 DAGs
[2026-09-13T00:29:57.693+0000] {logging_mixin.py:149} INFO - [2026-09-13T00:29:57.692+0000] {dag.py:3490} INFO - Setting next_dagrun for 5-orchestration to 2023-05-01T00:00:00+00:00, run_after=2023-05-02T00:00:00+00:00
[2026-09-13T00:29:57.729+0000] {processor.py:178} INFO - Processing /opt/airflow/dags/5_orchestration.py took 0.228 seconds
[2026-09-13T00:30:27.989+0000] {processor.py:156} INFO - Started process (PID=159620) to work on /opt/airflow/dags/5_orchestration.py
[2026-09-13T00:30:27.993+0000] {processor.py:799} INFO - Processing file /opt/airflow/dags/5_orchestration.py for tasks to queue
[2026-09-13T00:30:27.995+0000] {logging_mixin.py:149} INFO - [2026-09-13T00:30:27.994+0000] {dagbag.py:541} INFO - Filling up the DagBag from /opt/airflow/dags/5_orchestration.py
[2026-09-13T00:30:28.032+0000] {processor.py:809} INFO - DAG(s) dict_keys(['5-orchestration']) retrieved from /opt/airflow/dags/5_orchestration.py
[2026-09-13T00:30:28.125+0000] {logging_mixin.py:149} INFO - [2026-09-13T00:30:28.125+0000] {dag.py:2726} INFO - Sync 1 DAGs
[2026-09-13T00:30:28.193+0000] {logging_mixin.py:149} INFO - [2026-09-13T00:30:28.192+0000] {dag.py:3490} INFO - Setting next_dagrun for 5-orchestration to 2023-05-01T00:00:00+00:00, run_after=2023-05-02T00:00:00+00:00
[2026-09-13T00:30:28.263+0000] {processor.py:178} INFO - Processing /opt/airflow/dags/5_orchestration.py took 0.285 seconds
[2026-09-13T00:30:58.486+0000] {processor.py:156} INFO - Started process (PID=159635) to work on /opt/airflow/dags/5_orchestration.py
[2026-09-13T00:30:58.489+0000] {processor.py:799} INFO - Processing file /opt/airflow/dags/5_orchestration.py for tasks to queue
[2026-09-13T00:30:58.490+0000] {logging_mixin.py:149} INFO - [2026-09-13T00:30:58.490+0000] {dagbag.py:541} INFO - Filling up the DagBag from /opt/airflow/dags/5_orchestration.py
[2026-09-13T00:30:58.527+0000] {processor.py:809} INFO - DAG(s) dict_keys(['5-orchestration']) retrieved from /opt/airflow/dags/5_orchestration.py
[2026-09-13T00:30:58.606+0000] {logging_mixin.py:149} INFO - [2026-09-13T00:30:58.606+0000] {dag.py:2726} INFO - Sync 1 DAGs
[2026-09-13T00:30:58.684+0000] {logging_mixin.py:149} INFO - [2026-09-13T00:30:58.683+0000] {dag.py:3490} INFO - Setting next_dagrun for 5-orchestration to 2023-05-01T00:00:00+00:00, run_after=2023-05-02T00:00:00+00:00
[2026-09-13T00:30:58.749+0000] {processor.py:178} INFO - Processing /opt/airflow/dags/5_orchestration.py took 0.270 seconds
[2026-09-13T00:31:28.930+0000] {processor.py:156} INFO - Started process (PID=159649) to work on /opt/airflow/dags/5_orchestration.py
[2026-09-13T00:31:28.937+0000] {processor.py:799} INFO - Processing file /opt/airflow/dags/5_orchestration.py for tasks to queue
[2026-09-13T00:31:28.938+0000] {logging_mixin.py:149} INFO - [2026-09-13T00:31:28.938+0000] {dagbag.py:541} INFO - Filling up the DagBag from /opt/airflow/dags/5_orchestration.py
[2026-09-13T00:31:28.957+0000] {processor.py:809} INFO - DAG(s) dict_keys(['5-orchestration']) retrieved from /opt/airflow/dags/5_orchestration.py
[2026-09-13T00:31:29.033+0000] {logging_mixin.py:149} INFO - [2026-09-13T00:31:29.033+0000] {dag.py:2726} INFO - Sync 1 DAGs
[2026-09-13T00:31:29.093+0000] {logging_mixin.py:149} INFO - [2026-09-13T00:31:29.092+0000] {dag.py:3490} INFO - Setting next_dagrun for 5-orchestration to 2023-05-01T00:00:00+00:00, run_after=2023-05-02T00:00:00+00:00
[2026-09-13T00:31:29.157+0000] {processor.py:178} INFO - Processing /opt/airflow/dags/5_orchestration.py took 0.232 seconds
[2026-09-13T00:31:59.373+0000] {processor.py:156} INFO - Started process (PID=159663) to work on /opt/airflow/dags/5_orchestration.py
[2026-09-13T00:31:59.375+0000] {processor.py:799} INFO - Processing file /opt/airflow/dags/5_orchestration.py for tasks to queue
[2026-09-13T00:31:59.376+0000] {logging_mixin.py:149} INFO - [2026-09-13T00:31:59.376+0000] {dagbag.py:541} INFO - Filling up the DagBag from /opt/airflow/dags/5_orchestration.py
[2026-09-13T00:31:59.405+0000] {processor.py:809} INFO - DAG(s) dict_keys(['5-orchestration']) retrieved from /opt/airflow/dags/5_orchestration.py
[2026-09-13T00:31:59.478+0000] {logging_mixin.py:149} INFO - [2026-09-13T00:31:59.477+0000] {dag.py:2726} INFO - Sync 1 DAGs
[2026-09-13T00:31:59.546+0000] {logging_mixin.py:149} INFO - [2026-09-13T00:31:59.545+0000] {dag.py:3490} INFO - Setting next_dagrun for 5-orchestration to 2023-05-01T00:00:00+00:00, run_after=2023-05-02T00:00:00+00:00
[2026-09-13T00:31:59.582+0000] {processor.py:178} INFO - Processing /opt/airflow/dags/5_orchestration.py took 0.215 seconds
[2026-09-13T00:32:30.175+0000] {processor.py:156} INFO - Started process (PID=159676) to work on /opt/airflow/dags/5_orchestration.py
[2026-09-13T00:32:30.180+0000] {processor.py:799} INFO - Processing file /opt/airflow/dags/5_orchestration.py for tasks to queue
[2026-09-13T00:32:30.182+0000] {logging_mixin.py:149} INFO - [2026-09-13T00:32:30.182+0000] {dagbag.py:541} INFO - Filling up the DagBag from /opt/airflow/dags/5_orchestration.py
[2026-09-13T00:32:30.219+0000] {processor.py:809} INFO - DAG(s) dict_keys(['5-orchestration']) retrieved from /opt/airflow/dags/5_orchestration.py
[2026-09-13T00:32:30.298+0000] {logging_mixin.py:149} INFO - [2026-09-13T00:32:30.297+0000] {dag.py:2726} INFO - Sync 1 DAGs
[2026-09-13T00:32:30.616+0000] {logging_mixin.py:149} INFO - [2026-09-13T00:32:30.615+0000] {dag.py:3490} INFO - Setting next_dagrun for 5-orchestration to 2023-05-01T00:00:00+00:00, run_after=2023-05-02T00:00:00+00:00
[2026-09-13T00:32:30.647+0000] {processor.py:178} INFO - Processing /opt/airflow/dags/5_orchestration.py took 0.483 seconds
[2026-09-13T00:33:01.165+0000] {processor.py:156} INFO - Started process (PID=159690) to work on /opt/airflow/dags/5_orchestration.py
[2026-09-13T00:33:01.167+0000] {processor.py:799} INFO - Processing file /opt/airflow/dags/5_orchestration.py for tasks to queue
[2026-09-13T00:33:01.168+0000] {logging_mixin.py:149} INFO - [2026-09-13T00:33:01.167+0000] {dagbag.py:541} INFO - Filling up the DagBag from /opt/airflow/dags/5_orchestration.py
[2026-09-13T00:33:01.186+0000] {processor.py:809} INFO - DAG(s) dict_keys(['5-orchestration']) retrieved from /opt/airflow/dags/5_orchestration.py
[2026-09-13T00:33:01.254+0000] {logging_mixin.py:149} INFO - [2026-09-13T00:33:01.254+0000] {dag.py:2726} INFO - Sync 1 DAGs
[2026-09-13T00:33:01.300+0000] {logging_mixin.py:149} INFO - [2026-09-13T00:33:01.299+0000] {dag.py:3490} INFO - Setting next_dagrun for 5-orchestration to 2023-05-01T00:00:00+00:00, run_after=2023-05-02T00:00:00+00:00
[2026-09-13T00:33:01.328+0000] {processor.py:178} INFO - Processing /opt/airflow/dags/5_orchestration.py took 0.168 seconds
[2026-09-13T00:33:31.504+0000] {processor.py:156} INFO - Started process (PID=159704) to work on /opt/airflow/dags/5_orchestration.py
[2026-09-13T00:33:31.506+0000] {processor.py:799} INFO - Processing file /opt/airflow/dags/5_orchestration.py for tasks to queue
[2026-09-13T00:33:31.507+0000] {logging_mixin.py:149} INFO - [2026-09-13T00:33:31.507+0000] {dagbag.py:541} INFO - Filling up the DagBag from /opt/airflow/dags/5_orchestration.py
[2026-09-13T00:33:31.528+0000] {processor.py:809} INFO - DAG(s) dict_keys(['5-orchestration']) retrieved from /opt/airflow/dags/5_orchestration.py
[2026-09-13T00:33:31.613+0000] {logging_mixin.py:149} INFO - [2026-09-13T00:33:31.613+0000] {dag.py:2726} INFO - Sync 1 DAGs
[2026-09-13T00:33:31.703+0000] {logging_mixin.py:149} INFO - [2026-09-13T00:33:31.702+0000] {dag.py:3490} INFO - Setting next_dagrun for 5-orchestration to 2023-05-01T00:00:00+00:00, run_after=2023-05-02T00:00:00+00:00
[2026-09-13T00:33:31.790+0000] {processor.py:178} INFO - Processing /opt/airflow/dags/5_orchestration.py took 0.290 seconds
[2026-09-13T00:34:01.987+0000] {processor.py:156} INFO - Started process (PID=159718) to work on /opt/airflow/dags/5_orchestration.py
[2026-09-13T00:34:01.990+0000] {processor.py:799} INFO - Processing file /opt/airflow/dags/5_orchestration.py for tasks to queue
[2026-09-13T00:34:01.991+0000] {logging_mixin.py:149} INFO - [2026-09-13T00:34:01.991+0000] {dagbag.py:541} INFO - Filling up the DagBag from /opt/airflow/dags/5_orchestration.py
[2026-09-13T00:34:02.023+0000] {processor.py:809} INFO - DAG(s) dict_keys(['5-orchestration']) retrieved from /opt/airflow/dags/5_orchestration.py
[2026-09-13T00:34:02.113+0000] {logging_mixin.py:149} INFO - [2026-09-13T00:34:02.112+0000] {dag.py:2726} INFO - Sync 1 DAGs
[2026-09-13T00:34:02.197+0000] {logging_mixin.py:149} INFO - [2026-09-13T00:34:02.196+0000] {dag.py:3490} INFO - Setting next_dagrun for 5-orchestration to 2023-05-01T00:00:00+00:00, run_after=2023-05-02T00:00:00+00:00
[2026-09-13T00:34:02.264+0000] {processor.py:178} INFO - Processing /opt/airflow/dags/5_orchestration.py took 0.284 seconds
[2026-09-13T00:34:32.412+0000] {processor.py:156} INFO - Started process (PID=159733) to work on /opt/airflow/dags/5_orchestration.py
[2026-09-13T00:34:32.424+0000] {processor.py:799} INFO - Processing file /opt/airflow/dags/5_orchestration.py for tasks to queue
[2026-09-13T00:34:32.426+0000] {logging_mixin.py:149} INFO - [2026-09-13T00:34:32.426+0000] {dagbag.py:541} INFO - Filling up the DagBag from /opt/airflow/dags/5_orchestration.py
[2026-09-13T00:34:32.469+0000] {processor.py:809} INFO - DAG(s) dict_keys(['5-orchestration']) retrieved from /opt/airflow/dags/5_orchestration.py
[2026-09-13T00:34:32.558+0000] {logging_mixin.py:149} INFO - [2026-09-13T00:34:32.558+0000] {dag.py:2726} INFO - Sync 1 DAGs
[2026-09-13T00:34:32.633+0000] {logging_mixin.py:149} INFO - [2026-09-13T00:34:32.633+0000] {dag.py:3490} INFO - Setting next_dagrun for 5-orchestration to 2023-05-01T00:00:00+00:00, run_after=2023-05-02T00:00:00+00:00
[2026-09-13T00:34:32.703+0000] {processor.py:178} INFO - Processing /opt/airflow/dags/5_orchestration.py took 0.298 seconds
[2026-09-13T00:35:03.153+0000] {processor.py:156} INFO - Started process (PID=159748) to work on /opt/airflow/dags/5_orchestration.py
[2026-09-13T00:35:03.160+0000] {processor.py:799} INFO - Processing file /opt/airflow/dags/5_orchestration.py for tasks to queue
[2026-09-13T00:35:03.162+0000] {logging_mixin.py:149} INFO - [2026-09-13T00:35:03.162+0000] {dagbag.py:541} INFO - Filling up the DagBag from /opt/airflow/dags/5_orchestration.py
[2026-09-13T00:35:03.196+0000] {processor.py:809} INFO - DAG(s) dict_keys(['5-orchestration']) retrieved from /opt/airflow/dags/5_orchestration.py
[2026-09-13T00:35:03.295+0000] {logging_mixin.py:149} INFO - [2026-09-13T00:35:03.294+0000] {dag.py:2726} INFO - Sync 1 DAGs
[2026-09-13T00:35:03.374+0000] {logging_mixin.py:149} INFO - [2026-09-13T00:35:03.374+0000] {dag.py:3490} INFO - Setting next_dagrun for 5-orchestration to 2023-05-01T00:00:00+00:00, run_after=2023-05-02T00:00:00+00:00
[2026-09-13T00:35:03.716+0000] {processor.py:178} INFO - Processing /opt/airflow/dags/5_orchestration.py took 0.576 seconds
[2026-09-13T00:35:34.033+0000] {processor.py:156} INFO - Started process (PID=159762) to work on /opt/airflow/dags/5_orchestration.py
[2026-09-13T00:35:34.035+0000] {processor.py:799} INFO - Processing file /opt/airflow/dags/5_orchestration.py for tasks to queue
[2026-09-13T00:35:34.036+0000] {logging_mixin.py:149} INFO - [2026-09-13T00:35:34.036+0000] {dagbag.py:541} INFO - Filling up the DagBag from /opt/airflow/dags/5_orchestration.py
[2026-09-13T00:35:34.085+0000] {processor.py:809} INFO - DAG(s) dict_keys(['5-orchestration']) retrieved from /opt/airflow/dags/5_orchestration.py
[2026-09-13T00:35:34.145+0000] {logging_mixin.py:149} INFO - [2026-09-13T00:35:34.144+0000] {dag.py:2726} INFO - Sync 1 DAGs
[2026-09-13T00:35:34.187+0000] {logging_mixin.py:149} INFO - [2026-09-13T00:35:34.187+0000] {dag.py:3490} INFO - Setting next_dagrun for 5-orchestration to 2023-05-01T00:00:00+00:00, run_after=2023-05-02T00:00:00+00:00
[2026-09-13T00:35:34.214+0000] {processor.py:178} INFO - Processing /opt/airflow/dags/5_orchestration.py took 0.187 seconds
[2026-09-13T00:36:04.633+0000] {processor.py:156} INFO - Started process (PID=159784) to work on /opt/airflow/dags/5_orchestration.py
[2026-09-13T00:36:04.643+0000] {processor.py:799} INFO - Processing file /opt/airflow/dags/5_orchestration.py for tasks to queue
[2026-09-13T00:36:04.646+0000] {logging_mixin.py:149} INFO - [2026-09-13T00:36:04.645+0000] {dagbag.py:541} INFO - Filling up the DagBag from /opt/airflow/dags/5_orchestration.py
[2026-09-13T00:36:04.678+0000] {processor.py:809} INFO - DAG(s) dict_keys(['5-orchestration']) retrieved from /opt/airflow/dags/5_orchestration.py
[2026-09-13T00:36:04.743+0000] {logging_mixin.py:149} INFO - [2026-09-13T00:36:04.742+0000] {dag.py:2726} INFO - Sync 1 DAGs
[2026-09-13T00:36:04.804+0000] {logging_mixin.py:149} INFO - [2026-09-13T00:36:04.803+0000] {dag.py:3490} INFO - Setting next_dagrun for 5-orchestration to 2023-05-01T00:00:00+00:00, run_after=2023-05-02T00:00:00+00:00
[2026-09-13T00:36:04.872+0000] {processor.py:178} INFO - Processing /opt/airflow/dags/5_orchestration.py took 0.248 seconds
[2026-09-13T00:36:35.028+0000] {processor.py:156} INFO - Started process (PID=159798) to work on /opt/airflow/dags/5_orchestration.py
[2026-09-13T00:36:35.032+0000] {processor.py:799} INFO - Processing file /opt/airflow/dags/5_orchestration.py for tasks to queue
[2026-09-13T00:36:35.033+0000] {logging_mixin.py:149} INFO - [2026-09-13T00:36:35.033+0000] {dagbag.py:541} INFO - Filling up the DagBag from /opt/airflow/dags/5_orchestration.py
[2026-09-13T00:36:35.073+0000] {processor.py:809} INFO - DAG(s) dict_keys(['5-orchestration']) retrieved from /opt/airflow/dags/5_orchestration.py
[2026-09-13T00:36:35.125+0000] {logging_mixin.py:149} INFO - [2026-09-13T00:36:35.124+0000] {dag.py:2726} INFO - Sync 1 DAGs
[2026-09-13T00:36:35.164+0000] {logging_mixin.py:149} INFO - [2026-09-13T00:36:35.163+0000] {dag.py:3490} INFO - Setting next_dagrun for 5-orchestration to 2023-05-01T00:00:00+00:00, run_after=2023-05-02T00:00:00+00:00
[2026-09-13T00:36:35.192+0000] {processor.py:178} INFO - Processing /opt/airflow/dags/5_orchestration.py took 0.183 seconds
[2026-09-13T00:37:05.381+0000] {processor.py:156} INFO - Started process (PID=159813) to work on /opt/airflow/dags/5_orchestration.py
[2026-09-13T00:37:05.389+0000] {processor.py:799} INFO - Processing file /opt/airflow/dags/5_orchestration.py for tasks to queue
[2026-09-13T00:37:05.390+0000] {logging_mixin.py:149} INFO - [2026-09-13T00:37:05.390+0000] {dagbag.py:541} INFO - Filling up the DagBag from /opt/airflow/dags/5_orchestration.py
[2026-09-13T00:37:05.413+0000] {processor.py:809} INFO - DAG(s) dict_keys(['5-orchestration']) retrieved from /opt/airflow/dags/5_orchestration.py
[2026-09-13T00:37:05.457+0000] {logging_mixin.py:149} INFO - [2026-09-13T00:37:05.457+0000] {dag.py:2726} INFO - Sync 1 DAGs
[2026-09-13T00:37:05.492+0000] {logging_mixin.py:149} INFO - [2026-09-13T00:37:05.492+0000] {dag.py:3490} INFO - Setting next_dagrun for 5-orchestration to 2023-05-01T00:00:00+00:00, run_after=2023-05-02T00:00:00+00:00
[2026-09-13T00:37:05.518+0000] {processor.py:178} INFO - Processing /opt/airflow/dags/5_orchestration.py took 0.143 seconds
[2026-09-13T00:37:35.787+0000] {processor.py:156} INFO - Started process (PID=159827) to work on /opt/airflow/dags/5_orchestration.py
[2026-09-13T00:37:35.794+0000] {processor.py:799} INFO - Processing file /opt/airflow/dags/5_orchestration.py for tasks to queue
[2026-09-13T00:37:35.797+0000] {logging_mixin.py:149} INFO - [2026-09-13T00:37:35.796+0000] {dagbag.py:541} INFO - Filling up the DagBag from /opt/airflow/dags/5_orchestration.py
[2026-09-13T00:37:35.831+0000] {processor.py:809} INFO - DAG(s) dict_keys(['5-orchestration']) retrieved from /opt/airflow/dags/5_orchestration.py
[2026-09-13T00:37:35.914+0000] {logging_mixin.py:149} INFO - [2026-09-13T00:37:35.914+0000] {dag.py:2726} INFO - Sync 1 DAGs
[2026-09-13T00:37:36.043+0000] {logging_mixin.py:149} INFO - [2026-09-13T00:37:36.043+0000] {dag.py:3490} INFO - Setting next_dagrun for 5-orchestration to 2023-05-01T00:00:00+00:00, run_after=2023-05-02T00:00:00+00:00
[2026-09-13T00:37:36.077+0000] {processor.py:178} INFO - Processing /opt/airflow/dags/5_orchestration.py took 0.307 seconds
[2026-09-13T00:38:06.596+0000] {processor.py:156} INFO - Started process (PID=159841) to work on /opt/airflow/dags/5_orchestration.py
[2026-09-13T00:38:06.599+0000] {processor.py:799} INFO - Processing file /opt/airflow/dags/5_orchestration.py for tasks to queue
[2026-09-13T00:38:06.600+0000] {logging_mixin.py:149} INFO - [2026-09-13T00:38:06.600+0000] {dagbag.py:541} INFO - Filling up the DagBag from /opt/airflow/dags/5_orchestration.py
[2026-09-13T00:38:06.631+0000] {processor.py:809} INFO - DAG(s) dict_keys(['5-orchestration']) retrieved from /opt/airflow/dags/5_orchestration.py
[2026-09-13T00:38:06.747+0000] {logging_mixin.py:149} INFO - [2026-09-13T00:38:06.747+0000] {dag.py:2726} INFO - Sync 1 DAGs
[2026-09-13T00:38:07.013+0000] {logging_mixin.py:149} INFO - [2026-09-13T00:38:07.013+0000] {dag.py:3490} INFO - Setting next_dagrun for 5-orchestration to 2023-05-01T00:00:00+00:00, run_after=2023-05-02T00:00:00+00:00
[2026-09-13T00:38:07.058+0000] {processor.py:178} INFO - Processing /opt/airflow/dags/5_orchestration.py took 0.472 seconds
[2026-09-13T00:38:37.353+0000] {processor.py:156} INFO - Started process (PID=159855) to work on /opt/airflow/dags/5_orchestration.py
[2026-09-13T00:38:37.359+0000] {processor.py:799} INFO - Processing file /opt/airflow/dags/5_orchestration.py for tasks to queue
[2026-09-13T00:38:37.361+0000] {logging_mixin.py:149} INFO - [2026-09-13T00:38:37.361+0000] {dagbag.py:541} INFO - Filling up the DagBag from /opt/airflow/dags/5_orchestration.py
[2026-09-13T00:38:37.401+0000] {processor.py:809} INFO - DAG(s) dict_keys(['5-orchestration']) retrieved from /opt/airflow/dags/5_orchestration.py
[2026-09-13T00:38:37.461+0000] {logging_mixin.py:149} INFO - [2026-09-13T00:38:37.461+0000] {dag.py:2726} INFO - Sync 1 DAGs
[2026-09-13T00:38:37.528+0000] {logging_mixin.py:149} INFO - [2026-09-13T00:38:37.527+0000] {dag.py:3490} INFO - Setting next_dagrun for 5-orchestration to 2023-05-01T00:00:00+00:00, run_after=2023-05-02T00:00:00+00:00
[2026-09-13T00:38:37.592+0000] {processor.py:178} INFO - Processing /opt/airflow/dags/5_orchestration.py took 0.251 seconds
[2026-09-13T00:39:08.146+0000] {processor.py:156} INFO - Started process (PID=159869) to work on /opt/airflow/dags/5_orchestration.py
[2026-09-13T00:39:08.152+0000] {processor.py:799} INFO - Processing file /opt/airflow/dags/5_orchestration.py for tasks to queue
[2026-09-13T00:39:08.153+0000] {logging_mixin.py:149} INFO - [2026-09-13T00:39:08.153+0000] {dagbag.py:541} INFO - Filling up the DagBag from /opt/airflow/dags/5_orchestration.py
[2026-09-13T00:39:08.184+0000] {processor.py:809} INFO - DAG(s) dict_keys(['5-orchestration']) retrieved from /opt/airflow/dags/5_orchestration.py
[2026-09-13T00:39:08.272+0000] {logging_mixin.py:149} INFO - [2026-09-13T00:39:08.272+0000] {dag.py:2726} INFO - Sync 1 DAGs
[2026-09-13T00:39:08.337+0000] {logging_mixin.py:149} INFO - [2026-09-13T00:39:08.337+0000] {dag.py:3490} INFO - Setting next_dagrun for 5-orchestration to 2023-05-01T00:00:00+00:00, run_after=2023-05-02T00:00:00+00:00
[2026-09-13T00:39:08.390+0000] {processor.py:178} INFO - Processing /opt/airflow/dags/5_orchestration.py took 0.252 seconds
[2026-09-13T00:39:39.224+0000] {processor.py:156} INFO - Started process (PID=159883) to work on /opt/airflow/dags/5_orchestration.py
[2026-09-13T00:39:39.229+0000] {processor.py:799} INFO - Processing file /opt/airflow/dags/5_orchestration.py for tasks to queue
[2026-09-13T00:39:39.231+0000] {logging_mixin.py:149} INFO - [2026-09-13T00:39:39.230+0000] {dagbag.py:541} INFO - Filling up the DagBag from /opt/airflow/dags/5_orchestration.py
[2026-09-13T00:39:39.258+0000] {processor.py:809} INFO - DAG(s) dict_keys(['5-orchestration']) retrieved from /opt/airflow/dags/5_orchestration.py
[2026-09-13T00:39:39.331+0000] {logging_mixin.py:149} INFO - [2026-09-13T00:39:39.331+0000] {dag.py:2726} INFO - Sync 1 DAGs
[2026-09-13T00:39:39.399+0000] {logging_mixin.py:149} INFO - [2026-09-13T00:39:39.399+0000] {dag.py:3490} INFO - Setting next_dagrun for 5-orchestration to 2023-05-01T00:00:00+00:00, run_after=2023-05-02T00:00:00+00:00
[2026-09-13T00:39:39.462+0000] {processor.py:178} INFO - Processing /opt/airflow/dags/5_orchestration.py took 0.261 seconds
[2026-09-13T00:40:09.586+0000] {processor.py:156} INFO - Started process (PID=159897) to work on /opt/airflow/dags/5_orchestration.py
[2026-09-13T00:40:09.602+0000] {processor.py:799} INFO - Processing file /opt/airflow/dags/5_orchestration.py for tasks to queue
[2026-09-13T00:40:09.604+0000] {logging_mixin.py:149} INFO - [2026-09-13T00:40:09.604+0000] {dagbag.py:541} INFO - Filling up the DagBag from /opt/airflow/dags/5_orchestration.py
[2026-09-13T00:40:09.643+0000] {processor.py:809} INFO - DAG(s) dict_keys(['5-orchestration']) retrieved from /opt/airflow/dags/5_orchestration.py
[2026-09-13T00:40:09.725+0000] {logging_mixin.py:149} INFO - [2026-09-13T00:40:09.724+0000] {dag.py:2726} INFO - Sync 1 DAGs
[2026-09-13T00:40:09.792+0000] {logging_mixin.py:149} INFO - [2026-09-13T00:40:09.791+0000] {dag.py:3490} INFO - Setting next_dagrun for 5-orchestration to 2023-05-01T00:00:00+00:00, run_after=2023-05-02T00:00:00+00:00
[2026-09-13T00:40:09.861+0000] {processor.py:178} INFO - Processing /opt/airflow/dags/5_orchestration.py took 0.282 seconds
[2026-09-13T00:40:40.461+0000] {processor.py:156} INFO - Started process (PID=159910) to work on /opt/airflow/dags/5_orchestration.py
[2026-09-13T00:40:40.465+0000] {processor.py:799} INFO - Processing file /opt/airflow/dags/5_orchestration.py for tasks to queue
[2026-09-13T00:40:40.467+0000] {logging_mixin.py:149} INFO - [2026-09-13T00:40:40.467+0000] {dagbag.py:541} INFO - Filling up the DagBag from /opt/airflow/dags/5_orchestration.py
[2026-09-13T00:40:40.514+0000] {processor.py:809} INFO - DAG(s) dict_keys(['5-orchestration']) retrieved from /opt/airflow/dags/5_orchestration.py
[2026-09-13T00:40:40.587+0000] {logging_mixin.py:149} INFO - [2026-09-13T00:40:40.587+0000] {dag.py:2726} INFO - Sync 1 DAGs
[2026-09-13T00:40:40.659+0000] {logging_mixin.py:149} INFO - [2026-09-13T00:40:40.658+0000] {dag.py:3490} INFO - Setting next_dagrun for 5-orchestration to 2023-05-01T00:00:00+00:00, run_after=2023-05-02T00:00:00+00:00
[2026-09-13T00:40:40.945+0000] {processor.py:178} INFO - Processing /opt/airflow/dags/5_orchestration.py took 0.496 seconds
[2026-09-13T00:41:11.613+0000] {processor.py:156} INFO - Started process (PID=159924) to work on /opt/airflow/dags/5_orchestration.py
[2026-09-13T00:41:11.620+0000] {processor.py:799} INFO - Processing file /opt/airflow/dags/5_orchestration.py for tasks to queue
[2026-09-13T00:41:11.622+0000] {logging_mixin.py:149} INFO - [2026-09-13T00:41:11.622+0000] {dagbag.py:541} INFO - Filling up the DagBag from /opt/airflow/dags/5_orchestration.py
[2026-09-13T00:41:11.659+0000] {processor.py:809} INFO - DAG(s) dict_keys(['5-orchestration']) retrieved from /opt/airflow/dags/5_orchestration.py
[2026-09-13T00:41:11.751+0000] {logging_mixin.py:149} INFO - [2026-09-13T00:41:11.750+0000] {dag.py:2726} INFO - Sync 1 DAGs
[2026-09-13T00:41:11.836+0000] {logging_mixin.py:149} INFO - [2026-09-13T00:41:11.836+0000] {dag.py:3490} INFO - Setting next_dagrun for 5-orchestration to 2023-05-01T00:00:00+00:00, run_after=2023-05-02T00:00:00+00:00
[2026-09-13T00:41:11.907+0000] {processor.py:178} INFO - Processing /opt/airflow/dags/5_orchestration.py took 0.304 seconds
[2026-09-13T00:41:42.385+0000] {processor.py:156} INFO - Started process (PID=159938) to work on /opt/airflow/dags/5_orchestration.py
[2026-09-13T00:41:42.389+0000] {processor.py:799} INFO - Processing file /opt/airflow/dags/5_orchestration.py for tasks to queue
[2026-09-13T00:41:42.391+0000] {logging_mixin.py:149} INFO - [2026-09-13T00:41:42.391+0000] {dagbag.py:541} INFO - Filling up the DagBag from /opt/airflow/dags/5_orchestration.py
[2026-09-13T00:41:42.423+0000] {processor.py:809} INFO - DAG(s) dict_keys(['5-orchestration']) retrieved from /opt/airflow/dags/5_orchestration.py
[2026-09-13T00:41:42.514+0000] {logging_mixin.py:149} INFO - [2026-09-13T00:41:42.514+0000] {dag.py:2726} INFO - Sync 1 DAGs
[2026-09-13T00:41:42.587+0000] {logging_mixin.py:149} INFO - [2026-09-13T00:41:42.587+0000] {dag.py:3490} INFO - Setting next_dagrun for 5-orchestration to 2023-05-01T00:00:00+00:00, run_after=2023-05-02T00:00:00+00:00
[2026-09-13T00:41:42.666+0000] {processor.py:178} INFO - Processing /opt/airflow/dags/5_orchestration.py took 0.295 seconds
[2026-09-13T00:42:12.829+0000] {processor.py:156} INFO - Started process (PID=159951) to work on /opt/airflow/dags/5_orchestration.py
[2026-09-13T00:42:12.834+0000] {processor.py:799} INFO - Processing file /opt/airflow/dags/5_orchestration.py for tasks to queue
[2026-09-13T00:42:12.837+0000] {logging_mixin.py:149} INFO - [2026-09-13T00:42:12.836+0000] {dagbag.py:541} INFO - Filling up the DagBag from /opt/airflow/dags/5_orchestration.py
[2026-09-13T00:42:12.869+0000] {processor.py:809} INFO - DAG(s) dict_keys(['5-orchestration']) retrieved from /opt/airflow/dags/5_orchestration.py
[2026-09-13T00:42:12.955+0000] {logging_mixin.py:149} INFO - [2026-09-13T00:42:12.954+0000] {dag.py:2726} INFO - Sync 1 DAGs
[2026-09-13T00:42:13.020+0000] {logging_mixin.py:149} INFO - [2026-09-13T00:42:13.019+0000] {dag.py:3490} INFO - Setting next_dagrun for 5-orchestration to 2023-05-01T00:00:00+00:00, run_after=2023-05-02T00:00:00+00:00
[2026-09-13T00:42:13.079+0000] {processor.py:178} INFO - Processing /opt/airflow/dags/5_orchestration.py took 0.265 seconds
[2026-09-13T00:42:43.271+0000] {processor.py:156} INFO - Started process (PID=159966) to work on /opt/airflow/dags/5_orchestration.py
[2026-09-13T00:42:43.280+0000] {processor.py:799} INFO - Processing file /opt/airflow/dags/5_orchestration.py for tasks to queue
[2026-09-13T00:42:43.283+0000] {logging_mixin.py:149} INFO - [2026-09-13T00:42:43.283+0000] {dagbag.py:541} INFO - Filling up the DagBag from /opt/airflow/dags/5_orchestration.py
[2026-09-13T00:42:43.321+0000] {processor.py:809} INFO - DAG(s) dict_keys(['5-orchestration']) retrieved from /opt/airflow/dags/5_orchestration.py
[2026-09-13T00:42:43.413+0000] {logging_mixin.py:149} INFO - [2026-09-13T00:42:43.413+0000] {dag.py:2726} INFO - Sync 1 DAGs
[2026-09-13T00:42:43.489+0000] {logging_mixin.py:149} INFO - [2026-09-13T00:42:43.488+0000] {dag.py:3490} INFO - Setting next_dagrun for 5-orchestration to 2023-05-01T00:00:00+00:00, run_after=2023-05-02T00:00:00+00:00
[2026-09-13T00:42:43.551+0000] {processor.py:178} INFO - Processing /opt/airflow/dags/5_orchestration.py took 0.290 seconds
[2026-09-13T00:43:13.952+0000] {processor.py:156} INFO - Started process (PID=159981) to work on /opt/airflow/dags/5_orchestration.py
[2026-09-13T00:43:13.955+0000] {processor.py:799} INFO - Processing file /opt/airflow/dags/5_orchestration.py for tasks to queue
[2026-09-13T00:43:13.957+0000] {logging_mixin.py:149} INFO - [2026-09-13T00:43:13.957+0000] {dagbag.py:541} INFO - Filling up the DagBag from /opt/airflow/dags/5_orchestration.py
[2026-09-13T00:43:13.994+0000] {processor.py:809} INFO - DAG(s) dict_keys(['5-orchestration']) retrieved from /opt/airflow/dags/5_orchestration.py
[2026-09-13T00:43:14.092+0000] {logging_mixin.py:149} INFO - [2026-09-13T00:43:14.092+0000] {dag.py:2726} INFO - Sync 1 DAGs
[2026-09-13T00:43:14.184+0000] {logging_mixin.py:149} INFO - [2026-09-13T00:43:14.183+0000] {dag.py:3490} INFO - Setting next_dagrun for 5-orchestration to 2023-05-01T00:00:00+00:00, run_after=2023-05-02T00:00:00+00:00
[2026-09-13T00:43:14.495+0000] {processor.py:178} INFO - Processing /opt/airflow/dags/5_orchestration.py took 0.553 seconds
[2026-09-13T00:43:44.776+0000] {processor.py:156} INFO - Started process (PID=159996) to work on /opt/airflow/dags/5_orchestration.py
[2026-09-13T00:43:44.780+0000] {processor.py:799} INFO - Processing file /opt/airflow/dags/5_orchestration.py for tasks to queue
[2026-09-13T00:43:44.782+0000] {logging_mixin.py:149} INFO - [2026-09-13T00:43:44.781+0000] {dagbag.py:541} INFO - Filling up the DagBag from /opt/airflow/dags/5_orchestration.py
[2026-09-13T00:43:44.813+0000] {processor.py:809} INFO - DAG(s) dict_keys(['5-orchestration']) retrieved from /opt/airflow/dags/5_orchestration.py
[2026-09-13T00:43:44.896+0000] {logging_mixin.py:149} INFO - [2026-09-13T00:43:44.895+0000] {dag.py:2726} INFO - Sync 1 DAGs
[2026-09-13T00:43:45.195+0000] {logging_mixin.py:149} INFO - [2026-09-13T00:43:45.195+0000] {dag.py:3490} INFO - Setting next_dagrun for 5-orchestration to 2023-05-01T00:00:00+00:00, run_after=2023-05-02T00:00:00+00:00
[2026-09-13T00:43:45.228+0000] {processor.py:178} INFO - Processing /opt/airflow/dags/5_orchestration.py took 0.469 seconds
[2026-09-13T00:44:15.301+0000] {processor.py:156} INFO - Started process (PID=160011) to work on /opt/airflow/dags/5_orchestration.py
[2026-09-13T00:44:15.304+0000] {processor.py:799} INFO - Processing file /opt/airflow/dags/5_orchestration.py for tasks to queue
[2026-09-13T00:44:15.306+0000] {logging_mixin.py:149} INFO - [2026-09-13T00:44:15.306+0000] {dagbag.py:541} INFO - Filling up the DagBag from /opt/airflow/dags/5_orchestration.py
[2026-09-13T00:44:15.345+0000] {processor.py:809} INFO - DAG(s) dict_keys(['5-orchestration']) retrieved from /opt/airflow/dags/5_orchestration.py
[2026-09-13T00:44:15.437+0000] {logging_mixin.py:149} INFO - [2026-09-13T00:44:15.436+0000] {dag.py:2726} INFO - Sync 1 DAGs
[2026-09-13T00:44:15.500+0000] {logging_mixin.py:149} INFO - [2026-09-13T00:44:15.500+0000] {dag.py:3490} INFO - Setting next_dagrun for 5-orchestration to 2023-05-01T00:00:00+00:00, run_after=2023-05-02T00:00:00+00:00
[2026-09-13T00:44:15.592+0000] {processor.py:178} INFO - Processing /opt/airflow/dags/5_orchestration.py took 0.302 seconds
[2026-09-13T00:44:45.782+0000] {processor.py:156} INFO - Started process (PID=160025) to work on /opt/airflow/dags/5_orchestration.py
[2026-09-13T00:44:45.787+0000] {processor.py:799} INFO - Processing file /opt/airflow/dags/5_orchestration.py for tasks to queue
[2026-09-13T00:44:45.789+0000] {logging_mixin.py:149} INFO - [2026-09-13T00:44:45.788+0000] {dagbag.py:541} INFO - Filling up the DagBag from /opt/airflow/dags/5_orchestration.py
[2026-09-13T00:44:45.823+0000] {processor.py:809} INFO - DAG(s) dict_keys(['5-orchestration']) retrieved from /opt/airflow/dags/5_orchestration.py
[2026-09-13T00:44:45.911+0000] {logging_mixin.py:149} INFO - [2026-09-13T00:44:45.910+0000] {dag.py:2726} INFO - Sync 1 DAGs
[2026-09-13T00:44:45.971+0000] {logging_mixin.py:149} INFO - [2026-09-13T00:44:45.970+0000] {dag.py:3490} INFO - Setting next_dagrun for 5-orchestration to 2023-05-01T00:00:00+00:00, run_after=2023-05-02T00:00:00+00:00
[2026-09-13T00:44:46.034+0000] {processor.py:178} INFO - Processing /opt/airflow/dags/5_orchestration.py took 0.263 seconds
[2026-09-13T00:45:16.177+0000] {processor.py:156} INFO - Started process (PID=160040) to work on /opt/airflow/dags/5_orchestration.py
[2026-09-13T00:45:16.182+0000] {processor.py:799} INFO - Processing file /opt/airflow/dags/5_orchestration.py for tasks to queue
[2026-09-13T00:45:16.184+0000] {logging_mixin.py:149} INFO - [2026-09-13T00:45:16.183+0000] {dagbag.py:541} INFO - Filling up the DagBag from /opt/airflow/dags/5_orchestration.py
[2026-09-13T00:45:16.219+0000] {processor.py:809} INFO - DAG(s) dict_keys(['5-orchestration']) retrieved from /opt/airflow/dags/5_orchestration.py
[2026-09-13T00:45:16.315+0000] {logging_mixin.py:149} INFO - [2026-09-13T00:45:16.314+0000] {dag.py:2726} INFO - Sync 1 DAGs
[2026-09-13T00:45:16.382+0000] {logging_mixin.py:149} INFO - [2026-09-13T00:45:16.381+0000] {dag.py:3490} INFO - Setting next_dagrun for 5-orchestration to 2023-05-01T00:00:00+00:00, run_after=2023-05-02T00:00:00+00:00
[2026-09-13T00:45:16.439+0000] {processor.py:178} INFO - Processing /opt/airflow/dags/5_orchestration.py took 0.273 seconds
[2026-09-13T00:45:46.602+0000] {processor.py:156} INFO - Started process (PID=160054) to work on /opt/airflow/dags/5_orchestration.py
[2026-09-13T00:45:46.608+0000] {processor.py:799} INFO - Processing file /opt/airflow/dags/5_orchestration.py for tasks to queue
[2026-09-13T00:45:46.610+0000] {logging_mixin.py:149} INFO - [2026-09-13T00:45:46.610+0000] {dagbag.py:541} INFO - Filling up the DagBag from /opt/airflow/dags/5_orchestration.py
[2026-09-13T00:45:46.647+0000] {processor.py:809} INFO - DAG(s) dict_keys(['5-orchestration']) retrieved from /opt/airflow/dags/5_orchestration.py
[2026-09-13T00:45:46.739+0000] {logging_mixin.py:149} INFO - [2026-09-13T00:45:46.739+0000] {dag.py:2726} INFO - Sync 1 DAGs
[2026-09-13T00:45:46.830+0000] {logging_mixin.py:149} INFO - [2026-09-13T00:45:46.829+0000] {dag.py:3490} INFO - Setting next_dagrun for 5-orchestration to 2023-05-01T00:00:00+00:00, run_after=2023-05-02T00:00:00+00:00
[2026-09-13T00:45:46.904+0000] {processor.py:178} INFO - Processing /opt/airflow/dags/5_orchestration.py took 0.313 seconds
[2026-09-13T00:46:17.491+0000] {processor.py:156} INFO - Started process (PID=160068) to work on /opt/airflow/dags/5_orchestration.py
[2026-09-13T00:46:17.495+0000] {processor.py:799} INFO - Processing file /opt/airflow/dags/5_orchestration.py for tasks to queue
[2026-09-13T00:46:17.496+0000] {logging_mixin.py:149} INFO - [2026-09-13T00:46:17.496+0000] {dagbag.py:541} INFO - Filling up the DagBag from /opt/airflow/dags/5_orchestration.py
[2026-09-13T00:46:17.527+0000] {processor.py:809} INFO - DAG(s) dict_keys(['5-orchestration']) retrieved from /opt/airflow/dags/5_orchestration.py
[2026-09-13T00:46:17.612+0000] {logging_mixin.py:149} INFO - [2026-09-13T00:46:17.612+0000] {dag.py:2726} INFO - Sync 1 DAGs
[2026-09-13T00:46:17.946+0000] {logging_mixin.py:149} INFO - [2026-09-13T00:46:17.945+0000] {dag.py:3490} INFO - Setting next_dagrun for 5-orchestration to 2023-05-01T00:00:00+00:00, run_after=2023-05-02T00:00:00+00:00
[2026-09-13T00:46:17.987+0000] {processor.py:178} INFO - Processing /opt/airflow/dags/5_orchestration.py took 0.505 seconds
[2026-09-13T00:46:48.185+0000] {processor.py:156} INFO - Started process (PID=160082) to work on /opt/airflow/dags/5_orchestration.py
[2026-09-13T00:46:48.188+0000] {processor.py:799} INFO - Processing file /opt/airflow/dags/5_orchestration.py for tasks to queue
[2026-09-13T00:46:48.190+0000] {logging_mixin.py:149} INFO - [2026-09-13T00:46:48.190+0000] {dagbag.py:541} INFO - Filling up the DagBag from /opt/airflow/dags/5_orchestration.py
[2026-09-13T00:46:48.223+0000] {processor.py:809} INFO - DAG(s) dict_keys(['5-orchestration']) retrieved from /opt/airflow/dags/5_orchestration.py
[2026-09-13T00:46:48.300+0000] {logging_mixin.py:149} INFO - [2026-09-13T00:46:48.300+0000] {dag.py:2726} INFO - Sync 1 DAGs
[2026-09-13T00:46:48.379+0000] {logging_mixin.py:149} INFO - [2026-09-13T00:46:48.378+0000] {dag.py:3490} INFO - Setting next_dagrun for 5-orchestration to 2023-05-01T00:00:00+00:00, run_after=2023-05-02T00:00:00+00:00
[2026-09-13T00:46:48.436+0000] {processor.py:178} INFO - Processing /opt/airflow/dags/5_orchestration.py took 0.265 seconds
[2026-09-13T00:47:18.614+0000] {processor.py:156} INFO - Started process (PID=160096) to work on /opt/airflow/dags/5_orchestration.py
[2026-09-13T00:47:18.618+0000] {processor.py:799} INFO - Processing file /opt/airflow/dags/5_orchestration.py for tasks to queue
[2026-09-13T00:47:18.619+0000] {logging_mixin.py:149} INFO - [2026-09-13T00:47:18.619+0000] {dagbag.py:541} INFO - Filling up the DagBag from /opt/airflow/dags/5_orchestration.py
[2026-09-13T00:47:18.652+0000] {processor.py:809} INFO - DAG(s) dict_keys(['5-orchestration']) retrieved from /opt/airflow/dags/5_orchestration.py
[2026-09-13T00:47:18.734+0000] {logging_mixin.py:149} INFO - [2026-09-13T00:47:18.733+0000] {dag.py:2726} INFO - Sync 1 DAGs
[2026-09-13T00:47:18.821+0000] {logging_mixin.py:149} INFO - [2026-09-13T00:47:18.821+0000] {dag.py:3490} INFO - Setting next_dagrun for 5-orchestration to 2023-05-01T00:00:00+00:00, run_after=2023-05-02T00:00:00+00:00
[2026-09-13T00:47:18.882+0000] {processor.py:178} INFO - Processing /opt/airflow/dags/5_orchestration.py took 0.278 seconds
[2026-09-13T00:47:49.155+0000] {processor.py:156} INFO - Started process (PID=160111) to work on /opt/airflow/dags/5_orchestration.py
[2026-09-13T00:47:49.158+0000] {processor.py:799} INFO - Processing file /opt/airflow/dags/5_orchestration.py for tasks to queue
[2026-09-13T00:47:49.160+0000] {logging_mixin.py:149} INFO - [2026-09-13T00:47:49.160+0000] {dagbag.py:541} INFO - Filling up the DagBag from /opt/airflow/dags/5_orchestration.py
[2026-09-13T00:47:49.197+0000] {processor.py:809} INFO - DAG(s) dict_keys(['5-orchestration']) retrieved from /opt/airflow/dags/5_orchestration.py
[2026-09-13T00:47:49.275+0000] {logging_mixin.py:149} INFO - [2026-09-13T00:47:49.274+0000] {dag.py:2726} INFO - Sync 1 DAGs
[2026-09-13T00:47:49.347+0000] {logging_mixin.py:149} INFO - [2026-09-13T00:47:49.347+0000] {dag.py:3490} INFO - Setting next_dagrun for 5-orchestration to 2023-05-01T00:00:00+00:00, run_after=2023-05-02T00:00:00+00:00
[2026-09-13T00:47:49.430+0000] {processor.py:178} INFO - Processing /opt/airflow/dags/5_orchestration.py took 0.284 seconds
[2026-09-13T00:48:19.481+0000] {processor.py:156} INFO - Started process (PID=160125) to work on /opt/airflow/dags/5_orchestration.py
[2026-09-13T00:48:19.484+0000] {processor.py:799} INFO - Processing file /opt/airflow/dags/5_orchestration.py for tasks to queue
[2026-09-13T00:48:19.486+0000] {logging_mixin.py:149} INFO - [2026-09-13T00:48:19.485+0000] {dagbag.py:541} INFO - Filling up the DagBag from /opt/airflow/dags/5_orchestration.py
[2026-09-13T00:48:19.526+0000] {processor.py:809} INFO - DAG(s) dict_keys(['5-orchestration']) retrieved from /opt/airflow/dags/5_orchestration.py
[2026-09-13T00:48:19.624+0000] {logging_mixin.py:149} INFO - [2026-09-13T00:48:19.623+0000] {dag.py:2726} INFO - Sync 1 DAGs
[2026-09-13T00:48:19.711+0000] {logging_mixin.py:149} INFO - [2026-09-13T00:48:19.710+0000] {dag.py:3490} INFO - Setting next_dagrun for 5-orchestration to 2023-05-01T00:00:00+00:00, run_after=2023-05-02T00:00:00+00:00
[2026-09-13T00:48:19.780+0000] {processor.py:178} INFO - Processing /opt/airflow/dags/5_orchestration.py took 0.311 seconds
[2026-09-13T00:48:50.227+0000] {processor.py:156} INFO - Started process (PID=160139) to work on /opt/airflow/dags/5_orchestration.py
[2026-09-13T00:48:50.234+0000] {processor.py:799} INFO - Processing file /opt/airflow/dags/5_orchestration.py for tasks to queue
[2026-09-13T00:48:50.236+0000] {logging_mixin.py:149} INFO - [2026-09-13T00:48:50.236+0000] {dagbag.py:541} INFO - Filling up the DagBag from /opt/airflow/dags/5_orchestration.py
[2026-09-13T00:48:50.272+0000] {processor.py:809} INFO - DAG(s) dict_keys(['5-orchestration']) retrieved from /opt/airflow/dags/5_orchestration.py
[2026-09-13T00:48:50.354+0000] {logging_mixin.py:149} INFO - [2026-09-13T00:48:50.354+0000] {dag.py:2726} INFO - Sync 1 DAGs
[2026-09-13T00:48:50.435+0000] {logging_mixin.py:149} INFO - [2026-09-13T00:48:50.434+0000] {dag.py:3490} INFO - Setting next_dagrun for 5-orchestration to 2023-05-01T00:00:00+00:00, run_after=2023-05-02T00:00:00+00:00
[2026-09-13T00:48:50.686+0000] {processor.py:178} INFO - Processing /opt/airflow/dags/5_orchestration.py took 0.472 seconds
[2026-09-13T00:49:20.907+0000] {processor.py:156} INFO - Started process (PID=160153) to work on /opt/airflow/dags/5_orchestration.py
[2026-09-13T00:49:20.911+0000] {processor.py:799} INFO - Processing file /opt/airflow/dags/5_orchestration.py for tasks to queue
[2026-09-13T00:49:20.914+0000] {logging_mixin.py:149} INFO - [2026-09-13T00:49:20.913+0000] {dagbag.py:541} INFO - Filling up the DagBag from /opt/airflow/dags/5_orchestration.py
[2026-09-13T00:49:20.952+0000] {processor.py:809} INFO - DAG(s) dict_keys(['5-orchestration']) retrieved from /opt/airflow/dags/5_orchestration.py
[2026-09-13T00:49:21.041+0000] {logging_mixin.py:149} INFO - [2026-09-13T00:49:21.041+0000] {dag.py:2726} INFO - Sync 1 DAGs
[2026-09-13T00:49:21.327+0000] {logging_mixin.py:149} INFO - [2026-09-13T00:49:21.327+0000] {dag.py:3490} INFO - Setting next_dagrun for 5-orchestration to 2023-05-01T00:00:00+00:00, run_after=2023-05-02T00:00:00+00:00
[2026-09-13T00:49:21.380+0000] {processor.py:178} INFO - Processing /opt/airflow/dags/5_orchestration.py took 0.483 seconds
[2026-09-13T00:49:51.528+0000] {processor.py:156} INFO - Started process (PID=160167) to work on /opt/airflow/dags/5_orchestration.py
[2026-09-13T00:49:51.535+0000] {processor.py:799} INFO - Processing file /opt/airflow/dags/5_orchestration.py for tasks to queue
[2026-09-13T00:49:51.537+0000] {logging_mixin.py:149} INFO - [2026-09-13T00:49:51.536+0000] {dagbag.py:541} INFO - Filling up the DagBag from /opt/airflow/dags/5_orchestration.py
[2026-09-13T00:49:51.581+0000] {processor.py:809} INFO - DAG(s) dict_keys(['5-orchestration']) retrieved from /opt/airflow/dags/5_orchestration.py
[2026-09-13T00:49:51.670+0000] {logging_mixin.py:149} INFO - [2026-09-13T00:49:51.669+0000] {dag.py:2726} INFO - Sync 1 DAGs
[2026-09-13T00:49:51.752+0000] {logging_mixin.py:149} INFO - [2026-09-13T00:49:51.751+0000] {dag.py:3490} INFO - Setting next_dagrun for 5-orchestration to 2023-05-01T00:00:00+00:00, run_after=2023-05-02T00:00:00+00:00
[2026-09-13T00:49:51.826+0000] {processor.py:178} INFO - Processing /opt/airflow/dags/5_orchestration.py took 0.309 seconds
[2026-09-13T00:50:21.956+0000] {processor.py:156} INFO - Started process (PID=160181) to work on /opt/airflow/dags/5_orchestration.py
[2026-09-13T00:50:21.960+0000] {processor.py:799} INFO - Processing file /opt/airflow/dags/5_orchestration.py for tasks to queue
[2026-09-13T00:50:21.961+0000] {logging_mixin.py:149} INFO - [2026-09-13T00:50:21.961+0000] {dagbag.py:541} INFO - Filling up the DagBag from /opt/airflow/dags/5_orchestration.py
[2026-09-13T00:50:21.989+0000] {processor.py:809} INFO - DAG(s) dict_keys(['5-orchestration']) retrieved from /opt/airflow/dags/5_orchestration.py
[2026-09-13T00:50:22.061+0000] {logging_mixin.py:149} INFO - [2026-09-13T00:50:22.061+0000] {dag.py:2726} INFO - Sync 1 DAGs
[2026-09-13T00:50:22.119+0000] {logging_mixin.py:149} INFO - [2026-09-13T00:50:22.118+0000] {dag.py:3490} INFO - Setting next_dagrun for 5-orchestration to 2023-05-01T00:00:00+00:00, run_after=2023-05-02T00:00:00+00:00
[2026-09-13T00:50:22.196+0000] {processor.py:178} INFO - Processing /opt/airflow/dags/5_orchestration.py took 0.251 seconds
[2026-09-13T00:50:52.252+0000] {processor.py:156} INFO - Started process (PID=160196) to work on /opt/airflow/dags/5_orchestration.py
[2026-09-13T00:50:52.255+0000] {processor.py:799} INFO - Processing file /opt/airflow/dags/5_orchestration.py for tasks to queue
[2026-09-13T00:50:52.257+0000] {logging_mixin.py:149} INFO - [2026-09-13T00:50:52.257+0000] {dagbag.py:541} INFO - Filling up the DagBag from /opt/airflow/dags/5_orchestration.py
[2026-09-13T00:50:52.292+0000] {processor.py:809} INFO - DAG(s) dict_keys(['5-orchestration']) retrieved from /opt/airflow/dags/5_orchestration.py
[2026-09-13T00:50:52.375+0000] {logging_mixin.py:149} INFO - [2026-09-13T00:50:52.374+0000] {dag.py:2726} INFO - Sync 1 DAGs
[2026-09-13T00:50:52.442+0000] {logging_mixin.py:149} INFO - [2026-09-13T00:50:52.442+0000] {dag.py:3490} INFO - Setting next_dagrun for 5-orchestration to 2023-05-01T00:00:00+00:00, run_after=2023-05-02T00:00:00+00:00
[2026-09-13T00:50:52.512+0000] {processor.py:178} INFO - Processing /opt/airflow/dags/5_orchestration.py took 0.269 seconds
[2026-09-13T00:51:22.653+0000] {processor.py:156} INFO - Started process (PID=160210) to work on /opt/airflow/dags/5_orchestration.py
[2026-09-13T00:51:22.657+0000] {processor.py:799} INFO - Processing file /opt/airflow/dags/5_orchestration.py for tasks to queue
[2026-09-13T00:51:22.659+0000] {logging_mixin.py:149} INFO - [2026-09-13T00:51:22.659+0000] {dagbag.py:541} INFO - Filling up the DagBag from /opt/airflow/dags/5_orchestration.py
[2026-09-13T00:51:22.696+0000] {processor.py:809} INFO - DAG(s) dict_keys(['5-orchestration']) retrieved from /opt/airflow/dags/5_orchestration.py
[2026-09-13T00:51:22.785+0000] {logging_mixin.py:149} INFO - [2026-09-13T00:51:22.784+0000] {dag.py:2726} INFO - Sync 1 DAGs
[2026-09-13T00:51:22.859+0000] {logging_mixin.py:149} INFO - [2026-09-13T00:51:22.858+0000] {dag.py:3490} INFO - Setting next_dagrun for 5-orchestration to 2023-05-01T00:00:00+00:00, run_after=2023-05-02T00:00:00+00:00
[2026-09-13T00:51:22.923+0000] {processor.py:178} INFO - Processing /opt/airflow/dags/5_orchestration.py took 0.287 seconds
[2026-09-13T00:51:53.180+0000] {processor.py:156} INFO - Started process (PID=160224) to work on /opt/airflow/dags/5_orchestration.py
[2026-09-13T00:51:53.183+0000] {processor.py:799} INFO - Processing file /opt/airflow/dags/5_orchestration.py for tasks to queue
[2026-09-13T00:51:53.185+0000] {logging_mixin.py:149} INFO - [2026-09-13T00:51:53.185+0000] {dagbag.py:541} INFO - Filling up the DagBag from /opt/airflow/dags/5_orchestration.py
[2026-09-13T00:51:53.220+0000] {processor.py:809} INFO - DAG(s) dict_keys(['5-orchestration']) retrieved from /opt/airflow/dags/5_orchestration.py
[2026-09-13T00:51:53.307+0000] {logging_mixin.py:149} INFO - [2026-09-13T00:51:53.306+0000] {dag.py:2726} INFO - Sync 1 DAGs
[2026-09-13T00:51:53.605+0000] {logging_mixin.py:149} INFO - [2026-09-13T00:51:53.605+0000] {dag.py:3490} INFO - Setting next_dagrun for 5-orchestration to 2023-05-01T00:00:00+00:00, run_after=2023-05-02T00:00:00+00:00
[2026-09-13T00:51:53.671+0000] {processor.py:178} INFO - Processing /opt/airflow/dags/5_orchestration.py took 0.502 seconds
[2026-09-13T00:52:23.767+0000] {processor.py:156} INFO - Started process (PID=160238) to work on /opt/airflow/dags/5_orchestration.py
[2026-09-13T00:52:23.771+0000] {processor.py:799} INFO - Processing file /opt/airflow/dags/5_orchestration.py for tasks to queue
[2026-09-13T00:52:23.773+0000] {logging_mixin.py:149} INFO - [2026-09-13T00:52:23.773+0000] {dagbag.py:541} INFO - Filling up the DagBag from /opt/airflow/dags/5_orchestration.py
[2026-09-13T00:52:23.811+0000] {processor.py:809} INFO - DAG(s) dict_keys(['5-orchestration']) retrieved from /opt/airflow/dags/5_orchestration.py
[2026-09-13T00:52:23.894+0000] {logging_mixin.py:149} INFO - [2026-09-13T00:52:23.894+0000] {dag.py:2726} INFO - Sync 1 DAGs
[2026-09-13T00:52:23.974+0000] {logging_mixin.py:149} INFO - [2026-09-13T00:52:23.973+0000] {dag.py:3490} INFO - Setting next_dagrun for 5-orchestration to 2023-05-01T00:00:00+00:00, run_after=2023-05-02T00:00:00+00:00
[2026-09-13T00:52:24.046+0000] {processor.py:178} INFO - Processing /opt/airflow/dags/5_orchestration.py took 0.291 seconds
[2026-09-13T00:52:54.319+0000] {processor.py:156} INFO - Started process (PID=160252) to work on /opt/airflow/dags/5_orchestration.py
[2026-09-13T00:52:54.322+0000] {processor.py:799} INFO - Processing file /opt/airflow/dags/5_orchestration.py for tasks to queue
[2026-09-13T00:52:54.324+0000] {logging_mixin.py:149} INFO - [2026-09-13T00:52:54.324+0000] {dagbag.py:541} INFO - Filling up the DagBag from /opt/airflow/dags/5_orchestration.py
[2026-09-13T00:52:54.359+0000] {processor.py:809} INFO - DAG(s) dict_keys(['5-orchestration']) retrieved from /opt/airflow/dags/5_orchestration.py
[2026-09-13T00:52:54.453+0000] {logging_mixin.py:149} INFO - [2026-09-13T00:52:54.452+0000] {dag.py:2726} INFO - Sync 1 DAGs
[2026-09-13T00:52:54.518+0000] {logging_mixin.py:149} INFO - [2026-09-13T00:52:54.518+0000] {dag.py:3490} INFO - Setting next_dagrun for 5-orchestration to 2023-05-01T00:00:00+00:00, run_after=2023-05-02T00:00:00+00:00
[2026-09-13T00:52:54.562+0000] {processor.py:178} INFO - Processing /opt/airflow/dags/5_orchestration.py took 0.254 seconds
[2026-09-13T00:53:24.697+0000] {processor.py:156} INFO - Started process (PID=160266) to work on /opt/airflow/dags/5_orchestration.py
[2026-09-13T00:53:24.702+0000] {processor.py:799} INFO - Processing file /opt/airflow/dags/5_orchestration.py for tasks to queue
[2026-09-13T00:53:24.704+0000] {logging_mixin.py:149} INFO - [2026-09-13T00:53:24.703+0000] {dagbag.py:541} INFO - Filling up the DagBag from /opt/airflow/dags/5_orchestration.py
[2026-09-13T00:53:24.739+0000] {processor.py:809} INFO - DAG(s) dict_keys(['5-orchestration']) retrieved from /opt/airflow/dags/5_orchestration.py
[2026-09-13T00:53:24.825+0000] {logging_mixin.py:149} INFO - [2026-09-13T00:53:24.825+0000] {dag.py:2726} INFO - Sync 1 DAGs
[2026-09-13T00:53:24.891+0000] {logging_mixin.py:149} INFO - [2026-09-13T00:53:24.891+0000] {dag.py:3490} INFO - Setting next_dagrun for 5-orchestration to 2023-05-01T00:00:00+00:00, run_after=2023-05-02T00:00:00+00:00
[2026-09-13T00:53:24.948+0000] {processor.py:178} INFO - Processing /opt/airflow/dags/5_orchestration.py took 0.262 seconds
[2026-09-13T00:53:55.103+0000] {processor.py:156} INFO - Started process (PID=160281) to work on /opt/airflow/dags/5_orchestration.py
[2026-09-13T00:53:55.109+0000] {processor.py:799} INFO - Processing file /opt/airflow/dags/5_orchestration.py for tasks to queue
[2026-09-13T00:53:55.111+0000] {logging_mixin.py:149} INFO - [2026-09-13T00:53:55.111+0000] {dagbag.py:541} INFO - Filling up the DagBag from /opt/airflow/dags/5_orchestration.py
[2026-09-13T00:53:55.146+0000] {processor.py:809} INFO - DAG(s) dict_keys(['5-orchestration']) retrieved from /opt/airflow/dags/5_orchestration.py
[2026-09-13T00:53:55.227+0000] {logging_mixin.py:149} INFO - [2026-09-13T00:53:55.227+0000] {dag.py:2726} INFO - Sync 1 DAGs
[2026-09-13T00:53:55.289+0000] {logging_mixin.py:149} INFO - [2026-09-13T00:53:55.289+0000] {dag.py:3490} INFO - Setting next_dagrun for 5-orchestration to 2023-05-01T00:00:00+00:00, run_after=2023-05-02T00:00:00+00:00
[2026-09-13T00:53:55.347+0000] {processor.py:178} INFO - Processing /opt/airflow/dags/5_orchestration.py took 0.255 seconds
[2026-09-13T00:54:25.936+0000] {processor.py:156} INFO - Started process (PID=160296) to work on /opt/airflow/dags/5_orchestration.py
[2026-09-13T00:54:25.940+0000] {processor.py:799} INFO - Processing file /opt/airflow/dags/5_orchestration.py for tasks to queue
[2026-09-13T00:54:25.942+0000] {logging_mixin.py:149} INFO - [2026-09-13T00:54:25.941+0000] {dagbag.py:541} INFO - Filling up the DagBag from /opt/airflow/dags/5_orchestration.py
[2026-09-13T00:54:25.975+0000] {processor.py:809} INFO - DAG(s) dict_keys(['5-orchestration']) retrieved from /opt/airflow/dags/5_orchestration.py
[2026-09-13T00:54:26.056+0000] {logging_mixin.py:149} INFO - [2026-09-13T00:54:26.056+0000] {dag.py:2726} INFO - Sync 1 DAGs
[2026-09-13T00:54:26.123+0000] {logging_mixin.py:149} INFO - [2026-09-13T00:54:26.123+0000] {dag.py:3490} INFO - Setting next_dagrun for 5-orchestration to 2023-05-01T00:00:00+00:00, run_after=2023-05-02T00:00:00+00:00
[2026-09-13T00:54:26.397+0000] {processor.py:178} INFO - Processing /opt/airflow/dags/5_orchestration.py took 0.470 seconds
[2026-09-13T00:54:56.726+0000] {processor.py:156} INFO - Started process (PID=160309) to work on /opt/airflow/dags/5_orchestration.py
[2026-09-13T00:54:56.729+0000] {processor.py:799} INFO - Processing file /opt/airflow/dags/5_orchestration.py for tasks to queue
[2026-09-13T00:54:56.730+0000] {logging_mixin.py:149} INFO - [2026-09-13T00:54:56.730+0000] {dagbag.py:541} INFO - Filling up the DagBag from /opt/airflow/dags/5_orchestration.py
[2026-09-13T00:54:56.749+0000] {processor.py:809} INFO - DAG(s) dict_keys(['5-orchestration']) retrieved from /opt/airflow/dags/5_orchestration.py
[2026-09-13T00:54:56.847+0000] {logging_mixin.py:149} INFO - [2026-09-13T00:54:56.846+0000] {dag.py:2726} INFO - Sync 1 DAGs
[2026-09-13T00:54:57.154+0000] {logging_mixin.py:149} INFO - [2026-09-13T00:54:57.153+0000] {dag.py:3490} INFO - Setting next_dagrun for 5-orchestration to 2023-05-01T00:00:00+00:00, run_after=2023-05-02T00:00:00+00:00
[2026-09-13T00:54:57.212+0000] {processor.py:178} INFO - Processing /opt/airflow/dags/5_orchestration.py took 0.490 seconds
[2026-09-13T00:55:27.968+0000] {processor.py:156} INFO - Started process (PID=160324) to work on /opt/airflow/dags/5_orchestration.py
[2026-09-13T00:55:27.975+0000] {processor.py:799} INFO - Processing file /opt/airflow/dags/5_orchestration.py for tasks to queue
[2026-09-13T00:55:27.978+0000] {logging_mixin.py:149} INFO - [2026-09-13T00:55:27.977+0000] {dagbag.py:541} INFO - Filling up the DagBag from /opt/airflow/dags/5_orchestration.py
[2026-09-13T00:55:28.013+0000] {processor.py:809} INFO - DAG(s) dict_keys(['5-orchestration']) retrieved from /opt/airflow/dags/5_orchestration.py
[2026-09-13T00:55:28.100+0000] {logging_mixin.py:149} INFO - [2026-09-13T00:55:28.099+0000] {dag.py:2726} INFO - Sync 1 DAGs
[2026-09-13T00:55:28.173+0000] {logging_mixin.py:149} INFO - [2026-09-13T00:55:28.173+0000] {dag.py:3490} INFO - Setting next_dagrun for 5-orchestration to 2023-05-01T00:00:00+00:00, run_after=2023-05-02T00:00:00+00:00
[2026-09-13T00:55:28.237+0000] {processor.py:178} INFO - Processing /opt/airflow/dags/5_orchestration.py took 0.282 seconds
[2026-09-13T00:55:58.458+0000] {processor.py:156} INFO - Started process (PID=160338) to work on /opt/airflow/dags/5_orchestration.py
[2026-09-13T00:55:58.461+0000] {processor.py:799} INFO - Processing file /opt/airflow/dags/5_orchestration.py for tasks to queue
[2026-09-13T00:55:58.463+0000] {logging_mixin.py:149} INFO - [2026-09-13T00:55:58.463+0000] {dagbag.py:541} INFO - Filling up the DagBag from /opt/airflow/dags/5_orchestration.py
[2026-09-13T00:55:58.494+0000] {processor.py:809} INFO - DAG(s) dict_keys(['5-orchestration']) retrieved from /opt/airflow/dags/5_orchestration.py
[2026-09-13T00:55:58.577+0000] {logging_mixin.py:149} INFO - [2026-09-13T00:55:58.577+0000] {dag.py:2726} INFO - Sync 1 DAGs
[2026-09-13T00:55:58.645+0000] {logging_mixin.py:149} INFO - [2026-09-13T00:55:58.645+0000] {dag.py:3490} INFO - Setting next_dagrun for 5-orchestration to 2023-05-01T00:00:00+00:00, run_after=2023-05-02T00:00:00+00:00
[2026-09-13T00:55:58.687+0000] {processor.py:178} INFO - Processing /opt/airflow/dags/5_orchestration.py took 0.238 seconds
[2026-09-13T00:56:29.117+0000] {processor.py:156} INFO - Started process (PID=160353) to work on /opt/airflow/dags/5_orchestration.py
[2026-09-13T00:56:29.122+0000] {processor.py:799} INFO - Processing file /opt/airflow/dags/5_orchestration.py for tasks to queue
[2026-09-13T00:56:29.124+0000] {logging_mixin.py:149} INFO - [2026-09-13T00:56:29.124+0000] {dagbag.py:541} INFO - Filling up the DagBag from /opt/airflow/dags/5_orchestration.py
[2026-09-13T00:56:29.165+0000] {processor.py:809} INFO - DAG(s) dict_keys(['5-orchestration']) retrieved from /opt/airflow/dags/5_orchestration.py
[2026-09-13T00:56:29.252+0000] {logging_mixin.py:149} INFO - [2026-09-13T00:56:29.251+0000] {dag.py:2726} INFO - Sync 1 DAGs
[2026-09-13T00:56:29.325+0000] {logging_mixin.py:149} INFO - [2026-09-13T00:56:29.324+0000] {dag.py:3490} INFO - Setting next_dagrun for 5-orchestration to 2023-05-01T00:00:00+00:00, run_after=2023-05-02T00:00:00+00:00
[2026-09-13T00:56:29.405+0000] {processor.py:178} INFO - Processing /opt/airflow/dags/5_orchestration.py took 0.299 seconds
[2026-09-13T00:56:59.758+0000] {processor.py:156} INFO - Started process (PID=160366) to work on /opt/airflow/dags/5_orchestration.py
[2026-09-13T00:56:59.763+0000] {processor.py:799} INFO - Processing file /opt/airflow/dags/5_orchestration.py for tasks to queue
[2026-09-13T00:56:59.765+0000] {logging_mixin.py:149} INFO - [2026-09-13T00:56:59.765+0000] {dagbag.py:541} INFO - Filling up the DagBag from /opt/airflow/dags/5_orchestration.py
[2026-09-13T00:56:59.803+0000] {processor.py:809} INFO - DAG(s) dict_keys(['5-orchestration']) retrieved from /opt/airflow/dags/5_orchestration.py
[2026-09-13T00:56:59.887+0000] {logging_mixin.py:149} INFO - [2026-09-13T00:56:59.887+0000] {dag.py:2726} INFO - Sync 1 DAGs
[2026-09-13T00:56:59.958+0000] {logging_mixin.py:149} INFO - [2026-09-13T00:56:59.958+0000] {dag.py:3490} INFO - Setting next_dagrun for 5-orchestration to 2023-05-01T00:00:00+00:00, run_after=2023-05-02T00:00:00+00:00
[2026-09-13T00:57:00.293+0000] {processor.py:178} INFO - Processing /opt/airflow/dags/5_orchestration.py took 0.547 seconds
[2026-09-13T00:57:30.588+0000] {processor.py:156} INFO - Started process (PID=160380) to work on /opt/airflow/dags/5_orchestration.py
[2026-09-13T00:57:30.593+0000] {processor.py:799} INFO - Processing file /opt/airflow/dags/5_orchestration.py for tasks to queue
[2026-09-13T00:57:30.594+0000] {logging_mixin.py:149} INFO - [2026-09-13T00:57:30.594+0000] {dagbag.py:541} INFO - Filling up the DagBag from /opt/airflow/dags/5_orchestration.py
[2026-09-13T00:57:30.629+0000] {processor.py:809} INFO - DAG(s) dict_keys(['5-orchestration']) retrieved from /opt/airflow/dags/5_orchestration.py
[2026-09-13T00:57:30.725+0000] {logging_mixin.py:149} INFO - [2026-09-13T00:57:30.725+0000] {dag.py:2726} INFO - Sync 1 DAGs
[2026-09-13T00:57:31.072+0000] {logging_mixin.py:149} INFO - [2026-09-13T00:57:31.071+0000] {dag.py:3490} INFO - Setting next_dagrun for 5-orchestration to 2023-05-01T00:00:00+00:00, run_after=2023-05-02T00:00:00+00:00
[2026-09-13T00:57:31.102+0000] {processor.py:178} INFO - Processing /opt/airflow/dags/5_orchestration.py took 0.523 seconds
[2026-09-13T00:58:01.238+0000] {processor.py:156} INFO - Started process (PID=160394) to work on /opt/airflow/dags/5_orchestration.py
[2026-09-13T00:58:01.243+0000] {processor.py:799} INFO - Processing file /opt/airflow/dags/5_orchestration.py for tasks to queue
[2026-09-13T00:58:01.247+0000] {logging_mixin.py:149} INFO - [2026-09-13T00:58:01.247+0000] {dagbag.py:541} INFO - Filling up the DagBag from /opt/airflow/dags/5_orchestration.py
[2026-09-13T00:58:01.289+0000] {processor.py:809} INFO - DAG(s) dict_keys(['5-orchestration']) retrieved from /opt/airflow/dags/5_orchestration.py
[2026-09-13T00:58:01.385+0000] {logging_mixin.py:149} INFO - [2026-09-13T00:58:01.385+0000] {dag.py:2726} INFO - Sync 1 DAGs
[2026-09-13T00:58:01.438+0000] {logging_mixin.py:149} INFO - [2026-09-13T00:58:01.438+0000] {dag.py:3490} INFO - Setting next_dagrun for 5-orchestration to 2023-05-01T00:00:00+00:00, run_after=2023-05-02T00:00:00+00:00
[2026-09-13T00:58:01.479+0000] {processor.py:178} INFO - Processing /opt/airflow/dags/5_orchestration.py took 0.252 seconds
[2026-09-13T00:58:32.119+0000] {processor.py:156} INFO - Started process (PID=160408) to work on /opt/airflow/dags/5_orchestration.py
[2026-09-13T00:58:32.127+0000] {processor.py:799} INFO - Processing file /opt/airflow/dags/5_orchestration.py for tasks to queue
[2026-09-13T00:58:32.130+0000] {logging_mixin.py:149} INFO - [2026-09-13T00:58:32.129+0000] {dagbag.py:541} INFO - Filling up the DagBag from /opt/airflow/dags/5_orchestration.py
[2026-09-13T00:58:32.165+0000] {processor.py:809} INFO - DAG(s) dict_keys(['5-orchestration']) retrieved from /opt/airflow/dags/5_orchestration.py
[2026-09-13T00:58:32.249+0000] {logging_mixin.py:149} INFO - [2026-09-13T00:58:32.249+0000] {dag.py:2726} INFO - Sync 1 DAGs
[2026-09-13T00:58:32.316+0000] {logging_mixin.py:149} INFO - [2026-09-13T00:58:32.316+0000] {dag.py:3490} INFO - Setting next_dagrun for 5-orchestration to 2023-05-01T00:00:00+00:00, run_after=2023-05-02T00:00:00+00:00
[2026-09-13T00:58:32.370+0000] {processor.py:178} INFO - Processing /opt/airflow/dags/5_orchestration.py took 0.262 seconds
[2026-09-13T00:59:02.568+0000] {processor.py:156} INFO - Started process (PID=160422) to work on /opt/airflow/dags/5_orchestration.py
[2026-09-13T00:59:02.575+0000] {processor.py:799} INFO - Processing file /opt/airflow/dags/5_orchestration.py for tasks to queue
[2026-09-13T00:59:02.577+0000] {logging_mixin.py:149} INFO - [2026-09-13T00:59:02.576+0000] {dagbag.py:541} INFO - Filling up the DagBag from /opt/airflow/dags/5_orchestration.py
[2026-09-13T00:59:02.615+0000] {processor.py:809} INFO - DAG(s) dict_keys(['5-orchestration']) retrieved from /opt/airflow/dags/5_orchestration.py
[2026-09-13T00:59:02.698+0000] {logging_mixin.py:149} INFO - [2026-09-13T00:59:02.697+0000] {dag.py:2726} INFO - Sync 1 DAGs
[2026-09-13T00:59:02.767+0000] {logging_mixin.py:149} INFO - [2026-09-13T00:59:02.766+0000] {dag.py:3490} INFO - Setting next_dagrun for 5-orchestration to 2023-05-01T00:00:00+00:00, run_after=2023-05-02T00:00:00+00:00
[2026-09-13T00:59:02.829+0000] {processor.py:178} INFO - Processing /opt/airflow/dags/5_orchestration.py took 0.273 seconds
[2026-09-13T00:59:33.023+0000] {processor.py:156} INFO - Started process (PID=160436) to work on /opt/airflow/dags/5_orchestration.py
[2026-09-13T00:59:33.029+0000] {processor.py:799} INFO - Processing file /opt/airflow/dags/5_orchestration.py for tasks to queue
[2026-09-13T00:59:33.031+0000] {logging_mixin.py:149} INFO - [2026-09-13T00:59:33.031+0000] {dagbag.py:541} INFO - Filling up the DagBag from /opt/airflow/dags/5_orchestration.py
[2026-09-13T00:59:33.069+0000] {processor.py:809} INFO - DAG(s) dict_keys(['5-orchestration']) retrieved from /opt/airflow/dags/5_orchestration.py
[2026-09-13T00:59:33.128+0000] {logging_mixin.py:149} INFO - [2026-09-13T00:59:33.128+0000] {dag.py:2726} INFO - Sync 1 DAGs
[2026-09-13T00:59:33.170+0000] {logging_mixin.py:149} INFO - [2026-09-13T00:59:33.169+0000] {dag.py:3490} INFO - Setting next_dagrun for 5-orchestration to 2023-05-01T00:00:00+00:00, run_after=2023-05-02T00:00:00+00:00
[2026-09-13T00:59:33.210+0000] {processor.py:178} INFO - Processing /opt/airflow/dags/5_orchestration.py took 0.199 seconds
[2026-09-13T01:00:03.555+0000] {processor.py:156} INFO - Started process (PID=160450) to work on /opt/airflow/dags/5_orchestration.py
[2026-09-13T01:00:03.558+0000] {processor.py:799} INFO - Processing file /opt/airflow/dags/5_orchestration.py for tasks to queue
[2026-09-13T01:00:03.560+0000] {logging_mixin.py:149} INFO - [2026-09-13T01:00:03.560+0000] {dagbag.py:541} INFO - Filling up the DagBag from /opt/airflow/dags/5_orchestration.py
[2026-09-13T01:00:03.602+0000] {processor.py:809} INFO - DAG(s) dict_keys(['5-orchestration']) retrieved from /opt/airflow/dags/5_orchestration.py
[2026-09-13T01:00:03.692+0000] {logging_mixin.py:149} INFO - [2026-09-13T01:00:03.692+0000] {dag.py:2726} INFO - Sync 1 DAGs
[2026-09-13T01:00:04.040+0000] {logging_mixin.py:149} INFO - [2026-09-13T01:00:04.039+0000] {dag.py:3490} INFO - Setting next_dagrun for 5-orchestration to 2023-05-01T00:00:00+00:00, run_after=2023-05-02T00:00:00+00:00
[2026-09-13T01:00:04.105+0000] {processor.py:178} INFO - Processing /opt/airflow/dags/5_orchestration.py took 0.561 seconds
[2026-09-13T01:00:34.457+0000] {processor.py:156} INFO - Started process (PID=160464) to work on /opt/airflow/dags/5_orchestration.py
[2026-09-13T01:00:34.460+0000] {processor.py:799} INFO - Processing file /opt/airflow/dags/5_orchestration.py for tasks to queue
[2026-09-13T01:00:34.462+0000] {logging_mixin.py:149} INFO - [2026-09-13T01:00:34.462+0000] {dagbag.py:541} INFO - Filling up the DagBag from /opt/airflow/dags/5_orchestration.py
[2026-09-13T01:00:34.498+0000] {processor.py:809} INFO - DAG(s) dict_keys(['5-orchestration']) retrieved from /opt/airflow/dags/5_orchestration.py
[2026-09-13T01:00:34.594+0000] {logging_mixin.py:149} INFO - [2026-09-13T01:00:34.593+0000] {dag.py:2726} INFO - Sync 1 DAGs
[2026-09-13T01:00:34.913+0000] {logging_mixin.py:149} INFO - [2026-09-13T01:00:34.913+0000] {dag.py:3490} INFO - Setting next_dagrun for 5-orchestration to 2023-05-01T00:00:00+00:00, run_after=2023-05-02T00:00:00+00:00
[2026-09-13T01:00:34.968+0000] {processor.py:178} INFO - Processing /opt/airflow/dags/5_orchestration.py took 0.528 seconds
[2026-09-13T01:01:05.047+0000] {processor.py:156} INFO - Started process (PID=160479) to work on /opt/airflow/dags/5_orchestration.py
[2026-09-13T01:01:05.051+0000] {processor.py:799} INFO - Processing file /opt/airflow/dags/5_orchestration.py for tasks to queue
[2026-09-13T01:01:05.053+0000] {logging_mixin.py:149} INFO - [2026-09-13T01:01:05.053+0000] {dagbag.py:541} INFO - Filling up the DagBag from /opt/airflow/dags/5_orchestration.py
[2026-09-13T01:01:05.086+0000] {processor.py:809} INFO - DAG(s) dict_keys(['5-orchestration']) retrieved from /opt/airflow/dags/5_orchestration.py
[2026-09-13T01:01:05.145+0000] {logging_mixin.py:149} INFO - [2026-09-13T01:01:05.145+0000] {dag.py:2726} INFO - Sync 1 DAGs
[2026-09-13T01:01:05.207+0000] {logging_mixin.py:149} INFO - [2026-09-13T01:01:05.206+0000] {dag.py:3490} INFO - Setting next_dagrun for 5-orchestration to 2023-05-01T00:00:00+00:00, run_after=2023-05-02T00:00:00+00:00
[2026-09-13T01:01:05.249+0000] {processor.py:178} INFO - Processing /opt/airflow/dags/5_orchestration.py took 0.213 seconds
[2026-09-13T01:01:35.417+0000] {processor.py:156} INFO - Started process (PID=160492) to work on /opt/airflow/dags/5_orchestration.py
[2026-09-13T01:01:35.422+0000] {processor.py:799} INFO - Processing file /opt/airflow/dags/5_orchestration.py for tasks to queue
[2026-09-13T01:01:35.424+0000] {logging_mixin.py:149} INFO - [2026-09-13T01:01:35.423+0000] {dagbag.py:541} INFO - Filling up the DagBag from /opt/airflow/dags/5_orchestration.py
[2026-09-13T01:01:35.463+0000] {processor.py:809} INFO - DAG(s) dict_keys(['5-orchestration']) retrieved from /opt/airflow/dags/5_orchestration.py
[2026-09-13T01:01:35.544+0000] {logging_mixin.py:149} INFO - [2026-09-13T01:01:35.544+0000] {dag.py:2726} INFO - Sync 1 DAGs
[2026-09-13T01:01:35.609+0000] {logging_mixin.py:149} INFO - [2026-09-13T01:01:35.608+0000] {dag.py:3490} INFO - Setting next_dagrun for 5-orchestration to 2023-05-01T00:00:00+00:00, run_after=2023-05-02T00:00:00+00:00
[2026-09-13T01:01:35.667+0000] {processor.py:178} INFO - Processing /opt/airflow/dags/5_orchestration.py took 0.261 seconds
[2026-09-13T01:02:05.822+0000] {processor.py:156} INFO - Started process (PID=160506) to work on /opt/airflow/dags/5_orchestration.py
[2026-09-13T01:02:05.824+0000] {processor.py:799} INFO - Processing file /opt/airflow/dags/5_orchestration.py for tasks to queue
[2026-09-13T01:02:05.825+0000] {logging_mixin.py:149} INFO - [2026-09-13T01:02:05.825+0000] {dagbag.py:541} INFO - Filling up the DagBag from /opt/airflow/dags/5_orchestration.py
[2026-09-13T01:02:05.848+0000] {processor.py:809} INFO - DAG(s) dict_keys(['5-orchestration']) retrieved from /opt/airflow/dags/5_orchestration.py
[2026-09-13T01:02:05.897+0000] {logging_mixin.py:149} INFO - [2026-09-13T01:02:05.897+0000] {dag.py:2726} INFO - Sync 1 DAGs
[2026-09-13T01:02:05.932+0000] {logging_mixin.py:149} INFO - [2026-09-13T01:02:05.932+0000] {dag.py:3490} INFO - Setting next_dagrun for 5-orchestration to 2023-05-01T00:00:00+00:00, run_after=2023-05-02T00:00:00+00:00
[2026-09-13T01:02:05.959+0000] {processor.py:178} INFO - Processing /opt/airflow/dags/5_orchestration.py took 0.153 seconds
[2026-09-13T01:02:36.088+0000] {processor.py:156} INFO - Started process (PID=160520) to work on /opt/airflow/dags/5_orchestration.py
[2026-09-13T01:02:36.091+0000] {processor.py:799} INFO - Processing file /opt/airflow/dags/5_orchestration.py for tasks to queue
[2026-09-13T01:02:36.093+0000] {logging_mixin.py:149} INFO - [2026-09-13T01:02:36.092+0000] {dagbag.py:541} INFO - Filling up the DagBag from /opt/airflow/dags/5_orchestration.py
[2026-09-13T01:02:36.134+0000] {processor.py:809} INFO - DAG(s) dict_keys(['5-orchestration']) retrieved from /opt/airflow/dags/5_orchestration.py
[2026-09-13T01:02:36.231+0000] {logging_mixin.py:149} INFO - [2026-09-13T01:02:36.230+0000] {dag.py:2726} INFO - Sync 1 DAGs
[2026-09-13T01:02:36.297+0000] {logging_mixin.py:149} INFO - [2026-09-13T01:02:36.296+0000] {dag.py:3490} INFO - Setting next_dagrun for 5-orchestration to 2023-05-01T00:00:00+00:00, run_after=2023-05-02T00:00:00+00:00
[2026-09-13T01:02:36.618+0000] {processor.py:178} INFO - Processing /opt/airflow/dags/5_orchestration.py took 0.540 seconds
[2026-09-13T01:03:06.928+0000] {processor.py:156} INFO - Started process (PID=160533) to work on /opt/airflow/dags/5_orchestration.py
[2026-09-13T01:03:06.931+0000] {processor.py:799} INFO - Processing file /opt/airflow/dags/5_orchestration.py for tasks to queue
[2026-09-13T01:03:06.933+0000] {logging_mixin.py:149} INFO - [2026-09-13T01:03:06.932+0000] {dagbag.py:541} INFO - Filling up the DagBag from /opt/airflow/dags/5_orchestration.py
[2026-09-13T01:03:06.959+0000] {processor.py:809} INFO - DAG(s) dict_keys(['5-orchestration']) retrieved from /opt/airflow/dags/5_orchestration.py
[2026-09-13T01:03:07.013+0000] {logging_mixin.py:149} INFO - [2026-09-13T01:03:07.013+0000] {dag.py:2726} INFO - Sync 1 DAGs
[2026-09-13T01:03:07.247+0000] {logging_mixin.py:149} INFO - [2026-09-13T01:03:07.247+0000] {dag.py:3490} INFO - Setting next_dagrun for 5-orchestration to 2023-05-01T00:00:00+00:00, run_after=2023-05-02T00:00:00+00:00
[2026-09-13T01:03:07.271+0000] {processor.py:178} INFO - Processing /opt/airflow/dags/5_orchestration.py took 0.352 seconds
[2026-09-13T01:03:38.037+0000] {processor.py:156} INFO - Started process (PID=160548) to work on /opt/airflow/dags/5_orchestration.py
[2026-09-13T01:03:38.041+0000] {processor.py:799} INFO - Processing file /opt/airflow/dags/5_orchestration.py for tasks to queue
[2026-09-13T01:03:38.043+0000] {logging_mixin.py:149} INFO - [2026-09-13T01:03:38.042+0000] {dagbag.py:541} INFO - Filling up the DagBag from /opt/airflow/dags/5_orchestration.py
[2026-09-13T01:03:38.076+0000] {processor.py:809} INFO - DAG(s) dict_keys(['5-orchestration']) retrieved from /opt/airflow/dags/5_orchestration.py
[2026-09-13T01:03:38.163+0000] {logging_mixin.py:149} INFO - [2026-09-13T01:03:38.163+0000] {dag.py:2726} INFO - Sync 1 DAGs
[2026-09-13T01:03:38.248+0000] {logging_mixin.py:149} INFO - [2026-09-13T01:03:38.248+0000] {dag.py:3490} INFO - Setting next_dagrun for 5-orchestration to 2023-05-01T00:00:00+00:00, run_after=2023-05-02T00:00:00+00:00
[2026-09-13T01:03:38.294+0000] {processor.py:178} INFO - Processing /opt/airflow/dags/5_orchestration.py took 0.267 seconds
[2026-09-13T01:04:08.533+0000] {processor.py:156} INFO - Started process (PID=160561) to work on /opt/airflow/dags/5_orchestration.py
[2026-09-13T01:04:08.536+0000] {processor.py:799} INFO - Processing file /opt/airflow/dags/5_orchestration.py for tasks to queue
[2026-09-13T01:04:08.538+0000] {logging_mixin.py:149} INFO - [2026-09-13T01:04:08.538+0000] {dagbag.py:541} INFO - Filling up the DagBag from /opt/airflow/dags/5_orchestration.py
[2026-09-13T01:04:08.572+0000] {processor.py:809} INFO - DAG(s) dict_keys(['5-orchestration']) retrieved from /opt/airflow/dags/5_orchestration.py
[2026-09-13T01:04:08.664+0000] {logging_mixin.py:149} INFO - [2026-09-13T01:04:08.664+0000] {dag.py:2726} INFO - Sync 1 DAGs
[2026-09-13T01:04:08.730+0000] {logging_mixin.py:149} INFO - [2026-09-13T01:04:08.730+0000] {dag.py:3490} INFO - Setting next_dagrun for 5-orchestration to 2023-05-01T00:00:00+00:00, run_after=2023-05-02T00:00:00+00:00
[2026-09-13T01:04:08.785+0000] {processor.py:178} INFO - Processing /opt/airflow/dags/5_orchestration.py took 0.263 seconds
[2026-09-13T01:04:38.970+0000] {processor.py:156} INFO - Started process (PID=160575) to work on /opt/airflow/dags/5_orchestration.py
[2026-09-13T01:04:38.974+0000] {processor.py:799} INFO - Processing file /opt/airflow/dags/5_orchestration.py for tasks to queue
[2026-09-13T01:04:38.977+0000] {logging_mixin.py:149} INFO - [2026-09-13T01:04:38.976+0000] {dagbag.py:541} INFO - Filling up the DagBag from /opt/airflow/dags/5_orchestration.py
[2026-09-13T01:04:39.011+0000] {processor.py:809} INFO - DAG(s) dict_keys(['5-orchestration']) retrieved from /opt/airflow/dags/5_orchestration.py
[2026-09-13T01:04:39.105+0000] {logging_mixin.py:149} INFO - [2026-09-13T01:04:39.105+0000] {dag.py:2726} INFO - Sync 1 DAGs
[2026-09-13T01:04:39.191+0000] {logging_mixin.py:149} INFO - [2026-09-13T01:04:39.190+0000] {dag.py:3490} INFO - Setting next_dagrun for 5-orchestration to 2023-05-01T00:00:00+00:00, run_after=2023-05-02T00:00:00+00:00
[2026-09-13T01:04:39.245+0000] {processor.py:178} INFO - Processing /opt/airflow/dags/5_orchestration.py took 0.286 seconds
[2026-09-13T01:05:09.402+0000] {processor.py:156} INFO - Started process (PID=160588) to work on /opt/airflow/dags/5_orchestration.py
[2026-09-13T01:05:09.405+0000] {processor.py:799} INFO - Processing file /opt/airflow/dags/5_orchestration.py for tasks to queue
[2026-09-13T01:05:09.407+0000] {logging_mixin.py:149} INFO - [2026-09-13T01:05:09.407+0000] {dagbag.py:541} INFO - Filling up the DagBag from /opt/airflow/dags/5_orchestration.py
[2026-09-13T01:05:09.448+0000] {processor.py:809} INFO - DAG(s) dict_keys(['5-orchestration']) retrieved from /opt/airflow/dags/5_orchestration.py
[2026-09-13T01:05:09.501+0000] {logging_mixin.py:149} INFO - [2026-09-13T01:05:09.501+0000] {dag.py:2726} INFO - Sync 1 DAGs
[2026-09-13T01:05:09.571+0000] {logging_mixin.py:149} INFO - [2026-09-13T01:05:09.570+0000] {dag.py:3490} INFO - Setting next_dagrun for 5-orchestration to 2023-05-01T00:00:00+00:00, run_after=2023-05-02T00:00:00+00:00
[2026-09-13T01:05:09.629+0000] {processor.py:178} INFO - Processing /opt/airflow/dags/5_orchestration.py took 0.238 seconds
[2026-09-13T01:05:40.063+0000] {processor.py:156} INFO - Started process (PID=160602) to work on /opt/airflow/dags/5_orchestration.py
[2026-09-13T01:05:40.074+0000] {processor.py:799} INFO - Processing file /opt/airflow/dags/5_orchestration.py for tasks to queue
[2026-09-13T01:05:40.076+0000] {logging_mixin.py:149} INFO - [2026-09-13T01:05:40.075+0000] {dagbag.py:541} INFO - Filling up the DagBag from /opt/airflow/dags/5_orchestration.py
[2026-09-13T01:05:40.112+0000] {processor.py:809} INFO - DAG(s) dict_keys(['5-orchestration']) retrieved from /opt/airflow/dags/5_orchestration.py
[2026-09-13T01:05:40.199+0000] {logging_mixin.py:149} INFO - [2026-09-13T01:05:40.199+0000] {dag.py:2726} INFO - Sync 1 DAGs
[2026-09-13T01:05:40.523+0000] {logging_mixin.py:149} INFO - [2026-09-13T01:05:40.523+0000] {dag.py:3490} INFO - Setting next_dagrun for 5-orchestration to 2023-05-01T00:00:00+00:00, run_after=2023-05-02T00:00:00+00:00
[2026-09-13T01:05:40.579+0000] {processor.py:178} INFO - Processing /opt/airflow/dags/5_orchestration.py took 0.531 seconds
[2026-09-13T01:06:11.087+0000] {processor.py:156} INFO - Started process (PID=160617) to work on /opt/airflow/dags/5_orchestration.py
[2026-09-13T01:06:11.092+0000] {processor.py:799} INFO - Processing file /opt/airflow/dags/5_orchestration.py for tasks to queue
[2026-09-13T01:06:11.094+0000] {logging_mixin.py:149} INFO - [2026-09-13T01:06:11.094+0000] {dagbag.py:541} INFO - Filling up the DagBag from /opt/airflow/dags/5_orchestration.py
[2026-09-13T01:06:11.127+0000] {processor.py:809} INFO - DAG(s) dict_keys(['5-orchestration']) retrieved from /opt/airflow/dags/5_orchestration.py
[2026-09-13T01:06:11.213+0000] {logging_mixin.py:149} INFO - [2026-09-13T01:06:11.212+0000] {dag.py:2726} INFO - Sync 1 DAGs
[2026-09-13T01:06:11.472+0000] {logging_mixin.py:149} INFO - [2026-09-13T01:06:11.471+0000] {dag.py:3490} INFO - Setting next_dagrun for 5-orchestration to 2023-05-01T00:00:00+00:00, run_after=2023-05-02T00:00:00+00:00
[2026-09-13T01:06:11.502+0000] {processor.py:178} INFO - Processing /opt/airflow/dags/5_orchestration.py took 0.425 seconds
[2026-09-13T01:06:41.583+0000] {processor.py:156} INFO - Started process (PID=160630) to work on /opt/airflow/dags/5_orchestration.py
[2026-09-13T01:06:41.587+0000] {processor.py:799} INFO - Processing file /opt/airflow/dags/5_orchestration.py for tasks to queue
[2026-09-13T01:06:41.589+0000] {logging_mixin.py:149} INFO - [2026-09-13T01:06:41.589+0000] {dagbag.py:541} INFO - Filling up the DagBag from /opt/airflow/dags/5_orchestration.py
[2026-09-13T01:06:41.623+0000] {processor.py:809} INFO - DAG(s) dict_keys(['5-orchestration']) retrieved from /opt/airflow/dags/5_orchestration.py
[2026-09-13T01:06:41.708+0000] {logging_mixin.py:149} INFO - [2026-09-13T01:06:41.708+0000] {dag.py:2726} INFO - Sync 1 DAGs
[2026-09-13T01:06:41.775+0000] {logging_mixin.py:149} INFO - [2026-09-13T01:06:41.774+0000] {dag.py:3490} INFO - Setting next_dagrun for 5-orchestration to 2023-05-01T00:00:00+00:00, run_after=2023-05-02T00:00:00+00:00
[2026-09-13T01:06:41.847+0000] {processor.py:178} INFO - Processing /opt/airflow/dags/5_orchestration.py took 0.274 seconds
[2026-09-13T01:07:12.011+0000] {processor.py:156} INFO - Started process (PID=160643) to work on /opt/airflow/dags/5_orchestration.py
[2026-09-13T01:07:12.013+0000] {processor.py:799} INFO - Processing file /opt/airflow/dags/5_orchestration.py for tasks to queue
[2026-09-13T01:07:12.015+0000] {logging_mixin.py:149} INFO - [2026-09-13T01:07:12.015+0000] {dagbag.py:541} INFO - Filling up the DagBag from /opt/airflow/dags/5_orchestration.py
[2026-09-13T01:07:12.051+0000] {processor.py:809} INFO - DAG(s) dict_keys(['5-orchestration']) retrieved from /opt/airflow/dags/5_orchestration.py
[2026-09-13T01:07:12.139+0000] {logging_mixin.py:149} INFO - [2026-09-13T01:07:12.138+0000] {dag.py:2726} INFO - Sync 1 DAGs
[2026-09-13T01:07:12.208+0000] {logging_mixin.py:149} INFO - [2026-09-13T01:07:12.207+0000] {dag.py:3490} INFO - Setting next_dagrun for 5-orchestration to 2023-05-01T00:00:00+00:00, run_after=2023-05-02T00:00:00+00:00
[2026-09-13T01:07:12.273+0000] {processor.py:178} INFO - Processing /opt/airflow/dags/5_orchestration.py took 0.272 seconds
[2026-09-13T01:07:42.407+0000] {processor.py:156} INFO - Started process (PID=160656) to work on /opt/airflow/dags/5_orchestration.py
[2026-09-13T01:07:42.414+0000] {processor.py:799} INFO - Processing file /opt/airflow/dags/5_orchestration.py for tasks to queue
[2026-09-13T01:07:42.416+0000] {logging_mixin.py:149} INFO - [2026-09-13T01:07:42.416+0000] {dagbag.py:541} INFO - Filling up the DagBag from /opt/airflow/dags/5_orchestration.py
[2026-09-13T01:07:42.454+0000] {processor.py:809} INFO - DAG(s) dict_keys(['5-orchestration']) retrieved from /opt/airflow/dags/5_orchestration.py
[2026-09-13T01:07:42.532+0000] {logging_mixin.py:149} INFO - [2026-09-13T01:07:42.532+0000] {dag.py:2726} INFO - Sync 1 DAGs
[2026-09-13T01:07:42.601+0000] {logging_mixin.py:149} INFO - [2026-09-13T01:07:42.600+0000] {dag.py:3490} INFO - Setting next_dagrun for 5-orchestration to 2023-05-01T00:00:00+00:00, run_after=2023-05-02T00:00:00+00:00
[2026-09-13T01:07:42.661+0000] {processor.py:178} INFO - Processing /opt/airflow/dags/5_orchestration.py took 0.265 seconds
[2026-09-13T01:08:13.060+0000] {processor.py:156} INFO - Started process (PID=160670) to work on /opt/airflow/dags/5_orchestration.py
[2026-09-13T01:08:13.071+0000] {processor.py:799} INFO - Processing file /opt/airflow/dags/5_orchestration.py for tasks to queue
[2026-09-13T01:08:13.073+0000] {logging_mixin.py:149} INFO - [2026-09-13T01:08:13.072+0000] {dagbag.py:541} INFO - Filling up the DagBag from /opt/airflow/dags/5_orchestration.py
[2026-09-13T01:08:13.109+0000] {processor.py:809} INFO - DAG(s) dict_keys(['5-orchestration']) retrieved from /opt/airflow/dags/5_orchestration.py
[2026-09-13T01:08:13.198+0000] {logging_mixin.py:149} INFO - [2026-09-13T01:08:13.197+0000] {dag.py:2726} INFO - Sync 1 DAGs
[2026-09-13T01:08:13.270+0000] {logging_mixin.py:149} INFO - [2026-09-13T01:08:13.269+0000] {dag.py:3490} INFO - Setting next_dagrun for 5-orchestration to 2023-05-01T00:00:00+00:00, run_after=2023-05-02T00:00:00+00:00
[2026-09-13T01:08:13.616+0000] {processor.py:178} INFO - Processing /opt/airflow/dags/5_orchestration.py took 0.565 seconds
[2026-09-13T01:08:43.681+0000] {processor.py:156} INFO - Started process (PID=160684) to work on /opt/airflow/dags/5_orchestration.py
[2026-09-13T01:08:43.687+0000] {processor.py:799} INFO - Processing file /opt/airflow/dags/5_orchestration.py for tasks to queue
[2026-09-13T01:08:43.689+0000] {logging_mixin.py:149} INFO - [2026-09-13T01:08:43.688+0000] {dagbag.py:541} INFO - Filling up the DagBag from /opt/airflow/dags/5_orchestration.py
[2026-09-13T01:08:43.725+0000] {processor.py:809} INFO - DAG(s) dict_keys(['5-orchestration']) retrieved from /opt/airflow/dags/5_orchestration.py
[2026-09-13T01:08:43.813+0000] {logging_mixin.py:149} INFO - [2026-09-13T01:08:43.812+0000] {dag.py:2726} INFO - Sync 1 DAGs
[2026-09-13T01:08:44.096+0000] {logging_mixin.py:149} INFO - [2026-09-13T01:08:44.096+0000] {dag.py:3490} INFO - Setting next_dagrun for 5-orchestration to 2023-05-01T00:00:00+00:00, run_after=2023-05-02T00:00:00+00:00
[2026-09-13T01:08:44.157+0000] {processor.py:178} INFO - Processing /opt/airflow/dags/5_orchestration.py took 0.490 seconds
[2026-09-13T01:09:14.366+0000] {processor.py:156} INFO - Started process (PID=160698) to work on /opt/airflow/dags/5_orchestration.py
[2026-09-13T01:09:14.369+0000] {processor.py:799} INFO - Processing file /opt/airflow/dags/5_orchestration.py for tasks to queue
[2026-09-13T01:09:14.371+0000] {logging_mixin.py:149} INFO - [2026-09-13T01:09:14.371+0000] {dagbag.py:541} INFO - Filling up the DagBag from /opt/airflow/dags/5_orchestration.py
[2026-09-13T01:09:14.406+0000] {processor.py:809} INFO - DAG(s) dict_keys(['5-orchestration']) retrieved from /opt/airflow/dags/5_orchestration.py
[2026-09-13T01:09:14.491+0000] {logging_mixin.py:149} INFO - [2026-09-13T01:09:14.491+0000] {dag.py:2726} INFO - Sync 1 DAGs
[2026-09-13T01:09:14.814+0000] {logging_mixin.py:149} INFO - [2026-09-13T01:09:14.812+0000] {dag.py:3490} INFO - Setting next_dagrun for 5-orchestration to 2023-05-01T00:00:00+00:00, run_after=2023-05-02T00:00:00+00:00
[2026-09-13T01:09:14.878+0000] {processor.py:178} INFO - Processing /opt/airflow/dags/5_orchestration.py took 0.523 seconds
[2026-09-13T01:09:45.552+0000] {processor.py:156} INFO - Started process (PID=160718) to work on /opt/airflow/dags/5_orchestration.py
[2026-09-13T01:09:45.556+0000] {processor.py:799} INFO - Processing file /opt/airflow/dags/5_orchestration.py for tasks to queue
[2026-09-13T01:09:45.558+0000] {logging_mixin.py:149} INFO - [2026-09-13T01:09:45.557+0000] {dagbag.py:541} INFO - Filling up the DagBag from /opt/airflow/dags/5_orchestration.py
[2026-09-13T01:09:45.594+0000] {processor.py:809} INFO - DAG(s) dict_keys(['5-orchestration']) retrieved from /opt/airflow/dags/5_orchestration.py
[2026-09-13T01:09:45.677+0000] {logging_mixin.py:149} INFO - [2026-09-13T01:09:45.676+0000] {dag.py:2726} INFO - Sync 1 DAGs
[2026-09-13T01:09:45.754+0000] {logging_mixin.py:149} INFO - [2026-09-13T01:09:45.753+0000] {dag.py:3490} INFO - Setting next_dagrun for 5-orchestration to 2023-05-01T00:00:00+00:00, run_after=2023-05-02T00:00:00+00:00
[2026-09-13T01:09:45.831+0000] {processor.py:178} INFO - Processing /opt/airflow/dags/5_orchestration.py took 0.291 seconds
[2026-09-13T01:10:16.011+0000] {processor.py:156} INFO - Started process (PID=160733) to work on /opt/airflow/dags/5_orchestration.py
[2026-09-13T01:10:16.014+0000] {processor.py:799} INFO - Processing file /opt/airflow/dags/5_orchestration.py for tasks to queue
[2026-09-13T01:10:16.016+0000] {logging_mixin.py:149} INFO - [2026-09-13T01:10:16.016+0000] {dagbag.py:541} INFO - Filling up the DagBag from /opt/airflow/dags/5_orchestration.py
[2026-09-13T01:10:16.048+0000] {processor.py:809} INFO - DAG(s) dict_keys(['5-orchestration']) retrieved from /opt/airflow/dags/5_orchestration.py
[2026-09-13T01:10:16.143+0000] {logging_mixin.py:149} INFO - [2026-09-13T01:10:16.143+0000] {dag.py:2726} INFO - Sync 1 DAGs
[2026-09-13T01:10:16.213+0000] {logging_mixin.py:149} INFO - [2026-09-13T01:10:16.212+0000] {dag.py:3490} INFO - Setting next_dagrun for 5-orchestration to 2023-05-01T00:00:00+00:00, run_after=2023-05-02T00:00:00+00:00
[2026-09-13T01:10:16.271+0000] {processor.py:178} INFO - Processing /opt/airflow/dags/5_orchestration.py took 0.270 seconds
[2026-09-13T01:10:46.684+0000] {processor.py:156} INFO - Started process (PID=160746) to work on /opt/airflow/dags/5_orchestration.py
[2026-09-13T01:10:46.687+0000] {processor.py:799} INFO - Processing file /opt/airflow/dags/5_orchestration.py for tasks to queue
[2026-09-13T01:10:46.689+0000] {logging_mixin.py:149} INFO - [2026-09-13T01:10:46.688+0000] {dagbag.py:541} INFO - Filling up the DagBag from /opt/airflow/dags/5_orchestration.py
[2026-09-13T01:10:46.721+0000] {processor.py:809} INFO - DAG(s) dict_keys(['5-orchestration']) retrieved from /opt/airflow/dags/5_orchestration.py
[2026-09-13T01:10:46.819+0000] {logging_mixin.py:149} INFO - [2026-09-13T01:10:46.819+0000] {dag.py:2726} INFO - Sync 1 DAGs
[2026-09-13T01:10:46.892+0000] {logging_mixin.py:149} INFO - [2026-09-13T01:10:46.891+0000] {dag.py:3490} INFO - Setting next_dagrun for 5-orchestration to 2023-05-01T00:00:00+00:00, run_after=2023-05-02T00:00:00+00:00
[2026-09-13T01:10:47.212+0000] {processor.py:178} INFO - Processing /opt/airflow/dags/5_orchestration.py took 0.539 seconds
[2026-09-13T01:11:17.477+0000] {processor.py:156} INFO - Started process (PID=160760) to work on /opt/airflow/dags/5_orchestration.py
[2026-09-13T01:11:17.480+0000] {processor.py:799} INFO - Processing file /opt/airflow/dags/5_orchestration.py for tasks to queue
[2026-09-13T01:11:17.481+0000] {logging_mixin.py:149} INFO - [2026-09-13T01:11:17.481+0000] {dagbag.py:541} INFO - Filling up the DagBag from /opt/airflow/dags/5_orchestration.py
[2026-09-13T01:11:17.513+0000] {processor.py:809} INFO - DAG(s) dict_keys(['5-orchestration']) retrieved from /opt/airflow/dags/5_orchestration.py
[2026-09-13T01:11:17.599+0000] {logging_mixin.py:149} INFO - [2026-09-13T01:11:17.598+0000] {dag.py:2726} INFO - Sync 1 DAGs
[2026-09-13T01:11:17.887+0000] {logging_mixin.py:149} INFO - [2026-09-13T01:11:17.886+0000] {dag.py:3490} INFO - Setting next_dagrun for 5-orchestration to 2023-05-01T00:00:00+00:00, run_after=2023-05-02T00:00:00+00:00
[2026-09-13T01:11:17.946+0000] {processor.py:178} INFO - Processing /opt/airflow/dags/5_orchestration.py took 0.482 seconds
[2026-09-13T01:11:48.299+0000] {processor.py:156} INFO - Started process (PID=160774) to work on /opt/airflow/dags/5_orchestration.py
[2026-09-13T01:11:48.302+0000] {processor.py:799} INFO - Processing file /opt/airflow/dags/5_orchestration.py for tasks to queue
[2026-09-13T01:11:48.304+0000] {logging_mixin.py:149} INFO - [2026-09-13T01:11:48.303+0000] {dagbag.py:541} INFO - Filling up the DagBag from /opt/airflow/dags/5_orchestration.py
[2026-09-13T01:11:48.337+0000] {processor.py:809} INFO - DAG(s) dict_keys(['5-orchestration']) retrieved from /opt/airflow/dags/5_orchestration.py
[2026-09-13T01:11:48.427+0000] {logging_mixin.py:149} INFO - [2026-09-13T01:11:48.427+0000] {dag.py:2726} INFO - Sync 1 DAGs
[2026-09-13T01:11:48.745+0000] {logging_mixin.py:149} INFO - [2026-09-13T01:11:48.744+0000] {dag.py:3490} INFO - Setting next_dagrun for 5-orchestration to 2023-05-01T00:00:00+00:00, run_after=2023-05-02T00:00:00+00:00
[2026-09-13T01:11:48.794+0000] {processor.py:178} INFO - Processing /opt/airflow/dags/5_orchestration.py took 0.505 seconds
[2026-09-13T01:12:19.683+0000] {processor.py:156} INFO - Started process (PID=160787) to work on /opt/airflow/dags/5_orchestration.py
[2026-09-13T01:12:19.687+0000] {processor.py:799} INFO - Processing file /opt/airflow/dags/5_orchestration.py for tasks to queue
[2026-09-13T01:12:19.689+0000] {logging_mixin.py:149} INFO - [2026-09-13T01:12:19.688+0000] {dagbag.py:541} INFO - Filling up the DagBag from /opt/airflow/dags/5_orchestration.py
[2026-09-13T01:12:19.724+0000] {processor.py:809} INFO - DAG(s) dict_keys(['5-orchestration']) retrieved from /opt/airflow/dags/5_orchestration.py
[2026-09-13T01:12:19.813+0000] {logging_mixin.py:149} INFO - [2026-09-13T01:12:19.812+0000] {dag.py:2726} INFO - Sync 1 DAGs
[2026-09-13T01:12:19.892+0000] {logging_mixin.py:149} INFO - [2026-09-13T01:12:19.891+0000] {dag.py:3490} INFO - Setting next_dagrun for 5-orchestration to 2023-05-01T00:00:00+00:00, run_after=2023-05-02T00:00:00+00:00
[2026-09-13T01:12:19.953+0000] {processor.py:178} INFO - Processing /opt/airflow/dags/5_orchestration.py took 0.281 seconds
[2026-09-13T01:12:50.133+0000] {processor.py:156} INFO - Started process (PID=160801) to work on /opt/airflow/dags/5_orchestration.py
[2026-09-13T01:12:50.141+0000] {processor.py:799} INFO - Processing file /opt/airflow/dags/5_orchestration.py for tasks to queue
[2026-09-13T01:12:50.143+0000] {logging_mixin.py:149} INFO - [2026-09-13T01:12:50.142+0000] {dagbag.py:541} INFO - Filling up the DagBag from /opt/airflow/dags/5_orchestration.py
[2026-09-13T01:12:50.177+0000] {processor.py:809} INFO - DAG(s) dict_keys(['5-orchestration']) retrieved from /opt/airflow/dags/5_orchestration.py
[2026-09-13T01:12:50.267+0000] {logging_mixin.py:149} INFO - [2026-09-13T01:12:50.267+0000] {dag.py:2726} INFO - Sync 1 DAGs
[2026-09-13T01:12:50.339+0000] {logging_mixin.py:149} INFO - [2026-09-13T01:12:50.339+0000] {dag.py:3490} INFO - Setting next_dagrun for 5-orchestration to 2023-05-01T00:00:00+00:00, run_after=2023-05-02T00:00:00+00:00
[2026-09-13T01:12:50.409+0000] {processor.py:178} INFO - Processing /opt/airflow/dags/5_orchestration.py took 0.295 seconds
[2026-09-13T01:13:20.512+0000] {processor.py:156} INFO - Started process (PID=160815) to work on /opt/airflow/dags/5_orchestration.py
[2026-09-13T01:13:20.516+0000] {processor.py:799} INFO - Processing file /opt/airflow/dags/5_orchestration.py for tasks to queue
[2026-09-13T01:13:20.518+0000] {logging_mixin.py:149} INFO - [2026-09-13T01:13:20.518+0000] {dagbag.py:541} INFO - Filling up the DagBag from /opt/airflow/dags/5_orchestration.py
[2026-09-13T01:13:20.571+0000] {processor.py:809} INFO - DAG(s) dict_keys(['5-orchestration']) retrieved from /opt/airflow/dags/5_orchestration.py
[2026-09-13T01:13:20.656+0000] {logging_mixin.py:149} INFO - [2026-09-13T01:13:20.656+0000] {dag.py:2726} INFO - Sync 1 DAGs
[2026-09-13T01:13:20.738+0000] {logging_mixin.py:149} INFO - [2026-09-13T01:13:20.738+0000] {dag.py:3490} INFO - Setting next_dagrun for 5-orchestration to 2023-05-01T00:00:00+00:00, run_after=2023-05-02T00:00:00+00:00
[2026-09-13T01:13:20.807+0000] {processor.py:178} INFO - Processing /opt/airflow/dags/5_orchestration.py took 0.308 seconds
[2026-09-13T01:13:51.135+0000] {processor.py:156} INFO - Started process (PID=160830) to work on /opt/airflow/dags/5_orchestration.py
[2026-09-13T01:13:51.138+0000] {processor.py:799} INFO - Processing file /opt/airflow/dags/5_orchestration.py for tasks to queue
[2026-09-13T01:13:51.139+0000] {logging_mixin.py:149} INFO - [2026-09-13T01:13:51.139+0000] {dagbag.py:541} INFO - Filling up the DagBag from /opt/airflow/dags/5_orchestration.py
[2026-09-13T01:13:51.170+0000] {processor.py:809} INFO - DAG(s) dict_keys(['5-orchestration']) retrieved from /opt/airflow/dags/5_orchestration.py
[2026-09-13T01:13:51.253+0000] {logging_mixin.py:149} INFO - [2026-09-13T01:13:51.252+0000] {dag.py:2726} INFO - Sync 1 DAGs
[2026-09-13T01:13:51.322+0000] {logging_mixin.py:149} INFO - [2026-09-13T01:13:51.321+0000] {dag.py:3490} INFO - Setting next_dagrun for 5-orchestration to 2023-05-01T00:00:00+00:00, run_after=2023-05-02T00:00:00+00:00
[2026-09-13T01:13:51.643+0000] {processor.py:178} INFO - Processing /opt/airflow/dags/5_orchestration.py took 0.519 seconds
[2026-09-13T01:14:22.073+0000] {processor.py:156} INFO - Started process (PID=160845) to work on /opt/airflow/dags/5_orchestration.py
[2026-09-13T01:14:22.077+0000] {processor.py:799} INFO - Processing file /opt/airflow/dags/5_orchestration.py for tasks to queue
[2026-09-13T01:14:22.079+0000] {logging_mixin.py:149} INFO - [2026-09-13T01:14:22.078+0000] {dagbag.py:541} INFO - Filling up the DagBag from /opt/airflow/dags/5_orchestration.py
[2026-09-13T01:14:22.114+0000] {processor.py:809} INFO - DAG(s) dict_keys(['5-orchestration']) retrieved from /opt/airflow/dags/5_orchestration.py
[2026-09-13T01:14:22.212+0000] {logging_mixin.py:149} INFO - [2026-09-13T01:14:22.212+0000] {dag.py:2726} INFO - Sync 1 DAGs
[2026-09-13T01:14:22.517+0000] {logging_mixin.py:149} INFO - [2026-09-13T01:14:22.517+0000] {dag.py:3490} INFO - Setting next_dagrun for 5-orchestration to 2023-05-01T00:00:00+00:00, run_after=2023-05-02T00:00:00+00:00
[2026-09-13T01:14:22.563+0000] {processor.py:178} INFO - Processing /opt/airflow/dags/5_orchestration.py took 0.500 seconds
[2026-09-13T01:14:52.902+0000] {processor.py:156} INFO - Started process (PID=160859) to work on /opt/airflow/dags/5_orchestration.py
[2026-09-13T01:14:52.906+0000] {processor.py:799} INFO - Processing file /opt/airflow/dags/5_orchestration.py for tasks to queue
[2026-09-13T01:14:52.907+0000] {logging_mixin.py:149} INFO - [2026-09-13T01:14:52.907+0000] {dagbag.py:541} INFO - Filling up the DagBag from /opt/airflow/dags/5_orchestration.py
[2026-09-13T01:14:52.940+0000] {processor.py:809} INFO - DAG(s) dict_keys(['5-orchestration']) retrieved from /opt/airflow/dags/5_orchestration.py
[2026-09-13T01:14:53.021+0000] {logging_mixin.py:149} INFO - [2026-09-13T01:14:53.021+0000] {dag.py:2726} INFO - Sync 1 DAGs
[2026-09-13T01:14:53.340+0000] {logging_mixin.py:149} INFO - [2026-09-13T01:14:53.339+0000] {dag.py:3490} INFO - Setting next_dagrun for 5-orchestration to 2023-05-01T00:00:00+00:00, run_after=2023-05-02T00:00:00+00:00
[2026-09-13T01:14:53.410+0000] {processor.py:178} INFO - Processing /opt/airflow/dags/5_orchestration.py took 0.520 seconds
[2026-09-13T01:15:24.301+0000] {processor.py:156} INFO - Started process (PID=160873) to work on /opt/airflow/dags/5_orchestration.py
[2026-09-13T01:15:24.304+0000] {processor.py:799} INFO - Processing file /opt/airflow/dags/5_orchestration.py for tasks to queue
[2026-09-13T01:15:24.305+0000] {logging_mixin.py:149} INFO - [2026-09-13T01:15:24.305+0000] {dagbag.py:541} INFO - Filling up the DagBag from /opt/airflow/dags/5_orchestration.py
[2026-09-13T01:15:24.341+0000] {processor.py:809} INFO - DAG(s) dict_keys(['5-orchestration']) retrieved from /opt/airflow/dags/5_orchestration.py
[2026-09-13T01:15:24.428+0000] {logging_mixin.py:149} INFO - [2026-09-13T01:15:24.427+0000] {dag.py:2726} INFO - Sync 1 DAGs
[2026-09-13T01:15:24.499+0000] {logging_mixin.py:149} INFO - [2026-09-13T01:15:24.498+0000] {dag.py:3490} INFO - Setting next_dagrun for 5-orchestration to 2023-05-01T00:00:00+00:00, run_after=2023-05-02T00:00:00+00:00
[2026-09-13T01:15:24.562+0000] {processor.py:178} INFO - Processing /opt/airflow/dags/5_orchestration.py took 0.271 seconds
[2026-09-13T01:15:54.804+0000] {processor.py:156} INFO - Started process (PID=160888) to work on /opt/airflow/dags/5_orchestration.py
[2026-09-13T01:15:54.808+0000] {processor.py:799} INFO - Processing file /opt/airflow/dags/5_orchestration.py for tasks to queue
[2026-09-13T01:15:54.810+0000] {logging_mixin.py:149} INFO - [2026-09-13T01:15:54.810+0000] {dagbag.py:541} INFO - Filling up the DagBag from /opt/airflow/dags/5_orchestration.py
[2026-09-13T01:15:54.843+0000] {processor.py:809} INFO - DAG(s) dict_keys(['5-orchestration']) retrieved from /opt/airflow/dags/5_orchestration.py
[2026-09-13T01:15:54.897+0000] {logging_mixin.py:149} INFO - [2026-09-13T01:15:54.896+0000] {dag.py:2726} INFO - Sync 1 DAGs
[2026-09-13T01:15:54.939+0000] {logging_mixin.py:149} INFO - [2026-09-13T01:15:54.939+0000] {dag.py:3490} INFO - Setting next_dagrun for 5-orchestration to 2023-05-01T00:00:00+00:00, run_after=2023-05-02T00:00:00+00:00
[2026-09-13T01:15:55.007+0000] {processor.py:178} INFO - Processing /opt/airflow/dags/5_orchestration.py took 0.216 seconds
[2026-09-13T01:16:25.514+0000] {processor.py:156} INFO - Started process (PID=160902) to work on /opt/airflow/dags/5_orchestration.py
[2026-09-13T01:16:25.518+0000] {processor.py:799} INFO - Processing file /opt/airflow/dags/5_orchestration.py for tasks to queue
[2026-09-13T01:16:25.520+0000] {logging_mixin.py:149} INFO - [2026-09-13T01:16:25.520+0000] {dagbag.py:541} INFO - Filling up the DagBag from /opt/airflow/dags/5_orchestration.py
[2026-09-13T01:16:25.557+0000] {processor.py:809} INFO - DAG(s) dict_keys(['5-orchestration']) retrieved from /opt/airflow/dags/5_orchestration.py
[2026-09-13T01:16:25.656+0000] {logging_mixin.py:149} INFO - [2026-09-13T01:16:25.656+0000] {dag.py:2726} INFO - Sync 1 DAGs
[2026-09-13T01:16:25.723+0000] {logging_mixin.py:149} INFO - [2026-09-13T01:16:25.723+0000] {dag.py:3490} INFO - Setting next_dagrun for 5-orchestration to 2023-05-01T00:00:00+00:00, run_after=2023-05-02T00:00:00+00:00
[2026-09-13T01:16:26.052+0000] {processor.py:178} INFO - Processing /opt/airflow/dags/5_orchestration.py took 0.550 seconds
[2026-09-13T01:16:56.322+0000] {processor.py:156} INFO - Started process (PID=160916) to work on /opt/airflow/dags/5_orchestration.py
[2026-09-13T01:16:56.329+0000] {processor.py:799} INFO - Processing file /opt/airflow/dags/5_orchestration.py for tasks to queue
[2026-09-13T01:16:56.332+0000] {logging_mixin.py:149} INFO - [2026-09-13T01:16:56.331+0000] {dagbag.py:541} INFO - Filling up the DagBag from /opt/airflow/dags/5_orchestration.py
[2026-09-13T01:16:56.372+0000] {processor.py:809} INFO - DAG(s) dict_keys(['5-orchestration']) retrieved from /opt/airflow/dags/5_orchestration.py
[2026-09-13T01:16:56.458+0000] {logging_mixin.py:149} INFO - [2026-09-13T01:16:56.458+0000] {dag.py:2726} INFO - Sync 1 DAGs
[2026-09-13T01:16:56.756+0000] {logging_mixin.py:149} INFO - [2026-09-13T01:16:56.755+0000] {dag.py:3490} INFO - Setting next_dagrun for 5-orchestration to 2023-05-01T00:00:00+00:00, run_after=2023-05-02T00:00:00+00:00
[2026-09-13T01:16:56.793+0000] {processor.py:178} INFO - Processing /opt/airflow/dags/5_orchestration.py took 0.482 seconds
[2026-09-13T01:17:27.128+0000] {processor.py:156} INFO - Started process (PID=160930) to work on /opt/airflow/dags/5_orchestration.py
[2026-09-13T01:17:27.131+0000] {processor.py:799} INFO - Processing file /opt/airflow/dags/5_orchestration.py for tasks to queue
[2026-09-13T01:17:27.133+0000] {logging_mixin.py:149} INFO - [2026-09-13T01:17:27.133+0000] {dagbag.py:541} INFO - Filling up the DagBag from /opt/airflow/dags/5_orchestration.py
[2026-09-13T01:17:27.167+0000] {processor.py:809} INFO - DAG(s) dict_keys(['5-orchestration']) retrieved from /opt/airflow/dags/5_orchestration.py
[2026-09-13T01:17:27.253+0000] {logging_mixin.py:149} INFO - [2026-09-13T01:17:27.253+0000] {dag.py:2726} INFO - Sync 1 DAGs
[2026-09-13T01:17:27.565+0000] {logging_mixin.py:149} INFO - [2026-09-13T01:17:27.565+0000] {dag.py:3490} INFO - Setting next_dagrun for 5-orchestration to 2023-05-01T00:00:00+00:00, run_after=2023-05-02T00:00:00+00:00
[2026-09-13T01:17:27.612+0000] {processor.py:178} INFO - Processing /opt/airflow/dags/5_orchestration.py took 0.495 seconds
[2026-09-13T01:17:58.627+0000] {processor.py:156} INFO - Started process (PID=160944) to work on /opt/airflow/dags/5_orchestration.py
[2026-09-13T01:17:58.630+0000] {processor.py:799} INFO - Processing file /opt/airflow/dags/5_orchestration.py for tasks to queue
[2026-09-13T01:17:58.632+0000] {logging_mixin.py:149} INFO - [2026-09-13T01:17:58.632+0000] {dagbag.py:541} INFO - Filling up the DagBag from /opt/airflow/dags/5_orchestration.py
[2026-09-13T01:17:58.665+0000] {processor.py:809} INFO - DAG(s) dict_keys(['5-orchestration']) retrieved from /opt/airflow/dags/5_orchestration.py
[2026-09-13T01:17:58.755+0000] {logging_mixin.py:149} INFO - [2026-09-13T01:17:58.755+0000] {dag.py:2726} INFO - Sync 1 DAGs
[2026-09-13T01:17:58.847+0000] {logging_mixin.py:149} INFO - [2026-09-13T01:17:58.846+0000] {dag.py:3490} INFO - Setting next_dagrun for 5-orchestration to 2023-05-01T00:00:00+00:00, run_after=2023-05-02T00:00:00+00:00
[2026-09-13T01:17:58.909+0000] {processor.py:178} INFO - Processing /opt/airflow/dags/5_orchestration.py took 0.293 seconds
[2026-09-13T01:18:29.048+0000] {processor.py:156} INFO - Started process (PID=160958) to work on /opt/airflow/dags/5_orchestration.py
[2026-09-13T01:18:29.051+0000] {processor.py:799} INFO - Processing file /opt/airflow/dags/5_orchestration.py for tasks to queue
[2026-09-13T01:18:29.052+0000] {logging_mixin.py:149} INFO - [2026-09-13T01:18:29.052+0000] {dagbag.py:541} INFO - Filling up the DagBag from /opt/airflow/dags/5_orchestration.py
[2026-09-13T01:18:29.090+0000] {processor.py:809} INFO - DAG(s) dict_keys(['5-orchestration']) retrieved from /opt/airflow/dags/5_orchestration.py
[2026-09-13T01:18:29.174+0000] {logging_mixin.py:149} INFO - [2026-09-13T01:18:29.174+0000] {dag.py:2726} INFO - Sync 1 DAGs
[2026-09-13T01:18:29.243+0000] {logging_mixin.py:149} INFO - [2026-09-13T01:18:29.242+0000] {dag.py:3490} INFO - Setting next_dagrun for 5-orchestration to 2023-05-01T00:00:00+00:00, run_after=2023-05-02T00:00:00+00:00
[2026-09-13T01:18:29.302+0000] {processor.py:178} INFO - Processing /opt/airflow/dags/5_orchestration.py took 0.265 seconds
[2026-09-13T01:18:59.415+0000] {processor.py:156} INFO - Started process (PID=160972) to work on /opt/airflow/dags/5_orchestration.py
[2026-09-13T01:18:59.419+0000] {processor.py:799} INFO - Processing file /opt/airflow/dags/5_orchestration.py for tasks to queue
[2026-09-13T01:18:59.421+0000] {logging_mixin.py:149} INFO - [2026-09-13T01:18:59.421+0000] {dagbag.py:541} INFO - Filling up the DagBag from /opt/airflow/dags/5_orchestration.py
[2026-09-13T01:18:59.471+0000] {processor.py:809} INFO - DAG(s) dict_keys(['5-orchestration']) retrieved from /opt/airflow/dags/5_orchestration.py
[2026-09-13T01:18:59.561+0000] {logging_mixin.py:149} INFO - [2026-09-13T01:18:59.560+0000] {dag.py:2726} INFO - Sync 1 DAGs
[2026-09-13T01:18:59.634+0000] {logging_mixin.py:149} INFO - [2026-09-13T01:18:59.634+0000] {dag.py:3490} INFO - Setting next_dagrun for 5-orchestration to 2023-05-01T00:00:00+00:00, run_after=2023-05-02T00:00:00+00:00
[2026-09-13T01:18:59.692+0000] {processor.py:178} INFO - Processing /opt/airflow/dags/5_orchestration.py took 0.288 seconds
[2026-09-13T01:19:30.165+0000] {processor.py:156} INFO - Started process (PID=160986) to work on /opt/airflow/dags/5_orchestration.py
[2026-09-13T01:19:30.168+0000] {processor.py:799} INFO - Processing file /opt/airflow/dags/5_orchestration.py for tasks to queue
[2026-09-13T01:19:30.170+0000] {logging_mixin.py:149} INFO - [2026-09-13T01:19:30.169+0000] {dagbag.py:541} INFO - Filling up the DagBag from /opt/airflow/dags/5_orchestration.py
[2026-09-13T01:19:30.209+0000] {processor.py:809} INFO - DAG(s) dict_keys(['5-orchestration']) retrieved from /opt/airflow/dags/5_orchestration.py
[2026-09-13T01:19:30.302+0000] {logging_mixin.py:149} INFO - [2026-09-13T01:19:30.301+0000] {dag.py:2726} INFO - Sync 1 DAGs
[2026-09-13T01:19:30.575+0000] {logging_mixin.py:149} INFO - [2026-09-13T01:19:30.575+0000] {dag.py:3490} INFO - Setting next_dagrun for 5-orchestration to 2023-05-01T00:00:00+00:00, run_after=2023-05-02T00:00:00+00:00
[2026-09-13T01:19:30.610+0000] {processor.py:178} INFO - Processing /opt/airflow/dags/5_orchestration.py took 0.456 seconds
[2026-09-13T01:20:00.870+0000] {processor.py:156} INFO - Started process (PID=161000) to work on /opt/airflow/dags/5_orchestration.py
[2026-09-13T01:20:00.874+0000] {processor.py:799} INFO - Processing file /opt/airflow/dags/5_orchestration.py for tasks to queue
[2026-09-13T01:20:00.877+0000] {logging_mixin.py:149} INFO - [2026-09-13T01:20:00.876+0000] {dagbag.py:541} INFO - Filling up the DagBag from /opt/airflow/dags/5_orchestration.py
[2026-09-13T01:20:00.912+0000] {processor.py:809} INFO - DAG(s) dict_keys(['5-orchestration']) retrieved from /opt/airflow/dags/5_orchestration.py
[2026-09-13T01:20:01.000+0000] {logging_mixin.py:149} INFO - [2026-09-13T01:20:01.000+0000] {dag.py:2726} INFO - Sync 1 DAGs
[2026-09-13T01:20:01.278+0000] {logging_mixin.py:149} INFO - [2026-09-13T01:20:01.278+0000] {dag.py:3490} INFO - Setting next_dagrun for 5-orchestration to 2023-05-01T00:00:00+00:00, run_after=2023-05-02T00:00:00+00:00
[2026-09-13T01:20:01.304+0000] {processor.py:178} INFO - Processing /opt/airflow/dags/5_orchestration.py took 0.446 seconds
[2026-09-13T01:20:31.741+0000] {processor.py:156} INFO - Started process (PID=161014) to work on /opt/airflow/dags/5_orchestration.py
[2026-09-13T01:20:31.744+0000] {processor.py:799} INFO - Processing file /opt/airflow/dags/5_orchestration.py for tasks to queue
[2026-09-13T01:20:31.746+0000] {logging_mixin.py:149} INFO - [2026-09-13T01:20:31.745+0000] {dagbag.py:541} INFO - Filling up the DagBag from /opt/airflow/dags/5_orchestration.py
[2026-09-13T01:20:31.781+0000] {processor.py:809} INFO - DAG(s) dict_keys(['5-orchestration']) retrieved from /opt/airflow/dags/5_orchestration.py
[2026-09-13T01:20:32.086+0000] {logging_mixin.py:149} INFO - [2026-09-13T01:20:32.086+0000] {dag.py:2726} INFO - Sync 1 DAGs
[2026-09-13T01:20:32.129+0000] {logging_mixin.py:149} INFO - [2026-09-13T01:20:32.128+0000] {dag.py:3490} INFO - Setting next_dagrun for 5-orchestration to 2023-05-01T00:00:00+00:00, run_after=2023-05-02T00:00:00+00:00
[2026-09-13T01:20:32.180+0000] {processor.py:178} INFO - Processing /opt/airflow/dags/5_orchestration.py took 0.450 seconds
[2026-09-13T01:21:03.198+0000] {processor.py:156} INFO - Started process (PID=161027) to work on /opt/airflow/dags/5_orchestration.py
[2026-09-13T01:21:03.201+0000] {processor.py:799} INFO - Processing file /opt/airflow/dags/5_orchestration.py for tasks to queue
[2026-09-13T01:21:03.203+0000] {logging_mixin.py:149} INFO - [2026-09-13T01:21:03.202+0000] {dagbag.py:541} INFO - Filling up the DagBag from /opt/airflow/dags/5_orchestration.py
[2026-09-13T01:21:03.238+0000] {processor.py:809} INFO - DAG(s) dict_keys(['5-orchestration']) retrieved from /opt/airflow/dags/5_orchestration.py
[2026-09-13T01:21:03.321+0000] {logging_mixin.py:149} INFO - [2026-09-13T01:21:03.320+0000] {dag.py:2726} INFO - Sync 1 DAGs
[2026-09-13T01:21:03.387+0000] {logging_mixin.py:149} INFO - [2026-09-13T01:21:03.386+0000] {dag.py:3490} INFO - Setting next_dagrun for 5-orchestration to 2023-05-01T00:00:00+00:00, run_after=2023-05-02T00:00:00+00:00
[2026-09-13T01:21:03.449+0000] {processor.py:178} INFO - Processing /opt/airflow/dags/5_orchestration.py took 0.262 seconds
[2026-09-13T01:21:33.659+0000] {processor.py:156} INFO - Started process (PID=161041) to work on /opt/airflow/dags/5_orchestration.py
[2026-09-13T01:21:33.663+0000] {processor.py:799} INFO - Processing file /opt/airflow/dags/5_orchestration.py for tasks to queue
[2026-09-13T01:21:33.664+0000] {logging_mixin.py:149} INFO - [2026-09-13T01:21:33.664+0000] {dagbag.py:541} INFO - Filling up the DagBag from /opt/airflow/dags/5_orchestration.py
[2026-09-13T01:21:33.699+0000] {processor.py:809} INFO - DAG(s) dict_keys(['5-orchestration']) retrieved from /opt/airflow/dags/5_orchestration.py
[2026-09-13T01:21:33.782+0000] {logging_mixin.py:149} INFO - [2026-09-13T01:21:33.782+0000] {dag.py:2726} INFO - Sync 1 DAGs
[2026-09-13T01:21:33.867+0000] {logging_mixin.py:149} INFO - [2026-09-13T01:21:33.866+0000] {dag.py:3490} INFO - Setting next_dagrun for 5-orchestration to 2023-05-01T00:00:00+00:00, run_after=2023-05-02T00:00:00+00:00
[2026-09-13T01:21:33.928+0000] {processor.py:178} INFO - Processing /opt/airflow/dags/5_orchestration.py took 0.279 seconds
[2026-09-13T01:22:04.318+0000] {processor.py:156} INFO - Started process (PID=161056) to work on /opt/airflow/dags/5_orchestration.py
[2026-09-13T01:22:04.322+0000] {processor.py:799} INFO - Processing file /opt/airflow/dags/5_orchestration.py for tasks to queue
[2026-09-13T01:22:04.324+0000] {logging_mixin.py:149} INFO - [2026-09-13T01:22:04.323+0000] {dagbag.py:541} INFO - Filling up the DagBag from /opt/airflow/dags/5_orchestration.py
[2026-09-13T01:22:04.362+0000] {processor.py:809} INFO - DAG(s) dict_keys(['5-orchestration']) retrieved from /opt/airflow/dags/5_orchestration.py
[2026-09-13T01:22:04.458+0000] {logging_mixin.py:149} INFO - [2026-09-13T01:22:04.457+0000] {dag.py:2726} INFO - Sync 1 DAGs
[2026-09-13T01:22:04.530+0000] {logging_mixin.py:149} INFO - [2026-09-13T01:22:04.530+0000] {dag.py:3490} INFO - Setting next_dagrun for 5-orchestration to 2023-05-01T00:00:00+00:00, run_after=2023-05-02T00:00:00+00:00
[2026-09-13T01:22:04.809+0000] {processor.py:178} INFO - Processing /opt/airflow/dags/5_orchestration.py took 0.505 seconds
[2026-09-13T01:22:35.236+0000] {processor.py:156} INFO - Started process (PID=161071) to work on /opt/airflow/dags/5_orchestration.py
[2026-09-13T01:22:35.239+0000] {processor.py:799} INFO - Processing file /opt/airflow/dags/5_orchestration.py for tasks to queue
[2026-09-13T01:22:35.241+0000] {logging_mixin.py:149} INFO - [2026-09-13T01:22:35.241+0000] {dagbag.py:541} INFO - Filling up the DagBag from /opt/airflow/dags/5_orchestration.py
[2026-09-13T01:22:35.278+0000] {processor.py:809} INFO - DAG(s) dict_keys(['5-orchestration']) retrieved from /opt/airflow/dags/5_orchestration.py
[2026-09-13T01:22:35.363+0000] {logging_mixin.py:149} INFO - [2026-09-13T01:22:35.362+0000] {dag.py:2726} INFO - Sync 1 DAGs
[2026-09-13T01:22:35.631+0000] {logging_mixin.py:149} INFO - [2026-09-13T01:22:35.631+0000] {dag.py:3490} INFO - Setting next_dagrun for 5-orchestration to 2023-05-01T00:00:00+00:00, run_after=2023-05-02T00:00:00+00:00
[2026-09-13T01:22:35.656+0000] {processor.py:178} INFO - Processing /opt/airflow/dags/5_orchestration.py took 0.431 seconds
[2026-09-13T01:23:06.090+0000] {processor.py:156} INFO - Started process (PID=161085) to work on /opt/airflow/dags/5_orchestration.py
[2026-09-13T01:23:06.093+0000] {processor.py:799} INFO - Processing file /opt/airflow/dags/5_orchestration.py for tasks to queue
[2026-09-13T01:23:06.094+0000] {logging_mixin.py:149} INFO - [2026-09-13T01:23:06.094+0000] {dagbag.py:541} INFO - Filling up the DagBag from /opt/airflow/dags/5_orchestration.py
[2026-09-13T01:23:06.127+0000] {processor.py:809} INFO - DAG(s) dict_keys(['5-orchestration']) retrieved from /opt/airflow/dags/5_orchestration.py
[2026-09-13T01:23:06.211+0000] {logging_mixin.py:149} INFO - [2026-09-13T01:23:06.210+0000] {dag.py:2726} INFO - Sync 1 DAGs
[2026-09-13T01:23:06.467+0000] {logging_mixin.py:149} INFO - [2026-09-13T01:23:06.467+0000] {dag.py:3490} INFO - Setting next_dagrun for 5-orchestration to 2023-05-01T00:00:00+00:00, run_after=2023-05-02T00:00:00+00:00
[2026-09-13T01:23:06.516+0000] {processor.py:178} INFO - Processing /opt/airflow/dags/5_orchestration.py took 0.435 seconds
[2026-09-13T01:23:36.854+0000] {processor.py:156} INFO - Started process (PID=161099) to work on /opt/airflow/dags/5_orchestration.py
[2026-09-13T01:23:36.857+0000] {processor.py:799} INFO - Processing file /opt/airflow/dags/5_orchestration.py for tasks to queue
[2026-09-13T01:23:36.858+0000] {logging_mixin.py:149} INFO - [2026-09-13T01:23:36.858+0000] {dagbag.py:541} INFO - Filling up the DagBag from /opt/airflow/dags/5_orchestration.py
[2026-09-13T01:23:36.904+0000] {processor.py:809} INFO - DAG(s) dict_keys(['5-orchestration']) retrieved from /opt/airflow/dags/5_orchestration.py
[2026-09-13T01:23:36.994+0000] {logging_mixin.py:149} INFO - [2026-09-13T01:23:36.994+0000] {dag.py:2726} INFO - Sync 1 DAGs
[2026-09-13T01:23:37.068+0000] {logging_mixin.py:149} INFO - [2026-09-13T01:23:37.067+0000] {dag.py:3490} INFO - Setting next_dagrun for 5-orchestration to 2023-05-01T00:00:00+00:00, run_after=2023-05-02T00:00:00+00:00
[2026-09-13T01:23:37.129+0000] {processor.py:178} INFO - Processing /opt/airflow/dags/5_orchestration.py took 0.284 seconds
[2026-09-13T01:24:07.722+0000] {processor.py:156} INFO - Started process (PID=161113) to work on /opt/airflow/dags/5_orchestration.py
[2026-09-13T01:24:07.726+0000] {processor.py:799} INFO - Processing file /opt/airflow/dags/5_orchestration.py for tasks to queue
[2026-09-13T01:24:07.728+0000] {logging_mixin.py:149} INFO - [2026-09-13T01:24:07.728+0000] {dagbag.py:541} INFO - Filling up the DagBag from /opt/airflow/dags/5_orchestration.py
[2026-09-13T01:24:07.766+0000] {processor.py:809} INFO - DAG(s) dict_keys(['5-orchestration']) retrieved from /opt/airflow/dags/5_orchestration.py
[2026-09-13T01:24:07.858+0000] {logging_mixin.py:149} INFO - [2026-09-13T01:24:07.857+0000] {dag.py:2726} INFO - Sync 1 DAGs
[2026-09-13T01:24:07.927+0000] {logging_mixin.py:149} INFO - [2026-09-13T01:24:07.926+0000] {dag.py:3490} INFO - Setting next_dagrun for 5-orchestration to 2023-05-01T00:00:00+00:00, run_after=2023-05-02T00:00:00+00:00
[2026-09-13T01:24:07.990+0000] {processor.py:178} INFO - Processing /opt/airflow/dags/5_orchestration.py took 0.282 seconds
[2026-09-13T01:24:38.580+0000] {processor.py:156} INFO - Started process (PID=161127) to work on /opt/airflow/dags/5_orchestration.py
[2026-09-13T01:24:38.583+0000] {processor.py:799} INFO - Processing file /opt/airflow/dags/5_orchestration.py for tasks to queue
[2026-09-13T01:24:38.585+0000] {logging_mixin.py:149} INFO - [2026-09-13T01:24:38.585+0000] {dagbag.py:541} INFO - Filling up the DagBag from /opt/airflow/dags/5_orchestration.py
[2026-09-13T01:24:38.622+0000] {processor.py:809} INFO - DAG(s) dict_keys(['5-orchestration']) retrieved from /opt/airflow/dags/5_orchestration.py
[2026-09-13T01:24:38.712+0000] {logging_mixin.py:149} INFO - [2026-09-13T01:24:38.712+0000] {dag.py:2726} INFO - Sync 1 DAGs
[2026-09-13T01:24:38.785+0000] {logging_mixin.py:149} INFO - [2026-09-13T01:24:38.784+0000] {dag.py:3490} INFO - Setting next_dagrun for 5-orchestration to 2023-05-01T00:00:00+00:00, run_after=2023-05-02T00:00:00+00:00
[2026-09-13T01:24:39.138+0000] {processor.py:178} INFO - Processing /opt/airflow/dags/5_orchestration.py took 0.572 seconds
[2026-09-13T01:25:09.450+0000] {processor.py:156} INFO - Started process (PID=161141) to work on /opt/airflow/dags/5_orchestration.py
[2026-09-13T01:25:09.453+0000] {processor.py:799} INFO - Processing file /opt/airflow/dags/5_orchestration.py for tasks to queue
[2026-09-13T01:25:09.455+0000] {logging_mixin.py:149} INFO - [2026-09-13T01:25:09.454+0000] {dagbag.py:541} INFO - Filling up the DagBag from /opt/airflow/dags/5_orchestration.py
[2026-09-13T01:25:09.502+0000] {processor.py:809} INFO - DAG(s) dict_keys(['5-orchestration']) retrieved from /opt/airflow/dags/5_orchestration.py
[2026-09-13T01:25:09.593+0000] {logging_mixin.py:149} INFO - [2026-09-13T01:25:09.593+0000] {dag.py:2726} INFO - Sync 1 DAGs
[2026-09-13T01:25:09.882+0000] {logging_mixin.py:149} INFO - [2026-09-13T01:25:09.882+0000] {dag.py:3490} INFO - Setting next_dagrun for 5-orchestration to 2023-05-01T00:00:00+00:00, run_after=2023-05-02T00:00:00+00:00
[2026-09-13T01:25:09.940+0000] {processor.py:178} INFO - Processing /opt/airflow/dags/5_orchestration.py took 0.499 seconds
[2026-09-13T01:25:40.869+0000] {processor.py:156} INFO - Started process (PID=161155) to work on /opt/airflow/dags/5_orchestration.py
[2026-09-13T01:25:40.875+0000] {processor.py:799} INFO - Processing file /opt/airflow/dags/5_orchestration.py for tasks to queue
[2026-09-13T01:25:40.877+0000] {logging_mixin.py:149} INFO - [2026-09-13T01:25:40.877+0000] {dagbag.py:541} INFO - Filling up the DagBag from /opt/airflow/dags/5_orchestration.py
[2026-09-13T01:25:40.909+0000] {processor.py:809} INFO - DAG(s) dict_keys(['5-orchestration']) retrieved from /opt/airflow/dags/5_orchestration.py
[2026-09-13T01:25:40.990+0000] {logging_mixin.py:149} INFO - [2026-09-13T01:25:40.989+0000] {dag.py:2726} INFO - Sync 1 DAGs
[2026-09-13T01:25:41.246+0000] {logging_mixin.py:149} INFO - [2026-09-13T01:25:41.245+0000] {dag.py:3490} INFO - Setting next_dagrun for 5-orchestration to 2023-05-01T00:00:00+00:00, run_after=2023-05-02T00:00:00+00:00
[2026-09-13T01:25:41.273+0000] {processor.py:178} INFO - Processing /opt/airflow/dags/5_orchestration.py took 0.410 seconds
[2026-09-13T01:26:11.664+0000] {processor.py:156} INFO - Started process (PID=161169) to work on /opt/airflow/dags/5_orchestration.py
[2026-09-13T01:26:11.667+0000] {processor.py:799} INFO - Processing file /opt/airflow/dags/5_orchestration.py for tasks to queue
[2026-09-13T01:26:11.669+0000] {logging_mixin.py:149} INFO - [2026-09-13T01:26:11.669+0000] {dagbag.py:541} INFO - Filling up the DagBag from /opt/airflow/dags/5_orchestration.py
[2026-09-13T01:26:11.712+0000] {processor.py:809} INFO - DAG(s) dict_keys(['5-orchestration']) retrieved from /opt/airflow/dags/5_orchestration.py
[2026-09-13T01:26:12.015+0000] {logging_mixin.py:149} INFO - [2026-09-13T01:26:12.015+0000] {dag.py:2726} INFO - Sync 1 DAGs
[2026-09-13T01:26:12.048+0000] {logging_mixin.py:149} INFO - [2026-09-13T01:26:12.048+0000] {dag.py:3490} INFO - Setting next_dagrun for 5-orchestration to 2023-05-01T00:00:00+00:00, run_after=2023-05-02T00:00:00+00:00
[2026-09-13T01:26:12.092+0000] {processor.py:178} INFO - Processing /opt/airflow/dags/5_orchestration.py took 0.441 seconds
[2026-09-13T01:26:42.801+0000] {processor.py:156} INFO - Started process (PID=161184) to work on /opt/airflow/dags/5_orchestration.py
[2026-09-13T01:26:42.804+0000] {processor.py:799} INFO - Processing file /opt/airflow/dags/5_orchestration.py for tasks to queue
[2026-09-13T01:26:42.805+0000] {logging_mixin.py:149} INFO - [2026-09-13T01:26:42.805+0000] {dagbag.py:541} INFO - Filling up the DagBag from /opt/airflow/dags/5_orchestration.py
[2026-09-13T01:26:42.847+0000] {processor.py:809} INFO - DAG(s) dict_keys(['5-orchestration']) retrieved from /opt/airflow/dags/5_orchestration.py
[2026-09-13T01:26:42.911+0000] {logging_mixin.py:149} INFO - [2026-09-13T01:26:42.911+0000] {dag.py:2726} INFO - Sync 1 DAGs
[2026-09-13T01:26:42.981+0000] {logging_mixin.py:149} INFO - [2026-09-13T01:26:42.980+0000] {dag.py:3490} INFO - Setting next_dagrun for 5-orchestration to 2023-05-01T00:00:00+00:00, run_after=2023-05-02T00:00:00+00:00
[2026-09-13T01:26:43.051+0000] {processor.py:178} INFO - Processing /opt/airflow/dags/5_orchestration.py took 0.261 seconds
[2026-09-13T01:27:13.173+0000] {processor.py:156} INFO - Started process (PID=161198) to work on /opt/airflow/dags/5_orchestration.py
[2026-09-13T01:27:13.178+0000] {processor.py:799} INFO - Processing file /opt/airflow/dags/5_orchestration.py for tasks to queue
[2026-09-13T01:27:13.180+0000] {logging_mixin.py:149} INFO - [2026-09-13T01:27:13.180+0000] {dagbag.py:541} INFO - Filling up the DagBag from /opt/airflow/dags/5_orchestration.py
[2026-09-13T01:27:13.217+0000] {processor.py:809} INFO - DAG(s) dict_keys(['5-orchestration']) retrieved from /opt/airflow/dags/5_orchestration.py
[2026-09-13T01:27:13.304+0000] {logging_mixin.py:149} INFO - [2026-09-13T01:27:13.303+0000] {dag.py:2726} INFO - Sync 1 DAGs
[2026-09-13T01:27:13.373+0000] {logging_mixin.py:149} INFO - [2026-09-13T01:27:13.372+0000] {dag.py:3490} INFO - Setting next_dagrun for 5-orchestration to 2023-05-01T00:00:00+00:00, run_after=2023-05-02T00:00:00+00:00
[2026-09-13T01:27:13.444+0000] {processor.py:178} INFO - Processing /opt/airflow/dags/5_orchestration.py took 0.282 seconds
[2026-09-13T01:27:44.280+0000] {processor.py:156} INFO - Started process (PID=161212) to work on /opt/airflow/dags/5_orchestration.py
[2026-09-13T01:27:44.283+0000] {processor.py:799} INFO - Processing file /opt/airflow/dags/5_orchestration.py for tasks to queue
[2026-09-13T01:27:44.285+0000] {logging_mixin.py:149} INFO - [2026-09-13T01:27:44.285+0000] {dagbag.py:541} INFO - Filling up the DagBag from /opt/airflow/dags/5_orchestration.py
[2026-09-13T01:27:44.320+0000] {processor.py:809} INFO - DAG(s) dict_keys(['5-orchestration']) retrieved from /opt/airflow/dags/5_orchestration.py
[2026-09-13T01:27:44.379+0000] {logging_mixin.py:149} INFO - [2026-09-13T01:27:44.379+0000] {dag.py:2726} INFO - Sync 1 DAGs
[2026-09-13T01:27:44.448+0000] {logging_mixin.py:149} INFO - [2026-09-13T01:27:44.447+0000] {dag.py:3490} INFO - Setting next_dagrun for 5-orchestration to 2023-05-01T00:00:00+00:00, run_after=2023-05-02T00:00:00+00:00
[2026-09-13T01:27:44.720+0000] {processor.py:178} INFO - Processing /opt/airflow/dags/5_orchestration.py took 0.450 seconds
[2026-09-13T01:28:15.012+0000] {processor.py:156} INFO - Started process (PID=161226) to work on /opt/airflow/dags/5_orchestration.py
[2026-09-13T01:28:15.015+0000] {processor.py:799} INFO - Processing file /opt/airflow/dags/5_orchestration.py for tasks to queue
[2026-09-13T01:28:15.017+0000] {logging_mixin.py:149} INFO - [2026-09-13T01:28:15.017+0000] {dagbag.py:541} INFO - Filling up the DagBag from /opt/airflow/dags/5_orchestration.py
[2026-09-13T01:28:15.048+0000] {processor.py:809} INFO - DAG(s) dict_keys(['5-orchestration']) retrieved from /opt/airflow/dags/5_orchestration.py
[2026-09-13T01:28:15.129+0000] {logging_mixin.py:149} INFO - [2026-09-13T01:28:15.128+0000] {dag.py:2726} INFO - Sync 1 DAGs
[2026-09-13T01:28:15.443+0000] {logging_mixin.py:149} INFO - [2026-09-13T01:28:15.443+0000] {dag.py:3490} INFO - Setting next_dagrun for 5-orchestration to 2023-05-01T00:00:00+00:00, run_after=2023-05-02T00:00:00+00:00
[2026-09-13T01:28:15.498+0000] {processor.py:178} INFO - Processing /opt/airflow/dags/5_orchestration.py took 0.501 seconds
[2026-09-13T01:28:45.948+0000] {processor.py:156} INFO - Started process (PID=161240) to work on /opt/airflow/dags/5_orchestration.py
[2026-09-13T01:28:45.951+0000] {processor.py:799} INFO - Processing file /opt/airflow/dags/5_orchestration.py for tasks to queue
[2026-09-13T01:28:45.953+0000] {logging_mixin.py:149} INFO - [2026-09-13T01:28:45.952+0000] {dagbag.py:541} INFO - Filling up the DagBag from /opt/airflow/dags/5_orchestration.py
[2026-09-13T01:28:45.977+0000] {processor.py:809} INFO - DAG(s) dict_keys(['5-orchestration']) retrieved from /opt/airflow/dags/5_orchestration.py
[2026-09-13T01:28:46.318+0000] {logging_mixin.py:149} INFO - [2026-09-13T01:28:46.318+0000] {dag.py:2726} INFO - Sync 1 DAGs
[2026-09-13T01:28:46.366+0000] {logging_mixin.py:149} INFO - [2026-09-13T01:28:46.366+0000] {dag.py:3490} INFO - Setting next_dagrun for 5-orchestration to 2023-05-01T00:00:00+00:00, run_after=2023-05-02T00:00:00+00:00
[2026-09-13T01:28:46.412+0000] {processor.py:178} INFO - Processing /opt/airflow/dags/5_orchestration.py took 0.470 seconds
[2026-09-13T01:29:17.266+0000] {processor.py:156} INFO - Started process (PID=161254) to work on /opt/airflow/dags/5_orchestration.py
[2026-09-13T01:29:17.270+0000] {processor.py:799} INFO - Processing file /opt/airflow/dags/5_orchestration.py for tasks to queue
[2026-09-13T01:29:17.272+0000] {logging_mixin.py:149} INFO - [2026-09-13T01:29:17.271+0000] {dagbag.py:541} INFO - Filling up the DagBag from /opt/airflow/dags/5_orchestration.py
[2026-09-13T01:29:17.313+0000] {processor.py:809} INFO - DAG(s) dict_keys(['5-orchestration']) retrieved from /opt/airflow/dags/5_orchestration.py
[2026-09-13T01:29:17.392+0000] {logging_mixin.py:149} INFO - [2026-09-13T01:29:17.391+0000] {dag.py:2726} INFO - Sync 1 DAGs
[2026-09-13T01:29:17.439+0000] {logging_mixin.py:149} INFO - [2026-09-13T01:29:17.439+0000] {dag.py:3490} INFO - Setting next_dagrun for 5-orchestration to 2023-05-01T00:00:00+00:00, run_after=2023-05-02T00:00:00+00:00
[2026-09-13T01:29:17.469+0000] {processor.py:178} INFO - Processing /opt/airflow/dags/5_orchestration.py took 0.214 seconds
[2026-09-13T01:29:47.696+0000] {processor.py:156} INFO - Started process (PID=161269) to work on /opt/airflow/dags/5_orchestration.py
[2026-09-13T01:29:47.700+0000] {processor.py:799} INFO - Processing file /opt/airflow/dags/5_orchestration.py for tasks to queue
[2026-09-13T01:29:47.702+0000] {logging_mixin.py:149} INFO - [2026-09-13T01:29:47.702+0000] {dagbag.py:541} INFO - Filling up the DagBag from /opt/airflow/dags/5_orchestration.py
[2026-09-13T01:29:47.740+0000] {processor.py:809} INFO - DAG(s) dict_keys(['5-orchestration']) retrieved from /opt/airflow/dags/5_orchestration.py
[2026-09-13T01:29:47.821+0000] {logging_mixin.py:149} INFO - [2026-09-13T01:29:47.820+0000] {dag.py:2726} INFO - Sync 1 DAGs
[2026-09-13T01:29:47.875+0000] {logging_mixin.py:149} INFO - [2026-09-13T01:29:47.874+0000] {dag.py:3490} INFO - Setting next_dagrun for 5-orchestration to 2023-05-01T00:00:00+00:00, run_after=2023-05-02T00:00:00+00:00
[2026-09-13T01:29:47.904+0000] {processor.py:178} INFO - Processing /opt/airflow/dags/5_orchestration.py took 0.221 seconds
[2026-09-13T01:30:18.807+0000] {processor.py:156} INFO - Started process (PID=161283) to work on /opt/airflow/dags/5_orchestration.py
[2026-09-13T01:30:18.812+0000] {processor.py:799} INFO - Processing file /opt/airflow/dags/5_orchestration.py for tasks to queue
[2026-09-13T01:30:18.815+0000] {logging_mixin.py:149} INFO - [2026-09-13T01:30:18.814+0000] {dagbag.py:541} INFO - Filling up the DagBag from /opt/airflow/dags/5_orchestration.py
[2026-09-13T01:30:18.848+0000] {processor.py:809} INFO - DAG(s) dict_keys(['5-orchestration']) retrieved from /opt/airflow/dags/5_orchestration.py
[2026-09-13T01:30:18.937+0000] {logging_mixin.py:149} INFO - [2026-09-13T01:30:18.937+0000] {dag.py:2726} INFO - Sync 1 DAGs
[2026-09-13T01:30:19.011+0000] {logging_mixin.py:149} INFO - [2026-09-13T01:30:19.010+0000] {dag.py:3490} INFO - Setting next_dagrun for 5-orchestration to 2023-05-01T00:00:00+00:00, run_after=2023-05-02T00:00:00+00:00
[2026-09-13T01:30:19.300+0000] {processor.py:178} INFO - Processing /opt/airflow/dags/5_orchestration.py took 0.506 seconds
[2026-09-13T01:30:49.736+0000] {processor.py:156} INFO - Started process (PID=161298) to work on /opt/airflow/dags/5_orchestration.py
[2026-09-13T01:30:49.741+0000] {processor.py:799} INFO - Processing file /opt/airflow/dags/5_orchestration.py for tasks to queue
[2026-09-13T01:30:49.743+0000] {logging_mixin.py:149} INFO - [2026-09-13T01:30:49.742+0000] {dagbag.py:541} INFO - Filling up the DagBag from /opt/airflow/dags/5_orchestration.py
[2026-09-13T01:30:49.778+0000] {processor.py:809} INFO - DAG(s) dict_keys(['5-orchestration']) retrieved from /opt/airflow/dags/5_orchestration.py
[2026-09-13T01:30:49.875+0000] {logging_mixin.py:149} INFO - [2026-09-13T01:30:49.874+0000] {dag.py:2726} INFO - Sync 1 DAGs
[2026-09-13T01:30:50.126+0000] {logging_mixin.py:149} INFO - [2026-09-13T01:30:50.126+0000] {dag.py:3490} INFO - Setting next_dagrun for 5-orchestration to 2023-05-01T00:00:00+00:00, run_after=2023-05-02T00:00:00+00:00
[2026-09-13T01:30:50.150+0000] {processor.py:178} INFO - Processing /opt/airflow/dags/5_orchestration.py took 0.425 seconds
[2026-09-13T01:31:20.367+0000] {processor.py:156} INFO - Started process (PID=161312) to work on /opt/airflow/dags/5_orchestration.py
[2026-09-13T01:31:20.371+0000] {processor.py:799} INFO - Processing file /opt/airflow/dags/5_orchestration.py for tasks to queue
[2026-09-13T01:31:20.374+0000] {logging_mixin.py:149} INFO - [2026-09-13T01:31:20.373+0000] {dagbag.py:541} INFO - Filling up the DagBag from /opt/airflow/dags/5_orchestration.py
[2026-09-13T01:31:20.421+0000] {processor.py:809} INFO - DAG(s) dict_keys(['5-orchestration']) retrieved from /opt/airflow/dags/5_orchestration.py
[2026-09-13T01:31:20.520+0000] {logging_mixin.py:149} INFO - [2026-09-13T01:31:20.519+0000] {dag.py:2726} INFO - Sync 1 DAGs
[2026-09-13T01:31:20.821+0000] {logging_mixin.py:149} INFO - [2026-09-13T01:31:20.821+0000] {dag.py:3490} INFO - Setting next_dagrun for 5-orchestration to 2023-05-01T00:00:00+00:00, run_after=2023-05-02T00:00:00+00:00
[2026-09-13T01:31:20.879+0000] {processor.py:178} INFO - Processing /opt/airflow/dags/5_orchestration.py took 0.523 seconds
[2026-09-13T01:31:51.132+0000] {processor.py:156} INFO - Started process (PID=161326) to work on /opt/airflow/dags/5_orchestration.py
[2026-09-13T01:31:51.136+0000] {processor.py:799} INFO - Processing file /opt/airflow/dags/5_orchestration.py for tasks to queue
[2026-09-13T01:31:51.138+0000] {logging_mixin.py:149} INFO - [2026-09-13T01:31:51.137+0000] {dagbag.py:541} INFO - Filling up the DagBag from /opt/airflow/dags/5_orchestration.py
[2026-09-13T01:31:51.180+0000] {processor.py:809} INFO - DAG(s) dict_keys(['5-orchestration']) retrieved from /opt/airflow/dags/5_orchestration.py
[2026-09-13T01:31:51.440+0000] {logging_mixin.py:149} INFO - [2026-09-13T01:31:51.439+0000] {dag.py:2726} INFO - Sync 1 DAGs
[2026-09-13T01:31:51.473+0000] {logging_mixin.py:149} INFO - [2026-09-13T01:31:51.473+0000] {dag.py:3490} INFO - Setting next_dagrun for 5-orchestration to 2023-05-01T00:00:00+00:00, run_after=2023-05-02T00:00:00+00:00
[2026-09-13T01:31:51.512+0000] {processor.py:178} INFO - Processing /opt/airflow/dags/5_orchestration.py took 0.391 seconds
[2026-09-13T01:32:22.206+0000] {processor.py:156} INFO - Started process (PID=161347) to work on /opt/airflow/dags/5_orchestration.py
[2026-09-13T01:32:22.210+0000] {processor.py:799} INFO - Processing file /opt/airflow/dags/5_orchestration.py for tasks to queue
[2026-09-13T01:32:22.213+0000] {logging_mixin.py:149} INFO - [2026-09-13T01:32:22.212+0000] {dagbag.py:541} INFO - Filling up the DagBag from /opt/airflow/dags/5_orchestration.py
[2026-09-13T01:32:22.252+0000] {processor.py:809} INFO - DAG(s) dict_keys(['5-orchestration']) retrieved from /opt/airflow/dags/5_orchestration.py
[2026-09-13T01:32:22.355+0000] {logging_mixin.py:149} INFO - [2026-09-13T01:32:22.355+0000] {dag.py:2726} INFO - Sync 1 DAGs
[2026-09-13T01:32:22.424+0000] {logging_mixin.py:149} INFO - [2026-09-13T01:32:22.424+0000] {dag.py:3490} INFO - Setting next_dagrun for 5-orchestration to 2023-05-01T00:00:00+00:00, run_after=2023-05-02T00:00:00+00:00
[2026-09-13T01:32:22.467+0000] {processor.py:178} INFO - Processing /opt/airflow/dags/5_orchestration.py took 0.265 seconds
[2026-09-13T01:32:53.009+0000] {processor.py:156} INFO - Started process (PID=161361) to work on /opt/airflow/dags/5_orchestration.py
[2026-09-13T01:32:53.015+0000] {processor.py:799} INFO - Processing file /opt/airflow/dags/5_orchestration.py for tasks to queue
[2026-09-13T01:32:53.016+0000] {logging_mixin.py:149} INFO - [2026-09-13T01:32:53.016+0000] {dagbag.py:541} INFO - Filling up the DagBag from /opt/airflow/dags/5_orchestration.py
[2026-09-13T01:32:53.063+0000] {processor.py:809} INFO - DAG(s) dict_keys(['5-orchestration']) retrieved from /opt/airflow/dags/5_orchestration.py
[2026-09-13T01:32:53.186+0000] {logging_mixin.py:149} INFO - [2026-09-13T01:32:53.186+0000] {dag.py:2726} INFO - Sync 1 DAGs
[2026-09-13T01:32:53.256+0000] {logging_mixin.py:149} INFO - [2026-09-13T01:32:53.255+0000] {dag.py:3490} INFO - Setting next_dagrun for 5-orchestration to 2023-05-01T00:00:00+00:00, run_after=2023-05-02T00:00:00+00:00
[2026-09-13T01:32:53.296+0000] {processor.py:178} INFO - Processing /opt/airflow/dags/5_orchestration.py took 0.297 seconds
[2026-09-13T01:33:24.148+0000] {processor.py:156} INFO - Started process (PID=161375) to work on /opt/airflow/dags/5_orchestration.py
[2026-09-13T01:33:24.151+0000] {processor.py:799} INFO - Processing file /opt/airflow/dags/5_orchestration.py for tasks to queue
[2026-09-13T01:33:24.153+0000] {logging_mixin.py:149} INFO - [2026-09-13T01:33:24.153+0000] {dagbag.py:541} INFO - Filling up the DagBag from /opt/airflow/dags/5_orchestration.py
[2026-09-13T01:33:24.188+0000] {processor.py:809} INFO - DAG(s) dict_keys(['5-orchestration']) retrieved from /opt/airflow/dags/5_orchestration.py
[2026-09-13T01:33:24.282+0000] {logging_mixin.py:149} INFO - [2026-09-13T01:33:24.281+0000] {dag.py:2726} INFO - Sync 1 DAGs
[2026-09-13T01:33:24.566+0000] {logging_mixin.py:149} INFO - [2026-09-13T01:33:24.565+0000] {dag.py:3490} INFO - Setting next_dagrun for 5-orchestration to 2023-05-01T00:00:00+00:00, run_after=2023-05-02T00:00:00+00:00
[2026-09-13T01:33:24.626+0000] {processor.py:178} INFO - Processing /opt/airflow/dags/5_orchestration.py took 0.488 seconds
[2026-09-13T01:33:55.070+0000] {processor.py:156} INFO - Started process (PID=161389) to work on /opt/airflow/dags/5_orchestration.py
[2026-09-13T01:33:55.074+0000] {processor.py:799} INFO - Processing file /opt/airflow/dags/5_orchestration.py for tasks to queue
[2026-09-13T01:33:55.079+0000] {logging_mixin.py:149} INFO - [2026-09-13T01:33:55.078+0000] {dagbag.py:541} INFO - Filling up the DagBag from /opt/airflow/dags/5_orchestration.py
[2026-09-13T01:33:55.102+0000] {processor.py:809} INFO - DAG(s) dict_keys(['5-orchestration']) retrieved from /opt/airflow/dags/5_orchestration.py
[2026-09-13T01:33:55.201+0000] {logging_mixin.py:149} INFO - [2026-09-13T01:33:55.201+0000] {dag.py:2726} INFO - Sync 1 DAGs
[2026-09-13T01:33:55.504+0000] {logging_mixin.py:149} INFO - [2026-09-13T01:33:55.504+0000] {dag.py:3490} INFO - Setting next_dagrun for 5-orchestration to 2023-05-01T00:00:00+00:00, run_after=2023-05-02T00:00:00+00:00
[2026-09-13T01:33:55.530+0000] {processor.py:178} INFO - Processing /opt/airflow/dags/5_orchestration.py took 0.473 seconds
[2026-09-13T01:34:25.784+0000] {processor.py:156} INFO - Started process (PID=161402) to work on /opt/airflow/dags/5_orchestration.py
[2026-09-13T01:34:25.791+0000] {processor.py:799} INFO - Processing file /opt/airflow/dags/5_orchestration.py for tasks to queue
[2026-09-13T01:34:25.793+0000] {logging_mixin.py:149} INFO - [2026-09-13T01:34:25.792+0000] {dagbag.py:541} INFO - Filling up the DagBag from /opt/airflow/dags/5_orchestration.py
[2026-09-13T01:34:25.830+0000] {processor.py:809} INFO - DAG(s) dict_keys(['5-orchestration']) retrieved from /opt/airflow/dags/5_orchestration.py
[2026-09-13T01:34:26.145+0000] {logging_mixin.py:149} INFO - [2026-09-13T01:34:26.145+0000] {dag.py:2726} INFO - Sync 1 DAGs
[2026-09-13T01:34:26.186+0000] {logging_mixin.py:149} INFO - [2026-09-13T01:34:26.185+0000] {dag.py:3490} INFO - Setting next_dagrun for 5-orchestration to 2023-05-01T00:00:00+00:00, run_after=2023-05-02T00:00:00+00:00
[2026-09-13T01:34:26.242+0000] {processor.py:178} INFO - Processing /opt/airflow/dags/5_orchestration.py took 0.467 seconds
[2026-09-13T01:34:56.481+0000] {processor.py:156} INFO - Started process (PID=161416) to work on /opt/airflow/dags/5_orchestration.py
[2026-09-13T01:34:56.484+0000] {processor.py:799} INFO - Processing file /opt/airflow/dags/5_orchestration.py for tasks to queue
[2026-09-13T01:34:56.486+0000] {logging_mixin.py:149} INFO - [2026-09-13T01:34:56.486+0000] {dagbag.py:541} INFO - Filling up the DagBag from /opt/airflow/dags/5_orchestration.py
[2026-09-13T01:34:56.521+0000] {processor.py:809} INFO - DAG(s) dict_keys(['5-orchestration']) retrieved from /opt/airflow/dags/5_orchestration.py
[2026-09-13T01:34:56.816+0000] {logging_mixin.py:149} INFO - [2026-09-13T01:34:56.815+0000] {dag.py:2726} INFO - Sync 1 DAGs
[2026-09-13T01:34:56.875+0000] {logging_mixin.py:149} INFO - [2026-09-13T01:34:56.875+0000] {dag.py:3490} INFO - Setting next_dagrun for 5-orchestration to 2023-05-01T00:00:00+00:00, run_after=2023-05-02T00:00:00+00:00
[2026-09-13T01:34:56.941+0000] {processor.py:178} INFO - Processing /opt/airflow/dags/5_orchestration.py took 0.471 seconds
[2026-09-13T01:35:27.456+0000] {processor.py:156} INFO - Started process (PID=161430) to work on /opt/airflow/dags/5_orchestration.py
[2026-09-13T01:35:27.460+0000] {processor.py:799} INFO - Processing file /opt/airflow/dags/5_orchestration.py for tasks to queue
[2026-09-13T01:35:27.463+0000] {logging_mixin.py:149} INFO - [2026-09-13T01:35:27.462+0000] {dagbag.py:541} INFO - Filling up the DagBag from /opt/airflow/dags/5_orchestration.py
[2026-09-13T01:35:27.504+0000] {processor.py:809} INFO - DAG(s) dict_keys(['5-orchestration']) retrieved from /opt/airflow/dags/5_orchestration.py
[2026-09-13T01:35:27.597+0000] {logging_mixin.py:149} INFO - [2026-09-13T01:35:27.597+0000] {dag.py:2726} INFO - Sync 1 DAGs
[2026-09-13T01:35:27.662+0000] {logging_mixin.py:149} INFO - [2026-09-13T01:35:27.661+0000] {dag.py:3490} INFO - Setting next_dagrun for 5-orchestration to 2023-05-01T00:00:00+00:00, run_after=2023-05-02T00:00:00+00:00
[2026-09-13T01:35:27.714+0000] {processor.py:178} INFO - Processing /opt/airflow/dags/5_orchestration.py took 0.274 seconds
[2026-09-13T01:35:57.951+0000] {processor.py:156} INFO - Started process (PID=161444) to work on /opt/airflow/dags/5_orchestration.py
[2026-09-13T01:35:57.955+0000] {processor.py:799} INFO - Processing file /opt/airflow/dags/5_orchestration.py for tasks to queue
[2026-09-13T01:35:57.957+0000] {logging_mixin.py:149} INFO - [2026-09-13T01:35:57.956+0000] {dagbag.py:541} INFO - Filling up the DagBag from /opt/airflow/dags/5_orchestration.py
[2026-09-13T01:35:57.993+0000] {processor.py:809} INFO - DAG(s) dict_keys(['5-orchestration']) retrieved from /opt/airflow/dags/5_orchestration.py
[2026-09-13T01:35:58.091+0000] {logging_mixin.py:149} INFO - [2026-09-13T01:35:58.090+0000] {dag.py:2726} INFO - Sync 1 DAGs
[2026-09-13T01:35:58.177+0000] {logging_mixin.py:149} INFO - [2026-09-13T01:35:58.176+0000] {dag.py:3490} INFO - Setting next_dagrun for 5-orchestration to 2023-05-01T00:00:00+00:00, run_after=2023-05-02T00:00:00+00:00
[2026-09-13T01:35:58.458+0000] {processor.py:178} INFO - Processing /opt/airflow/dags/5_orchestration.py took 0.520 seconds
[2026-09-13T01:36:29.231+0000] {processor.py:156} INFO - Started process (PID=161457) to work on /opt/airflow/dags/5_orchestration.py
[2026-09-13T01:36:29.235+0000] {processor.py:799} INFO - Processing file /opt/airflow/dags/5_orchestration.py for tasks to queue
[2026-09-13T01:36:29.238+0000] {logging_mixin.py:149} INFO - [2026-09-13T01:36:29.237+0000] {dagbag.py:541} INFO - Filling up the DagBag from /opt/airflow/dags/5_orchestration.py
[2026-09-13T01:36:29.274+0000] {processor.py:809} INFO - DAG(s) dict_keys(['5-orchestration']) retrieved from /opt/airflow/dags/5_orchestration.py
[2026-09-13T01:36:29.361+0000] {logging_mixin.py:149} INFO - [2026-09-13T01:36:29.360+0000] {dag.py:2726} INFO - Sync 1 DAGs
[2026-09-13T01:36:29.643+0000] {logging_mixin.py:149} INFO - [2026-09-13T01:36:29.643+0000] {dag.py:3490} INFO - Setting next_dagrun for 5-orchestration to 2023-05-01T00:00:00+00:00, run_after=2023-05-02T00:00:00+00:00
[2026-09-13T01:36:29.686+0000] {processor.py:178} INFO - Processing /opt/airflow/dags/5_orchestration.py took 0.466 seconds
[2026-09-13T01:36:59.937+0000] {processor.py:156} INFO - Started process (PID=161471) to work on /opt/airflow/dags/5_orchestration.py
[2026-09-13T01:36:59.941+0000] {processor.py:799} INFO - Processing file /opt/airflow/dags/5_orchestration.py for tasks to queue
[2026-09-13T01:36:59.943+0000] {logging_mixin.py:149} INFO - [2026-09-13T01:36:59.942+0000] {dagbag.py:541} INFO - Filling up the DagBag from /opt/airflow/dags/5_orchestration.py
[2026-09-13T01:36:59.979+0000] {processor.py:809} INFO - DAG(s) dict_keys(['5-orchestration']) retrieved from /opt/airflow/dags/5_orchestration.py
[2026-09-13T01:37:00.066+0000] {logging_mixin.py:149} INFO - [2026-09-13T01:37:00.066+0000] {dag.py:2726} INFO - Sync 1 DAGs
[2026-09-13T01:37:00.324+0000] {logging_mixin.py:149} INFO - [2026-09-13T01:37:00.324+0000] {dag.py:3490} INFO - Setting next_dagrun for 5-orchestration to 2023-05-01T00:00:00+00:00, run_after=2023-05-02T00:00:00+00:00
[2026-09-13T01:37:00.346+0000] {processor.py:178} INFO - Processing /opt/airflow/dags/5_orchestration.py took 0.420 seconds
[2026-09-13T01:37:30.767+0000] {processor.py:156} INFO - Started process (PID=161486) to work on /opt/airflow/dags/5_orchestration.py
[2026-09-13T01:37:30.773+0000] {processor.py:799} INFO - Processing file /opt/airflow/dags/5_orchestration.py for tasks to queue
[2026-09-13T01:37:30.775+0000] {logging_mixin.py:149} INFO - [2026-09-13T01:37:30.775+0000] {dagbag.py:541} INFO - Filling up the DagBag from /opt/airflow/dags/5_orchestration.py
[2026-09-13T01:37:30.810+0000] {processor.py:809} INFO - DAG(s) dict_keys(['5-orchestration']) retrieved from /opt/airflow/dags/5_orchestration.py
[2026-09-13T01:37:31.122+0000] {logging_mixin.py:149} INFO - [2026-09-13T01:37:31.121+0000] {dag.py:2726} INFO - Sync 1 DAGs
[2026-09-13T01:37:31.164+0000] {logging_mixin.py:149} INFO - [2026-09-13T01:37:31.163+0000] {dag.py:3490} INFO - Setting next_dagrun for 5-orchestration to 2023-05-01T00:00:00+00:00, run_after=2023-05-02T00:00:00+00:00
[2026-09-13T01:37:31.212+0000] {processor.py:178} INFO - Processing /opt/airflow/dags/5_orchestration.py took 0.455 seconds
[2026-09-13T01:38:01.456+0000] {processor.py:156} INFO - Started process (PID=161500) to work on /opt/airflow/dags/5_orchestration.py
[2026-09-13T01:38:01.458+0000] {processor.py:799} INFO - Processing file /opt/airflow/dags/5_orchestration.py for tasks to queue
[2026-09-13T01:38:01.459+0000] {logging_mixin.py:149} INFO - [2026-09-13T01:38:01.459+0000] {dagbag.py:541} INFO - Filling up the DagBag from /opt/airflow/dags/5_orchestration.py
[2026-09-13T01:38:01.477+0000] {processor.py:809} INFO - DAG(s) dict_keys(['5-orchestration']) retrieved from /opt/airflow/dags/5_orchestration.py
[2026-09-13T01:38:01.564+0000] {logging_mixin.py:149} INFO - [2026-09-13T01:38:01.563+0000] {dag.py:2726} INFO - Sync 1 DAGs
[2026-09-13T01:38:01.624+0000] {logging_mixin.py:149} INFO - [2026-09-13T01:38:01.623+0000] {dag.py:3490} INFO - Setting next_dagrun for 5-orchestration to 2023-05-01T00:00:00+00:00, run_after=2023-05-02T00:00:00+00:00
[2026-09-13T01:38:01.681+0000] {processor.py:178} INFO - Processing /opt/airflow/dags/5_orchestration.py took 0.232 seconds
[2026-09-13T01:38:31.830+0000] {processor.py:156} INFO - Started process (PID=161514) to work on /opt/airflow/dags/5_orchestration.py
[2026-09-13T01:38:31.834+0000] {processor.py:799} INFO - Processing file /opt/airflow/dags/5_orchestration.py for tasks to queue
[2026-09-13T01:38:31.836+0000] {logging_mixin.py:149} INFO - [2026-09-13T01:38:31.836+0000] {dagbag.py:541} INFO - Filling up the DagBag from /opt/airflow/dags/5_orchestration.py
[2026-09-13T01:38:31.874+0000] {processor.py:809} INFO - DAG(s) dict_keys(['5-orchestration']) retrieved from /opt/airflow/dags/5_orchestration.py
[2026-09-13T01:38:31.968+0000] {logging_mixin.py:149} INFO - [2026-09-13T01:38:31.967+0000] {dag.py:2726} INFO - Sync 1 DAGs
[2026-09-13T01:38:32.058+0000] {logging_mixin.py:149} INFO - [2026-09-13T01:38:32.057+0000] {dag.py:3490} INFO - Setting next_dagrun for 5-orchestration to 2023-05-01T00:00:00+00:00, run_after=2023-05-02T00:00:00+00:00
[2026-09-13T01:38:32.365+0000] {processor.py:178} INFO - Processing /opt/airflow/dags/5_orchestration.py took 0.546 seconds
[2026-09-13T01:39:02.603+0000] {processor.py:156} INFO - Started process (PID=161528) to work on /opt/airflow/dags/5_orchestration.py
[2026-09-13T01:39:02.606+0000] {processor.py:799} INFO - Processing file /opt/airflow/dags/5_orchestration.py for tasks to queue
[2026-09-13T01:39:02.610+0000] {logging_mixin.py:149} INFO - [2026-09-13T01:39:02.609+0000] {dagbag.py:541} INFO - Filling up the DagBag from /opt/airflow/dags/5_orchestration.py
[2026-09-13T01:39:02.654+0000] {processor.py:809} INFO - DAG(s) dict_keys(['5-orchestration']) retrieved from /opt/airflow/dags/5_orchestration.py
[2026-09-13T01:39:02.738+0000] {logging_mixin.py:149} INFO - [2026-09-13T01:39:02.738+0000] {dag.py:2726} INFO - Sync 1 DAGs
[2026-09-13T01:39:03.025+0000] {logging_mixin.py:149} INFO - [2026-09-13T01:39:03.024+0000] {dag.py:3490} INFO - Setting next_dagrun for 5-orchestration to 2023-05-01T00:00:00+00:00, run_after=2023-05-02T00:00:00+00:00
[2026-09-13T01:39:03.059+0000] {processor.py:178} INFO - Processing /opt/airflow/dags/5_orchestration.py took 0.472 seconds
[2026-09-13T01:39:33.598+0000] {processor.py:156} INFO - Started process (PID=161542) to work on /opt/airflow/dags/5_orchestration.py
[2026-09-13T01:39:33.602+0000] {processor.py:799} INFO - Processing file /opt/airflow/dags/5_orchestration.py for tasks to queue
[2026-09-13T01:39:33.604+0000] {logging_mixin.py:149} INFO - [2026-09-13T01:39:33.603+0000] {dagbag.py:541} INFO - Filling up the DagBag from /opt/airflow/dags/5_orchestration.py
[2026-09-13T01:39:33.652+0000] {processor.py:809} INFO - DAG(s) dict_keys(['5-orchestration']) retrieved from /opt/airflow/dags/5_orchestration.py
[2026-09-13T01:39:33.747+0000] {logging_mixin.py:149} INFO - [2026-09-13T01:39:33.747+0000] {dag.py:2726} INFO - Sync 1 DAGs
[2026-09-13T01:39:34.045+0000] {logging_mixin.py:149} INFO - [2026-09-13T01:39:34.045+0000] {dag.py:3490} INFO - Setting next_dagrun for 5-orchestration to 2023-05-01T00:00:00+00:00, run_after=2023-05-02T00:00:00+00:00
[2026-09-13T01:39:34.110+0000] {processor.py:178} INFO - Processing /opt/airflow/dags/5_orchestration.py took 0.526 seconds
[2026-09-13T01:40:04.346+0000] {processor.py:156} INFO - Started process (PID=161556) to work on /opt/airflow/dags/5_orchestration.py
[2026-09-13T01:40:04.349+0000] {processor.py:799} INFO - Processing file /opt/airflow/dags/5_orchestration.py for tasks to queue
[2026-09-13T01:40:04.351+0000] {logging_mixin.py:149} INFO - [2026-09-13T01:40:04.351+0000] {dagbag.py:541} INFO - Filling up the DagBag from /opt/airflow/dags/5_orchestration.py
[2026-09-13T01:40:04.393+0000] {processor.py:809} INFO - DAG(s) dict_keys(['5-orchestration']) retrieved from /opt/airflow/dags/5_orchestration.py
[2026-09-13T01:40:04.705+0000] {logging_mixin.py:149} INFO - [2026-09-13T01:40:04.705+0000] {dag.py:2726} INFO - Sync 1 DAGs
[2026-09-13T01:40:04.736+0000] {logging_mixin.py:149} INFO - [2026-09-13T01:40:04.736+0000] {dag.py:3490} INFO - Setting next_dagrun for 5-orchestration to 2023-05-01T00:00:00+00:00, run_after=2023-05-02T00:00:00+00:00
[2026-09-13T01:40:04.758+0000] {processor.py:178} INFO - Processing /opt/airflow/dags/5_orchestration.py took 0.426 seconds
[2026-09-13T01:40:35.185+0000] {processor.py:156} INFO - Started process (PID=161570) to work on /opt/airflow/dags/5_orchestration.py
[2026-09-13T01:40:35.189+0000] {processor.py:799} INFO - Processing file /opt/airflow/dags/5_orchestration.py for tasks to queue
[2026-09-13T01:40:35.191+0000] {logging_mixin.py:149} INFO - [2026-09-13T01:40:35.191+0000] {dagbag.py:541} INFO - Filling up the DagBag from /opt/airflow/dags/5_orchestration.py
[2026-09-13T01:40:35.227+0000] {processor.py:809} INFO - DAG(s) dict_keys(['5-orchestration']) retrieved from /opt/airflow/dags/5_orchestration.py
[2026-09-13T01:40:35.509+0000] {logging_mixin.py:149} INFO - [2026-09-13T01:40:35.508+0000] {dag.py:2726} INFO - Sync 1 DAGs
[2026-09-13T01:40:35.567+0000] {logging_mixin.py:149} INFO - [2026-09-13T01:40:35.567+0000] {dag.py:3490} INFO - Setting next_dagrun for 5-orchestration to 2023-05-01T00:00:00+00:00, run_after=2023-05-02T00:00:00+00:00
[2026-09-13T01:40:35.622+0000] {processor.py:178} INFO - Processing /opt/airflow/dags/5_orchestration.py took 0.448 seconds
[2026-09-13T01:41:05.989+0000] {processor.py:156} INFO - Started process (PID=161584) to work on /opt/airflow/dags/5_orchestration.py
[2026-09-13T01:41:05.993+0000] {processor.py:799} INFO - Processing file /opt/airflow/dags/5_orchestration.py for tasks to queue
[2026-09-13T01:41:05.995+0000] {logging_mixin.py:149} INFO - [2026-09-13T01:41:05.995+0000] {dagbag.py:541} INFO - Filling up the DagBag from /opt/airflow/dags/5_orchestration.py
[2026-09-13T01:41:06.031+0000] {processor.py:809} INFO - DAG(s) dict_keys(['5-orchestration']) retrieved from /opt/airflow/dags/5_orchestration.py
[2026-09-13T01:41:06.131+0000] {logging_mixin.py:149} INFO - [2026-09-13T01:41:06.130+0000] {dag.py:2726} INFO - Sync 1 DAGs
[2026-09-13T01:41:06.205+0000] {logging_mixin.py:149} INFO - [2026-09-13T01:41:06.205+0000] {dag.py:3490} INFO - Setting next_dagrun for 5-orchestration to 2023-05-01T00:00:00+00:00, run_after=2023-05-02T00:00:00+00:00
[2026-09-13T01:41:06.281+0000] {processor.py:178} INFO - Processing /opt/airflow/dags/5_orchestration.py took 0.304 seconds
[2026-09-13T01:41:36.707+0000] {processor.py:156} INFO - Started process (PID=161599) to work on /opt/airflow/dags/5_orchestration.py
[2026-09-13T01:41:36.716+0000] {processor.py:799} INFO - Processing file /opt/airflow/dags/5_orchestration.py for tasks to queue
[2026-09-13T01:41:36.718+0000] {logging_mixin.py:149} INFO - [2026-09-13T01:41:36.718+0000] {dagbag.py:541} INFO - Filling up the DagBag from /opt/airflow/dags/5_orchestration.py
[2026-09-13T01:41:36.751+0000] {processor.py:809} INFO - DAG(s) dict_keys(['5-orchestration']) retrieved from /opt/airflow/dags/5_orchestration.py
[2026-09-13T01:41:36.839+0000] {logging_mixin.py:149} INFO - [2026-09-13T01:41:36.838+0000] {dag.py:2726} INFO - Sync 1 DAGs
[2026-09-13T01:41:36.921+0000] {logging_mixin.py:149} INFO - [2026-09-13T01:41:36.920+0000] {dag.py:3490} INFO - Setting next_dagrun for 5-orchestration to 2023-05-01T00:00:00+00:00, run_after=2023-05-02T00:00:00+00:00
[2026-09-13T01:41:37.176+0000] {processor.py:178} INFO - Processing /opt/airflow/dags/5_orchestration.py took 0.480 seconds
[2026-09-13T01:42:07.551+0000] {processor.py:156} INFO - Started process (PID=161613) to work on /opt/airflow/dags/5_orchestration.py
[2026-09-13T01:42:07.557+0000] {processor.py:799} INFO - Processing file /opt/airflow/dags/5_orchestration.py for tasks to queue
[2026-09-13T01:42:07.559+0000] {logging_mixin.py:149} INFO - [2026-09-13T01:42:07.559+0000] {dagbag.py:541} INFO - Filling up the DagBag from /opt/airflow/dags/5_orchestration.py
[2026-09-13T01:42:07.604+0000] {processor.py:809} INFO - DAG(s) dict_keys(['5-orchestration']) retrieved from /opt/airflow/dags/5_orchestration.py
[2026-09-13T01:42:07.689+0000] {logging_mixin.py:149} INFO - [2026-09-13T01:42:07.689+0000] {dag.py:2726} INFO - Sync 1 DAGs
[2026-09-13T01:42:08.040+0000] {logging_mixin.py:149} INFO - [2026-09-13T01:42:08.040+0000] {dag.py:3490} INFO - Setting next_dagrun for 5-orchestration to 2023-05-01T00:00:00+00:00, run_after=2023-05-02T00:00:00+00:00
[2026-09-13T01:42:08.093+0000] {processor.py:178} INFO - Processing /opt/airflow/dags/5_orchestration.py took 0.552 seconds
[2026-09-13T01:42:38.475+0000] {processor.py:156} INFO - Started process (PID=161627) to work on /opt/airflow/dags/5_orchestration.py
[2026-09-13T01:42:38.480+0000] {processor.py:799} INFO - Processing file /opt/airflow/dags/5_orchestration.py for tasks to queue
[2026-09-13T01:42:38.482+0000] {logging_mixin.py:149} INFO - [2026-09-13T01:42:38.482+0000] {dagbag.py:541} INFO - Filling up the DagBag from /opt/airflow/dags/5_orchestration.py
[2026-09-13T01:42:38.524+0000] {processor.py:809} INFO - DAG(s) dict_keys(['5-orchestration']) retrieved from /opt/airflow/dags/5_orchestration.py
[2026-09-13T01:42:38.622+0000] {logging_mixin.py:149} INFO - [2026-09-13T01:42:38.622+0000] {dag.py:2726} INFO - Sync 1 DAGs
[2026-09-13T01:42:38.960+0000] {logging_mixin.py:149} INFO - [2026-09-13T01:42:38.959+0000] {dag.py:3490} INFO - Setting next_dagrun for 5-orchestration to 2023-05-01T00:00:00+00:00, run_after=2023-05-02T00:00:00+00:00
[2026-09-13T01:42:39.013+0000] {processor.py:178} INFO - Processing /opt/airflow/dags/5_orchestration.py took 0.551 seconds
[2026-09-13T01:43:09.152+0000] {processor.py:156} INFO - Started process (PID=161641) to work on /opt/airflow/dags/5_orchestration.py
[2026-09-13T01:43:09.156+0000] {processor.py:799} INFO - Processing file /opt/airflow/dags/5_orchestration.py for tasks to queue
[2026-09-13T01:43:09.158+0000] {logging_mixin.py:149} INFO - [2026-09-13T01:43:09.157+0000] {dagbag.py:541} INFO - Filling up the DagBag from /opt/airflow/dags/5_orchestration.py
[2026-09-13T01:43:09.190+0000] {processor.py:809} INFO - DAG(s) dict_keys(['5-orchestration']) retrieved from /opt/airflow/dags/5_orchestration.py
[2026-09-13T01:43:09.538+0000] {logging_mixin.py:149} INFO - [2026-09-13T01:43:09.538+0000] {dag.py:2726} INFO - Sync 1 DAGs
[2026-09-13T01:43:09.602+0000] {logging_mixin.py:149} INFO - [2026-09-13T01:43:09.602+0000] {dag.py:3490} INFO - Setting next_dagrun for 5-orchestration to 2023-05-01T00:00:00+00:00, run_after=2023-05-02T00:00:00+00:00
[2026-09-13T01:43:09.660+0000] {processor.py:178} INFO - Processing /opt/airflow/dags/5_orchestration.py took 0.517 seconds
[2026-09-13T01:43:39.792+0000] {processor.py:156} INFO - Started process (PID=161655) to work on /opt/airflow/dags/5_orchestration.py
[2026-09-13T01:43:39.796+0000] {processor.py:799} INFO - Processing file /opt/airflow/dags/5_orchestration.py for tasks to queue
[2026-09-13T01:43:39.798+0000] {logging_mixin.py:149} INFO - [2026-09-13T01:43:39.797+0000] {dagbag.py:541} INFO - Filling up the DagBag from /opt/airflow/dags/5_orchestration.py
[2026-09-13T01:43:39.831+0000] {processor.py:809} INFO - DAG(s) dict_keys(['5-orchestration']) retrieved from /opt/airflow/dags/5_orchestration.py
[2026-09-13T01:43:39.928+0000] {logging_mixin.py:149} INFO - [2026-09-13T01:43:39.927+0000] {dag.py:2726} INFO - Sync 1 DAGs
[2026-09-13T01:43:40.002+0000] {logging_mixin.py:149} INFO - [2026-09-13T01:43:40.002+0000] {dag.py:3490} INFO - Setting next_dagrun for 5-orchestration to 2023-05-01T00:00:00+00:00, run_after=2023-05-02T00:00:00+00:00
[2026-09-13T01:43:40.066+0000] {processor.py:178} INFO - Processing /opt/airflow/dags/5_orchestration.py took 0.286 seconds
[2026-09-13T01:44:10.580+0000] {processor.py:156} INFO - Started process (PID=161669) to work on /opt/airflow/dags/5_orchestration.py
[2026-09-13T01:44:10.584+0000] {processor.py:799} INFO - Processing file /opt/airflow/dags/5_orchestration.py for tasks to queue
[2026-09-13T01:44:10.586+0000] {logging_mixin.py:149} INFO - [2026-09-13T01:44:10.586+0000] {dagbag.py:541} INFO - Filling up the DagBag from /opt/airflow/dags/5_orchestration.py
[2026-09-13T01:44:10.624+0000] {processor.py:809} INFO - DAG(s) dict_keys(['5-orchestration']) retrieved from /opt/airflow/dags/5_orchestration.py
[2026-09-13T01:44:10.710+0000] {logging_mixin.py:149} INFO - [2026-09-13T01:44:10.709+0000] {dag.py:2726} INFO - Sync 1 DAGs
[2026-09-13T01:44:10.785+0000] {logging_mixin.py:149} INFO - [2026-09-13T01:44:10.783+0000] {dag.py:3490} INFO - Setting next_dagrun for 5-orchestration to 2023-05-01T00:00:00+00:00, run_after=2023-05-02T00:00:00+00:00
[2026-09-13T01:44:11.068+0000] {processor.py:178} INFO - Processing /opt/airflow/dags/5_orchestration.py took 0.500 seconds
[2026-09-13T01:44:41.384+0000] {processor.py:156} INFO - Started process (PID=161683) to work on /opt/airflow/dags/5_orchestration.py
[2026-09-13T01:44:41.388+0000] {processor.py:799} INFO - Processing file /opt/airflow/dags/5_orchestration.py for tasks to queue
[2026-09-13T01:44:41.390+0000] {logging_mixin.py:149} INFO - [2026-09-13T01:44:41.390+0000] {dagbag.py:541} INFO - Filling up the DagBag from /opt/airflow/dags/5_orchestration.py
[2026-09-13T01:44:41.428+0000] {processor.py:809} INFO - DAG(s) dict_keys(['5-orchestration']) retrieved from /opt/airflow/dags/5_orchestration.py
[2026-09-13T01:44:41.514+0000] {logging_mixin.py:149} INFO - [2026-09-13T01:44:41.514+0000] {dag.py:2726} INFO - Sync 1 DAGs
[2026-09-13T01:44:41.872+0000] {logging_mixin.py:149} INFO - [2026-09-13T01:44:41.872+0000] {dag.py:3490} INFO - Setting next_dagrun for 5-orchestration to 2023-05-01T00:00:00+00:00, run_after=2023-05-02T00:00:00+00:00
[2026-09-13T01:44:41.904+0000] {processor.py:178} INFO - Processing /opt/airflow/dags/5_orchestration.py took 0.532 seconds
[2026-09-13T01:45:12.229+0000] {processor.py:156} INFO - Started process (PID=161697) to work on /opt/airflow/dags/5_orchestration.py
[2026-09-13T01:45:12.232+0000] {processor.py:799} INFO - Processing file /opt/airflow/dags/5_orchestration.py for tasks to queue
[2026-09-13T01:45:12.233+0000] {logging_mixin.py:149} INFO - [2026-09-13T01:45:12.233+0000] {dagbag.py:541} INFO - Filling up the DagBag from /opt/airflow/dags/5_orchestration.py
[2026-09-13T01:45:12.265+0000] {processor.py:809} INFO - DAG(s) dict_keys(['5-orchestration']) retrieved from /opt/airflow/dags/5_orchestration.py
[2026-09-13T01:45:12.344+0000] {logging_mixin.py:149} INFO - [2026-09-13T01:45:12.343+0000] {dag.py:2726} INFO - Sync 1 DAGs
[2026-09-13T01:45:12.607+0000] {logging_mixin.py:149} INFO - [2026-09-13T01:45:12.606+0000] {dag.py:3490} INFO - Setting next_dagrun for 5-orchestration to 2023-05-01T00:00:00+00:00, run_after=2023-05-02T00:00:00+00:00
[2026-09-13T01:45:12.643+0000] {processor.py:178} INFO - Processing /opt/airflow/dags/5_orchestration.py took 0.424 seconds
[2026-09-13T01:45:42.835+0000] {processor.py:156} INFO - Started process (PID=161711) to work on /opt/airflow/dags/5_orchestration.py
[2026-09-13T01:45:42.839+0000] {processor.py:799} INFO - Processing file /opt/airflow/dags/5_orchestration.py for tasks to queue
[2026-09-13T01:45:42.841+0000] {logging_mixin.py:149} INFO - [2026-09-13T01:45:42.840+0000] {dagbag.py:541} INFO - Filling up the DagBag from /opt/airflow/dags/5_orchestration.py
[2026-09-13T01:45:42.875+0000] {processor.py:809} INFO - DAG(s) dict_keys(['5-orchestration']) retrieved from /opt/airflow/dags/5_orchestration.py
[2026-09-13T01:45:43.183+0000] {logging_mixin.py:149} INFO - [2026-09-13T01:45:43.183+0000] {dag.py:2726} INFO - Sync 1 DAGs
[2026-09-13T01:45:43.216+0000] {logging_mixin.py:149} INFO - [2026-09-13T01:45:43.215+0000] {dag.py:3490} INFO - Setting next_dagrun for 5-orchestration to 2023-05-01T00:00:00+00:00, run_after=2023-05-02T00:00:00+00:00
[2026-09-13T01:45:43.240+0000] {processor.py:178} INFO - Processing /opt/airflow/dags/5_orchestration.py took 0.417 seconds
[2026-09-13T01:46:13.681+0000] {processor.py:156} INFO - Started process (PID=161725) to work on /opt/airflow/dags/5_orchestration.py
[2026-09-13T01:46:13.685+0000] {processor.py:799} INFO - Processing file /opt/airflow/dags/5_orchestration.py for tasks to queue
[2026-09-13T01:46:13.687+0000] {logging_mixin.py:149} INFO - [2026-09-13T01:46:13.687+0000] {dagbag.py:541} INFO - Filling up the DagBag from /opt/airflow/dags/5_orchestration.py
[2026-09-13T01:46:13.982+0000] {processor.py:809} INFO - DAG(s) dict_keys(['5-orchestration']) retrieved from /opt/airflow/dags/5_orchestration.py
[2026-09-13T01:46:14.058+0000] {logging_mixin.py:149} INFO - [2026-09-13T01:46:14.058+0000] {dag.py:2726} INFO - Sync 1 DAGs
[2026-09-13T01:46:14.131+0000] {logging_mixin.py:149} INFO - [2026-09-13T01:46:14.130+0000] {dag.py:3490} INFO - Setting next_dagrun for 5-orchestration to 2023-05-01T00:00:00+00:00, run_after=2023-05-02T00:00:00+00:00
[2026-09-13T01:46:14.205+0000] {processor.py:178} INFO - Processing /opt/airflow/dags/5_orchestration.py took 0.537 seconds
[2026-09-13T01:46:44.340+0000] {processor.py:156} INFO - Started process (PID=161739) to work on /opt/airflow/dags/5_orchestration.py
[2026-09-13T01:46:44.344+0000] {processor.py:799} INFO - Processing file /opt/airflow/dags/5_orchestration.py for tasks to queue
[2026-09-13T01:46:44.345+0000] {logging_mixin.py:149} INFO - [2026-09-13T01:46:44.345+0000] {dagbag.py:541} INFO - Filling up the DagBag from /opt/airflow/dags/5_orchestration.py
[2026-09-13T01:46:44.375+0000] {processor.py:809} INFO - DAG(s) dict_keys(['5-orchestration']) retrieved from /opt/airflow/dags/5_orchestration.py
[2026-09-13T01:46:44.468+0000] {logging_mixin.py:149} INFO - [2026-09-13T01:46:44.468+0000] {dag.py:2726} INFO - Sync 1 DAGs
[2026-09-13T01:46:44.544+0000] {logging_mixin.py:149} INFO - [2026-09-13T01:46:44.543+0000] {dag.py:3490} INFO - Setting next_dagrun for 5-orchestration to 2023-05-01T00:00:00+00:00, run_after=2023-05-02T00:00:00+00:00
[2026-09-13T01:46:44.628+0000] {processor.py:178} INFO - Processing /opt/airflow/dags/5_orchestration.py took 0.298 seconds
[2026-09-13T01:47:14.780+0000] {processor.py:156} INFO - Started process (PID=161753) to work on /opt/airflow/dags/5_orchestration.py
[2026-09-13T01:47:14.784+0000] {processor.py:799} INFO - Processing file /opt/airflow/dags/5_orchestration.py for tasks to queue
[2026-09-13T01:47:14.787+0000] {logging_mixin.py:149} INFO - [2026-09-13T01:47:14.786+0000] {dagbag.py:541} INFO - Filling up the DagBag from /opt/airflow/dags/5_orchestration.py
[2026-09-13T01:47:14.821+0000] {processor.py:809} INFO - DAG(s) dict_keys(['5-orchestration']) retrieved from /opt/airflow/dags/5_orchestration.py
[2026-09-13T01:47:14.923+0000] {logging_mixin.py:149} INFO - [2026-09-13T01:47:14.922+0000] {dag.py:2726} INFO - Sync 1 DAGs
[2026-09-13T01:47:15.011+0000] {logging_mixin.py:149} INFO - [2026-09-13T01:47:15.010+0000] {dag.py:3490} INFO - Setting next_dagrun for 5-orchestration to 2023-05-01T00:00:00+00:00, run_after=2023-05-02T00:00:00+00:00
[2026-09-13T01:47:15.067+0000] {processor.py:178} INFO - Processing /opt/airflow/dags/5_orchestration.py took 0.298 seconds
[2026-09-13T01:47:45.237+0000] {processor.py:156} INFO - Started process (PID=161767) to work on /opt/airflow/dags/5_orchestration.py
[2026-09-13T01:47:45.241+0000] {processor.py:799} INFO - Processing file /opt/airflow/dags/5_orchestration.py for tasks to queue
[2026-09-13T01:47:45.244+0000] {logging_mixin.py:149} INFO - [2026-09-13T01:47:45.243+0000] {dagbag.py:541} INFO - Filling up the DagBag from /opt/airflow/dags/5_orchestration.py
[2026-09-13T01:47:45.277+0000] {processor.py:809} INFO - DAG(s) dict_keys(['5-orchestration']) retrieved from /opt/airflow/dags/5_orchestration.py
[2026-09-13T01:47:45.368+0000] {logging_mixin.py:149} INFO - [2026-09-13T01:47:45.368+0000] {dag.py:2726} INFO - Sync 1 DAGs
[2026-09-13T01:47:45.436+0000] {logging_mixin.py:149} INFO - [2026-09-13T01:47:45.435+0000] {dag.py:3490} INFO - Setting next_dagrun for 5-orchestration to 2023-05-01T00:00:00+00:00, run_after=2023-05-02T00:00:00+00:00
[2026-09-13T01:47:45.517+0000] {processor.py:178} INFO - Processing /opt/airflow/dags/5_orchestration.py took 0.292 seconds
[2026-09-13T01:48:15.635+0000] {processor.py:156} INFO - Started process (PID=161781) to work on /opt/airflow/dags/5_orchestration.py
[2026-09-13T01:48:15.639+0000] {processor.py:799} INFO - Processing file /opt/airflow/dags/5_orchestration.py for tasks to queue
[2026-09-13T01:48:15.641+0000] {logging_mixin.py:149} INFO - [2026-09-13T01:48:15.640+0000] {dagbag.py:541} INFO - Filling up the DagBag from /opt/airflow/dags/5_orchestration.py
[2026-09-13T01:48:15.678+0000] {processor.py:809} INFO - DAG(s) dict_keys(['5-orchestration']) retrieved from /opt/airflow/dags/5_orchestration.py
[2026-09-13T01:48:15.764+0000] {logging_mixin.py:149} INFO - [2026-09-13T01:48:15.763+0000] {dag.py:2726} INFO - Sync 1 DAGs
[2026-09-13T01:48:15.830+0000] {logging_mixin.py:149} INFO - [2026-09-13T01:48:15.830+0000] {dag.py:3490} INFO - Setting next_dagrun for 5-orchestration to 2023-05-01T00:00:00+00:00, run_after=2023-05-02T00:00:00+00:00
[2026-09-13T01:48:15.893+0000] {processor.py:178} INFO - Processing /opt/airflow/dags/5_orchestration.py took 0.269 seconds
[2026-09-13T01:48:46.189+0000] {processor.py:156} INFO - Started process (PID=161795) to work on /opt/airflow/dags/5_orchestration.py
[2026-09-13T01:48:46.193+0000] {processor.py:799} INFO - Processing file /opt/airflow/dags/5_orchestration.py for tasks to queue
[2026-09-13T01:48:46.194+0000] {logging_mixin.py:149} INFO - [2026-09-13T01:48:46.194+0000] {dagbag.py:541} INFO - Filling up the DagBag from /opt/airflow/dags/5_orchestration.py
[2026-09-13T01:48:46.226+0000] {processor.py:809} INFO - DAG(s) dict_keys(['5-orchestration']) retrieved from /opt/airflow/dags/5_orchestration.py
[2026-09-13T01:48:46.320+0000] {logging_mixin.py:149} INFO - [2026-09-13T01:48:46.320+0000] {dag.py:2726} INFO - Sync 1 DAGs
[2026-09-13T01:48:46.399+0000] {logging_mixin.py:149} INFO - [2026-09-13T01:48:46.399+0000] {dag.py:3490} INFO - Setting next_dagrun for 5-orchestration to 2023-05-01T00:00:00+00:00, run_after=2023-05-02T00:00:00+00:00
[2026-09-13T01:48:46.460+0000] {processor.py:178} INFO - Processing /opt/airflow/dags/5_orchestration.py took 0.281 seconds
[2026-09-13T01:49:16.677+0000] {processor.py:156} INFO - Started process (PID=161809) to work on /opt/airflow/dags/5_orchestration.py
[2026-09-13T01:49:16.681+0000] {processor.py:799} INFO - Processing file /opt/airflow/dags/5_orchestration.py for tasks to queue
[2026-09-13T01:49:16.684+0000] {logging_mixin.py:149} INFO - [2026-09-13T01:49:16.683+0000] {dagbag.py:541} INFO - Filling up the DagBag from /opt/airflow/dags/5_orchestration.py
[2026-09-13T01:49:16.723+0000] {processor.py:809} INFO - DAG(s) dict_keys(['5-orchestration']) retrieved from /opt/airflow/dags/5_orchestration.py
[2026-09-13T01:49:16.816+0000] {logging_mixin.py:149} INFO - [2026-09-13T01:49:16.816+0000] {dag.py:2726} INFO - Sync 1 DAGs
[2026-09-13T01:49:16.892+0000] {logging_mixin.py:149} INFO - [2026-09-13T01:49:16.892+0000] {dag.py:3490} INFO - Setting next_dagrun for 5-orchestration to 2023-05-01T00:00:00+00:00, run_after=2023-05-02T00:00:00+00:00
[2026-09-13T01:49:16.959+0000] {processor.py:178} INFO - Processing /opt/airflow/dags/5_orchestration.py took 0.293 seconds
[2026-09-13T01:49:47.184+0000] {processor.py:156} INFO - Started process (PID=161823) to work on /opt/airflow/dags/5_orchestration.py
[2026-09-13T01:49:47.188+0000] {processor.py:799} INFO - Processing file /opt/airflow/dags/5_orchestration.py for tasks to queue
[2026-09-13T01:49:47.190+0000] {logging_mixin.py:149} INFO - [2026-09-13T01:49:47.190+0000] {dagbag.py:541} INFO - Filling up the DagBag from /opt/airflow/dags/5_orchestration.py
[2026-09-13T01:49:47.224+0000] {processor.py:809} INFO - DAG(s) dict_keys(['5-orchestration']) retrieved from /opt/airflow/dags/5_orchestration.py
[2026-09-13T01:49:47.310+0000] {logging_mixin.py:149} INFO - [2026-09-13T01:49:47.309+0000] {dag.py:2726} INFO - Sync 1 DAGs
[2026-09-13T01:49:47.370+0000] {logging_mixin.py:149} INFO - [2026-09-13T01:49:47.370+0000] {dag.py:3490} INFO - Setting next_dagrun for 5-orchestration to 2023-05-01T00:00:00+00:00, run_after=2023-05-02T00:00:00+00:00
[2026-09-13T01:49:47.444+0000] {processor.py:178} INFO - Processing /opt/airflow/dags/5_orchestration.py took 0.270 seconds
[2026-09-13T01:50:17.659+0000] {processor.py:156} INFO - Started process (PID=161837) to work on /opt/airflow/dags/5_orchestration.py
[2026-09-13T01:50:17.663+0000] {processor.py:799} INFO - Processing file /opt/airflow/dags/5_orchestration.py for tasks to queue
[2026-09-13T01:50:17.666+0000] {logging_mixin.py:149} INFO - [2026-09-13T01:50:17.665+0000] {dagbag.py:541} INFO - Filling up the DagBag from /opt/airflow/dags/5_orchestration.py
[2026-09-13T01:50:17.708+0000] {processor.py:809} INFO - DAG(s) dict_keys(['5-orchestration']) retrieved from /opt/airflow/dags/5_orchestration.py
[2026-09-13T01:50:17.810+0000] {logging_mixin.py:149} INFO - [2026-09-13T01:50:17.810+0000] {dag.py:2726} INFO - Sync 1 DAGs
[2026-09-13T01:50:17.895+0000] {logging_mixin.py:149} INFO - [2026-09-13T01:50:17.895+0000] {dag.py:3490} INFO - Setting next_dagrun for 5-orchestration to 2023-05-01T00:00:00+00:00, run_after=2023-05-02T00:00:00+00:00
[2026-09-13T01:50:17.964+0000] {processor.py:178} INFO - Processing /opt/airflow/dags/5_orchestration.py took 0.316 seconds
[2026-09-13T01:50:48.069+0000] {processor.py:156} INFO - Started process (PID=161851) to work on /opt/airflow/dags/5_orchestration.py
[2026-09-13T01:50:48.074+0000] {processor.py:799} INFO - Processing file /opt/airflow/dags/5_orchestration.py for tasks to queue
[2026-09-13T01:50:48.076+0000] {logging_mixin.py:149} INFO - [2026-09-13T01:50:48.076+0000] {dagbag.py:541} INFO - Filling up the DagBag from /opt/airflow/dags/5_orchestration.py
[2026-09-13T01:50:48.112+0000] {processor.py:809} INFO - DAG(s) dict_keys(['5-orchestration']) retrieved from /opt/airflow/dags/5_orchestration.py
[2026-09-13T01:50:48.205+0000] {logging_mixin.py:149} INFO - [2026-09-13T01:50:48.205+0000] {dag.py:2726} INFO - Sync 1 DAGs
[2026-09-13T01:50:48.270+0000] {logging_mixin.py:149} INFO - [2026-09-13T01:50:48.270+0000] {dag.py:3490} INFO - Setting next_dagrun for 5-orchestration to 2023-05-01T00:00:00+00:00, run_after=2023-05-02T00:00:00+00:00
[2026-09-13T01:50:48.337+0000] {processor.py:178} INFO - Processing /opt/airflow/dags/5_orchestration.py took 0.280 seconds
[2026-09-13T01:51:18.502+0000] {processor.py:156} INFO - Started process (PID=161865) to work on /opt/airflow/dags/5_orchestration.py
[2026-09-13T01:51:18.508+0000] {processor.py:799} INFO - Processing file /opt/airflow/dags/5_orchestration.py for tasks to queue
[2026-09-13T01:51:18.510+0000] {logging_mixin.py:149} INFO - [2026-09-13T01:51:18.510+0000] {dagbag.py:541} INFO - Filling up the DagBag from /opt/airflow/dags/5_orchestration.py
[2026-09-13T01:51:18.548+0000] {processor.py:809} INFO - DAG(s) dict_keys(['5-orchestration']) retrieved from /opt/airflow/dags/5_orchestration.py
[2026-09-13T01:51:18.644+0000] {logging_mixin.py:149} INFO - [2026-09-13T01:51:18.644+0000] {dag.py:2726} INFO - Sync 1 DAGs
[2026-09-13T01:51:18.719+0000] {logging_mixin.py:149} INFO - [2026-09-13T01:51:18.719+0000] {dag.py:3490} INFO - Setting next_dagrun for 5-orchestration to 2023-05-01T00:00:00+00:00, run_after=2023-05-02T00:00:00+00:00
[2026-09-13T01:51:18.785+0000] {processor.py:178} INFO - Processing /opt/airflow/dags/5_orchestration.py took 0.297 seconds
[2026-09-13T01:51:48.893+0000] {processor.py:156} INFO - Started process (PID=161879) to work on /opt/airflow/dags/5_orchestration.py
[2026-09-13T01:51:48.897+0000] {processor.py:799} INFO - Processing file /opt/airflow/dags/5_orchestration.py for tasks to queue
[2026-09-13T01:51:48.899+0000] {logging_mixin.py:149} INFO - [2026-09-13T01:51:48.898+0000] {dagbag.py:541} INFO - Filling up the DagBag from /opt/airflow/dags/5_orchestration.py
[2026-09-13T01:51:48.934+0000] {processor.py:809} INFO - DAG(s) dict_keys(['5-orchestration']) retrieved from /opt/airflow/dags/5_orchestration.py
[2026-09-13T01:51:49.042+0000] {logging_mixin.py:149} INFO - [2026-09-13T01:51:49.042+0000] {dag.py:2726} INFO - Sync 1 DAGs
[2026-09-13T01:51:49.121+0000] {logging_mixin.py:149} INFO - [2026-09-13T01:51:49.120+0000] {dag.py:3490} INFO - Setting next_dagrun for 5-orchestration to 2023-05-01T00:00:00+00:00, run_after=2023-05-02T00:00:00+00:00
[2026-09-13T01:51:49.199+0000] {processor.py:178} INFO - Processing /opt/airflow/dags/5_orchestration.py took 0.320 seconds
[2026-09-13T01:52:19.441+0000] {processor.py:156} INFO - Started process (PID=161892) to work on /opt/airflow/dags/5_orchestration.py
[2026-09-13T01:52:19.445+0000] {processor.py:799} INFO - Processing file /opt/airflow/dags/5_orchestration.py for tasks to queue
[2026-09-13T01:52:19.448+0000] {logging_mixin.py:149} INFO - [2026-09-13T01:52:19.447+0000] {dagbag.py:541} INFO - Filling up the DagBag from /opt/airflow/dags/5_orchestration.py
[2026-09-13T01:52:19.480+0000] {processor.py:809} INFO - DAG(s) dict_keys(['5-orchestration']) retrieved from /opt/airflow/dags/5_orchestration.py
[2026-09-13T01:52:19.572+0000] {logging_mixin.py:149} INFO - [2026-09-13T01:52:19.571+0000] {dag.py:2726} INFO - Sync 1 DAGs
[2026-09-13T01:52:19.645+0000] {logging_mixin.py:149} INFO - [2026-09-13T01:52:19.645+0000] {dag.py:3490} INFO - Setting next_dagrun for 5-orchestration to 2023-05-01T00:00:00+00:00, run_after=2023-05-02T00:00:00+00:00
[2026-09-13T01:52:19.714+0000] {processor.py:178} INFO - Processing /opt/airflow/dags/5_orchestration.py took 0.284 seconds
[2026-09-13T01:52:50.059+0000] {processor.py:156} INFO - Started process (PID=161906) to work on /opt/airflow/dags/5_orchestration.py
[2026-09-13T01:52:50.062+0000] {processor.py:799} INFO - Processing file /opt/airflow/dags/5_orchestration.py for tasks to queue
[2026-09-13T01:52:50.064+0000] {logging_mixin.py:149} INFO - [2026-09-13T01:52:50.064+0000] {dagbag.py:541} INFO - Filling up the DagBag from /opt/airflow/dags/5_orchestration.py
[2026-09-13T01:52:50.101+0000] {processor.py:809} INFO - DAG(s) dict_keys(['5-orchestration']) retrieved from /opt/airflow/dags/5_orchestration.py
[2026-09-13T01:52:50.189+0000] {logging_mixin.py:149} INFO - [2026-09-13T01:52:50.189+0000] {dag.py:2726} INFO - Sync 1 DAGs
[2026-09-13T01:52:50.263+0000] {logging_mixin.py:149} INFO - [2026-09-13T01:52:50.263+0000] {dag.py:3490} INFO - Setting next_dagrun for 5-orchestration to 2023-05-01T00:00:00+00:00, run_after=2023-05-02T00:00:00+00:00
[2026-09-13T01:52:50.324+0000] {processor.py:178} INFO - Processing /opt/airflow/dags/5_orchestration.py took 0.276 seconds
[2026-09-13T01:53:20.440+0000] {processor.py:156} INFO - Started process (PID=161920) to work on /opt/airflow/dags/5_orchestration.py
[2026-09-13T01:53:20.444+0000] {processor.py:799} INFO - Processing file /opt/airflow/dags/5_orchestration.py for tasks to queue
[2026-09-13T01:53:20.445+0000] {logging_mixin.py:149} INFO - [2026-09-13T01:53:20.445+0000] {dagbag.py:541} INFO - Filling up the DagBag from /opt/airflow/dags/5_orchestration.py
[2026-09-13T01:53:20.482+0000] {processor.py:809} INFO - DAG(s) dict_keys(['5-orchestration']) retrieved from /opt/airflow/dags/5_orchestration.py
[2026-09-13T01:53:20.584+0000] {logging_mixin.py:149} INFO - [2026-09-13T01:53:20.583+0000] {dag.py:2726} INFO - Sync 1 DAGs
[2026-09-13T01:53:20.661+0000] {logging_mixin.py:149} INFO - [2026-09-13T01:53:20.660+0000] {dag.py:3490} INFO - Setting next_dagrun for 5-orchestration to 2023-05-01T00:00:00+00:00, run_after=2023-05-02T00:00:00+00:00
[2026-09-13T01:53:20.736+0000] {processor.py:178} INFO - Processing /opt/airflow/dags/5_orchestration.py took 0.312 seconds
[2026-09-13T01:53:50.963+0000] {processor.py:156} INFO - Started process (PID=161935) to work on /opt/airflow/dags/5_orchestration.py
[2026-09-13T01:53:50.968+0000] {processor.py:799} INFO - Processing file /opt/airflow/dags/5_orchestration.py for tasks to queue
[2026-09-13T01:53:50.970+0000] {logging_mixin.py:149} INFO - [2026-09-13T01:53:50.970+0000] {dagbag.py:541} INFO - Filling up the DagBag from /opt/airflow/dags/5_orchestration.py
[2026-09-13T01:53:51.006+0000] {processor.py:809} INFO - DAG(s) dict_keys(['5-orchestration']) retrieved from /opt/airflow/dags/5_orchestration.py
[2026-09-13T01:53:51.101+0000] {logging_mixin.py:149} INFO - [2026-09-13T01:53:51.101+0000] {dag.py:2726} INFO - Sync 1 DAGs
[2026-09-13T01:53:51.189+0000] {logging_mixin.py:149} INFO - [2026-09-13T01:53:51.189+0000] {dag.py:3490} INFO - Setting next_dagrun for 5-orchestration to 2023-05-01T00:00:00+00:00, run_after=2023-05-02T00:00:00+00:00
[2026-09-13T01:53:51.265+0000] {processor.py:178} INFO - Processing /opt/airflow/dags/5_orchestration.py took 0.312 seconds
[2026-09-13T01:54:21.411+0000] {processor.py:156} INFO - Started process (PID=161949) to work on /opt/airflow/dags/5_orchestration.py
[2026-09-13T01:54:21.416+0000] {processor.py:799} INFO - Processing file /opt/airflow/dags/5_orchestration.py for tasks to queue
[2026-09-13T01:54:21.419+0000] {logging_mixin.py:149} INFO - [2026-09-13T01:54:21.418+0000] {dagbag.py:541} INFO - Filling up the DagBag from /opt/airflow/dags/5_orchestration.py
[2026-09-13T01:54:21.451+0000] {processor.py:809} INFO - DAG(s) dict_keys(['5-orchestration']) retrieved from /opt/airflow/dags/5_orchestration.py
[2026-09-13T01:54:21.549+0000] {logging_mixin.py:149} INFO - [2026-09-13T01:54:21.548+0000] {dag.py:2726} INFO - Sync 1 DAGs
[2026-09-13T01:54:21.623+0000] {logging_mixin.py:149} INFO - [2026-09-13T01:54:21.623+0000] {dag.py:3490} INFO - Setting next_dagrun for 5-orchestration to 2023-05-01T00:00:00+00:00, run_after=2023-05-02T00:00:00+00:00
[2026-09-13T01:54:21.692+0000] {processor.py:178} INFO - Processing /opt/airflow/dags/5_orchestration.py took 0.294 seconds
[2026-09-13T01:54:51.887+0000] {processor.py:156} INFO - Started process (PID=161963) to work on /opt/airflow/dags/5_orchestration.py
[2026-09-13T01:54:51.890+0000] {processor.py:799} INFO - Processing file /opt/airflow/dags/5_orchestration.py for tasks to queue
[2026-09-13T01:54:51.892+0000] {logging_mixin.py:149} INFO - [2026-09-13T01:54:51.892+0000] {dagbag.py:541} INFO - Filling up the DagBag from /opt/airflow/dags/5_orchestration.py
[2026-09-13T01:54:51.933+0000] {processor.py:809} INFO - DAG(s) dict_keys(['5-orchestration']) retrieved from /opt/airflow/dags/5_orchestration.py
[2026-09-13T01:54:52.020+0000] {logging_mixin.py:149} INFO - [2026-09-13T01:54:52.020+0000] {dag.py:2726} INFO - Sync 1 DAGs
[2026-09-13T01:54:52.080+0000] {logging_mixin.py:149} INFO - [2026-09-13T01:54:52.079+0000] {dag.py:3490} INFO - Setting next_dagrun for 5-orchestration to 2023-05-01T00:00:00+00:00, run_after=2023-05-02T00:00:00+00:00
[2026-09-13T01:54:52.132+0000] {processor.py:178} INFO - Processing /opt/airflow/dags/5_orchestration.py took 0.255 seconds
[2026-09-13T01:55:22.380+0000] {processor.py:156} INFO - Started process (PID=161977) to work on /opt/airflow/dags/5_orchestration.py
[2026-09-13T01:55:22.383+0000] {processor.py:799} INFO - Processing file /opt/airflow/dags/5_orchestration.py for tasks to queue
[2026-09-13T01:55:22.385+0000] {logging_mixin.py:149} INFO - [2026-09-13T01:55:22.385+0000] {dagbag.py:541} INFO - Filling up the DagBag from /opt/airflow/dags/5_orchestration.py
[2026-09-13T01:55:22.419+0000] {processor.py:809} INFO - DAG(s) dict_keys(['5-orchestration']) retrieved from /opt/airflow/dags/5_orchestration.py
[2026-09-13T01:55:22.510+0000] {logging_mixin.py:149} INFO - [2026-09-13T01:55:22.510+0000] {dag.py:2726} INFO - Sync 1 DAGs
[2026-09-13T01:55:22.579+0000] {logging_mixin.py:149} INFO - [2026-09-13T01:55:22.578+0000] {dag.py:3490} INFO - Setting next_dagrun for 5-orchestration to 2023-05-01T00:00:00+00:00, run_after=2023-05-02T00:00:00+00:00
[2026-09-13T01:55:22.653+0000] {processor.py:178} INFO - Processing /opt/airflow/dags/5_orchestration.py took 0.285 seconds
[2026-09-13T01:55:52.762+0000] {processor.py:156} INFO - Started process (PID=161992) to work on /opt/airflow/dags/5_orchestration.py
[2026-09-13T01:55:52.766+0000] {processor.py:799} INFO - Processing file /opt/airflow/dags/5_orchestration.py for tasks to queue
[2026-09-13T01:55:52.768+0000] {logging_mixin.py:149} INFO - [2026-09-13T01:55:52.768+0000] {dagbag.py:541} INFO - Filling up the DagBag from /opt/airflow/dags/5_orchestration.py
[2026-09-13T01:55:52.807+0000] {processor.py:809} INFO - DAG(s) dict_keys(['5-orchestration']) retrieved from /opt/airflow/dags/5_orchestration.py
[2026-09-13T01:55:52.900+0000] {logging_mixin.py:149} INFO - [2026-09-13T01:55:52.900+0000] {dag.py:2726} INFO - Sync 1 DAGs
[2026-09-13T01:55:52.943+0000] {logging_mixin.py:149} INFO - [2026-09-13T01:55:52.943+0000] {dag.py:3490} INFO - Setting next_dagrun for 5-orchestration to 2023-05-01T00:00:00+00:00, run_after=2023-05-02T00:00:00+00:00
[2026-09-13T01:55:53.016+0000] {processor.py:178} INFO - Processing /opt/airflow/dags/5_orchestration.py took 0.267 seconds
[2026-09-13T01:56:23.180+0000] {processor.py:156} INFO - Started process (PID=162006) to work on /opt/airflow/dags/5_orchestration.py
[2026-09-13T01:56:23.185+0000] {processor.py:799} INFO - Processing file /opt/airflow/dags/5_orchestration.py for tasks to queue
[2026-09-13T01:56:23.187+0000] {logging_mixin.py:149} INFO - [2026-09-13T01:56:23.186+0000] {dagbag.py:541} INFO - Filling up the DagBag from /opt/airflow/dags/5_orchestration.py
[2026-09-13T01:56:23.223+0000] {processor.py:809} INFO - DAG(s) dict_keys(['5-orchestration']) retrieved from /opt/airflow/dags/5_orchestration.py
[2026-09-13T01:56:23.318+0000] {logging_mixin.py:149} INFO - [2026-09-13T01:56:23.318+0000] {dag.py:2726} INFO - Sync 1 DAGs
[2026-09-13T01:56:23.388+0000] {logging_mixin.py:149} INFO - [2026-09-13T01:56:23.388+0000] {dag.py:3490} INFO - Setting next_dagrun for 5-orchestration to 2023-05-01T00:00:00+00:00, run_after=2023-05-02T00:00:00+00:00
[2026-09-13T01:56:23.453+0000] {processor.py:178} INFO - Processing /opt/airflow/dags/5_orchestration.py took 0.283 seconds
[2026-09-13T01:56:53.651+0000] {processor.py:156} INFO - Started process (PID=162020) to work on /opt/airflow/dags/5_orchestration.py
[2026-09-13T01:56:53.654+0000] {processor.py:799} INFO - Processing file /opt/airflow/dags/5_orchestration.py for tasks to queue
[2026-09-13T01:56:53.656+0000] {logging_mixin.py:149} INFO - [2026-09-13T01:56:53.655+0000] {dagbag.py:541} INFO - Filling up the DagBag from /opt/airflow/dags/5_orchestration.py
[2026-09-13T01:56:53.688+0000] {processor.py:809} INFO - DAG(s) dict_keys(['5-orchestration']) retrieved from /opt/airflow/dags/5_orchestration.py
[2026-09-13T01:56:53.775+0000] {logging_mixin.py:149} INFO - [2026-09-13T01:56:53.775+0000] {dag.py:2726} INFO - Sync 1 DAGs
[2026-09-13T01:56:53.843+0000] {logging_mixin.py:149} INFO - [2026-09-13T01:56:53.843+0000] {dag.py:3490} INFO - Setting next_dagrun for 5-orchestration to 2023-05-01T00:00:00+00:00, run_after=2023-05-02T00:00:00+00:00
[2026-09-13T01:56:53.903+0000] {processor.py:178} INFO - Processing /opt/airflow/dags/5_orchestration.py took 0.265 seconds
[2026-09-13T01:57:24.026+0000] {processor.py:156} INFO - Started process (PID=162034) to work on /opt/airflow/dags/5_orchestration.py
[2026-09-13T01:57:24.030+0000] {processor.py:799} INFO - Processing file /opt/airflow/dags/5_orchestration.py for tasks to queue
[2026-09-13T01:57:24.033+0000] {logging_mixin.py:149} INFO - [2026-09-13T01:57:24.032+0000] {dagbag.py:541} INFO - Filling up the DagBag from /opt/airflow/dags/5_orchestration.py
[2026-09-13T01:57:24.070+0000] {processor.py:809} INFO - DAG(s) dict_keys(['5-orchestration']) retrieved from /opt/airflow/dags/5_orchestration.py
[2026-09-13T01:57:24.163+0000] {logging_mixin.py:149} INFO - [2026-09-13T01:57:24.162+0000] {dag.py:2726} INFO - Sync 1 DAGs
[2026-09-13T01:57:24.228+0000] {logging_mixin.py:149} INFO - [2026-09-13T01:57:24.228+0000] {dag.py:3490} INFO - Setting next_dagrun for 5-orchestration to 2023-05-01T00:00:00+00:00, run_after=2023-05-02T00:00:00+00:00
[2026-09-13T01:57:24.299+0000] {processor.py:178} INFO - Processing /opt/airflow/dags/5_orchestration.py took 0.283 seconds
[2026-09-13T01:57:54.485+0000] {processor.py:156} INFO - Started process (PID=162048) to work on /opt/airflow/dags/5_orchestration.py
[2026-09-13T01:57:54.489+0000] {processor.py:799} INFO - Processing file /opt/airflow/dags/5_orchestration.py for tasks to queue
[2026-09-13T01:57:54.490+0000] {logging_mixin.py:149} INFO - [2026-09-13T01:57:54.490+0000] {dagbag.py:541} INFO - Filling up the DagBag from /opt/airflow/dags/5_orchestration.py
[2026-09-13T01:57:54.526+0000] {processor.py:809} INFO - DAG(s) dict_keys(['5-orchestration']) retrieved from /opt/airflow/dags/5_orchestration.py
[2026-09-13T01:57:54.613+0000] {logging_mixin.py:149} INFO - [2026-09-13T01:57:54.613+0000] {dag.py:2726} INFO - Sync 1 DAGs
[2026-09-13T01:57:54.680+0000] {logging_mixin.py:149} INFO - [2026-09-13T01:57:54.679+0000] {dag.py:3490} INFO - Setting next_dagrun for 5-orchestration to 2023-05-01T00:00:00+00:00, run_after=2023-05-02T00:00:00+00:00
[2026-09-13T01:57:54.733+0000] {processor.py:178} INFO - Processing /opt/airflow/dags/5_orchestration.py took 0.259 seconds
[2026-09-13T01:58:24.945+0000] {processor.py:156} INFO - Started process (PID=162062) to work on /opt/airflow/dags/5_orchestration.py
[2026-09-13T01:58:24.949+0000] {processor.py:799} INFO - Processing file /opt/airflow/dags/5_orchestration.py for tasks to queue
[2026-09-13T01:58:24.951+0000] {logging_mixin.py:149} INFO - [2026-09-13T01:58:24.950+0000] {dagbag.py:541} INFO - Filling up the DagBag from /opt/airflow/dags/5_orchestration.py
[2026-09-13T01:58:24.987+0000] {processor.py:809} INFO - DAG(s) dict_keys(['5-orchestration']) retrieved from /opt/airflow/dags/5_orchestration.py
[2026-09-13T01:58:25.079+0000] {logging_mixin.py:149} INFO - [2026-09-13T01:58:25.079+0000] {dag.py:2726} INFO - Sync 1 DAGs
[2026-09-13T01:58:25.155+0000] {logging_mixin.py:149} INFO - [2026-09-13T01:58:25.155+0000] {dag.py:3490} INFO - Setting next_dagrun for 5-orchestration to 2023-05-01T00:00:00+00:00, run_after=2023-05-02T00:00:00+00:00
[2026-09-13T01:58:25.216+0000] {processor.py:178} INFO - Processing /opt/airflow/dags/5_orchestration.py took 0.282 seconds
[2026-09-13T01:58:55.422+0000] {processor.py:156} INFO - Started process (PID=162076) to work on /opt/airflow/dags/5_orchestration.py
[2026-09-13T01:58:55.426+0000] {processor.py:799} INFO - Processing file /opt/airflow/dags/5_orchestration.py for tasks to queue
[2026-09-13T01:58:55.427+0000] {logging_mixin.py:149} INFO - [2026-09-13T01:58:55.427+0000] {dagbag.py:541} INFO - Filling up the DagBag from /opt/airflow/dags/5_orchestration.py
[2026-09-13T01:58:55.458+0000] {processor.py:809} INFO - DAG(s) dict_keys(['5-orchestration']) retrieved from /opt/airflow/dags/5_orchestration.py
[2026-09-13T01:58:55.547+0000] {logging_mixin.py:149} INFO - [2026-09-13T01:58:55.546+0000] {dag.py:2726} INFO - Sync 1 DAGs
[2026-09-13T01:58:55.616+0000] {logging_mixin.py:149} INFO - [2026-09-13T01:58:55.615+0000] {dag.py:3490} INFO - Setting next_dagrun for 5-orchestration to 2023-05-01T00:00:00+00:00, run_after=2023-05-02T00:00:00+00:00
[2026-09-13T01:58:55.689+0000] {processor.py:178} INFO - Processing /opt/airflow/dags/5_orchestration.py took 0.275 seconds
[2026-09-13T01:59:25.863+0000] {processor.py:156} INFO - Started process (PID=162090) to work on /opt/airflow/dags/5_orchestration.py
[2026-09-13T01:59:25.868+0000] {processor.py:799} INFO - Processing file /opt/airflow/dags/5_orchestration.py for tasks to queue
[2026-09-13T01:59:25.870+0000] {logging_mixin.py:149} INFO - [2026-09-13T01:59:25.870+0000] {dagbag.py:541} INFO - Filling up the DagBag from /opt/airflow/dags/5_orchestration.py
[2026-09-13T01:59:25.906+0000] {processor.py:809} INFO - DAG(s) dict_keys(['5-orchestration']) retrieved from /opt/airflow/dags/5_orchestration.py
[2026-09-13T01:59:25.995+0000] {logging_mixin.py:149} INFO - [2026-09-13T01:59:25.995+0000] {dag.py:2726} INFO - Sync 1 DAGs
[2026-09-13T01:59:26.075+0000] {logging_mixin.py:149} INFO - [2026-09-13T01:59:26.074+0000] {dag.py:3490} INFO - Setting next_dagrun for 5-orchestration to 2023-05-01T00:00:00+00:00, run_after=2023-05-02T00:00:00+00:00
[2026-09-13T01:59:26.129+0000] {processor.py:178} INFO - Processing /opt/airflow/dags/5_orchestration.py took 0.276 seconds
[2026-09-13T01:59:56.380+0000] {processor.py:156} INFO - Started process (PID=162104) to work on /opt/airflow/dags/5_orchestration.py
[2026-09-13T01:59:56.385+0000] {processor.py:799} INFO - Processing file /opt/airflow/dags/5_orchestration.py for tasks to queue
[2026-09-13T01:59:56.387+0000] {logging_mixin.py:149} INFO - [2026-09-13T01:59:56.387+0000] {dagbag.py:541} INFO - Filling up the DagBag from /opt/airflow/dags/5_orchestration.py
[2026-09-13T01:59:56.431+0000] {processor.py:809} INFO - DAG(s) dict_keys(['5-orchestration']) retrieved from /opt/airflow/dags/5_orchestration.py
[2026-09-13T01:59:56.535+0000] {logging_mixin.py:149} INFO - [2026-09-13T01:59:56.535+0000] {dag.py:2726} INFO - Sync 1 DAGs
[2026-09-13T01:59:56.614+0000] {logging_mixin.py:149} INFO - [2026-09-13T01:59:56.613+0000] {dag.py:3490} INFO - Setting next_dagrun for 5-orchestration to 2023-05-01T00:00:00+00:00, run_after=2023-05-02T00:00:00+00:00
[2026-09-13T01:59:56.674+0000] {processor.py:178} INFO - Processing /opt/airflow/dags/5_orchestration.py took 0.305 seconds
[2026-09-13T02:00:26.911+0000] {processor.py:156} INFO - Started process (PID=162118) to work on /opt/airflow/dags/5_orchestration.py
[2026-09-13T02:00:26.915+0000] {processor.py:799} INFO - Processing file /opt/airflow/dags/5_orchestration.py for tasks to queue
[2026-09-13T02:00:26.917+0000] {logging_mixin.py:149} INFO - [2026-09-13T02:00:26.917+0000] {dagbag.py:541} INFO - Filling up the DagBag from /opt/airflow/dags/5_orchestration.py
[2026-09-13T02:00:26.951+0000] {processor.py:809} INFO - DAG(s) dict_keys(['5-orchestration']) retrieved from /opt/airflow/dags/5_orchestration.py
[2026-09-13T02:00:27.046+0000] {logging_mixin.py:149} INFO - [2026-09-13T02:00:27.046+0000] {dag.py:2726} INFO - Sync 1 DAGs
[2026-09-13T02:00:27.125+0000] {logging_mixin.py:149} INFO - [2026-09-13T02:00:27.125+0000] {dag.py:3490} INFO - Setting next_dagrun for 5-orchestration to 2023-05-01T00:00:00+00:00, run_after=2023-05-02T00:00:00+00:00
[2026-09-13T02:00:27.190+0000] {processor.py:178} INFO - Processing /opt/airflow/dags/5_orchestration.py took 0.291 seconds
[2026-09-13T02:00:57.411+0000] {processor.py:156} INFO - Started process (PID=162132) to work on /opt/airflow/dags/5_orchestration.py
[2026-09-13T02:00:57.414+0000] {processor.py:799} INFO - Processing file /opt/airflow/dags/5_orchestration.py for tasks to queue
[2026-09-13T02:00:57.416+0000] {logging_mixin.py:149} INFO - [2026-09-13T02:00:57.416+0000] {dagbag.py:541} INFO - Filling up the DagBag from /opt/airflow/dags/5_orchestration.py
[2026-09-13T02:00:57.454+0000] {processor.py:809} INFO - DAG(s) dict_keys(['5-orchestration']) retrieved from /opt/airflow/dags/5_orchestration.py
[2026-09-13T02:00:57.547+0000] {logging_mixin.py:149} INFO - [2026-09-13T02:00:57.546+0000] {dag.py:2726} INFO - Sync 1 DAGs
[2026-09-13T02:00:57.634+0000] {logging_mixin.py:149} INFO - [2026-09-13T02:00:57.633+0000] {dag.py:3490} INFO - Setting next_dagrun for 5-orchestration to 2023-05-01T00:00:00+00:00, run_after=2023-05-02T00:00:00+00:00
[2026-09-13T02:00:57.699+0000] {processor.py:178} INFO - Processing /opt/airflow/dags/5_orchestration.py took 0.302 seconds
[2026-09-13T02:01:27.890+0000] {processor.py:156} INFO - Started process (PID=162146) to work on /opt/airflow/dags/5_orchestration.py
[2026-09-13T02:01:27.894+0000] {processor.py:799} INFO - Processing file /opt/airflow/dags/5_orchestration.py for tasks to queue
[2026-09-13T02:01:27.896+0000] {logging_mixin.py:149} INFO - [2026-09-13T02:01:27.896+0000] {dagbag.py:541} INFO - Filling up the DagBag from /opt/airflow/dags/5_orchestration.py
[2026-09-13T02:01:27.934+0000] {processor.py:809} INFO - DAG(s) dict_keys(['5-orchestration']) retrieved from /opt/airflow/dags/5_orchestration.py
[2026-09-13T02:01:28.027+0000] {logging_mixin.py:149} INFO - [2026-09-13T02:01:28.026+0000] {dag.py:2726} INFO - Sync 1 DAGs
[2026-09-13T02:01:28.097+0000] {logging_mixin.py:149} INFO - [2026-09-13T02:01:28.096+0000] {dag.py:3490} INFO - Setting next_dagrun for 5-orchestration to 2023-05-01T00:00:00+00:00, run_after=2023-05-02T00:00:00+00:00
[2026-09-13T02:01:28.162+0000] {processor.py:178} INFO - Processing /opt/airflow/dags/5_orchestration.py took 0.284 seconds
[2026-09-13T02:01:58.387+0000] {processor.py:156} INFO - Started process (PID=162160) to work on /opt/airflow/dags/5_orchestration.py
[2026-09-13T02:01:58.390+0000] {processor.py:799} INFO - Processing file /opt/airflow/dags/5_orchestration.py for tasks to queue
[2026-09-13T02:01:58.392+0000] {logging_mixin.py:149} INFO - [2026-09-13T02:01:58.392+0000] {dagbag.py:541} INFO - Filling up the DagBag from /opt/airflow/dags/5_orchestration.py
[2026-09-13T02:01:58.424+0000] {processor.py:809} INFO - DAG(s) dict_keys(['5-orchestration']) retrieved from /opt/airflow/dags/5_orchestration.py
[2026-09-13T02:01:58.516+0000] {logging_mixin.py:149} INFO - [2026-09-13T02:01:58.516+0000] {dag.py:2726} INFO - Sync 1 DAGs
[2026-09-13T02:01:58.601+0000] {logging_mixin.py:149} INFO - [2026-09-13T02:01:58.600+0000] {dag.py:3490} INFO - Setting next_dagrun for 5-orchestration to 2023-05-01T00:00:00+00:00, run_after=2023-05-02T00:00:00+00:00
[2026-09-13T02:01:58.667+0000] {processor.py:178} INFO - Processing /opt/airflow/dags/5_orchestration.py took 0.293 seconds
[2026-09-13T02:02:28.932+0000] {processor.py:156} INFO - Started process (PID=162174) to work on /opt/airflow/dags/5_orchestration.py
[2026-09-13T02:02:28.935+0000] {processor.py:799} INFO - Processing file /opt/airflow/dags/5_orchestration.py for tasks to queue
[2026-09-13T02:02:28.938+0000] {logging_mixin.py:149} INFO - [2026-09-13T02:02:28.937+0000] {dagbag.py:541} INFO - Filling up the DagBag from /opt/airflow/dags/5_orchestration.py
[2026-09-13T02:02:28.975+0000] {processor.py:809} INFO - DAG(s) dict_keys(['5-orchestration']) retrieved from /opt/airflow/dags/5_orchestration.py
[2026-09-13T02:02:29.066+0000] {logging_mixin.py:149} INFO - [2026-09-13T02:02:29.066+0000] {dag.py:2726} INFO - Sync 1 DAGs
[2026-09-13T02:02:29.143+0000] {logging_mixin.py:149} INFO - [2026-09-13T02:02:29.142+0000] {dag.py:3490} INFO - Setting next_dagrun for 5-orchestration to 2023-05-01T00:00:00+00:00, run_after=2023-05-02T00:00:00+00:00
[2026-09-13T02:02:29.197+0000] {processor.py:178} INFO - Processing /opt/airflow/dags/5_orchestration.py took 0.278 seconds
[2026-09-13T02:02:59.423+0000] {processor.py:156} INFO - Started process (PID=162188) to work on /opt/airflow/dags/5_orchestration.py
[2026-09-13T02:02:59.426+0000] {processor.py:799} INFO - Processing file /opt/airflow/dags/5_orchestration.py for tasks to queue
[2026-09-13T02:02:59.429+0000] {logging_mixin.py:149} INFO - [2026-09-13T02:02:59.428+0000] {dagbag.py:541} INFO - Filling up the DagBag from /opt/airflow/dags/5_orchestration.py
[2026-09-13T02:02:59.462+0000] {processor.py:809} INFO - DAG(s) dict_keys(['5-orchestration']) retrieved from /opt/airflow/dags/5_orchestration.py
[2026-09-13T02:02:59.554+0000] {logging_mixin.py:149} INFO - [2026-09-13T02:02:59.553+0000] {dag.py:2726} INFO - Sync 1 DAGs
[2026-09-13T02:02:59.632+0000] {logging_mixin.py:149} INFO - [2026-09-13T02:02:59.632+0000] {dag.py:3490} INFO - Setting next_dagrun for 5-orchestration to 2023-05-01T00:00:00+00:00, run_after=2023-05-02T00:00:00+00:00
[2026-09-13T02:02:59.696+0000] {processor.py:178} INFO - Processing /opt/airflow/dags/5_orchestration.py took 0.284 seconds
[2026-09-13T02:03:29.885+0000] {processor.py:156} INFO - Started process (PID=162202) to work on /opt/airflow/dags/5_orchestration.py
[2026-09-13T02:03:29.889+0000] {processor.py:799} INFO - Processing file /opt/airflow/dags/5_orchestration.py for tasks to queue
[2026-09-13T02:03:29.892+0000] {logging_mixin.py:149} INFO - [2026-09-13T02:03:29.891+0000] {dagbag.py:541} INFO - Filling up the DagBag from /opt/airflow/dags/5_orchestration.py
[2026-09-13T02:03:29.931+0000] {processor.py:809} INFO - DAG(s) dict_keys(['5-orchestration']) retrieved from /opt/airflow/dags/5_orchestration.py
[2026-09-13T02:03:30.029+0000] {logging_mixin.py:149} INFO - [2026-09-13T02:03:30.028+0000] {dag.py:2726} INFO - Sync 1 DAGs
[2026-09-13T02:03:30.104+0000] {logging_mixin.py:149} INFO - [2026-09-13T02:03:30.103+0000] {dag.py:3490} INFO - Setting next_dagrun for 5-orchestration to 2023-05-01T00:00:00+00:00, run_after=2023-05-02T00:00:00+00:00
[2026-09-13T02:03:30.166+0000] {processor.py:178} INFO - Processing /opt/airflow/dags/5_orchestration.py took 0.293 seconds
[2026-09-13T02:04:00.294+0000] {processor.py:156} INFO - Started process (PID=162216) to work on /opt/airflow/dags/5_orchestration.py
[2026-09-13T02:04:00.299+0000] {processor.py:799} INFO - Processing file /opt/airflow/dags/5_orchestration.py for tasks to queue
[2026-09-13T02:04:00.301+0000] {logging_mixin.py:149} INFO - [2026-09-13T02:04:00.301+0000] {dagbag.py:541} INFO - Filling up the DagBag from /opt/airflow/dags/5_orchestration.py
[2026-09-13T02:04:00.333+0000] {processor.py:809} INFO - DAG(s) dict_keys(['5-orchestration']) retrieved from /opt/airflow/dags/5_orchestration.py
[2026-09-13T02:04:00.428+0000] {logging_mixin.py:149} INFO - [2026-09-13T02:04:00.427+0000] {dag.py:2726} INFO - Sync 1 DAGs
[2026-09-13T02:04:00.511+0000] {logging_mixin.py:149} INFO - [2026-09-13T02:04:00.510+0000] {dag.py:3490} INFO - Setting next_dagrun for 5-orchestration to 2023-05-01T00:00:00+00:00, run_after=2023-05-02T00:00:00+00:00
[2026-09-13T02:04:00.570+0000] {processor.py:178} INFO - Processing /opt/airflow/dags/5_orchestration.py took 0.287 seconds
[2026-09-13T02:04:30.834+0000] {processor.py:156} INFO - Started process (PID=162230) to work on /opt/airflow/dags/5_orchestration.py
[2026-09-13T02:04:30.842+0000] {processor.py:799} INFO - Processing file /opt/airflow/dags/5_orchestration.py for tasks to queue
[2026-09-13T02:04:30.843+0000] {logging_mixin.py:149} INFO - [2026-09-13T02:04:30.843+0000] {dagbag.py:541} INFO - Filling up the DagBag from /opt/airflow/dags/5_orchestration.py
[2026-09-13T02:04:30.879+0000] {processor.py:809} INFO - DAG(s) dict_keys(['5-orchestration']) retrieved from /opt/airflow/dags/5_orchestration.py
[2026-09-13T02:04:30.962+0000] {logging_mixin.py:149} INFO - [2026-09-13T02:04:30.962+0000] {dag.py:2726} INFO - Sync 1 DAGs
[2026-09-13T02:04:31.033+0000] {logging_mixin.py:149} INFO - [2026-09-13T02:04:31.032+0000] {dag.py:3490} INFO - Setting next_dagrun for 5-orchestration to 2023-05-01T00:00:00+00:00, run_after=2023-05-02T00:00:00+00:00
[2026-09-13T02:04:31.099+0000] {processor.py:178} INFO - Processing /opt/airflow/dags/5_orchestration.py took 0.275 seconds
[2026-09-13T02:05:01.283+0000] {processor.py:156} INFO - Started process (PID=162244) to work on /opt/airflow/dags/5_orchestration.py
[2026-09-13T02:05:01.287+0000] {processor.py:799} INFO - Processing file /opt/airflow/dags/5_orchestration.py for tasks to queue
[2026-09-13T02:05:01.289+0000] {logging_mixin.py:149} INFO - [2026-09-13T02:05:01.289+0000] {dagbag.py:541} INFO - Filling up the DagBag from /opt/airflow/dags/5_orchestration.py
[2026-09-13T02:05:01.322+0000] {processor.py:809} INFO - DAG(s) dict_keys(['5-orchestration']) retrieved from /opt/airflow/dags/5_orchestration.py
[2026-09-13T02:05:01.422+0000] {logging_mixin.py:149} INFO - [2026-09-13T02:05:01.421+0000] {dag.py:2726} INFO - Sync 1 DAGs
[2026-09-13T02:05:01.501+0000] {logging_mixin.py:149} INFO - [2026-09-13T02:05:01.499+0000] {dag.py:3490} INFO - Setting next_dagrun for 5-orchestration to 2023-05-01T00:00:00+00:00, run_after=2023-05-02T00:00:00+00:00
[2026-09-13T02:05:01.568+0000] {processor.py:178} INFO - Processing /opt/airflow/dags/5_orchestration.py took 0.296 seconds
[2026-09-13T02:05:32.338+0000] {processor.py:156} INFO - Started process (PID=162259) to work on /opt/airflow/dags/5_orchestration.py
[2026-09-13T02:05:32.342+0000] {processor.py:799} INFO - Processing file /opt/airflow/dags/5_orchestration.py for tasks to queue
[2026-09-13T02:05:32.345+0000] {logging_mixin.py:149} INFO - [2026-09-13T02:05:32.344+0000] {dagbag.py:541} INFO - Filling up the DagBag from /opt/airflow/dags/5_orchestration.py
[2026-09-13T02:05:32.377+0000] {processor.py:809} INFO - DAG(s) dict_keys(['5-orchestration']) retrieved from /opt/airflow/dags/5_orchestration.py
[2026-09-13T02:05:32.525+0000] {logging_mixin.py:149} INFO - [2026-09-13T02:05:32.525+0000] {dag.py:2726} INFO - Sync 1 DAGs
[2026-09-13T02:05:32.574+0000] {logging_mixin.py:149} INFO - [2026-09-13T02:05:32.574+0000] {dag.py:3490} INFO - Setting next_dagrun for 5-orchestration to 2023-05-01T00:00:00+00:00, run_after=2023-05-02T00:00:00+00:00
[2026-09-13T02:05:32.605+0000] {processor.py:178} INFO - Processing /opt/airflow/dags/5_orchestration.py took 0.278 seconds
[2026-09-13T02:06:02.870+0000] {processor.py:156} INFO - Started process (PID=162279) to work on /opt/airflow/dags/5_orchestration.py
[2026-09-13T02:06:02.874+0000] {processor.py:799} INFO - Processing file /opt/airflow/dags/5_orchestration.py for tasks to queue
[2026-09-13T02:06:02.876+0000] {logging_mixin.py:149} INFO - [2026-09-13T02:06:02.875+0000] {dagbag.py:541} INFO - Filling up the DagBag from /opt/airflow/dags/5_orchestration.py
[2026-09-13T02:06:02.911+0000] {processor.py:809} INFO - DAG(s) dict_keys(['5-orchestration']) retrieved from /opt/airflow/dags/5_orchestration.py
[2026-09-13T02:06:03.007+0000] {logging_mixin.py:149} INFO - [2026-09-13T02:06:03.006+0000] {dag.py:2726} INFO - Sync 1 DAGs
[2026-09-13T02:06:03.075+0000] {logging_mixin.py:149} INFO - [2026-09-13T02:06:03.075+0000] {dag.py:3490} INFO - Setting next_dagrun for 5-orchestration to 2023-05-01T00:00:00+00:00, run_after=2023-05-02T00:00:00+00:00
[2026-09-13T02:06:03.142+0000] {processor.py:178} INFO - Processing /opt/airflow/dags/5_orchestration.py took 0.283 seconds
[2026-09-13T02:06:33.396+0000] {processor.py:156} INFO - Started process (PID=162294) to work on /opt/airflow/dags/5_orchestration.py
[2026-09-13T02:06:33.409+0000] {processor.py:799} INFO - Processing file /opt/airflow/dags/5_orchestration.py for tasks to queue
[2026-09-13T02:06:33.411+0000] {logging_mixin.py:149} INFO - [2026-09-13T02:06:33.411+0000] {dagbag.py:541} INFO - Filling up the DagBag from /opt/airflow/dags/5_orchestration.py
[2026-09-13T02:06:33.444+0000] {processor.py:809} INFO - DAG(s) dict_keys(['5-orchestration']) retrieved from /opt/airflow/dags/5_orchestration.py
[2026-09-13T02:06:33.502+0000] {logging_mixin.py:149} INFO - [2026-09-13T02:06:33.502+0000] {dag.py:2726} INFO - Sync 1 DAGs
[2026-09-13T02:06:33.542+0000] {logging_mixin.py:149} INFO - [2026-09-13T02:06:33.542+0000] {dag.py:3490} INFO - Setting next_dagrun for 5-orchestration to 2023-05-01T00:00:00+00:00, run_after=2023-05-02T00:00:00+00:00
[2026-09-13T02:06:33.581+0000] {processor.py:178} INFO - Processing /opt/airflow/dags/5_orchestration.py took 0.197 seconds
[2026-09-13T02:07:03.834+0000] {processor.py:156} INFO - Started process (PID=162308) to work on /opt/airflow/dags/5_orchestration.py
[2026-09-13T02:07:03.838+0000] {processor.py:799} INFO - Processing file /opt/airflow/dags/5_orchestration.py for tasks to queue
[2026-09-13T02:07:03.840+0000] {logging_mixin.py:149} INFO - [2026-09-13T02:07:03.840+0000] {dagbag.py:541} INFO - Filling up the DagBag from /opt/airflow/dags/5_orchestration.py
[2026-09-13T02:07:03.876+0000] {processor.py:809} INFO - DAG(s) dict_keys(['5-orchestration']) retrieved from /opt/airflow/dags/5_orchestration.py
[2026-09-13T02:07:03.946+0000] {logging_mixin.py:149} INFO - [2026-09-13T02:07:03.945+0000] {dag.py:2726} INFO - Sync 1 DAGs
[2026-09-13T02:07:03.995+0000] {logging_mixin.py:149} INFO - [2026-09-13T02:07:03.994+0000] {dag.py:3490} INFO - Setting next_dagrun for 5-orchestration to 2023-05-01T00:00:00+00:00, run_after=2023-05-02T00:00:00+00:00
[2026-09-13T02:07:04.064+0000] {processor.py:178} INFO - Processing /opt/airflow/dags/5_orchestration.py took 0.244 seconds
[2026-09-13T02:07:34.388+0000] {processor.py:156} INFO - Started process (PID=162322) to work on /opt/airflow/dags/5_orchestration.py
[2026-09-13T02:07:34.391+0000] {processor.py:799} INFO - Processing file /opt/airflow/dags/5_orchestration.py for tasks to queue
[2026-09-13T02:07:34.393+0000] {logging_mixin.py:149} INFO - [2026-09-13T02:07:34.393+0000] {dagbag.py:541} INFO - Filling up the DagBag from /opt/airflow/dags/5_orchestration.py
[2026-09-13T02:07:34.425+0000] {processor.py:809} INFO - DAG(s) dict_keys(['5-orchestration']) retrieved from /opt/airflow/dags/5_orchestration.py
[2026-09-13T02:07:34.521+0000] {logging_mixin.py:149} INFO - [2026-09-13T02:07:34.521+0000] {dag.py:2726} INFO - Sync 1 DAGs
[2026-09-13T02:07:34.589+0000] {logging_mixin.py:149} INFO - [2026-09-13T02:07:34.589+0000] {dag.py:3490} INFO - Setting next_dagrun for 5-orchestration to 2023-05-01T00:00:00+00:00, run_after=2023-05-02T00:00:00+00:00
[2026-09-13T02:07:34.624+0000] {processor.py:178} INFO - Processing /opt/airflow/dags/5_orchestration.py took 0.248 seconds
[2026-09-13T02:08:04.966+0000] {processor.py:156} INFO - Started process (PID=162336) to work on /opt/airflow/dags/5_orchestration.py
[2026-09-13T02:08:04.970+0000] {processor.py:799} INFO - Processing file /opt/airflow/dags/5_orchestration.py for tasks to queue
[2026-09-13T02:08:04.972+0000] {logging_mixin.py:149} INFO - [2026-09-13T02:08:04.972+0000] {dagbag.py:541} INFO - Filling up the DagBag from /opt/airflow/dags/5_orchestration.py
[2026-09-13T02:08:05.003+0000] {processor.py:809} INFO - DAG(s) dict_keys(['5-orchestration']) retrieved from /opt/airflow/dags/5_orchestration.py
[2026-09-13T02:08:05.102+0000] {logging_mixin.py:149} INFO - [2026-09-13T02:08:05.101+0000] {dag.py:2726} INFO - Sync 1 DAGs
[2026-09-13T02:08:05.169+0000] {logging_mixin.py:149} INFO - [2026-09-13T02:08:05.169+0000] {dag.py:3490} INFO - Setting next_dagrun for 5-orchestration to 2023-05-01T00:00:00+00:00, run_after=2023-05-02T00:00:00+00:00
[2026-09-13T02:08:05.218+0000] {processor.py:178} INFO - Processing /opt/airflow/dags/5_orchestration.py took 0.265 seconds
[2026-09-13T02:08:35.409+0000] {processor.py:156} INFO - Started process (PID=162350) to work on /opt/airflow/dags/5_orchestration.py
[2026-09-13T02:08:35.413+0000] {processor.py:799} INFO - Processing file /opt/airflow/dags/5_orchestration.py for tasks to queue
[2026-09-13T02:08:35.415+0000] {logging_mixin.py:149} INFO - [2026-09-13T02:08:35.415+0000] {dagbag.py:541} INFO - Filling up the DagBag from /opt/airflow/dags/5_orchestration.py
[2026-09-13T02:08:35.451+0000] {processor.py:809} INFO - DAG(s) dict_keys(['5-orchestration']) retrieved from /opt/airflow/dags/5_orchestration.py
[2026-09-13T02:08:35.541+0000] {logging_mixin.py:149} INFO - [2026-09-13T02:08:35.541+0000] {dag.py:2726} INFO - Sync 1 DAGs
[2026-09-13T02:08:35.610+0000] {logging_mixin.py:149} INFO - [2026-09-13T02:08:35.610+0000] {dag.py:3490} INFO - Setting next_dagrun for 5-orchestration to 2023-05-01T00:00:00+00:00, run_after=2023-05-02T00:00:00+00:00
[2026-09-13T02:08:35.667+0000] {processor.py:178} INFO - Processing /opt/airflow/dags/5_orchestration.py took 0.268 seconds
[2026-09-13T02:09:05.868+0000] {processor.py:156} INFO - Started process (PID=162365) to work on /opt/airflow/dags/5_orchestration.py
[2026-09-13T02:09:05.872+0000] {processor.py:799} INFO - Processing file /opt/airflow/dags/5_orchestration.py for tasks to queue
[2026-09-13T02:09:05.873+0000] {logging_mixin.py:149} INFO - [2026-09-13T02:09:05.873+0000] {dagbag.py:541} INFO - Filling up the DagBag from /opt/airflow/dags/5_orchestration.py
[2026-09-13T02:09:05.909+0000] {processor.py:809} INFO - DAG(s) dict_keys(['5-orchestration']) retrieved from /opt/airflow/dags/5_orchestration.py
[2026-09-13T02:09:05.994+0000] {logging_mixin.py:149} INFO - [2026-09-13T02:09:05.994+0000] {dag.py:2726} INFO - Sync 1 DAGs
[2026-09-13T02:09:06.086+0000] {logging_mixin.py:149} INFO - [2026-09-13T02:09:06.086+0000] {dag.py:3490} INFO - Setting next_dagrun for 5-orchestration to 2023-05-01T00:00:00+00:00, run_after=2023-05-02T00:00:00+00:00
[2026-09-13T02:09:06.158+0000] {processor.py:178} INFO - Processing /opt/airflow/dags/5_orchestration.py took 0.301 seconds
[2026-09-13T02:09:36.307+0000] {processor.py:156} INFO - Started process (PID=162378) to work on /opt/airflow/dags/5_orchestration.py
[2026-09-13T02:09:36.311+0000] {processor.py:799} INFO - Processing file /opt/airflow/dags/5_orchestration.py for tasks to queue
[2026-09-13T02:09:36.313+0000] {logging_mixin.py:149} INFO - [2026-09-13T02:09:36.313+0000] {dagbag.py:541} INFO - Filling up the DagBag from /opt/airflow/dags/5_orchestration.py
[2026-09-13T02:09:36.346+0000] {processor.py:809} INFO - DAG(s) dict_keys(['5-orchestration']) retrieved from /opt/airflow/dags/5_orchestration.py
[2026-09-13T02:09:36.432+0000] {logging_mixin.py:149} INFO - [2026-09-13T02:09:36.432+0000] {dag.py:2726} INFO - Sync 1 DAGs
[2026-09-13T02:09:36.509+0000] {logging_mixin.py:149} INFO - [2026-09-13T02:09:36.509+0000] {dag.py:3490} INFO - Setting next_dagrun for 5-orchestration to 2023-05-01T00:00:00+00:00, run_after=2023-05-02T00:00:00+00:00
[2026-09-13T02:09:36.564+0000] {processor.py:178} INFO - Processing /opt/airflow/dags/5_orchestration.py took 0.266 seconds
[2026-09-13T02:10:06.636+0000] {processor.py:156} INFO - Started process (PID=162392) to work on /opt/airflow/dags/5_orchestration.py
[2026-09-13T02:10:06.640+0000] {processor.py:799} INFO - Processing file /opt/airflow/dags/5_orchestration.py for tasks to queue
[2026-09-13T02:10:06.642+0000] {logging_mixin.py:149} INFO - [2026-09-13T02:10:06.642+0000] {dagbag.py:541} INFO - Filling up the DagBag from /opt/airflow/dags/5_orchestration.py
[2026-09-13T02:10:06.676+0000] {processor.py:809} INFO - DAG(s) dict_keys(['5-orchestration']) retrieved from /opt/airflow/dags/5_orchestration.py
[2026-09-13T02:10:06.767+0000] {logging_mixin.py:149} INFO - [2026-09-13T02:10:06.766+0000] {dag.py:2726} INFO - Sync 1 DAGs
[2026-09-13T02:10:06.841+0000] {logging_mixin.py:149} INFO - [2026-09-13T02:10:06.840+0000] {dag.py:3490} INFO - Setting next_dagrun for 5-orchestration to 2023-05-01T00:00:00+00:00, run_after=2023-05-02T00:00:00+00:00
[2026-09-13T02:10:06.907+0000] {processor.py:178} INFO - Processing /opt/airflow/dags/5_orchestration.py took 0.282 seconds
[2026-09-13T02:10:37.107+0000] {processor.py:156} INFO - Started process (PID=162406) to work on /opt/airflow/dags/5_orchestration.py
[2026-09-13T02:10:37.110+0000] {processor.py:799} INFO - Processing file /opt/airflow/dags/5_orchestration.py for tasks to queue
[2026-09-13T02:10:37.112+0000] {logging_mixin.py:149} INFO - [2026-09-13T02:10:37.111+0000] {dagbag.py:541} INFO - Filling up the DagBag from /opt/airflow/dags/5_orchestration.py
[2026-09-13T02:10:37.147+0000] {processor.py:809} INFO - DAG(s) dict_keys(['5-orchestration']) retrieved from /opt/airflow/dags/5_orchestration.py
[2026-09-13T02:10:37.234+0000] {logging_mixin.py:149} INFO - [2026-09-13T02:10:37.233+0000] {dag.py:2726} INFO - Sync 1 DAGs
[2026-09-13T02:10:37.312+0000] {logging_mixin.py:149} INFO - [2026-09-13T02:10:37.311+0000] {dag.py:3490} INFO - Setting next_dagrun for 5-orchestration to 2023-05-01T00:00:00+00:00, run_after=2023-05-02T00:00:00+00:00
[2026-09-13T02:10:37.377+0000] {processor.py:178} INFO - Processing /opt/airflow/dags/5_orchestration.py took 0.281 seconds
[2026-09-13T02:11:07.505+0000] {processor.py:156} INFO - Started process (PID=162420) to work on /opt/airflow/dags/5_orchestration.py
[2026-09-13T02:11:07.509+0000] {processor.py:799} INFO - Processing file /opt/airflow/dags/5_orchestration.py for tasks to queue
[2026-09-13T02:11:07.511+0000] {logging_mixin.py:149} INFO - [2026-09-13T02:11:07.510+0000] {dagbag.py:541} INFO - Filling up the DagBag from /opt/airflow/dags/5_orchestration.py
[2026-09-13T02:11:07.550+0000] {processor.py:809} INFO - DAG(s) dict_keys(['5-orchestration']) retrieved from /opt/airflow/dags/5_orchestration.py
[2026-09-13T02:11:07.635+0000] {logging_mixin.py:149} INFO - [2026-09-13T02:11:07.634+0000] {dag.py:2726} INFO - Sync 1 DAGs
[2026-09-13T02:11:07.700+0000] {logging_mixin.py:149} INFO - [2026-09-13T02:11:07.699+0000] {dag.py:3490} INFO - Setting next_dagrun for 5-orchestration to 2023-05-01T00:00:00+00:00, run_after=2023-05-02T00:00:00+00:00
[2026-09-13T02:11:07.755+0000] {processor.py:178} INFO - Processing /opt/airflow/dags/5_orchestration.py took 0.260 seconds
[2026-09-13T02:11:37.890+0000] {processor.py:156} INFO - Started process (PID=162434) to work on /opt/airflow/dags/5_orchestration.py
[2026-09-13T02:11:37.893+0000] {processor.py:799} INFO - Processing file /opt/airflow/dags/5_orchestration.py for tasks to queue
[2026-09-13T02:11:37.895+0000] {logging_mixin.py:149} INFO - [2026-09-13T02:11:37.894+0000] {dagbag.py:541} INFO - Filling up the DagBag from /opt/airflow/dags/5_orchestration.py
[2026-09-13T02:11:37.926+0000] {processor.py:809} INFO - DAG(s) dict_keys(['5-orchestration']) retrieved from /opt/airflow/dags/5_orchestration.py
[2026-09-13T02:11:38.019+0000] {logging_mixin.py:149} INFO - [2026-09-13T02:11:38.018+0000] {dag.py:2726} INFO - Sync 1 DAGs
[2026-09-13T02:11:38.088+0000] {logging_mixin.py:149} INFO - [2026-09-13T02:11:38.088+0000] {dag.py:3490} INFO - Setting next_dagrun for 5-orchestration to 2023-05-01T00:00:00+00:00, run_after=2023-05-02T00:00:00+00:00
[2026-09-13T02:11:38.162+0000] {processor.py:178} INFO - Processing /opt/airflow/dags/5_orchestration.py took 0.281 seconds
[2026-09-13T02:12:08.432+0000] {processor.py:156} INFO - Started process (PID=162448) to work on /opt/airflow/dags/5_orchestration.py
[2026-09-13T02:12:08.435+0000] {processor.py:799} INFO - Processing file /opt/airflow/dags/5_orchestration.py for tasks to queue
[2026-09-13T02:12:08.437+0000] {logging_mixin.py:149} INFO - [2026-09-13T02:12:08.437+0000] {dagbag.py:541} INFO - Filling up the DagBag from /opt/airflow/dags/5_orchestration.py
[2026-09-13T02:12:08.470+0000] {processor.py:809} INFO - DAG(s) dict_keys(['5-orchestration']) retrieved from /opt/airflow/dags/5_orchestration.py
[2026-09-13T02:12:08.561+0000] {logging_mixin.py:149} INFO - [2026-09-13T02:12:08.560+0000] {dag.py:2726} INFO - Sync 1 DAGs
[2026-09-13T02:12:08.635+0000] {logging_mixin.py:149} INFO - [2026-09-13T02:12:08.634+0000] {dag.py:3490} INFO - Setting next_dagrun for 5-orchestration to 2023-05-01T00:00:00+00:00, run_after=2023-05-02T00:00:00+00:00
[2026-09-13T02:12:08.700+0000] {processor.py:178} INFO - Processing /opt/airflow/dags/5_orchestration.py took 0.278 seconds
[2026-09-13T02:12:38.888+0000] {processor.py:156} INFO - Started process (PID=162463) to work on /opt/airflow/dags/5_orchestration.py
[2026-09-13T02:12:38.892+0000] {processor.py:799} INFO - Processing file /opt/airflow/dags/5_orchestration.py for tasks to queue
[2026-09-13T02:12:38.893+0000] {logging_mixin.py:149} INFO - [2026-09-13T02:12:38.893+0000] {dagbag.py:541} INFO - Filling up the DagBag from /opt/airflow/dags/5_orchestration.py
[2026-09-13T02:12:38.929+0000] {processor.py:809} INFO - DAG(s) dict_keys(['5-orchestration']) retrieved from /opt/airflow/dags/5_orchestration.py
[2026-09-13T02:12:39.013+0000] {logging_mixin.py:149} INFO - [2026-09-13T02:12:39.013+0000] {dag.py:2726} INFO - Sync 1 DAGs
[2026-09-13T02:12:39.084+0000] {logging_mixin.py:149} INFO - [2026-09-13T02:12:39.083+0000] {dag.py:3490} INFO - Setting next_dagrun for 5-orchestration to 2023-05-01T00:00:00+00:00, run_after=2023-05-02T00:00:00+00:00
[2026-09-13T02:12:39.149+0000] {processor.py:178} INFO - Processing /opt/airflow/dags/5_orchestration.py took 0.274 seconds
[2026-09-13T02:13:10.020+0000] {processor.py:156} INFO - Started process (PID=162477) to work on /opt/airflow/dags/5_orchestration.py
[2026-09-13T02:13:10.024+0000] {processor.py:799} INFO - Processing file /opt/airflow/dags/5_orchestration.py for tasks to queue
[2026-09-13T02:13:10.026+0000] {logging_mixin.py:149} INFO - [2026-09-13T02:13:10.025+0000] {dagbag.py:541} INFO - Filling up the DagBag from /opt/airflow/dags/5_orchestration.py
[2026-09-13T02:13:10.067+0000] {processor.py:809} INFO - DAG(s) dict_keys(['5-orchestration']) retrieved from /opt/airflow/dags/5_orchestration.py
[2026-09-13T02:13:10.172+0000] {logging_mixin.py:149} INFO - [2026-09-13T02:13:10.172+0000] {dag.py:2726} INFO - Sync 1 DAGs
[2026-09-13T02:13:10.247+0000] {logging_mixin.py:149} INFO - [2026-09-13T02:13:10.247+0000] {dag.py:3490} INFO - Setting next_dagrun for 5-orchestration to 2023-05-01T00:00:00+00:00, run_after=2023-05-02T00:00:00+00:00
[2026-09-13T02:13:10.309+0000] {processor.py:178} INFO - Processing /opt/airflow/dags/5_orchestration.py took 0.300 seconds
[2026-09-13T02:13:40.547+0000] {processor.py:156} INFO - Started process (PID=162491) to work on /opt/airflow/dags/5_orchestration.py
[2026-09-13T02:13:40.549+0000] {processor.py:799} INFO - Processing file /opt/airflow/dags/5_orchestration.py for tasks to queue
[2026-09-13T02:13:40.552+0000] {logging_mixin.py:149} INFO - [2026-09-13T02:13:40.551+0000] {dagbag.py:541} INFO - Filling up the DagBag from /opt/airflow/dags/5_orchestration.py
[2026-09-13T02:13:40.586+0000] {processor.py:809} INFO - DAG(s) dict_keys(['5-orchestration']) retrieved from /opt/airflow/dags/5_orchestration.py
[2026-09-13T02:13:40.676+0000] {logging_mixin.py:149} INFO - [2026-09-13T02:13:40.675+0000] {dag.py:2726} INFO - Sync 1 DAGs
[2026-09-13T02:13:40.751+0000] {logging_mixin.py:149} INFO - [2026-09-13T02:13:40.750+0000] {dag.py:3490} INFO - Setting next_dagrun for 5-orchestration to 2023-05-01T00:00:00+00:00, run_after=2023-05-02T00:00:00+00:00
[2026-09-13T02:13:40.814+0000] {processor.py:178} INFO - Processing /opt/airflow/dags/5_orchestration.py took 0.277 seconds
[2026-09-13T02:14:11.075+0000] {processor.py:156} INFO - Started process (PID=162505) to work on /opt/airflow/dags/5_orchestration.py
[2026-09-13T02:14:11.078+0000] {processor.py:799} INFO - Processing file /opt/airflow/dags/5_orchestration.py for tasks to queue
[2026-09-13T02:14:11.080+0000] {logging_mixin.py:149} INFO - [2026-09-13T02:14:11.079+0000] {dagbag.py:541} INFO - Filling up the DagBag from /opt/airflow/dags/5_orchestration.py
[2026-09-13T02:14:11.111+0000] {processor.py:809} INFO - DAG(s) dict_keys(['5-orchestration']) retrieved from /opt/airflow/dags/5_orchestration.py
[2026-09-13T02:14:11.196+0000] {logging_mixin.py:149} INFO - [2026-09-13T02:14:11.196+0000] {dag.py:2726} INFO - Sync 1 DAGs
[2026-09-13T02:14:11.266+0000] {logging_mixin.py:149} INFO - [2026-09-13T02:14:11.265+0000] {dag.py:3490} INFO - Setting next_dagrun for 5-orchestration to 2023-05-01T00:00:00+00:00, run_after=2023-05-02T00:00:00+00:00
[2026-09-13T02:14:11.322+0000] {processor.py:178} INFO - Processing /opt/airflow/dags/5_orchestration.py took 0.258 seconds
[2026-09-13T02:14:41.527+0000] {processor.py:156} INFO - Started process (PID=162518) to work on /opt/airflow/dags/5_orchestration.py
[2026-09-13T02:14:41.529+0000] {processor.py:799} INFO - Processing file /opt/airflow/dags/5_orchestration.py for tasks to queue
[2026-09-13T02:14:41.531+0000] {logging_mixin.py:149} INFO - [2026-09-13T02:14:41.530+0000] {dagbag.py:541} INFO - Filling up the DagBag from /opt/airflow/dags/5_orchestration.py
[2026-09-13T02:14:41.560+0000] {processor.py:809} INFO - DAG(s) dict_keys(['5-orchestration']) retrieved from /opt/airflow/dags/5_orchestration.py
[2026-09-13T02:14:41.651+0000] {logging_mixin.py:149} INFO - [2026-09-13T02:14:41.651+0000] {dag.py:2726} INFO - Sync 1 DAGs
[2026-09-13T02:14:41.729+0000] {logging_mixin.py:149} INFO - [2026-09-13T02:14:41.728+0000] {dag.py:3490} INFO - Setting next_dagrun for 5-orchestration to 2023-05-01T00:00:00+00:00, run_after=2023-05-02T00:00:00+00:00
[2026-09-13T02:14:41.798+0000] {processor.py:178} INFO - Processing /opt/airflow/dags/5_orchestration.py took 0.281 seconds
[2026-09-13T02:15:12.024+0000] {processor.py:156} INFO - Started process (PID=162532) to work on /opt/airflow/dags/5_orchestration.py
[2026-09-13T02:15:12.027+0000] {processor.py:799} INFO - Processing file /opt/airflow/dags/5_orchestration.py for tasks to queue
[2026-09-13T02:15:12.028+0000] {logging_mixin.py:149} INFO - [2026-09-13T02:15:12.028+0000] {dagbag.py:541} INFO - Filling up the DagBag from /opt/airflow/dags/5_orchestration.py
[2026-09-13T02:15:12.061+0000] {processor.py:809} INFO - DAG(s) dict_keys(['5-orchestration']) retrieved from /opt/airflow/dags/5_orchestration.py
[2026-09-13T02:15:12.154+0000] {logging_mixin.py:149} INFO - [2026-09-13T02:15:12.154+0000] {dag.py:2726} INFO - Sync 1 DAGs
[2026-09-13T02:15:12.241+0000] {logging_mixin.py:149} INFO - [2026-09-13T02:15:12.240+0000] {dag.py:3490} INFO - Setting next_dagrun for 5-orchestration to 2023-05-01T00:00:00+00:00, run_after=2023-05-02T00:00:00+00:00
[2026-09-13T02:15:12.300+0000] {processor.py:178} INFO - Processing /opt/airflow/dags/5_orchestration.py took 0.286 seconds
[2026-09-13T02:15:42.562+0000] {processor.py:156} INFO - Started process (PID=162546) to work on /opt/airflow/dags/5_orchestration.py
[2026-09-13T02:15:42.565+0000] {processor.py:799} INFO - Processing file /opt/airflow/dags/5_orchestration.py for tasks to queue
[2026-09-13T02:15:42.569+0000] {logging_mixin.py:149} INFO - [2026-09-13T02:15:42.568+0000] {dagbag.py:541} INFO - Filling up the DagBag from /opt/airflow/dags/5_orchestration.py
[2026-09-13T02:15:42.624+0000] {processor.py:809} INFO - DAG(s) dict_keys(['5-orchestration']) retrieved from /opt/airflow/dags/5_orchestration.py
[2026-09-13T02:15:42.708+0000] {logging_mixin.py:149} INFO - [2026-09-13T02:15:42.708+0000] {dag.py:2726} INFO - Sync 1 DAGs
[2026-09-13T02:15:42.784+0000] {logging_mixin.py:149} INFO - [2026-09-13T02:15:42.783+0000] {dag.py:3490} INFO - Setting next_dagrun for 5-orchestration to 2023-05-01T00:00:00+00:00, run_after=2023-05-02T00:00:00+00:00
[2026-09-13T02:15:42.823+0000] {processor.py:178} INFO - Processing /opt/airflow/dags/5_orchestration.py took 0.275 seconds
[2026-09-13T02:16:13.035+0000] {processor.py:156} INFO - Started process (PID=162561) to work on /opt/airflow/dags/5_orchestration.py
[2026-09-13T02:16:13.038+0000] {processor.py:799} INFO - Processing file /opt/airflow/dags/5_orchestration.py for tasks to queue
[2026-09-13T02:16:13.048+0000] {logging_mixin.py:149} INFO - [2026-09-13T02:16:13.047+0000] {dagbag.py:541} INFO - Filling up the DagBag from /opt/airflow/dags/5_orchestration.py
[2026-09-13T02:16:13.076+0000] {processor.py:809} INFO - DAG(s) dict_keys(['5-orchestration']) retrieved from /opt/airflow/dags/5_orchestration.py
[2026-09-13T02:16:13.130+0000] {logging_mixin.py:149} INFO - [2026-09-13T02:16:13.130+0000] {dag.py:2726} INFO - Sync 1 DAGs
[2026-09-13T02:16:13.174+0000] {logging_mixin.py:149} INFO - [2026-09-13T02:16:13.174+0000] {dag.py:3490} INFO - Setting next_dagrun for 5-orchestration to 2023-05-01T00:00:00+00:00, run_after=2023-05-02T00:00:00+00:00
[2026-09-13T02:16:13.221+0000] {processor.py:178} INFO - Processing /opt/airflow/dags/5_orchestration.py took 0.195 seconds
[2026-09-13T02:16:43.386+0000] {processor.py:156} INFO - Started process (PID=162574) to work on /opt/airflow/dags/5_orchestration.py
[2026-09-13T02:16:43.390+0000] {processor.py:799} INFO - Processing file /opt/airflow/dags/5_orchestration.py for tasks to queue
[2026-09-13T02:16:43.392+0000] {logging_mixin.py:149} INFO - [2026-09-13T02:16:43.391+0000] {dagbag.py:541} INFO - Filling up the DagBag from /opt/airflow/dags/5_orchestration.py
[2026-09-13T02:16:43.424+0000] {processor.py:809} INFO - DAG(s) dict_keys(['5-orchestration']) retrieved from /opt/airflow/dags/5_orchestration.py
[2026-09-13T02:16:43.511+0000] {logging_mixin.py:149} INFO - [2026-09-13T02:16:43.511+0000] {dag.py:2726} INFO - Sync 1 DAGs
[2026-09-13T02:16:43.600+0000] {logging_mixin.py:149} INFO - [2026-09-13T02:16:43.599+0000] {dag.py:3490} INFO - Setting next_dagrun for 5-orchestration to 2023-05-01T00:00:00+00:00, run_after=2023-05-02T00:00:00+00:00
[2026-09-13T02:16:43.670+0000] {processor.py:178} INFO - Processing /opt/airflow/dags/5_orchestration.py took 0.295 seconds
[2026-09-13T02:17:13.898+0000] {processor.py:156} INFO - Started process (PID=162588) to work on /opt/airflow/dags/5_orchestration.py
[2026-09-13T02:17:13.905+0000] {processor.py:799} INFO - Processing file /opt/airflow/dags/5_orchestration.py for tasks to queue
[2026-09-13T02:17:13.908+0000] {logging_mixin.py:149} INFO - [2026-09-13T02:17:13.907+0000] {dagbag.py:541} INFO - Filling up the DagBag from /opt/airflow/dags/5_orchestration.py
[2026-09-13T02:17:13.944+0000] {processor.py:809} INFO - DAG(s) dict_keys(['5-orchestration']) retrieved from /opt/airflow/dags/5_orchestration.py
[2026-09-13T02:17:14.029+0000] {logging_mixin.py:149} INFO - [2026-09-13T02:17:14.028+0000] {dag.py:2726} INFO - Sync 1 DAGs
[2026-09-13T02:17:14.088+0000] {logging_mixin.py:149} INFO - [2026-09-13T02:17:14.088+0000] {dag.py:3490} INFO - Setting next_dagrun for 5-orchestration to 2023-05-01T00:00:00+00:00, run_after=2023-05-02T00:00:00+00:00
[2026-09-13T02:17:14.146+0000] {processor.py:178} INFO - Processing /opt/airflow/dags/5_orchestration.py took 0.260 seconds
[2026-09-13T02:17:44.473+0000] {processor.py:156} INFO - Started process (PID=162602) to work on /opt/airflow/dags/5_orchestration.py
[2026-09-13T02:17:44.476+0000] {processor.py:799} INFO - Processing file /opt/airflow/dags/5_orchestration.py for tasks to queue
[2026-09-13T02:17:44.478+0000] {logging_mixin.py:149} INFO - [2026-09-13T02:17:44.478+0000] {dagbag.py:541} INFO - Filling up the DagBag from /opt/airflow/dags/5_orchestration.py
[2026-09-13T02:17:44.513+0000] {processor.py:809} INFO - DAG(s) dict_keys(['5-orchestration']) retrieved from /opt/airflow/dags/5_orchestration.py
[2026-09-13T02:17:44.604+0000] {logging_mixin.py:149} INFO - [2026-09-13T02:17:44.604+0000] {dag.py:2726} INFO - Sync 1 DAGs
[2026-09-13T02:17:44.695+0000] {logging_mixin.py:149} INFO - [2026-09-13T02:17:44.695+0000] {dag.py:3490} INFO - Setting next_dagrun for 5-orchestration to 2023-05-01T00:00:00+00:00, run_after=2023-05-02T00:00:00+00:00
[2026-09-13T02:17:44.763+0000] {processor.py:178} INFO - Processing /opt/airflow/dags/5_orchestration.py took 0.302 seconds
[2026-09-13T02:18:14.857+0000] {processor.py:156} INFO - Started process (PID=162617) to work on /opt/airflow/dags/5_orchestration.py
[2026-09-13T02:18:14.861+0000] {processor.py:799} INFO - Processing file /opt/airflow/dags/5_orchestration.py for tasks to queue
[2026-09-13T02:18:14.864+0000] {logging_mixin.py:149} INFO - [2026-09-13T02:18:14.863+0000] {dagbag.py:541} INFO - Filling up the DagBag from /opt/airflow/dags/5_orchestration.py
[2026-09-13T02:18:14.896+0000] {processor.py:809} INFO - DAG(s) dict_keys(['5-orchestration']) retrieved from /opt/airflow/dags/5_orchestration.py
[2026-09-13T02:18:14.987+0000] {logging_mixin.py:149} INFO - [2026-09-13T02:18:14.987+0000] {dag.py:2726} INFO - Sync 1 DAGs
[2026-09-13T02:18:15.051+0000] {logging_mixin.py:149} INFO - [2026-09-13T02:18:15.051+0000] {dag.py:3490} INFO - Setting next_dagrun for 5-orchestration to 2023-05-01T00:00:00+00:00, run_after=2023-05-02T00:00:00+00:00
[2026-09-13T02:18:15.107+0000] {processor.py:178} INFO - Processing /opt/airflow/dags/5_orchestration.py took 0.261 seconds
[2026-09-13T02:18:45.197+0000] {processor.py:156} INFO - Started process (PID=162631) to work on /opt/airflow/dags/5_orchestration.py
[2026-09-13T02:18:45.201+0000] {processor.py:799} INFO - Processing file /opt/airflow/dags/5_orchestration.py for tasks to queue
[2026-09-13T02:18:45.203+0000] {logging_mixin.py:149} INFO - [2026-09-13T02:18:45.202+0000] {dagbag.py:541} INFO - Filling up the DagBag from /opt/airflow/dags/5_orchestration.py
[2026-09-13T02:18:45.239+0000] {processor.py:809} INFO - DAG(s) dict_keys(['5-orchestration']) retrieved from /opt/airflow/dags/5_orchestration.py
[2026-09-13T02:18:45.330+0000] {logging_mixin.py:149} INFO - [2026-09-13T02:18:45.330+0000] {dag.py:2726} INFO - Sync 1 DAGs
[2026-09-13T02:18:45.404+0000] {logging_mixin.py:149} INFO - [2026-09-13T02:18:45.403+0000] {dag.py:3490} INFO - Setting next_dagrun for 5-orchestration to 2023-05-01T00:00:00+00:00, run_after=2023-05-02T00:00:00+00:00
[2026-09-13T02:18:45.480+0000] {processor.py:178} INFO - Processing /opt/airflow/dags/5_orchestration.py took 0.294 seconds
[2026-09-13T02:19:15.694+0000] {processor.py:156} INFO - Started process (PID=162645) to work on /opt/airflow/dags/5_orchestration.py
[2026-09-13T02:19:15.697+0000] {processor.py:799} INFO - Processing file /opt/airflow/dags/5_orchestration.py for tasks to queue
[2026-09-13T02:19:15.699+0000] {logging_mixin.py:149} INFO - [2026-09-13T02:19:15.698+0000] {dagbag.py:541} INFO - Filling up the DagBag from /opt/airflow/dags/5_orchestration.py
[2026-09-13T02:19:15.733+0000] {processor.py:809} INFO - DAG(s) dict_keys(['5-orchestration']) retrieved from /opt/airflow/dags/5_orchestration.py
[2026-09-13T02:19:15.827+0000] {logging_mixin.py:149} INFO - [2026-09-13T02:19:15.827+0000] {dag.py:2726} INFO - Sync 1 DAGs
[2026-09-13T02:19:15.905+0000] {logging_mixin.py:149} INFO - [2026-09-13T02:19:15.904+0000] {dag.py:3490} INFO - Setting next_dagrun for 5-orchestration to 2023-05-01T00:00:00+00:00, run_after=2023-05-02T00:00:00+00:00
[2026-09-13T02:19:15.980+0000] {processor.py:178} INFO - Processing /opt/airflow/dags/5_orchestration.py took 0.298 seconds
[2026-09-13T02:19:46.117+0000] {processor.py:156} INFO - Started process (PID=162658) to work on /opt/airflow/dags/5_orchestration.py
[2026-09-13T02:19:46.121+0000] {processor.py:799} INFO - Processing file /opt/airflow/dags/5_orchestration.py for tasks to queue
[2026-09-13T02:19:46.124+0000] {logging_mixin.py:149} INFO - [2026-09-13T02:19:46.124+0000] {dagbag.py:541} INFO - Filling up the DagBag from /opt/airflow/dags/5_orchestration.py
[2026-09-13T02:19:46.160+0000] {processor.py:809} INFO - DAG(s) dict_keys(['5-orchestration']) retrieved from /opt/airflow/dags/5_orchestration.py
[2026-09-13T02:19:46.251+0000] {logging_mixin.py:149} INFO - [2026-09-13T02:19:46.251+0000] {dag.py:2726} INFO - Sync 1 DAGs
[2026-09-13T02:19:46.321+0000] {logging_mixin.py:149} INFO - [2026-09-13T02:19:46.320+0000] {dag.py:3490} INFO - Setting next_dagrun for 5-orchestration to 2023-05-01T00:00:00+00:00, run_after=2023-05-02T00:00:00+00:00
[2026-09-13T02:19:46.400+0000] {processor.py:178} INFO - Processing /opt/airflow/dags/5_orchestration.py took 0.293 seconds
[2026-09-13T02:20:16.598+0000] {processor.py:156} INFO - Started process (PID=162672) to work on /opt/airflow/dags/5_orchestration.py
[2026-09-13T02:20:16.601+0000] {processor.py:799} INFO - Processing file /opt/airflow/dags/5_orchestration.py for tasks to queue
[2026-09-13T02:20:16.603+0000] {logging_mixin.py:149} INFO - [2026-09-13T02:20:16.602+0000] {dagbag.py:541} INFO - Filling up the DagBag from /opt/airflow/dags/5_orchestration.py
[2026-09-13T02:20:16.641+0000] {processor.py:809} INFO - DAG(s) dict_keys(['5-orchestration']) retrieved from /opt/airflow/dags/5_orchestration.py
[2026-09-13T02:20:16.732+0000] {logging_mixin.py:149} INFO - [2026-09-13T02:20:16.732+0000] {dag.py:2726} INFO - Sync 1 DAGs
[2026-09-13T02:20:16.806+0000] {logging_mixin.py:149} INFO - [2026-09-13T02:20:16.805+0000] {dag.py:3490} INFO - Setting next_dagrun for 5-orchestration to 2023-05-01T00:00:00+00:00, run_after=2023-05-02T00:00:00+00:00
[2026-09-13T02:20:16.879+0000] {processor.py:178} INFO - Processing /opt/airflow/dags/5_orchestration.py took 0.293 seconds
[2026-09-13T02:20:47.003+0000] {processor.py:156} INFO - Started process (PID=162686) to work on /opt/airflow/dags/5_orchestration.py
[2026-09-13T02:20:47.007+0000] {processor.py:799} INFO - Processing file /opt/airflow/dags/5_orchestration.py for tasks to queue
[2026-09-13T02:20:47.010+0000] {logging_mixin.py:149} INFO - [2026-09-13T02:20:47.009+0000] {dagbag.py:541} INFO - Filling up the DagBag from /opt/airflow/dags/5_orchestration.py
[2026-09-13T02:20:47.049+0000] {processor.py:809} INFO - DAG(s) dict_keys(['5-orchestration']) retrieved from /opt/airflow/dags/5_orchestration.py
[2026-09-13T02:20:47.112+0000] {logging_mixin.py:149} INFO - [2026-09-13T02:20:47.112+0000] {dag.py:2726} INFO - Sync 1 DAGs
[2026-09-13T02:20:47.151+0000] {logging_mixin.py:149} INFO - [2026-09-13T02:20:47.151+0000] {dag.py:3490} INFO - Setting next_dagrun for 5-orchestration to 2023-05-01T00:00:00+00:00, run_after=2023-05-02T00:00:00+00:00
[2026-09-13T02:20:47.179+0000] {processor.py:178} INFO - Processing /opt/airflow/dags/5_orchestration.py took 0.190 seconds
[2026-09-13T02:21:17.427+0000] {processor.py:156} INFO - Started process (PID=162700) to work on /opt/airflow/dags/5_orchestration.py
[2026-09-13T02:21:17.431+0000] {processor.py:799} INFO - Processing file /opt/airflow/dags/5_orchestration.py for tasks to queue
[2026-09-13T02:21:17.433+0000] {logging_mixin.py:149} INFO - [2026-09-13T02:21:17.433+0000] {dagbag.py:541} INFO - Filling up the DagBag from /opt/airflow/dags/5_orchestration.py
[2026-09-13T02:21:17.466+0000] {processor.py:809} INFO - DAG(s) dict_keys(['5-orchestration']) retrieved from /opt/airflow/dags/5_orchestration.py
[2026-09-13T02:21:17.557+0000] {logging_mixin.py:149} INFO - [2026-09-13T02:21:17.556+0000] {dag.py:2726} INFO - Sync 1 DAGs
[2026-09-13T02:21:17.629+0000] {logging_mixin.py:149} INFO - [2026-09-13T02:21:17.628+0000] {dag.py:3490} INFO - Setting next_dagrun for 5-orchestration to 2023-05-01T00:00:00+00:00, run_after=2023-05-02T00:00:00+00:00
[2026-09-13T02:21:17.714+0000] {processor.py:178} INFO - Processing /opt/airflow/dags/5_orchestration.py took 0.298 seconds
[2026-09-13T02:21:47.908+0000] {processor.py:156} INFO - Started process (PID=162714) to work on /opt/airflow/dags/5_orchestration.py
[2026-09-13T02:21:47.912+0000] {processor.py:799} INFO - Processing file /opt/airflow/dags/5_orchestration.py for tasks to queue
[2026-09-13T02:21:47.914+0000] {logging_mixin.py:149} INFO - [2026-09-13T02:21:47.913+0000] {dagbag.py:541} INFO - Filling up the DagBag from /opt/airflow/dags/5_orchestration.py
[2026-09-13T02:21:47.950+0000] {processor.py:809} INFO - DAG(s) dict_keys(['5-orchestration']) retrieved from /opt/airflow/dags/5_orchestration.py
[2026-09-13T02:21:48.042+0000] {logging_mixin.py:149} INFO - [2026-09-13T02:21:48.042+0000] {dag.py:2726} INFO - Sync 1 DAGs
[2026-09-13T02:21:48.112+0000] {logging_mixin.py:149} INFO - [2026-09-13T02:21:48.112+0000] {dag.py:3490} INFO - Setting next_dagrun for 5-orchestration to 2023-05-01T00:00:00+00:00, run_after=2023-05-02T00:00:00+00:00
[2026-09-13T02:21:48.164+0000] {processor.py:178} INFO - Processing /opt/airflow/dags/5_orchestration.py took 0.267 seconds
[2026-09-13T02:22:18.270+0000] {processor.py:156} INFO - Started process (PID=162728) to work on /opt/airflow/dags/5_orchestration.py
[2026-09-13T02:22:18.274+0000] {processor.py:799} INFO - Processing file /opt/airflow/dags/5_orchestration.py for tasks to queue
[2026-09-13T02:22:18.276+0000] {logging_mixin.py:149} INFO - [2026-09-13T02:22:18.275+0000] {dagbag.py:541} INFO - Filling up the DagBag from /opt/airflow/dags/5_orchestration.py
[2026-09-13T02:22:18.311+0000] {processor.py:809} INFO - DAG(s) dict_keys(['5-orchestration']) retrieved from /opt/airflow/dags/5_orchestration.py
[2026-09-13T02:22:18.402+0000] {logging_mixin.py:149} INFO - [2026-09-13T02:22:18.402+0000] {dag.py:2726} INFO - Sync 1 DAGs
[2026-09-13T02:22:18.487+0000] {logging_mixin.py:149} INFO - [2026-09-13T02:22:18.486+0000] {dag.py:3490} INFO - Setting next_dagrun for 5-orchestration to 2023-05-01T00:00:00+00:00, run_after=2023-05-02T00:00:00+00:00
[2026-09-13T02:22:18.560+0000] {processor.py:178} INFO - Processing /opt/airflow/dags/5_orchestration.py took 0.302 seconds
[2026-09-13T02:22:48.848+0000] {processor.py:156} INFO - Started process (PID=162742) to work on /opt/airflow/dags/5_orchestration.py
[2026-09-13T02:22:48.851+0000] {processor.py:799} INFO - Processing file /opt/airflow/dags/5_orchestration.py for tasks to queue
[2026-09-13T02:22:48.853+0000] {logging_mixin.py:149} INFO - [2026-09-13T02:22:48.852+0000] {dagbag.py:541} INFO - Filling up the DagBag from /opt/airflow/dags/5_orchestration.py
[2026-09-13T02:22:48.887+0000] {processor.py:809} INFO - DAG(s) dict_keys(['5-orchestration']) retrieved from /opt/airflow/dags/5_orchestration.py
[2026-09-13T02:22:48.979+0000] {logging_mixin.py:149} INFO - [2026-09-13T02:22:48.978+0000] {dag.py:2726} INFO - Sync 1 DAGs
[2026-09-13T02:22:49.069+0000] {logging_mixin.py:149} INFO - [2026-09-13T02:22:49.068+0000] {dag.py:3490} INFO - Setting next_dagrun for 5-orchestration to 2023-05-01T00:00:00+00:00, run_after=2023-05-02T00:00:00+00:00
[2026-09-13T02:22:49.135+0000] {processor.py:178} INFO - Processing /opt/airflow/dags/5_orchestration.py took 0.298 seconds
[2026-09-13T02:23:19.316+0000] {processor.py:156} INFO - Started process (PID=162756) to work on /opt/airflow/dags/5_orchestration.py
[2026-09-13T02:23:19.319+0000] {processor.py:799} INFO - Processing file /opt/airflow/dags/5_orchestration.py for tasks to queue
[2026-09-13T02:23:19.321+0000] {logging_mixin.py:149} INFO - [2026-09-13T02:23:19.320+0000] {dagbag.py:541} INFO - Filling up the DagBag from /opt/airflow/dags/5_orchestration.py
[2026-09-13T02:23:19.349+0000] {processor.py:809} INFO - DAG(s) dict_keys(['5-orchestration']) retrieved from /opt/airflow/dags/5_orchestration.py
[2026-09-13T02:23:19.455+0000] {logging_mixin.py:149} INFO - [2026-09-13T02:23:19.455+0000] {dag.py:2726} INFO - Sync 1 DAGs
[2026-09-13T02:23:19.550+0000] {logging_mixin.py:149} INFO - [2026-09-13T02:23:19.549+0000] {dag.py:3490} INFO - Setting next_dagrun for 5-orchestration to 2023-05-01T00:00:00+00:00, run_after=2023-05-02T00:00:00+00:00
[2026-09-13T02:23:19.626+0000] {processor.py:178} INFO - Processing /opt/airflow/dags/5_orchestration.py took 0.322 seconds
[2026-09-13T02:23:49.700+0000] {processor.py:156} INFO - Started process (PID=162770) to work on /opt/airflow/dags/5_orchestration.py
[2026-09-13T02:23:49.704+0000] {processor.py:799} INFO - Processing file /opt/airflow/dags/5_orchestration.py for tasks to queue
[2026-09-13T02:23:49.705+0000] {logging_mixin.py:149} INFO - [2026-09-13T02:23:49.705+0000] {dagbag.py:541} INFO - Filling up the DagBag from /opt/airflow/dags/5_orchestration.py
[2026-09-13T02:23:49.739+0000] {processor.py:809} INFO - DAG(s) dict_keys(['5-orchestration']) retrieved from /opt/airflow/dags/5_orchestration.py
[2026-09-13T02:23:49.832+0000] {logging_mixin.py:149} INFO - [2026-09-13T02:23:49.831+0000] {dag.py:2726} INFO - Sync 1 DAGs
[2026-09-13T02:23:49.903+0000] {logging_mixin.py:149} INFO - [2026-09-13T02:23:49.903+0000] {dag.py:3490} INFO - Setting next_dagrun for 5-orchestration to 2023-05-01T00:00:00+00:00, run_after=2023-05-02T00:00:00+00:00
[2026-09-13T02:23:49.957+0000] {processor.py:178} INFO - Processing /opt/airflow/dags/5_orchestration.py took 0.267 seconds
[2026-09-13T02:24:20.173+0000] {processor.py:156} INFO - Started process (PID=162784) to work on /opt/airflow/dags/5_orchestration.py
[2026-09-13T02:24:20.176+0000] {processor.py:799} INFO - Processing file /opt/airflow/dags/5_orchestration.py for tasks to queue
[2026-09-13T02:24:20.178+0000] {logging_mixin.py:149} INFO - [2026-09-13T02:24:20.177+0000] {dagbag.py:541} INFO - Filling up the DagBag from /opt/airflow/dags/5_orchestration.py
[2026-09-13T02:24:20.213+0000] {processor.py:809} INFO - DAG(s) dict_keys(['5-orchestration']) retrieved from /opt/airflow/dags/5_orchestration.py
[2026-09-13T02:24:20.318+0000] {logging_mixin.py:149} INFO - [2026-09-13T02:24:20.317+0000] {dag.py:2726} INFO - Sync 1 DAGs
[2026-09-13T02:24:20.385+0000] {logging_mixin.py:149} INFO - [2026-09-13T02:24:20.385+0000] {dag.py:3490} INFO - Setting next_dagrun for 5-orchestration to 2023-05-01T00:00:00+00:00, run_after=2023-05-02T00:00:00+00:00
[2026-09-13T02:24:20.448+0000] {processor.py:178} INFO - Processing /opt/airflow/dags/5_orchestration.py took 0.285 seconds
[2026-09-13T02:24:50.687+0000] {processor.py:156} INFO - Started process (PID=162798) to work on /opt/airflow/dags/5_orchestration.py
[2026-09-13T02:24:50.690+0000] {processor.py:799} INFO - Processing file /opt/airflow/dags/5_orchestration.py for tasks to queue
[2026-09-13T02:24:50.692+0000] {logging_mixin.py:149} INFO - [2026-09-13T02:24:50.692+0000] {dagbag.py:541} INFO - Filling up the DagBag from /opt/airflow/dags/5_orchestration.py
[2026-09-13T02:24:50.729+0000] {processor.py:809} INFO - DAG(s) dict_keys(['5-orchestration']) retrieved from /opt/airflow/dags/5_orchestration.py
[2026-09-13T02:24:50.815+0000] {logging_mixin.py:149} INFO - [2026-09-13T02:24:50.815+0000] {dag.py:2726} INFO - Sync 1 DAGs
[2026-09-13T02:24:50.902+0000] {logging_mixin.py:149} INFO - [2026-09-13T02:24:50.901+0000] {dag.py:3490} INFO - Setting next_dagrun for 5-orchestration to 2023-05-01T00:00:00+00:00, run_after=2023-05-02T00:00:00+00:00
[2026-09-13T02:24:50.976+0000] {processor.py:178} INFO - Processing /opt/airflow/dags/5_orchestration.py took 0.298 seconds
[2026-09-13T02:25:21.121+0000] {processor.py:156} INFO - Started process (PID=162812) to work on /opt/airflow/dags/5_orchestration.py
[2026-09-13T02:25:21.123+0000] {processor.py:799} INFO - Processing file /opt/airflow/dags/5_orchestration.py for tasks to queue
[2026-09-13T02:25:21.124+0000] {logging_mixin.py:149} INFO - [2026-09-13T02:25:21.124+0000] {dagbag.py:541} INFO - Filling up the DagBag from /opt/airflow/dags/5_orchestration.py
[2026-09-13T02:25:21.145+0000] {processor.py:809} INFO - DAG(s) dict_keys(['5-orchestration']) retrieved from /opt/airflow/dags/5_orchestration.py
[2026-09-13T02:25:21.234+0000] {logging_mixin.py:149} INFO - [2026-09-13T02:25:21.234+0000] {dag.py:2726} INFO - Sync 1 DAGs
[2026-09-13T02:25:21.310+0000] {logging_mixin.py:149} INFO - [2026-09-13T02:25:21.310+0000] {dag.py:3490} INFO - Setting next_dagrun for 5-orchestration to 2023-05-01T00:00:00+00:00, run_after=2023-05-02T00:00:00+00:00
[2026-09-13T02:25:21.374+0000] {processor.py:178} INFO - Processing /opt/airflow/dags/5_orchestration.py took 0.262 seconds
[2026-09-13T02:25:51.576+0000] {processor.py:156} INFO - Started process (PID=162826) to work on /opt/airflow/dags/5_orchestration.py
[2026-09-13T02:25:51.579+0000] {processor.py:799} INFO - Processing file /opt/airflow/dags/5_orchestration.py for tasks to queue
[2026-09-13T02:25:51.581+0000] {logging_mixin.py:149} INFO - [2026-09-13T02:25:51.581+0000] {dagbag.py:541} INFO - Filling up the DagBag from /opt/airflow/dags/5_orchestration.py
[2026-09-13T02:25:51.613+0000] {processor.py:809} INFO - DAG(s) dict_keys(['5-orchestration']) retrieved from /opt/airflow/dags/5_orchestration.py
[2026-09-13T02:25:51.706+0000] {logging_mixin.py:149} INFO - [2026-09-13T02:25:51.706+0000] {dag.py:2726} INFO - Sync 1 DAGs
[2026-09-13T02:25:51.777+0000] {logging_mixin.py:149} INFO - [2026-09-13T02:25:51.776+0000] {dag.py:3490} INFO - Setting next_dagrun for 5-orchestration to 2023-05-01T00:00:00+00:00, run_after=2023-05-02T00:00:00+00:00
[2026-09-13T02:25:51.845+0000] {processor.py:178} INFO - Processing /opt/airflow/dags/5_orchestration.py took 0.280 seconds
[2026-09-13T02:26:22.062+0000] {processor.py:156} INFO - Started process (PID=162841) to work on /opt/airflow/dags/5_orchestration.py
[2026-09-13T02:26:22.064+0000] {processor.py:799} INFO - Processing file /opt/airflow/dags/5_orchestration.py for tasks to queue
[2026-09-13T02:26:22.066+0000] {logging_mixin.py:149} INFO - [2026-09-13T02:26:22.065+0000] {dagbag.py:541} INFO - Filling up the DagBag from /opt/airflow/dags/5_orchestration.py
[2026-09-13T02:26:22.095+0000] {processor.py:809} INFO - DAG(s) dict_keys(['5-orchestration']) retrieved from /opt/airflow/dags/5_orchestration.py
[2026-09-13T02:26:22.186+0000] {logging_mixin.py:149} INFO - [2026-09-13T02:26:22.185+0000] {dag.py:2726} INFO - Sync 1 DAGs
[2026-09-13T02:26:22.247+0000] {logging_mixin.py:149} INFO - [2026-09-13T02:26:22.246+0000] {dag.py:3490} INFO - Setting next_dagrun for 5-orchestration to 2023-05-01T00:00:00+00:00, run_after=2023-05-02T00:00:00+00:00
[2026-09-13T02:26:22.287+0000] {processor.py:178} INFO - Processing /opt/airflow/dags/5_orchestration.py took 0.235 seconds
[2026-09-13T02:26:52.550+0000] {processor.py:156} INFO - Started process (PID=162855) to work on /opt/airflow/dags/5_orchestration.py
[2026-09-13T02:26:52.554+0000] {processor.py:799} INFO - Processing file /opt/airflow/dags/5_orchestration.py for tasks to queue
[2026-09-13T02:26:52.556+0000] {logging_mixin.py:149} INFO - [2026-09-13T02:26:52.556+0000] {dagbag.py:541} INFO - Filling up the DagBag from /opt/airflow/dags/5_orchestration.py
[2026-09-13T02:26:52.596+0000] {processor.py:809} INFO - DAG(s) dict_keys(['5-orchestration']) retrieved from /opt/airflow/dags/5_orchestration.py
[2026-09-13T02:26:52.686+0000] {logging_mixin.py:149} INFO - [2026-09-13T02:26:52.686+0000] {dag.py:2726} INFO - Sync 1 DAGs
[2026-09-13T02:26:52.748+0000] {logging_mixin.py:149} INFO - [2026-09-13T02:26:52.748+0000] {dag.py:3490} INFO - Setting next_dagrun for 5-orchestration to 2023-05-01T00:00:00+00:00, run_after=2023-05-02T00:00:00+00:00
[2026-09-13T02:26:52.817+0000] {processor.py:178} INFO - Processing /opt/airflow/dags/5_orchestration.py took 0.279 seconds
[2026-09-13T02:27:22.974+0000] {processor.py:156} INFO - Started process (PID=162869) to work on /opt/airflow/dags/5_orchestration.py
[2026-09-13T02:27:22.977+0000] {processor.py:799} INFO - Processing file /opt/airflow/dags/5_orchestration.py for tasks to queue
[2026-09-13T02:27:22.979+0000] {logging_mixin.py:149} INFO - [2026-09-13T02:27:22.979+0000] {dagbag.py:541} INFO - Filling up the DagBag from /opt/airflow/dags/5_orchestration.py
[2026-09-13T02:27:23.012+0000] {processor.py:809} INFO - DAG(s) dict_keys(['5-orchestration']) retrieved from /opt/airflow/dags/5_orchestration.py
[2026-09-13T02:27:23.102+0000] {logging_mixin.py:149} INFO - [2026-09-13T02:27:23.101+0000] {dag.py:2726} INFO - Sync 1 DAGs
[2026-09-13T02:27:23.167+0000] {logging_mixin.py:149} INFO - [2026-09-13T02:27:23.167+0000] {dag.py:3490} INFO - Setting next_dagrun for 5-orchestration to 2023-05-01T00:00:00+00:00, run_after=2023-05-02T00:00:00+00:00
[2026-09-13T02:27:23.225+0000] {processor.py:178} INFO - Processing /opt/airflow/dags/5_orchestration.py took 0.261 seconds
[2026-09-13T02:27:53.378+0000] {processor.py:156} INFO - Started process (PID=162883) to work on /opt/airflow/dags/5_orchestration.py
[2026-09-13T02:27:53.385+0000] {processor.py:799} INFO - Processing file /opt/airflow/dags/5_orchestration.py for tasks to queue
[2026-09-13T02:27:53.388+0000] {logging_mixin.py:149} INFO - [2026-09-13T02:27:53.387+0000] {dagbag.py:541} INFO - Filling up the DagBag from /opt/airflow/dags/5_orchestration.py
[2026-09-13T02:27:53.432+0000] {processor.py:809} INFO - DAG(s) dict_keys(['5-orchestration']) retrieved from /opt/airflow/dags/5_orchestration.py
[2026-09-13T02:27:53.524+0000] {logging_mixin.py:149} INFO - [2026-09-13T02:27:53.524+0000] {dag.py:2726} INFO - Sync 1 DAGs
[2026-09-13T02:27:53.611+0000] {logging_mixin.py:149} INFO - [2026-09-13T02:27:53.611+0000] {dag.py:3490} INFO - Setting next_dagrun for 5-orchestration to 2023-05-01T00:00:00+00:00, run_after=2023-05-02T00:00:00+00:00
[2026-09-13T02:27:53.672+0000] {processor.py:178} INFO - Processing /opt/airflow/dags/5_orchestration.py took 0.304 seconds
[2026-09-13T02:28:23.934+0000] {processor.py:156} INFO - Started process (PID=162898) to work on /opt/airflow/dags/5_orchestration.py
[2026-09-13T02:28:23.939+0000] {processor.py:799} INFO - Processing file /opt/airflow/dags/5_orchestration.py for tasks to queue
[2026-09-13T02:28:23.940+0000] {logging_mixin.py:149} INFO - [2026-09-13T02:28:23.940+0000] {dagbag.py:541} INFO - Filling up the DagBag from /opt/airflow/dags/5_orchestration.py
[2026-09-13T02:28:23.975+0000] {processor.py:809} INFO - DAG(s) dict_keys(['5-orchestration']) retrieved from /opt/airflow/dags/5_orchestration.py
[2026-09-13T02:28:24.077+0000] {logging_mixin.py:149} INFO - [2026-09-13T02:28:24.075+0000] {dag.py:2726} INFO - Sync 1 DAGs
[2026-09-13T02:28:24.156+0000] {logging_mixin.py:149} INFO - [2026-09-13T02:28:24.155+0000] {dag.py:3490} INFO - Setting next_dagrun for 5-orchestration to 2023-05-01T00:00:00+00:00, run_after=2023-05-02T00:00:00+00:00
[2026-09-13T02:28:24.221+0000] {processor.py:178} INFO - Processing /opt/airflow/dags/5_orchestration.py took 0.297 seconds
[2026-09-13T02:28:54.346+0000] {processor.py:156} INFO - Started process (PID=162912) to work on /opt/airflow/dags/5_orchestration.py
[2026-09-13T02:28:54.349+0000] {processor.py:799} INFO - Processing file /opt/airflow/dags/5_orchestration.py for tasks to queue
[2026-09-13T02:28:54.351+0000] {logging_mixin.py:149} INFO - [2026-09-13T02:28:54.351+0000] {dagbag.py:541} INFO - Filling up the DagBag from /opt/airflow/dags/5_orchestration.py
[2026-09-13T02:28:54.388+0000] {processor.py:809} INFO - DAG(s) dict_keys(['5-orchestration']) retrieved from /opt/airflow/dags/5_orchestration.py
[2026-09-13T02:28:54.449+0000] {logging_mixin.py:149} INFO - [2026-09-13T02:28:54.449+0000] {dag.py:2726} INFO - Sync 1 DAGs
[2026-09-13T02:28:54.494+0000] {logging_mixin.py:149} INFO - [2026-09-13T02:28:54.494+0000] {dag.py:3490} INFO - Setting next_dagrun for 5-orchestration to 2023-05-01T00:00:00+00:00, run_after=2023-05-02T00:00:00+00:00
[2026-09-13T02:28:54.522+0000] {processor.py:178} INFO - Processing /opt/airflow/dags/5_orchestration.py took 0.188 seconds
[2026-09-13T02:29:24.696+0000] {processor.py:156} INFO - Started process (PID=162927) to work on /opt/airflow/dags/5_orchestration.py
[2026-09-13T02:29:24.699+0000] {processor.py:799} INFO - Processing file /opt/airflow/dags/5_orchestration.py for tasks to queue
[2026-09-13T02:29:24.701+0000] {logging_mixin.py:149} INFO - [2026-09-13T02:29:24.701+0000] {dagbag.py:541} INFO - Filling up the DagBag from /opt/airflow/dags/5_orchestration.py
[2026-09-13T02:29:24.736+0000] {processor.py:809} INFO - DAG(s) dict_keys(['5-orchestration']) retrieved from /opt/airflow/dags/5_orchestration.py
[2026-09-13T02:29:24.836+0000] {logging_mixin.py:149} INFO - [2026-09-13T02:29:24.836+0000] {dag.py:2726} INFO - Sync 1 DAGs
[2026-09-13T02:29:24.917+0000] {logging_mixin.py:149} INFO - [2026-09-13T02:29:24.916+0000] {dag.py:3490} INFO - Setting next_dagrun for 5-orchestration to 2023-05-01T00:00:00+00:00, run_after=2023-05-02T00:00:00+00:00
[2026-09-13T02:29:24.987+0000] {processor.py:178} INFO - Processing /opt/airflow/dags/5_orchestration.py took 0.302 seconds
[2026-09-13T02:29:55.162+0000] {processor.py:156} INFO - Started process (PID=162941) to work on /opt/airflow/dags/5_orchestration.py
[2026-09-13T02:29:55.164+0000] {processor.py:799} INFO - Processing file /opt/airflow/dags/5_orchestration.py for tasks to queue
[2026-09-13T02:29:55.166+0000] {logging_mixin.py:149} INFO - [2026-09-13T02:29:55.165+0000] {dagbag.py:541} INFO - Filling up the DagBag from /opt/airflow/dags/5_orchestration.py
[2026-09-13T02:29:55.199+0000] {processor.py:809} INFO - DAG(s) dict_keys(['5-orchestration']) retrieved from /opt/airflow/dags/5_orchestration.py
[2026-09-13T02:29:55.289+0000] {logging_mixin.py:149} INFO - [2026-09-13T02:29:55.288+0000] {dag.py:2726} INFO - Sync 1 DAGs
[2026-09-13T02:29:55.367+0000] {logging_mixin.py:149} INFO - [2026-09-13T02:29:55.367+0000] {dag.py:3490} INFO - Setting next_dagrun for 5-orchestration to 2023-05-01T00:00:00+00:00, run_after=2023-05-02T00:00:00+00:00
[2026-09-13T02:29:55.411+0000] {processor.py:178} INFO - Processing /opt/airflow/dags/5_orchestration.py took 0.260 seconds
[2026-09-13T02:30:25.553+0000] {processor.py:156} INFO - Started process (PID=162956) to work on /opt/airflow/dags/5_orchestration.py
[2026-09-13T02:30:25.556+0000] {processor.py:799} INFO - Processing file /opt/airflow/dags/5_orchestration.py for tasks to queue
[2026-09-13T02:30:25.557+0000] {logging_mixin.py:149} INFO - [2026-09-13T02:30:25.557+0000] {dagbag.py:541} INFO - Filling up the DagBag from /opt/airflow/dags/5_orchestration.py
[2026-09-13T02:30:25.606+0000] {processor.py:809} INFO - DAG(s) dict_keys(['5-orchestration']) retrieved from /opt/airflow/dags/5_orchestration.py
[2026-09-13T02:30:25.711+0000] {logging_mixin.py:149} INFO - [2026-09-13T02:30:25.711+0000] {dag.py:2726} INFO - Sync 1 DAGs
[2026-09-13T02:30:25.792+0000] {logging_mixin.py:149} INFO - [2026-09-13T02:30:25.791+0000] {dag.py:3490} INFO - Setting next_dagrun for 5-orchestration to 2023-05-01T00:00:00+00:00, run_after=2023-05-02T00:00:00+00:00
[2026-09-13T02:30:25.861+0000] {processor.py:178} INFO - Processing /opt/airflow/dags/5_orchestration.py took 0.323 seconds
[2026-09-13T02:30:56.072+0000] {processor.py:156} INFO - Started process (PID=162970) to work on /opt/airflow/dags/5_orchestration.py
[2026-09-13T02:30:56.076+0000] {processor.py:799} INFO - Processing file /opt/airflow/dags/5_orchestration.py for tasks to queue
[2026-09-13T02:30:56.078+0000] {logging_mixin.py:149} INFO - [2026-09-13T02:30:56.078+0000] {dagbag.py:541} INFO - Filling up the DagBag from /opt/airflow/dags/5_orchestration.py
[2026-09-13T02:30:56.112+0000] {processor.py:809} INFO - DAG(s) dict_keys(['5-orchestration']) retrieved from /opt/airflow/dags/5_orchestration.py
[2026-09-13T02:30:56.203+0000] {logging_mixin.py:149} INFO - [2026-09-13T02:30:56.202+0000] {dag.py:2726} INFO - Sync 1 DAGs
[2026-09-13T02:30:56.270+0000] {logging_mixin.py:149} INFO - [2026-09-13T02:30:56.270+0000] {dag.py:3490} INFO - Setting next_dagrun for 5-orchestration to 2023-05-01T00:00:00+00:00, run_after=2023-05-02T00:00:00+00:00
[2026-09-13T02:30:56.352+0000] {processor.py:178} INFO - Processing /opt/airflow/dags/5_orchestration.py took 0.292 seconds
[2026-09-13T02:31:26.630+0000] {processor.py:156} INFO - Started process (PID=162984) to work on /opt/airflow/dags/5_orchestration.py
[2026-09-13T02:31:26.633+0000] {processor.py:799} INFO - Processing file /opt/airflow/dags/5_orchestration.py for tasks to queue
[2026-09-13T02:31:26.635+0000] {logging_mixin.py:149} INFO - [2026-09-13T02:31:26.635+0000] {dagbag.py:541} INFO - Filling up the DagBag from /opt/airflow/dags/5_orchestration.py
[2026-09-13T02:31:26.667+0000] {processor.py:809} INFO - DAG(s) dict_keys(['5-orchestration']) retrieved from /opt/airflow/dags/5_orchestration.py
[2026-09-13T02:31:26.765+0000] {logging_mixin.py:149} INFO - [2026-09-13T02:31:26.764+0000] {dag.py:2726} INFO - Sync 1 DAGs
[2026-09-13T02:31:26.849+0000] {logging_mixin.py:149} INFO - [2026-09-13T02:31:26.848+0000] {dag.py:3490} INFO - Setting next_dagrun for 5-orchestration to 2023-05-01T00:00:00+00:00, run_after=2023-05-02T00:00:00+00:00
[2026-09-13T02:31:26.933+0000] {processor.py:178} INFO - Processing /opt/airflow/dags/5_orchestration.py took 0.313 seconds
[2026-09-13T02:31:57.137+0000] {processor.py:156} INFO - Started process (PID=162998) to work on /opt/airflow/dags/5_orchestration.py
[2026-09-13T02:31:57.140+0000] {processor.py:799} INFO - Processing file /opt/airflow/dags/5_orchestration.py for tasks to queue
[2026-09-13T02:31:57.142+0000] {logging_mixin.py:149} INFO - [2026-09-13T02:31:57.142+0000] {dagbag.py:541} INFO - Filling up the DagBag from /opt/airflow/dags/5_orchestration.py
[2026-09-13T02:31:57.177+0000] {processor.py:809} INFO - DAG(s) dict_keys(['5-orchestration']) retrieved from /opt/airflow/dags/5_orchestration.py
[2026-09-13T02:31:57.268+0000] {logging_mixin.py:149} INFO - [2026-09-13T02:31:57.268+0000] {dag.py:2726} INFO - Sync 1 DAGs
[2026-09-13T02:31:57.337+0000] {logging_mixin.py:149} INFO - [2026-09-13T02:31:57.337+0000] {dag.py:3490} INFO - Setting next_dagrun for 5-orchestration to 2023-05-01T00:00:00+00:00, run_after=2023-05-02T00:00:00+00:00
[2026-09-13T02:31:57.398+0000] {processor.py:178} INFO - Processing /opt/airflow/dags/5_orchestration.py took 0.271 seconds
[2026-09-13T02:32:27.564+0000] {processor.py:156} INFO - Started process (PID=163013) to work on /opt/airflow/dags/5_orchestration.py
[2026-09-13T02:32:27.566+0000] {processor.py:799} INFO - Processing file /opt/airflow/dags/5_orchestration.py for tasks to queue
[2026-09-13T02:32:27.567+0000] {logging_mixin.py:149} INFO - [2026-09-13T02:32:27.567+0000] {dagbag.py:541} INFO - Filling up the DagBag from /opt/airflow/dags/5_orchestration.py
[2026-09-13T02:32:27.585+0000] {processor.py:809} INFO - DAG(s) dict_keys(['5-orchestration']) retrieved from /opt/airflow/dags/5_orchestration.py
[2026-09-13T02:32:27.639+0000] {logging_mixin.py:149} INFO - [2026-09-13T02:32:27.639+0000] {dag.py:2726} INFO - Sync 1 DAGs
[2026-09-13T02:32:27.701+0000] {logging_mixin.py:149} INFO - [2026-09-13T02:32:27.701+0000] {dag.py:3490} INFO - Setting next_dagrun for 5-orchestration to 2023-05-01T00:00:00+00:00, run_after=2023-05-02T00:00:00+00:00
[2026-09-13T02:32:27.754+0000] {processor.py:178} INFO - Processing /opt/airflow/dags/5_orchestration.py took 0.195 seconds
[2026-09-13T02:32:58.091+0000] {processor.py:156} INFO - Started process (PID=163027) to work on /opt/airflow/dags/5_orchestration.py
[2026-09-13T02:32:58.096+0000] {processor.py:799} INFO - Processing file /opt/airflow/dags/5_orchestration.py for tasks to queue
[2026-09-13T02:32:58.098+0000] {logging_mixin.py:149} INFO - [2026-09-13T02:32:58.098+0000] {dagbag.py:541} INFO - Filling up the DagBag from /opt/airflow/dags/5_orchestration.py
[2026-09-13T02:32:58.141+0000] {processor.py:809} INFO - DAG(s) dict_keys(['5-orchestration']) retrieved from /opt/airflow/dags/5_orchestration.py
[2026-09-13T02:32:58.237+0000] {logging_mixin.py:149} INFO - [2026-09-13T02:32:58.237+0000] {dag.py:2726} INFO - Sync 1 DAGs
[2026-09-13T02:32:58.298+0000] {logging_mixin.py:149} INFO - [2026-09-13T02:32:58.297+0000] {dag.py:3490} INFO - Setting next_dagrun for 5-orchestration to 2023-05-01T00:00:00+00:00, run_after=2023-05-02T00:00:00+00:00
[2026-09-13T02:32:58.334+0000] {processor.py:178} INFO - Processing /opt/airflow/dags/5_orchestration.py took 0.255 seconds
[2026-09-13T02:33:28.541+0000] {processor.py:156} INFO - Started process (PID=163041) to work on /opt/airflow/dags/5_orchestration.py
[2026-09-13T02:33:28.544+0000] {processor.py:799} INFO - Processing file /opt/airflow/dags/5_orchestration.py for tasks to queue
[2026-09-13T02:33:28.546+0000] {logging_mixin.py:149} INFO - [2026-09-13T02:33:28.545+0000] {dagbag.py:541} INFO - Filling up the DagBag from /opt/airflow/dags/5_orchestration.py
[2026-09-13T02:33:28.580+0000] {processor.py:809} INFO - DAG(s) dict_keys(['5-orchestration']) retrieved from /opt/airflow/dags/5_orchestration.py
[2026-09-13T02:33:28.672+0000] {logging_mixin.py:149} INFO - [2026-09-13T02:33:28.672+0000] {dag.py:2726} INFO - Sync 1 DAGs
[2026-09-13T02:33:28.766+0000] {logging_mixin.py:149} INFO - [2026-09-13T02:33:28.766+0000] {dag.py:3490} INFO - Setting next_dagrun for 5-orchestration to 2023-05-01T00:00:00+00:00, run_after=2023-05-02T00:00:00+00:00
[2026-09-13T02:33:28.843+0000] {processor.py:178} INFO - Processing /opt/airflow/dags/5_orchestration.py took 0.312 seconds
[2026-09-13T02:33:58.955+0000] {processor.py:156} INFO - Started process (PID=163055) to work on /opt/airflow/dags/5_orchestration.py
[2026-09-13T02:33:58.958+0000] {processor.py:799} INFO - Processing file /opt/airflow/dags/5_orchestration.py for tasks to queue
[2026-09-13T02:33:58.960+0000] {logging_mixin.py:149} INFO - [2026-09-13T02:33:58.960+0000] {dagbag.py:541} INFO - Filling up the DagBag from /opt/airflow/dags/5_orchestration.py
[2026-09-13T02:33:58.996+0000] {processor.py:809} INFO - DAG(s) dict_keys(['5-orchestration']) retrieved from /opt/airflow/dags/5_orchestration.py
[2026-09-13T02:33:59.086+0000] {logging_mixin.py:149} INFO - [2026-09-13T02:33:59.086+0000] {dag.py:2726} INFO - Sync 1 DAGs
[2026-09-13T02:33:59.155+0000] {logging_mixin.py:149} INFO - [2026-09-13T02:33:59.154+0000] {dag.py:3490} INFO - Setting next_dagrun for 5-orchestration to 2023-05-01T00:00:00+00:00, run_after=2023-05-02T00:00:00+00:00
[2026-09-13T02:33:59.219+0000] {processor.py:178} INFO - Processing /opt/airflow/dags/5_orchestration.py took 0.276 seconds
[2026-09-13T02:34:29.459+0000] {processor.py:156} INFO - Started process (PID=163068) to work on /opt/airflow/dags/5_orchestration.py
[2026-09-13T02:34:29.464+0000] {processor.py:799} INFO - Processing file /opt/airflow/dags/5_orchestration.py for tasks to queue
[2026-09-13T02:34:29.468+0000] {logging_mixin.py:149} INFO - [2026-09-13T02:34:29.467+0000] {dagbag.py:541} INFO - Filling up the DagBag from /opt/airflow/dags/5_orchestration.py
[2026-09-13T02:34:29.502+0000] {processor.py:809} INFO - DAG(s) dict_keys(['5-orchestration']) retrieved from /opt/airflow/dags/5_orchestration.py
[2026-09-13T02:34:29.578+0000] {logging_mixin.py:149} INFO - [2026-09-13T02:34:29.577+0000] {dag.py:2726} INFO - Sync 1 DAGs
[2026-09-13T02:34:29.638+0000] {logging_mixin.py:149} INFO - [2026-09-13T02:34:29.637+0000] {dag.py:3490} INFO - Setting next_dagrun for 5-orchestration to 2023-05-01T00:00:00+00:00, run_after=2023-05-02T00:00:00+00:00
[2026-09-13T02:34:29.699+0000] {processor.py:178} INFO - Processing /opt/airflow/dags/5_orchestration.py took 0.250 seconds
[2026-09-13T02:34:59.788+0000] {processor.py:156} INFO - Started process (PID=163082) to work on /opt/airflow/dags/5_orchestration.py
[2026-09-13T02:34:59.792+0000] {processor.py:799} INFO - Processing file /opt/airflow/dags/5_orchestration.py for tasks to queue
[2026-09-13T02:34:59.794+0000] {logging_mixin.py:149} INFO - [2026-09-13T02:34:59.793+0000] {dagbag.py:541} INFO - Filling up the DagBag from /opt/airflow/dags/5_orchestration.py
[2026-09-13T02:34:59.826+0000] {processor.py:809} INFO - DAG(s) dict_keys(['5-orchestration']) retrieved from /opt/airflow/dags/5_orchestration.py
[2026-09-13T02:34:59.923+0000] {logging_mixin.py:149} INFO - [2026-09-13T02:34:59.923+0000] {dag.py:2726} INFO - Sync 1 DAGs
[2026-09-13T02:35:00.010+0000] {logging_mixin.py:149} INFO - [2026-09-13T02:35:00.010+0000] {dag.py:3490} INFO - Setting next_dagrun for 5-orchestration to 2023-05-01T00:00:00+00:00, run_after=2023-05-02T00:00:00+00:00
[2026-09-13T02:35:00.104+0000] {processor.py:178} INFO - Processing /opt/airflow/dags/5_orchestration.py took 0.327 seconds
[2026-09-13T02:35:30.244+0000] {processor.py:156} INFO - Started process (PID=163096) to work on /opt/airflow/dags/5_orchestration.py
[2026-09-13T02:35:30.247+0000] {processor.py:799} INFO - Processing file /opt/airflow/dags/5_orchestration.py for tasks to queue
[2026-09-13T02:35:30.249+0000] {logging_mixin.py:149} INFO - [2026-09-13T02:35:30.249+0000] {dagbag.py:541} INFO - Filling up the DagBag from /opt/airflow/dags/5_orchestration.py
[2026-09-13T02:35:30.281+0000] {processor.py:809} INFO - DAG(s) dict_keys(['5-orchestration']) retrieved from /opt/airflow/dags/5_orchestration.py
[2026-09-13T02:35:30.368+0000] {logging_mixin.py:149} INFO - [2026-09-13T02:35:30.368+0000] {dag.py:2726} INFO - Sync 1 DAGs
[2026-09-13T02:35:30.448+0000] {logging_mixin.py:149} INFO - [2026-09-13T02:35:30.447+0000] {dag.py:3490} INFO - Setting next_dagrun for 5-orchestration to 2023-05-01T00:00:00+00:00, run_after=2023-05-02T00:00:00+00:00
[2026-09-13T02:35:30.509+0000] {processor.py:178} INFO - Processing /opt/airflow/dags/5_orchestration.py took 0.277 seconds
[2026-09-13T02:36:00.809+0000] {processor.py:156} INFO - Started process (PID=163111) to work on /opt/airflow/dags/5_orchestration.py
[2026-09-13T02:36:00.812+0000] {processor.py:799} INFO - Processing file /opt/airflow/dags/5_orchestration.py for tasks to queue
[2026-09-13T02:36:00.814+0000] {logging_mixin.py:149} INFO - [2026-09-13T02:36:00.814+0000] {dagbag.py:541} INFO - Filling up the DagBag from /opt/airflow/dags/5_orchestration.py
[2026-09-13T02:36:00.851+0000] {processor.py:809} INFO - DAG(s) dict_keys(['5-orchestration']) retrieved from /opt/airflow/dags/5_orchestration.py
[2026-09-13T02:36:00.941+0000] {logging_mixin.py:149} INFO - [2026-09-13T02:36:00.941+0000] {dag.py:2726} INFO - Sync 1 DAGs
[2026-09-13T02:36:01.008+0000] {logging_mixin.py:149} INFO - [2026-09-13T02:36:01.008+0000] {dag.py:3490} INFO - Setting next_dagrun for 5-orchestration to 2023-05-01T00:00:00+00:00, run_after=2023-05-02T00:00:00+00:00
[2026-09-13T02:36:01.069+0000] {processor.py:178} INFO - Processing /opt/airflow/dags/5_orchestration.py took 0.273 seconds
[2026-09-13T02:36:31.316+0000] {processor.py:156} INFO - Started process (PID=163125) to work on /opt/airflow/dags/5_orchestration.py
[2026-09-13T02:36:31.319+0000] {processor.py:799} INFO - Processing file /opt/airflow/dags/5_orchestration.py for tasks to queue
[2026-09-13T02:36:31.321+0000] {logging_mixin.py:149} INFO - [2026-09-13T02:36:31.320+0000] {dagbag.py:541} INFO - Filling up the DagBag from /opt/airflow/dags/5_orchestration.py
[2026-09-13T02:36:31.358+0000] {processor.py:809} INFO - DAG(s) dict_keys(['5-orchestration']) retrieved from /opt/airflow/dags/5_orchestration.py
[2026-09-13T02:36:31.440+0000] {logging_mixin.py:149} INFO - [2026-09-13T02:36:31.439+0000] {dag.py:2726} INFO - Sync 1 DAGs
[2026-09-13T02:36:31.513+0000] {logging_mixin.py:149} INFO - [2026-09-13T02:36:31.512+0000] {dag.py:3490} INFO - Setting next_dagrun for 5-orchestration to 2023-05-01T00:00:00+00:00, run_after=2023-05-02T00:00:00+00:00
[2026-09-13T02:36:31.571+0000] {processor.py:178} INFO - Processing /opt/airflow/dags/5_orchestration.py took 0.268 seconds
[2026-09-13T02:37:01.838+0000] {processor.py:156} INFO - Started process (PID=163139) to work on /opt/airflow/dags/5_orchestration.py
[2026-09-13T02:37:01.846+0000] {processor.py:799} INFO - Processing file /opt/airflow/dags/5_orchestration.py for tasks to queue
[2026-09-13T02:37:01.847+0000] {logging_mixin.py:149} INFO - [2026-09-13T02:37:01.847+0000] {dagbag.py:541} INFO - Filling up the DagBag from /opt/airflow/dags/5_orchestration.py
[2026-09-13T02:37:01.897+0000] {processor.py:809} INFO - DAG(s) dict_keys(['5-orchestration']) retrieved from /opt/airflow/dags/5_orchestration.py
[2026-09-13T02:37:01.992+0000] {logging_mixin.py:149} INFO - [2026-09-13T02:37:01.991+0000] {dag.py:2726} INFO - Sync 1 DAGs
[2026-09-13T02:37:02.059+0000] {logging_mixin.py:149} INFO - [2026-09-13T02:37:02.057+0000] {dag.py:3490} INFO - Setting next_dagrun for 5-orchestration to 2023-05-01T00:00:00+00:00, run_after=2023-05-02T00:00:00+00:00
[2026-09-13T02:37:02.113+0000] {processor.py:178} INFO - Processing /opt/airflow/dags/5_orchestration.py took 0.284 seconds
[2026-09-13T02:37:32.293+0000] {processor.py:156} INFO - Started process (PID=163154) to work on /opt/airflow/dags/5_orchestration.py
[2026-09-13T02:37:32.295+0000] {processor.py:799} INFO - Processing file /opt/airflow/dags/5_orchestration.py for tasks to queue
[2026-09-13T02:37:32.297+0000] {logging_mixin.py:149} INFO - [2026-09-13T02:37:32.296+0000] {dagbag.py:541} INFO - Filling up the DagBag from /opt/airflow/dags/5_orchestration.py
[2026-09-13T02:37:32.324+0000] {processor.py:809} INFO - DAG(s) dict_keys(['5-orchestration']) retrieved from /opt/airflow/dags/5_orchestration.py
[2026-09-13T02:37:32.418+0000] {logging_mixin.py:149} INFO - [2026-09-13T02:37:32.418+0000] {dag.py:2726} INFO - Sync 1 DAGs
[2026-09-13T02:37:32.491+0000] {logging_mixin.py:149} INFO - [2026-09-13T02:37:32.491+0000] {dag.py:3490} INFO - Setting next_dagrun for 5-orchestration to 2023-05-01T00:00:00+00:00, run_after=2023-05-02T00:00:00+00:00
[2026-09-13T02:37:32.551+0000] {processor.py:178} INFO - Processing /opt/airflow/dags/5_orchestration.py took 0.268 seconds
[2026-09-13T02:38:02.781+0000] {processor.py:156} INFO - Started process (PID=163168) to work on /opt/airflow/dags/5_orchestration.py
[2026-09-13T02:38:02.784+0000] {processor.py:799} INFO - Processing file /opt/airflow/dags/5_orchestration.py for tasks to queue
[2026-09-13T02:38:02.786+0000] {logging_mixin.py:149} INFO - [2026-09-13T02:38:02.786+0000] {dagbag.py:541} INFO - Filling up the DagBag from /opt/airflow/dags/5_orchestration.py
[2026-09-13T02:38:02.815+0000] {processor.py:809} INFO - DAG(s) dict_keys(['5-orchestration']) retrieved from /opt/airflow/dags/5_orchestration.py
[2026-09-13T02:38:02.900+0000] {logging_mixin.py:149} INFO - [2026-09-13T02:38:02.900+0000] {dag.py:2726} INFO - Sync 1 DAGs
[2026-09-13T02:38:02.960+0000] {logging_mixin.py:149} INFO - [2026-09-13T02:38:02.960+0000] {dag.py:3490} INFO - Setting next_dagrun for 5-orchestration to 2023-05-01T00:00:00+00:00, run_after=2023-05-02T00:00:00+00:00
[2026-09-13T02:38:03.015+0000] {processor.py:178} INFO - Processing /opt/airflow/dags/5_orchestration.py took 0.245 seconds
[2026-09-13T02:38:33.243+0000] {processor.py:156} INFO - Started process (PID=163182) to work on /opt/airflow/dags/5_orchestration.py
[2026-09-13T02:38:33.246+0000] {processor.py:799} INFO - Processing file /opt/airflow/dags/5_orchestration.py for tasks to queue
[2026-09-13T02:38:33.247+0000] {logging_mixin.py:149} INFO - [2026-09-13T02:38:33.247+0000] {dagbag.py:541} INFO - Filling up the DagBag from /opt/airflow/dags/5_orchestration.py
[2026-09-13T02:38:33.281+0000] {processor.py:809} INFO - DAG(s) dict_keys(['5-orchestration']) retrieved from /opt/airflow/dags/5_orchestration.py
[2026-09-13T02:38:33.375+0000] {logging_mixin.py:149} INFO - [2026-09-13T02:38:33.374+0000] {dag.py:2726} INFO - Sync 1 DAGs
[2026-09-13T02:38:33.439+0000] {logging_mixin.py:149} INFO - [2026-09-13T02:38:33.439+0000] {dag.py:3490} INFO - Setting next_dagrun for 5-orchestration to 2023-05-01T00:00:00+00:00, run_after=2023-05-02T00:00:00+00:00
[2026-09-13T02:38:33.501+0000] {processor.py:178} INFO - Processing /opt/airflow/dags/5_orchestration.py took 0.269 seconds
[2026-09-13T02:39:03.787+0000] {processor.py:156} INFO - Started process (PID=163196) to work on /opt/airflow/dags/5_orchestration.py
[2026-09-13T02:39:03.790+0000] {processor.py:799} INFO - Processing file /opt/airflow/dags/5_orchestration.py for tasks to queue
[2026-09-13T02:39:03.792+0000] {logging_mixin.py:149} INFO - [2026-09-13T02:39:03.792+0000] {dagbag.py:541} INFO - Filling up the DagBag from /opt/airflow/dags/5_orchestration.py
[2026-09-13T02:39:03.830+0000] {processor.py:809} INFO - DAG(s) dict_keys(['5-orchestration']) retrieved from /opt/airflow/dags/5_orchestration.py
[2026-09-13T02:39:03.919+0000] {logging_mixin.py:149} INFO - [2026-09-13T02:39:03.919+0000] {dag.py:2726} INFO - Sync 1 DAGs
[2026-09-13T02:39:03.990+0000] {logging_mixin.py:149} INFO - [2026-09-13T02:39:03.989+0000] {dag.py:3490} INFO - Setting next_dagrun for 5-orchestration to 2023-05-01T00:00:00+00:00, run_after=2023-05-02T00:00:00+00:00
[2026-09-13T02:39:04.061+0000] {processor.py:178} INFO - Processing /opt/airflow/dags/5_orchestration.py took 0.287 seconds
[2026-09-13T02:39:34.283+0000] {processor.py:156} INFO - Started process (PID=163210) to work on /opt/airflow/dags/5_orchestration.py
[2026-09-13T02:39:34.287+0000] {processor.py:799} INFO - Processing file /opt/airflow/dags/5_orchestration.py for tasks to queue
[2026-09-13T02:39:34.289+0000] {logging_mixin.py:149} INFO - [2026-09-13T02:39:34.288+0000] {dagbag.py:541} INFO - Filling up the DagBag from /opt/airflow/dags/5_orchestration.py
[2026-09-13T02:39:34.318+0000] {processor.py:809} INFO - DAG(s) dict_keys(['5-orchestration']) retrieved from /opt/airflow/dags/5_orchestration.py
[2026-09-13T02:39:34.408+0000] {logging_mixin.py:149} INFO - [2026-09-13T02:39:34.408+0000] {dag.py:2726} INFO - Sync 1 DAGs
[2026-09-13T02:39:34.498+0000] {logging_mixin.py:149} INFO - [2026-09-13T02:39:34.497+0000] {dag.py:3490} INFO - Setting next_dagrun for 5-orchestration to 2023-05-01T00:00:00+00:00, run_after=2023-05-02T00:00:00+00:00
[2026-09-13T02:39:34.561+0000] {processor.py:178} INFO - Processing /opt/airflow/dags/5_orchestration.py took 0.292 seconds
[2026-09-13T02:40:04.805+0000] {processor.py:156} INFO - Started process (PID=163225) to work on /opt/airflow/dags/5_orchestration.py
[2026-09-13T02:40:04.809+0000] {processor.py:799} INFO - Processing file /opt/airflow/dags/5_orchestration.py for tasks to queue
[2026-09-13T02:40:04.811+0000] {logging_mixin.py:149} INFO - [2026-09-13T02:40:04.810+0000] {dagbag.py:541} INFO - Filling up the DagBag from /opt/airflow/dags/5_orchestration.py
[2026-09-13T02:40:04.866+0000] {processor.py:809} INFO - DAG(s) dict_keys(['5-orchestration']) retrieved from /opt/airflow/dags/5_orchestration.py
[2026-09-13T02:40:04.954+0000] {logging_mixin.py:149} INFO - [2026-09-13T02:40:04.953+0000] {dag.py:2726} INFO - Sync 1 DAGs
[2026-09-13T02:40:05.008+0000] {logging_mixin.py:149} INFO - [2026-09-13T02:40:05.008+0000] {dag.py:3490} INFO - Setting next_dagrun for 5-orchestration to 2023-05-01T00:00:00+00:00, run_after=2023-05-02T00:00:00+00:00
[2026-09-13T02:40:05.070+0000] {processor.py:178} INFO - Processing /opt/airflow/dags/5_orchestration.py took 0.276 seconds
[2026-09-13T02:40:35.303+0000] {processor.py:156} INFO - Started process (PID=163240) to work on /opt/airflow/dags/5_orchestration.py
[2026-09-13T02:40:35.307+0000] {processor.py:799} INFO - Processing file /opt/airflow/dags/5_orchestration.py for tasks to queue
[2026-09-13T02:40:35.309+0000] {logging_mixin.py:149} INFO - [2026-09-13T02:40:35.309+0000] {dagbag.py:541} INFO - Filling up the DagBag from /opt/airflow/dags/5_orchestration.py
[2026-09-13T02:40:35.348+0000] {processor.py:809} INFO - DAG(s) dict_keys(['5-orchestration']) retrieved from /opt/airflow/dags/5_orchestration.py
[2026-09-13T02:40:35.441+0000] {logging_mixin.py:149} INFO - [2026-09-13T02:40:35.441+0000] {dag.py:2726} INFO - Sync 1 DAGs
[2026-09-13T02:40:35.520+0000] {logging_mixin.py:149} INFO - [2026-09-13T02:40:35.519+0000] {dag.py:3490} INFO - Setting next_dagrun for 5-orchestration to 2023-05-01T00:00:00+00:00, run_after=2023-05-02T00:00:00+00:00
[2026-09-13T02:40:35.591+0000] {processor.py:178} INFO - Processing /opt/airflow/dags/5_orchestration.py took 0.298 seconds
[2026-09-13T02:41:05.820+0000] {processor.py:156} INFO - Started process (PID=163254) to work on /opt/airflow/dags/5_orchestration.py
[2026-09-13T02:41:05.823+0000] {processor.py:799} INFO - Processing file /opt/airflow/dags/5_orchestration.py for tasks to queue
[2026-09-13T02:41:05.825+0000] {logging_mixin.py:149} INFO - [2026-09-13T02:41:05.824+0000] {dagbag.py:541} INFO - Filling up the DagBag from /opt/airflow/dags/5_orchestration.py
[2026-09-13T02:41:05.862+0000] {processor.py:809} INFO - DAG(s) dict_keys(['5-orchestration']) retrieved from /opt/airflow/dags/5_orchestration.py
[2026-09-13T02:41:05.944+0000] {logging_mixin.py:149} INFO - [2026-09-13T02:41:05.944+0000] {dag.py:2726} INFO - Sync 1 DAGs
[2026-09-13T02:41:06.001+0000] {logging_mixin.py:149} INFO - [2026-09-13T02:41:06.001+0000] {dag.py:3490} INFO - Setting next_dagrun for 5-orchestration to 2023-05-01T00:00:00+00:00, run_after=2023-05-02T00:00:00+00:00
[2026-09-13T02:41:06.035+0000] {processor.py:178} INFO - Processing /opt/airflow/dags/5_orchestration.py took 0.227 seconds
[2026-09-13T02:41:36.257+0000] {processor.py:156} INFO - Started process (PID=163267) to work on /opt/airflow/dags/5_orchestration.py
[2026-09-13T02:41:36.260+0000] {processor.py:799} INFO - Processing file /opt/airflow/dags/5_orchestration.py for tasks to queue
[2026-09-13T02:41:36.262+0000] {logging_mixin.py:149} INFO - [2026-09-13T02:41:36.262+0000] {dagbag.py:541} INFO - Filling up the DagBag from /opt/airflow/dags/5_orchestration.py
[2026-09-13T02:41:36.296+0000] {processor.py:809} INFO - DAG(s) dict_keys(['5-orchestration']) retrieved from /opt/airflow/dags/5_orchestration.py
[2026-09-13T02:41:36.397+0000] {logging_mixin.py:149} INFO - [2026-09-13T02:41:36.396+0000] {dag.py:2726} INFO - Sync 1 DAGs
[2026-09-13T02:41:36.469+0000] {logging_mixin.py:149} INFO - [2026-09-13T02:41:36.468+0000] {dag.py:3490} INFO - Setting next_dagrun for 5-orchestration to 2023-05-01T00:00:00+00:00, run_after=2023-05-02T00:00:00+00:00
[2026-09-13T02:41:36.533+0000] {processor.py:178} INFO - Processing /opt/airflow/dags/5_orchestration.py took 0.286 seconds
[2026-09-13T02:42:06.603+0000] {processor.py:156} INFO - Started process (PID=163281) to work on /opt/airflow/dags/5_orchestration.py
[2026-09-13T02:42:06.606+0000] {processor.py:799} INFO - Processing file /opt/airflow/dags/5_orchestration.py for tasks to queue
[2026-09-13T02:42:06.608+0000] {logging_mixin.py:149} INFO - [2026-09-13T02:42:06.608+0000] {dagbag.py:541} INFO - Filling up the DagBag from /opt/airflow/dags/5_orchestration.py
[2026-09-13T02:42:06.647+0000] {processor.py:809} INFO - DAG(s) dict_keys(['5-orchestration']) retrieved from /opt/airflow/dags/5_orchestration.py
[2026-09-13T02:42:06.706+0000] {logging_mixin.py:149} INFO - [2026-09-13T02:42:06.705+0000] {dag.py:2726} INFO - Sync 1 DAGs
[2026-09-13T02:42:06.754+0000] {logging_mixin.py:149} INFO - [2026-09-13T02:42:06.753+0000] {dag.py:3490} INFO - Setting next_dagrun for 5-orchestration to 2023-05-01T00:00:00+00:00, run_after=2023-05-02T00:00:00+00:00
[2026-09-13T02:42:06.818+0000] {processor.py:178} INFO - Processing /opt/airflow/dags/5_orchestration.py took 0.232 seconds
[2026-09-13T02:42:37.049+0000] {processor.py:156} INFO - Started process (PID=163295) to work on /opt/airflow/dags/5_orchestration.py
[2026-09-13T02:42:37.053+0000] {processor.py:799} INFO - Processing file /opt/airflow/dags/5_orchestration.py for tasks to queue
[2026-09-13T02:42:37.056+0000] {logging_mixin.py:149} INFO - [2026-09-13T02:42:37.056+0000] {dagbag.py:541} INFO - Filling up the DagBag from /opt/airflow/dags/5_orchestration.py
[2026-09-13T02:42:37.093+0000] {processor.py:809} INFO - DAG(s) dict_keys(['5-orchestration']) retrieved from /opt/airflow/dags/5_orchestration.py
[2026-09-13T02:42:37.201+0000] {logging_mixin.py:149} INFO - [2026-09-13T02:42:37.200+0000] {dag.py:2726} INFO - Sync 1 DAGs
[2026-09-13T02:42:37.260+0000] {logging_mixin.py:149} INFO - [2026-09-13T02:42:37.260+0000] {dag.py:3490} INFO - Setting next_dagrun for 5-orchestration to 2023-05-01T00:00:00+00:00, run_after=2023-05-02T00:00:00+00:00
[2026-09-13T02:42:37.289+0000] {processor.py:178} INFO - Processing /opt/airflow/dags/5_orchestration.py took 0.250 seconds
[2026-09-13T02:43:07.446+0000] {processor.py:156} INFO - Started process (PID=163309) to work on /opt/airflow/dags/5_orchestration.py
[2026-09-13T02:43:07.449+0000] {processor.py:799} INFO - Processing file /opt/airflow/dags/5_orchestration.py for tasks to queue
[2026-09-13T02:43:07.451+0000] {logging_mixin.py:149} INFO - [2026-09-13T02:43:07.451+0000] {dagbag.py:541} INFO - Filling up the DagBag from /opt/airflow/dags/5_orchestration.py
[2026-09-13T02:43:07.498+0000] {processor.py:809} INFO - DAG(s) dict_keys(['5-orchestration']) retrieved from /opt/airflow/dags/5_orchestration.py
[2026-09-13T02:43:07.601+0000] {logging_mixin.py:149} INFO - [2026-09-13T02:43:07.600+0000] {dag.py:2726} INFO - Sync 1 DAGs
[2026-09-13T02:43:07.693+0000] {logging_mixin.py:149} INFO - [2026-09-13T02:43:07.692+0000] {dag.py:3490} INFO - Setting next_dagrun for 5-orchestration to 2023-05-01T00:00:00+00:00, run_after=2023-05-02T00:00:00+00:00
[2026-09-13T02:43:07.740+0000] {processor.py:178} INFO - Processing /opt/airflow/dags/5_orchestration.py took 0.305 seconds
[2026-09-13T02:43:37.978+0000] {processor.py:156} INFO - Started process (PID=163324) to work on /opt/airflow/dags/5_orchestration.py
[2026-09-13T02:43:37.981+0000] {processor.py:799} INFO - Processing file /opt/airflow/dags/5_orchestration.py for tasks to queue
[2026-09-13T02:43:37.983+0000] {logging_mixin.py:149} INFO - [2026-09-13T02:43:37.982+0000] {dagbag.py:541} INFO - Filling up the DagBag from /opt/airflow/dags/5_orchestration.py
[2026-09-13T02:43:38.018+0000] {processor.py:809} INFO - DAG(s) dict_keys(['5-orchestration']) retrieved from /opt/airflow/dags/5_orchestration.py
[2026-09-13T02:43:38.107+0000] {logging_mixin.py:149} INFO - [2026-09-13T02:43:38.107+0000] {dag.py:2726} INFO - Sync 1 DAGs
[2026-09-13T02:43:38.174+0000] {logging_mixin.py:149} INFO - [2026-09-13T02:43:38.173+0000] {dag.py:3490} INFO - Setting next_dagrun for 5-orchestration to 2023-05-01T00:00:00+00:00, run_after=2023-05-02T00:00:00+00:00
[2026-09-13T02:43:38.239+0000] {processor.py:178} INFO - Processing /opt/airflow/dags/5_orchestration.py took 0.272 seconds
[2026-09-13T02:44:08.464+0000] {processor.py:156} INFO - Started process (PID=163339) to work on /opt/airflow/dags/5_orchestration.py
[2026-09-13T02:44:08.468+0000] {processor.py:799} INFO - Processing file /opt/airflow/dags/5_orchestration.py for tasks to queue
[2026-09-13T02:44:08.470+0000] {logging_mixin.py:149} INFO - [2026-09-13T02:44:08.470+0000] {dagbag.py:541} INFO - Filling up the DagBag from /opt/airflow/dags/5_orchestration.py
[2026-09-13T02:44:08.506+0000] {processor.py:809} INFO - DAG(s) dict_keys(['5-orchestration']) retrieved from /opt/airflow/dags/5_orchestration.py
[2026-09-13T02:44:08.603+0000] {logging_mixin.py:149} INFO - [2026-09-13T02:44:08.603+0000] {dag.py:2726} INFO - Sync 1 DAGs
[2026-09-13T02:44:08.705+0000] {logging_mixin.py:149} INFO - [2026-09-13T02:44:08.705+0000] {dag.py:3490} INFO - Setting next_dagrun for 5-orchestration to 2023-05-01T00:00:00+00:00, run_after=2023-05-02T00:00:00+00:00
[2026-09-13T02:44:08.782+0000] {processor.py:178} INFO - Processing /opt/airflow/dags/5_orchestration.py took 0.329 seconds
[2026-09-13T02:44:38.872+0000] {processor.py:156} INFO - Started process (PID=163353) to work on /opt/airflow/dags/5_orchestration.py
[2026-09-13T02:44:38.875+0000] {processor.py:799} INFO - Processing file /opt/airflow/dags/5_orchestration.py for tasks to queue
[2026-09-13T02:44:38.877+0000] {logging_mixin.py:149} INFO - [2026-09-13T02:44:38.877+0000] {dagbag.py:541} INFO - Filling up the DagBag from /opt/airflow/dags/5_orchestration.py
[2026-09-13T02:44:38.912+0000] {processor.py:809} INFO - DAG(s) dict_keys(['5-orchestration']) retrieved from /opt/airflow/dags/5_orchestration.py
[2026-09-13T02:44:39.007+0000] {logging_mixin.py:149} INFO - [2026-09-13T02:44:39.006+0000] {dag.py:2726} INFO - Sync 1 DAGs
[2026-09-13T02:44:39.087+0000] {logging_mixin.py:149} INFO - [2026-09-13T02:44:39.086+0000] {dag.py:3490} INFO - Setting next_dagrun for 5-orchestration to 2023-05-01T00:00:00+00:00, run_after=2023-05-02T00:00:00+00:00
[2026-09-13T02:44:39.155+0000] {processor.py:178} INFO - Processing /opt/airflow/dags/5_orchestration.py took 0.294 seconds
[2026-09-13T02:45:09.297+0000] {processor.py:156} INFO - Started process (PID=163367) to work on /opt/airflow/dags/5_orchestration.py
[2026-09-13T02:45:09.300+0000] {processor.py:799} INFO - Processing file /opt/airflow/dags/5_orchestration.py for tasks to queue
[2026-09-13T02:45:09.302+0000] {logging_mixin.py:149} INFO - [2026-09-13T02:45:09.302+0000] {dagbag.py:541} INFO - Filling up the DagBag from /opt/airflow/dags/5_orchestration.py
[2026-09-13T02:45:09.339+0000] {processor.py:809} INFO - DAG(s) dict_keys(['5-orchestration']) retrieved from /opt/airflow/dags/5_orchestration.py
[2026-09-13T02:45:09.428+0000] {logging_mixin.py:149} INFO - [2026-09-13T02:45:09.428+0000] {dag.py:2726} INFO - Sync 1 DAGs
[2026-09-13T02:45:09.500+0000] {logging_mixin.py:149} INFO - [2026-09-13T02:45:09.500+0000] {dag.py:3490} INFO - Setting next_dagrun for 5-orchestration to 2023-05-01T00:00:00+00:00, run_after=2023-05-02T00:00:00+00:00
[2026-09-13T02:45:09.550+0000] {processor.py:178} INFO - Processing /opt/airflow/dags/5_orchestration.py took 0.266 seconds
[2026-09-13T02:45:39.706+0000] {processor.py:156} INFO - Started process (PID=163381) to work on /opt/airflow/dags/5_orchestration.py
[2026-09-13T02:45:39.709+0000] {processor.py:799} INFO - Processing file /opt/airflow/dags/5_orchestration.py for tasks to queue
[2026-09-13T02:45:39.711+0000] {logging_mixin.py:149} INFO - [2026-09-13T02:45:39.711+0000] {dagbag.py:541} INFO - Filling up the DagBag from /opt/airflow/dags/5_orchestration.py
[2026-09-13T02:45:39.745+0000] {processor.py:809} INFO - DAG(s) dict_keys(['5-orchestration']) retrieved from /opt/airflow/dags/5_orchestration.py
[2026-09-13T02:45:39.825+0000] {logging_mixin.py:149} INFO - [2026-09-13T02:45:39.824+0000] {dag.py:2726} INFO - Sync 1 DAGs
[2026-09-13T02:45:39.875+0000] {logging_mixin.py:149} INFO - [2026-09-13T02:45:39.875+0000] {dag.py:3490} INFO - Setting next_dagrun for 5-orchestration to 2023-05-01T00:00:00+00:00, run_after=2023-05-02T00:00:00+00:00
[2026-09-13T02:45:39.906+0000] {processor.py:178} INFO - Processing /opt/airflow/dags/5_orchestration.py took 0.210 seconds
[2026-09-13T02:46:10.046+0000] {processor.py:156} INFO - Started process (PID=163395) to work on /opt/airflow/dags/5_orchestration.py
[2026-09-13T02:46:10.051+0000] {processor.py:799} INFO - Processing file /opt/airflow/dags/5_orchestration.py for tasks to queue
[2026-09-13T02:46:10.052+0000] {logging_mixin.py:149} INFO - [2026-09-13T02:46:10.052+0000] {dagbag.py:541} INFO - Filling up the DagBag from /opt/airflow/dags/5_orchestration.py
[2026-09-13T02:46:10.090+0000] {processor.py:809} INFO - DAG(s) dict_keys(['5-orchestration']) retrieved from /opt/airflow/dags/5_orchestration.py
[2026-09-13T02:46:10.185+0000] {logging_mixin.py:149} INFO - [2026-09-13T02:46:10.185+0000] {dag.py:2726} INFO - Sync 1 DAGs
[2026-09-13T02:46:10.277+0000] {logging_mixin.py:149} INFO - [2026-09-13T02:46:10.276+0000] {dag.py:3490} INFO - Setting next_dagrun for 5-orchestration to 2023-05-01T00:00:00+00:00, run_after=2023-05-02T00:00:00+00:00
[2026-09-13T02:46:10.333+0000] {processor.py:178} INFO - Processing /opt/airflow/dags/5_orchestration.py took 0.297 seconds
[2026-09-13T02:46:40.478+0000] {processor.py:156} INFO - Started process (PID=163410) to work on /opt/airflow/dags/5_orchestration.py
[2026-09-13T02:46:40.480+0000] {processor.py:799} INFO - Processing file /opt/airflow/dags/5_orchestration.py for tasks to queue
[2026-09-13T02:46:40.482+0000] {logging_mixin.py:149} INFO - [2026-09-13T02:46:40.481+0000] {dagbag.py:541} INFO - Filling up the DagBag from /opt/airflow/dags/5_orchestration.py
[2026-09-13T02:46:40.512+0000] {processor.py:809} INFO - DAG(s) dict_keys(['5-orchestration']) retrieved from /opt/airflow/dags/5_orchestration.py
[2026-09-13T02:46:40.604+0000] {logging_mixin.py:149} INFO - [2026-09-13T02:46:40.604+0000] {dag.py:2726} INFO - Sync 1 DAGs
[2026-09-13T02:46:40.682+0000] {logging_mixin.py:149} INFO - [2026-09-13T02:46:40.681+0000] {dag.py:3490} INFO - Setting next_dagrun for 5-orchestration to 2023-05-01T00:00:00+00:00, run_after=2023-05-02T00:00:00+00:00
[2026-09-13T02:46:40.747+0000] {processor.py:178} INFO - Processing /opt/airflow/dags/5_orchestration.py took 0.279 seconds
[2026-09-13T02:47:11.024+0000] {processor.py:156} INFO - Started process (PID=163423) to work on /opt/airflow/dags/5_orchestration.py
[2026-09-13T02:47:11.029+0000] {processor.py:799} INFO - Processing file /opt/airflow/dags/5_orchestration.py for tasks to queue
[2026-09-13T02:47:11.032+0000] {logging_mixin.py:149} INFO - [2026-09-13T02:47:11.031+0000] {dagbag.py:541} INFO - Filling up the DagBag from /opt/airflow/dags/5_orchestration.py
[2026-09-13T02:47:11.077+0000] {processor.py:809} INFO - DAG(s) dict_keys(['5-orchestration']) retrieved from /opt/airflow/dags/5_orchestration.py
[2026-09-13T02:47:11.167+0000] {logging_mixin.py:149} INFO - [2026-09-13T02:47:11.167+0000] {dag.py:2726} INFO - Sync 1 DAGs
[2026-09-13T02:47:11.238+0000] {logging_mixin.py:149} INFO - [2026-09-13T02:47:11.238+0000] {dag.py:3490} INFO - Setting next_dagrun for 5-orchestration to 2023-05-01T00:00:00+00:00, run_after=2023-05-02T00:00:00+00:00
[2026-09-13T02:47:11.305+0000] {processor.py:178} INFO - Processing /opt/airflow/dags/5_orchestration.py took 0.295 seconds
[2026-09-13T02:47:41.417+0000] {processor.py:156} INFO - Started process (PID=163437) to work on /opt/airflow/dags/5_orchestration.py
[2026-09-13T02:47:41.420+0000] {processor.py:799} INFO - Processing file /opt/airflow/dags/5_orchestration.py for tasks to queue
[2026-09-13T02:47:41.421+0000] {logging_mixin.py:149} INFO - [2026-09-13T02:47:41.421+0000] {dagbag.py:541} INFO - Filling up the DagBag from /opt/airflow/dags/5_orchestration.py
[2026-09-13T02:47:41.455+0000] {processor.py:809} INFO - DAG(s) dict_keys(['5-orchestration']) retrieved from /opt/airflow/dags/5_orchestration.py
[2026-09-13T02:47:41.546+0000] {logging_mixin.py:149} INFO - [2026-09-13T02:47:41.545+0000] {dag.py:2726} INFO - Sync 1 DAGs
[2026-09-13T02:47:41.631+0000] {logging_mixin.py:149} INFO - [2026-09-13T02:47:41.631+0000] {dag.py:3490} INFO - Setting next_dagrun for 5-orchestration to 2023-05-01T00:00:00+00:00, run_after=2023-05-02T00:00:00+00:00
[2026-09-13T02:47:41.699+0000] {processor.py:178} INFO - Processing /opt/airflow/dags/5_orchestration.py took 0.294 seconds
[2026-09-13T02:48:11.998+0000] {processor.py:156} INFO - Started process (PID=163452) to work on /opt/airflow/dags/5_orchestration.py
[2026-09-13T02:48:12.001+0000] {processor.py:799} INFO - Processing file /opt/airflow/dags/5_orchestration.py for tasks to queue
[2026-09-13T02:48:12.003+0000] {logging_mixin.py:149} INFO - [2026-09-13T02:48:12.003+0000] {dagbag.py:541} INFO - Filling up the DagBag from /opt/airflow/dags/5_orchestration.py
[2026-09-13T02:48:12.043+0000] {processor.py:809} INFO - DAG(s) dict_keys(['5-orchestration']) retrieved from /opt/airflow/dags/5_orchestration.py
[2026-09-13T02:48:12.136+0000] {logging_mixin.py:149} INFO - [2026-09-13T02:48:12.136+0000] {dag.py:2726} INFO - Sync 1 DAGs
[2026-09-13T02:48:12.224+0000] {logging_mixin.py:149} INFO - [2026-09-13T02:48:12.224+0000] {dag.py:3490} INFO - Setting next_dagrun for 5-orchestration to 2023-05-01T00:00:00+00:00, run_after=2023-05-02T00:00:00+00:00
[2026-09-13T02:48:12.284+0000] {processor.py:178} INFO - Processing /opt/airflow/dags/5_orchestration.py took 0.315 seconds
[2026-09-13T02:48:42.377+0000] {processor.py:156} INFO - Started process (PID=163466) to work on /opt/airflow/dags/5_orchestration.py
[2026-09-13T02:48:42.380+0000] {processor.py:799} INFO - Processing file /opt/airflow/dags/5_orchestration.py for tasks to queue
[2026-09-13T02:48:42.382+0000] {logging_mixin.py:149} INFO - [2026-09-13T02:48:42.382+0000] {dagbag.py:541} INFO - Filling up the DagBag from /opt/airflow/dags/5_orchestration.py
[2026-09-13T02:48:42.417+0000] {processor.py:809} INFO - DAG(s) dict_keys(['5-orchestration']) retrieved from /opt/airflow/dags/5_orchestration.py
[2026-09-13T02:48:42.511+0000] {logging_mixin.py:149} INFO - [2026-09-13T02:48:42.510+0000] {dag.py:2726} INFO - Sync 1 DAGs
[2026-09-13T02:48:42.564+0000] {logging_mixin.py:149} INFO - [2026-09-13T02:48:42.564+0000] {dag.py:3490} INFO - Setting next_dagrun for 5-orchestration to 2023-05-01T00:00:00+00:00, run_after=2023-05-02T00:00:00+00:00
[2026-09-13T02:48:42.599+0000] {processor.py:178} INFO - Processing /opt/airflow/dags/5_orchestration.py took 0.232 seconds
[2026-09-13T02:49:12.734+0000] {processor.py:156} INFO - Started process (PID=163480) to work on /opt/airflow/dags/5_orchestration.py
[2026-09-13T02:49:12.737+0000] {processor.py:799} INFO - Processing file /opt/airflow/dags/5_orchestration.py for tasks to queue
[2026-09-13T02:49:12.739+0000] {logging_mixin.py:149} INFO - [2026-09-13T02:49:12.739+0000] {dagbag.py:541} INFO - Filling up the DagBag from /opt/airflow/dags/5_orchestration.py
[2026-09-13T02:49:12.774+0000] {processor.py:809} INFO - DAG(s) dict_keys(['5-orchestration']) retrieved from /opt/airflow/dags/5_orchestration.py
[2026-09-13T02:49:12.865+0000] {logging_mixin.py:149} INFO - [2026-09-13T02:49:12.864+0000] {dag.py:2726} INFO - Sync 1 DAGs
[2026-09-13T02:49:12.951+0000] {logging_mixin.py:149} INFO - [2026-09-13T02:49:12.951+0000] {dag.py:3490} INFO - Setting next_dagrun for 5-orchestration to 2023-05-01T00:00:00+00:00, run_after=2023-05-02T00:00:00+00:00
[2026-09-13T02:49:13.028+0000] {processor.py:178} INFO - Processing /opt/airflow/dags/5_orchestration.py took 0.301 seconds
[2026-09-13T02:49:43.127+0000] {processor.py:156} INFO - Started process (PID=163494) to work on /opt/airflow/dags/5_orchestration.py
[2026-09-13T02:49:43.130+0000] {processor.py:799} INFO - Processing file /opt/airflow/dags/5_orchestration.py for tasks to queue
[2026-09-13T02:49:43.132+0000] {logging_mixin.py:149} INFO - [2026-09-13T02:49:43.131+0000] {dagbag.py:541} INFO - Filling up the DagBag from /opt/airflow/dags/5_orchestration.py
[2026-09-13T02:49:43.175+0000] {processor.py:809} INFO - DAG(s) dict_keys(['5-orchestration']) retrieved from /opt/airflow/dags/5_orchestration.py
[2026-09-13T02:49:43.276+0000] {logging_mixin.py:149} INFO - [2026-09-13T02:49:43.275+0000] {dag.py:2726} INFO - Sync 1 DAGs
[2026-09-13T02:49:43.351+0000] {logging_mixin.py:149} INFO - [2026-09-13T02:49:43.351+0000] {dag.py:3490} INFO - Setting next_dagrun for 5-orchestration to 2023-05-01T00:00:00+00:00, run_after=2023-05-02T00:00:00+00:00
[2026-09-13T02:49:43.398+0000] {processor.py:178} INFO - Processing /opt/airflow/dags/5_orchestration.py took 0.284 seconds
[2026-09-13T02:50:13.531+0000] {processor.py:156} INFO - Started process (PID=163507) to work on /opt/airflow/dags/5_orchestration.py
[2026-09-13T02:50:13.536+0000] {processor.py:799} INFO - Processing file /opt/airflow/dags/5_orchestration.py for tasks to queue
[2026-09-13T02:50:13.538+0000] {logging_mixin.py:149} INFO - [2026-09-13T02:50:13.538+0000] {dagbag.py:541} INFO - Filling up the DagBag from /opt/airflow/dags/5_orchestration.py
[2026-09-13T02:50:13.577+0000] {processor.py:809} INFO - DAG(s) dict_keys(['5-orchestration']) retrieved from /opt/airflow/dags/5_orchestration.py
[2026-09-13T02:50:13.667+0000] {logging_mixin.py:149} INFO - [2026-09-13T02:50:13.666+0000] {dag.py:2726} INFO - Sync 1 DAGs
[2026-09-13T02:50:13.745+0000] {logging_mixin.py:149} INFO - [2026-09-13T02:50:13.745+0000] {dag.py:3490} INFO - Setting next_dagrun for 5-orchestration to 2023-05-01T00:00:00+00:00, run_after=2023-05-02T00:00:00+00:00
[2026-09-13T02:50:13.806+0000] {processor.py:178} INFO - Processing /opt/airflow/dags/5_orchestration.py took 0.286 seconds
[2026-09-13T02:50:43.976+0000] {processor.py:156} INFO - Started process (PID=163521) to work on /opt/airflow/dags/5_orchestration.py
[2026-09-13T02:50:43.978+0000] {processor.py:799} INFO - Processing file /opt/airflow/dags/5_orchestration.py for tasks to queue
[2026-09-13T02:50:43.979+0000] {logging_mixin.py:149} INFO - [2026-09-13T02:50:43.979+0000] {dagbag.py:541} INFO - Filling up the DagBag from /opt/airflow/dags/5_orchestration.py
[2026-09-13T02:50:43.997+0000] {processor.py:809} INFO - DAG(s) dict_keys(['5-orchestration']) retrieved from /opt/airflow/dags/5_orchestration.py
[2026-09-13T02:50:44.039+0000] {logging_mixin.py:149} INFO - [2026-09-13T02:50:44.039+0000] {dag.py:2726} INFO - Sync 1 DAGs
[2026-09-13T02:50:44.076+0000] {logging_mixin.py:149} INFO - [2026-09-13T02:50:44.075+0000] {dag.py:3490} INFO - Setting next_dagrun for 5-orchestration to 2023-05-01T00:00:00+00:00, run_after=2023-05-02T00:00:00+00:00
[2026-09-13T02:50:44.101+0000] {processor.py:178} INFO - Processing /opt/airflow/dags/5_orchestration.py took 0.130 seconds
[2026-09-13T02:51:14.459+0000] {processor.py:156} INFO - Started process (PID=163535) to work on /opt/airflow/dags/5_orchestration.py
[2026-09-13T02:51:14.462+0000] {processor.py:799} INFO - Processing file /opt/airflow/dags/5_orchestration.py for tasks to queue
[2026-09-13T02:51:14.464+0000] {logging_mixin.py:149} INFO - [2026-09-13T02:51:14.464+0000] {dagbag.py:541} INFO - Filling up the DagBag from /opt/airflow/dags/5_orchestration.py
[2026-09-13T02:51:14.494+0000] {processor.py:809} INFO - DAG(s) dict_keys(['5-orchestration']) retrieved from /opt/airflow/dags/5_orchestration.py
[2026-09-13T02:51:14.590+0000] {logging_mixin.py:149} INFO - [2026-09-13T02:51:14.590+0000] {dag.py:2726} INFO - Sync 1 DAGs
[2026-09-13T02:51:14.659+0000] {logging_mixin.py:149} INFO - [2026-09-13T02:51:14.658+0000] {dag.py:3490} INFO - Setting next_dagrun for 5-orchestration to 2023-05-01T00:00:00+00:00, run_after=2023-05-02T00:00:00+00:00
[2026-09-13T02:51:14.729+0000] {processor.py:178} INFO - Processing /opt/airflow/dags/5_orchestration.py took 0.280 seconds
[2026-09-13T02:51:44.944+0000] {processor.py:156} INFO - Started process (PID=163549) to work on /opt/airflow/dags/5_orchestration.py
[2026-09-13T02:51:44.947+0000] {processor.py:799} INFO - Processing file /opt/airflow/dags/5_orchestration.py for tasks to queue
[2026-09-13T02:51:44.949+0000] {logging_mixin.py:149} INFO - [2026-09-13T02:51:44.949+0000] {dagbag.py:541} INFO - Filling up the DagBag from /opt/airflow/dags/5_orchestration.py
[2026-09-13T02:51:44.985+0000] {processor.py:809} INFO - DAG(s) dict_keys(['5-orchestration']) retrieved from /opt/airflow/dags/5_orchestration.py
[2026-09-13T02:51:45.074+0000] {logging_mixin.py:149} INFO - [2026-09-13T02:51:45.074+0000] {dag.py:2726} INFO - Sync 1 DAGs
[2026-09-13T02:51:45.156+0000] {logging_mixin.py:149} INFO - [2026-09-13T02:51:45.156+0000] {dag.py:3490} INFO - Setting next_dagrun for 5-orchestration to 2023-05-01T00:00:00+00:00, run_after=2023-05-02T00:00:00+00:00
[2026-09-13T02:51:45.193+0000] {processor.py:178} INFO - Processing /opt/airflow/dags/5_orchestration.py took 0.260 seconds
[2026-09-13T02:52:15.315+0000] {processor.py:156} INFO - Started process (PID=163563) to work on /opt/airflow/dags/5_orchestration.py
[2026-09-13T02:52:15.320+0000] {processor.py:799} INFO - Processing file /opt/airflow/dags/5_orchestration.py for tasks to queue
[2026-09-13T02:52:15.322+0000] {logging_mixin.py:149} INFO - [2026-09-13T02:52:15.322+0000] {dagbag.py:541} INFO - Filling up the DagBag from /opt/airflow/dags/5_orchestration.py
[2026-09-13T02:52:15.360+0000] {processor.py:809} INFO - DAG(s) dict_keys(['5-orchestration']) retrieved from /opt/airflow/dags/5_orchestration.py
[2026-09-13T02:52:15.449+0000] {logging_mixin.py:149} INFO - [2026-09-13T02:52:15.449+0000] {dag.py:2726} INFO - Sync 1 DAGs
[2026-09-13T02:52:15.521+0000] {logging_mixin.py:149} INFO - [2026-09-13T02:52:15.521+0000] {dag.py:3490} INFO - Setting next_dagrun for 5-orchestration to 2023-05-01T00:00:00+00:00, run_after=2023-05-02T00:00:00+00:00
[2026-09-13T02:52:15.594+0000] {processor.py:178} INFO - Processing /opt/airflow/dags/5_orchestration.py took 0.290 seconds
[2026-09-13T02:52:45.801+0000] {processor.py:156} INFO - Started process (PID=163577) to work on /opt/airflow/dags/5_orchestration.py
[2026-09-13T02:52:45.804+0000] {processor.py:799} INFO - Processing file /opt/airflow/dags/5_orchestration.py for tasks to queue
[2026-09-13T02:52:45.806+0000] {logging_mixin.py:149} INFO - [2026-09-13T02:52:45.805+0000] {dagbag.py:541} INFO - Filling up the DagBag from /opt/airflow/dags/5_orchestration.py
[2026-09-13T02:52:45.843+0000] {processor.py:809} INFO - DAG(s) dict_keys(['5-orchestration']) retrieved from /opt/airflow/dags/5_orchestration.py
[2026-09-13T02:52:45.928+0000] {logging_mixin.py:149} INFO - [2026-09-13T02:52:45.928+0000] {dag.py:2726} INFO - Sync 1 DAGs
[2026-09-13T02:52:46.007+0000] {logging_mixin.py:149} INFO - [2026-09-13T02:52:46.007+0000] {dag.py:3490} INFO - Setting next_dagrun for 5-orchestration to 2023-05-01T00:00:00+00:00, run_after=2023-05-02T00:00:00+00:00
[2026-09-13T02:52:46.084+0000] {processor.py:178} INFO - Processing /opt/airflow/dags/5_orchestration.py took 0.295 seconds
[2026-09-13T02:53:16.244+0000] {processor.py:156} INFO - Started process (PID=163591) to work on /opt/airflow/dags/5_orchestration.py
[2026-09-13T02:53:16.258+0000] {processor.py:799} INFO - Processing file /opt/airflow/dags/5_orchestration.py for tasks to queue
[2026-09-13T02:53:16.261+0000] {logging_mixin.py:149} INFO - [2026-09-13T02:53:16.260+0000] {dagbag.py:541} INFO - Filling up the DagBag from /opt/airflow/dags/5_orchestration.py
[2026-09-13T02:53:16.303+0000] {processor.py:809} INFO - DAG(s) dict_keys(['5-orchestration']) retrieved from /opt/airflow/dags/5_orchestration.py
[2026-09-13T02:53:16.394+0000] {logging_mixin.py:149} INFO - [2026-09-13T02:53:16.394+0000] {dag.py:2726} INFO - Sync 1 DAGs
[2026-09-13T02:53:16.468+0000] {logging_mixin.py:149} INFO - [2026-09-13T02:53:16.468+0000] {dag.py:3490} INFO - Setting next_dagrun for 5-orchestration to 2023-05-01T00:00:00+00:00, run_after=2023-05-02T00:00:00+00:00
[2026-09-13T02:53:16.538+0000] {processor.py:178} INFO - Processing /opt/airflow/dags/5_orchestration.py took 0.306 seconds
[2026-09-13T02:53:46.825+0000] {processor.py:156} INFO - Started process (PID=163604) to work on /opt/airflow/dags/5_orchestration.py
[2026-09-13T02:53:46.828+0000] {processor.py:799} INFO - Processing file /opt/airflow/dags/5_orchestration.py for tasks to queue
[2026-09-13T02:53:46.830+0000] {logging_mixin.py:149} INFO - [2026-09-13T02:53:46.830+0000] {dagbag.py:541} INFO - Filling up the DagBag from /opt/airflow/dags/5_orchestration.py
[2026-09-13T02:53:46.864+0000] {processor.py:809} INFO - DAG(s) dict_keys(['5-orchestration']) retrieved from /opt/airflow/dags/5_orchestration.py
[2026-09-13T02:53:46.956+0000] {logging_mixin.py:149} INFO - [2026-09-13T02:53:46.955+0000] {dag.py:2726} INFO - Sync 1 DAGs
[2026-09-13T02:53:47.033+0000] {logging_mixin.py:149} INFO - [2026-09-13T02:53:47.032+0000] {dag.py:3490} INFO - Setting next_dagrun for 5-orchestration to 2023-05-01T00:00:00+00:00, run_after=2023-05-02T00:00:00+00:00
[2026-09-13T02:53:47.104+0000] {processor.py:178} INFO - Processing /opt/airflow/dags/5_orchestration.py took 0.291 seconds
[2026-09-13T02:54:17.168+0000] {processor.py:156} INFO - Started process (PID=163618) to work on /opt/airflow/dags/5_orchestration.py
[2026-09-13T02:54:17.171+0000] {processor.py:799} INFO - Processing file /opt/airflow/dags/5_orchestration.py for tasks to queue
[2026-09-13T02:54:17.173+0000] {logging_mixin.py:149} INFO - [2026-09-13T02:54:17.172+0000] {dagbag.py:541} INFO - Filling up the DagBag from /opt/airflow/dags/5_orchestration.py
[2026-09-13T02:54:17.210+0000] {processor.py:809} INFO - DAG(s) dict_keys(['5-orchestration']) retrieved from /opt/airflow/dags/5_orchestration.py
[2026-09-13T02:54:17.306+0000] {logging_mixin.py:149} INFO - [2026-09-13T02:54:17.306+0000] {dag.py:2726} INFO - Sync 1 DAGs
[2026-09-13T02:54:17.401+0000] {logging_mixin.py:149} INFO - [2026-09-13T02:54:17.400+0000] {dag.py:3490} INFO - Setting next_dagrun for 5-orchestration to 2023-05-01T00:00:00+00:00, run_after=2023-05-02T00:00:00+00:00
[2026-09-13T02:54:17.467+0000] {processor.py:178} INFO - Processing /opt/airflow/dags/5_orchestration.py took 0.310 seconds
[2026-09-13T02:54:47.737+0000] {processor.py:156} INFO - Started process (PID=163632) to work on /opt/airflow/dags/5_orchestration.py
[2026-09-13T02:54:47.739+0000] {processor.py:799} INFO - Processing file /opt/airflow/dags/5_orchestration.py for tasks to queue
[2026-09-13T02:54:47.741+0000] {logging_mixin.py:149} INFO - [2026-09-13T02:54:47.741+0000] {dagbag.py:541} INFO - Filling up the DagBag from /opt/airflow/dags/5_orchestration.py
[2026-09-13T02:54:47.775+0000] {processor.py:809} INFO - DAG(s) dict_keys(['5-orchestration']) retrieved from /opt/airflow/dags/5_orchestration.py
[2026-09-13T02:54:47.865+0000] {logging_mixin.py:149} INFO - [2026-09-13T02:54:47.864+0000] {dag.py:2726} INFO - Sync 1 DAGs
[2026-09-13T02:54:47.938+0000] {logging_mixin.py:149} INFO - [2026-09-13T02:54:47.938+0000] {dag.py:3490} INFO - Setting next_dagrun for 5-orchestration to 2023-05-01T00:00:00+00:00, run_after=2023-05-02T00:00:00+00:00
[2026-09-13T02:54:48.003+0000] {processor.py:178} INFO - Processing /opt/airflow/dags/5_orchestration.py took 0.277 seconds
[2026-09-13T02:55:18.341+0000] {processor.py:156} INFO - Started process (PID=163652) to work on /opt/airflow/dags/5_orchestration.py
[2026-09-13T02:55:18.344+0000] {processor.py:799} INFO - Processing file /opt/airflow/dags/5_orchestration.py for tasks to queue
[2026-09-13T02:55:18.345+0000] {logging_mixin.py:149} INFO - [2026-09-13T02:55:18.345+0000] {dagbag.py:541} INFO - Filling up the DagBag from /opt/airflow/dags/5_orchestration.py
[2026-09-13T02:55:18.378+0000] {processor.py:809} INFO - DAG(s) dict_keys(['5-orchestration']) retrieved from /opt/airflow/dags/5_orchestration.py
[2026-09-13T02:55:18.467+0000] {logging_mixin.py:149} INFO - [2026-09-13T02:55:18.467+0000] {dag.py:2726} INFO - Sync 1 DAGs
[2026-09-13T02:55:18.557+0000] {logging_mixin.py:149} INFO - [2026-09-13T02:55:18.556+0000] {dag.py:3490} INFO - Setting next_dagrun for 5-orchestration to 2023-05-01T00:00:00+00:00, run_after=2023-05-02T00:00:00+00:00
[2026-09-13T02:55:18.620+0000] {processor.py:178} INFO - Processing /opt/airflow/dags/5_orchestration.py took 0.296 seconds
[2026-09-13T02:55:48.920+0000] {processor.py:156} INFO - Started process (PID=163666) to work on /opt/airflow/dags/5_orchestration.py
[2026-09-13T02:55:48.923+0000] {processor.py:799} INFO - Processing file /opt/airflow/dags/5_orchestration.py for tasks to queue
[2026-09-13T02:55:48.925+0000] {logging_mixin.py:149} INFO - [2026-09-13T02:55:48.925+0000] {dagbag.py:541} INFO - Filling up the DagBag from /opt/airflow/dags/5_orchestration.py
[2026-09-13T02:55:48.966+0000] {processor.py:809} INFO - DAG(s) dict_keys(['5-orchestration']) retrieved from /opt/airflow/dags/5_orchestration.py
[2026-09-13T02:55:49.063+0000] {logging_mixin.py:149} INFO - [2026-09-13T02:55:49.063+0000] {dag.py:2726} INFO - Sync 1 DAGs
[2026-09-13T02:55:49.157+0000] {logging_mixin.py:149} INFO - [2026-09-13T02:55:49.156+0000] {dag.py:3490} INFO - Setting next_dagrun for 5-orchestration to 2023-05-01T00:00:00+00:00, run_after=2023-05-02T00:00:00+00:00
[2026-09-13T02:55:49.215+0000] {processor.py:178} INFO - Processing /opt/airflow/dags/5_orchestration.py took 0.308 seconds
[2026-09-13T02:56:19.454+0000] {processor.py:156} INFO - Started process (PID=163680) to work on /opt/airflow/dags/5_orchestration.py
[2026-09-13T02:56:19.461+0000] {processor.py:799} INFO - Processing file /opt/airflow/dags/5_orchestration.py for tasks to queue
[2026-09-13T02:56:19.464+0000] {logging_mixin.py:149} INFO - [2026-09-13T02:56:19.464+0000] {dagbag.py:541} INFO - Filling up the DagBag from /opt/airflow/dags/5_orchestration.py
[2026-09-13T02:56:19.498+0000] {processor.py:809} INFO - DAG(s) dict_keys(['5-orchestration']) retrieved from /opt/airflow/dags/5_orchestration.py
[2026-09-13T02:56:19.588+0000] {logging_mixin.py:149} INFO - [2026-09-13T02:56:19.588+0000] {dag.py:2726} INFO - Sync 1 DAGs
[2026-09-13T02:56:19.666+0000] {logging_mixin.py:149} INFO - [2026-09-13T02:56:19.665+0000] {dag.py:3490} INFO - Setting next_dagrun for 5-orchestration to 2023-05-01T00:00:00+00:00, run_after=2023-05-02T00:00:00+00:00
[2026-09-13T02:56:19.740+0000] {processor.py:178} INFO - Processing /opt/airflow/dags/5_orchestration.py took 0.296 seconds
[2026-09-13T02:56:49.963+0000] {processor.py:156} INFO - Started process (PID=163693) to work on /opt/airflow/dags/5_orchestration.py
[2026-09-13T02:56:49.974+0000] {processor.py:799} INFO - Processing file /opt/airflow/dags/5_orchestration.py for tasks to queue
[2026-09-13T02:56:49.975+0000] {logging_mixin.py:149} INFO - [2026-09-13T02:56:49.974+0000] {dagbag.py:541} INFO - Filling up the DagBag from /opt/airflow/dags/5_orchestration.py
[2026-09-13T02:56:50.001+0000] {processor.py:809} INFO - DAG(s) dict_keys(['5-orchestration']) retrieved from /opt/airflow/dags/5_orchestration.py
[2026-09-13T02:56:50.055+0000] {logging_mixin.py:149} INFO - [2026-09-13T02:56:50.055+0000] {dag.py:2726} INFO - Sync 1 DAGs
[2026-09-13T02:56:50.091+0000] {logging_mixin.py:149} INFO - [2026-09-13T02:56:50.091+0000] {dag.py:3490} INFO - Setting next_dagrun for 5-orchestration to 2023-05-01T00:00:00+00:00, run_after=2023-05-02T00:00:00+00:00
[2026-09-13T02:56:50.117+0000] {processor.py:178} INFO - Processing /opt/airflow/dags/5_orchestration.py took 0.168 seconds
[2026-09-13T02:57:20.192+0000] {processor.py:156} INFO - Started process (PID=163707) to work on /opt/airflow/dags/5_orchestration.py
[2026-09-13T02:57:20.195+0000] {processor.py:799} INFO - Processing file /opt/airflow/dags/5_orchestration.py for tasks to queue
[2026-09-13T02:57:20.196+0000] {logging_mixin.py:149} INFO - [2026-09-13T02:57:20.196+0000] {dagbag.py:541} INFO - Filling up the DagBag from /opt/airflow/dags/5_orchestration.py
[2026-09-13T02:57:20.232+0000] {processor.py:809} INFO - DAG(s) dict_keys(['5-orchestration']) retrieved from /opt/airflow/dags/5_orchestration.py
[2026-09-13T02:57:20.324+0000] {logging_mixin.py:149} INFO - [2026-09-13T02:57:20.323+0000] {dag.py:2726} INFO - Sync 1 DAGs
[2026-09-13T02:57:20.378+0000] {logging_mixin.py:149} INFO - [2026-09-13T02:57:20.377+0000] {dag.py:3490} INFO - Setting next_dagrun for 5-orchestration to 2023-05-01T00:00:00+00:00, run_after=2023-05-02T00:00:00+00:00
[2026-09-13T02:57:20.440+0000] {processor.py:178} INFO - Processing /opt/airflow/dags/5_orchestration.py took 0.258 seconds
[2026-09-13T02:57:50.583+0000] {processor.py:156} INFO - Started process (PID=163721) to work on /opt/airflow/dags/5_orchestration.py
[2026-09-13T02:57:50.586+0000] {processor.py:799} INFO - Processing file /opt/airflow/dags/5_orchestration.py for tasks to queue
[2026-09-13T02:57:50.588+0000] {logging_mixin.py:149} INFO - [2026-09-13T02:57:50.587+0000] {dagbag.py:541} INFO - Filling up the DagBag from /opt/airflow/dags/5_orchestration.py
[2026-09-13T02:57:50.622+0000] {processor.py:809} INFO - DAG(s) dict_keys(['5-orchestration']) retrieved from /opt/airflow/dags/5_orchestration.py
[2026-09-13T02:57:50.680+0000] {logging_mixin.py:149} INFO - [2026-09-13T02:57:50.680+0000] {dag.py:2726} INFO - Sync 1 DAGs
[2026-09-13T02:57:50.727+0000] {logging_mixin.py:149} INFO - [2026-09-13T02:57:50.727+0000] {dag.py:3490} INFO - Setting next_dagrun for 5-orchestration to 2023-05-01T00:00:00+00:00, run_after=2023-05-02T00:00:00+00:00
[2026-09-13T02:57:50.778+0000] {processor.py:178} INFO - Processing /opt/airflow/dags/5_orchestration.py took 0.212 seconds
[2026-09-13T02:58:21.038+0000] {processor.py:156} INFO - Started process (PID=163735) to work on /opt/airflow/dags/5_orchestration.py
[2026-09-13T02:58:21.042+0000] {processor.py:799} INFO - Processing file /opt/airflow/dags/5_orchestration.py for tasks to queue
[2026-09-13T02:58:21.044+0000] {logging_mixin.py:149} INFO - [2026-09-13T02:58:21.044+0000] {dagbag.py:541} INFO - Filling up the DagBag from /opt/airflow/dags/5_orchestration.py
[2026-09-13T02:58:21.079+0000] {processor.py:809} INFO - DAG(s) dict_keys(['5-orchestration']) retrieved from /opt/airflow/dags/5_orchestration.py
[2026-09-13T02:58:21.170+0000] {logging_mixin.py:149} INFO - [2026-09-13T02:58:21.170+0000] {dag.py:2726} INFO - Sync 1 DAGs
[2026-09-13T02:58:21.245+0000] {logging_mixin.py:149} INFO - [2026-09-13T02:58:21.245+0000] {dag.py:3490} INFO - Setting next_dagrun for 5-orchestration to 2023-05-01T00:00:00+00:00, run_after=2023-05-02T00:00:00+00:00
[2026-09-13T02:58:21.300+0000] {processor.py:178} INFO - Processing /opt/airflow/dags/5_orchestration.py took 0.271 seconds
[2026-09-13T02:58:51.500+0000] {processor.py:156} INFO - Started process (PID=163749) to work on /opt/airflow/dags/5_orchestration.py
[2026-09-13T02:58:51.503+0000] {processor.py:799} INFO - Processing file /opt/airflow/dags/5_orchestration.py for tasks to queue
[2026-09-13T02:58:51.505+0000] {logging_mixin.py:149} INFO - [2026-09-13T02:58:51.505+0000] {dagbag.py:541} INFO - Filling up the DagBag from /opt/airflow/dags/5_orchestration.py
[2026-09-13T02:58:51.539+0000] {processor.py:809} INFO - DAG(s) dict_keys(['5-orchestration']) retrieved from /opt/airflow/dags/5_orchestration.py
[2026-09-13T02:58:51.628+0000] {logging_mixin.py:149} INFO - [2026-09-13T02:58:51.627+0000] {dag.py:2726} INFO - Sync 1 DAGs
[2026-09-13T02:58:51.702+0000] {logging_mixin.py:149} INFO - [2026-09-13T02:58:51.702+0000] {dag.py:3490} INFO - Setting next_dagrun for 5-orchestration to 2023-05-01T00:00:00+00:00, run_after=2023-05-02T00:00:00+00:00
[2026-09-13T02:58:51.758+0000] {processor.py:178} INFO - Processing /opt/airflow/dags/5_orchestration.py took 0.269 seconds
[2026-09-13T02:59:21.943+0000] {processor.py:156} INFO - Started process (PID=163764) to work on /opt/airflow/dags/5_orchestration.py
[2026-09-13T02:59:21.946+0000] {processor.py:799} INFO - Processing file /opt/airflow/dags/5_orchestration.py for tasks to queue
[2026-09-13T02:59:21.947+0000] {logging_mixin.py:149} INFO - [2026-09-13T02:59:21.947+0000] {dagbag.py:541} INFO - Filling up the DagBag from /opt/airflow/dags/5_orchestration.py
[2026-09-13T02:59:21.983+0000] {processor.py:809} INFO - DAG(s) dict_keys(['5-orchestration']) retrieved from /opt/airflow/dags/5_orchestration.py
[2026-09-13T02:59:22.056+0000] {logging_mixin.py:149} INFO - [2026-09-13T02:59:22.055+0000] {dag.py:2726} INFO - Sync 1 DAGs
[2026-09-13T02:59:22.121+0000] {logging_mixin.py:149} INFO - [2026-09-13T02:59:22.121+0000] {dag.py:3490} INFO - Setting next_dagrun for 5-orchestration to 2023-05-01T00:00:00+00:00, run_after=2023-05-02T00:00:00+00:00
[2026-09-13T02:59:22.192+0000] {processor.py:178} INFO - Processing /opt/airflow/dags/5_orchestration.py took 0.256 seconds
[2026-09-13T02:59:52.428+0000] {processor.py:156} INFO - Started process (PID=163779) to work on /opt/airflow/dags/5_orchestration.py
[2026-09-13T02:59:52.432+0000] {processor.py:799} INFO - Processing file /opt/airflow/dags/5_orchestration.py for tasks to queue
[2026-09-13T02:59:52.434+0000] {logging_mixin.py:149} INFO - [2026-09-13T02:59:52.434+0000] {dagbag.py:541} INFO - Filling up the DagBag from /opt/airflow/dags/5_orchestration.py
[2026-09-13T02:59:52.473+0000] {processor.py:809} INFO - DAG(s) dict_keys(['5-orchestration']) retrieved from /opt/airflow/dags/5_orchestration.py
[2026-09-13T02:59:52.576+0000] {logging_mixin.py:149} INFO - [2026-09-13T02:59:52.576+0000] {dag.py:2726} INFO - Sync 1 DAGs
[2026-09-13T02:59:52.649+0000] {logging_mixin.py:149} INFO - [2026-09-13T02:59:52.648+0000] {dag.py:3490} INFO - Setting next_dagrun for 5-orchestration to 2023-05-01T00:00:00+00:00, run_after=2023-05-02T00:00:00+00:00
[2026-09-13T02:59:52.714+0000] {processor.py:178} INFO - Processing /opt/airflow/dags/5_orchestration.py took 0.298 seconds
[2026-09-13T03:00:22.803+0000] {processor.py:156} INFO - Started process (PID=163793) to work on /opt/airflow/dags/5_orchestration.py
[2026-09-13T03:00:22.807+0000] {processor.py:799} INFO - Processing file /opt/airflow/dags/5_orchestration.py for tasks to queue
[2026-09-13T03:00:22.809+0000] {logging_mixin.py:149} INFO - [2026-09-13T03:00:22.809+0000] {dagbag.py:541} INFO - Filling up the DagBag from /opt/airflow/dags/5_orchestration.py
[2026-09-13T03:00:22.844+0000] {processor.py:809} INFO - DAG(s) dict_keys(['5-orchestration']) retrieved from /opt/airflow/dags/5_orchestration.py
[2026-09-13T03:00:22.938+0000] {logging_mixin.py:149} INFO - [2026-09-13T03:00:22.938+0000] {dag.py:2726} INFO - Sync 1 DAGs
[2026-09-13T03:00:23.024+0000] {logging_mixin.py:149} INFO - [2026-09-13T03:00:23.024+0000] {dag.py:3490} INFO - Setting next_dagrun for 5-orchestration to 2023-05-01T00:00:00+00:00, run_after=2023-05-02T00:00:00+00:00
[2026-09-13T03:00:23.088+0000] {processor.py:178} INFO - Processing /opt/airflow/dags/5_orchestration.py took 0.298 seconds
[2026-09-13T03:00:53.336+0000] {processor.py:156} INFO - Started process (PID=163807) to work on /opt/airflow/dags/5_orchestration.py
[2026-09-13T03:00:53.348+0000] {processor.py:799} INFO - Processing file /opt/airflow/dags/5_orchestration.py for tasks to queue
[2026-09-13T03:00:53.350+0000] {logging_mixin.py:149} INFO - [2026-09-13T03:00:53.350+0000] {dagbag.py:541} INFO - Filling up the DagBag from /opt/airflow/dags/5_orchestration.py
[2026-09-13T03:00:53.386+0000] {processor.py:809} INFO - DAG(s) dict_keys(['5-orchestration']) retrieved from /opt/airflow/dags/5_orchestration.py
[2026-09-13T03:00:53.478+0000] {logging_mixin.py:149} INFO - [2026-09-13T03:00:53.478+0000] {dag.py:2726} INFO - Sync 1 DAGs
[2026-09-13T03:00:53.550+0000] {logging_mixin.py:149} INFO - [2026-09-13T03:00:53.550+0000] {dag.py:3490} INFO - Setting next_dagrun for 5-orchestration to 2023-05-01T00:00:00+00:00, run_after=2023-05-02T00:00:00+00:00
[2026-09-13T03:00:53.619+0000] {processor.py:178} INFO - Processing /opt/airflow/dags/5_orchestration.py took 0.294 seconds
[2026-09-13T03:01:23.702+0000] {processor.py:156} INFO - Started process (PID=163820) to work on /opt/airflow/dags/5_orchestration.py
[2026-09-13T03:01:23.706+0000] {processor.py:799} INFO - Processing file /opt/airflow/dags/5_orchestration.py for tasks to queue
[2026-09-13T03:01:23.708+0000] {logging_mixin.py:149} INFO - [2026-09-13T03:01:23.707+0000] {dagbag.py:541} INFO - Filling up the DagBag from /opt/airflow/dags/5_orchestration.py
[2026-09-13T03:01:23.746+0000] {processor.py:809} INFO - DAG(s) dict_keys(['5-orchestration']) retrieved from /opt/airflow/dags/5_orchestration.py
[2026-09-13T03:01:23.842+0000] {logging_mixin.py:149} INFO - [2026-09-13T03:01:23.841+0000] {dag.py:2726} INFO - Sync 1 DAGs
[2026-09-13T03:01:23.915+0000] {logging_mixin.py:149} INFO - [2026-09-13T03:01:23.914+0000] {dag.py:3490} INFO - Setting next_dagrun for 5-orchestration to 2023-05-01T00:00:00+00:00, run_after=2023-05-02T00:00:00+00:00
[2026-09-13T03:01:23.975+0000] {processor.py:178} INFO - Processing /opt/airflow/dags/5_orchestration.py took 0.285 seconds
[2026-09-13T03:01:54.159+0000] {processor.py:156} INFO - Started process (PID=163835) to work on /opt/airflow/dags/5_orchestration.py
[2026-09-13T03:01:54.162+0000] {processor.py:799} INFO - Processing file /opt/airflow/dags/5_orchestration.py for tasks to queue
[2026-09-13T03:01:54.164+0000] {logging_mixin.py:149} INFO - [2026-09-13T03:01:54.164+0000] {dagbag.py:541} INFO - Filling up the DagBag from /opt/airflow/dags/5_orchestration.py
[2026-09-13T03:01:54.203+0000] {processor.py:809} INFO - DAG(s) dict_keys(['5-orchestration']) retrieved from /opt/airflow/dags/5_orchestration.py
[2026-09-13T03:01:54.297+0000] {logging_mixin.py:149} INFO - [2026-09-13T03:01:54.297+0000] {dag.py:2726} INFO - Sync 1 DAGs
[2026-09-13T03:01:54.360+0000] {logging_mixin.py:149} INFO - [2026-09-13T03:01:54.359+0000] {dag.py:3490} INFO - Setting next_dagrun for 5-orchestration to 2023-05-01T00:00:00+00:00, run_after=2023-05-02T00:00:00+00:00
[2026-09-13T03:01:54.424+0000] {processor.py:178} INFO - Processing /opt/airflow/dags/5_orchestration.py took 0.276 seconds
[2026-09-13T03:02:24.523+0000] {processor.py:156} INFO - Started process (PID=163849) to work on /opt/airflow/dags/5_orchestration.py
[2026-09-13T03:02:24.528+0000] {processor.py:799} INFO - Processing file /opt/airflow/dags/5_orchestration.py for tasks to queue
[2026-09-13T03:02:24.530+0000] {logging_mixin.py:149} INFO - [2026-09-13T03:02:24.530+0000] {dagbag.py:541} INFO - Filling up the DagBag from /opt/airflow/dags/5_orchestration.py
[2026-09-13T03:02:24.567+0000] {processor.py:809} INFO - DAG(s) dict_keys(['5-orchestration']) retrieved from /opt/airflow/dags/5_orchestration.py
[2026-09-13T03:02:24.660+0000] {logging_mixin.py:149} INFO - [2026-09-13T03:02:24.660+0000] {dag.py:2726} INFO - Sync 1 DAGs
[2026-09-13T03:02:24.734+0000] {logging_mixin.py:149} INFO - [2026-09-13T03:02:24.733+0000] {dag.py:3490} INFO - Setting next_dagrun for 5-orchestration to 2023-05-01T00:00:00+00:00, run_after=2023-05-02T00:00:00+00:00
[2026-09-13T03:02:24.814+0000] {processor.py:178} INFO - Processing /opt/airflow/dags/5_orchestration.py took 0.303 seconds
[2026-09-13T03:02:54.914+0000] {processor.py:156} INFO - Started process (PID=163863) to work on /opt/airflow/dags/5_orchestration.py
[2026-09-13T03:02:54.920+0000] {processor.py:799} INFO - Processing file /opt/airflow/dags/5_orchestration.py for tasks to queue
[2026-09-13T03:02:54.922+0000] {logging_mixin.py:149} INFO - [2026-09-13T03:02:54.922+0000] {dagbag.py:541} INFO - Filling up the DagBag from /opt/airflow/dags/5_orchestration.py
[2026-09-13T03:02:54.954+0000] {processor.py:809} INFO - DAG(s) dict_keys(['5-orchestration']) retrieved from /opt/airflow/dags/5_orchestration.py
[2026-09-13T03:02:55.030+0000] {logging_mixin.py:149} INFO - [2026-09-13T03:02:55.029+0000] {dag.py:2726} INFO - Sync 1 DAGs
[2026-09-13T03:02:55.096+0000] {logging_mixin.py:149} INFO - [2026-09-13T03:02:55.095+0000] {dag.py:3490} INFO - Setting next_dagrun for 5-orchestration to 2023-05-01T00:00:00+00:00, run_after=2023-05-02T00:00:00+00:00
[2026-09-13T03:02:55.162+0000] {processor.py:178} INFO - Processing /opt/airflow/dags/5_orchestration.py took 0.273 seconds
[2026-09-13T03:03:25.362+0000] {processor.py:156} INFO - Started process (PID=163878) to work on /opt/airflow/dags/5_orchestration.py
[2026-09-13T03:03:25.366+0000] {processor.py:799} INFO - Processing file /opt/airflow/dags/5_orchestration.py for tasks to queue
[2026-09-13T03:03:25.368+0000] {logging_mixin.py:149} INFO - [2026-09-13T03:03:25.367+0000] {dagbag.py:541} INFO - Filling up the DagBag from /opt/airflow/dags/5_orchestration.py
[2026-09-13T03:03:25.404+0000] {processor.py:809} INFO - DAG(s) dict_keys(['5-orchestration']) retrieved from /opt/airflow/dags/5_orchestration.py
[2026-09-13T03:03:25.488+0000] {logging_mixin.py:149} INFO - [2026-09-13T03:03:25.488+0000] {dag.py:2726} INFO - Sync 1 DAGs
[2026-09-13T03:03:25.566+0000] {logging_mixin.py:149} INFO - [2026-09-13T03:03:25.566+0000] {dag.py:3490} INFO - Setting next_dagrun for 5-orchestration to 2023-05-01T00:00:00+00:00, run_after=2023-05-02T00:00:00+00:00
[2026-09-13T03:03:25.633+0000] {processor.py:178} INFO - Processing /opt/airflow/dags/5_orchestration.py took 0.281 seconds
[2026-09-13T03:03:55.966+0000] {processor.py:156} INFO - Started process (PID=163892) to work on /opt/airflow/dags/5_orchestration.py
[2026-09-13T03:03:55.970+0000] {processor.py:799} INFO - Processing file /opt/airflow/dags/5_orchestration.py for tasks to queue
[2026-09-13T03:03:55.972+0000] {logging_mixin.py:149} INFO - [2026-09-13T03:03:55.972+0000] {dagbag.py:541} INFO - Filling up the DagBag from /opt/airflow/dags/5_orchestration.py
[2026-09-13T03:03:56.009+0000] {processor.py:809} INFO - DAG(s) dict_keys(['5-orchestration']) retrieved from /opt/airflow/dags/5_orchestration.py
[2026-09-13T03:03:56.067+0000] {logging_mixin.py:149} INFO - [2026-09-13T03:03:56.066+0000] {dag.py:2726} INFO - Sync 1 DAGs
[2026-09-13T03:03:56.109+0000] {logging_mixin.py:149} INFO - [2026-09-13T03:03:56.109+0000] {dag.py:3490} INFO - Setting next_dagrun for 5-orchestration to 2023-05-01T00:00:00+00:00, run_after=2023-05-02T00:00:00+00:00
[2026-09-13T03:03:56.171+0000] {processor.py:178} INFO - Processing /opt/airflow/dags/5_orchestration.py took 0.216 seconds
[2026-09-13T03:04:26.453+0000] {processor.py:156} INFO - Started process (PID=163906) to work on /opt/airflow/dags/5_orchestration.py
[2026-09-13T03:04:26.456+0000] {processor.py:799} INFO - Processing file /opt/airflow/dags/5_orchestration.py for tasks to queue
[2026-09-13T03:04:26.457+0000] {logging_mixin.py:149} INFO - [2026-09-13T03:04:26.457+0000] {dagbag.py:541} INFO - Filling up the DagBag from /opt/airflow/dags/5_orchestration.py
[2026-09-13T03:04:26.491+0000] {processor.py:809} INFO - DAG(s) dict_keys(['5-orchestration']) retrieved from /opt/airflow/dags/5_orchestration.py
[2026-09-13T03:04:26.581+0000] {logging_mixin.py:149} INFO - [2026-09-13T03:04:26.581+0000] {dag.py:2726} INFO - Sync 1 DAGs
[2026-09-13T03:04:26.653+0000] {logging_mixin.py:149} INFO - [2026-09-13T03:04:26.652+0000] {dag.py:3490} INFO - Setting next_dagrun for 5-orchestration to 2023-05-01T00:00:00+00:00, run_after=2023-05-02T00:00:00+00:00
[2026-09-13T03:04:26.706+0000] {processor.py:178} INFO - Processing /opt/airflow/dags/5_orchestration.py took 0.263 seconds
[2026-09-13T03:04:56.962+0000] {processor.py:156} INFO - Started process (PID=163921) to work on /opt/airflow/dags/5_orchestration.py
[2026-09-13T03:04:56.966+0000] {processor.py:799} INFO - Processing file /opt/airflow/dags/5_orchestration.py for tasks to queue
[2026-09-13T03:04:56.968+0000] {logging_mixin.py:149} INFO - [2026-09-13T03:04:56.967+0000] {dagbag.py:541} INFO - Filling up the DagBag from /opt/airflow/dags/5_orchestration.py
[2026-09-13T03:04:57.005+0000] {processor.py:809} INFO - DAG(s) dict_keys(['5-orchestration']) retrieved from /opt/airflow/dags/5_orchestration.py
[2026-09-13T03:04:57.103+0000] {logging_mixin.py:149} INFO - [2026-09-13T03:04:57.102+0000] {dag.py:2726} INFO - Sync 1 DAGs
[2026-09-13T03:04:57.188+0000] {logging_mixin.py:149} INFO - [2026-09-13T03:04:57.188+0000] {dag.py:3490} INFO - Setting next_dagrun for 5-orchestration to 2023-05-01T00:00:00+00:00, run_after=2023-05-02T00:00:00+00:00
[2026-09-13T03:04:57.258+0000] {processor.py:178} INFO - Processing /opt/airflow/dags/5_orchestration.py took 0.310 seconds
[2026-09-13T03:05:27.434+0000] {processor.py:156} INFO - Started process (PID=163935) to work on /opt/airflow/dags/5_orchestration.py
[2026-09-13T03:05:27.436+0000] {processor.py:799} INFO - Processing file /opt/airflow/dags/5_orchestration.py for tasks to queue
[2026-09-13T03:05:27.438+0000] {logging_mixin.py:149} INFO - [2026-09-13T03:05:27.438+0000] {dagbag.py:541} INFO - Filling up the DagBag from /opt/airflow/dags/5_orchestration.py
[2026-09-13T03:05:27.465+0000] {processor.py:809} INFO - DAG(s) dict_keys(['5-orchestration']) retrieved from /opt/airflow/dags/5_orchestration.py
[2026-09-13T03:05:27.518+0000] {logging_mixin.py:149} INFO - [2026-09-13T03:05:27.518+0000] {dag.py:2726} INFO - Sync 1 DAGs
[2026-09-13T03:05:27.556+0000] {logging_mixin.py:149} INFO - [2026-09-13T03:05:27.556+0000] {dag.py:3490} INFO - Setting next_dagrun for 5-orchestration to 2023-05-01T00:00:00+00:00, run_after=2023-05-02T00:00:00+00:00
[2026-09-13T03:05:27.614+0000] {processor.py:178} INFO - Processing /opt/airflow/dags/5_orchestration.py took 0.188 seconds
[2026-09-13T03:05:57.769+0000] {processor.py:156} INFO - Started process (PID=163949) to work on /opt/airflow/dags/5_orchestration.py
[2026-09-13T03:05:57.772+0000] {processor.py:799} INFO - Processing file /opt/airflow/dags/5_orchestration.py for tasks to queue
[2026-09-13T03:05:57.774+0000] {logging_mixin.py:149} INFO - [2026-09-13T03:05:57.774+0000] {dagbag.py:541} INFO - Filling up the DagBag from /opt/airflow/dags/5_orchestration.py
[2026-09-13T03:05:57.811+0000] {processor.py:809} INFO - DAG(s) dict_keys(['5-orchestration']) retrieved from /opt/airflow/dags/5_orchestration.py
[2026-09-13T03:05:57.913+0000] {logging_mixin.py:149} INFO - [2026-09-13T03:05:57.912+0000] {dag.py:2726} INFO - Sync 1 DAGs
[2026-09-13T03:05:57.984+0000] {logging_mixin.py:149} INFO - [2026-09-13T03:05:57.984+0000] {dag.py:3490} INFO - Setting next_dagrun for 5-orchestration to 2023-05-01T00:00:00+00:00, run_after=2023-05-02T00:00:00+00:00
[2026-09-13T03:05:58.047+0000] {processor.py:178} INFO - Processing /opt/airflow/dags/5_orchestration.py took 0.290 seconds
[2026-09-13T03:06:28.229+0000] {processor.py:156} INFO - Started process (PID=163964) to work on /opt/airflow/dags/5_orchestration.py
[2026-09-13T03:06:28.233+0000] {processor.py:799} INFO - Processing file /opt/airflow/dags/5_orchestration.py for tasks to queue
[2026-09-13T03:06:28.236+0000] {logging_mixin.py:149} INFO - [2026-09-13T03:06:28.236+0000] {dagbag.py:541} INFO - Filling up the DagBag from /opt/airflow/dags/5_orchestration.py
[2026-09-13T03:06:28.278+0000] {processor.py:809} INFO - DAG(s) dict_keys(['5-orchestration']) retrieved from /opt/airflow/dags/5_orchestration.py
[2026-09-13T03:06:28.367+0000] {logging_mixin.py:149} INFO - [2026-09-13T03:06:28.367+0000] {dag.py:2726} INFO - Sync 1 DAGs
[2026-09-13T03:06:28.433+0000] {logging_mixin.py:149} INFO - [2026-09-13T03:06:28.432+0000] {dag.py:3490} INFO - Setting next_dagrun for 5-orchestration to 2023-05-01T00:00:00+00:00, run_after=2023-05-02T00:00:00+00:00
[2026-09-13T03:06:28.498+0000] {processor.py:178} INFO - Processing /opt/airflow/dags/5_orchestration.py took 0.281 seconds
[2026-09-13T03:06:58.649+0000] {processor.py:156} INFO - Started process (PID=163978) to work on /opt/airflow/dags/5_orchestration.py
[2026-09-13T03:06:58.658+0000] {processor.py:799} INFO - Processing file /opt/airflow/dags/5_orchestration.py for tasks to queue
[2026-09-13T03:06:58.660+0000] {logging_mixin.py:149} INFO - [2026-09-13T03:06:58.659+0000] {dagbag.py:541} INFO - Filling up the DagBag from /opt/airflow/dags/5_orchestration.py
[2026-09-13T03:06:58.693+0000] {processor.py:809} INFO - DAG(s) dict_keys(['5-orchestration']) retrieved from /opt/airflow/dags/5_orchestration.py
[2026-09-13T03:06:58.777+0000] {logging_mixin.py:149} INFO - [2026-09-13T03:06:58.776+0000] {dag.py:2726} INFO - Sync 1 DAGs
[2026-09-13T03:06:58.886+0000] {logging_mixin.py:149} INFO - [2026-09-13T03:06:58.886+0000] {dag.py:3490} INFO - Setting next_dagrun for 5-orchestration to 2023-05-01T00:00:00+00:00, run_after=2023-05-02T00:00:00+00:00
[2026-09-13T03:06:58.955+0000] {processor.py:178} INFO - Processing /opt/airflow/dags/5_orchestration.py took 0.315 seconds
[2026-09-13T03:07:29.171+0000] {processor.py:156} INFO - Started process (PID=163992) to work on /opt/airflow/dags/5_orchestration.py
[2026-09-13T03:07:29.173+0000] {processor.py:799} INFO - Processing file /opt/airflow/dags/5_orchestration.py for tasks to queue
[2026-09-13T03:07:29.175+0000] {logging_mixin.py:149} INFO - [2026-09-13T03:07:29.175+0000] {dagbag.py:541} INFO - Filling up the DagBag from /opt/airflow/dags/5_orchestration.py
[2026-09-13T03:07:29.210+0000] {processor.py:809} INFO - DAG(s) dict_keys(['5-orchestration']) retrieved from /opt/airflow/dags/5_orchestration.py
[2026-09-13T03:07:29.298+0000] {logging_mixin.py:149} INFO - [2026-09-13T03:07:29.297+0000] {dag.py:2726} INFO - Sync 1 DAGs
[2026-09-13T03:07:29.369+0000] {logging_mixin.py:149} INFO - [2026-09-13T03:07:29.369+0000] {dag.py:3490} INFO - Setting next_dagrun for 5-orchestration to 2023-05-01T00:00:00+00:00, run_after=2023-05-02T00:00:00+00:00
[2026-09-13T03:07:29.419+0000] {processor.py:178} INFO - Processing /opt/airflow/dags/5_orchestration.py took 0.258 seconds
[2026-09-13T03:07:59.604+0000] {processor.py:156} INFO - Started process (PID=164005) to work on /opt/airflow/dags/5_orchestration.py
[2026-09-13T03:07:59.608+0000] {processor.py:799} INFO - Processing file /opt/airflow/dags/5_orchestration.py for tasks to queue
[2026-09-13T03:07:59.612+0000] {logging_mixin.py:149} INFO - [2026-09-13T03:07:59.612+0000] {dagbag.py:541} INFO - Filling up the DagBag from /opt/airflow/dags/5_orchestration.py
[2026-09-13T03:07:59.647+0000] {processor.py:809} INFO - DAG(s) dict_keys(['5-orchestration']) retrieved from /opt/airflow/dags/5_orchestration.py
[2026-09-13T03:07:59.735+0000] {logging_mixin.py:149} INFO - [2026-09-13T03:07:59.734+0000] {dag.py:2726} INFO - Sync 1 DAGs
[2026-09-13T03:07:59.800+0000] {logging_mixin.py:149} INFO - [2026-09-13T03:07:59.799+0000] {dag.py:3490} INFO - Setting next_dagrun for 5-orchestration to 2023-05-01T00:00:00+00:00, run_after=2023-05-02T00:00:00+00:00
[2026-09-13T03:07:59.879+0000] {processor.py:178} INFO - Processing /opt/airflow/dags/5_orchestration.py took 0.286 seconds
[2026-09-13T03:08:30.073+0000] {processor.py:156} INFO - Started process (PID=164019) to work on /opt/airflow/dags/5_orchestration.py
[2026-09-13T03:08:30.079+0000] {processor.py:799} INFO - Processing file /opt/airflow/dags/5_orchestration.py for tasks to queue
[2026-09-13T03:08:30.081+0000] {logging_mixin.py:149} INFO - [2026-09-13T03:08:30.080+0000] {dagbag.py:541} INFO - Filling up the DagBag from /opt/airflow/dags/5_orchestration.py
[2026-09-13T03:08:30.118+0000] {processor.py:809} INFO - DAG(s) dict_keys(['5-orchestration']) retrieved from /opt/airflow/dags/5_orchestration.py
[2026-09-13T03:08:30.202+0000] {logging_mixin.py:149} INFO - [2026-09-13T03:08:30.201+0000] {dag.py:2726} INFO - Sync 1 DAGs
[2026-09-13T03:08:30.281+0000] {logging_mixin.py:149} INFO - [2026-09-13T03:08:30.281+0000] {dag.py:3490} INFO - Setting next_dagrun for 5-orchestration to 2023-05-01T00:00:00+00:00, run_after=2023-05-02T00:00:00+00:00
[2026-09-13T03:08:30.316+0000] {processor.py:178} INFO - Processing /opt/airflow/dags/5_orchestration.py took 0.253 seconds
[2026-09-13T03:09:00.603+0000] {processor.py:156} INFO - Started process (PID=164033) to work on /opt/airflow/dags/5_orchestration.py
[2026-09-13T03:09:00.606+0000] {processor.py:799} INFO - Processing file /opt/airflow/dags/5_orchestration.py for tasks to queue
[2026-09-13T03:09:00.607+0000] {logging_mixin.py:149} INFO - [2026-09-13T03:09:00.607+0000] {dagbag.py:541} INFO - Filling up the DagBag from /opt/airflow/dags/5_orchestration.py
[2026-09-13T03:09:00.644+0000] {processor.py:809} INFO - DAG(s) dict_keys(['5-orchestration']) retrieved from /opt/airflow/dags/5_orchestration.py
[2026-09-13T03:09:00.735+0000] {logging_mixin.py:149} INFO - [2026-09-13T03:09:00.735+0000] {dag.py:2726} INFO - Sync 1 DAGs
[2026-09-13T03:09:00.820+0000] {logging_mixin.py:149} INFO - [2026-09-13T03:09:00.820+0000] {dag.py:3490} INFO - Setting next_dagrun for 5-orchestration to 2023-05-01T00:00:00+00:00, run_after=2023-05-02T00:00:00+00:00
[2026-09-13T03:09:00.889+0000] {processor.py:178} INFO - Processing /opt/airflow/dags/5_orchestration.py took 0.300 seconds
[2026-09-13T03:09:31.168+0000] {processor.py:156} INFO - Started process (PID=164047) to work on /opt/airflow/dags/5_orchestration.py
[2026-09-13T03:09:31.171+0000] {processor.py:799} INFO - Processing file /opt/airflow/dags/5_orchestration.py for tasks to queue
[2026-09-13T03:09:31.174+0000] {logging_mixin.py:149} INFO - [2026-09-13T03:09:31.173+0000] {dagbag.py:541} INFO - Filling up the DagBag from /opt/airflow/dags/5_orchestration.py
[2026-09-13T03:09:31.218+0000] {processor.py:809} INFO - DAG(s) dict_keys(['5-orchestration']) retrieved from /opt/airflow/dags/5_orchestration.py
[2026-09-13T03:09:31.312+0000] {logging_mixin.py:149} INFO - [2026-09-13T03:09:31.312+0000] {dag.py:2726} INFO - Sync 1 DAGs
[2026-09-13T03:09:31.395+0000] {logging_mixin.py:149} INFO - [2026-09-13T03:09:31.394+0000] {dag.py:3490} INFO - Setting next_dagrun for 5-orchestration to 2023-05-01T00:00:00+00:00, run_after=2023-05-02T00:00:00+00:00
[2026-09-13T03:09:31.467+0000] {processor.py:178} INFO - Processing /opt/airflow/dags/5_orchestration.py took 0.310 seconds
[2026-09-13T03:10:01.706+0000] {processor.py:156} INFO - Started process (PID=164061) to work on /opt/airflow/dags/5_orchestration.py
[2026-09-13T03:10:01.709+0000] {processor.py:799} INFO - Processing file /opt/airflow/dags/5_orchestration.py for tasks to queue
[2026-09-13T03:10:01.711+0000] {logging_mixin.py:149} INFO - [2026-09-13T03:10:01.711+0000] {dagbag.py:541} INFO - Filling up the DagBag from /opt/airflow/dags/5_orchestration.py
[2026-09-13T03:10:01.746+0000] {processor.py:809} INFO - DAG(s) dict_keys(['5-orchestration']) retrieved from /opt/airflow/dags/5_orchestration.py
[2026-09-13T03:10:01.838+0000] {logging_mixin.py:149} INFO - [2026-09-13T03:10:01.838+0000] {dag.py:2726} INFO - Sync 1 DAGs
[2026-09-13T03:10:01.909+0000] {logging_mixin.py:149} INFO - [2026-09-13T03:10:01.908+0000] {dag.py:3490} INFO - Setting next_dagrun for 5-orchestration to 2023-05-01T00:00:00+00:00, run_after=2023-05-02T00:00:00+00:00
[2026-09-13T03:10:01.962+0000] {processor.py:178} INFO - Processing /opt/airflow/dags/5_orchestration.py took 0.267 seconds
[2026-09-13T03:10:32.227+0000] {processor.py:156} INFO - Started process (PID=164075) to work on /opt/airflow/dags/5_orchestration.py
[2026-09-13T03:10:32.230+0000] {processor.py:799} INFO - Processing file /opt/airflow/dags/5_orchestration.py for tasks to queue
[2026-09-13T03:10:32.232+0000] {logging_mixin.py:149} INFO - [2026-09-13T03:10:32.231+0000] {dagbag.py:541} INFO - Filling up the DagBag from /opt/airflow/dags/5_orchestration.py
[2026-09-13T03:10:32.262+0000] {processor.py:809} INFO - DAG(s) dict_keys(['5-orchestration']) retrieved from /opt/airflow/dags/5_orchestration.py
[2026-09-13T03:10:32.345+0000] {logging_mixin.py:149} INFO - [2026-09-13T03:10:32.345+0000] {dag.py:2726} INFO - Sync 1 DAGs
[2026-09-13T03:10:32.413+0000] {logging_mixin.py:149} INFO - [2026-09-13T03:10:32.413+0000] {dag.py:3490} INFO - Setting next_dagrun for 5-orchestration to 2023-05-01T00:00:00+00:00, run_after=2023-05-02T00:00:00+00:00
[2026-09-13T03:10:32.491+0000] {processor.py:178} INFO - Processing /opt/airflow/dags/5_orchestration.py took 0.278 seconds
[2026-09-13T03:11:02.741+0000] {processor.py:156} INFO - Started process (PID=164089) to work on /opt/airflow/dags/5_orchestration.py
[2026-09-13T03:11:02.746+0000] {processor.py:799} INFO - Processing file /opt/airflow/dags/5_orchestration.py for tasks to queue
[2026-09-13T03:11:02.748+0000] {logging_mixin.py:149} INFO - [2026-09-13T03:11:02.747+0000] {dagbag.py:541} INFO - Filling up the DagBag from /opt/airflow/dags/5_orchestration.py
[2026-09-13T03:11:02.793+0000] {processor.py:809} INFO - DAG(s) dict_keys(['5-orchestration']) retrieved from /opt/airflow/dags/5_orchestration.py
[2026-09-13T03:11:02.875+0000] {logging_mixin.py:149} INFO - [2026-09-13T03:11:02.875+0000] {dag.py:2726} INFO - Sync 1 DAGs
[2026-09-13T03:11:02.945+0000] {logging_mixin.py:149} INFO - [2026-09-13T03:11:02.944+0000] {dag.py:3490} INFO - Setting next_dagrun for 5-orchestration to 2023-05-01T00:00:00+00:00, run_after=2023-05-02T00:00:00+00:00
[2026-09-13T03:11:03.003+0000] {processor.py:178} INFO - Processing /opt/airflow/dags/5_orchestration.py took 0.274 seconds
[2026-09-13T03:11:33.243+0000] {processor.py:156} INFO - Started process (PID=164103) to work on /opt/airflow/dags/5_orchestration.py
[2026-09-13T03:11:33.247+0000] {processor.py:799} INFO - Processing file /opt/airflow/dags/5_orchestration.py for tasks to queue
[2026-09-13T03:11:33.249+0000] {logging_mixin.py:149} INFO - [2026-09-13T03:11:33.249+0000] {dagbag.py:541} INFO - Filling up the DagBag from /opt/airflow/dags/5_orchestration.py
[2026-09-13T03:11:33.287+0000] {processor.py:809} INFO - DAG(s) dict_keys(['5-orchestration']) retrieved from /opt/airflow/dags/5_orchestration.py
[2026-09-13T03:11:33.372+0000] {logging_mixin.py:149} INFO - [2026-09-13T03:11:33.372+0000] {dag.py:2726} INFO - Sync 1 DAGs
[2026-09-13T03:11:33.447+0000] {logging_mixin.py:149} INFO - [2026-09-13T03:11:33.446+0000] {dag.py:3490} INFO - Setting next_dagrun for 5-orchestration to 2023-05-01T00:00:00+00:00, run_after=2023-05-02T00:00:00+00:00
[2026-09-13T03:11:33.517+0000] {processor.py:178} INFO - Processing /opt/airflow/dags/5_orchestration.py took 0.285 seconds
[2026-09-13T03:12:03.720+0000] {processor.py:156} INFO - Started process (PID=164118) to work on /opt/airflow/dags/5_orchestration.py
[2026-09-13T03:12:03.728+0000] {processor.py:799} INFO - Processing file /opt/airflow/dags/5_orchestration.py for tasks to queue
[2026-09-13T03:12:03.731+0000] {logging_mixin.py:149} INFO - [2026-09-13T03:12:03.730+0000] {dagbag.py:541} INFO - Filling up the DagBag from /opt/airflow/dags/5_orchestration.py
[2026-09-13T03:12:03.769+0000] {processor.py:809} INFO - DAG(s) dict_keys(['5-orchestration']) retrieved from /opt/airflow/dags/5_orchestration.py
[2026-09-13T03:12:03.862+0000] {logging_mixin.py:149} INFO - [2026-09-13T03:12:03.861+0000] {dag.py:2726} INFO - Sync 1 DAGs
[2026-09-13T03:12:03.933+0000] {logging_mixin.py:149} INFO - [2026-09-13T03:12:03.932+0000] {dag.py:3490} INFO - Setting next_dagrun for 5-orchestration to 2023-05-01T00:00:00+00:00, run_after=2023-05-02T00:00:00+00:00
[2026-09-13T03:12:04.007+0000] {processor.py:178} INFO - Processing /opt/airflow/dags/5_orchestration.py took 0.298 seconds
[2026-09-13T03:12:34.337+0000] {processor.py:156} INFO - Started process (PID=164133) to work on /opt/airflow/dags/5_orchestration.py
[2026-09-13T03:12:34.341+0000] {processor.py:799} INFO - Processing file /opt/airflow/dags/5_orchestration.py for tasks to queue
[2026-09-13T03:12:34.343+0000] {logging_mixin.py:149} INFO - [2026-09-13T03:12:34.342+0000] {dagbag.py:541} INFO - Filling up the DagBag from /opt/airflow/dags/5_orchestration.py
[2026-09-13T03:12:34.378+0000] {processor.py:809} INFO - DAG(s) dict_keys(['5-orchestration']) retrieved from /opt/airflow/dags/5_orchestration.py
[2026-09-13T03:12:34.472+0000] {logging_mixin.py:149} INFO - [2026-09-13T03:12:34.472+0000] {dag.py:2726} INFO - Sync 1 DAGs
[2026-09-13T03:12:34.534+0000] {logging_mixin.py:149} INFO - [2026-09-13T03:12:34.533+0000] {dag.py:3490} INFO - Setting next_dagrun for 5-orchestration to 2023-05-01T00:00:00+00:00, run_after=2023-05-02T00:00:00+00:00
[2026-09-13T03:12:34.587+0000] {processor.py:178} INFO - Processing /opt/airflow/dags/5_orchestration.py took 0.262 seconds
[2026-09-13T03:13:04.795+0000] {processor.py:156} INFO - Started process (PID=164147) to work on /opt/airflow/dags/5_orchestration.py
[2026-09-13T03:13:04.798+0000] {processor.py:799} INFO - Processing file /opt/airflow/dags/5_orchestration.py for tasks to queue
[2026-09-13T03:13:04.813+0000] {logging_mixin.py:149} INFO - [2026-09-13T03:13:04.813+0000] {dagbag.py:541} INFO - Filling up the DagBag from /opt/airflow/dags/5_orchestration.py
[2026-09-13T03:13:04.842+0000] {processor.py:809} INFO - DAG(s) dict_keys(['5-orchestration']) retrieved from /opt/airflow/dags/5_orchestration.py
[2026-09-13T03:13:04.906+0000] {logging_mixin.py:149} INFO - [2026-09-13T03:13:04.906+0000] {dag.py:2726} INFO - Sync 1 DAGs
[2026-09-13T03:13:04.947+0000] {logging_mixin.py:149} INFO - [2026-09-13T03:13:04.947+0000] {dag.py:3490} INFO - Setting next_dagrun for 5-orchestration to 2023-05-01T00:00:00+00:00, run_after=2023-05-02T00:00:00+00:00
[2026-09-13T03:13:04.972+0000] {processor.py:178} INFO - Processing /opt/airflow/dags/5_orchestration.py took 0.186 seconds
[2026-09-13T03:13:35.169+0000] {processor.py:156} INFO - Started process (PID=164160) to work on /opt/airflow/dags/5_orchestration.py
[2026-09-13T03:13:35.174+0000] {processor.py:799} INFO - Processing file /opt/airflow/dags/5_orchestration.py for tasks to queue
[2026-09-13T03:13:35.176+0000] {logging_mixin.py:149} INFO - [2026-09-13T03:13:35.176+0000] {dagbag.py:541} INFO - Filling up the DagBag from /opt/airflow/dags/5_orchestration.py
[2026-09-13T03:13:35.210+0000] {processor.py:809} INFO - DAG(s) dict_keys(['5-orchestration']) retrieved from /opt/airflow/dags/5_orchestration.py
[2026-09-13T03:13:35.305+0000] {logging_mixin.py:149} INFO - [2026-09-13T03:13:35.304+0000] {dag.py:2726} INFO - Sync 1 DAGs
[2026-09-13T03:13:35.379+0000] {logging_mixin.py:149} INFO - [2026-09-13T03:13:35.378+0000] {dag.py:3490} INFO - Setting next_dagrun for 5-orchestration to 2023-05-01T00:00:00+00:00, run_after=2023-05-02T00:00:00+00:00
[2026-09-13T03:13:35.449+0000] {processor.py:178} INFO - Processing /opt/airflow/dags/5_orchestration.py took 0.290 seconds
[2026-09-13T03:14:05.657+0000] {processor.py:156} INFO - Started process (PID=164175) to work on /opt/airflow/dags/5_orchestration.py
[2026-09-13T03:14:05.660+0000] {processor.py:799} INFO - Processing file /opt/airflow/dags/5_orchestration.py for tasks to queue
[2026-09-13T03:14:05.662+0000] {logging_mixin.py:149} INFO - [2026-09-13T03:14:05.662+0000] {dagbag.py:541} INFO - Filling up the DagBag from /opt/airflow/dags/5_orchestration.py
[2026-09-13T03:14:05.706+0000] {processor.py:809} INFO - DAG(s) dict_keys(['5-orchestration']) retrieved from /opt/airflow/dags/5_orchestration.py
[2026-09-13T03:14:05.801+0000] {logging_mixin.py:149} INFO - [2026-09-13T03:14:05.801+0000] {dag.py:2726} INFO - Sync 1 DAGs
[2026-09-13T03:14:05.873+0000] {logging_mixin.py:149} INFO - [2026-09-13T03:14:05.872+0000] {dag.py:3490} INFO - Setting next_dagrun for 5-orchestration to 2023-05-01T00:00:00+00:00, run_after=2023-05-02T00:00:00+00:00
[2026-09-13T03:14:05.934+0000] {processor.py:178} INFO - Processing /opt/airflow/dags/5_orchestration.py took 0.287 seconds
[2026-09-13T03:14:36.134+0000] {processor.py:156} INFO - Started process (PID=164189) to work on /opt/airflow/dags/5_orchestration.py
[2026-09-13T03:14:36.136+0000] {processor.py:799} INFO - Processing file /opt/airflow/dags/5_orchestration.py for tasks to queue
[2026-09-13T03:14:36.138+0000] {logging_mixin.py:149} INFO - [2026-09-13T03:14:36.137+0000] {dagbag.py:541} INFO - Filling up the DagBag from /opt/airflow/dags/5_orchestration.py
[2026-09-13T03:14:36.171+0000] {processor.py:809} INFO - DAG(s) dict_keys(['5-orchestration']) retrieved from /opt/airflow/dags/5_orchestration.py
[2026-09-13T03:14:36.261+0000] {logging_mixin.py:149} INFO - [2026-09-13T03:14:36.261+0000] {dag.py:2726} INFO - Sync 1 DAGs
[2026-09-13T03:14:36.347+0000] {logging_mixin.py:149} INFO - [2026-09-13T03:14:36.346+0000] {dag.py:3490} INFO - Setting next_dagrun for 5-orchestration to 2023-05-01T00:00:00+00:00, run_after=2023-05-02T00:00:00+00:00
[2026-09-13T03:14:36.410+0000] {processor.py:178} INFO - Processing /opt/airflow/dags/5_orchestration.py took 0.294 seconds
[2026-09-13T03:15:06.651+0000] {processor.py:156} INFO - Started process (PID=164203) to work on /opt/airflow/dags/5_orchestration.py
[2026-09-13T03:15:06.655+0000] {processor.py:799} INFO - Processing file /opt/airflow/dags/5_orchestration.py for tasks to queue
[2026-09-13T03:15:06.657+0000] {logging_mixin.py:149} INFO - [2026-09-13T03:15:06.656+0000] {dagbag.py:541} INFO - Filling up the DagBag from /opt/airflow/dags/5_orchestration.py
[2026-09-13T03:15:06.702+0000] {processor.py:809} INFO - DAG(s) dict_keys(['5-orchestration']) retrieved from /opt/airflow/dags/5_orchestration.py
[2026-09-13T03:15:06.805+0000] {logging_mixin.py:149} INFO - [2026-09-13T03:15:06.805+0000] {dag.py:2726} INFO - Sync 1 DAGs
[2026-09-13T03:15:06.886+0000] {logging_mixin.py:149} INFO - [2026-09-13T03:15:06.886+0000] {dag.py:3490} INFO - Setting next_dagrun for 5-orchestration to 2023-05-01T00:00:00+00:00, run_after=2023-05-02T00:00:00+00:00
[2026-09-13T03:15:06.957+0000] {processor.py:178} INFO - Processing /opt/airflow/dags/5_orchestration.py took 0.317 seconds
[2026-09-13T03:15:37.028+0000] {processor.py:156} INFO - Started process (PID=164216) to work on /opt/airflow/dags/5_orchestration.py
[2026-09-13T03:15:37.031+0000] {processor.py:799} INFO - Processing file /opt/airflow/dags/5_orchestration.py for tasks to queue
[2026-09-13T03:15:37.033+0000] {logging_mixin.py:149} INFO - [2026-09-13T03:15:37.033+0000] {dagbag.py:541} INFO - Filling up the DagBag from /opt/airflow/dags/5_orchestration.py
[2026-09-13T03:15:37.072+0000] {processor.py:809} INFO - DAG(s) dict_keys(['5-orchestration']) retrieved from /opt/airflow/dags/5_orchestration.py
[2026-09-13T03:15:37.157+0000] {logging_mixin.py:149} INFO - [2026-09-13T03:15:37.157+0000] {dag.py:2726} INFO - Sync 1 DAGs
[2026-09-13T03:15:37.232+0000] {logging_mixin.py:149} INFO - [2026-09-13T03:15:37.231+0000] {dag.py:3490} INFO - Setting next_dagrun for 5-orchestration to 2023-05-01T00:00:00+00:00, run_after=2023-05-02T00:00:00+00:00
[2026-09-13T03:15:37.291+0000] {processor.py:178} INFO - Processing /opt/airflow/dags/5_orchestration.py took 0.274 seconds
[2026-09-13T03:16:07.494+0000] {processor.py:156} INFO - Started process (PID=164231) to work on /opt/airflow/dags/5_orchestration.py
[2026-09-13T03:16:07.497+0000] {processor.py:799} INFO - Processing file /opt/airflow/dags/5_orchestration.py for tasks to queue
[2026-09-13T03:16:07.499+0000] {logging_mixin.py:149} INFO - [2026-09-13T03:16:07.499+0000] {dagbag.py:541} INFO - Filling up the DagBag from /opt/airflow/dags/5_orchestration.py
[2026-09-13T03:16:07.534+0000] {processor.py:809} INFO - DAG(s) dict_keys(['5-orchestration']) retrieved from /opt/airflow/dags/5_orchestration.py
[2026-09-13T03:16:07.625+0000] {logging_mixin.py:149} INFO - [2026-09-13T03:16:07.625+0000] {dag.py:2726} INFO - Sync 1 DAGs
[2026-09-13T03:16:07.707+0000] {logging_mixin.py:149} INFO - [2026-09-13T03:16:07.707+0000] {dag.py:3490} INFO - Setting next_dagrun for 5-orchestration to 2023-05-01T00:00:00+00:00, run_after=2023-05-02T00:00:00+00:00
[2026-09-13T03:16:07.768+0000] {processor.py:178} INFO - Processing /opt/airflow/dags/5_orchestration.py took 0.285 seconds
[2026-09-13T03:16:37.981+0000] {processor.py:156} INFO - Started process (PID=164244) to work on /opt/airflow/dags/5_orchestration.py
[2026-09-13T03:16:37.985+0000] {processor.py:799} INFO - Processing file /opt/airflow/dags/5_orchestration.py for tasks to queue
[2026-09-13T03:16:37.987+0000] {logging_mixin.py:149} INFO - [2026-09-13T03:16:37.986+0000] {dagbag.py:541} INFO - Filling up the DagBag from /opt/airflow/dags/5_orchestration.py
[2026-09-13T03:16:38.018+0000] {processor.py:809} INFO - DAG(s) dict_keys(['5-orchestration']) retrieved from /opt/airflow/dags/5_orchestration.py
[2026-09-13T03:16:38.104+0000] {logging_mixin.py:149} INFO - [2026-09-13T03:16:38.104+0000] {dag.py:2726} INFO - Sync 1 DAGs
[2026-09-13T03:16:38.183+0000] {logging_mixin.py:149} INFO - [2026-09-13T03:16:38.183+0000] {dag.py:3490} INFO - Setting next_dagrun for 5-orchestration to 2023-05-01T00:00:00+00:00, run_after=2023-05-02T00:00:00+00:00
[2026-09-13T03:16:38.246+0000] {processor.py:178} INFO - Processing /opt/airflow/dags/5_orchestration.py took 0.275 seconds
[2026-09-13T03:17:08.455+0000] {processor.py:156} INFO - Started process (PID=164258) to work on /opt/airflow/dags/5_orchestration.py
[2026-09-13T03:17:08.459+0000] {processor.py:799} INFO - Processing file /opt/airflow/dags/5_orchestration.py for tasks to queue
[2026-09-13T03:17:08.461+0000] {logging_mixin.py:149} INFO - [2026-09-13T03:17:08.460+0000] {dagbag.py:541} INFO - Filling up the DagBag from /opt/airflow/dags/5_orchestration.py
[2026-09-13T03:17:08.494+0000] {processor.py:809} INFO - DAG(s) dict_keys(['5-orchestration']) retrieved from /opt/airflow/dags/5_orchestration.py
[2026-09-13T03:17:08.582+0000] {logging_mixin.py:149} INFO - [2026-09-13T03:17:08.581+0000] {dag.py:2726} INFO - Sync 1 DAGs
[2026-09-13T03:17:08.665+0000] {logging_mixin.py:149} INFO - [2026-09-13T03:17:08.665+0000] {dag.py:3490} INFO - Setting next_dagrun for 5-orchestration to 2023-05-01T00:00:00+00:00, run_after=2023-05-02T00:00:00+00:00
[2026-09-13T03:17:08.731+0000] {processor.py:178} INFO - Processing /opt/airflow/dags/5_orchestration.py took 0.287 seconds
[2026-09-13T03:17:38.835+0000] {processor.py:156} INFO - Started process (PID=164271) to work on /opt/airflow/dags/5_orchestration.py
[2026-09-13T03:17:38.838+0000] {processor.py:799} INFO - Processing file /opt/airflow/dags/5_orchestration.py for tasks to queue
[2026-09-13T03:17:38.840+0000] {logging_mixin.py:149} INFO - [2026-09-13T03:17:38.840+0000] {dagbag.py:541} INFO - Filling up the DagBag from /opt/airflow/dags/5_orchestration.py
[2026-09-13T03:17:38.877+0000] {processor.py:809} INFO - DAG(s) dict_keys(['5-orchestration']) retrieved from /opt/airflow/dags/5_orchestration.py
[2026-09-13T03:17:38.959+0000] {logging_mixin.py:149} INFO - [2026-09-13T03:17:38.958+0000] {dag.py:2726} INFO - Sync 1 DAGs
[2026-09-13T03:17:39.035+0000] {logging_mixin.py:149} INFO - [2026-09-13T03:17:39.035+0000] {dag.py:3490} INFO - Setting next_dagrun for 5-orchestration to 2023-05-01T00:00:00+00:00, run_after=2023-05-02T00:00:00+00:00
[2026-09-13T03:17:39.116+0000] {processor.py:178} INFO - Processing /opt/airflow/dags/5_orchestration.py took 0.295 seconds
[2026-09-13T03:18:09.418+0000] {processor.py:156} INFO - Started process (PID=164285) to work on /opt/airflow/dags/5_orchestration.py
[2026-09-13T03:18:09.425+0000] {processor.py:799} INFO - Processing file /opt/airflow/dags/5_orchestration.py for tasks to queue
[2026-09-13T03:18:09.427+0000] {logging_mixin.py:149} INFO - [2026-09-13T03:18:09.426+0000] {dagbag.py:541} INFO - Filling up the DagBag from /opt/airflow/dags/5_orchestration.py
[2026-09-13T03:18:09.466+0000] {processor.py:809} INFO - DAG(s) dict_keys(['5-orchestration']) retrieved from /opt/airflow/dags/5_orchestration.py
[2026-09-13T03:18:09.567+0000] {logging_mixin.py:149} INFO - [2026-09-13T03:18:09.566+0000] {dag.py:2726} INFO - Sync 1 DAGs
[2026-09-13T03:18:09.636+0000] {logging_mixin.py:149} INFO - [2026-09-13T03:18:09.635+0000] {dag.py:3490} INFO - Setting next_dagrun for 5-orchestration to 2023-05-01T00:00:00+00:00, run_after=2023-05-02T00:00:00+00:00
[2026-09-13T03:18:09.705+0000] {processor.py:178} INFO - Processing /opt/airflow/dags/5_orchestration.py took 0.298 seconds
[2026-09-13T03:18:39.803+0000] {processor.py:156} INFO - Started process (PID=164300) to work on /opt/airflow/dags/5_orchestration.py
[2026-09-13T03:18:39.807+0000] {processor.py:799} INFO - Processing file /opt/airflow/dags/5_orchestration.py for tasks to queue
[2026-09-13T03:18:39.808+0000] {logging_mixin.py:149} INFO - [2026-09-13T03:18:39.808+0000] {dagbag.py:541} INFO - Filling up the DagBag from /opt/airflow/dags/5_orchestration.py
[2026-09-13T03:18:39.844+0000] {processor.py:809} INFO - DAG(s) dict_keys(['5-orchestration']) retrieved from /opt/airflow/dags/5_orchestration.py
[2026-09-13T03:18:39.931+0000] {logging_mixin.py:149} INFO - [2026-09-13T03:18:39.931+0000] {dag.py:2726} INFO - Sync 1 DAGs
[2026-09-13T03:18:40.008+0000] {logging_mixin.py:149} INFO - [2026-09-13T03:18:40.007+0000] {dag.py:3490} INFO - Setting next_dagrun for 5-orchestration to 2023-05-01T00:00:00+00:00, run_after=2023-05-02T00:00:00+00:00
[2026-09-13T03:18:40.078+0000] {processor.py:178} INFO - Processing /opt/airflow/dags/5_orchestration.py took 0.285 seconds
[2026-09-13T03:19:10.152+0000] {processor.py:156} INFO - Started process (PID=164314) to work on /opt/airflow/dags/5_orchestration.py
[2026-09-13T03:19:10.155+0000] {processor.py:799} INFO - Processing file /opt/airflow/dags/5_orchestration.py for tasks to queue
[2026-09-13T03:19:10.157+0000] {logging_mixin.py:149} INFO - [2026-09-13T03:19:10.157+0000] {dagbag.py:541} INFO - Filling up the DagBag from /opt/airflow/dags/5_orchestration.py
[2026-09-13T03:19:10.192+0000] {processor.py:809} INFO - DAG(s) dict_keys(['5-orchestration']) retrieved from /opt/airflow/dags/5_orchestration.py
[2026-09-13T03:19:10.278+0000] {logging_mixin.py:149} INFO - [2026-09-13T03:19:10.278+0000] {dag.py:2726} INFO - Sync 1 DAGs
[2026-09-13T03:19:10.351+0000] {logging_mixin.py:149} INFO - [2026-09-13T03:19:10.350+0000] {dag.py:3490} INFO - Setting next_dagrun for 5-orchestration to 2023-05-01T00:00:00+00:00, run_after=2023-05-02T00:00:00+00:00
[2026-09-13T03:19:10.416+0000] {processor.py:178} INFO - Processing /opt/airflow/dags/5_orchestration.py took 0.274 seconds
[2026-09-13T03:19:40.552+0000] {processor.py:156} INFO - Started process (PID=164328) to work on /opt/airflow/dags/5_orchestration.py
[2026-09-13T03:19:40.555+0000] {processor.py:799} INFO - Processing file /opt/airflow/dags/5_orchestration.py for tasks to queue
[2026-09-13T03:19:40.559+0000] {logging_mixin.py:149} INFO - [2026-09-13T03:19:40.558+0000] {dagbag.py:541} INFO - Filling up the DagBag from /opt/airflow/dags/5_orchestration.py
[2026-09-13T03:19:40.589+0000] {processor.py:809} INFO - DAG(s) dict_keys(['5-orchestration']) retrieved from /opt/airflow/dags/5_orchestration.py
[2026-09-13T03:19:40.682+0000] {logging_mixin.py:149} INFO - [2026-09-13T03:19:40.682+0000] {dag.py:2726} INFO - Sync 1 DAGs
[2026-09-13T03:19:40.733+0000] {logging_mixin.py:149} INFO - [2026-09-13T03:19:40.732+0000] {dag.py:3490} INFO - Setting next_dagrun for 5-orchestration to 2023-05-01T00:00:00+00:00, run_after=2023-05-02T00:00:00+00:00
[2026-09-13T03:19:40.762+0000] {processor.py:178} INFO - Processing /opt/airflow/dags/5_orchestration.py took 0.222 seconds
[2026-09-13T03:20:10.951+0000] {processor.py:156} INFO - Started process (PID=164342) to work on /opt/airflow/dags/5_orchestration.py
[2026-09-13T03:20:10.955+0000] {processor.py:799} INFO - Processing file /opt/airflow/dags/5_orchestration.py for tasks to queue
[2026-09-13T03:20:10.957+0000] {logging_mixin.py:149} INFO - [2026-09-13T03:20:10.956+0000] {dagbag.py:541} INFO - Filling up the DagBag from /opt/airflow/dags/5_orchestration.py
[2026-09-13T03:20:10.992+0000] {processor.py:809} INFO - DAG(s) dict_keys(['5-orchestration']) retrieved from /opt/airflow/dags/5_orchestration.py
[2026-09-13T03:20:11.071+0000] {logging_mixin.py:149} INFO - [2026-09-13T03:20:11.071+0000] {dag.py:2726} INFO - Sync 1 DAGs
[2026-09-13T03:20:11.143+0000] {logging_mixin.py:149} INFO - [2026-09-13T03:20:11.142+0000] {dag.py:3490} INFO - Setting next_dagrun for 5-orchestration to 2023-05-01T00:00:00+00:00, run_after=2023-05-02T00:00:00+00:00
[2026-09-13T03:20:11.219+0000] {processor.py:178} INFO - Processing /opt/airflow/dags/5_orchestration.py took 0.276 seconds
[2026-09-13T03:20:41.496+0000] {processor.py:156} INFO - Started process (PID=164356) to work on /opt/airflow/dags/5_orchestration.py
[2026-09-13T03:20:41.500+0000] {processor.py:799} INFO - Processing file /opt/airflow/dags/5_orchestration.py for tasks to queue
[2026-09-13T03:20:41.502+0000] {logging_mixin.py:149} INFO - [2026-09-13T03:20:41.502+0000] {dagbag.py:541} INFO - Filling up the DagBag from /opt/airflow/dags/5_orchestration.py
[2026-09-13T03:20:41.535+0000] {processor.py:809} INFO - DAG(s) dict_keys(['5-orchestration']) retrieved from /opt/airflow/dags/5_orchestration.py
[2026-09-13T03:20:41.634+0000] {logging_mixin.py:149} INFO - [2026-09-13T03:20:41.633+0000] {dag.py:2726} INFO - Sync 1 DAGs
[2026-09-13T03:20:41.694+0000] {logging_mixin.py:149} INFO - [2026-09-13T03:20:41.694+0000] {dag.py:3490} INFO - Setting next_dagrun for 5-orchestration to 2023-05-01T00:00:00+00:00, run_after=2023-05-02T00:00:00+00:00
[2026-09-13T03:20:41.734+0000] {processor.py:178} INFO - Processing /opt/airflow/dags/5_orchestration.py took 0.248 seconds
[2026-09-13T03:21:11.972+0000] {processor.py:156} INFO - Started process (PID=164370) to work on /opt/airflow/dags/5_orchestration.py
[2026-09-13T03:21:11.974+0000] {processor.py:799} INFO - Processing file /opt/airflow/dags/5_orchestration.py for tasks to queue
[2026-09-13T03:21:11.975+0000] {logging_mixin.py:149} INFO - [2026-09-13T03:21:11.975+0000] {dagbag.py:541} INFO - Filling up the DagBag from /opt/airflow/dags/5_orchestration.py
[2026-09-13T03:21:12.004+0000] {processor.py:809} INFO - DAG(s) dict_keys(['5-orchestration']) retrieved from /opt/airflow/dags/5_orchestration.py
[2026-09-13T03:21:12.056+0000] {logging_mixin.py:149} INFO - [2026-09-13T03:21:12.056+0000] {dag.py:2726} INFO - Sync 1 DAGs
[2026-09-13T03:21:12.095+0000] {logging_mixin.py:149} INFO - [2026-09-13T03:21:12.094+0000] {dag.py:3490} INFO - Setting next_dagrun for 5-orchestration to 2023-05-01T00:00:00+00:00, run_after=2023-05-02T00:00:00+00:00
[2026-09-13T03:21:12.120+0000] {processor.py:178} INFO - Processing /opt/airflow/dags/5_orchestration.py took 0.156 seconds
[2026-09-13T03:21:42.402+0000] {processor.py:156} INFO - Started process (PID=164384) to work on /opt/airflow/dags/5_orchestration.py
[2026-09-13T03:21:42.404+0000] {processor.py:799} INFO - Processing file /opt/airflow/dags/5_orchestration.py for tasks to queue
[2026-09-13T03:21:42.406+0000] {logging_mixin.py:149} INFO - [2026-09-13T03:21:42.406+0000] {dagbag.py:541} INFO - Filling up the DagBag from /opt/airflow/dags/5_orchestration.py
[2026-09-13T03:21:42.435+0000] {processor.py:809} INFO - DAG(s) dict_keys(['5-orchestration']) retrieved from /opt/airflow/dags/5_orchestration.py
[2026-09-13T03:21:42.512+0000] {logging_mixin.py:149} INFO - [2026-09-13T03:21:42.511+0000] {dag.py:2726} INFO - Sync 1 DAGs
[2026-09-13T03:21:42.569+0000] {logging_mixin.py:149} INFO - [2026-09-13T03:21:42.569+0000] {dag.py:3490} INFO - Setting next_dagrun for 5-orchestration to 2023-05-01T00:00:00+00:00, run_after=2023-05-02T00:00:00+00:00
[2026-09-13T03:21:42.625+0000] {processor.py:178} INFO - Processing /opt/airflow/dags/5_orchestration.py took 0.234 seconds
[2026-09-13T03:22:12.973+0000] {processor.py:156} INFO - Started process (PID=164399) to work on /opt/airflow/dags/5_orchestration.py
[2026-09-13T03:22:12.976+0000] {processor.py:799} INFO - Processing file /opt/airflow/dags/5_orchestration.py for tasks to queue
[2026-09-13T03:22:12.978+0000] {logging_mixin.py:149} INFO - [2026-09-13T03:22:12.978+0000] {dagbag.py:541} INFO - Filling up the DagBag from /opt/airflow/dags/5_orchestration.py
[2026-09-13T03:22:13.011+0000] {processor.py:809} INFO - DAG(s) dict_keys(['5-orchestration']) retrieved from /opt/airflow/dags/5_orchestration.py
[2026-09-13T03:22:13.090+0000] {logging_mixin.py:149} INFO - [2026-09-13T03:22:13.089+0000] {dag.py:2726} INFO - Sync 1 DAGs
[2026-09-13T03:22:13.137+0000] {logging_mixin.py:149} INFO - [2026-09-13T03:22:13.136+0000] {dag.py:3490} INFO - Setting next_dagrun for 5-orchestration to 2023-05-01T00:00:00+00:00, run_after=2023-05-02T00:00:00+00:00
[2026-09-13T03:22:13.164+0000] {processor.py:178} INFO - Processing /opt/airflow/dags/5_orchestration.py took 0.203 seconds
[2026-09-13T03:22:43.447+0000] {processor.py:156} INFO - Started process (PID=164413) to work on /opt/airflow/dags/5_orchestration.py
[2026-09-13T03:22:43.452+0000] {processor.py:799} INFO - Processing file /opt/airflow/dags/5_orchestration.py for tasks to queue
[2026-09-13T03:22:43.454+0000] {logging_mixin.py:149} INFO - [2026-09-13T03:22:43.453+0000] {dagbag.py:541} INFO - Filling up the DagBag from /opt/airflow/dags/5_orchestration.py
[2026-09-13T03:22:43.484+0000] {processor.py:809} INFO - DAG(s) dict_keys(['5-orchestration']) retrieved from /opt/airflow/dags/5_orchestration.py
[2026-09-13T03:22:43.564+0000] {logging_mixin.py:149} INFO - [2026-09-13T03:22:43.564+0000] {dag.py:2726} INFO - Sync 1 DAGs
[2026-09-13T03:22:43.625+0000] {logging_mixin.py:149} INFO - [2026-09-13T03:22:43.624+0000] {dag.py:3490} INFO - Setting next_dagrun for 5-orchestration to 2023-05-01T00:00:00+00:00, run_after=2023-05-02T00:00:00+00:00
[2026-09-13T03:22:43.686+0000] {processor.py:178} INFO - Processing /opt/airflow/dags/5_orchestration.py took 0.264 seconds
[2026-09-13T03:23:13.892+0000] {processor.py:156} INFO - Started process (PID=164427) to work on /opt/airflow/dags/5_orchestration.py
[2026-09-13T03:23:13.900+0000] {processor.py:799} INFO - Processing file /opt/airflow/dags/5_orchestration.py for tasks to queue
[2026-09-13T03:23:13.902+0000] {logging_mixin.py:149} INFO - [2026-09-13T03:23:13.901+0000] {dagbag.py:541} INFO - Filling up the DagBag from /opt/airflow/dags/5_orchestration.py
[2026-09-13T03:23:13.937+0000] {processor.py:809} INFO - DAG(s) dict_keys(['5-orchestration']) retrieved from /opt/airflow/dags/5_orchestration.py
[2026-09-13T03:23:14.029+0000] {logging_mixin.py:149} INFO - [2026-09-13T03:23:14.028+0000] {dag.py:2726} INFO - Sync 1 DAGs
[2026-09-13T03:23:14.090+0000] {logging_mixin.py:149} INFO - [2026-09-13T03:23:14.090+0000] {dag.py:3490} INFO - Setting next_dagrun for 5-orchestration to 2023-05-01T00:00:00+00:00, run_after=2023-05-02T00:00:00+00:00
[2026-09-13T03:23:14.145+0000] {processor.py:178} INFO - Processing /opt/airflow/dags/5_orchestration.py took 0.264 seconds
[2026-09-13T03:23:44.330+0000] {processor.py:156} INFO - Started process (PID=164441) to work on /opt/airflow/dags/5_orchestration.py
[2026-09-13T03:23:44.333+0000] {processor.py:799} INFO - Processing file /opt/airflow/dags/5_orchestration.py for tasks to queue
[2026-09-13T03:23:44.335+0000] {logging_mixin.py:149} INFO - [2026-09-13T03:23:44.335+0000] {dagbag.py:541} INFO - Filling up the DagBag from /opt/airflow/dags/5_orchestration.py
[2026-09-13T03:23:44.370+0000] {processor.py:809} INFO - DAG(s) dict_keys(['5-orchestration']) retrieved from /opt/airflow/dags/5_orchestration.py
[2026-09-13T03:23:44.452+0000] {logging_mixin.py:149} INFO - [2026-09-13T03:23:44.451+0000] {dag.py:2726} INFO - Sync 1 DAGs
[2026-09-13T03:23:44.502+0000] {logging_mixin.py:149} INFO - [2026-09-13T03:23:44.501+0000] {dag.py:3490} INFO - Setting next_dagrun for 5-orchestration to 2023-05-01T00:00:00+00:00, run_after=2023-05-02T00:00:00+00:00
[2026-09-13T03:23:44.533+0000] {processor.py:178} INFO - Processing /opt/airflow/dags/5_orchestration.py took 0.213 seconds
[2026-09-13T03:24:14.776+0000] {processor.py:156} INFO - Started process (PID=164455) to work on /opt/airflow/dags/5_orchestration.py
[2026-09-13T03:24:14.779+0000] {processor.py:799} INFO - Processing file /opt/airflow/dags/5_orchestration.py for tasks to queue
[2026-09-13T03:24:14.781+0000] {logging_mixin.py:149} INFO - [2026-09-13T03:24:14.780+0000] {dagbag.py:541} INFO - Filling up the DagBag from /opt/airflow/dags/5_orchestration.py
[2026-09-13T03:24:14.815+0000] {processor.py:809} INFO - DAG(s) dict_keys(['5-orchestration']) retrieved from /opt/airflow/dags/5_orchestration.py
[2026-09-13T03:24:14.877+0000] {logging_mixin.py:149} INFO - [2026-09-13T03:24:14.877+0000] {dag.py:2726} INFO - Sync 1 DAGs
[2026-09-13T03:24:14.917+0000] {logging_mixin.py:149} INFO - [2026-09-13T03:24:14.917+0000] {dag.py:3490} INFO - Setting next_dagrun for 5-orchestration to 2023-05-01T00:00:00+00:00, run_after=2023-05-02T00:00:00+00:00
[2026-09-13T03:24:14.944+0000] {processor.py:178} INFO - Processing /opt/airflow/dags/5_orchestration.py took 0.180 seconds
[2026-09-13T03:24:45.097+0000] {processor.py:156} INFO - Started process (PID=164469) to work on /opt/airflow/dags/5_orchestration.py
[2026-09-13T03:24:45.099+0000] {processor.py:799} INFO - Processing file /opt/airflow/dags/5_orchestration.py for tasks to queue
[2026-09-13T03:24:45.106+0000] {logging_mixin.py:149} INFO - [2026-09-13T03:24:45.104+0000] {dagbag.py:541} INFO - Filling up the DagBag from /opt/airflow/dags/5_orchestration.py
[2026-09-13T03:24:45.148+0000] {processor.py:809} INFO - DAG(s) dict_keys(['5-orchestration']) retrieved from /opt/airflow/dags/5_orchestration.py
[2026-09-13T03:24:45.240+0000] {logging_mixin.py:149} INFO - [2026-09-13T03:24:45.239+0000] {dag.py:2726} INFO - Sync 1 DAGs
[2026-09-13T03:24:45.291+0000] {logging_mixin.py:149} INFO - [2026-09-13T03:24:45.291+0000] {dag.py:3490} INFO - Setting next_dagrun for 5-orchestration to 2023-05-01T00:00:00+00:00, run_after=2023-05-02T00:00:00+00:00
[2026-09-13T03:24:45.322+0000] {processor.py:178} INFO - Processing /opt/airflow/dags/5_orchestration.py took 0.242 seconds
[2026-09-13T03:25:15.488+0000] {processor.py:156} INFO - Started process (PID=164483) to work on /opt/airflow/dags/5_orchestration.py
[2026-09-13T03:25:15.491+0000] {processor.py:799} INFO - Processing file /opt/airflow/dags/5_orchestration.py for tasks to queue
[2026-09-13T03:25:15.493+0000] {logging_mixin.py:149} INFO - [2026-09-13T03:25:15.493+0000] {dagbag.py:541} INFO - Filling up the DagBag from /opt/airflow/dags/5_orchestration.py
[2026-09-13T03:25:15.525+0000] {processor.py:809} INFO - DAG(s) dict_keys(['5-orchestration']) retrieved from /opt/airflow/dags/5_orchestration.py
[2026-09-13T03:25:15.603+0000] {logging_mixin.py:149} INFO - [2026-09-13T03:25:15.602+0000] {dag.py:2726} INFO - Sync 1 DAGs
[2026-09-13T03:25:15.701+0000] {logging_mixin.py:149} INFO - [2026-09-13T03:25:15.700+0000] {dag.py:3490} INFO - Setting next_dagrun for 5-orchestration to 2023-05-01T00:00:00+00:00, run_after=2023-05-02T00:00:00+00:00
[2026-09-13T03:25:15.778+0000] {processor.py:178} INFO - Processing /opt/airflow/dags/5_orchestration.py took 0.300 seconds
[2026-09-13T03:25:46.082+0000] {processor.py:156} INFO - Started process (PID=164497) to work on /opt/airflow/dags/5_orchestration.py
[2026-09-13T03:25:46.085+0000] {processor.py:799} INFO - Processing file /opt/airflow/dags/5_orchestration.py for tasks to queue
[2026-09-13T03:25:46.087+0000] {logging_mixin.py:149} INFO - [2026-09-13T03:25:46.087+0000] {dagbag.py:541} INFO - Filling up the DagBag from /opt/airflow/dags/5_orchestration.py
[2026-09-13T03:25:46.121+0000] {processor.py:809} INFO - DAG(s) dict_keys(['5-orchestration']) retrieved from /opt/airflow/dags/5_orchestration.py
[2026-09-13T03:25:46.212+0000] {logging_mixin.py:149} INFO - [2026-09-13T03:25:46.212+0000] {dag.py:2726} INFO - Sync 1 DAGs
[2026-09-13T03:25:46.294+0000] {logging_mixin.py:149} INFO - [2026-09-13T03:25:46.293+0000] {dag.py:3490} INFO - Setting next_dagrun for 5-orchestration to 2023-05-01T00:00:00+00:00, run_after=2023-05-02T00:00:00+00:00
[2026-09-13T03:25:46.346+0000] {processor.py:178} INFO - Processing /opt/airflow/dags/5_orchestration.py took 0.275 seconds
[2026-09-13T03:26:16.432+0000] {processor.py:156} INFO - Started process (PID=164511) to work on /opt/airflow/dags/5_orchestration.py
[2026-09-13T03:26:16.435+0000] {processor.py:799} INFO - Processing file /opt/airflow/dags/5_orchestration.py for tasks to queue
[2026-09-13T03:26:16.436+0000] {logging_mixin.py:149} INFO - [2026-09-13T03:26:16.436+0000] {dagbag.py:541} INFO - Filling up the DagBag from /opt/airflow/dags/5_orchestration.py
[2026-09-13T03:26:16.467+0000] {processor.py:809} INFO - DAG(s) dict_keys(['5-orchestration']) retrieved from /opt/airflow/dags/5_orchestration.py
[2026-09-13T03:26:16.544+0000] {logging_mixin.py:149} INFO - [2026-09-13T03:26:16.543+0000] {dag.py:2726} INFO - Sync 1 DAGs
[2026-09-13T03:26:16.615+0000] {logging_mixin.py:149} INFO - [2026-09-13T03:26:16.614+0000] {dag.py:3490} INFO - Setting next_dagrun for 5-orchestration to 2023-05-01T00:00:00+00:00, run_after=2023-05-02T00:00:00+00:00
[2026-09-13T03:26:16.682+0000] {processor.py:178} INFO - Processing /opt/airflow/dags/5_orchestration.py took 0.258 seconds
[2026-09-13T03:26:46.957+0000] {processor.py:156} INFO - Started process (PID=164525) to work on /opt/airflow/dags/5_orchestration.py
[2026-09-13T03:26:46.961+0000] {processor.py:799} INFO - Processing file /opt/airflow/dags/5_orchestration.py for tasks to queue
[2026-09-13T03:26:46.963+0000] {logging_mixin.py:149} INFO - [2026-09-13T03:26:46.962+0000] {dagbag.py:541} INFO - Filling up the DagBag from /opt/airflow/dags/5_orchestration.py
[2026-09-13T03:26:47.003+0000] {processor.py:809} INFO - DAG(s) dict_keys(['5-orchestration']) retrieved from /opt/airflow/dags/5_orchestration.py
[2026-09-13T03:26:47.096+0000] {logging_mixin.py:149} INFO - [2026-09-13T03:26:47.095+0000] {dag.py:2726} INFO - Sync 1 DAGs
[2026-09-13T03:26:47.175+0000] {logging_mixin.py:149} INFO - [2026-09-13T03:26:47.174+0000] {dag.py:3490} INFO - Setting next_dagrun for 5-orchestration to 2023-05-01T00:00:00+00:00, run_after=2023-05-02T00:00:00+00:00
[2026-09-13T03:26:47.249+0000] {processor.py:178} INFO - Processing /opt/airflow/dags/5_orchestration.py took 0.304 seconds
[2026-09-13T03:27:17.343+0000] {processor.py:156} INFO - Started process (PID=164540) to work on /opt/airflow/dags/5_orchestration.py
[2026-09-13T03:27:17.345+0000] {processor.py:799} INFO - Processing file /opt/airflow/dags/5_orchestration.py for tasks to queue
[2026-09-13T03:27:17.346+0000] {logging_mixin.py:149} INFO - [2026-09-13T03:27:17.346+0000] {dagbag.py:541} INFO - Filling up the DagBag from /opt/airflow/dags/5_orchestration.py
[2026-09-13T03:27:17.366+0000] {processor.py:809} INFO - DAG(s) dict_keys(['5-orchestration']) retrieved from /opt/airflow/dags/5_orchestration.py
[2026-09-13T03:27:17.452+0000] {logging_mixin.py:149} INFO - [2026-09-13T03:27:17.451+0000] {dag.py:2726} INFO - Sync 1 DAGs
[2026-09-13T03:27:17.539+0000] {logging_mixin.py:149} INFO - [2026-09-13T03:27:17.538+0000] {dag.py:3490} INFO - Setting next_dagrun for 5-orchestration to 2023-05-01T00:00:00+00:00, run_after=2023-05-02T00:00:00+00:00
[2026-09-13T03:27:17.581+0000] {processor.py:178} INFO - Processing /opt/airflow/dags/5_orchestration.py took 0.250 seconds
[2026-09-13T03:27:47.665+0000] {processor.py:156} INFO - Started process (PID=164554) to work on /opt/airflow/dags/5_orchestration.py
[2026-09-13T03:27:47.668+0000] {processor.py:799} INFO - Processing file /opt/airflow/dags/5_orchestration.py for tasks to queue
[2026-09-13T03:27:47.670+0000] {logging_mixin.py:149} INFO - [2026-09-13T03:27:47.669+0000] {dagbag.py:541} INFO - Filling up the DagBag from /opt/airflow/dags/5_orchestration.py
[2026-09-13T03:27:47.705+0000] {processor.py:809} INFO - DAG(s) dict_keys(['5-orchestration']) retrieved from /opt/airflow/dags/5_orchestration.py
[2026-09-13T03:27:47.800+0000] {logging_mixin.py:149} INFO - [2026-09-13T03:27:47.800+0000] {dag.py:2726} INFO - Sync 1 DAGs
[2026-09-13T03:27:47.871+0000] {logging_mixin.py:149} INFO - [2026-09-13T03:27:47.871+0000] {dag.py:3490} INFO - Setting next_dagrun for 5-orchestration to 2023-05-01T00:00:00+00:00, run_after=2023-05-02T00:00:00+00:00
[2026-09-13T03:27:47.934+0000] {processor.py:178} INFO - Processing /opt/airflow/dags/5_orchestration.py took 0.282 seconds
[2026-09-13T03:28:18.097+0000] {processor.py:156} INFO - Started process (PID=164568) to work on /opt/airflow/dags/5_orchestration.py
[2026-09-13T03:28:18.101+0000] {processor.py:799} INFO - Processing file /opt/airflow/dags/5_orchestration.py for tasks to queue
[2026-09-13T03:28:18.103+0000] {logging_mixin.py:149} INFO - [2026-09-13T03:28:18.103+0000] {dagbag.py:541} INFO - Filling up the DagBag from /opt/airflow/dags/5_orchestration.py
[2026-09-13T03:28:18.142+0000] {processor.py:809} INFO - DAG(s) dict_keys(['5-orchestration']) retrieved from /opt/airflow/dags/5_orchestration.py
[2026-09-13T03:28:18.236+0000] {logging_mixin.py:149} INFO - [2026-09-13T03:28:18.236+0000] {dag.py:2726} INFO - Sync 1 DAGs
[2026-09-13T03:28:18.290+0000] {logging_mixin.py:149} INFO - [2026-09-13T03:28:18.289+0000] {dag.py:3490} INFO - Setting next_dagrun for 5-orchestration to 2023-05-01T00:00:00+00:00, run_after=2023-05-02T00:00:00+00:00
[2026-09-13T03:28:18.321+0000] {processor.py:178} INFO - Processing /opt/airflow/dags/5_orchestration.py took 0.235 seconds
[2026-09-13T03:28:48.421+0000] {processor.py:156} INFO - Started process (PID=164582) to work on /opt/airflow/dags/5_orchestration.py
[2026-09-13T03:28:48.424+0000] {processor.py:799} INFO - Processing file /opt/airflow/dags/5_orchestration.py for tasks to queue
[2026-09-13T03:28:48.425+0000] {logging_mixin.py:149} INFO - [2026-09-13T03:28:48.425+0000] {dagbag.py:541} INFO - Filling up the DagBag from /opt/airflow/dags/5_orchestration.py
[2026-09-13T03:28:48.459+0000] {processor.py:809} INFO - DAG(s) dict_keys(['5-orchestration']) retrieved from /opt/airflow/dags/5_orchestration.py
[2026-09-13T03:28:48.559+0000] {logging_mixin.py:149} INFO - [2026-09-13T03:28:48.559+0000] {dag.py:2726} INFO - Sync 1 DAGs
[2026-09-13T03:28:48.642+0000] {logging_mixin.py:149} INFO - [2026-09-13T03:28:48.642+0000] {dag.py:3490} INFO - Setting next_dagrun for 5-orchestration to 2023-05-01T00:00:00+00:00, run_after=2023-05-02T00:00:00+00:00
[2026-09-13T03:28:48.711+0000] {processor.py:178} INFO - Processing /opt/airflow/dags/5_orchestration.py took 0.301 seconds
[2026-09-13T03:29:18.930+0000] {processor.py:156} INFO - Started process (PID=164595) to work on /opt/airflow/dags/5_orchestration.py
[2026-09-13T03:29:18.933+0000] {processor.py:799} INFO - Processing file /opt/airflow/dags/5_orchestration.py for tasks to queue
[2026-09-13T03:29:18.935+0000] {logging_mixin.py:149} INFO - [2026-09-13T03:29:18.934+0000] {dagbag.py:541} INFO - Filling up the DagBag from /opt/airflow/dags/5_orchestration.py
[2026-09-13T03:29:18.967+0000] {processor.py:809} INFO - DAG(s) dict_keys(['5-orchestration']) retrieved from /opt/airflow/dags/5_orchestration.py
[2026-09-13T03:29:19.065+0000] {logging_mixin.py:149} INFO - [2026-09-13T03:29:19.065+0000] {dag.py:2726} INFO - Sync 1 DAGs
[2026-09-13T03:29:19.148+0000] {logging_mixin.py:149} INFO - [2026-09-13T03:29:19.147+0000] {dag.py:3490} INFO - Setting next_dagrun for 5-orchestration to 2023-05-01T00:00:00+00:00, run_after=2023-05-02T00:00:00+00:00
[2026-09-13T03:29:19.217+0000] {processor.py:178} INFO - Processing /opt/airflow/dags/5_orchestration.py took 0.297 seconds
[2026-09-13T03:29:49.391+0000] {processor.py:156} INFO - Started process (PID=164608) to work on /opt/airflow/dags/5_orchestration.py
[2026-09-13T03:29:49.403+0000] {processor.py:799} INFO - Processing file /opt/airflow/dags/5_orchestration.py for tasks to queue
[2026-09-13T03:29:49.404+0000] {logging_mixin.py:149} INFO - [2026-09-13T03:29:49.404+0000] {dagbag.py:541} INFO - Filling up the DagBag from /opt/airflow/dags/5_orchestration.py
[2026-09-13T03:29:49.422+0000] {processor.py:809} INFO - DAG(s) dict_keys(['5-orchestration']) retrieved from /opt/airflow/dags/5_orchestration.py
[2026-09-13T03:29:49.504+0000] {logging_mixin.py:149} INFO - [2026-09-13T03:29:49.503+0000] {dag.py:2726} INFO - Sync 1 DAGs
[2026-09-13T03:29:49.551+0000] {logging_mixin.py:149} INFO - [2026-09-13T03:29:49.551+0000] {dag.py:3490} INFO - Setting next_dagrun for 5-orchestration to 2023-05-01T00:00:00+00:00, run_after=2023-05-02T00:00:00+00:00
[2026-09-13T03:29:49.579+0000] {processor.py:178} INFO - Processing /opt/airflow/dags/5_orchestration.py took 0.192 seconds
[2026-09-13T03:30:19.813+0000] {processor.py:156} INFO - Started process (PID=164622) to work on /opt/airflow/dags/5_orchestration.py
[2026-09-13T03:30:19.816+0000] {processor.py:799} INFO - Processing file /opt/airflow/dags/5_orchestration.py for tasks to queue
[2026-09-13T03:30:19.818+0000] {logging_mixin.py:149} INFO - [2026-09-13T03:30:19.817+0000] {dagbag.py:541} INFO - Filling up the DagBag from /opt/airflow/dags/5_orchestration.py
[2026-09-13T03:30:19.853+0000] {processor.py:809} INFO - DAG(s) dict_keys(['5-orchestration']) retrieved from /opt/airflow/dags/5_orchestration.py
[2026-09-13T03:30:19.948+0000] {logging_mixin.py:149} INFO - [2026-09-13T03:30:19.947+0000] {dag.py:2726} INFO - Sync 1 DAGs
[2026-09-13T03:30:20.025+0000] {logging_mixin.py:149} INFO - [2026-09-13T03:30:20.024+0000] {dag.py:3490} INFO - Setting next_dagrun for 5-orchestration to 2023-05-01T00:00:00+00:00, run_after=2023-05-02T00:00:00+00:00
[2026-09-13T03:30:20.101+0000] {processor.py:178} INFO - Processing /opt/airflow/dags/5_orchestration.py took 0.297 seconds
[2026-09-13T03:30:50.398+0000] {processor.py:156} INFO - Started process (PID=164636) to work on /opt/airflow/dags/5_orchestration.py
[2026-09-13T03:30:50.400+0000] {processor.py:799} INFO - Processing file /opt/airflow/dags/5_orchestration.py for tasks to queue
[2026-09-13T03:30:50.402+0000] {logging_mixin.py:149} INFO - [2026-09-13T03:30:50.402+0000] {dagbag.py:541} INFO - Filling up the DagBag from /opt/airflow/dags/5_orchestration.py
[2026-09-13T03:30:50.436+0000] {processor.py:809} INFO - DAG(s) dict_keys(['5-orchestration']) retrieved from /opt/airflow/dags/5_orchestration.py
[2026-09-13T03:30:50.529+0000] {logging_mixin.py:149} INFO - [2026-09-13T03:30:50.528+0000] {dag.py:2726} INFO - Sync 1 DAGs
[2026-09-13T03:30:50.598+0000] {logging_mixin.py:149} INFO - [2026-09-13T03:30:50.598+0000] {dag.py:3490} INFO - Setting next_dagrun for 5-orchestration to 2023-05-01T00:00:00+00:00, run_after=2023-05-02T00:00:00+00:00
[2026-09-13T03:30:50.657+0000] {processor.py:178} INFO - Processing /opt/airflow/dags/5_orchestration.py took 0.272 seconds
[2026-09-13T03:31:20.975+0000] {processor.py:156} INFO - Started process (PID=164650) to work on /opt/airflow/dags/5_orchestration.py
[2026-09-13T03:31:20.977+0000] {processor.py:799} INFO - Processing file /opt/airflow/dags/5_orchestration.py for tasks to queue
[2026-09-13T03:31:20.979+0000] {logging_mixin.py:149} INFO - [2026-09-13T03:31:20.978+0000] {dagbag.py:541} INFO - Filling up the DagBag from /opt/airflow/dags/5_orchestration.py
[2026-09-13T03:31:21.014+0000] {processor.py:809} INFO - DAG(s) dict_keys(['5-orchestration']) retrieved from /opt/airflow/dags/5_orchestration.py
[2026-09-13T03:31:21.107+0000] {logging_mixin.py:149} INFO - [2026-09-13T03:31:21.107+0000] {dag.py:2726} INFO - Sync 1 DAGs
[2026-09-13T03:31:21.176+0000] {logging_mixin.py:149} INFO - [2026-09-13T03:31:21.176+0000] {dag.py:3490} INFO - Setting next_dagrun for 5-orchestration to 2023-05-01T00:00:00+00:00, run_after=2023-05-02T00:00:00+00:00
[2026-09-13T03:31:21.237+0000] {processor.py:178} INFO - Processing /opt/airflow/dags/5_orchestration.py took 0.273 seconds
[2026-09-13T03:31:51.363+0000] {processor.py:156} INFO - Started process (PID=164664) to work on /opt/airflow/dags/5_orchestration.py
[2026-09-13T03:31:51.369+0000] {processor.py:799} INFO - Processing file /opt/airflow/dags/5_orchestration.py for tasks to queue
[2026-09-13T03:31:51.373+0000] {logging_mixin.py:149} INFO - [2026-09-13T03:31:51.373+0000] {dagbag.py:541} INFO - Filling up the DagBag from /opt/airflow/dags/5_orchestration.py
[2026-09-13T03:31:51.407+0000] {processor.py:809} INFO - DAG(s) dict_keys(['5-orchestration']) retrieved from /opt/airflow/dags/5_orchestration.py
[2026-09-13T03:31:51.492+0000] {logging_mixin.py:149} INFO - [2026-09-13T03:31:51.491+0000] {dag.py:2726} INFO - Sync 1 DAGs
[2026-09-13T03:31:51.559+0000] {logging_mixin.py:149} INFO - [2026-09-13T03:31:51.558+0000] {dag.py:3490} INFO - Setting next_dagrun for 5-orchestration to 2023-05-01T00:00:00+00:00, run_after=2023-05-02T00:00:00+00:00
[2026-09-13T03:31:51.614+0000] {processor.py:178} INFO - Processing /opt/airflow/dags/5_orchestration.py took 0.262 seconds
[2026-09-13T03:32:21.839+0000] {processor.py:156} INFO - Started process (PID=164679) to work on /opt/airflow/dags/5_orchestration.py
[2026-09-13T03:32:21.842+0000] {processor.py:799} INFO - Processing file /opt/airflow/dags/5_orchestration.py for tasks to queue
[2026-09-13T03:32:21.844+0000] {logging_mixin.py:149} INFO - [2026-09-13T03:32:21.844+0000] {dagbag.py:541} INFO - Filling up the DagBag from /opt/airflow/dags/5_orchestration.py
[2026-09-13T03:32:21.871+0000] {processor.py:809} INFO - DAG(s) dict_keys(['5-orchestration']) retrieved from /opt/airflow/dags/5_orchestration.py
[2026-09-13T03:32:21.977+0000] {logging_mixin.py:149} INFO - [2026-09-13T03:32:21.976+0000] {dag.py:2726} INFO - Sync 1 DAGs
[2026-09-13T03:32:22.053+0000] {logging_mixin.py:149} INFO - [2026-09-13T03:32:22.052+0000] {dag.py:3490} INFO - Setting next_dagrun for 5-orchestration to 2023-05-01T00:00:00+00:00, run_after=2023-05-02T00:00:00+00:00
[2026-09-13T03:32:22.110+0000] {processor.py:178} INFO - Processing /opt/airflow/dags/5_orchestration.py took 0.280 seconds
[2026-09-13T03:32:52.333+0000] {processor.py:156} INFO - Started process (PID=164692) to work on /opt/airflow/dags/5_orchestration.py
[2026-09-13T03:32:52.335+0000] {processor.py:799} INFO - Processing file /opt/airflow/dags/5_orchestration.py for tasks to queue
[2026-09-13T03:32:52.337+0000] {logging_mixin.py:149} INFO - [2026-09-13T03:32:52.337+0000] {dagbag.py:541} INFO - Filling up the DagBag from /opt/airflow/dags/5_orchestration.py
[2026-09-13T03:32:52.372+0000] {processor.py:809} INFO - DAG(s) dict_keys(['5-orchestration']) retrieved from /opt/airflow/dags/5_orchestration.py
[2026-09-13T03:32:52.458+0000] {logging_mixin.py:149} INFO - [2026-09-13T03:32:52.458+0000] {dag.py:2726} INFO - Sync 1 DAGs
[2026-09-13T03:32:52.535+0000] {logging_mixin.py:149} INFO - [2026-09-13T03:32:52.534+0000] {dag.py:3490} INFO - Setting next_dagrun for 5-orchestration to 2023-05-01T00:00:00+00:00, run_after=2023-05-02T00:00:00+00:00
[2026-09-13T03:32:52.589+0000] {processor.py:178} INFO - Processing /opt/airflow/dags/5_orchestration.py took 0.267 seconds
[2026-09-13T03:33:22.892+0000] {processor.py:156} INFO - Started process (PID=164707) to work on /opt/airflow/dags/5_orchestration.py
[2026-09-13T03:33:22.895+0000] {processor.py:799} INFO - Processing file /opt/airflow/dags/5_orchestration.py for tasks to queue
[2026-09-13T03:33:22.898+0000] {logging_mixin.py:149} INFO - [2026-09-13T03:33:22.897+0000] {dagbag.py:541} INFO - Filling up the DagBag from /opt/airflow/dags/5_orchestration.py
[2026-09-13T03:33:22.938+0000] {processor.py:809} INFO - DAG(s) dict_keys(['5-orchestration']) retrieved from /opt/airflow/dags/5_orchestration.py
[2026-09-13T03:33:23.036+0000] {logging_mixin.py:149} INFO - [2026-09-13T03:33:23.036+0000] {dag.py:2726} INFO - Sync 1 DAGs
[2026-09-13T03:33:23.107+0000] {logging_mixin.py:149} INFO - [2026-09-13T03:33:23.107+0000] {dag.py:3490} INFO - Setting next_dagrun for 5-orchestration to 2023-05-01T00:00:00+00:00, run_after=2023-05-02T00:00:00+00:00
[2026-09-13T03:33:23.158+0000] {processor.py:178} INFO - Processing /opt/airflow/dags/5_orchestration.py took 0.278 seconds
[2026-09-13T03:33:53.358+0000] {processor.py:156} INFO - Started process (PID=164722) to work on /opt/airflow/dags/5_orchestration.py
[2026-09-13T03:33:53.367+0000] {processor.py:799} INFO - Processing file /opt/airflow/dags/5_orchestration.py for tasks to queue
[2026-09-13T03:33:53.369+0000] {logging_mixin.py:149} INFO - [2026-09-13T03:33:53.368+0000] {dagbag.py:541} INFO - Filling up the DagBag from /opt/airflow/dags/5_orchestration.py
[2026-09-13T03:33:53.403+0000] {processor.py:809} INFO - DAG(s) dict_keys(['5-orchestration']) retrieved from /opt/airflow/dags/5_orchestration.py
[2026-09-13T03:33:53.485+0000] {logging_mixin.py:149} INFO - [2026-09-13T03:33:53.485+0000] {dag.py:2726} INFO - Sync 1 DAGs
[2026-09-13T03:33:53.546+0000] {logging_mixin.py:149} INFO - [2026-09-13T03:33:53.545+0000] {dag.py:3490} INFO - Setting next_dagrun for 5-orchestration to 2023-05-01T00:00:00+00:00, run_after=2023-05-02T00:00:00+00:00
[2026-09-13T03:33:53.605+0000] {processor.py:178} INFO - Processing /opt/airflow/dags/5_orchestration.py took 0.260 seconds
[2026-09-13T03:34:23.736+0000] {processor.py:156} INFO - Started process (PID=164736) to work on /opt/airflow/dags/5_orchestration.py
[2026-09-13T03:34:23.744+0000] {processor.py:799} INFO - Processing file /opt/airflow/dags/5_orchestration.py for tasks to queue
[2026-09-13T03:34:23.746+0000] {logging_mixin.py:149} INFO - [2026-09-13T03:34:23.746+0000] {dagbag.py:541} INFO - Filling up the DagBag from /opt/airflow/dags/5_orchestration.py
[2026-09-13T03:34:23.782+0000] {processor.py:809} INFO - DAG(s) dict_keys(['5-orchestration']) retrieved from /opt/airflow/dags/5_orchestration.py
[2026-09-13T03:34:23.877+0000] {logging_mixin.py:149} INFO - [2026-09-13T03:34:23.877+0000] {dag.py:2726} INFO - Sync 1 DAGs
[2026-09-13T03:34:23.956+0000] {logging_mixin.py:149} INFO - [2026-09-13T03:34:23.955+0000] {dag.py:3490} INFO - Setting next_dagrun for 5-orchestration to 2023-05-01T00:00:00+00:00, run_after=2023-05-02T00:00:00+00:00
[2026-09-13T03:34:24.008+0000] {processor.py:178} INFO - Processing /opt/airflow/dags/5_orchestration.py took 0.283 seconds
[2026-09-13T03:34:54.241+0000] {processor.py:156} INFO - Started process (PID=164750) to work on /opt/airflow/dags/5_orchestration.py
[2026-09-13T03:34:54.244+0000] {processor.py:799} INFO - Processing file /opt/airflow/dags/5_orchestration.py for tasks to queue
[2026-09-13T03:34:54.246+0000] {logging_mixin.py:149} INFO - [2026-09-13T03:34:54.246+0000] {dagbag.py:541} INFO - Filling up the DagBag from /opt/airflow/dags/5_orchestration.py
[2026-09-13T03:34:54.279+0000] {processor.py:809} INFO - DAG(s) dict_keys(['5-orchestration']) retrieved from /opt/airflow/dags/5_orchestration.py
[2026-09-13T03:34:54.373+0000] {logging_mixin.py:149} INFO - [2026-09-13T03:34:54.372+0000] {dag.py:2726} INFO - Sync 1 DAGs
[2026-09-13T03:34:54.463+0000] {logging_mixin.py:149} INFO - [2026-09-13T03:34:54.463+0000] {dag.py:3490} INFO - Setting next_dagrun for 5-orchestration to 2023-05-01T00:00:00+00:00, run_after=2023-05-02T00:00:00+00:00
[2026-09-13T03:34:54.531+0000] {processor.py:178} INFO - Processing /opt/airflow/dags/5_orchestration.py took 0.300 seconds
[2026-09-13T03:35:24.666+0000] {processor.py:156} INFO - Started process (PID=164765) to work on /opt/airflow/dags/5_orchestration.py
[2026-09-13T03:35:24.669+0000] {processor.py:799} INFO - Processing file /opt/airflow/dags/5_orchestration.py for tasks to queue
[2026-09-13T03:35:24.671+0000] {logging_mixin.py:149} INFO - [2026-09-13T03:35:24.670+0000] {dagbag.py:541} INFO - Filling up the DagBag from /opt/airflow/dags/5_orchestration.py
[2026-09-13T03:35:24.715+0000] {processor.py:809} INFO - DAG(s) dict_keys(['5-orchestration']) retrieved from /opt/airflow/dags/5_orchestration.py
[2026-09-13T03:35:24.801+0000] {logging_mixin.py:149} INFO - [2026-09-13T03:35:24.801+0000] {dag.py:2726} INFO - Sync 1 DAGs
[2026-09-13T03:35:24.863+0000] {logging_mixin.py:149} INFO - [2026-09-13T03:35:24.863+0000] {dag.py:3490} INFO - Setting next_dagrun for 5-orchestration to 2023-05-01T00:00:00+00:00, run_after=2023-05-02T00:00:00+00:00
[2026-09-13T03:35:24.912+0000] {processor.py:178} INFO - Processing /opt/airflow/dags/5_orchestration.py took 0.257 seconds
[2026-09-13T03:35:55.126+0000] {processor.py:156} INFO - Started process (PID=164780) to work on /opt/airflow/dags/5_orchestration.py
[2026-09-13T03:35:55.128+0000] {processor.py:799} INFO - Processing file /opt/airflow/dags/5_orchestration.py for tasks to queue
[2026-09-13T03:35:55.130+0000] {logging_mixin.py:149} INFO - [2026-09-13T03:35:55.129+0000] {dagbag.py:541} INFO - Filling up the DagBag from /opt/airflow/dags/5_orchestration.py
[2026-09-13T03:35:55.161+0000] {processor.py:809} INFO - DAG(s) dict_keys(['5-orchestration']) retrieved from /opt/airflow/dags/5_orchestration.py
[2026-09-13T03:35:55.240+0000] {logging_mixin.py:149} INFO - [2026-09-13T03:35:55.240+0000] {dag.py:2726} INFO - Sync 1 DAGs
[2026-09-13T03:35:55.304+0000] {logging_mixin.py:149} INFO - [2026-09-13T03:35:55.303+0000] {dag.py:3490} INFO - Setting next_dagrun for 5-orchestration to 2023-05-01T00:00:00+00:00, run_after=2023-05-02T00:00:00+00:00
[2026-09-13T03:35:55.360+0000] {processor.py:178} INFO - Processing /opt/airflow/dags/5_orchestration.py took 0.245 seconds
[2026-09-13T03:36:25.583+0000] {processor.py:156} INFO - Started process (PID=164793) to work on /opt/airflow/dags/5_orchestration.py
[2026-09-13T03:36:25.585+0000] {processor.py:799} INFO - Processing file /opt/airflow/dags/5_orchestration.py for tasks to queue
[2026-09-13T03:36:25.587+0000] {logging_mixin.py:149} INFO - [2026-09-13T03:36:25.587+0000] {dagbag.py:541} INFO - Filling up the DagBag from /opt/airflow/dags/5_orchestration.py
[2026-09-13T03:36:25.617+0000] {processor.py:809} INFO - DAG(s) dict_keys(['5-orchestration']) retrieved from /opt/airflow/dags/5_orchestration.py
[2026-09-13T03:36:25.707+0000] {logging_mixin.py:149} INFO - [2026-09-13T03:36:25.706+0000] {dag.py:2726} INFO - Sync 1 DAGs
[2026-09-13T03:36:25.796+0000] {logging_mixin.py:149} INFO - [2026-09-13T03:36:25.795+0000] {dag.py:3490} INFO - Setting next_dagrun for 5-orchestration to 2023-05-01T00:00:00+00:00, run_after=2023-05-02T00:00:00+00:00
[2026-09-13T03:36:25.862+0000] {processor.py:178} INFO - Processing /opt/airflow/dags/5_orchestration.py took 0.309 seconds
[2026-09-13T03:36:56.055+0000] {processor.py:156} INFO - Started process (PID=164807) to work on /opt/airflow/dags/5_orchestration.py
[2026-09-13T03:36:56.058+0000] {processor.py:799} INFO - Processing file /opt/airflow/dags/5_orchestration.py for tasks to queue
[2026-09-13T03:36:56.061+0000] {logging_mixin.py:149} INFO - [2026-09-13T03:36:56.061+0000] {dagbag.py:541} INFO - Filling up the DagBag from /opt/airflow/dags/5_orchestration.py
[2026-09-13T03:36:56.096+0000] {processor.py:809} INFO - DAG(s) dict_keys(['5-orchestration']) retrieved from /opt/airflow/dags/5_orchestration.py
[2026-09-13T03:36:56.196+0000] {logging_mixin.py:149} INFO - [2026-09-13T03:36:56.196+0000] {dag.py:2726} INFO - Sync 1 DAGs
[2026-09-13T03:36:56.268+0000] {logging_mixin.py:149} INFO - [2026-09-13T03:36:56.268+0000] {dag.py:3490} INFO - Setting next_dagrun for 5-orchestration to 2023-05-01T00:00:00+00:00, run_after=2023-05-02T00:00:00+00:00
[2026-09-13T03:36:56.339+0000] {processor.py:178} INFO - Processing /opt/airflow/dags/5_orchestration.py took 0.297 seconds
[2026-09-13T04:42:06.555+0000] {processor.py:156} INFO - Started process (PID=54) to work on /opt/airflow/dags/5_orchestration.py
[2026-09-13T04:42:06.563+0000] {processor.py:799} INFO - Processing file /opt/airflow/dags/5_orchestration.py for tasks to queue
[2026-09-13T04:42:06.564+0000] {logging_mixin.py:149} INFO - [2026-09-13T04:42:06.564+0000] {dagbag.py:541} INFO - Filling up the DagBag from /opt/airflow/dags/5_orchestration.py
[2026-09-13T04:42:06.776+0000] {processor.py:809} INFO - DAG(s) dict_keys(['5-orchestration']) retrieved from /opt/airflow/dags/5_orchestration.py
[2026-09-13T04:42:06.871+0000] {logging_mixin.py:149} INFO - [2026-09-13T04:42:06.871+0000] {dag.py:2726} INFO - Sync 1 DAGs
[2026-09-13T04:42:06.902+0000] {logging_mixin.py:149} INFO - [2026-09-13T04:42:06.902+0000] {dag.py:3490} INFO - Setting next_dagrun for 5-orchestration to 2023-05-01T00:00:00+00:00, run_after=2023-05-02T00:00:00+00:00
[2026-09-13T04:42:06.942+0000] {processor.py:178} INFO - Processing /opt/airflow/dags/5_orchestration.py took 0.391 seconds
[2026-09-13T04:42:37.552+0000] {processor.py:156} INFO - Started process (PID=69) to work on /opt/airflow/dags/5_orchestration.py
[2026-09-13T04:42:37.573+0000] {processor.py:799} INFO - Processing file /opt/airflow/dags/5_orchestration.py for tasks to queue
[2026-09-13T04:42:37.575+0000] {logging_mixin.py:149} INFO - [2026-09-13T04:42:37.574+0000] {dagbag.py:541} INFO - Filling up the DagBag from /opt/airflow/dags/5_orchestration.py
[2026-09-13T04:42:37.614+0000] {processor.py:809} INFO - DAG(s) dict_keys(['5-orchestration']) retrieved from /opt/airflow/dags/5_orchestration.py
[2026-09-13T04:42:37.685+0000] {logging_mixin.py:149} INFO - [2026-09-13T04:42:37.684+0000] {dag.py:2726} INFO - Sync 1 DAGs
[2026-09-13T04:42:37.742+0000] {logging_mixin.py:149} INFO - [2026-09-13T04:42:37.741+0000] {dag.py:3490} INFO - Setting next_dagrun for 5-orchestration to 2023-05-01T00:00:00+00:00, run_after=2023-05-02T00:00:00+00:00
[2026-09-13T04:42:37.810+0000] {processor.py:178} INFO - Processing /opt/airflow/dags/5_orchestration.py took 0.270 seconds
[2026-09-13T04:43:08.006+0000] {processor.py:156} INFO - Started process (PID=83) to work on /opt/airflow/dags/5_orchestration.py
[2026-09-13T04:43:08.010+0000] {processor.py:799} INFO - Processing file /opt/airflow/dags/5_orchestration.py for tasks to queue
[2026-09-13T04:43:08.011+0000] {logging_mixin.py:149} INFO - [2026-09-13T04:43:08.011+0000] {dagbag.py:541} INFO - Filling up the DagBag from /opt/airflow/dags/5_orchestration.py
[2026-09-13T04:43:08.045+0000] {processor.py:809} INFO - DAG(s) dict_keys(['5-orchestration']) retrieved from /opt/airflow/dags/5_orchestration.py
[2026-09-13T04:43:08.123+0000] {logging_mixin.py:149} INFO - [2026-09-13T04:43:08.123+0000] {dag.py:2726} INFO - Sync 1 DAGs
[2026-09-13T04:43:08.211+0000] {logging_mixin.py:149} INFO - [2026-09-13T04:43:08.211+0000] {dag.py:3490} INFO - Setting next_dagrun for 5-orchestration to 2023-05-01T00:00:00+00:00, run_after=2023-05-02T00:00:00+00:00
[2026-09-13T04:43:08.269+0000] {processor.py:178} INFO - Processing /opt/airflow/dags/5_orchestration.py took 0.275 seconds
[2026-09-13T04:43:38.481+0000] {processor.py:156} INFO - Started process (PID=98) to work on /opt/airflow/dags/5_orchestration.py
[2026-09-13T04:43:38.484+0000] {processor.py:799} INFO - Processing file /opt/airflow/dags/5_orchestration.py for tasks to queue
[2026-09-13T04:43:38.486+0000] {logging_mixin.py:149} INFO - [2026-09-13T04:43:38.486+0000] {dagbag.py:541} INFO - Filling up the DagBag from /opt/airflow/dags/5_orchestration.py
[2026-09-13T04:43:38.519+0000] {processor.py:809} INFO - DAG(s) dict_keys(['5-orchestration']) retrieved from /opt/airflow/dags/5_orchestration.py
[2026-09-13T04:43:38.599+0000] {logging_mixin.py:149} INFO - [2026-09-13T04:43:38.598+0000] {dag.py:2726} INFO - Sync 1 DAGs
[2026-09-13T04:43:38.674+0000] {logging_mixin.py:149} INFO - [2026-09-13T04:43:38.672+0000] {dag.py:3490} INFO - Setting next_dagrun for 5-orchestration to 2023-05-01T00:00:00+00:00, run_after=2023-05-02T00:00:00+00:00
[2026-09-13T04:43:38.737+0000] {processor.py:178} INFO - Processing /opt/airflow/dags/5_orchestration.py took 0.267 seconds
[2026-09-13T04:44:08.990+0000] {processor.py:156} INFO - Started process (PID=112) to work on /opt/airflow/dags/5_orchestration.py
[2026-09-13T04:44:08.997+0000] {processor.py:799} INFO - Processing file /opt/airflow/dags/5_orchestration.py for tasks to queue
[2026-09-13T04:44:08.998+0000] {logging_mixin.py:149} INFO - [2026-09-13T04:44:08.998+0000] {dagbag.py:541} INFO - Filling up the DagBag from /opt/airflow/dags/5_orchestration.py
[2026-09-13T04:44:09.036+0000] {processor.py:809} INFO - DAG(s) dict_keys(['5-orchestration']) retrieved from /opt/airflow/dags/5_orchestration.py
[2026-09-13T04:44:09.123+0000] {logging_mixin.py:149} INFO - [2026-09-13T04:44:09.123+0000] {dag.py:2726} INFO - Sync 1 DAGs
[2026-09-13T04:44:09.186+0000] {logging_mixin.py:149} INFO - [2026-09-13T04:44:09.185+0000] {dag.py:3490} INFO - Setting next_dagrun for 5-orchestration to 2023-05-01T00:00:00+00:00, run_after=2023-05-02T00:00:00+00:00
[2026-09-13T04:44:09.236+0000] {processor.py:178} INFO - Processing /opt/airflow/dags/5_orchestration.py took 0.255 seconds
[2026-09-13T04:44:39.469+0000] {processor.py:156} INFO - Started process (PID=126) to work on /opt/airflow/dags/5_orchestration.py
[2026-09-13T04:44:39.472+0000] {processor.py:799} INFO - Processing file /opt/airflow/dags/5_orchestration.py for tasks to queue
[2026-09-13T04:44:39.474+0000] {logging_mixin.py:149} INFO - [2026-09-13T04:44:39.473+0000] {dagbag.py:541} INFO - Filling up the DagBag from /opt/airflow/dags/5_orchestration.py
[2026-09-13T04:44:39.506+0000] {processor.py:809} INFO - DAG(s) dict_keys(['5-orchestration']) retrieved from /opt/airflow/dags/5_orchestration.py
[2026-09-13T04:44:39.583+0000] {logging_mixin.py:149} INFO - [2026-09-13T04:44:39.583+0000] {dag.py:2726} INFO - Sync 1 DAGs
[2026-09-13T04:44:39.645+0000] {logging_mixin.py:149} INFO - [2026-09-13T04:44:39.644+0000] {dag.py:3490} INFO - Setting next_dagrun for 5-orchestration to 2023-05-01T00:00:00+00:00, run_after=2023-05-02T00:00:00+00:00
[2026-09-13T04:44:39.701+0000] {processor.py:178} INFO - Processing /opt/airflow/dags/5_orchestration.py took 0.242 seconds
[2026-09-13T04:45:09.869+0000] {processor.py:156} INFO - Started process (PID=140) to work on /opt/airflow/dags/5_orchestration.py
[2026-09-13T04:45:09.873+0000] {processor.py:799} INFO - Processing file /opt/airflow/dags/5_orchestration.py for tasks to queue
[2026-09-13T04:45:09.874+0000] {logging_mixin.py:149} INFO - [2026-09-13T04:45:09.874+0000] {dagbag.py:541} INFO - Filling up the DagBag from /opt/airflow/dags/5_orchestration.py
[2026-09-13T04:45:09.904+0000] {processor.py:809} INFO - DAG(s) dict_keys(['5-orchestration']) retrieved from /opt/airflow/dags/5_orchestration.py
[2026-09-13T04:45:09.976+0000] {logging_mixin.py:149} INFO - [2026-09-13T04:45:09.975+0000] {dag.py:2726} INFO - Sync 1 DAGs
[2026-09-13T04:45:10.042+0000] {logging_mixin.py:149} INFO - [2026-09-13T04:45:10.041+0000] {dag.py:3490} INFO - Setting next_dagrun for 5-orchestration to 2023-05-01T00:00:00+00:00, run_after=2023-05-02T00:00:00+00:00
[2026-09-13T04:45:10.109+0000] {processor.py:178} INFO - Processing /opt/airflow/dags/5_orchestration.py took 0.249 seconds
[2026-09-13T04:45:40.321+0000] {processor.py:156} INFO - Started process (PID=154) to work on /opt/airflow/dags/5_orchestration.py
[2026-09-13T04:45:40.330+0000] {processor.py:799} INFO - Processing file /opt/airflow/dags/5_orchestration.py for tasks to queue
[2026-09-13T04:45:40.332+0000] {logging_mixin.py:149} INFO - [2026-09-13T04:45:40.332+0000] {dagbag.py:541} INFO - Filling up the DagBag from /opt/airflow/dags/5_orchestration.py
[2026-09-13T04:45:40.368+0000] {processor.py:809} INFO - DAG(s) dict_keys(['5-orchestration']) retrieved from /opt/airflow/dags/5_orchestration.py
[2026-09-13T04:45:40.452+0000] {logging_mixin.py:149} INFO - [2026-09-13T04:45:40.452+0000] {dag.py:2726} INFO - Sync 1 DAGs
[2026-09-13T04:45:40.519+0000] {logging_mixin.py:149} INFO - [2026-09-13T04:45:40.519+0000] {dag.py:3490} INFO - Setting next_dagrun for 5-orchestration to 2023-05-01T00:00:00+00:00, run_after=2023-05-02T00:00:00+00:00
[2026-09-13T04:45:40.576+0000] {processor.py:178} INFO - Processing /opt/airflow/dags/5_orchestration.py took 0.266 seconds
[2026-09-13T04:46:10.853+0000] {processor.py:156} INFO - Started process (PID=168) to work on /opt/airflow/dags/5_orchestration.py
[2026-09-13T04:46:10.856+0000] {processor.py:799} INFO - Processing file /opt/airflow/dags/5_orchestration.py for tasks to queue
[2026-09-13T04:46:10.858+0000] {logging_mixin.py:149} INFO - [2026-09-13T04:46:10.857+0000] {dagbag.py:541} INFO - Filling up the DagBag from /opt/airflow/dags/5_orchestration.py
[2026-09-13T04:46:10.889+0000] {processor.py:809} INFO - DAG(s) dict_keys(['5-orchestration']) retrieved from /opt/airflow/dags/5_orchestration.py
[2026-09-13T04:46:10.967+0000] {logging_mixin.py:149} INFO - [2026-09-13T04:46:10.966+0000] {dag.py:2726} INFO - Sync 1 DAGs
[2026-09-13T04:46:11.037+0000] {logging_mixin.py:149} INFO - [2026-09-13T04:46:11.037+0000] {dag.py:3490} INFO - Setting next_dagrun for 5-orchestration to 2023-05-01T00:00:00+00:00, run_after=2023-05-02T00:00:00+00:00
[2026-09-13T04:46:11.104+0000] {processor.py:178} INFO - Processing /opt/airflow/dags/5_orchestration.py took 0.264 seconds
[2026-09-13T04:46:41.211+0000] {processor.py:156} INFO - Started process (PID=182) to work on /opt/airflow/dags/5_orchestration.py
[2026-09-13T04:46:41.215+0000] {processor.py:799} INFO - Processing file /opt/airflow/dags/5_orchestration.py for tasks to queue
[2026-09-13T04:46:41.217+0000] {logging_mixin.py:149} INFO - [2026-09-13T04:46:41.217+0000] {dagbag.py:541} INFO - Filling up the DagBag from /opt/airflow/dags/5_orchestration.py
[2026-09-13T04:46:41.251+0000] {processor.py:809} INFO - DAG(s) dict_keys(['5-orchestration']) retrieved from /opt/airflow/dags/5_orchestration.py
[2026-09-13T04:46:41.323+0000] {logging_mixin.py:149} INFO - [2026-09-13T04:46:41.322+0000] {dag.py:2726} INFO - Sync 1 DAGs
[2026-09-13T04:46:41.384+0000] {logging_mixin.py:149} INFO - [2026-09-13T04:46:41.384+0000] {dag.py:3490} INFO - Setting next_dagrun for 5-orchestration to 2023-05-01T00:00:00+00:00, run_after=2023-05-02T00:00:00+00:00
[2026-09-13T04:46:41.450+0000] {processor.py:178} INFO - Processing /opt/airflow/dags/5_orchestration.py took 0.248 seconds
[2026-09-13T04:47:11.530+0000] {processor.py:156} INFO - Started process (PID=196) to work on /opt/airflow/dags/5_orchestration.py
[2026-09-13T04:47:11.533+0000] {processor.py:799} INFO - Processing file /opt/airflow/dags/5_orchestration.py for tasks to queue
[2026-09-13T04:47:11.534+0000] {logging_mixin.py:149} INFO - [2026-09-13T04:47:11.533+0000] {dagbag.py:541} INFO - Filling up the DagBag from /opt/airflow/dags/5_orchestration.py
[2026-09-13T04:47:11.553+0000] {processor.py:809} INFO - DAG(s) dict_keys(['5-orchestration']) retrieved from /opt/airflow/dags/5_orchestration.py
[2026-09-13T04:47:11.601+0000] {logging_mixin.py:149} INFO - [2026-09-13T04:47:11.601+0000] {dag.py:2726} INFO - Sync 1 DAGs
[2026-09-13T04:47:11.637+0000] {logging_mixin.py:149} INFO - [2026-09-13T04:47:11.637+0000] {dag.py:3490} INFO - Setting next_dagrun for 5-orchestration to 2023-05-01T00:00:00+00:00, run_after=2023-05-02T00:00:00+00:00
[2026-09-13T04:47:11.662+0000] {processor.py:178} INFO - Processing /opt/airflow/dags/5_orchestration.py took 0.137 seconds
[2026-09-13T04:47:42.547+0000] {processor.py:156} INFO - Started process (PID=210) to work on /opt/airflow/dags/5_orchestration.py
[2026-09-13T04:47:42.555+0000] {processor.py:799} INFO - Processing file /opt/airflow/dags/5_orchestration.py for tasks to queue
[2026-09-13T04:47:42.560+0000] {logging_mixin.py:149} INFO - [2026-09-13T04:47:42.559+0000] {dagbag.py:541} INFO - Filling up the DagBag from /opt/airflow/dags/5_orchestration.py
[2026-09-13T04:47:42.599+0000] {processor.py:809} INFO - DAG(s) dict_keys(['5-orchestration']) retrieved from /opt/airflow/dags/5_orchestration.py
[2026-09-13T04:47:42.674+0000] {logging_mixin.py:149} INFO - [2026-09-13T04:47:42.674+0000] {dag.py:2726} INFO - Sync 1 DAGs
[2026-09-13T04:47:42.736+0000] {logging_mixin.py:149} INFO - [2026-09-13T04:47:42.735+0000] {dag.py:3490} INFO - Setting next_dagrun for 5-orchestration to 2023-05-01T00:00:00+00:00, run_after=2023-05-02T00:00:00+00:00
[2026-09-13T04:47:42.783+0000] {processor.py:178} INFO - Processing /opt/airflow/dags/5_orchestration.py took 0.252 seconds
[2026-09-13T04:48:12.885+0000] {processor.py:156} INFO - Started process (PID=225) to work on /opt/airflow/dags/5_orchestration.py
[2026-09-13T04:48:12.887+0000] {processor.py:799} INFO - Processing file /opt/airflow/dags/5_orchestration.py for tasks to queue
[2026-09-13T04:48:12.889+0000] {logging_mixin.py:149} INFO - [2026-09-13T04:48:12.888+0000] {dagbag.py:541} INFO - Filling up the DagBag from /opt/airflow/dags/5_orchestration.py
[2026-09-13T04:48:12.909+0000] {processor.py:809} INFO - DAG(s) dict_keys(['5-orchestration']) retrieved from /opt/airflow/dags/5_orchestration.py
[2026-09-13T04:48:12.957+0000] {logging_mixin.py:149} INFO - [2026-09-13T04:48:12.957+0000] {dag.py:2726} INFO - Sync 1 DAGs
[2026-09-13T04:48:12.996+0000] {logging_mixin.py:149} INFO - [2026-09-13T04:48:12.996+0000] {dag.py:3490} INFO - Setting next_dagrun for 5-orchestration to 2023-05-01T00:00:00+00:00, run_after=2023-05-02T00:00:00+00:00
[2026-09-13T04:48:13.019+0000] {processor.py:178} INFO - Processing /opt/airflow/dags/5_orchestration.py took 0.140 seconds
[2026-09-13T04:48:44.021+0000] {processor.py:156} INFO - Started process (PID=240) to work on /opt/airflow/dags/5_orchestration.py
[2026-09-13T04:48:44.024+0000] {processor.py:799} INFO - Processing file /opt/airflow/dags/5_orchestration.py for tasks to queue
[2026-09-13T04:48:44.025+0000] {logging_mixin.py:149} INFO - [2026-09-13T04:48:44.025+0000] {dagbag.py:541} INFO - Filling up the DagBag from /opt/airflow/dags/5_orchestration.py
[2026-09-13T04:48:44.046+0000] {processor.py:809} INFO - DAG(s) dict_keys(['5-orchestration']) retrieved from /opt/airflow/dags/5_orchestration.py
[2026-09-13T04:48:44.126+0000] {logging_mixin.py:149} INFO - [2026-09-13T04:48:44.125+0000] {dag.py:2726} INFO - Sync 1 DAGs
[2026-09-13T04:48:44.199+0000] {logging_mixin.py:149} INFO - [2026-09-13T04:48:44.199+0000] {dag.py:3490} INFO - Setting next_dagrun for 5-orchestration to 2023-05-01T00:00:00+00:00, run_after=2023-05-02T00:00:00+00:00
[2026-09-13T04:48:44.259+0000] {processor.py:178} INFO - Processing /opt/airflow/dags/5_orchestration.py took 0.243 seconds
[2026-09-13T04:49:14.385+0000] {processor.py:156} INFO - Started process (PID=254) to work on /opt/airflow/dags/5_orchestration.py
[2026-09-13T04:49:14.389+0000] {processor.py:799} INFO - Processing file /opt/airflow/dags/5_orchestration.py for tasks to queue
[2026-09-13T04:49:14.391+0000] {logging_mixin.py:149} INFO - [2026-09-13T04:49:14.391+0000] {dagbag.py:541} INFO - Filling up the DagBag from /opt/airflow/dags/5_orchestration.py
[2026-09-13T04:49:14.424+0000] {processor.py:809} INFO - DAG(s) dict_keys(['5-orchestration']) retrieved from /opt/airflow/dags/5_orchestration.py
[2026-09-13T04:49:14.508+0000] {logging_mixin.py:149} INFO - [2026-09-13T04:49:14.507+0000] {dag.py:2726} INFO - Sync 1 DAGs
[2026-09-13T04:49:14.584+0000] {logging_mixin.py:149} INFO - [2026-09-13T04:49:14.583+0000] {dag.py:3490} INFO - Setting next_dagrun for 5-orchestration to 2023-05-01T00:00:00+00:00, run_after=2023-05-02T00:00:00+00:00
[2026-09-13T04:49:14.643+0000] {processor.py:178} INFO - Processing /opt/airflow/dags/5_orchestration.py took 0.269 seconds
[2026-09-13T04:49:44.875+0000] {processor.py:156} INFO - Started process (PID=268) to work on /opt/airflow/dags/5_orchestration.py
[2026-09-13T04:49:44.886+0000] {processor.py:799} INFO - Processing file /opt/airflow/dags/5_orchestration.py for tasks to queue
[2026-09-13T04:49:44.888+0000] {logging_mixin.py:149} INFO - [2026-09-13T04:49:44.888+0000] {dagbag.py:541} INFO - Filling up the DagBag from /opt/airflow/dags/5_orchestration.py
[2026-09-13T04:49:44.928+0000] {processor.py:809} INFO - DAG(s) dict_keys(['5-orchestration']) retrieved from /opt/airflow/dags/5_orchestration.py
[2026-09-13T04:49:44.987+0000] {logging_mixin.py:149} INFO - [2026-09-13T04:49:44.987+0000] {dag.py:2726} INFO - Sync 1 DAGs
[2026-09-13T04:49:45.053+0000] {logging_mixin.py:149} INFO - [2026-09-13T04:49:45.052+0000] {dag.py:3490} INFO - Setting next_dagrun for 5-orchestration to 2023-05-01T00:00:00+00:00, run_after=2023-05-02T00:00:00+00:00
[2026-09-13T04:49:45.110+0000] {processor.py:178} INFO - Processing /opt/airflow/dags/5_orchestration.py took 0.244 seconds
[2026-09-13T04:50:15.280+0000] {processor.py:156} INFO - Started process (PID=282) to work on /opt/airflow/dags/5_orchestration.py
[2026-09-13T04:50:15.283+0000] {processor.py:799} INFO - Processing file /opt/airflow/dags/5_orchestration.py for tasks to queue
[2026-09-13T04:50:15.284+0000] {logging_mixin.py:149} INFO - [2026-09-13T04:50:15.284+0000] {dagbag.py:541} INFO - Filling up the DagBag from /opt/airflow/dags/5_orchestration.py
[2026-09-13T04:50:15.312+0000] {processor.py:809} INFO - DAG(s) dict_keys(['5-orchestration']) retrieved from /opt/airflow/dags/5_orchestration.py
[2026-09-13T04:50:15.394+0000] {logging_mixin.py:149} INFO - [2026-09-13T04:50:15.394+0000] {dag.py:2726} INFO - Sync 1 DAGs
[2026-09-13T04:50:15.462+0000] {logging_mixin.py:149} INFO - [2026-09-13T04:50:15.462+0000] {dag.py:3490} INFO - Setting next_dagrun for 5-orchestration to 2023-05-01T00:00:00+00:00, run_after=2023-05-02T00:00:00+00:00
[2026-09-13T04:50:15.524+0000] {processor.py:178} INFO - Processing /opt/airflow/dags/5_orchestration.py took 0.255 seconds
[2026-09-13T04:50:45.602+0000] {processor.py:156} INFO - Started process (PID=297) to work on /opt/airflow/dags/5_orchestration.py
[2026-09-13T04:50:45.607+0000] {processor.py:799} INFO - Processing file /opt/airflow/dags/5_orchestration.py for tasks to queue
[2026-09-13T04:50:45.611+0000] {logging_mixin.py:149} INFO - [2026-09-13T04:50:45.610+0000] {dagbag.py:541} INFO - Filling up the DagBag from /opt/airflow/dags/5_orchestration.py
[2026-09-13T04:50:45.654+0000] {processor.py:809} INFO - DAG(s) dict_keys(['5-orchestration']) retrieved from /opt/airflow/dags/5_orchestration.py
[2026-09-13T04:50:45.729+0000] {logging_mixin.py:149} INFO - [2026-09-13T04:50:45.729+0000] {dag.py:2726} INFO - Sync 1 DAGs
[2026-09-13T04:50:45.793+0000] {logging_mixin.py:149} INFO - [2026-09-13T04:50:45.793+0000] {dag.py:3490} INFO - Setting next_dagrun for 5-orchestration to 2023-05-01T00:00:00+00:00, run_after=2023-05-02T00:00:00+00:00
[2026-09-13T04:50:45.849+0000] {processor.py:178} INFO - Processing /opt/airflow/dags/5_orchestration.py took 0.264 seconds
[2026-09-13T04:51:16.018+0000] {processor.py:156} INFO - Started process (PID=311) to work on /opt/airflow/dags/5_orchestration.py
[2026-09-13T04:51:16.022+0000] {processor.py:799} INFO - Processing file /opt/airflow/dags/5_orchestration.py for tasks to queue
[2026-09-13T04:51:16.023+0000] {logging_mixin.py:149} INFO - [2026-09-13T04:51:16.023+0000] {dagbag.py:541} INFO - Filling up the DagBag from /opt/airflow/dags/5_orchestration.py
[2026-09-13T04:51:16.063+0000] {processor.py:809} INFO - DAG(s) dict_keys(['5-orchestration']) retrieved from /opt/airflow/dags/5_orchestration.py
[2026-09-13T04:51:16.150+0000] {logging_mixin.py:149} INFO - [2026-09-13T04:51:16.149+0000] {dag.py:2726} INFO - Sync 1 DAGs
[2026-09-13T04:51:16.225+0000] {logging_mixin.py:149} INFO - [2026-09-13T04:51:16.224+0000] {dag.py:3490} INFO - Setting next_dagrun for 5-orchestration to 2023-05-01T00:00:00+00:00, run_after=2023-05-02T00:00:00+00:00
[2026-09-13T04:51:16.285+0000] {processor.py:178} INFO - Processing /opt/airflow/dags/5_orchestration.py took 0.275 seconds
[2026-09-13T04:51:46.481+0000] {processor.py:156} INFO - Started process (PID=325) to work on /opt/airflow/dags/5_orchestration.py
[2026-09-13T04:51:46.485+0000] {processor.py:799} INFO - Processing file /opt/airflow/dags/5_orchestration.py for tasks to queue
[2026-09-13T04:51:46.487+0000] {logging_mixin.py:149} INFO - [2026-09-13T04:51:46.487+0000] {dagbag.py:541} INFO - Filling up the DagBag from /opt/airflow/dags/5_orchestration.py
[2026-09-13T04:51:46.519+0000] {processor.py:809} INFO - DAG(s) dict_keys(['5-orchestration']) retrieved from /opt/airflow/dags/5_orchestration.py
[2026-09-13T04:51:46.601+0000] {logging_mixin.py:149} INFO - [2026-09-13T04:51:46.601+0000] {dag.py:2726} INFO - Sync 1 DAGs
[2026-09-13T04:51:46.671+0000] {logging_mixin.py:149} INFO - [2026-09-13T04:51:46.670+0000] {dag.py:3490} INFO - Setting next_dagrun for 5-orchestration to 2023-05-01T00:00:00+00:00, run_after=2023-05-02T00:00:00+00:00
[2026-09-13T04:51:46.730+0000] {processor.py:178} INFO - Processing /opt/airflow/dags/5_orchestration.py took 0.259 seconds
[2026-09-13T04:52:16.978+0000] {processor.py:156} INFO - Started process (PID=339) to work on /opt/airflow/dags/5_orchestration.py
[2026-09-13T04:52:16.988+0000] {processor.py:799} INFO - Processing file /opt/airflow/dags/5_orchestration.py for tasks to queue
[2026-09-13T04:52:16.990+0000] {logging_mixin.py:149} INFO - [2026-09-13T04:52:16.990+0000] {dagbag.py:541} INFO - Filling up the DagBag from /opt/airflow/dags/5_orchestration.py
[2026-09-13T04:52:17.027+0000] {processor.py:809} INFO - DAG(s) dict_keys(['5-orchestration']) retrieved from /opt/airflow/dags/5_orchestration.py
[2026-09-13T04:52:17.112+0000] {logging_mixin.py:149} INFO - [2026-09-13T04:52:17.111+0000] {dag.py:2726} INFO - Sync 1 DAGs
[2026-09-13T04:52:17.187+0000] {logging_mixin.py:149} INFO - [2026-09-13T04:52:17.187+0000] {dag.py:3490} INFO - Setting next_dagrun for 5-orchestration to 2023-05-01T00:00:00+00:00, run_after=2023-05-02T00:00:00+00:00
[2026-09-13T04:52:17.248+0000] {processor.py:178} INFO - Processing /opt/airflow/dags/5_orchestration.py took 0.283 seconds
[2026-09-13T04:52:47.377+0000] {processor.py:156} INFO - Started process (PID=353) to work on /opt/airflow/dags/5_orchestration.py
[2026-09-13T04:52:47.379+0000] {processor.py:799} INFO - Processing file /opt/airflow/dags/5_orchestration.py for tasks to queue
[2026-09-13T04:52:47.380+0000] {logging_mixin.py:149} INFO - [2026-09-13T04:52:47.380+0000] {dagbag.py:541} INFO - Filling up the DagBag from /opt/airflow/dags/5_orchestration.py
[2026-09-13T04:52:47.400+0000] {processor.py:809} INFO - DAG(s) dict_keys(['5-orchestration']) retrieved from /opt/airflow/dags/5_orchestration.py
[2026-09-13T04:52:47.481+0000] {logging_mixin.py:149} INFO - [2026-09-13T04:52:47.480+0000] {dag.py:2726} INFO - Sync 1 DAGs
[2026-09-13T04:52:47.553+0000] {logging_mixin.py:149} INFO - [2026-09-13T04:52:47.553+0000] {dag.py:3490} INFO - Setting next_dagrun for 5-orchestration to 2023-05-01T00:00:00+00:00, run_after=2023-05-02T00:00:00+00:00
[2026-09-13T04:52:47.615+0000] {processor.py:178} INFO - Processing /opt/airflow/dags/5_orchestration.py took 0.243 seconds
