[2026-09-13T00:00:29.065+0000] {processor.py:156} INFO - Started process (PID=158790) to work on /opt/airflow/dags/6_xcoms.py
[2026-09-13T00:00:29.067+0000] {processor.py:799} INFO - Processing file /opt/airflow/dags/6_xcoms.py for tasks to queue
[2026-09-13T00:00:29.072+0000] {logging_mixin.py:149} INFO - [2026-09-13T00:00:29.072+0000] {dagbag.py:541} INFO - Filling up the DagBag from /opt/airflow/dags/6_xcoms.py
[2026-09-13T00:00:29.115+0000] {processor.py:809} INFO - DAG(s) dict_keys(['6-XCom']) retrieved from /opt/airflow/dags/6_xcoms.py
[2026-09-13T00:00:29.208+0000] {logging_mixin.py:149} INFO - [2026-09-13T00:00:29.208+0000] {dag.py:2726} INFO - Sync 1 DAGs
[2026-09-13T00:00:29.282+0000] {logging_mixin.py:149} INFO - [2026-09-13T00:00:29.282+0000] {dag.py:3490} INFO - Setting next_dagrun for 6-XCom to 2023-05-01T00:00:00+00:00, run_after=2023-05-02T00:00:00+00:00
[2026-09-13T00:00:29.352+0000] {processor.py:178} INFO - Processing /opt/airflow/dags/6_xcoms.py took 0.298 seconds
[2026-09-13T00:00:59.430+0000] {processor.py:156} INFO - Started process (PID=158804) to work on /opt/airflow/dags/6_xcoms.py
[2026-09-13T00:00:59.436+0000] {processor.py:799} INFO - Processing file /opt/airflow/dags/6_xcoms.py for tasks to queue
[2026-09-13T00:00:59.438+0000] {logging_mixin.py:149} INFO - [2026-09-13T00:00:59.438+0000] {dagbag.py:541} INFO - Filling up the DagBag from /opt/airflow/dags/6_xcoms.py
[2026-09-13T00:00:59.478+0000] {processor.py:809} INFO - DAG(s) dict_keys(['6-XCom']) retrieved from /opt/airflow/dags/6_xcoms.py
[2026-09-13T00:00:59.563+0000] {logging_mixin.py:149} INFO - [2026-09-13T00:00:59.563+0000] {dag.py:2726} INFO - Sync 1 DAGs
[2026-09-13T00:00:59.633+0000] {logging_mixin.py:149} INFO - [2026-09-13T00:00:59.632+0000] {dag.py:3490} INFO - Setting next_dagrun for 6-XCom to 2023-05-01T00:00:00+00:00, run_after=2023-05-02T00:00:00+00:00
[2026-09-13T00:00:59.693+0000] {processor.py:178} INFO - Processing /opt/airflow/dags/6_xcoms.py took 0.275 seconds
[2026-09-13T00:01:29.803+0000] {processor.py:156} INFO - Started process (PID=158818) to work on /opt/airflow/dags/6_xcoms.py
[2026-09-13T00:01:29.807+0000] {processor.py:799} INFO - Processing file /opt/airflow/dags/6_xcoms.py for tasks to queue
[2026-09-13T00:01:29.809+0000] {logging_mixin.py:149} INFO - [2026-09-13T00:01:29.809+0000] {dagbag.py:541} INFO - Filling up the DagBag from /opt/airflow/dags/6_xcoms.py
[2026-09-13T00:01:29.843+0000] {processor.py:809} INFO - DAG(s) dict_keys(['6-XCom']) retrieved from /opt/airflow/dags/6_xcoms.py
[2026-09-13T00:01:29.931+0000] {logging_mixin.py:149} INFO - [2026-09-13T00:01:29.931+0000] {dag.py:2726} INFO - Sync 1 DAGs
[2026-09-13T00:01:30.009+0000] {logging_mixin.py:149} INFO - [2026-09-13T00:01:30.009+0000] {dag.py:3490} INFO - Setting next_dagrun for 6-XCom to 2023-05-01T00:00:00+00:00, run_after=2023-05-02T00:00:00+00:00
[2026-09-13T00:01:30.075+0000] {processor.py:178} INFO - Processing /opt/airflow/dags/6_xcoms.py took 0.283 seconds
[2026-09-13T00:02:00.247+0000] {processor.py:156} INFO - Started process (PID=158831) to work on /opt/airflow/dags/6_xcoms.py
[2026-09-13T00:02:00.251+0000] {processor.py:799} INFO - Processing file /opt/airflow/dags/6_xcoms.py for tasks to queue
[2026-09-13T00:02:00.253+0000] {logging_mixin.py:149} INFO - [2026-09-13T00:02:00.253+0000] {dagbag.py:541} INFO - Filling up the DagBag from /opt/airflow/dags/6_xcoms.py
[2026-09-13T00:02:00.289+0000] {processor.py:809} INFO - DAG(s) dict_keys(['6-XCom']) retrieved from /opt/airflow/dags/6_xcoms.py
[2026-09-13T00:02:00.376+0000] {logging_mixin.py:149} INFO - [2026-09-13T00:02:00.376+0000] {dag.py:2726} INFO - Sync 1 DAGs
[2026-09-13T00:02:00.470+0000] {logging_mixin.py:149} INFO - [2026-09-13T00:02:00.470+0000] {dag.py:3490} INFO - Setting next_dagrun for 6-XCom to 2023-05-01T00:00:00+00:00, run_after=2023-05-02T00:00:00+00:00
[2026-09-13T00:02:00.532+0000] {processor.py:178} INFO - Processing /opt/airflow/dags/6_xcoms.py took 0.296 seconds
[2026-09-13T00:02:30.693+0000] {processor.py:156} INFO - Started process (PID=158845) to work on /opt/airflow/dags/6_xcoms.py
[2026-09-13T00:02:30.697+0000] {processor.py:799} INFO - Processing file /opt/airflow/dags/6_xcoms.py for tasks to queue
[2026-09-13T00:02:30.699+0000] {logging_mixin.py:149} INFO - [2026-09-13T00:02:30.699+0000] {dagbag.py:541} INFO - Filling up the DagBag from /opt/airflow/dags/6_xcoms.py
[2026-09-13T00:02:30.735+0000] {processor.py:809} INFO - DAG(s) dict_keys(['6-XCom']) retrieved from /opt/airflow/dags/6_xcoms.py
[2026-09-13T00:02:30.827+0000] {logging_mixin.py:149} INFO - [2026-09-13T00:02:30.826+0000] {dag.py:2726} INFO - Sync 1 DAGs
[2026-09-13T00:02:30.900+0000] {logging_mixin.py:149} INFO - [2026-09-13T00:02:30.899+0000] {dag.py:3490} INFO - Setting next_dagrun for 6-XCom to 2023-05-01T00:00:00+00:00, run_after=2023-05-02T00:00:00+00:00
[2026-09-13T00:02:30.970+0000] {processor.py:178} INFO - Processing /opt/airflow/dags/6_xcoms.py took 0.290 seconds
[2026-09-13T00:03:01.180+0000] {processor.py:156} INFO - Started process (PID=158860) to work on /opt/airflow/dags/6_xcoms.py
[2026-09-13T00:03:01.184+0000] {processor.py:799} INFO - Processing file /opt/airflow/dags/6_xcoms.py for tasks to queue
[2026-09-13T00:03:01.186+0000] {logging_mixin.py:149} INFO - [2026-09-13T00:03:01.186+0000] {dagbag.py:541} INFO - Filling up the DagBag from /opt/airflow/dags/6_xcoms.py
[2026-09-13T00:03:01.222+0000] {processor.py:809} INFO - DAG(s) dict_keys(['6-XCom']) retrieved from /opt/airflow/dags/6_xcoms.py
[2026-09-13T00:03:01.305+0000] {logging_mixin.py:149} INFO - [2026-09-13T00:03:01.305+0000] {dag.py:2726} INFO - Sync 1 DAGs
[2026-09-13T00:03:01.373+0000] {logging_mixin.py:149} INFO - [2026-09-13T00:03:01.372+0000] {dag.py:3490} INFO - Setting next_dagrun for 6-XCom to 2023-05-01T00:00:00+00:00, run_after=2023-05-02T00:00:00+00:00
[2026-09-13T00:03:01.433+0000] {processor.py:178} INFO - Processing /opt/airflow/dags/6_xcoms.py took 0.264 seconds
[2026-09-13T00:03:31.819+0000] {processor.py:156} INFO - Started process (PID=158875) to work on /opt/airflow/dags/6_xcoms.py
[2026-09-13T00:03:31.822+0000] {processor.py:799} INFO - Processing file /opt/airflow/dags/6_xcoms.py for tasks to queue
[2026-09-13T00:03:31.823+0000] {logging_mixin.py:149} INFO - [2026-09-13T00:03:31.823+0000] {dagbag.py:541} INFO - Filling up the DagBag from /opt/airflow/dags/6_xcoms.py
[2026-09-13T00:03:31.857+0000] {processor.py:809} INFO - DAG(s) dict_keys(['6-XCom']) retrieved from /opt/airflow/dags/6_xcoms.py
[2026-09-13T00:03:31.910+0000] {logging_mixin.py:149} INFO - [2026-09-13T00:03:31.910+0000] {dag.py:2726} INFO - Sync 1 DAGs
[2026-09-13T00:03:31.947+0000] {logging_mixin.py:149} INFO - [2026-09-13T00:03:31.947+0000] {dag.py:3490} INFO - Setting next_dagrun for 6-XCom to 2023-05-01T00:00:00+00:00, run_after=2023-05-02T00:00:00+00:00
[2026-09-13T00:03:31.985+0000] {processor.py:178} INFO - Processing /opt/airflow/dags/6_xcoms.py took 0.191 seconds
[2026-09-13T00:04:02.199+0000] {processor.py:156} INFO - Started process (PID=158889) to work on /opt/airflow/dags/6_xcoms.py
[2026-09-13T00:04:02.203+0000] {processor.py:799} INFO - Processing file /opt/airflow/dags/6_xcoms.py for tasks to queue
[2026-09-13T00:04:02.205+0000] {logging_mixin.py:149} INFO - [2026-09-13T00:04:02.205+0000] {dagbag.py:541} INFO - Filling up the DagBag from /opt/airflow/dags/6_xcoms.py
[2026-09-13T00:04:02.240+0000] {processor.py:809} INFO - DAG(s) dict_keys(['6-XCom']) retrieved from /opt/airflow/dags/6_xcoms.py
[2026-09-13T00:04:02.316+0000] {logging_mixin.py:149} INFO - [2026-09-13T00:04:02.315+0000] {dag.py:2726} INFO - Sync 1 DAGs
[2026-09-13T00:04:02.379+0000] {logging_mixin.py:149} INFO - [2026-09-13T00:04:02.379+0000] {dag.py:3490} INFO - Setting next_dagrun for 6-XCom to 2023-05-01T00:00:00+00:00, run_after=2023-05-02T00:00:00+00:00
[2026-09-13T00:04:02.454+0000] {processor.py:178} INFO - Processing /opt/airflow/dags/6_xcoms.py took 0.266 seconds
[2026-09-13T00:04:32.721+0000] {processor.py:156} INFO - Started process (PID=158903) to work on /opt/airflow/dags/6_xcoms.py
[2026-09-13T00:04:32.724+0000] {processor.py:799} INFO - Processing file /opt/airflow/dags/6_xcoms.py for tasks to queue
[2026-09-13T00:04:32.725+0000] {logging_mixin.py:149} INFO - [2026-09-13T00:04:32.725+0000] {dagbag.py:541} INFO - Filling up the DagBag from /opt/airflow/dags/6_xcoms.py
[2026-09-13T00:04:32.755+0000] {processor.py:809} INFO - DAG(s) dict_keys(['6-XCom']) retrieved from /opt/airflow/dags/6_xcoms.py
[2026-09-13T00:04:32.834+0000] {logging_mixin.py:149} INFO - [2026-09-13T00:04:32.834+0000] {dag.py:2726} INFO - Sync 1 DAGs
[2026-09-13T00:04:32.882+0000] {logging_mixin.py:149} INFO - [2026-09-13T00:04:32.881+0000] {dag.py:3490} INFO - Setting next_dagrun for 6-XCom to 2023-05-01T00:00:00+00:00, run_after=2023-05-02T00:00:00+00:00
[2026-09-13T00:04:32.911+0000] {processor.py:178} INFO - Processing /opt/airflow/dags/6_xcoms.py took 0.199 seconds
[2026-09-13T00:05:03.182+0000] {processor.py:156} INFO - Started process (PID=158917) to work on /opt/airflow/dags/6_xcoms.py
[2026-09-13T00:05:03.186+0000] {processor.py:799} INFO - Processing file /opt/airflow/dags/6_xcoms.py for tasks to queue
[2026-09-13T00:05:03.187+0000] {logging_mixin.py:149} INFO - [2026-09-13T00:05:03.187+0000] {dagbag.py:541} INFO - Filling up the DagBag from /opt/airflow/dags/6_xcoms.py
[2026-09-13T00:05:03.222+0000] {processor.py:809} INFO - DAG(s) dict_keys(['6-XCom']) retrieved from /opt/airflow/dags/6_xcoms.py
[2026-09-13T00:05:03.298+0000] {logging_mixin.py:149} INFO - [2026-09-13T00:05:03.298+0000] {dag.py:2726} INFO - Sync 1 DAGs
[2026-09-13T00:05:03.367+0000] {logging_mixin.py:149} INFO - [2026-09-13T00:05:03.367+0000] {dag.py:3490} INFO - Setting next_dagrun for 6-XCom to 2023-05-01T00:00:00+00:00, run_after=2023-05-02T00:00:00+00:00
[2026-09-13T00:05:03.446+0000] {processor.py:178} INFO - Processing /opt/airflow/dags/6_xcoms.py took 0.275 seconds
[2026-09-13T00:05:33.682+0000] {processor.py:156} INFO - Started process (PID=158932) to work on /opt/airflow/dags/6_xcoms.py
[2026-09-13T00:05:33.685+0000] {processor.py:799} INFO - Processing file /opt/airflow/dags/6_xcoms.py for tasks to queue
[2026-09-13T00:05:33.687+0000] {logging_mixin.py:149} INFO - [2026-09-13T00:05:33.687+0000] {dagbag.py:541} INFO - Filling up the DagBag from /opt/airflow/dags/6_xcoms.py
[2026-09-13T00:05:33.731+0000] {processor.py:809} INFO - DAG(s) dict_keys(['6-XCom']) retrieved from /opt/airflow/dags/6_xcoms.py
[2026-09-13T00:05:33.822+0000] {logging_mixin.py:149} INFO - [2026-09-13T00:05:33.822+0000] {dag.py:2726} INFO - Sync 1 DAGs
[2026-09-13T00:05:33.916+0000] {logging_mixin.py:149} INFO - [2026-09-13T00:05:33.915+0000] {dag.py:3490} INFO - Setting next_dagrun for 6-XCom to 2023-05-01T00:00:00+00:00, run_after=2023-05-02T00:00:00+00:00
[2026-09-13T00:05:33.974+0000] {processor.py:178} INFO - Processing /opt/airflow/dags/6_xcoms.py took 0.304 seconds
[2026-09-13T00:06:04.068+0000] {processor.py:156} INFO - Started process (PID=158946) to work on /opt/airflow/dags/6_xcoms.py
[2026-09-13T00:06:04.071+0000] {processor.py:799} INFO - Processing file /opt/airflow/dags/6_xcoms.py for tasks to queue
[2026-09-13T00:06:04.073+0000] {logging_mixin.py:149} INFO - [2026-09-13T00:06:04.073+0000] {dagbag.py:541} INFO - Filling up the DagBag from /opt/airflow/dags/6_xcoms.py
[2026-09-13T00:06:04.138+0000] {processor.py:809} INFO - DAG(s) dict_keys(['6-XCom']) retrieved from /opt/airflow/dags/6_xcoms.py
[2026-09-13T00:06:04.231+0000] {logging_mixin.py:149} INFO - [2026-09-13T00:06:04.231+0000] {dag.py:2726} INFO - Sync 1 DAGs
[2026-09-13T00:06:04.281+0000] {logging_mixin.py:149} INFO - [2026-09-13T00:06:04.281+0000] {dag.py:3490} INFO - Setting next_dagrun for 6-XCom to 2023-05-01T00:00:00+00:00, run_after=2023-05-02T00:00:00+00:00
[2026-09-13T00:06:04.314+0000] {processor.py:178} INFO - Processing /opt/airflow/dags/6_xcoms.py took 0.257 seconds
[2026-09-13T00:06:34.498+0000] {processor.py:156} INFO - Started process (PID=158960) to work on /opt/airflow/dags/6_xcoms.py
[2026-09-13T00:06:34.501+0000] {processor.py:799} INFO - Processing file /opt/airflow/dags/6_xcoms.py for tasks to queue
[2026-09-13T00:06:34.503+0000] {logging_mixin.py:149} INFO - [2026-09-13T00:06:34.502+0000] {dagbag.py:541} INFO - Filling up the DagBag from /opt/airflow/dags/6_xcoms.py
[2026-09-13T00:06:34.540+0000] {processor.py:809} INFO - DAG(s) dict_keys(['6-XCom']) retrieved from /opt/airflow/dags/6_xcoms.py
[2026-09-13T00:06:34.638+0000] {logging_mixin.py:149} INFO - [2026-09-13T00:06:34.638+0000] {dag.py:2726} INFO - Sync 1 DAGs
[2026-09-13T00:06:34.692+0000] {logging_mixin.py:149} INFO - [2026-09-13T00:06:34.692+0000] {dag.py:3490} INFO - Setting next_dagrun for 6-XCom to 2023-05-01T00:00:00+00:00, run_after=2023-05-02T00:00:00+00:00
[2026-09-13T00:06:34.717+0000] {processor.py:178} INFO - Processing /opt/airflow/dags/6_xcoms.py took 0.230 seconds
[2026-09-13T00:07:05.500+0000] {processor.py:156} INFO - Started process (PID=158973) to work on /opt/airflow/dags/6_xcoms.py
[2026-09-13T00:07:05.503+0000] {processor.py:799} INFO - Processing file /opt/airflow/dags/6_xcoms.py for tasks to queue
[2026-09-13T00:07:05.505+0000] {logging_mixin.py:149} INFO - [2026-09-13T00:07:05.505+0000] {dagbag.py:541} INFO - Filling up the DagBag from /opt/airflow/dags/6_xcoms.py
[2026-09-13T00:07:05.540+0000] {processor.py:809} INFO - DAG(s) dict_keys(['6-XCom']) retrieved from /opt/airflow/dags/6_xcoms.py
[2026-09-13T00:07:05.606+0000] {logging_mixin.py:149} INFO - [2026-09-13T00:07:05.606+0000] {dag.py:2726} INFO - Sync 1 DAGs
[2026-09-13T00:07:05.655+0000] {logging_mixin.py:149} INFO - [2026-09-13T00:07:05.655+0000] {dag.py:3490} INFO - Setting next_dagrun for 6-XCom to 2023-05-01T00:00:00+00:00, run_after=2023-05-02T00:00:00+00:00
[2026-09-13T00:07:05.722+0000] {processor.py:178} INFO - Processing /opt/airflow/dags/6_xcoms.py took 0.236 seconds
[2026-09-13T00:07:36.005+0000] {processor.py:156} INFO - Started process (PID=158987) to work on /opt/airflow/dags/6_xcoms.py
[2026-09-13T00:07:36.008+0000] {processor.py:799} INFO - Processing file /opt/airflow/dags/6_xcoms.py for tasks to queue
[2026-09-13T00:07:36.010+0000] {logging_mixin.py:149} INFO - [2026-09-13T00:07:36.009+0000] {dagbag.py:541} INFO - Filling up the DagBag from /opt/airflow/dags/6_xcoms.py
[2026-09-13T00:07:36.046+0000] {processor.py:809} INFO - DAG(s) dict_keys(['6-XCom']) retrieved from /opt/airflow/dags/6_xcoms.py
[2026-09-13T00:07:36.145+0000] {logging_mixin.py:149} INFO - [2026-09-13T00:07:36.145+0000] {dag.py:2726} INFO - Sync 1 DAGs
[2026-09-13T00:07:36.201+0000] {logging_mixin.py:149} INFO - [2026-09-13T00:07:36.200+0000] {dag.py:3490} INFO - Setting next_dagrun for 6-XCom to 2023-05-01T00:00:00+00:00, run_after=2023-05-02T00:00:00+00:00
[2026-09-13T00:07:36.229+0000] {processor.py:178} INFO - Processing /opt/airflow/dags/6_xcoms.py took 0.236 seconds
[2026-09-13T00:08:06.476+0000] {processor.py:156} INFO - Started process (PID=159002) to work on /opt/airflow/dags/6_xcoms.py
[2026-09-13T00:08:06.479+0000] {processor.py:799} INFO - Processing file /opt/airflow/dags/6_xcoms.py for tasks to queue
[2026-09-13T00:08:06.481+0000] {logging_mixin.py:149} INFO - [2026-09-13T00:08:06.481+0000] {dagbag.py:541} INFO - Filling up the DagBag from /opt/airflow/dags/6_xcoms.py
[2026-09-13T00:08:06.510+0000] {processor.py:809} INFO - DAG(s) dict_keys(['6-XCom']) retrieved from /opt/airflow/dags/6_xcoms.py
[2026-09-13T00:08:06.569+0000] {logging_mixin.py:149} INFO - [2026-09-13T00:08:06.568+0000] {dag.py:2726} INFO - Sync 1 DAGs
[2026-09-13T00:08:06.607+0000] {logging_mixin.py:149} INFO - [2026-09-13T00:08:06.607+0000] {dag.py:3490} INFO - Setting next_dagrun for 6-XCom to 2023-05-01T00:00:00+00:00, run_after=2023-05-02T00:00:00+00:00
[2026-09-13T00:08:06.631+0000] {processor.py:178} INFO - Processing /opt/airflow/dags/6_xcoms.py took 0.165 seconds
[2026-09-13T00:08:36.829+0000] {processor.py:156} INFO - Started process (PID=159016) to work on /opt/airflow/dags/6_xcoms.py
[2026-09-13T00:08:36.831+0000] {processor.py:799} INFO - Processing file /opt/airflow/dags/6_xcoms.py for tasks to queue
[2026-09-13T00:08:36.832+0000] {logging_mixin.py:149} INFO - [2026-09-13T00:08:36.832+0000] {dagbag.py:541} INFO - Filling up the DagBag from /opt/airflow/dags/6_xcoms.py
[2026-09-13T00:08:36.859+0000] {processor.py:809} INFO - DAG(s) dict_keys(['6-XCom']) retrieved from /opt/airflow/dags/6_xcoms.py
[2026-09-13T00:08:36.939+0000] {logging_mixin.py:149} INFO - [2026-09-13T00:08:36.938+0000] {dag.py:2726} INFO - Sync 1 DAGs
[2026-09-13T00:08:36.989+0000] {logging_mixin.py:149} INFO - [2026-09-13T00:08:36.989+0000] {dag.py:3490} INFO - Setting next_dagrun for 6-XCom to 2023-05-01T00:00:00+00:00, run_after=2023-05-02T00:00:00+00:00
[2026-09-13T00:08:37.044+0000] {processor.py:178} INFO - Processing /opt/airflow/dags/6_xcoms.py took 0.223 seconds
[2026-09-13T00:09:07.316+0000] {processor.py:156} INFO - Started process (PID=159030) to work on /opt/airflow/dags/6_xcoms.py
[2026-09-13T00:09:07.324+0000] {processor.py:799} INFO - Processing file /opt/airflow/dags/6_xcoms.py for tasks to queue
[2026-09-13T00:09:07.325+0000] {logging_mixin.py:149} INFO - [2026-09-13T00:09:07.325+0000] {dagbag.py:541} INFO - Filling up the DagBag from /opt/airflow/dags/6_xcoms.py
[2026-09-13T00:09:07.372+0000] {processor.py:809} INFO - DAG(s) dict_keys(['6-XCom']) retrieved from /opt/airflow/dags/6_xcoms.py
[2026-09-13T00:09:07.443+0000] {logging_mixin.py:149} INFO - [2026-09-13T00:09:07.442+0000] {dag.py:2726} INFO - Sync 1 DAGs
[2026-09-13T00:09:07.563+0000] {logging_mixin.py:149} INFO - [2026-09-13T00:09:07.563+0000] {dag.py:3490} INFO - Setting next_dagrun for 6-XCom to 2023-05-01T00:00:00+00:00, run_after=2023-05-02T00:00:00+00:00
[2026-09-13T00:09:07.618+0000] {processor.py:178} INFO - Processing /opt/airflow/dags/6_xcoms.py took 0.323 seconds
[2026-09-13T00:09:37.958+0000] {processor.py:156} INFO - Started process (PID=159044) to work on /opt/airflow/dags/6_xcoms.py
[2026-09-13T00:09:37.960+0000] {processor.py:799} INFO - Processing file /opt/airflow/dags/6_xcoms.py for tasks to queue
[2026-09-13T00:09:37.962+0000] {logging_mixin.py:149} INFO - [2026-09-13T00:09:37.961+0000] {dagbag.py:541} INFO - Filling up the DagBag from /opt/airflow/dags/6_xcoms.py
[2026-09-13T00:09:37.994+0000] {processor.py:809} INFO - DAG(s) dict_keys(['6-XCom']) retrieved from /opt/airflow/dags/6_xcoms.py
[2026-09-13T00:09:38.084+0000] {logging_mixin.py:149} INFO - [2026-09-13T00:09:38.083+0000] {dag.py:2726} INFO - Sync 1 DAGs
[2026-09-13T00:09:38.166+0000] {logging_mixin.py:149} INFO - [2026-09-13T00:09:38.166+0000] {dag.py:3490} INFO - Setting next_dagrun for 6-XCom to 2023-05-01T00:00:00+00:00, run_after=2023-05-02T00:00:00+00:00
[2026-09-13T00:09:38.205+0000] {processor.py:178} INFO - Processing /opt/airflow/dags/6_xcoms.py took 0.259 seconds
[2026-09-13T00:10:08.306+0000] {processor.py:156} INFO - Started process (PID=159058) to work on /opt/airflow/dags/6_xcoms.py
[2026-09-13T00:10:08.309+0000] {processor.py:799} INFO - Processing file /opt/airflow/dags/6_xcoms.py for tasks to queue
[2026-09-13T00:10:08.311+0000] {logging_mixin.py:149} INFO - [2026-09-13T00:10:08.311+0000] {dagbag.py:541} INFO - Filling up the DagBag from /opt/airflow/dags/6_xcoms.py
[2026-09-13T00:10:08.347+0000] {processor.py:809} INFO - DAG(s) dict_keys(['6-XCom']) retrieved from /opt/airflow/dags/6_xcoms.py
[2026-09-13T00:10:08.414+0000] {logging_mixin.py:149} INFO - [2026-09-13T00:10:08.414+0000] {dag.py:2726} INFO - Sync 1 DAGs
[2026-09-13T00:10:08.470+0000] {logging_mixin.py:149} INFO - [2026-09-13T00:10:08.469+0000] {dag.py:3490} INFO - Setting next_dagrun for 6-XCom to 2023-05-01T00:00:00+00:00, run_after=2023-05-02T00:00:00+00:00
[2026-09-13T00:10:08.516+0000] {processor.py:178} INFO - Processing /opt/airflow/dags/6_xcoms.py took 0.221 seconds
[2026-09-13T00:10:38.828+0000] {processor.py:156} INFO - Started process (PID=159072) to work on /opt/airflow/dags/6_xcoms.py
[2026-09-13T00:10:38.833+0000] {processor.py:799} INFO - Processing file /opt/airflow/dags/6_xcoms.py for tasks to queue
[2026-09-13T00:10:38.835+0000] {logging_mixin.py:149} INFO - [2026-09-13T00:10:38.834+0000] {dagbag.py:541} INFO - Filling up the DagBag from /opt/airflow/dags/6_xcoms.py
[2026-09-13T00:10:38.868+0000] {processor.py:809} INFO - DAG(s) dict_keys(['6-XCom']) retrieved from /opt/airflow/dags/6_xcoms.py
[2026-09-13T00:10:38.945+0000] {logging_mixin.py:149} INFO - [2026-09-13T00:10:38.945+0000] {dag.py:2726} INFO - Sync 1 DAGs
[2026-09-13T00:10:39.037+0000] {logging_mixin.py:149} INFO - [2026-09-13T00:10:39.037+0000] {dag.py:3490} INFO - Setting next_dagrun for 6-XCom to 2023-05-01T00:00:00+00:00, run_after=2023-05-02T00:00:00+00:00
[2026-09-13T00:10:39.110+0000] {processor.py:178} INFO - Processing /opt/airflow/dags/6_xcoms.py took 0.290 seconds
[2026-09-13T00:11:09.211+0000] {processor.py:156} INFO - Started process (PID=159087) to work on /opt/airflow/dags/6_xcoms.py
[2026-09-13T00:11:09.217+0000] {processor.py:799} INFO - Processing file /opt/airflow/dags/6_xcoms.py for tasks to queue
[2026-09-13T00:11:09.219+0000] {logging_mixin.py:149} INFO - [2026-09-13T00:11:09.219+0000] {dagbag.py:541} INFO - Filling up the DagBag from /opt/airflow/dags/6_xcoms.py
[2026-09-13T00:11:09.256+0000] {processor.py:809} INFO - DAG(s) dict_keys(['6-XCom']) retrieved from /opt/airflow/dags/6_xcoms.py
[2026-09-13T00:11:09.348+0000] {logging_mixin.py:149} INFO - [2026-09-13T00:11:09.347+0000] {dag.py:2726} INFO - Sync 1 DAGs
[2026-09-13T00:11:09.414+0000] {logging_mixin.py:149} INFO - [2026-09-13T00:11:09.414+0000] {dag.py:3490} INFO - Setting next_dagrun for 6-XCom to 2023-05-01T00:00:00+00:00, run_after=2023-05-02T00:00:00+00:00
[2026-09-13T00:11:09.474+0000] {processor.py:178} INFO - Processing /opt/airflow/dags/6_xcoms.py took 0.273 seconds
[2026-09-13T00:11:39.526+0000] {processor.py:156} INFO - Started process (PID=159101) to work on /opt/airflow/dags/6_xcoms.py
[2026-09-13T00:11:39.527+0000] {processor.py:799} INFO - Processing file /opt/airflow/dags/6_xcoms.py for tasks to queue
[2026-09-13T00:11:39.528+0000] {logging_mixin.py:149} INFO - [2026-09-13T00:11:39.528+0000] {dagbag.py:541} INFO - Filling up the DagBag from /opt/airflow/dags/6_xcoms.py
[2026-09-13T00:11:39.563+0000] {processor.py:809} INFO - DAG(s) dict_keys(['6-XCom']) retrieved from /opt/airflow/dags/6_xcoms.py
[2026-09-13T00:11:39.653+0000] {logging_mixin.py:149} INFO - [2026-09-13T00:11:39.653+0000] {dag.py:2726} INFO - Sync 1 DAGs
[2026-09-13T00:11:39.726+0000] {logging_mixin.py:149} INFO - [2026-09-13T00:11:39.725+0000] {dag.py:3490} INFO - Setting next_dagrun for 6-XCom to 2023-05-01T00:00:00+00:00, run_after=2023-05-02T00:00:00+00:00
[2026-09-13T00:11:39.784+0000] {processor.py:178} INFO - Processing /opt/airflow/dags/6_xcoms.py took 0.265 seconds
[2026-09-13T00:12:09.973+0000] {processor.py:156} INFO - Started process (PID=159115) to work on /opt/airflow/dags/6_xcoms.py
[2026-09-13T00:12:09.976+0000] {processor.py:799} INFO - Processing file /opt/airflow/dags/6_xcoms.py for tasks to queue
[2026-09-13T00:12:09.978+0000] {logging_mixin.py:149} INFO - [2026-09-13T00:12:09.977+0000] {dagbag.py:541} INFO - Filling up the DagBag from /opt/airflow/dags/6_xcoms.py
[2026-09-13T00:12:10.004+0000] {processor.py:809} INFO - DAG(s) dict_keys(['6-XCom']) retrieved from /opt/airflow/dags/6_xcoms.py
[2026-09-13T00:12:10.102+0000] {logging_mixin.py:149} INFO - [2026-09-13T00:12:10.102+0000] {dag.py:2726} INFO - Sync 1 DAGs
[2026-09-13T00:12:10.176+0000] {logging_mixin.py:149} INFO - [2026-09-13T00:12:10.176+0000] {dag.py:3490} INFO - Setting next_dagrun for 6-XCom to 2023-05-01T00:00:00+00:00, run_after=2023-05-02T00:00:00+00:00
[2026-09-13T00:12:10.238+0000] {processor.py:178} INFO - Processing /opt/airflow/dags/6_xcoms.py took 0.274 seconds
[2026-09-13T00:12:40.483+0000] {processor.py:156} INFO - Started process (PID=159129) to work on /opt/airflow/dags/6_xcoms.py
[2026-09-13T00:12:40.485+0000] {processor.py:799} INFO - Processing file /opt/airflow/dags/6_xcoms.py for tasks to queue
[2026-09-13T00:12:40.486+0000] {logging_mixin.py:149} INFO - [2026-09-13T00:12:40.486+0000] {dagbag.py:541} INFO - Filling up the DagBag from /opt/airflow/dags/6_xcoms.py
[2026-09-13T00:12:40.516+0000] {processor.py:809} INFO - DAG(s) dict_keys(['6-XCom']) retrieved from /opt/airflow/dags/6_xcoms.py
[2026-09-13T00:12:40.601+0000] {logging_mixin.py:149} INFO - [2026-09-13T00:12:40.600+0000] {dag.py:2726} INFO - Sync 1 DAGs
[2026-09-13T00:12:40.681+0000] {logging_mixin.py:149} INFO - [2026-09-13T00:12:40.680+0000] {dag.py:3490} INFO - Setting next_dagrun for 6-XCom to 2023-05-01T00:00:00+00:00, run_after=2023-05-02T00:00:00+00:00
[2026-09-13T00:12:40.753+0000] {processor.py:178} INFO - Processing /opt/airflow/dags/6_xcoms.py took 0.277 seconds
[2026-09-13T00:13:10.922+0000] {processor.py:156} INFO - Started process (PID=159143) to work on /opt/airflow/dags/6_xcoms.py
[2026-09-13T00:13:10.927+0000] {processor.py:799} INFO - Processing file /opt/airflow/dags/6_xcoms.py for tasks to queue
[2026-09-13T00:13:10.929+0000] {logging_mixin.py:149} INFO - [2026-09-13T00:13:10.929+0000] {dagbag.py:541} INFO - Filling up the DagBag from /opt/airflow/dags/6_xcoms.py
[2026-09-13T00:13:10.967+0000] {processor.py:809} INFO - DAG(s) dict_keys(['6-XCom']) retrieved from /opt/airflow/dags/6_xcoms.py
[2026-09-13T00:13:11.039+0000] {logging_mixin.py:149} INFO - [2026-09-13T00:13:11.039+0000] {dag.py:2726} INFO - Sync 1 DAGs
[2026-09-13T00:13:11.088+0000] {logging_mixin.py:149} INFO - [2026-09-13T00:13:11.088+0000] {dag.py:3490} INFO - Setting next_dagrun for 6-XCom to 2023-05-01T00:00:00+00:00, run_after=2023-05-02T00:00:00+00:00
[2026-09-13T00:13:11.117+0000] {processor.py:178} INFO - Processing /opt/airflow/dags/6_xcoms.py took 0.208 seconds
[2026-09-13T00:13:41.355+0000] {processor.py:156} INFO - Started process (PID=159157) to work on /opt/airflow/dags/6_xcoms.py
[2026-09-13T00:13:41.358+0000] {processor.py:799} INFO - Processing file /opt/airflow/dags/6_xcoms.py for tasks to queue
[2026-09-13T00:13:41.359+0000] {logging_mixin.py:149} INFO - [2026-09-13T00:13:41.359+0000] {dagbag.py:541} INFO - Filling up the DagBag from /opt/airflow/dags/6_xcoms.py
[2026-09-13T00:13:41.398+0000] {processor.py:809} INFO - DAG(s) dict_keys(['6-XCom']) retrieved from /opt/airflow/dags/6_xcoms.py
[2026-09-13T00:13:41.489+0000] {logging_mixin.py:149} INFO - [2026-09-13T00:13:41.489+0000] {dag.py:2726} INFO - Sync 1 DAGs
[2026-09-13T00:13:41.589+0000] {logging_mixin.py:149} INFO - [2026-09-13T00:13:41.588+0000] {dag.py:3490} INFO - Setting next_dagrun for 6-XCom to 2023-05-01T00:00:00+00:00, run_after=2023-05-02T00:00:00+00:00
[2026-09-13T00:13:41.635+0000] {processor.py:178} INFO - Processing /opt/airflow/dags/6_xcoms.py took 0.290 seconds
[2026-09-13T00:14:11.896+0000] {processor.py:156} INFO - Started process (PID=159171) to work on /opt/airflow/dags/6_xcoms.py
[2026-09-13T00:14:11.899+0000] {processor.py:799} INFO - Processing file /opt/airflow/dags/6_xcoms.py for tasks to queue
[2026-09-13T00:14:11.901+0000] {logging_mixin.py:149} INFO - [2026-09-13T00:14:11.900+0000] {dagbag.py:541} INFO - Filling up the DagBag from /opt/airflow/dags/6_xcoms.py
[2026-09-13T00:14:11.934+0000] {processor.py:809} INFO - DAG(s) dict_keys(['6-XCom']) retrieved from /opt/airflow/dags/6_xcoms.py
[2026-09-13T00:14:12.022+0000] {logging_mixin.py:149} INFO - [2026-09-13T00:14:12.022+0000] {dag.py:2726} INFO - Sync 1 DAGs
[2026-09-13T00:14:12.097+0000] {logging_mixin.py:149} INFO - [2026-09-13T00:14:12.096+0000] {dag.py:3490} INFO - Setting next_dagrun for 6-XCom to 2023-05-01T00:00:00+00:00, run_after=2023-05-02T00:00:00+00:00
[2026-09-13T00:14:12.140+0000] {processor.py:178} INFO - Processing /opt/airflow/dags/6_xcoms.py took 0.254 seconds
[2026-09-13T00:14:42.350+0000] {processor.py:156} INFO - Started process (PID=159186) to work on /opt/airflow/dags/6_xcoms.py
[2026-09-13T00:14:42.352+0000] {processor.py:799} INFO - Processing file /opt/airflow/dags/6_xcoms.py for tasks to queue
[2026-09-13T00:14:42.354+0000] {logging_mixin.py:149} INFO - [2026-09-13T00:14:42.353+0000] {dagbag.py:541} INFO - Filling up the DagBag from /opt/airflow/dags/6_xcoms.py
[2026-09-13T00:14:42.397+0000] {processor.py:809} INFO - DAG(s) dict_keys(['6-XCom']) retrieved from /opt/airflow/dags/6_xcoms.py
[2026-09-13T00:14:42.472+0000] {logging_mixin.py:149} INFO - [2026-09-13T00:14:42.471+0000] {dag.py:2726} INFO - Sync 1 DAGs
[2026-09-13T00:14:42.517+0000] {logging_mixin.py:149} INFO - [2026-09-13T00:14:42.516+0000] {dag.py:3490} INFO - Setting next_dagrun for 6-XCom to 2023-05-01T00:00:00+00:00, run_after=2023-05-02T00:00:00+00:00
[2026-09-13T00:14:42.545+0000] {processor.py:178} INFO - Processing /opt/airflow/dags/6_xcoms.py took 0.206 seconds
[2026-09-13T00:15:12.646+0000] {processor.py:156} INFO - Started process (PID=159200) to work on /opt/airflow/dags/6_xcoms.py
[2026-09-13T00:15:12.651+0000] {processor.py:799} INFO - Processing file /opt/airflow/dags/6_xcoms.py for tasks to queue
[2026-09-13T00:15:12.655+0000] {logging_mixin.py:149} INFO - [2026-09-13T00:15:12.654+0000] {dagbag.py:541} INFO - Filling up the DagBag from /opt/airflow/dags/6_xcoms.py
[2026-09-13T00:15:12.700+0000] {processor.py:809} INFO - DAG(s) dict_keys(['6-XCom']) retrieved from /opt/airflow/dags/6_xcoms.py
[2026-09-13T00:15:12.796+0000] {logging_mixin.py:149} INFO - [2026-09-13T00:15:12.796+0000] {dag.py:2726} INFO - Sync 1 DAGs
[2026-09-13T00:15:12.871+0000] {logging_mixin.py:149} INFO - [2026-09-13T00:15:12.871+0000] {dag.py:3490} INFO - Setting next_dagrun for 6-XCom to 2023-05-01T00:00:00+00:00, run_after=2023-05-02T00:00:00+00:00
[2026-09-13T00:15:12.926+0000] {processor.py:178} INFO - Processing /opt/airflow/dags/6_xcoms.py took 0.296 seconds
[2026-09-13T00:15:43.041+0000] {processor.py:156} INFO - Started process (PID=159214) to work on /opt/airflow/dags/6_xcoms.py
[2026-09-13T00:15:43.044+0000] {processor.py:799} INFO - Processing file /opt/airflow/dags/6_xcoms.py for tasks to queue
[2026-09-13T00:15:43.046+0000] {logging_mixin.py:149} INFO - [2026-09-13T00:15:43.045+0000] {dagbag.py:541} INFO - Filling up the DagBag from /opt/airflow/dags/6_xcoms.py
[2026-09-13T00:15:43.082+0000] {processor.py:809} INFO - DAG(s) dict_keys(['6-XCom']) retrieved from /opt/airflow/dags/6_xcoms.py
[2026-09-13T00:15:43.166+0000] {logging_mixin.py:149} INFO - [2026-09-13T00:15:43.166+0000] {dag.py:2726} INFO - Sync 1 DAGs
[2026-09-13T00:15:43.235+0000] {logging_mixin.py:149} INFO - [2026-09-13T00:15:43.235+0000] {dag.py:3490} INFO - Setting next_dagrun for 6-XCom to 2023-05-01T00:00:00+00:00, run_after=2023-05-02T00:00:00+00:00
[2026-09-13T00:15:43.291+0000] {processor.py:178} INFO - Processing /opt/airflow/dags/6_xcoms.py took 0.259 seconds
[2026-09-13T00:16:13.439+0000] {processor.py:156} INFO - Started process (PID=159227) to work on /opt/airflow/dags/6_xcoms.py
[2026-09-13T00:16:13.442+0000] {processor.py:799} INFO - Processing file /opt/airflow/dags/6_xcoms.py for tasks to queue
[2026-09-13T00:16:13.444+0000] {logging_mixin.py:149} INFO - [2026-09-13T00:16:13.444+0000] {dagbag.py:541} INFO - Filling up the DagBag from /opt/airflow/dags/6_xcoms.py
[2026-09-13T00:16:13.487+0000] {processor.py:809} INFO - DAG(s) dict_keys(['6-XCom']) retrieved from /opt/airflow/dags/6_xcoms.py
[2026-09-13T00:16:13.578+0000] {logging_mixin.py:149} INFO - [2026-09-13T00:16:13.578+0000] {dag.py:2726} INFO - Sync 1 DAGs
[2026-09-13T00:16:13.651+0000] {logging_mixin.py:149} INFO - [2026-09-13T00:16:13.651+0000] {dag.py:3490} INFO - Setting next_dagrun for 6-XCom to 2023-05-01T00:00:00+00:00, run_after=2023-05-02T00:00:00+00:00
[2026-09-13T00:16:13.709+0000] {processor.py:178} INFO - Processing /opt/airflow/dags/6_xcoms.py took 0.278 seconds
[2026-09-13T00:16:43.944+0000] {processor.py:156} INFO - Started process (PID=159240) to work on /opt/airflow/dags/6_xcoms.py
[2026-09-13T00:16:43.946+0000] {processor.py:799} INFO - Processing file /opt/airflow/dags/6_xcoms.py for tasks to queue
[2026-09-13T00:16:43.966+0000] {logging_mixin.py:149} INFO - [2026-09-13T00:16:43.955+0000] {dagbag.py:541} INFO - Filling up the DagBag from /opt/airflow/dags/6_xcoms.py
[2026-09-13T00:16:43.989+0000] {processor.py:809} INFO - DAG(s) dict_keys(['6-XCom']) retrieved from /opt/airflow/dags/6_xcoms.py
[2026-09-13T00:16:44.041+0000] {logging_mixin.py:149} INFO - [2026-09-13T00:16:44.041+0000] {dag.py:2726} INFO - Sync 1 DAGs
[2026-09-13T00:16:44.082+0000] {logging_mixin.py:149} INFO - [2026-09-13T00:16:44.082+0000] {dag.py:3490} INFO - Setting next_dagrun for 6-XCom to 2023-05-01T00:00:00+00:00, run_after=2023-05-02T00:00:00+00:00
[2026-09-13T00:16:44.113+0000] {processor.py:178} INFO - Processing /opt/airflow/dags/6_xcoms.py took 0.196 seconds
[2026-09-13T00:17:14.380+0000] {processor.py:156} INFO - Started process (PID=159254) to work on /opt/airflow/dags/6_xcoms.py
[2026-09-13T00:17:14.383+0000] {processor.py:799} INFO - Processing file /opt/airflow/dags/6_xcoms.py for tasks to queue
[2026-09-13T00:17:14.384+0000] {logging_mixin.py:149} INFO - [2026-09-13T00:17:14.383+0000] {dagbag.py:541} INFO - Filling up the DagBag from /opt/airflow/dags/6_xcoms.py
[2026-09-13T00:17:14.402+0000] {processor.py:809} INFO - DAG(s) dict_keys(['6-XCom']) retrieved from /opt/airflow/dags/6_xcoms.py
[2026-09-13T00:17:14.447+0000] {logging_mixin.py:149} INFO - [2026-09-13T00:17:14.446+0000] {dag.py:2726} INFO - Sync 1 DAGs
[2026-09-13T00:17:14.482+0000] {logging_mixin.py:149} INFO - [2026-09-13T00:17:14.481+0000] {dag.py:3490} INFO - Setting next_dagrun for 6-XCom to 2023-05-01T00:00:00+00:00, run_after=2023-05-02T00:00:00+00:00
[2026-09-13T00:17:14.507+0000] {processor.py:178} INFO - Processing /opt/airflow/dags/6_xcoms.py took 0.157 seconds
[2026-09-13T00:17:44.656+0000] {processor.py:156} INFO - Started process (PID=159268) to work on /opt/airflow/dags/6_xcoms.py
[2026-09-13T00:17:44.659+0000] {processor.py:799} INFO - Processing file /opt/airflow/dags/6_xcoms.py for tasks to queue
[2026-09-13T00:17:44.660+0000] {logging_mixin.py:149} INFO - [2026-09-13T00:17:44.660+0000] {dagbag.py:541} INFO - Filling up the DagBag from /opt/airflow/dags/6_xcoms.py
[2026-09-13T00:17:44.689+0000] {processor.py:809} INFO - DAG(s) dict_keys(['6-XCom']) retrieved from /opt/airflow/dags/6_xcoms.py
[2026-09-13T00:17:44.770+0000] {logging_mixin.py:149} INFO - [2026-09-13T00:17:44.770+0000] {dag.py:2726} INFO - Sync 1 DAGs
[2026-09-13T00:17:44.821+0000] {logging_mixin.py:149} INFO - [2026-09-13T00:17:44.821+0000] {dag.py:3490} INFO - Setting next_dagrun for 6-XCom to 2023-05-01T00:00:00+00:00, run_after=2023-05-02T00:00:00+00:00
[2026-09-13T00:17:44.874+0000] {processor.py:178} INFO - Processing /opt/airflow/dags/6_xcoms.py took 0.226 seconds
[2026-09-13T00:18:14.975+0000] {processor.py:156} INFO - Started process (PID=159281) to work on /opt/airflow/dags/6_xcoms.py
[2026-09-13T00:18:14.983+0000] {processor.py:799} INFO - Processing file /opt/airflow/dags/6_xcoms.py for tasks to queue
[2026-09-13T00:18:14.985+0000] {logging_mixin.py:149} INFO - [2026-09-13T00:18:14.985+0000] {dagbag.py:541} INFO - Filling up the DagBag from /opt/airflow/dags/6_xcoms.py
[2026-09-13T00:18:15.024+0000] {processor.py:809} INFO - DAG(s) dict_keys(['6-XCom']) retrieved from /opt/airflow/dags/6_xcoms.py
[2026-09-13T00:18:15.114+0000] {logging_mixin.py:149} INFO - [2026-09-13T00:18:15.113+0000] {dag.py:2726} INFO - Sync 1 DAGs
[2026-09-13T00:18:15.195+0000] {logging_mixin.py:149} INFO - [2026-09-13T00:18:15.195+0000] {dag.py:3490} INFO - Setting next_dagrun for 6-XCom to 2023-05-01T00:00:00+00:00, run_after=2023-05-02T00:00:00+00:00
[2026-09-13T00:18:15.278+0000] {processor.py:178} INFO - Processing /opt/airflow/dags/6_xcoms.py took 0.315 seconds
[2026-09-13T00:18:45.388+0000] {processor.py:156} INFO - Started process (PID=159295) to work on /opt/airflow/dags/6_xcoms.py
[2026-09-13T00:18:45.391+0000] {processor.py:799} INFO - Processing file /opt/airflow/dags/6_xcoms.py for tasks to queue
[2026-09-13T00:18:45.396+0000] {logging_mixin.py:149} INFO - [2026-09-13T00:18:45.395+0000] {dagbag.py:541} INFO - Filling up the DagBag from /opt/airflow/dags/6_xcoms.py
[2026-09-13T00:18:45.426+0000] {processor.py:809} INFO - DAG(s) dict_keys(['6-XCom']) retrieved from /opt/airflow/dags/6_xcoms.py
[2026-09-13T00:18:45.523+0000] {logging_mixin.py:149} INFO - [2026-09-13T00:18:45.522+0000] {dag.py:2726} INFO - Sync 1 DAGs
[2026-09-13T00:18:45.605+0000] {logging_mixin.py:149} INFO - [2026-09-13T00:18:45.604+0000] {dag.py:3490} INFO - Setting next_dagrun for 6-XCom to 2023-05-01T00:00:00+00:00, run_after=2023-05-02T00:00:00+00:00
[2026-09-13T00:18:45.663+0000] {processor.py:178} INFO - Processing /opt/airflow/dags/6_xcoms.py took 0.287 seconds
[2026-09-13T00:19:15.821+0000] {processor.py:156} INFO - Started process (PID=159309) to work on /opt/airflow/dags/6_xcoms.py
[2026-09-13T00:19:15.825+0000] {processor.py:799} INFO - Processing file /opt/airflow/dags/6_xcoms.py for tasks to queue
[2026-09-13T00:19:15.827+0000] {logging_mixin.py:149} INFO - [2026-09-13T00:19:15.827+0000] {dagbag.py:541} INFO - Filling up the DagBag from /opt/airflow/dags/6_xcoms.py
[2026-09-13T00:19:15.860+0000] {processor.py:809} INFO - DAG(s) dict_keys(['6-XCom']) retrieved from /opt/airflow/dags/6_xcoms.py
[2026-09-13T00:19:15.945+0000] {logging_mixin.py:149} INFO - [2026-09-13T00:19:15.945+0000] {dag.py:2726} INFO - Sync 1 DAGs
[2026-09-13T00:19:15.996+0000] {logging_mixin.py:149} INFO - [2026-09-13T00:19:15.996+0000] {dag.py:3490} INFO - Setting next_dagrun for 6-XCom to 2023-05-01T00:00:00+00:00, run_after=2023-05-02T00:00:00+00:00
[2026-09-13T00:19:16.026+0000] {processor.py:178} INFO - Processing /opt/airflow/dags/6_xcoms.py took 0.215 seconds
[2026-09-13T00:19:46.232+0000] {processor.py:156} INFO - Started process (PID=159324) to work on /opt/airflow/dags/6_xcoms.py
[2026-09-13T00:19:46.234+0000] {processor.py:799} INFO - Processing file /opt/airflow/dags/6_xcoms.py for tasks to queue
[2026-09-13T00:19:46.237+0000] {logging_mixin.py:149} INFO - [2026-09-13T00:19:46.237+0000] {dagbag.py:541} INFO - Filling up the DagBag from /opt/airflow/dags/6_xcoms.py
[2026-09-13T00:19:46.266+0000] {processor.py:809} INFO - DAG(s) dict_keys(['6-XCom']) retrieved from /opt/airflow/dags/6_xcoms.py
[2026-09-13T00:19:46.365+0000] {logging_mixin.py:149} INFO - [2026-09-13T00:19:46.365+0000] {dag.py:2726} INFO - Sync 1 DAGs
[2026-09-13T00:19:46.430+0000] {logging_mixin.py:149} INFO - [2026-09-13T00:19:46.430+0000] {dag.py:3490} INFO - Setting next_dagrun for 6-XCom to 2023-05-01T00:00:00+00:00, run_after=2023-05-02T00:00:00+00:00
[2026-09-13T00:19:46.481+0000] {processor.py:178} INFO - Processing /opt/airflow/dags/6_xcoms.py took 0.259 seconds
[2026-09-13T00:20:16.617+0000] {processor.py:156} INFO - Started process (PID=159338) to work on /opt/airflow/dags/6_xcoms.py
[2026-09-13T00:20:16.619+0000] {processor.py:799} INFO - Processing file /opt/airflow/dags/6_xcoms.py for tasks to queue
[2026-09-13T00:20:16.621+0000] {logging_mixin.py:149} INFO - [2026-09-13T00:20:16.621+0000] {dagbag.py:541} INFO - Filling up the DagBag from /opt/airflow/dags/6_xcoms.py
[2026-09-13T00:20:16.657+0000] {processor.py:809} INFO - DAG(s) dict_keys(['6-XCom']) retrieved from /opt/airflow/dags/6_xcoms.py
[2026-09-13T00:20:16.745+0000] {logging_mixin.py:149} INFO - [2026-09-13T00:20:16.745+0000] {dag.py:2726} INFO - Sync 1 DAGs
[2026-09-13T00:20:16.846+0000] {logging_mixin.py:149} INFO - [2026-09-13T00:20:16.846+0000] {dag.py:3490} INFO - Setting next_dagrun for 6-XCom to 2023-05-01T00:00:00+00:00, run_after=2023-05-02T00:00:00+00:00
[2026-09-13T00:20:16.892+0000] {processor.py:178} INFO - Processing /opt/airflow/dags/6_xcoms.py took 0.288 seconds
[2026-09-13T00:20:47.015+0000] {processor.py:156} INFO - Started process (PID=159352) to work on /opt/airflow/dags/6_xcoms.py
[2026-09-13T00:20:47.026+0000] {processor.py:799} INFO - Processing file /opt/airflow/dags/6_xcoms.py for tasks to queue
[2026-09-13T00:20:47.028+0000] {logging_mixin.py:149} INFO - [2026-09-13T00:20:47.028+0000] {dagbag.py:541} INFO - Filling up the DagBag from /opt/airflow/dags/6_xcoms.py
[2026-09-13T00:20:47.069+0000] {processor.py:809} INFO - DAG(s) dict_keys(['6-XCom']) retrieved from /opt/airflow/dags/6_xcoms.py
[2026-09-13T00:20:47.158+0000] {logging_mixin.py:149} INFO - [2026-09-13T00:20:47.157+0000] {dag.py:2726} INFO - Sync 1 DAGs
[2026-09-13T00:20:47.206+0000] {logging_mixin.py:149} INFO - [2026-09-13T00:20:47.206+0000] {dag.py:3490} INFO - Setting next_dagrun for 6-XCom to 2023-05-01T00:00:00+00:00, run_after=2023-05-02T00:00:00+00:00
[2026-09-13T00:20:47.239+0000] {processor.py:178} INFO - Processing /opt/airflow/dags/6_xcoms.py took 0.236 seconds
[2026-09-13T00:21:17.457+0000] {processor.py:156} INFO - Started process (PID=159365) to work on /opt/airflow/dags/6_xcoms.py
[2026-09-13T00:21:17.459+0000] {processor.py:799} INFO - Processing file /opt/airflow/dags/6_xcoms.py for tasks to queue
[2026-09-13T00:21:17.460+0000] {logging_mixin.py:149} INFO - [2026-09-13T00:21:17.460+0000] {dagbag.py:541} INFO - Filling up the DagBag from /opt/airflow/dags/6_xcoms.py
[2026-09-13T00:21:17.482+0000] {processor.py:809} INFO - DAG(s) dict_keys(['6-XCom']) retrieved from /opt/airflow/dags/6_xcoms.py
[2026-09-13T00:21:17.560+0000] {logging_mixin.py:149} INFO - [2026-09-13T00:21:17.560+0000] {dag.py:2726} INFO - Sync 1 DAGs
[2026-09-13T00:21:17.647+0000] {logging_mixin.py:149} INFO - [2026-09-13T00:21:17.647+0000] {dag.py:3490} INFO - Setting next_dagrun for 6-XCom to 2023-05-01T00:00:00+00:00, run_after=2023-05-02T00:00:00+00:00
[2026-09-13T00:21:17.738+0000] {processor.py:178} INFO - Processing /opt/airflow/dags/6_xcoms.py took 0.286 seconds
[2026-09-13T00:21:48.057+0000] {processor.py:156} INFO - Started process (PID=159380) to work on /opt/airflow/dags/6_xcoms.py
[2026-09-13T00:21:48.065+0000] {processor.py:799} INFO - Processing file /opt/airflow/dags/6_xcoms.py for tasks to queue
[2026-09-13T00:21:48.070+0000] {logging_mixin.py:149} INFO - [2026-09-13T00:21:48.066+0000] {dagbag.py:541} INFO - Filling up the DagBag from /opt/airflow/dags/6_xcoms.py
[2026-09-13T00:21:48.106+0000] {processor.py:809} INFO - DAG(s) dict_keys(['6-XCom']) retrieved from /opt/airflow/dags/6_xcoms.py
[2026-09-13T00:21:48.202+0000] {logging_mixin.py:149} INFO - [2026-09-13T00:21:48.202+0000] {dag.py:2726} INFO - Sync 1 DAGs
[2026-09-13T00:21:48.281+0000] {logging_mixin.py:149} INFO - [2026-09-13T00:21:48.280+0000] {dag.py:3490} INFO - Setting next_dagrun for 6-XCom to 2023-05-01T00:00:00+00:00, run_after=2023-05-02T00:00:00+00:00
[2026-09-13T00:21:48.334+0000] {processor.py:178} INFO - Processing /opt/airflow/dags/6_xcoms.py took 0.294 seconds
[2026-09-13T00:22:18.524+0000] {processor.py:156} INFO - Started process (PID=159394) to work on /opt/airflow/dags/6_xcoms.py
[2026-09-13T00:22:18.527+0000] {processor.py:799} INFO - Processing file /opt/airflow/dags/6_xcoms.py for tasks to queue
[2026-09-13T00:22:18.529+0000] {logging_mixin.py:149} INFO - [2026-09-13T00:22:18.528+0000] {dagbag.py:541} INFO - Filling up the DagBag from /opt/airflow/dags/6_xcoms.py
[2026-09-13T00:22:18.561+0000] {processor.py:809} INFO - DAG(s) dict_keys(['6-XCom']) retrieved from /opt/airflow/dags/6_xcoms.py
[2026-09-13T00:22:18.644+0000] {logging_mixin.py:149} INFO - [2026-09-13T00:22:18.644+0000] {dag.py:2726} INFO - Sync 1 DAGs
[2026-09-13T00:22:18.691+0000] {logging_mixin.py:149} INFO - [2026-09-13T00:22:18.691+0000] {dag.py:3490} INFO - Setting next_dagrun for 6-XCom to 2023-05-01T00:00:00+00:00, run_after=2023-05-02T00:00:00+00:00
[2026-09-13T00:22:18.716+0000] {processor.py:178} INFO - Processing /opt/airflow/dags/6_xcoms.py took 0.204 seconds
[2026-09-13T00:22:48.891+0000] {processor.py:156} INFO - Started process (PID=159408) to work on /opt/airflow/dags/6_xcoms.py
[2026-09-13T00:22:48.894+0000] {processor.py:799} INFO - Processing file /opt/airflow/dags/6_xcoms.py for tasks to queue
[2026-09-13T00:22:48.896+0000] {logging_mixin.py:149} INFO - [2026-09-13T00:22:48.896+0000] {dagbag.py:541} INFO - Filling up the DagBag from /opt/airflow/dags/6_xcoms.py
[2026-09-13T00:22:48.925+0000] {processor.py:809} INFO - DAG(s) dict_keys(['6-XCom']) retrieved from /opt/airflow/dags/6_xcoms.py
[2026-09-13T00:22:49.023+0000] {logging_mixin.py:149} INFO - [2026-09-13T00:22:49.023+0000] {dag.py:2726} INFO - Sync 1 DAGs
[2026-09-13T00:22:49.115+0000] {logging_mixin.py:149} INFO - [2026-09-13T00:22:49.114+0000] {dag.py:3490} INFO - Setting next_dagrun for 6-XCom to 2023-05-01T00:00:00+00:00, run_after=2023-05-02T00:00:00+00:00
[2026-09-13T00:22:49.208+0000] {processor.py:178} INFO - Processing /opt/airflow/dags/6_xcoms.py took 0.328 seconds
[2026-09-13T00:23:19.573+0000] {processor.py:156} INFO - Started process (PID=159422) to work on /opt/airflow/dags/6_xcoms.py
[2026-09-13T00:23:19.575+0000] {processor.py:799} INFO - Processing file /opt/airflow/dags/6_xcoms.py for tasks to queue
[2026-09-13T00:23:19.577+0000] {logging_mixin.py:149} INFO - [2026-09-13T00:23:19.577+0000] {dagbag.py:541} INFO - Filling up the DagBag from /opt/airflow/dags/6_xcoms.py
[2026-09-13T00:23:19.613+0000] {processor.py:809} INFO - DAG(s) dict_keys(['6-XCom']) retrieved from /opt/airflow/dags/6_xcoms.py
[2026-09-13T00:23:19.700+0000] {logging_mixin.py:149} INFO - [2026-09-13T00:23:19.699+0000] {dag.py:2726} INFO - Sync 1 DAGs
[2026-09-13T00:23:19.751+0000] {logging_mixin.py:149} INFO - [2026-09-13T00:23:19.751+0000] {dag.py:3490} INFO - Setting next_dagrun for 6-XCom to 2023-05-01T00:00:00+00:00, run_after=2023-05-02T00:00:00+00:00
[2026-09-13T00:23:19.787+0000] {processor.py:178} INFO - Processing /opt/airflow/dags/6_xcoms.py took 0.225 seconds
[2026-09-13T00:23:50.329+0000] {processor.py:156} INFO - Started process (PID=159436) to work on /opt/airflow/dags/6_xcoms.py
[2026-09-13T00:23:50.332+0000] {processor.py:799} INFO - Processing file /opt/airflow/dags/6_xcoms.py for tasks to queue
[2026-09-13T00:23:50.333+0000] {logging_mixin.py:149} INFO - [2026-09-13T00:23:50.333+0000] {dagbag.py:541} INFO - Filling up the DagBag from /opt/airflow/dags/6_xcoms.py
[2026-09-13T00:23:50.359+0000] {processor.py:809} INFO - DAG(s) dict_keys(['6-XCom']) retrieved from /opt/airflow/dags/6_xcoms.py
[2026-09-13T00:23:50.413+0000] {logging_mixin.py:149} INFO - [2026-09-13T00:23:50.412+0000] {dag.py:2726} INFO - Sync 1 DAGs
[2026-09-13T00:23:50.448+0000] {logging_mixin.py:149} INFO - [2026-09-13T00:23:50.448+0000] {dag.py:3490} INFO - Setting next_dagrun for 6-XCom to 2023-05-01T00:00:00+00:00, run_after=2023-05-02T00:00:00+00:00
[2026-09-13T00:23:50.698+0000] {processor.py:178} INFO - Processing /opt/airflow/dags/6_xcoms.py took 0.389 seconds
[2026-09-13T00:24:20.950+0000] {processor.py:156} INFO - Started process (PID=159450) to work on /opt/airflow/dags/6_xcoms.py
[2026-09-13T00:24:20.954+0000] {processor.py:799} INFO - Processing file /opt/airflow/dags/6_xcoms.py for tasks to queue
[2026-09-13T00:24:20.956+0000] {logging_mixin.py:149} INFO - [2026-09-13T00:24:20.956+0000] {dagbag.py:541} INFO - Filling up the DagBag from /opt/airflow/dags/6_xcoms.py
[2026-09-13T00:24:21.026+0000] {processor.py:809} INFO - DAG(s) dict_keys(['6-XCom']) retrieved from /opt/airflow/dags/6_xcoms.py
[2026-09-13T00:24:21.133+0000] {logging_mixin.py:149} INFO - [2026-09-13T00:24:21.133+0000] {dag.py:2726} INFO - Sync 1 DAGs
[2026-09-13T00:24:21.204+0000] {logging_mixin.py:149} INFO - [2026-09-13T00:24:21.203+0000] {dag.py:3490} INFO - Setting next_dagrun for 6-XCom to 2023-05-01T00:00:00+00:00, run_after=2023-05-02T00:00:00+00:00
[2026-09-13T00:24:21.245+0000] {processor.py:178} INFO - Processing /opt/airflow/dags/6_xcoms.py took 0.306 seconds
[2026-09-13T00:24:51.483+0000] {processor.py:156} INFO - Started process (PID=159464) to work on /opt/airflow/dags/6_xcoms.py
[2026-09-13T00:24:51.490+0000] {processor.py:799} INFO - Processing file /opt/airflow/dags/6_xcoms.py for tasks to queue
[2026-09-13T00:24:51.493+0000] {logging_mixin.py:149} INFO - [2026-09-13T00:24:51.493+0000] {dagbag.py:541} INFO - Filling up the DagBag from /opt/airflow/dags/6_xcoms.py
[2026-09-13T00:24:51.534+0000] {processor.py:809} INFO - DAG(s) dict_keys(['6-XCom']) retrieved from /opt/airflow/dags/6_xcoms.py
[2026-09-13T00:24:51.601+0000] {logging_mixin.py:149} INFO - [2026-09-13T00:24:51.601+0000] {dag.py:2726} INFO - Sync 1 DAGs
[2026-09-13T00:24:51.642+0000] {logging_mixin.py:149} INFO - [2026-09-13T00:24:51.641+0000] {dag.py:3490} INFO - Setting next_dagrun for 6-XCom to 2023-05-01T00:00:00+00:00, run_after=2023-05-02T00:00:00+00:00
[2026-09-13T00:24:51.686+0000] {processor.py:178} INFO - Processing /opt/airflow/dags/6_xcoms.py took 0.213 seconds
[2026-09-13T00:25:21.922+0000] {processor.py:156} INFO - Started process (PID=159478) to work on /opt/airflow/dags/6_xcoms.py
[2026-09-13T00:25:21.924+0000] {processor.py:799} INFO - Processing file /opt/airflow/dags/6_xcoms.py for tasks to queue
[2026-09-13T00:25:21.926+0000] {logging_mixin.py:149} INFO - [2026-09-13T00:25:21.926+0000] {dagbag.py:541} INFO - Filling up the DagBag from /opt/airflow/dags/6_xcoms.py
[2026-09-13T00:25:21.945+0000] {processor.py:809} INFO - DAG(s) dict_keys(['6-XCom']) retrieved from /opt/airflow/dags/6_xcoms.py
[2026-09-13T00:25:22.017+0000] {logging_mixin.py:149} INFO - [2026-09-13T00:25:22.017+0000] {dag.py:2726} INFO - Sync 1 DAGs
[2026-09-13T00:25:22.096+0000] {logging_mixin.py:149} INFO - [2026-09-13T00:25:22.095+0000] {dag.py:3490} INFO - Setting next_dagrun for 6-XCom to 2023-05-01T00:00:00+00:00, run_after=2023-05-02T00:00:00+00:00
[2026-09-13T00:25:22.135+0000] {processor.py:178} INFO - Processing /opt/airflow/dags/6_xcoms.py took 0.219 seconds
[2026-09-13T00:25:52.366+0000] {processor.py:156} INFO - Started process (PID=159492) to work on /opt/airflow/dags/6_xcoms.py
[2026-09-13T00:25:52.381+0000] {processor.py:799} INFO - Processing file /opt/airflow/dags/6_xcoms.py for tasks to queue
[2026-09-13T00:25:52.383+0000] {logging_mixin.py:149} INFO - [2026-09-13T00:25:52.382+0000] {dagbag.py:541} INFO - Filling up the DagBag from /opt/airflow/dags/6_xcoms.py
[2026-09-13T00:25:52.431+0000] {processor.py:809} INFO - DAG(s) dict_keys(['6-XCom']) retrieved from /opt/airflow/dags/6_xcoms.py
[2026-09-13T00:25:52.555+0000] {logging_mixin.py:149} INFO - [2026-09-13T00:25:52.555+0000] {dag.py:2726} INFO - Sync 1 DAGs
[2026-09-13T00:25:52.617+0000] {logging_mixin.py:149} INFO - [2026-09-13T00:25:52.617+0000] {dag.py:3490} INFO - Setting next_dagrun for 6-XCom to 2023-05-01T00:00:00+00:00, run_after=2023-05-02T00:00:00+00:00
[2026-09-13T00:25:52.647+0000] {processor.py:178} INFO - Processing /opt/airflow/dags/6_xcoms.py took 0.292 seconds
[2026-09-13T00:26:22.809+0000] {processor.py:156} INFO - Started process (PID=159506) to work on /opt/airflow/dags/6_xcoms.py
[2026-09-13T00:26:22.812+0000] {processor.py:799} INFO - Processing file /opt/airflow/dags/6_xcoms.py for tasks to queue
[2026-09-13T00:26:22.813+0000] {logging_mixin.py:149} INFO - [2026-09-13T00:26:22.813+0000] {dagbag.py:541} INFO - Filling up the DagBag from /opt/airflow/dags/6_xcoms.py
[2026-09-13T00:26:22.840+0000] {processor.py:809} INFO - DAG(s) dict_keys(['6-XCom']) retrieved from /opt/airflow/dags/6_xcoms.py
[2026-09-13T00:26:22.912+0000] {logging_mixin.py:149} INFO - [2026-09-13T00:26:22.911+0000] {dag.py:2726} INFO - Sync 1 DAGs
[2026-09-13T00:26:22.992+0000] {logging_mixin.py:149} INFO - [2026-09-13T00:26:22.992+0000] {dag.py:3490} INFO - Setting next_dagrun for 6-XCom to 2023-05-01T00:00:00+00:00, run_after=2023-05-02T00:00:00+00:00
[2026-09-13T00:26:23.070+0000] {processor.py:178} INFO - Processing /opt/airflow/dags/6_xcoms.py took 0.268 seconds
[2026-09-13T00:26:53.528+0000] {processor.py:156} INFO - Started process (PID=159521) to work on /opt/airflow/dags/6_xcoms.py
[2026-09-13T00:26:53.533+0000] {processor.py:799} INFO - Processing file /opt/airflow/dags/6_xcoms.py for tasks to queue
[2026-09-13T00:26:53.534+0000] {logging_mixin.py:149} INFO - [2026-09-13T00:26:53.534+0000] {dagbag.py:541} INFO - Filling up the DagBag from /opt/airflow/dags/6_xcoms.py
[2026-09-13T00:26:53.570+0000] {processor.py:809} INFO - DAG(s) dict_keys(['6-XCom']) retrieved from /opt/airflow/dags/6_xcoms.py
[2026-09-13T00:26:53.651+0000] {logging_mixin.py:149} INFO - [2026-09-13T00:26:53.651+0000] {dag.py:2726} INFO - Sync 1 DAGs
[2026-09-13T00:26:53.706+0000] {logging_mixin.py:149} INFO - [2026-09-13T00:26:53.705+0000] {dag.py:3490} INFO - Setting next_dagrun for 6-XCom to 2023-05-01T00:00:00+00:00, run_after=2023-05-02T00:00:00+00:00
[2026-09-13T00:26:53.956+0000] {processor.py:178} INFO - Processing /opt/airflow/dags/6_xcoms.py took 0.436 seconds
[2026-09-13T00:27:24.496+0000] {processor.py:156} INFO - Started process (PID=159535) to work on /opt/airflow/dags/6_xcoms.py
[2026-09-13T00:27:24.500+0000] {processor.py:799} INFO - Processing file /opt/airflow/dags/6_xcoms.py for tasks to queue
[2026-09-13T00:27:24.502+0000] {logging_mixin.py:149} INFO - [2026-09-13T00:27:24.501+0000] {dagbag.py:541} INFO - Filling up the DagBag from /opt/airflow/dags/6_xcoms.py
[2026-09-13T00:27:24.538+0000] {processor.py:809} INFO - DAG(s) dict_keys(['6-XCom']) retrieved from /opt/airflow/dags/6_xcoms.py
[2026-09-13T00:27:24.632+0000] {logging_mixin.py:149} INFO - [2026-09-13T00:27:24.631+0000] {dag.py:2726} INFO - Sync 1 DAGs
[2026-09-13T00:27:24.704+0000] {logging_mixin.py:149} INFO - [2026-09-13T00:27:24.704+0000] {dag.py:3490} INFO - Setting next_dagrun for 6-XCom to 2023-05-01T00:00:00+00:00, run_after=2023-05-02T00:00:00+00:00
[2026-09-13T00:27:24.758+0000] {processor.py:178} INFO - Processing /opt/airflow/dags/6_xcoms.py took 0.272 seconds
[2026-09-13T00:27:55.052+0000] {processor.py:156} INFO - Started process (PID=159549) to work on /opt/airflow/dags/6_xcoms.py
[2026-09-13T00:27:55.059+0000] {processor.py:799} INFO - Processing file /opt/airflow/dags/6_xcoms.py for tasks to queue
[2026-09-13T00:27:55.060+0000] {logging_mixin.py:149} INFO - [2026-09-13T00:27:55.060+0000] {dagbag.py:541} INFO - Filling up the DagBag from /opt/airflow/dags/6_xcoms.py
[2026-09-13T00:27:55.097+0000] {processor.py:809} INFO - DAG(s) dict_keys(['6-XCom']) retrieved from /opt/airflow/dags/6_xcoms.py
[2026-09-13T00:27:55.164+0000] {logging_mixin.py:149} INFO - [2026-09-13T00:27:55.163+0000] {dag.py:2726} INFO - Sync 1 DAGs
[2026-09-13T00:27:55.205+0000] {logging_mixin.py:149} INFO - [2026-09-13T00:27:55.204+0000] {dag.py:3490} INFO - Setting next_dagrun for 6-XCom to 2023-05-01T00:00:00+00:00, run_after=2023-05-02T00:00:00+00:00
[2026-09-13T00:27:55.251+0000] {processor.py:178} INFO - Processing /opt/airflow/dags/6_xcoms.py took 0.209 seconds
[2026-09-13T00:28:25.376+0000] {processor.py:156} INFO - Started process (PID=159562) to work on /opt/airflow/dags/6_xcoms.py
[2026-09-13T00:28:25.386+0000] {processor.py:799} INFO - Processing file /opt/airflow/dags/6_xcoms.py for tasks to queue
[2026-09-13T00:28:25.388+0000] {logging_mixin.py:149} INFO - [2026-09-13T00:28:25.388+0000] {dagbag.py:541} INFO - Filling up the DagBag from /opt/airflow/dags/6_xcoms.py
[2026-09-13T00:28:25.429+0000] {processor.py:809} INFO - DAG(s) dict_keys(['6-XCom']) retrieved from /opt/airflow/dags/6_xcoms.py
[2026-09-13T00:28:25.520+0000] {logging_mixin.py:149} INFO - [2026-09-13T00:28:25.520+0000] {dag.py:2726} INFO - Sync 1 DAGs
[2026-09-13T00:28:25.583+0000] {logging_mixin.py:149} INFO - [2026-09-13T00:28:25.583+0000] {dag.py:3490} INFO - Setting next_dagrun for 6-XCom to 2023-05-01T00:00:00+00:00, run_after=2023-05-02T00:00:00+00:00
[2026-09-13T00:28:25.655+0000] {processor.py:178} INFO - Processing /opt/airflow/dags/6_xcoms.py took 0.291 seconds
[2026-09-13T00:28:55.729+0000] {processor.py:156} INFO - Started process (PID=159576) to work on /opt/airflow/dags/6_xcoms.py
[2026-09-13T00:28:55.733+0000] {processor.py:799} INFO - Processing file /opt/airflow/dags/6_xcoms.py for tasks to queue
[2026-09-13T00:28:55.735+0000] {logging_mixin.py:149} INFO - [2026-09-13T00:28:55.735+0000] {dagbag.py:541} INFO - Filling up the DagBag from /opt/airflow/dags/6_xcoms.py
[2026-09-13T00:28:55.777+0000] {processor.py:809} INFO - DAG(s) dict_keys(['6-XCom']) retrieved from /opt/airflow/dags/6_xcoms.py
[2026-09-13T00:28:55.868+0000] {logging_mixin.py:149} INFO - [2026-09-13T00:28:55.867+0000] {dag.py:2726} INFO - Sync 1 DAGs
[2026-09-13T00:28:55.929+0000] {logging_mixin.py:149} INFO - [2026-09-13T00:28:55.929+0000] {dag.py:3490} INFO - Setting next_dagrun for 6-XCom to 2023-05-01T00:00:00+00:00, run_after=2023-05-02T00:00:00+00:00
[2026-09-13T00:28:55.995+0000] {processor.py:178} INFO - Processing /opt/airflow/dags/6_xcoms.py took 0.277 seconds
[2026-09-13T00:29:26.165+0000] {processor.py:156} INFO - Started process (PID=159590) to work on /opt/airflow/dags/6_xcoms.py
[2026-09-13T00:29:26.169+0000] {processor.py:799} INFO - Processing file /opt/airflow/dags/6_xcoms.py for tasks to queue
[2026-09-13T00:29:26.171+0000] {logging_mixin.py:149} INFO - [2026-09-13T00:29:26.171+0000] {dagbag.py:541} INFO - Filling up the DagBag from /opt/airflow/dags/6_xcoms.py
[2026-09-13T00:29:26.207+0000] {processor.py:809} INFO - DAG(s) dict_keys(['6-XCom']) retrieved from /opt/airflow/dags/6_xcoms.py
[2026-09-13T00:29:26.296+0000] {logging_mixin.py:149} INFO - [2026-09-13T00:29:26.295+0000] {dag.py:2726} INFO - Sync 1 DAGs
[2026-09-13T00:29:26.386+0000] {logging_mixin.py:149} INFO - [2026-09-13T00:29:26.386+0000] {dag.py:3490} INFO - Setting next_dagrun for 6-XCom to 2023-05-01T00:00:00+00:00, run_after=2023-05-02T00:00:00+00:00
[2026-09-13T00:29:26.726+0000] {processor.py:178} INFO - Processing /opt/airflow/dags/6_xcoms.py took 0.571 seconds
[2026-09-13T00:29:57.186+0000] {processor.py:156} INFO - Started process (PID=159605) to work on /opt/airflow/dags/6_xcoms.py
[2026-09-13T00:29:57.189+0000] {processor.py:799} INFO - Processing file /opt/airflow/dags/6_xcoms.py for tasks to queue
[2026-09-13T00:29:57.192+0000] {logging_mixin.py:149} INFO - [2026-09-13T00:29:57.191+0000] {dagbag.py:541} INFO - Filling up the DagBag from /opt/airflow/dags/6_xcoms.py
[2026-09-13T00:29:57.227+0000] {processor.py:809} INFO - DAG(s) dict_keys(['6-XCom']) retrieved from /opt/airflow/dags/6_xcoms.py
[2026-09-13T00:29:57.318+0000] {logging_mixin.py:149} INFO - [2026-09-13T00:29:57.318+0000] {dag.py:2726} INFO - Sync 1 DAGs
[2026-09-13T00:29:57.406+0000] {logging_mixin.py:149} INFO - [2026-09-13T00:29:57.405+0000] {dag.py:3490} INFO - Setting next_dagrun for 6-XCom to 2023-05-01T00:00:00+00:00, run_after=2023-05-02T00:00:00+00:00
[2026-09-13T00:29:57.481+0000] {processor.py:178} INFO - Processing /opt/airflow/dags/6_xcoms.py took 0.305 seconds
[2026-09-13T00:30:27.691+0000] {processor.py:156} INFO - Started process (PID=159619) to work on /opt/airflow/dags/6_xcoms.py
[2026-09-13T00:30:27.694+0000] {processor.py:799} INFO - Processing file /opt/airflow/dags/6_xcoms.py for tasks to queue
[2026-09-13T00:30:27.696+0000] {logging_mixin.py:149} INFO - [2026-09-13T00:30:27.696+0000] {dagbag.py:541} INFO - Filling up the DagBag from /opt/airflow/dags/6_xcoms.py
[2026-09-13T00:30:27.732+0000] {processor.py:809} INFO - DAG(s) dict_keys(['6-XCom']) retrieved from /opt/airflow/dags/6_xcoms.py
[2026-09-13T00:30:27.828+0000] {logging_mixin.py:149} INFO - [2026-09-13T00:30:27.828+0000] {dag.py:2726} INFO - Sync 1 DAGs
[2026-09-13T00:30:27.894+0000] {logging_mixin.py:149} INFO - [2026-09-13T00:30:27.893+0000] {dag.py:3490} INFO - Setting next_dagrun for 6-XCom to 2023-05-01T00:00:00+00:00, run_after=2023-05-02T00:00:00+00:00
[2026-09-13T00:30:27.956+0000] {processor.py:178} INFO - Processing /opt/airflow/dags/6_xcoms.py took 0.275 seconds
[2026-09-13T00:30:58.190+0000] {processor.py:156} INFO - Started process (PID=159634) to work on /opt/airflow/dags/6_xcoms.py
[2026-09-13T00:30:58.194+0000] {processor.py:799} INFO - Processing file /opt/airflow/dags/6_xcoms.py for tasks to queue
[2026-09-13T00:30:58.196+0000] {logging_mixin.py:149} INFO - [2026-09-13T00:30:58.195+0000] {dagbag.py:541} INFO - Filling up the DagBag from /opt/airflow/dags/6_xcoms.py
[2026-09-13T00:30:58.231+0000] {processor.py:809} INFO - DAG(s) dict_keys(['6-XCom']) retrieved from /opt/airflow/dags/6_xcoms.py
[2026-09-13T00:30:58.327+0000] {logging_mixin.py:149} INFO - [2026-09-13T00:30:58.327+0000] {dag.py:2726} INFO - Sync 1 DAGs
[2026-09-13T00:30:58.400+0000] {logging_mixin.py:149} INFO - [2026-09-13T00:30:58.399+0000] {dag.py:3490} INFO - Setting next_dagrun for 6-XCom to 2023-05-01T00:00:00+00:00, run_after=2023-05-02T00:00:00+00:00
[2026-09-13T00:30:58.481+0000] {processor.py:178} INFO - Processing /opt/airflow/dags/6_xcoms.py took 0.302 seconds
[2026-09-13T00:31:28.714+0000] {processor.py:156} INFO - Started process (PID=159648) to work on /opt/airflow/dags/6_xcoms.py
[2026-09-13T00:31:28.716+0000] {processor.py:799} INFO - Processing file /opt/airflow/dags/6_xcoms.py for tasks to queue
[2026-09-13T00:31:28.717+0000] {logging_mixin.py:149} INFO - [2026-09-13T00:31:28.717+0000] {dagbag.py:541} INFO - Filling up the DagBag from /opt/airflow/dags/6_xcoms.py
[2026-09-13T00:31:28.736+0000] {processor.py:809} INFO - DAG(s) dict_keys(['6-XCom']) retrieved from /opt/airflow/dags/6_xcoms.py
[2026-09-13T00:31:28.809+0000] {logging_mixin.py:149} INFO - [2026-09-13T00:31:28.808+0000] {dag.py:2726} INFO - Sync 1 DAGs
[2026-09-13T00:31:28.856+0000] {logging_mixin.py:149} INFO - [2026-09-13T00:31:28.856+0000] {dag.py:3490} INFO - Setting next_dagrun for 6-XCom to 2023-05-01T00:00:00+00:00, run_after=2023-05-02T00:00:00+00:00
[2026-09-13T00:31:28.889+0000] {processor.py:178} INFO - Processing /opt/airflow/dags/6_xcoms.py took 0.180 seconds
[2026-09-13T00:31:59.096+0000] {processor.py:156} INFO - Started process (PID=159662) to work on /opt/airflow/dags/6_xcoms.py
[2026-09-13T00:31:59.105+0000] {processor.py:799} INFO - Processing file /opt/airflow/dags/6_xcoms.py for tasks to queue
[2026-09-13T00:31:59.107+0000] {logging_mixin.py:149} INFO - [2026-09-13T00:31:59.107+0000] {dagbag.py:541} INFO - Filling up the DagBag from /opt/airflow/dags/6_xcoms.py
[2026-09-13T00:31:59.146+0000] {processor.py:809} INFO - DAG(s) dict_keys(['6-XCom']) retrieved from /opt/airflow/dags/6_xcoms.py
[2026-09-13T00:31:59.227+0000] {logging_mixin.py:149} INFO - [2026-09-13T00:31:59.226+0000] {dag.py:2726} INFO - Sync 1 DAGs
[2026-09-13T00:31:59.309+0000] {logging_mixin.py:149} INFO - [2026-09-13T00:31:59.308+0000] {dag.py:3490} INFO - Setting next_dagrun for 6-XCom to 2023-05-01T00:00:00+00:00, run_after=2023-05-02T00:00:00+00:00
[2026-09-13T00:31:59.390+0000] {processor.py:178} INFO - Processing /opt/airflow/dags/6_xcoms.py took 0.306 seconds
[2026-09-13T00:32:29.741+0000] {processor.py:156} INFO - Started process (PID=159675) to work on /opt/airflow/dags/6_xcoms.py
[2026-09-13T00:32:29.745+0000] {processor.py:799} INFO - Processing file /opt/airflow/dags/6_xcoms.py for tasks to queue
[2026-09-13T00:32:29.747+0000] {logging_mixin.py:149} INFO - [2026-09-13T00:32:29.747+0000] {dagbag.py:541} INFO - Filling up the DagBag from /opt/airflow/dags/6_xcoms.py
[2026-09-13T00:32:29.783+0000] {processor.py:809} INFO - DAG(s) dict_keys(['6-XCom']) retrieved from /opt/airflow/dags/6_xcoms.py
[2026-09-13T00:32:29.840+0000] {logging_mixin.py:149} INFO - [2026-09-13T00:32:29.840+0000] {dag.py:2726} INFO - Sync 1 DAGs
[2026-09-13T00:32:30.084+0000] {logging_mixin.py:149} INFO - [2026-09-13T00:32:30.084+0000] {dag.py:3490} INFO - Setting next_dagrun for 6-XCom to 2023-05-01T00:00:00+00:00, run_after=2023-05-02T00:00:00+00:00
[2026-09-13T00:32:30.110+0000] {processor.py:178} INFO - Processing /opt/airflow/dags/6_xcoms.py took 0.381 seconds
[2026-09-13T00:33:00.909+0000] {processor.py:156} INFO - Started process (PID=159689) to work on /opt/airflow/dags/6_xcoms.py
[2026-09-13T00:33:00.915+0000] {processor.py:799} INFO - Processing file /opt/airflow/dags/6_xcoms.py for tasks to queue
[2026-09-13T00:33:00.917+0000] {logging_mixin.py:149} INFO - [2026-09-13T00:33:00.916+0000] {dagbag.py:541} INFO - Filling up the DagBag from /opt/airflow/dags/6_xcoms.py
[2026-09-13T00:33:00.951+0000] {processor.py:809} INFO - DAG(s) dict_keys(['6-XCom']) retrieved from /opt/airflow/dags/6_xcoms.py
[2026-09-13T00:33:01.041+0000] {logging_mixin.py:149} INFO - [2026-09-13T00:33:01.041+0000] {dag.py:2726} INFO - Sync 1 DAGs
[2026-09-13T00:33:01.093+0000] {logging_mixin.py:149} INFO - [2026-09-13T00:33:01.093+0000] {dag.py:3490} INFO - Setting next_dagrun for 6-XCom to 2023-05-01T00:00:00+00:00, run_after=2023-05-02T00:00:00+00:00
[2026-09-13T00:33:01.128+0000] {processor.py:178} INFO - Processing /opt/airflow/dags/6_xcoms.py took 0.231 seconds
[2026-09-13T00:33:31.238+0000] {processor.py:156} INFO - Started process (PID=159703) to work on /opt/airflow/dags/6_xcoms.py
[2026-09-13T00:33:31.241+0000] {processor.py:799} INFO - Processing file /opt/airflow/dags/6_xcoms.py for tasks to queue
[2026-09-13T00:33:31.243+0000] {logging_mixin.py:149} INFO - [2026-09-13T00:33:31.243+0000] {dagbag.py:541} INFO - Filling up the DagBag from /opt/airflow/dags/6_xcoms.py
[2026-09-13T00:33:31.279+0000] {processor.py:809} INFO - DAG(s) dict_keys(['6-XCom']) retrieved from /opt/airflow/dags/6_xcoms.py
[2026-09-13T00:33:31.348+0000] {logging_mixin.py:149} INFO - [2026-09-13T00:33:31.347+0000] {dag.py:2726} INFO - Sync 1 DAGs
[2026-09-13T00:33:31.417+0000] {logging_mixin.py:149} INFO - [2026-09-13T00:33:31.417+0000] {dag.py:3490} INFO - Setting next_dagrun for 6-XCom to 2023-05-01T00:00:00+00:00, run_after=2023-05-02T00:00:00+00:00
[2026-09-13T00:33:31.474+0000] {processor.py:178} INFO - Processing /opt/airflow/dags/6_xcoms.py took 0.248 seconds
[2026-09-13T00:34:01.684+0000] {processor.py:156} INFO - Started process (PID=159717) to work on /opt/airflow/dags/6_xcoms.py
[2026-09-13T00:34:01.692+0000] {processor.py:799} INFO - Processing file /opt/airflow/dags/6_xcoms.py for tasks to queue
[2026-09-13T00:34:01.693+0000] {logging_mixin.py:149} INFO - [2026-09-13T00:34:01.693+0000] {dagbag.py:541} INFO - Filling up the DagBag from /opt/airflow/dags/6_xcoms.py
[2026-09-13T00:34:01.734+0000] {processor.py:809} INFO - DAG(s) dict_keys(['6-XCom']) retrieved from /opt/airflow/dags/6_xcoms.py
[2026-09-13T00:34:01.833+0000] {logging_mixin.py:149} INFO - [2026-09-13T00:34:01.832+0000] {dag.py:2726} INFO - Sync 1 DAGs
[2026-09-13T00:34:01.905+0000] {logging_mixin.py:149} INFO - [2026-09-13T00:34:01.905+0000] {dag.py:3490} INFO - Setting next_dagrun for 6-XCom to 2023-05-01T00:00:00+00:00, run_after=2023-05-02T00:00:00+00:00
[2026-09-13T00:34:01.963+0000] {processor.py:178} INFO - Processing /opt/airflow/dags/6_xcoms.py took 0.290 seconds
[2026-09-13T00:34:32.199+0000] {processor.py:156} INFO - Started process (PID=159732) to work on /opt/airflow/dags/6_xcoms.py
[2026-09-13T00:34:32.209+0000] {processor.py:799} INFO - Processing file /opt/airflow/dags/6_xcoms.py for tasks to queue
[2026-09-13T00:34:32.211+0000] {logging_mixin.py:149} INFO - [2026-09-13T00:34:32.211+0000] {dagbag.py:541} INFO - Filling up the DagBag from /opt/airflow/dags/6_xcoms.py
[2026-09-13T00:34:32.250+0000] {processor.py:809} INFO - DAG(s) dict_keys(['6-XCom']) retrieved from /opt/airflow/dags/6_xcoms.py
[2026-09-13T00:34:32.311+0000] {logging_mixin.py:149} INFO - [2026-09-13T00:34:32.311+0000] {dag.py:2726} INFO - Sync 1 DAGs
[2026-09-13T00:34:32.354+0000] {logging_mixin.py:149} INFO - [2026-09-13T00:34:32.354+0000] {dag.py:3490} INFO - Setting next_dagrun for 6-XCom to 2023-05-01T00:00:00+00:00, run_after=2023-05-02T00:00:00+00:00
[2026-09-13T00:34:32.442+0000] {processor.py:178} INFO - Processing /opt/airflow/dags/6_xcoms.py took 0.251 seconds
[2026-09-13T00:35:02.596+0000] {processor.py:156} INFO - Started process (PID=159747) to work on /opt/airflow/dags/6_xcoms.py
[2026-09-13T00:35:02.599+0000] {processor.py:799} INFO - Processing file /opt/airflow/dags/6_xcoms.py for tasks to queue
[2026-09-13T00:35:02.604+0000] {logging_mixin.py:149} INFO - [2026-09-13T00:35:02.603+0000] {dagbag.py:541} INFO - Filling up the DagBag from /opt/airflow/dags/6_xcoms.py
[2026-09-13T00:35:02.637+0000] {processor.py:809} INFO - DAG(s) dict_keys(['6-XCom']) retrieved from /opt/airflow/dags/6_xcoms.py
[2026-09-13T00:35:02.728+0000] {logging_mixin.py:149} INFO - [2026-09-13T00:35:02.728+0000] {dag.py:2726} INFO - Sync 1 DAGs
[2026-09-13T00:35:02.801+0000] {logging_mixin.py:149} INFO - [2026-09-13T00:35:02.801+0000] {dag.py:3490} INFO - Setting next_dagrun for 6-XCom to 2023-05-01T00:00:00+00:00, run_after=2023-05-02T00:00:00+00:00
[2026-09-13T00:35:03.208+0000] {processor.py:178} INFO - Processing /opt/airflow/dags/6_xcoms.py took 0.623 seconds
[2026-09-13T00:35:33.650+0000] {processor.py:156} INFO - Started process (PID=159761) to work on /opt/airflow/dags/6_xcoms.py
[2026-09-13T00:35:33.655+0000] {processor.py:799} INFO - Processing file /opt/airflow/dags/6_xcoms.py for tasks to queue
[2026-09-13T00:35:33.657+0000] {logging_mixin.py:149} INFO - [2026-09-13T00:35:33.657+0000] {dagbag.py:541} INFO - Filling up the DagBag from /opt/airflow/dags/6_xcoms.py
[2026-09-13T00:35:33.698+0000] {processor.py:809} INFO - DAG(s) dict_keys(['6-XCom']) retrieved from /opt/airflow/dags/6_xcoms.py
[2026-09-13T00:35:33.796+0000] {logging_mixin.py:149} INFO - [2026-09-13T00:35:33.796+0000] {dag.py:2726} INFO - Sync 1 DAGs
[2026-09-13T00:35:33.902+0000] {logging_mixin.py:149} INFO - [2026-09-13T00:35:33.902+0000] {dag.py:3490} INFO - Setting next_dagrun for 6-XCom to 2023-05-01T00:00:00+00:00, run_after=2023-05-02T00:00:00+00:00
[2026-09-13T00:35:34.002+0000] {processor.py:178} INFO - Processing /opt/airflow/dags/6_xcoms.py took 0.362 seconds
[2026-09-13T00:36:04.323+0000] {processor.py:156} INFO - Started process (PID=159782) to work on /opt/airflow/dags/6_xcoms.py
[2026-09-13T00:36:04.328+0000] {processor.py:799} INFO - Processing file /opt/airflow/dags/6_xcoms.py for tasks to queue
[2026-09-13T00:36:04.330+0000] {logging_mixin.py:149} INFO - [2026-09-13T00:36:04.330+0000] {dagbag.py:541} INFO - Filling up the DagBag from /opt/airflow/dags/6_xcoms.py
[2026-09-13T00:36:04.362+0000] {processor.py:809} INFO - DAG(s) dict_keys(['6-XCom']) retrieved from /opt/airflow/dags/6_xcoms.py
[2026-09-13T00:36:04.425+0000] {logging_mixin.py:149} INFO - [2026-09-13T00:36:04.425+0000] {dag.py:2726} INFO - Sync 1 DAGs
[2026-09-13T00:36:04.492+0000] {logging_mixin.py:149} INFO - [2026-09-13T00:36:04.491+0000] {dag.py:3490} INFO - Setting next_dagrun for 6-XCom to 2023-05-01T00:00:00+00:00, run_after=2023-05-02T00:00:00+00:00
[2026-09-13T00:36:04.597+0000] {processor.py:178} INFO - Processing /opt/airflow/dags/6_xcoms.py took 0.296 seconds
[2026-09-13T00:36:34.720+0000] {processor.py:156} INFO - Started process (PID=159797) to work on /opt/airflow/dags/6_xcoms.py
[2026-09-13T00:36:34.723+0000] {processor.py:799} INFO - Processing file /opt/airflow/dags/6_xcoms.py for tasks to queue
[2026-09-13T00:36:34.726+0000] {logging_mixin.py:149} INFO - [2026-09-13T00:36:34.725+0000] {dagbag.py:541} INFO - Filling up the DagBag from /opt/airflow/dags/6_xcoms.py
[2026-09-13T00:36:34.772+0000] {processor.py:809} INFO - DAG(s) dict_keys(['6-XCom']) retrieved from /opt/airflow/dags/6_xcoms.py
[2026-09-13T00:36:34.862+0000] {logging_mixin.py:149} INFO - [2026-09-13T00:36:34.861+0000] {dag.py:2726} INFO - Sync 1 DAGs
[2026-09-13T00:36:34.944+0000] {logging_mixin.py:149} INFO - [2026-09-13T00:36:34.943+0000] {dag.py:3490} INFO - Setting next_dagrun for 6-XCom to 2023-05-01T00:00:00+00:00, run_after=2023-05-02T00:00:00+00:00
[2026-09-13T00:36:35.010+0000] {processor.py:178} INFO - Processing /opt/airflow/dags/6_xcoms.py took 0.299 seconds
[2026-09-13T00:37:05.148+0000] {processor.py:156} INFO - Started process (PID=159812) to work on /opt/airflow/dags/6_xcoms.py
[2026-09-13T00:37:05.156+0000] {processor.py:799} INFO - Processing file /opt/airflow/dags/6_xcoms.py for tasks to queue
[2026-09-13T00:37:05.158+0000] {logging_mixin.py:149} INFO - [2026-09-13T00:37:05.157+0000] {dagbag.py:541} INFO - Filling up the DagBag from /opt/airflow/dags/6_xcoms.py
[2026-09-13T00:37:05.193+0000] {processor.py:809} INFO - DAG(s) dict_keys(['6-XCom']) retrieved from /opt/airflow/dags/6_xcoms.py
[2026-09-13T00:37:05.256+0000] {logging_mixin.py:149} INFO - [2026-09-13T00:37:05.255+0000] {dag.py:2726} INFO - Sync 1 DAGs
[2026-09-13T00:37:05.310+0000] {logging_mixin.py:149} INFO - [2026-09-13T00:37:05.309+0000] {dag.py:3490} INFO - Setting next_dagrun for 6-XCom to 2023-05-01T00:00:00+00:00, run_after=2023-05-02T00:00:00+00:00
[2026-09-13T00:37:05.356+0000] {processor.py:178} INFO - Processing /opt/airflow/dags/6_xcoms.py took 0.217 seconds
[2026-09-13T00:37:35.484+0000] {processor.py:156} INFO - Started process (PID=159826) to work on /opt/airflow/dags/6_xcoms.py
[2026-09-13T00:37:35.488+0000] {processor.py:799} INFO - Processing file /opt/airflow/dags/6_xcoms.py for tasks to queue
[2026-09-13T00:37:35.490+0000] {logging_mixin.py:149} INFO - [2026-09-13T00:37:35.489+0000] {dagbag.py:541} INFO - Filling up the DagBag from /opt/airflow/dags/6_xcoms.py
[2026-09-13T00:37:35.526+0000] {processor.py:809} INFO - DAG(s) dict_keys(['6-XCom']) retrieved from /opt/airflow/dags/6_xcoms.py
[2026-09-13T00:37:35.636+0000] {logging_mixin.py:149} INFO - [2026-09-13T00:37:35.636+0000] {dag.py:2726} INFO - Sync 1 DAGs
[2026-09-13T00:37:35.704+0000] {logging_mixin.py:149} INFO - [2026-09-13T00:37:35.703+0000] {dag.py:3490} INFO - Setting next_dagrun for 6-XCom to 2023-05-01T00:00:00+00:00, run_after=2023-05-02T00:00:00+00:00
[2026-09-13T00:37:36.036+0000] {processor.py:178} INFO - Processing /opt/airflow/dags/6_xcoms.py took 0.566 seconds
[2026-09-13T00:38:06.446+0000] {processor.py:156} INFO - Started process (PID=159840) to work on /opt/airflow/dags/6_xcoms.py
[2026-09-13T00:38:06.449+0000] {processor.py:799} INFO - Processing file /opt/airflow/dags/6_xcoms.py for tasks to queue
[2026-09-13T00:38:06.451+0000] {logging_mixin.py:149} INFO - [2026-09-13T00:38:06.451+0000] {dagbag.py:541} INFO - Filling up the DagBag from /opt/airflow/dags/6_xcoms.py
[2026-09-13T00:38:06.501+0000] {processor.py:809} INFO - DAG(s) dict_keys(['6-XCom']) retrieved from /opt/airflow/dags/6_xcoms.py
[2026-09-13T00:38:06.610+0000] {logging_mixin.py:149} INFO - [2026-09-13T00:38:06.610+0000] {dag.py:2726} INFO - Sync 1 DAGs
[2026-09-13T00:38:06.667+0000] {logging_mixin.py:149} INFO - [2026-09-13T00:38:06.666+0000] {dag.py:3490} INFO - Setting next_dagrun for 6-XCom to 2023-05-01T00:00:00+00:00, run_after=2023-05-02T00:00:00+00:00
[2026-09-13T00:38:06.719+0000] {processor.py:178} INFO - Processing /opt/airflow/dags/6_xcoms.py took 0.286 seconds
[2026-09-13T00:38:37.009+0000] {processor.py:156} INFO - Started process (PID=159854) to work on /opt/airflow/dags/6_xcoms.py
[2026-09-13T00:38:37.013+0000] {processor.py:799} INFO - Processing file /opt/airflow/dags/6_xcoms.py for tasks to queue
[2026-09-13T00:38:37.015+0000] {logging_mixin.py:149} INFO - [2026-09-13T00:38:37.015+0000] {dagbag.py:541} INFO - Filling up the DagBag from /opt/airflow/dags/6_xcoms.py
[2026-09-13T00:38:37.055+0000] {processor.py:809} INFO - DAG(s) dict_keys(['6-XCom']) retrieved from /opt/airflow/dags/6_xcoms.py
[2026-09-13T00:38:37.148+0000] {logging_mixin.py:149} INFO - [2026-09-13T00:38:37.147+0000] {dag.py:2726} INFO - Sync 1 DAGs
[2026-09-13T00:38:37.213+0000] {logging_mixin.py:149} INFO - [2026-09-13T00:38:37.212+0000] {dag.py:3490} INFO - Setting next_dagrun for 6-XCom to 2023-05-01T00:00:00+00:00, run_after=2023-05-02T00:00:00+00:00
[2026-09-13T00:38:37.285+0000] {processor.py:178} INFO - Processing /opt/airflow/dags/6_xcoms.py took 0.287 seconds
[2026-09-13T00:39:07.946+0000] {processor.py:156} INFO - Started process (PID=159868) to work on /opt/airflow/dags/6_xcoms.py
[2026-09-13T00:39:07.948+0000] {processor.py:799} INFO - Processing file /opt/airflow/dags/6_xcoms.py for tasks to queue
[2026-09-13T00:39:07.949+0000] {logging_mixin.py:149} INFO - [2026-09-13T00:39:07.949+0000] {dagbag.py:541} INFO - Filling up the DagBag from /opt/airflow/dags/6_xcoms.py
[2026-09-13T00:39:07.977+0000] {processor.py:809} INFO - DAG(s) dict_keys(['6-XCom']) retrieved from /opt/airflow/dags/6_xcoms.py
[2026-09-13T00:39:08.029+0000] {logging_mixin.py:149} INFO - [2026-09-13T00:39:08.028+0000] {dag.py:2726} INFO - Sync 1 DAGs
[2026-09-13T00:39:08.080+0000] {logging_mixin.py:149} INFO - [2026-09-13T00:39:08.079+0000] {dag.py:3490} INFO - Setting next_dagrun for 6-XCom to 2023-05-01T00:00:00+00:00, run_after=2023-05-02T00:00:00+00:00
[2026-09-13T00:39:08.107+0000] {processor.py:178} INFO - Processing /opt/airflow/dags/6_xcoms.py took 0.168 seconds
[2026-09-13T00:39:38.927+0000] {processor.py:156} INFO - Started process (PID=159882) to work on /opt/airflow/dags/6_xcoms.py
[2026-09-13T00:39:38.929+0000] {processor.py:799} INFO - Processing file /opt/airflow/dags/6_xcoms.py for tasks to queue
[2026-09-13T00:39:38.930+0000] {logging_mixin.py:149} INFO - [2026-09-13T00:39:38.930+0000] {dagbag.py:541} INFO - Filling up the DagBag from /opt/airflow/dags/6_xcoms.py
[2026-09-13T00:39:38.949+0000] {processor.py:809} INFO - DAG(s) dict_keys(['6-XCom']) retrieved from /opt/airflow/dags/6_xcoms.py
[2026-09-13T00:39:38.995+0000] {logging_mixin.py:149} INFO - [2026-09-13T00:39:38.995+0000] {dag.py:2726} INFO - Sync 1 DAGs
[2026-09-13T00:39:39.062+0000] {logging_mixin.py:149} INFO - [2026-09-13T00:39:39.061+0000] {dag.py:3490} INFO - Setting next_dagrun for 6-XCom to 2023-05-01T00:00:00+00:00, run_after=2023-05-02T00:00:00+00:00
[2026-09-13T00:39:39.132+0000] {processor.py:178} INFO - Processing /opt/airflow/dags/6_xcoms.py took 0.210 seconds
[2026-09-13T00:40:09.305+0000] {processor.py:156} INFO - Started process (PID=159896) to work on /opt/airflow/dags/6_xcoms.py
[2026-09-13T00:40:09.311+0000] {processor.py:799} INFO - Processing file /opt/airflow/dags/6_xcoms.py for tasks to queue
[2026-09-13T00:40:09.312+0000] {logging_mixin.py:149} INFO - [2026-09-13T00:40:09.312+0000] {dagbag.py:541} INFO - Filling up the DagBag from /opt/airflow/dags/6_xcoms.py
[2026-09-13T00:40:09.350+0000] {processor.py:809} INFO - DAG(s) dict_keys(['6-XCom']) retrieved from /opt/airflow/dags/6_xcoms.py
[2026-09-13T00:40:09.438+0000] {logging_mixin.py:149} INFO - [2026-09-13T00:40:09.438+0000] {dag.py:2726} INFO - Sync 1 DAGs
[2026-09-13T00:40:09.497+0000] {logging_mixin.py:149} INFO - [2026-09-13T00:40:09.497+0000] {dag.py:3490} INFO - Setting next_dagrun for 6-XCom to 2023-05-01T00:00:00+00:00, run_after=2023-05-02T00:00:00+00:00
[2026-09-13T00:40:09.570+0000] {processor.py:178} INFO - Processing /opt/airflow/dags/6_xcoms.py took 0.275 seconds
[2026-09-13T00:40:39.980+0000] {processor.py:156} INFO - Started process (PID=159909) to work on /opt/airflow/dags/6_xcoms.py
[2026-09-13T00:40:39.984+0000] {processor.py:799} INFO - Processing file /opt/airflow/dags/6_xcoms.py for tasks to queue
[2026-09-13T00:40:39.987+0000] {logging_mixin.py:149} INFO - [2026-09-13T00:40:39.986+0000] {dagbag.py:541} INFO - Filling up the DagBag from /opt/airflow/dags/6_xcoms.py
[2026-09-13T00:40:40.024+0000] {processor.py:809} INFO - DAG(s) dict_keys(['6-XCom']) retrieved from /opt/airflow/dags/6_xcoms.py
[2026-09-13T00:40:40.118+0000] {logging_mixin.py:149} INFO - [2026-09-13T00:40:40.118+0000] {dag.py:2726} INFO - Sync 1 DAGs
[2026-09-13T00:40:40.378+0000] {logging_mixin.py:149} INFO - [2026-09-13T00:40:40.378+0000] {dag.py:3490} INFO - Setting next_dagrun for 6-XCom to 2023-05-01T00:00:00+00:00, run_after=2023-05-02T00:00:00+00:00
[2026-09-13T00:40:40.418+0000] {processor.py:178} INFO - Processing /opt/airflow/dags/6_xcoms.py took 0.450 seconds
[2026-09-13T00:41:10.595+0000] {processor.py:156} INFO - Started process (PID=159923) to work on /opt/airflow/dags/6_xcoms.py
[2026-09-13T00:41:10.598+0000] {processor.py:799} INFO - Processing file /opt/airflow/dags/6_xcoms.py for tasks to queue
[2026-09-13T00:41:10.600+0000] {logging_mixin.py:149} INFO - [2026-09-13T00:41:10.600+0000] {dagbag.py:541} INFO - Filling up the DagBag from /opt/airflow/dags/6_xcoms.py
[2026-09-13T00:41:10.638+0000] {processor.py:809} INFO - DAG(s) dict_keys(['6-XCom']) retrieved from /opt/airflow/dags/6_xcoms.py
[2026-09-13T00:41:10.728+0000] {logging_mixin.py:149} INFO - [2026-09-13T00:41:10.728+0000] {dag.py:2726} INFO - Sync 1 DAGs
[2026-09-13T00:41:10.799+0000] {logging_mixin.py:149} INFO - [2026-09-13T00:41:10.798+0000] {dag.py:3490} INFO - Setting next_dagrun for 6-XCom to 2023-05-01T00:00:00+00:00, run_after=2023-05-02T00:00:00+00:00
[2026-09-13T00:41:10.843+0000] {processor.py:178} INFO - Processing /opt/airflow/dags/6_xcoms.py took 0.259 seconds
[2026-09-13T00:41:41.055+0000] {processor.py:156} INFO - Started process (PID=159937) to work on /opt/airflow/dags/6_xcoms.py
[2026-09-13T00:41:41.063+0000] {processor.py:799} INFO - Processing file /opt/airflow/dags/6_xcoms.py for tasks to queue
[2026-09-13T00:41:41.065+0000] {logging_mixin.py:149} INFO - [2026-09-13T00:41:41.065+0000] {dagbag.py:541} INFO - Filling up the DagBag from /opt/airflow/dags/6_xcoms.py
[2026-09-13T00:41:41.103+0000] {processor.py:809} INFO - DAG(s) dict_keys(['6-XCom']) retrieved from /opt/airflow/dags/6_xcoms.py
[2026-09-13T00:41:41.211+0000] {logging_mixin.py:149} INFO - [2026-09-13T00:41:41.211+0000] {dag.py:2726} INFO - Sync 1 DAGs
[2026-09-13T00:41:41.297+0000] {logging_mixin.py:149} INFO - [2026-09-13T00:41:41.297+0000] {dag.py:3490} INFO - Setting next_dagrun for 6-XCom to 2023-05-01T00:00:00+00:00, run_after=2023-05-02T00:00:00+00:00
[2026-09-13T00:41:41.353+0000] {processor.py:178} INFO - Processing /opt/airflow/dags/6_xcoms.py took 0.311 seconds
[2026-09-13T00:42:11.521+0000] {processor.py:156} INFO - Started process (PID=159950) to work on /opt/airflow/dags/6_xcoms.py
[2026-09-13T00:42:11.525+0000] {processor.py:799} INFO - Processing file /opt/airflow/dags/6_xcoms.py for tasks to queue
[2026-09-13T00:42:11.527+0000] {logging_mixin.py:149} INFO - [2026-09-13T00:42:11.527+0000] {dagbag.py:541} INFO - Filling up the DagBag from /opt/airflow/dags/6_xcoms.py
[2026-09-13T00:42:11.576+0000] {processor.py:809} INFO - DAG(s) dict_keys(['6-XCom']) retrieved from /opt/airflow/dags/6_xcoms.py
[2026-09-13T00:42:11.666+0000] {logging_mixin.py:149} INFO - [2026-09-13T00:42:11.666+0000] {dag.py:2726} INFO - Sync 1 DAGs
[2026-09-13T00:42:11.740+0000] {logging_mixin.py:149} INFO - [2026-09-13T00:42:11.739+0000] {dag.py:3490} INFO - Setting next_dagrun for 6-XCom to 2023-05-01T00:00:00+00:00, run_after=2023-05-02T00:00:00+00:00
[2026-09-13T00:42:11.798+0000] {processor.py:178} INFO - Processing /opt/airflow/dags/6_xcoms.py took 0.291 seconds
[2026-09-13T00:42:42.006+0000] {processor.py:156} INFO - Started process (PID=159965) to work on /opt/airflow/dags/6_xcoms.py
[2026-09-13T00:42:42.009+0000] {processor.py:799} INFO - Processing file /opt/airflow/dags/6_xcoms.py for tasks to queue
[2026-09-13T00:42:42.011+0000] {logging_mixin.py:149} INFO - [2026-09-13T00:42:42.010+0000] {dagbag.py:541} INFO - Filling up the DagBag from /opt/airflow/dags/6_xcoms.py
[2026-09-13T00:42:42.039+0000] {processor.py:809} INFO - DAG(s) dict_keys(['6-XCom']) retrieved from /opt/airflow/dags/6_xcoms.py
[2026-09-13T00:42:42.128+0000] {logging_mixin.py:149} INFO - [2026-09-13T00:42:42.127+0000] {dag.py:2726} INFO - Sync 1 DAGs
[2026-09-13T00:42:42.180+0000] {logging_mixin.py:149} INFO - [2026-09-13T00:42:42.180+0000] {dag.py:3490} INFO - Setting next_dagrun for 6-XCom to 2023-05-01T00:00:00+00:00, run_after=2023-05-02T00:00:00+00:00
[2026-09-13T00:42:42.210+0000] {processor.py:178} INFO - Processing /opt/airflow/dags/6_xcoms.py took 0.217 seconds
[2026-09-13T00:43:12.457+0000] {processor.py:156} INFO - Started process (PID=159980) to work on /opt/airflow/dags/6_xcoms.py
[2026-09-13T00:43:12.470+0000] {processor.py:799} INFO - Processing file /opt/airflow/dags/6_xcoms.py for tasks to queue
[2026-09-13T00:43:12.473+0000] {logging_mixin.py:149} INFO - [2026-09-13T00:43:12.473+0000] {dagbag.py:541} INFO - Filling up the DagBag from /opt/airflow/dags/6_xcoms.py
[2026-09-13T00:43:12.530+0000] {processor.py:809} INFO - DAG(s) dict_keys(['6-XCom']) retrieved from /opt/airflow/dags/6_xcoms.py
[2026-09-13T00:43:12.692+0000] {logging_mixin.py:149} INFO - [2026-09-13T00:43:12.691+0000] {dag.py:2726} INFO - Sync 1 DAGs
[2026-09-13T00:43:12.786+0000] {logging_mixin.py:149} INFO - [2026-09-13T00:43:12.781+0000] {dag.py:3490} INFO - Setting next_dagrun for 6-XCom to 2023-05-01T00:00:00+00:00, run_after=2023-05-02T00:00:00+00:00
[2026-09-13T00:43:13.113+0000] {processor.py:178} INFO - Processing /opt/airflow/dags/6_xcoms.py took 0.661 seconds
[2026-09-13T00:43:43.355+0000] {processor.py:156} INFO - Started process (PID=159995) to work on /opt/airflow/dags/6_xcoms.py
[2026-09-13T00:43:43.357+0000] {processor.py:799} INFO - Processing file /opt/airflow/dags/6_xcoms.py for tasks to queue
[2026-09-13T00:43:43.359+0000] {logging_mixin.py:149} INFO - [2026-09-13T00:43:43.358+0000] {dagbag.py:541} INFO - Filling up the DagBag from /opt/airflow/dags/6_xcoms.py
[2026-09-13T00:43:43.390+0000] {processor.py:809} INFO - DAG(s) dict_keys(['6-XCom']) retrieved from /opt/airflow/dags/6_xcoms.py
[2026-09-13T00:43:43.442+0000] {logging_mixin.py:149} INFO - [2026-09-13T00:43:43.441+0000] {dag.py:2726} INFO - Sync 1 DAGs
[2026-09-13T00:43:43.688+0000] {logging_mixin.py:149} INFO - [2026-09-13T00:43:43.688+0000] {dag.py:3490} INFO - Setting next_dagrun for 6-XCom to 2023-05-01T00:00:00+00:00, run_after=2023-05-02T00:00:00+00:00
[2026-09-13T00:43:43.715+0000] {processor.py:178} INFO - Processing /opt/airflow/dags/6_xcoms.py took 0.367 seconds
[2026-09-13T00:44:13.905+0000] {processor.py:156} INFO - Started process (PID=160009) to work on /opt/airflow/dags/6_xcoms.py
[2026-09-13T00:44:13.907+0000] {processor.py:799} INFO - Processing file /opt/airflow/dags/6_xcoms.py for tasks to queue
[2026-09-13T00:44:13.909+0000] {logging_mixin.py:149} INFO - [2026-09-13T00:44:13.908+0000] {dagbag.py:541} INFO - Filling up the DagBag from /opt/airflow/dags/6_xcoms.py
[2026-09-13T00:44:13.930+0000] {processor.py:809} INFO - DAG(s) dict_keys(['6-XCom']) retrieved from /opt/airflow/dags/6_xcoms.py
[2026-09-13T00:44:13.976+0000] {logging_mixin.py:149} INFO - [2026-09-13T00:44:13.976+0000] {dag.py:2726} INFO - Sync 1 DAGs
[2026-09-13T00:44:14.011+0000] {logging_mixin.py:149} INFO - [2026-09-13T00:44:14.010+0000] {dag.py:3490} INFO - Setting next_dagrun for 6-XCom to 2023-05-01T00:00:00+00:00, run_after=2023-05-02T00:00:00+00:00
[2026-09-13T00:44:14.035+0000] {processor.py:178} INFO - Processing /opt/airflow/dags/6_xcoms.py took 0.143 seconds
[2026-09-13T00:44:44.205+0000] {processor.py:156} INFO - Started process (PID=160023) to work on /opt/airflow/dags/6_xcoms.py
[2026-09-13T00:44:44.209+0000] {processor.py:799} INFO - Processing file /opt/airflow/dags/6_xcoms.py for tasks to queue
[2026-09-13T00:44:44.211+0000] {logging_mixin.py:149} INFO - [2026-09-13T00:44:44.211+0000] {dagbag.py:541} INFO - Filling up the DagBag from /opt/airflow/dags/6_xcoms.py
[2026-09-13T00:44:44.250+0000] {processor.py:809} INFO - DAG(s) dict_keys(['6-XCom']) retrieved from /opt/airflow/dags/6_xcoms.py
[2026-09-13T00:44:44.321+0000] {logging_mixin.py:149} INFO - [2026-09-13T00:44:44.321+0000] {dag.py:2726} INFO - Sync 1 DAGs
[2026-09-13T00:44:44.368+0000] {logging_mixin.py:149} INFO - [2026-09-13T00:44:44.368+0000] {dag.py:3490} INFO - Setting next_dagrun for 6-XCom to 2023-05-01T00:00:00+00:00, run_after=2023-05-02T00:00:00+00:00
[2026-09-13T00:44:44.403+0000] {processor.py:178} INFO - Processing /opt/airflow/dags/6_xcoms.py took 0.212 seconds
[2026-09-13T00:45:14.972+0000] {processor.py:156} INFO - Started process (PID=160039) to work on /opt/airflow/dags/6_xcoms.py
[2026-09-13T00:45:14.979+0000] {processor.py:799} INFO - Processing file /opt/airflow/dags/6_xcoms.py for tasks to queue
[2026-09-13T00:45:14.980+0000] {logging_mixin.py:149} INFO - [2026-09-13T00:45:14.980+0000] {dagbag.py:541} INFO - Filling up the DagBag from /opt/airflow/dags/6_xcoms.py
[2026-09-13T00:45:15.010+0000] {processor.py:809} INFO - DAG(s) dict_keys(['6-XCom']) retrieved from /opt/airflow/dags/6_xcoms.py
[2026-09-13T00:45:15.065+0000] {logging_mixin.py:149} INFO - [2026-09-13T00:45:15.065+0000] {dag.py:2726} INFO - Sync 1 DAGs
[2026-09-13T00:45:15.102+0000] {logging_mixin.py:149} INFO - [2026-09-13T00:45:15.102+0000] {dag.py:3490} INFO - Setting next_dagrun for 6-XCom to 2023-05-01T00:00:00+00:00, run_after=2023-05-02T00:00:00+00:00
[2026-09-13T00:45:15.127+0000] {processor.py:178} INFO - Processing /opt/airflow/dags/6_xcoms.py took 0.177 seconds
[2026-09-13T00:45:45.310+0000] {processor.py:156} INFO - Started process (PID=160053) to work on /opt/airflow/dags/6_xcoms.py
[2026-09-13T00:45:45.315+0000] {processor.py:799} INFO - Processing file /opt/airflow/dags/6_xcoms.py for tasks to queue
[2026-09-13T00:45:45.317+0000] {logging_mixin.py:149} INFO - [2026-09-13T00:45:45.316+0000] {dagbag.py:541} INFO - Filling up the DagBag from /opt/airflow/dags/6_xcoms.py
[2026-09-13T00:45:45.361+0000] {processor.py:809} INFO - DAG(s) dict_keys(['6-XCom']) retrieved from /opt/airflow/dags/6_xcoms.py
[2026-09-13T00:45:45.445+0000] {logging_mixin.py:149} INFO - [2026-09-13T00:45:45.444+0000] {dag.py:2726} INFO - Sync 1 DAGs
[2026-09-13T00:45:45.502+0000] {logging_mixin.py:149} INFO - [2026-09-13T00:45:45.502+0000] {dag.py:3490} INFO - Setting next_dagrun for 6-XCom to 2023-05-01T00:00:00+00:00, run_after=2023-05-02T00:00:00+00:00
[2026-09-13T00:45:45.541+0000] {processor.py:178} INFO - Processing /opt/airflow/dags/6_xcoms.py took 0.241 seconds
[2026-09-13T00:46:16.022+0000] {processor.py:156} INFO - Started process (PID=160067) to work on /opt/airflow/dags/6_xcoms.py
[2026-09-13T00:46:16.025+0000] {processor.py:799} INFO - Processing file /opt/airflow/dags/6_xcoms.py for tasks to queue
[2026-09-13T00:46:16.027+0000] {logging_mixin.py:149} INFO - [2026-09-13T00:46:16.027+0000] {dagbag.py:541} INFO - Filling up the DagBag from /opt/airflow/dags/6_xcoms.py
[2026-09-13T00:46:16.068+0000] {processor.py:809} INFO - DAG(s) dict_keys(['6-XCom']) retrieved from /opt/airflow/dags/6_xcoms.py
[2026-09-13T00:46:16.160+0000] {logging_mixin.py:149} INFO - [2026-09-13T00:46:16.160+0000] {dag.py:2726} INFO - Sync 1 DAGs
[2026-09-13T00:46:16.410+0000] {logging_mixin.py:149} INFO - [2026-09-13T00:46:16.409+0000] {dag.py:3490} INFO - Setting next_dagrun for 6-XCom to 2023-05-01T00:00:00+00:00, run_after=2023-05-02T00:00:00+00:00
[2026-09-13T00:46:16.438+0000] {processor.py:178} INFO - Processing /opt/airflow/dags/6_xcoms.py took 0.426 seconds
[2026-09-13T00:46:46.850+0000] {processor.py:156} INFO - Started process (PID=160081) to work on /opt/airflow/dags/6_xcoms.py
[2026-09-13T00:46:46.854+0000] {processor.py:799} INFO - Processing file /opt/airflow/dags/6_xcoms.py for tasks to queue
[2026-09-13T00:46:46.856+0000] {logging_mixin.py:149} INFO - [2026-09-13T00:46:46.855+0000] {dagbag.py:541} INFO - Filling up the DagBag from /opt/airflow/dags/6_xcoms.py
[2026-09-13T00:46:46.892+0000] {processor.py:809} INFO - DAG(s) dict_keys(['6-XCom']) retrieved from /opt/airflow/dags/6_xcoms.py
[2026-09-13T00:46:46.978+0000] {logging_mixin.py:149} INFO - [2026-09-13T00:46:46.977+0000] {dag.py:2726} INFO - Sync 1 DAGs
[2026-09-13T00:46:47.062+0000] {logging_mixin.py:149} INFO - [2026-09-13T00:46:47.061+0000] {dag.py:3490} INFO - Setting next_dagrun for 6-XCom to 2023-05-01T00:00:00+00:00, run_after=2023-05-02T00:00:00+00:00
[2026-09-13T00:46:47.138+0000] {processor.py:178} INFO - Processing /opt/airflow/dags/6_xcoms.py took 0.299 seconds
[2026-09-13T00:47:17.342+0000] {processor.py:156} INFO - Started process (PID=160095) to work on /opt/airflow/dags/6_xcoms.py
[2026-09-13T00:47:17.345+0000] {processor.py:799} INFO - Processing file /opt/airflow/dags/6_xcoms.py for tasks to queue
[2026-09-13T00:47:17.348+0000] {logging_mixin.py:149} INFO - [2026-09-13T00:47:17.348+0000] {dagbag.py:541} INFO - Filling up the DagBag from /opt/airflow/dags/6_xcoms.py
[2026-09-13T00:47:17.376+0000] {processor.py:809} INFO - DAG(s) dict_keys(['6-XCom']) retrieved from /opt/airflow/dags/6_xcoms.py
[2026-09-13T00:47:17.452+0000] {logging_mixin.py:149} INFO - [2026-09-13T00:47:17.452+0000] {dag.py:2726} INFO - Sync 1 DAGs
[2026-09-13T00:47:17.499+0000] {logging_mixin.py:149} INFO - [2026-09-13T00:47:17.499+0000] {dag.py:3490} INFO - Setting next_dagrun for 6-XCom to 2023-05-01T00:00:00+00:00, run_after=2023-05-02T00:00:00+00:00
[2026-09-13T00:47:17.539+0000] {processor.py:178} INFO - Processing /opt/airflow/dags/6_xcoms.py took 0.205 seconds
[2026-09-13T00:47:47.872+0000] {processor.py:156} INFO - Started process (PID=160110) to work on /opt/airflow/dags/6_xcoms.py
[2026-09-13T00:47:47.876+0000] {processor.py:799} INFO - Processing file /opt/airflow/dags/6_xcoms.py for tasks to queue
[2026-09-13T00:47:47.878+0000] {logging_mixin.py:149} INFO - [2026-09-13T00:47:47.877+0000] {dagbag.py:541} INFO - Filling up the DagBag from /opt/airflow/dags/6_xcoms.py
[2026-09-13T00:47:47.911+0000] {processor.py:809} INFO - DAG(s) dict_keys(['6-XCom']) retrieved from /opt/airflow/dags/6_xcoms.py
[2026-09-13T00:47:47.968+0000] {logging_mixin.py:149} INFO - [2026-09-13T00:47:47.968+0000] {dag.py:2726} INFO - Sync 1 DAGs
[2026-09-13T00:47:48.026+0000] {logging_mixin.py:149} INFO - [2026-09-13T00:47:48.025+0000] {dag.py:3490} INFO - Setting next_dagrun for 6-XCom to 2023-05-01T00:00:00+00:00, run_after=2023-05-02T00:00:00+00:00
[2026-09-13T00:47:48.088+0000] {processor.py:178} INFO - Processing /opt/airflow/dags/6_xcoms.py took 0.226 seconds
[2026-09-13T00:48:18.180+0000] {processor.py:156} INFO - Started process (PID=160124) to work on /opt/airflow/dags/6_xcoms.py
[2026-09-13T00:48:18.186+0000] {processor.py:799} INFO - Processing file /opt/airflow/dags/6_xcoms.py for tasks to queue
[2026-09-13T00:48:18.187+0000] {logging_mixin.py:149} INFO - [2026-09-13T00:48:18.187+0000] {dagbag.py:541} INFO - Filling up the DagBag from /opt/airflow/dags/6_xcoms.py
[2026-09-13T00:48:18.219+0000] {processor.py:809} INFO - DAG(s) dict_keys(['6-XCom']) retrieved from /opt/airflow/dags/6_xcoms.py
[2026-09-13T00:48:18.325+0000] {logging_mixin.py:149} INFO - [2026-09-13T00:48:18.325+0000] {dag.py:2726} INFO - Sync 1 DAGs
[2026-09-13T00:48:18.389+0000] {logging_mixin.py:149} INFO - [2026-09-13T00:48:18.388+0000] {dag.py:3490} INFO - Setting next_dagrun for 6-XCom to 2023-05-01T00:00:00+00:00, run_after=2023-05-02T00:00:00+00:00
[2026-09-13T00:48:18.426+0000] {processor.py:178} INFO - Processing /opt/airflow/dags/6_xcoms.py took 0.254 seconds
[2026-09-13T00:48:48.710+0000] {processor.py:156} INFO - Started process (PID=160138) to work on /opt/airflow/dags/6_xcoms.py
[2026-09-13T00:48:48.713+0000] {processor.py:799} INFO - Processing file /opt/airflow/dags/6_xcoms.py for tasks to queue
[2026-09-13T00:48:48.715+0000] {logging_mixin.py:149} INFO - [2026-09-13T00:48:48.715+0000] {dagbag.py:541} INFO - Filling up the DagBag from /opt/airflow/dags/6_xcoms.py
[2026-09-13T00:48:48.756+0000] {processor.py:809} INFO - DAG(s) dict_keys(['6-XCom']) retrieved from /opt/airflow/dags/6_xcoms.py
[2026-09-13T00:48:48.824+0000] {logging_mixin.py:149} INFO - [2026-09-13T00:48:48.824+0000] {dag.py:2726} INFO - Sync 1 DAGs
[2026-09-13T00:48:48.869+0000] {logging_mixin.py:149} INFO - [2026-09-13T00:48:48.869+0000] {dag.py:3490} INFO - Setting next_dagrun for 6-XCom to 2023-05-01T00:00:00+00:00, run_after=2023-05-02T00:00:00+00:00
[2026-09-13T00:48:49.178+0000] {processor.py:178} INFO - Processing /opt/airflow/dags/6_xcoms.py took 0.479 seconds
[2026-09-13T00:49:19.497+0000] {processor.py:156} INFO - Started process (PID=160152) to work on /opt/airflow/dags/6_xcoms.py
[2026-09-13T00:49:19.504+0000] {processor.py:799} INFO - Processing file /opt/airflow/dags/6_xcoms.py for tasks to queue
[2026-09-13T00:49:19.506+0000] {logging_mixin.py:149} INFO - [2026-09-13T00:49:19.505+0000] {dagbag.py:541} INFO - Filling up the DagBag from /opt/airflow/dags/6_xcoms.py
[2026-09-13T00:49:19.540+0000] {processor.py:809} INFO - DAG(s) dict_keys(['6-XCom']) retrieved from /opt/airflow/dags/6_xcoms.py
[2026-09-13T00:49:19.585+0000] {logging_mixin.py:149} INFO - [2026-09-13T00:49:19.585+0000] {dag.py:2726} INFO - Sync 1 DAGs
[2026-09-13T00:49:19.826+0000] {logging_mixin.py:149} INFO - [2026-09-13T00:49:19.825+0000] {dag.py:3490} INFO - Setting next_dagrun for 6-XCom to 2023-05-01T00:00:00+00:00, run_after=2023-05-02T00:00:00+00:00
[2026-09-13T00:49:19.849+0000] {processor.py:178} INFO - Processing /opt/airflow/dags/6_xcoms.py took 0.368 seconds
[2026-09-13T00:49:49.971+0000] {processor.py:156} INFO - Started process (PID=160165) to work on /opt/airflow/dags/6_xcoms.py
[2026-09-13T00:49:49.979+0000] {processor.py:799} INFO - Processing file /opt/airflow/dags/6_xcoms.py for tasks to queue
[2026-09-13T00:49:49.981+0000] {logging_mixin.py:149} INFO - [2026-09-13T00:49:49.980+0000] {dagbag.py:541} INFO - Filling up the DagBag from /opt/airflow/dags/6_xcoms.py
[2026-09-13T00:49:50.014+0000] {processor.py:809} INFO - DAG(s) dict_keys(['6-XCom']) retrieved from /opt/airflow/dags/6_xcoms.py
[2026-09-13T00:49:50.107+0000] {logging_mixin.py:149} INFO - [2026-09-13T00:49:50.107+0000] {dag.py:2726} INFO - Sync 1 DAGs
[2026-09-13T00:49:50.172+0000] {logging_mixin.py:149} INFO - [2026-09-13T00:49:50.172+0000] {dag.py:3490} INFO - Setting next_dagrun for 6-XCom to 2023-05-01T00:00:00+00:00, run_after=2023-05-02T00:00:00+00:00
[2026-09-13T00:49:50.232+0000] {processor.py:178} INFO - Processing /opt/airflow/dags/6_xcoms.py took 0.269 seconds
[2026-09-13T00:50:20.404+0000] {processor.py:156} INFO - Started process (PID=160179) to work on /opt/airflow/dags/6_xcoms.py
[2026-09-13T00:50:20.412+0000] {processor.py:799} INFO - Processing file /opt/airflow/dags/6_xcoms.py for tasks to queue
[2026-09-13T00:50:20.415+0000] {logging_mixin.py:149} INFO - [2026-09-13T00:50:20.414+0000] {dagbag.py:541} INFO - Filling up the DagBag from /opt/airflow/dags/6_xcoms.py
[2026-09-13T00:50:20.458+0000] {processor.py:809} INFO - DAG(s) dict_keys(['6-XCom']) retrieved from /opt/airflow/dags/6_xcoms.py
[2026-09-13T00:50:20.572+0000] {logging_mixin.py:149} INFO - [2026-09-13T00:50:20.571+0000] {dag.py:2726} INFO - Sync 1 DAGs
[2026-09-13T00:50:20.676+0000] {logging_mixin.py:149} INFO - [2026-09-13T00:50:20.675+0000] {dag.py:3490} INFO - Setting next_dagrun for 6-XCom to 2023-05-01T00:00:00+00:00, run_after=2023-05-02T00:00:00+00:00
[2026-09-13T00:50:20.718+0000] {processor.py:178} INFO - Processing /opt/airflow/dags/6_xcoms.py took 0.325 seconds
[2026-09-13T00:50:50.850+0000] {processor.py:156} INFO - Started process (PID=160194) to work on /opt/airflow/dags/6_xcoms.py
[2026-09-13T00:50:50.854+0000] {processor.py:799} INFO - Processing file /opt/airflow/dags/6_xcoms.py for tasks to queue
[2026-09-13T00:50:50.856+0000] {logging_mixin.py:149} INFO - [2026-09-13T00:50:50.855+0000] {dagbag.py:541} INFO - Filling up the DagBag from /opt/airflow/dags/6_xcoms.py
[2026-09-13T00:50:50.890+0000] {processor.py:809} INFO - DAG(s) dict_keys(['6-XCom']) retrieved from /opt/airflow/dags/6_xcoms.py
[2026-09-13T00:50:50.966+0000] {logging_mixin.py:149} INFO - [2026-09-13T00:50:50.965+0000] {dag.py:2726} INFO - Sync 1 DAGs
[2026-09-13T00:50:51.065+0000] {logging_mixin.py:149} INFO - [2026-09-13T00:50:51.064+0000] {dag.py:3490} INFO - Setting next_dagrun for 6-XCom to 2023-05-01T00:00:00+00:00, run_after=2023-05-02T00:00:00+00:00
[2026-09-13T00:50:51.167+0000] {processor.py:178} INFO - Processing /opt/airflow/dags/6_xcoms.py took 0.329 seconds
[2026-09-13T00:51:21.375+0000] {processor.py:156} INFO - Started process (PID=160209) to work on /opt/airflow/dags/6_xcoms.py
[2026-09-13T00:51:21.379+0000] {processor.py:799} INFO - Processing file /opt/airflow/dags/6_xcoms.py for tasks to queue
[2026-09-13T00:51:21.381+0000] {logging_mixin.py:149} INFO - [2026-09-13T00:51:21.381+0000] {dagbag.py:541} INFO - Filling up the DagBag from /opt/airflow/dags/6_xcoms.py
[2026-09-13T00:51:21.418+0000] {processor.py:809} INFO - DAG(s) dict_keys(['6-XCom']) retrieved from /opt/airflow/dags/6_xcoms.py
[2026-09-13T00:51:21.509+0000] {logging_mixin.py:149} INFO - [2026-09-13T00:51:21.509+0000] {dag.py:2726} INFO - Sync 1 DAGs
[2026-09-13T00:51:21.584+0000] {logging_mixin.py:149} INFO - [2026-09-13T00:51:21.583+0000] {dag.py:3490} INFO - Setting next_dagrun for 6-XCom to 2023-05-01T00:00:00+00:00, run_after=2023-05-02T00:00:00+00:00
[2026-09-13T00:51:21.651+0000] {processor.py:178} INFO - Processing /opt/airflow/dags/6_xcoms.py took 0.289 seconds
[2026-09-13T00:51:51.718+0000] {processor.py:156} INFO - Started process (PID=160223) to work on /opt/airflow/dags/6_xcoms.py
[2026-09-13T00:51:51.724+0000] {processor.py:799} INFO - Processing file /opt/airflow/dags/6_xcoms.py for tasks to queue
[2026-09-13T00:51:51.725+0000] {logging_mixin.py:149} INFO - [2026-09-13T00:51:51.724+0000] {dagbag.py:541} INFO - Filling up the DagBag from /opt/airflow/dags/6_xcoms.py
[2026-09-13T00:51:51.746+0000] {processor.py:809} INFO - DAG(s) dict_keys(['6-XCom']) retrieved from /opt/airflow/dags/6_xcoms.py
[2026-09-13T00:51:51.795+0000] {logging_mixin.py:149} INFO - [2026-09-13T00:51:51.795+0000] {dag.py:2726} INFO - Sync 1 DAGs
[2026-09-13T00:51:52.046+0000] {logging_mixin.py:149} INFO - [2026-09-13T00:51:52.046+0000] {dag.py:3490} INFO - Setting next_dagrun for 6-XCom to 2023-05-01T00:00:00+00:00, run_after=2023-05-02T00:00:00+00:00
[2026-09-13T00:51:52.087+0000] {processor.py:178} INFO - Processing /opt/airflow/dags/6_xcoms.py took 0.373 seconds
[2026-09-13T00:52:22.571+0000] {processor.py:156} INFO - Started process (PID=160237) to work on /opt/airflow/dags/6_xcoms.py
[2026-09-13T00:52:22.576+0000] {processor.py:799} INFO - Processing file /opt/airflow/dags/6_xcoms.py for tasks to queue
[2026-09-13T00:52:22.579+0000] {logging_mixin.py:149} INFO - [2026-09-13T00:52:22.578+0000] {dagbag.py:541} INFO - Filling up the DagBag from /opt/airflow/dags/6_xcoms.py
[2026-09-13T00:52:22.613+0000] {processor.py:809} INFO - DAG(s) dict_keys(['6-XCom']) retrieved from /opt/airflow/dags/6_xcoms.py
[2026-09-13T00:52:22.681+0000] {logging_mixin.py:149} INFO - [2026-09-13T00:52:22.681+0000] {dag.py:2726} INFO - Sync 1 DAGs
[2026-09-13T00:52:22.749+0000] {logging_mixin.py:149} INFO - [2026-09-13T00:52:22.749+0000] {dag.py:3490} INFO - Setting next_dagrun for 6-XCom to 2023-05-01T00:00:00+00:00, run_after=2023-05-02T00:00:00+00:00
[2026-09-13T00:52:22.790+0000] {processor.py:178} INFO - Processing /opt/airflow/dags/6_xcoms.py took 0.238 seconds
[2026-09-13T00:52:53.006+0000] {processor.py:156} INFO - Started process (PID=160251) to work on /opt/airflow/dags/6_xcoms.py
[2026-09-13T00:52:53.010+0000] {processor.py:799} INFO - Processing file /opt/airflow/dags/6_xcoms.py for tasks to queue
[2026-09-13T00:52:53.012+0000] {logging_mixin.py:149} INFO - [2026-09-13T00:52:53.011+0000] {dagbag.py:541} INFO - Filling up the DagBag from /opt/airflow/dags/6_xcoms.py
[2026-09-13T00:52:53.044+0000] {processor.py:809} INFO - DAG(s) dict_keys(['6-XCom']) retrieved from /opt/airflow/dags/6_xcoms.py
[2026-09-13T00:52:53.134+0000] {logging_mixin.py:149} INFO - [2026-09-13T00:52:53.133+0000] {dag.py:2726} INFO - Sync 1 DAGs
[2026-09-13T00:52:53.216+0000] {logging_mixin.py:149} INFO - [2026-09-13T00:52:53.216+0000] {dag.py:3490} INFO - Setting next_dagrun for 6-XCom to 2023-05-01T00:00:00+00:00, run_after=2023-05-02T00:00:00+00:00
[2026-09-13T00:52:53.294+0000] {processor.py:178} INFO - Processing /opt/airflow/dags/6_xcoms.py took 0.298 seconds
[2026-09-13T00:53:23.401+0000] {processor.py:156} INFO - Started process (PID=160265) to work on /opt/airflow/dags/6_xcoms.py
[2026-09-13T00:53:23.405+0000] {processor.py:799} INFO - Processing file /opt/airflow/dags/6_xcoms.py for tasks to queue
[2026-09-13T00:53:23.406+0000] {logging_mixin.py:149} INFO - [2026-09-13T00:53:23.406+0000] {dagbag.py:541} INFO - Filling up the DagBag from /opt/airflow/dags/6_xcoms.py
[2026-09-13T00:53:23.444+0000] {processor.py:809} INFO - DAG(s) dict_keys(['6-XCom']) retrieved from /opt/airflow/dags/6_xcoms.py
[2026-09-13T00:53:23.521+0000] {logging_mixin.py:149} INFO - [2026-09-13T00:53:23.521+0000] {dag.py:2726} INFO - Sync 1 DAGs
[2026-09-13T00:53:23.599+0000] {logging_mixin.py:149} INFO - [2026-09-13T00:53:23.599+0000] {dag.py:3490} INFO - Setting next_dagrun for 6-XCom to 2023-05-01T00:00:00+00:00, run_after=2023-05-02T00:00:00+00:00
[2026-09-13T00:53:23.669+0000] {processor.py:178} INFO - Processing /opt/airflow/dags/6_xcoms.py took 0.279 seconds
[2026-09-13T00:53:53.825+0000] {processor.py:156} INFO - Started process (PID=160280) to work on /opt/airflow/dags/6_xcoms.py
[2026-09-13T00:53:53.832+0000] {processor.py:799} INFO - Processing file /opt/airflow/dags/6_xcoms.py for tasks to queue
[2026-09-13T00:53:53.835+0000] {logging_mixin.py:149} INFO - [2026-09-13T00:53:53.834+0000] {dagbag.py:541} INFO - Filling up the DagBag from /opt/airflow/dags/6_xcoms.py
[2026-09-13T00:53:53.885+0000] {processor.py:809} INFO - DAG(s) dict_keys(['6-XCom']) retrieved from /opt/airflow/dags/6_xcoms.py
[2026-09-13T00:53:53.957+0000] {logging_mixin.py:149} INFO - [2026-09-13T00:53:53.957+0000] {dag.py:2726} INFO - Sync 1 DAGs
[2026-09-13T00:53:54.001+0000] {logging_mixin.py:149} INFO - [2026-09-13T00:53:54.001+0000] {dag.py:3490} INFO - Setting next_dagrun for 6-XCom to 2023-05-01T00:00:00+00:00, run_after=2023-05-02T00:00:00+00:00
[2026-09-13T00:53:54.038+0000] {processor.py:178} INFO - Processing /opt/airflow/dags/6_xcoms.py took 0.221 seconds
[2026-09-13T00:54:24.528+0000] {processor.py:156} INFO - Started process (PID=160295) to work on /opt/airflow/dags/6_xcoms.py
[2026-09-13T00:54:24.531+0000] {processor.py:799} INFO - Processing file /opt/airflow/dags/6_xcoms.py for tasks to queue
[2026-09-13T00:54:24.532+0000] {logging_mixin.py:149} INFO - [2026-09-13T00:54:24.532+0000] {dagbag.py:541} INFO - Filling up the DagBag from /opt/airflow/dags/6_xcoms.py
[2026-09-13T00:54:24.562+0000] {processor.py:809} INFO - DAG(s) dict_keys(['6-XCom']) retrieved from /opt/airflow/dags/6_xcoms.py
[2026-09-13T00:54:24.617+0000] {logging_mixin.py:149} INFO - [2026-09-13T00:54:24.616+0000] {dag.py:2726} INFO - Sync 1 DAGs
[2026-09-13T00:54:24.654+0000] {logging_mixin.py:149} INFO - [2026-09-13T00:54:24.654+0000] {dag.py:3490} INFO - Setting next_dagrun for 6-XCom to 2023-05-01T00:00:00+00:00, run_after=2023-05-02T00:00:00+00:00
[2026-09-13T00:54:24.891+0000] {processor.py:178} INFO - Processing /opt/airflow/dags/6_xcoms.py took 0.371 seconds
[2026-09-13T00:54:55.243+0000] {processor.py:156} INFO - Started process (PID=160308) to work on /opt/airflow/dags/6_xcoms.py
[2026-09-13T00:54:55.246+0000] {processor.py:799} INFO - Processing file /opt/airflow/dags/6_xcoms.py for tasks to queue
[2026-09-13T00:54:55.249+0000] {logging_mixin.py:149} INFO - [2026-09-13T00:54:55.248+0000] {dagbag.py:541} INFO - Filling up the DagBag from /opt/airflow/dags/6_xcoms.py
[2026-09-13T00:54:55.283+0000] {processor.py:809} INFO - DAG(s) dict_keys(['6-XCom']) retrieved from /opt/airflow/dags/6_xcoms.py
[2026-09-13T00:54:55.373+0000] {logging_mixin.py:149} INFO - [2026-09-13T00:54:55.372+0000] {dag.py:2726} INFO - Sync 1 DAGs
[2026-09-13T00:54:55.637+0000] {logging_mixin.py:149} INFO - [2026-09-13T00:54:55.637+0000] {dag.py:3490} INFO - Setting next_dagrun for 6-XCom to 2023-05-01T00:00:00+00:00, run_after=2023-05-02T00:00:00+00:00
[2026-09-13T00:54:55.665+0000] {processor.py:178} INFO - Processing /opt/airflow/dags/6_xcoms.py took 0.432 seconds
[2026-09-13T00:55:26.677+0000] {processor.py:156} INFO - Started process (PID=160323) to work on /opt/airflow/dags/6_xcoms.py
[2026-09-13T00:55:26.680+0000] {processor.py:799} INFO - Processing file /opt/airflow/dags/6_xcoms.py for tasks to queue
[2026-09-13T00:55:26.682+0000] {logging_mixin.py:149} INFO - [2026-09-13T00:55:26.682+0000] {dagbag.py:541} INFO - Filling up the DagBag from /opt/airflow/dags/6_xcoms.py
[2026-09-13T00:55:26.716+0000] {processor.py:809} INFO - DAG(s) dict_keys(['6-XCom']) retrieved from /opt/airflow/dags/6_xcoms.py
[2026-09-13T00:55:26.803+0000] {logging_mixin.py:149} INFO - [2026-09-13T00:55:26.803+0000] {dag.py:2726} INFO - Sync 1 DAGs
[2026-09-13T00:55:26.859+0000] {logging_mixin.py:149} INFO - [2026-09-13T00:55:26.858+0000] {dag.py:3490} INFO - Setting next_dagrun for 6-XCom to 2023-05-01T00:00:00+00:00, run_after=2023-05-02T00:00:00+00:00
[2026-09-13T00:55:26.903+0000] {processor.py:178} INFO - Processing /opt/airflow/dags/6_xcoms.py took 0.236 seconds
[2026-09-13T00:55:57.217+0000] {processor.py:156} INFO - Started process (PID=160337) to work on /opt/airflow/dags/6_xcoms.py
[2026-09-13T00:55:57.220+0000] {processor.py:799} INFO - Processing file /opt/airflow/dags/6_xcoms.py for tasks to queue
[2026-09-13T00:55:57.222+0000] {logging_mixin.py:149} INFO - [2026-09-13T00:55:57.222+0000] {dagbag.py:541} INFO - Filling up the DagBag from /opt/airflow/dags/6_xcoms.py
[2026-09-13T00:55:57.256+0000] {processor.py:809} INFO - DAG(s) dict_keys(['6-XCom']) retrieved from /opt/airflow/dags/6_xcoms.py
[2026-09-13T00:55:57.351+0000] {logging_mixin.py:149} INFO - [2026-09-13T00:55:57.351+0000] {dag.py:2726} INFO - Sync 1 DAGs
[2026-09-13T00:55:57.426+0000] {logging_mixin.py:149} INFO - [2026-09-13T00:55:57.426+0000] {dag.py:3490} INFO - Setting next_dagrun for 6-XCom to 2023-05-01T00:00:00+00:00, run_after=2023-05-02T00:00:00+00:00
[2026-09-13T00:55:57.501+0000] {processor.py:178} INFO - Processing /opt/airflow/dags/6_xcoms.py took 0.296 seconds
[2026-09-13T00:56:27.839+0000] {processor.py:156} INFO - Started process (PID=160352) to work on /opt/airflow/dags/6_xcoms.py
[2026-09-13T00:56:27.845+0000] {processor.py:799} INFO - Processing file /opt/airflow/dags/6_xcoms.py for tasks to queue
[2026-09-13T00:56:27.848+0000] {logging_mixin.py:149} INFO - [2026-09-13T00:56:27.848+0000] {dagbag.py:541} INFO - Filling up the DagBag from /opt/airflow/dags/6_xcoms.py
[2026-09-13T00:56:27.892+0000] {processor.py:809} INFO - DAG(s) dict_keys(['6-XCom']) retrieved from /opt/airflow/dags/6_xcoms.py
[2026-09-13T00:56:27.979+0000] {logging_mixin.py:149} INFO - [2026-09-13T00:56:27.978+0000] {dag.py:2726} INFO - Sync 1 DAGs
[2026-09-13T00:56:28.037+0000] {logging_mixin.py:149} INFO - [2026-09-13T00:56:28.037+0000] {dag.py:3490} INFO - Setting next_dagrun for 6-XCom to 2023-05-01T00:00:00+00:00, run_after=2023-05-02T00:00:00+00:00
[2026-09-13T00:56:28.107+0000] {processor.py:178} INFO - Processing /opt/airflow/dags/6_xcoms.py took 0.281 seconds
[2026-09-13T00:56:58.220+0000] {processor.py:156} INFO - Started process (PID=160365) to work on /opt/airflow/dags/6_xcoms.py
[2026-09-13T00:56:58.223+0000] {processor.py:799} INFO - Processing file /opt/airflow/dags/6_xcoms.py for tasks to queue
[2026-09-13T00:56:58.224+0000] {logging_mixin.py:149} INFO - [2026-09-13T00:56:58.224+0000] {dagbag.py:541} INFO - Filling up the DagBag from /opt/airflow/dags/6_xcoms.py
[2026-09-13T00:56:58.243+0000] {processor.py:809} INFO - DAG(s) dict_keys(['6-XCom']) retrieved from /opt/airflow/dags/6_xcoms.py
[2026-09-13T00:56:58.330+0000] {logging_mixin.py:149} INFO - [2026-09-13T00:56:58.330+0000] {dag.py:2726} INFO - Sync 1 DAGs
[2026-09-13T00:56:58.403+0000] {logging_mixin.py:149} INFO - [2026-09-13T00:56:58.402+0000] {dag.py:3490} INFO - Setting next_dagrun for 6-XCom to 2023-05-01T00:00:00+00:00, run_after=2023-05-02T00:00:00+00:00
[2026-09-13T00:56:58.724+0000] {processor.py:178} INFO - Processing /opt/airflow/dags/6_xcoms.py took 0.508 seconds
[2026-09-13T00:57:29.076+0000] {processor.py:156} INFO - Started process (PID=160379) to work on /opt/airflow/dags/6_xcoms.py
[2026-09-13T00:57:29.082+0000] {processor.py:799} INFO - Processing file /opt/airflow/dags/6_xcoms.py for tasks to queue
[2026-09-13T00:57:29.084+0000] {logging_mixin.py:149} INFO - [2026-09-13T00:57:29.083+0000] {dagbag.py:541} INFO - Filling up the DagBag from /opt/airflow/dags/6_xcoms.py
[2026-09-13T00:57:29.128+0000] {processor.py:809} INFO - DAG(s) dict_keys(['6-XCom']) retrieved from /opt/airflow/dags/6_xcoms.py
[2026-09-13T00:57:29.224+0000] {logging_mixin.py:149} INFO - [2026-09-13T00:57:29.224+0000] {dag.py:2726} INFO - Sync 1 DAGs
[2026-09-13T00:57:29.501+0000] {logging_mixin.py:149} INFO - [2026-09-13T00:57:29.501+0000] {dag.py:3490} INFO - Setting next_dagrun for 6-XCom to 2023-05-01T00:00:00+00:00, run_after=2023-05-02T00:00:00+00:00
[2026-09-13T00:57:29.525+0000] {processor.py:178} INFO - Processing /opt/airflow/dags/6_xcoms.py took 0.460 seconds
[2026-09-13T00:57:59.874+0000] {processor.py:156} INFO - Started process (PID=160393) to work on /opt/airflow/dags/6_xcoms.py
[2026-09-13T00:57:59.886+0000] {processor.py:799} INFO - Processing file /opt/airflow/dags/6_xcoms.py for tasks to queue
[2026-09-13T00:57:59.888+0000] {logging_mixin.py:149} INFO - [2026-09-13T00:57:59.888+0000] {dagbag.py:541} INFO - Filling up the DagBag from /opt/airflow/dags/6_xcoms.py
[2026-09-13T00:57:59.947+0000] {processor.py:809} INFO - DAG(s) dict_keys(['6-XCom']) retrieved from /opt/airflow/dags/6_xcoms.py
[2026-09-13T00:58:00.042+0000] {logging_mixin.py:149} INFO - [2026-09-13T00:58:00.042+0000] {dag.py:2726} INFO - Sync 1 DAGs
[2026-09-13T00:58:00.116+0000] {logging_mixin.py:149} INFO - [2026-09-13T00:58:00.115+0000] {dag.py:3490} INFO - Setting next_dagrun for 6-XCom to 2023-05-01T00:00:00+00:00, run_after=2023-05-02T00:00:00+00:00
[2026-09-13T00:58:00.180+0000] {processor.py:178} INFO - Processing /opt/airflow/dags/6_xcoms.py took 0.317 seconds
[2026-09-13T00:58:30.880+0000] {processor.py:156} INFO - Started process (PID=160407) to work on /opt/airflow/dags/6_xcoms.py
[2026-09-13T00:58:30.883+0000] {processor.py:799} INFO - Processing file /opt/airflow/dags/6_xcoms.py for tasks to queue
[2026-09-13T00:58:30.885+0000] {logging_mixin.py:149} INFO - [2026-09-13T00:58:30.884+0000] {dagbag.py:541} INFO - Filling up the DagBag from /opt/airflow/dags/6_xcoms.py
[2026-09-13T00:58:30.916+0000] {processor.py:809} INFO - DAG(s) dict_keys(['6-XCom']) retrieved from /opt/airflow/dags/6_xcoms.py
[2026-09-13T00:58:30.979+0000] {logging_mixin.py:149} INFO - [2026-09-13T00:58:30.978+0000] {dag.py:2726} INFO - Sync 1 DAGs
[2026-09-13T00:58:31.019+0000] {logging_mixin.py:149} INFO - [2026-09-13T00:58:31.018+0000] {dag.py:3490} INFO - Setting next_dagrun for 6-XCom to 2023-05-01T00:00:00+00:00, run_after=2023-05-02T00:00:00+00:00
[2026-09-13T00:58:31.048+0000] {processor.py:178} INFO - Processing /opt/airflow/dags/6_xcoms.py took 0.178 seconds
[2026-09-13T00:59:01.281+0000] {processor.py:156} INFO - Started process (PID=160421) to work on /opt/airflow/dags/6_xcoms.py
[2026-09-13T00:59:01.286+0000] {processor.py:799} INFO - Processing file /opt/airflow/dags/6_xcoms.py for tasks to queue
[2026-09-13T00:59:01.287+0000] {logging_mixin.py:149} INFO - [2026-09-13T00:59:01.287+0000] {dagbag.py:541} INFO - Filling up the DagBag from /opt/airflow/dags/6_xcoms.py
[2026-09-13T00:59:01.319+0000] {processor.py:809} INFO - DAG(s) dict_keys(['6-XCom']) retrieved from /opt/airflow/dags/6_xcoms.py
[2026-09-13T00:59:01.419+0000] {logging_mixin.py:149} INFO - [2026-09-13T00:59:01.419+0000] {dag.py:2726} INFO - Sync 1 DAGs
[2026-09-13T00:59:01.475+0000] {logging_mixin.py:149} INFO - [2026-09-13T00:59:01.475+0000] {dag.py:3490} INFO - Setting next_dagrun for 6-XCom to 2023-05-01T00:00:00+00:00, run_after=2023-05-02T00:00:00+00:00
[2026-09-13T00:59:01.505+0000] {processor.py:178} INFO - Processing /opt/airflow/dags/6_xcoms.py took 0.232 seconds
[2026-09-13T00:59:31.715+0000] {processor.py:156} INFO - Started process (PID=160435) to work on /opt/airflow/dags/6_xcoms.py
[2026-09-13T00:59:31.718+0000] {processor.py:799} INFO - Processing file /opt/airflow/dags/6_xcoms.py for tasks to queue
[2026-09-13T00:59:31.720+0000] {logging_mixin.py:149} INFO - [2026-09-13T00:59:31.720+0000] {dagbag.py:541} INFO - Filling up the DagBag from /opt/airflow/dags/6_xcoms.py
[2026-09-13T00:59:31.755+0000] {processor.py:809} INFO - DAG(s) dict_keys(['6-XCom']) retrieved from /opt/airflow/dags/6_xcoms.py
[2026-09-13T00:59:31.851+0000] {logging_mixin.py:149} INFO - [2026-09-13T00:59:31.850+0000] {dag.py:2726} INFO - Sync 1 DAGs
[2026-09-13T00:59:31.919+0000] {logging_mixin.py:149} INFO - [2026-09-13T00:59:31.919+0000] {dag.py:3490} INFO - Setting next_dagrun for 6-XCom to 2023-05-01T00:00:00+00:00, run_after=2023-05-02T00:00:00+00:00
[2026-09-13T00:59:31.963+0000] {processor.py:178} INFO - Processing /opt/airflow/dags/6_xcoms.py took 0.260 seconds
[2026-09-13T01:00:02.053+0000] {processor.py:156} INFO - Started process (PID=160449) to work on /opt/airflow/dags/6_xcoms.py
[2026-09-13T01:00:02.057+0000] {processor.py:799} INFO - Processing file /opt/airflow/dags/6_xcoms.py for tasks to queue
[2026-09-13T01:00:02.059+0000] {logging_mixin.py:149} INFO - [2026-09-13T01:00:02.059+0000] {dagbag.py:541} INFO - Filling up the DagBag from /opt/airflow/dags/6_xcoms.py
[2026-09-13T01:00:02.098+0000] {processor.py:809} INFO - DAG(s) dict_keys(['6-XCom']) retrieved from /opt/airflow/dags/6_xcoms.py
[2026-09-13T01:00:02.195+0000] {logging_mixin.py:149} INFO - [2026-09-13T01:00:02.195+0000] {dag.py:2726} INFO - Sync 1 DAGs
[2026-09-13T01:00:02.459+0000] {logging_mixin.py:149} INFO - [2026-09-13T01:00:02.459+0000] {dag.py:3490} INFO - Setting next_dagrun for 6-XCom to 2023-05-01T00:00:00+00:00, run_after=2023-05-02T00:00:00+00:00
[2026-09-13T01:00:02.485+0000] {processor.py:178} INFO - Processing /opt/airflow/dags/6_xcoms.py took 0.443 seconds
[2026-09-13T01:00:33.000+0000] {processor.py:156} INFO - Started process (PID=160463) to work on /opt/airflow/dags/6_xcoms.py
[2026-09-13T01:00:33.003+0000] {processor.py:799} INFO - Processing file /opt/airflow/dags/6_xcoms.py for tasks to queue
[2026-09-13T01:00:33.004+0000] {logging_mixin.py:149} INFO - [2026-09-13T01:00:33.004+0000] {dagbag.py:541} INFO - Filling up the DagBag from /opt/airflow/dags/6_xcoms.py
[2026-09-13T01:00:33.029+0000] {processor.py:809} INFO - DAG(s) dict_keys(['6-XCom']) retrieved from /opt/airflow/dags/6_xcoms.py
[2026-09-13T01:00:33.115+0000] {logging_mixin.py:149} INFO - [2026-09-13T01:00:33.115+0000] {dag.py:2726} INFO - Sync 1 DAGs
[2026-09-13T01:00:33.355+0000] {logging_mixin.py:149} INFO - [2026-09-13T01:00:33.355+0000] {dag.py:3490} INFO - Setting next_dagrun for 6-XCom to 2023-05-01T00:00:00+00:00, run_after=2023-05-02T00:00:00+00:00
[2026-09-13T01:00:33.383+0000] {processor.py:178} INFO - Processing /opt/airflow/dags/6_xcoms.py took 0.390 seconds
[2026-09-13T01:01:03.739+0000] {processor.py:156} INFO - Started process (PID=160478) to work on /opt/airflow/dags/6_xcoms.py
[2026-09-13T01:01:03.741+0000] {processor.py:799} INFO - Processing file /opt/airflow/dags/6_xcoms.py for tasks to queue
[2026-09-13T01:01:03.742+0000] {logging_mixin.py:149} INFO - [2026-09-13T01:01:03.742+0000] {dagbag.py:541} INFO - Filling up the DagBag from /opt/airflow/dags/6_xcoms.py
[2026-09-13T01:01:03.762+0000] {processor.py:809} INFO - DAG(s) dict_keys(['6-XCom']) retrieved from /opt/airflow/dags/6_xcoms.py
[2026-09-13T01:01:03.846+0000] {logging_mixin.py:149} INFO - [2026-09-13T01:01:03.846+0000] {dag.py:2726} INFO - Sync 1 DAGs
[2026-09-13T01:01:03.914+0000] {logging_mixin.py:149} INFO - [2026-09-13T01:01:03.913+0000] {dag.py:3490} INFO - Setting next_dagrun for 6-XCom to 2023-05-01T00:00:00+00:00, run_after=2023-05-02T00:00:00+00:00
[2026-09-13T01:01:03.976+0000] {processor.py:178} INFO - Processing /opt/airflow/dags/6_xcoms.py took 0.242 seconds
[2026-09-13T01:01:34.057+0000] {processor.py:156} INFO - Started process (PID=160490) to work on /opt/airflow/dags/6_xcoms.py
[2026-09-13T01:01:34.061+0000] {processor.py:799} INFO - Processing file /opt/airflow/dags/6_xcoms.py for tasks to queue
[2026-09-13T01:01:34.063+0000] {logging_mixin.py:149} INFO - [2026-09-13T01:01:34.063+0000] {dagbag.py:541} INFO - Filling up the DagBag from /opt/airflow/dags/6_xcoms.py
[2026-09-13T01:01:34.101+0000] {processor.py:809} INFO - DAG(s) dict_keys(['6-XCom']) retrieved from /opt/airflow/dags/6_xcoms.py
[2026-09-13T01:01:34.191+0000] {logging_mixin.py:149} INFO - [2026-09-13T01:01:34.191+0000] {dag.py:2726} INFO - Sync 1 DAGs
[2026-09-13T01:01:34.258+0000] {logging_mixin.py:149} INFO - [2026-09-13T01:01:34.258+0000] {dag.py:3490} INFO - Setting next_dagrun for 6-XCom to 2023-05-01T00:00:00+00:00, run_after=2023-05-02T00:00:00+00:00
[2026-09-13T01:01:34.339+0000] {processor.py:178} INFO - Processing /opt/airflow/dags/6_xcoms.py took 0.292 seconds
[2026-09-13T01:02:04.468+0000] {processor.py:156} INFO - Started process (PID=160504) to work on /opt/airflow/dags/6_xcoms.py
[2026-09-13T01:02:04.471+0000] {processor.py:799} INFO - Processing file /opt/airflow/dags/6_xcoms.py for tasks to queue
[2026-09-13T01:02:04.473+0000] {logging_mixin.py:149} INFO - [2026-09-13T01:02:04.473+0000] {dagbag.py:541} INFO - Filling up the DagBag from /opt/airflow/dags/6_xcoms.py
[2026-09-13T01:02:04.510+0000] {processor.py:809} INFO - DAG(s) dict_keys(['6-XCom']) retrieved from /opt/airflow/dags/6_xcoms.py
[2026-09-13T01:02:04.588+0000] {logging_mixin.py:149} INFO - [2026-09-13T01:02:04.588+0000] {dag.py:2726} INFO - Sync 1 DAGs
[2026-09-13T01:02:04.662+0000] {logging_mixin.py:149} INFO - [2026-09-13T01:02:04.662+0000] {dag.py:3490} INFO - Setting next_dagrun for 6-XCom to 2023-05-01T00:00:00+00:00, run_after=2023-05-02T00:00:00+00:00
[2026-09-13T01:02:04.746+0000] {processor.py:178} INFO - Processing /opt/airflow/dags/6_xcoms.py took 0.289 seconds
[2026-09-13T01:02:34.962+0000] {processor.py:156} INFO - Started process (PID=160518) to work on /opt/airflow/dags/6_xcoms.py
[2026-09-13T01:02:34.966+0000] {processor.py:799} INFO - Processing file /opt/airflow/dags/6_xcoms.py for tasks to queue
[2026-09-13T01:02:34.968+0000] {logging_mixin.py:149} INFO - [2026-09-13T01:02:34.968+0000] {dagbag.py:541} INFO - Filling up the DagBag from /opt/airflow/dags/6_xcoms.py
[2026-09-13T01:02:35.008+0000] {processor.py:809} INFO - DAG(s) dict_keys(['6-XCom']) retrieved from /opt/airflow/dags/6_xcoms.py
[2026-09-13T01:02:35.103+0000] {logging_mixin.py:149} INFO - [2026-09-13T01:02:35.102+0000] {dag.py:2726} INFO - Sync 1 DAGs
[2026-09-13T01:02:35.165+0000] {logging_mixin.py:149} INFO - [2026-09-13T01:02:35.164+0000] {dag.py:3490} INFO - Setting next_dagrun for 6-XCom to 2023-05-01T00:00:00+00:00, run_after=2023-05-02T00:00:00+00:00
[2026-09-13T01:02:35.463+0000] {processor.py:178} INFO - Processing /opt/airflow/dags/6_xcoms.py took 0.515 seconds
[2026-09-13T01:03:05.830+0000] {processor.py:156} INFO - Started process (PID=160531) to work on /opt/airflow/dags/6_xcoms.py
[2026-09-13T01:03:05.834+0000] {processor.py:799} INFO - Processing file /opt/airflow/dags/6_xcoms.py for tasks to queue
[2026-09-13T01:03:05.835+0000] {logging_mixin.py:149} INFO - [2026-09-13T01:03:05.835+0000] {dagbag.py:541} INFO - Filling up the DagBag from /opt/airflow/dags/6_xcoms.py
[2026-09-13T01:03:05.873+0000] {processor.py:809} INFO - DAG(s) dict_keys(['6-XCom']) retrieved from /opt/airflow/dags/6_xcoms.py
[2026-09-13T01:03:05.966+0000] {logging_mixin.py:149} INFO - [2026-09-13T01:03:05.965+0000] {dag.py:2726} INFO - Sync 1 DAGs
[2026-09-13T01:03:06.273+0000] {logging_mixin.py:149} INFO - [2026-09-13T01:03:06.272+0000] {dag.py:3490} INFO - Setting next_dagrun for 6-XCom to 2023-05-01T00:00:00+00:00, run_after=2023-05-02T00:00:00+00:00
[2026-09-13T01:03:06.302+0000] {processor.py:178} INFO - Processing /opt/airflow/dags/6_xcoms.py took 0.484 seconds
[2026-09-13T01:03:36.688+0000] {processor.py:156} INFO - Started process (PID=160546) to work on /opt/airflow/dags/6_xcoms.py
[2026-09-13T01:03:36.692+0000] {processor.py:799} INFO - Processing file /opt/airflow/dags/6_xcoms.py for tasks to queue
[2026-09-13T01:03:36.694+0000] {logging_mixin.py:149} INFO - [2026-09-13T01:03:36.693+0000] {dagbag.py:541} INFO - Filling up the DagBag from /opt/airflow/dags/6_xcoms.py
[2026-09-13T01:03:36.732+0000] {processor.py:809} INFO - DAG(s) dict_keys(['6-XCom']) retrieved from /opt/airflow/dags/6_xcoms.py
[2026-09-13T01:03:36.826+0000] {logging_mixin.py:149} INFO - [2026-09-13T01:03:36.825+0000] {dag.py:2726} INFO - Sync 1 DAGs
[2026-09-13T01:03:36.898+0000] {logging_mixin.py:149} INFO - [2026-09-13T01:03:36.897+0000] {dag.py:3490} INFO - Setting next_dagrun for 6-XCom to 2023-05-01T00:00:00+00:00, run_after=2023-05-02T00:00:00+00:00
[2026-09-13T01:03:36.962+0000] {processor.py:178} INFO - Processing /opt/airflow/dags/6_xcoms.py took 0.286 seconds
[2026-09-13T01:04:07.149+0000] {processor.py:156} INFO - Started process (PID=160559) to work on /opt/airflow/dags/6_xcoms.py
[2026-09-13T01:04:07.152+0000] {processor.py:799} INFO - Processing file /opt/airflow/dags/6_xcoms.py for tasks to queue
[2026-09-13T01:04:07.154+0000] {logging_mixin.py:149} INFO - [2026-09-13T01:04:07.154+0000] {dagbag.py:541} INFO - Filling up the DagBag from /opt/airflow/dags/6_xcoms.py
[2026-09-13T01:04:07.188+0000] {processor.py:809} INFO - DAG(s) dict_keys(['6-XCom']) retrieved from /opt/airflow/dags/6_xcoms.py
[2026-09-13T01:04:07.275+0000] {logging_mixin.py:149} INFO - [2026-09-13T01:04:07.274+0000] {dag.py:2726} INFO - Sync 1 DAGs
[2026-09-13T01:04:07.357+0000] {logging_mixin.py:149} INFO - [2026-09-13T01:04:07.357+0000] {dag.py:3490} INFO - Setting next_dagrun for 6-XCom to 2023-05-01T00:00:00+00:00, run_after=2023-05-02T00:00:00+00:00
[2026-09-13T01:04:07.433+0000] {processor.py:178} INFO - Processing /opt/airflow/dags/6_xcoms.py took 0.296 seconds
[2026-09-13T01:04:37.602+0000] {processor.py:156} INFO - Started process (PID=160573) to work on /opt/airflow/dags/6_xcoms.py
[2026-09-13T01:04:37.606+0000] {processor.py:799} INFO - Processing file /opt/airflow/dags/6_xcoms.py for tasks to queue
[2026-09-13T01:04:37.608+0000] {logging_mixin.py:149} INFO - [2026-09-13T01:04:37.608+0000] {dagbag.py:541} INFO - Filling up the DagBag from /opt/airflow/dags/6_xcoms.py
[2026-09-13T01:04:37.645+0000] {processor.py:809} INFO - DAG(s) dict_keys(['6-XCom']) retrieved from /opt/airflow/dags/6_xcoms.py
[2026-09-13T01:04:37.729+0000] {logging_mixin.py:149} INFO - [2026-09-13T01:04:37.729+0000] {dag.py:2726} INFO - Sync 1 DAGs
[2026-09-13T01:04:37.806+0000] {logging_mixin.py:149} INFO - [2026-09-13T01:04:37.805+0000] {dag.py:3490} INFO - Setting next_dagrun for 6-XCom to 2023-05-01T00:00:00+00:00, run_after=2023-05-02T00:00:00+00:00
[2026-09-13T01:04:37.861+0000] {processor.py:178} INFO - Processing /opt/airflow/dags/6_xcoms.py took 0.269 seconds
[2026-09-13T01:05:08.043+0000] {processor.py:156} INFO - Started process (PID=160586) to work on /opt/airflow/dags/6_xcoms.py
[2026-09-13T01:05:08.049+0000] {processor.py:799} INFO - Processing file /opt/airflow/dags/6_xcoms.py for tasks to queue
[2026-09-13T01:05:08.052+0000] {logging_mixin.py:149} INFO - [2026-09-13T01:05:08.051+0000] {dagbag.py:541} INFO - Filling up the DagBag from /opt/airflow/dags/6_xcoms.py
[2026-09-13T01:05:08.084+0000] {processor.py:809} INFO - DAG(s) dict_keys(['6-XCom']) retrieved from /opt/airflow/dags/6_xcoms.py
[2026-09-13T01:05:08.174+0000] {logging_mixin.py:149} INFO - [2026-09-13T01:05:08.173+0000] {dag.py:2726} INFO - Sync 1 DAGs
[2026-09-13T01:05:08.245+0000] {logging_mixin.py:149} INFO - [2026-09-13T01:05:08.245+0000] {dag.py:3490} INFO - Setting next_dagrun for 6-XCom to 2023-05-01T00:00:00+00:00, run_after=2023-05-02T00:00:00+00:00
[2026-09-13T01:05:08.315+0000] {processor.py:178} INFO - Processing /opt/airflow/dags/6_xcoms.py took 0.289 seconds
[2026-09-13T01:05:38.539+0000] {processor.py:156} INFO - Started process (PID=160600) to work on /opt/airflow/dags/6_xcoms.py
[2026-09-13T01:05:38.542+0000] {processor.py:799} INFO - Processing file /opt/airflow/dags/6_xcoms.py for tasks to queue
[2026-09-13T01:05:38.544+0000] {logging_mixin.py:149} INFO - [2026-09-13T01:05:38.544+0000] {dagbag.py:541} INFO - Filling up the DagBag from /opt/airflow/dags/6_xcoms.py
[2026-09-13T01:05:38.575+0000] {processor.py:809} INFO - DAG(s) dict_keys(['6-XCom']) retrieved from /opt/airflow/dags/6_xcoms.py
[2026-09-13T01:05:38.659+0000] {logging_mixin.py:149} INFO - [2026-09-13T01:05:38.659+0000] {dag.py:2726} INFO - Sync 1 DAGs
[2026-09-13T01:05:38.953+0000] {logging_mixin.py:149} INFO - [2026-09-13T01:05:38.952+0000] {dag.py:3490} INFO - Setting next_dagrun for 6-XCom to 2023-05-01T00:00:00+00:00, run_after=2023-05-02T00:00:00+00:00
[2026-09-13T01:05:38.990+0000] {processor.py:178} INFO - Processing /opt/airflow/dags/6_xcoms.py took 0.461 seconds
[2026-09-13T01:06:09.615+0000] {processor.py:156} INFO - Started process (PID=160616) to work on /opt/airflow/dags/6_xcoms.py
[2026-09-13T01:06:09.620+0000] {processor.py:799} INFO - Processing file /opt/airflow/dags/6_xcoms.py for tasks to queue
[2026-09-13T01:06:09.623+0000] {logging_mixin.py:149} INFO - [2026-09-13T01:06:09.622+0000] {dagbag.py:541} INFO - Filling up the DagBag from /opt/airflow/dags/6_xcoms.py
[2026-09-13T01:06:09.704+0000] {processor.py:809} INFO - DAG(s) dict_keys(['6-XCom']) retrieved from /opt/airflow/dags/6_xcoms.py
[2026-09-13T01:06:09.772+0000] {logging_mixin.py:149} INFO - [2026-09-13T01:06:09.771+0000] {dag.py:2726} INFO - Sync 1 DAGs
[2026-09-13T01:06:10.068+0000] {logging_mixin.py:149} INFO - [2026-09-13T01:06:10.067+0000] {dag.py:3490} INFO - Setting next_dagrun for 6-XCom to 2023-05-01T00:00:00+00:00, run_after=2023-05-02T00:00:00+00:00
[2026-09-13T01:06:10.120+0000] {processor.py:178} INFO - Processing /opt/airflow/dags/6_xcoms.py took 0.515 seconds
[2026-09-13T01:06:40.267+0000] {processor.py:156} INFO - Started process (PID=160629) to work on /opt/airflow/dags/6_xcoms.py
[2026-09-13T01:06:40.269+0000] {processor.py:799} INFO - Processing file /opt/airflow/dags/6_xcoms.py for tasks to queue
[2026-09-13T01:06:40.271+0000] {logging_mixin.py:149} INFO - [2026-09-13T01:06:40.271+0000] {dagbag.py:541} INFO - Filling up the DagBag from /opt/airflow/dags/6_xcoms.py
[2026-09-13T01:06:40.306+0000] {processor.py:809} INFO - DAG(s) dict_keys(['6-XCom']) retrieved from /opt/airflow/dags/6_xcoms.py
[2026-09-13T01:06:40.401+0000] {logging_mixin.py:149} INFO - [2026-09-13T01:06:40.400+0000] {dag.py:2726} INFO - Sync 1 DAGs
[2026-09-13T01:06:40.486+0000] {logging_mixin.py:149} INFO - [2026-09-13T01:06:40.485+0000] {dag.py:3490} INFO - Setting next_dagrun for 6-XCom to 2023-05-01T00:00:00+00:00, run_after=2023-05-02T00:00:00+00:00
[2026-09-13T01:06:40.527+0000] {processor.py:178} INFO - Processing /opt/airflow/dags/6_xcoms.py took 0.270 seconds
[2026-09-13T01:07:10.683+0000] {processor.py:156} INFO - Started process (PID=160642) to work on /opt/airflow/dags/6_xcoms.py
[2026-09-13T01:07:10.687+0000] {processor.py:799} INFO - Processing file /opt/airflow/dags/6_xcoms.py for tasks to queue
[2026-09-13T01:07:10.689+0000] {logging_mixin.py:149} INFO - [2026-09-13T01:07:10.688+0000] {dagbag.py:541} INFO - Filling up the DagBag from /opt/airflow/dags/6_xcoms.py
[2026-09-13T01:07:10.724+0000] {processor.py:809} INFO - DAG(s) dict_keys(['6-XCom']) retrieved from /opt/airflow/dags/6_xcoms.py
[2026-09-13T01:07:10.806+0000] {logging_mixin.py:149} INFO - [2026-09-13T01:07:10.805+0000] {dag.py:2726} INFO - Sync 1 DAGs
[2026-09-13T01:07:10.877+0000] {logging_mixin.py:149} INFO - [2026-09-13T01:07:10.876+0000] {dag.py:3490} INFO - Setting next_dagrun for 6-XCom to 2023-05-01T00:00:00+00:00, run_after=2023-05-02T00:00:00+00:00
[2026-09-13T01:07:10.955+0000] {processor.py:178} INFO - Processing /opt/airflow/dags/6_xcoms.py took 0.283 seconds
[2026-09-13T01:07:41.129+0000] {processor.py:156} INFO - Started process (PID=160655) to work on /opt/airflow/dags/6_xcoms.py
[2026-09-13T01:07:41.133+0000] {processor.py:799} INFO - Processing file /opt/airflow/dags/6_xcoms.py for tasks to queue
[2026-09-13T01:07:41.134+0000] {logging_mixin.py:149} INFO - [2026-09-13T01:07:41.134+0000] {dagbag.py:541} INFO - Filling up the DagBag from /opt/airflow/dags/6_xcoms.py
[2026-09-13T01:07:41.172+0000] {processor.py:809} INFO - DAG(s) dict_keys(['6-XCom']) retrieved from /opt/airflow/dags/6_xcoms.py
[2026-09-13T01:07:41.275+0000] {logging_mixin.py:149} INFO - [2026-09-13T01:07:41.274+0000] {dag.py:2726} INFO - Sync 1 DAGs
[2026-09-13T01:07:41.348+0000] {logging_mixin.py:149} INFO - [2026-09-13T01:07:41.348+0000] {dag.py:3490} INFO - Setting next_dagrun for 6-XCom to 2023-05-01T00:00:00+00:00, run_after=2023-05-02T00:00:00+00:00
[2026-09-13T01:07:41.419+0000] {processor.py:178} INFO - Processing /opt/airflow/dags/6_xcoms.py took 0.303 seconds
[2026-09-13T01:08:11.568+0000] {processor.py:156} INFO - Started process (PID=160669) to work on /opt/airflow/dags/6_xcoms.py
[2026-09-13T01:08:11.572+0000] {processor.py:799} INFO - Processing file /opt/airflow/dags/6_xcoms.py for tasks to queue
[2026-09-13T01:08:11.574+0000] {logging_mixin.py:149} INFO - [2026-09-13T01:08:11.573+0000] {dagbag.py:541} INFO - Filling up the DagBag from /opt/airflow/dags/6_xcoms.py
[2026-09-13T01:08:11.611+0000] {processor.py:809} INFO - DAG(s) dict_keys(['6-XCom']) retrieved from /opt/airflow/dags/6_xcoms.py
[2026-09-13T01:08:11.674+0000] {logging_mixin.py:149} INFO - [2026-09-13T01:08:11.674+0000] {dag.py:2726} INFO - Sync 1 DAGs
[2026-09-13T01:08:11.716+0000] {logging_mixin.py:149} INFO - [2026-09-13T01:08:11.715+0000] {dag.py:3490} INFO - Setting next_dagrun for 6-XCom to 2023-05-01T00:00:00+00:00, run_after=2023-05-02T00:00:00+00:00
[2026-09-13T01:08:11.998+0000] {processor.py:178} INFO - Processing /opt/airflow/dags/6_xcoms.py took 0.442 seconds
[2026-09-13T01:08:42.193+0000] {processor.py:156} INFO - Started process (PID=160683) to work on /opt/airflow/dags/6_xcoms.py
[2026-09-13T01:08:42.195+0000] {processor.py:799} INFO - Processing file /opt/airflow/dags/6_xcoms.py for tasks to queue
[2026-09-13T01:08:42.197+0000] {logging_mixin.py:149} INFO - [2026-09-13T01:08:42.196+0000] {dagbag.py:541} INFO - Filling up the DagBag from /opt/airflow/dags/6_xcoms.py
[2026-09-13T01:08:42.221+0000] {processor.py:809} INFO - DAG(s) dict_keys(['6-XCom']) retrieved from /opt/airflow/dags/6_xcoms.py
[2026-09-13T01:08:42.295+0000] {logging_mixin.py:149} INFO - [2026-09-13T01:08:42.294+0000] {dag.py:2726} INFO - Sync 1 DAGs
[2026-09-13T01:08:42.570+0000] {logging_mixin.py:149} INFO - [2026-09-13T01:08:42.570+0000] {dag.py:3490} INFO - Setting next_dagrun for 6-XCom to 2023-05-01T00:00:00+00:00, run_after=2023-05-02T00:00:00+00:00
[2026-09-13T01:08:42.617+0000] {processor.py:178} INFO - Processing /opt/airflow/dags/6_xcoms.py took 0.431 seconds
[2026-09-13T01:09:12.884+0000] {processor.py:156} INFO - Started process (PID=160697) to work on /opt/airflow/dags/6_xcoms.py
[2026-09-13T01:09:12.889+0000] {processor.py:799} INFO - Processing file /opt/airflow/dags/6_xcoms.py for tasks to queue
[2026-09-13T01:09:12.890+0000] {logging_mixin.py:149} INFO - [2026-09-13T01:09:12.890+0000] {dagbag.py:541} INFO - Filling up the DagBag from /opt/airflow/dags/6_xcoms.py
[2026-09-13T01:09:12.924+0000] {processor.py:809} INFO - DAG(s) dict_keys(['6-XCom']) retrieved from /opt/airflow/dags/6_xcoms.py
[2026-09-13T01:09:13.006+0000] {logging_mixin.py:149} INFO - [2026-09-13T01:09:13.006+0000] {dag.py:2726} INFO - Sync 1 DAGs
[2026-09-13T01:09:13.263+0000] {logging_mixin.py:149} INFO - [2026-09-13T01:09:13.262+0000] {dag.py:3490} INFO - Setting next_dagrun for 6-XCom to 2023-05-01T00:00:00+00:00, run_after=2023-05-02T00:00:00+00:00
[2026-09-13T01:09:13.297+0000] {processor.py:178} INFO - Processing /opt/airflow/dags/6_xcoms.py took 0.423 seconds
[2026-09-13T01:09:44.293+0000] {processor.py:156} INFO - Started process (PID=160711) to work on /opt/airflow/dags/6_xcoms.py
[2026-09-13T01:09:44.296+0000] {processor.py:799} INFO - Processing file /opt/airflow/dags/6_xcoms.py for tasks to queue
[2026-09-13T01:09:44.297+0000] {logging_mixin.py:149} INFO - [2026-09-13T01:09:44.297+0000] {dagbag.py:541} INFO - Filling up the DagBag from /opt/airflow/dags/6_xcoms.py
[2026-09-13T01:09:44.329+0000] {processor.py:809} INFO - DAG(s) dict_keys(['6-XCom']) retrieved from /opt/airflow/dags/6_xcoms.py
[2026-09-13T01:09:44.414+0000] {logging_mixin.py:149} INFO - [2026-09-13T01:09:44.413+0000] {dag.py:2726} INFO - Sync 1 DAGs
[2026-09-13T01:09:44.461+0000] {logging_mixin.py:149} INFO - [2026-09-13T01:09:44.461+0000] {dag.py:3490} INFO - Setting next_dagrun for 6-XCom to 2023-05-01T00:00:00+00:00, run_after=2023-05-02T00:00:00+00:00
[2026-09-13T01:09:44.489+0000] {processor.py:178} INFO - Processing /opt/airflow/dags/6_xcoms.py took 0.206 seconds
[2026-09-13T01:10:14.686+0000] {processor.py:156} INFO - Started process (PID=160724) to work on /opt/airflow/dags/6_xcoms.py
[2026-09-13T01:10:14.689+0000] {processor.py:799} INFO - Processing file /opt/airflow/dags/6_xcoms.py for tasks to queue
[2026-09-13T01:10:14.691+0000] {logging_mixin.py:149} INFO - [2026-09-13T01:10:14.691+0000] {dagbag.py:541} INFO - Filling up the DagBag from /opt/airflow/dags/6_xcoms.py
[2026-09-13T01:10:14.723+0000] {processor.py:809} INFO - DAG(s) dict_keys(['6-XCom']) retrieved from /opt/airflow/dags/6_xcoms.py
[2026-09-13T01:10:14.819+0000] {logging_mixin.py:149} INFO - [2026-09-13T01:10:14.818+0000] {dag.py:2726} INFO - Sync 1 DAGs
[2026-09-13T01:10:14.909+0000] {logging_mixin.py:149} INFO - [2026-09-13T01:10:14.909+0000] {dag.py:3490} INFO - Setting next_dagrun for 6-XCom to 2023-05-01T00:00:00+00:00, run_after=2023-05-02T00:00:00+00:00
[2026-09-13T01:10:14.983+0000] {processor.py:178} INFO - Processing /opt/airflow/dags/6_xcoms.py took 0.312 seconds
[2026-09-13T01:10:45.147+0000] {processor.py:156} INFO - Started process (PID=160739) to work on /opt/airflow/dags/6_xcoms.py
[2026-09-13T01:10:45.149+0000] {processor.py:799} INFO - Processing file /opt/airflow/dags/6_xcoms.py for tasks to queue
[2026-09-13T01:10:45.150+0000] {logging_mixin.py:149} INFO - [2026-09-13T01:10:45.150+0000] {dagbag.py:541} INFO - Filling up the DagBag from /opt/airflow/dags/6_xcoms.py
[2026-09-13T01:10:45.170+0000] {processor.py:809} INFO - DAG(s) dict_keys(['6-XCom']) retrieved from /opt/airflow/dags/6_xcoms.py
[2026-09-13T01:10:45.276+0000] {logging_mixin.py:149} INFO - [2026-09-13T01:10:45.275+0000] {dag.py:2726} INFO - Sync 1 DAGs
[2026-09-13T01:10:45.319+0000] {logging_mixin.py:149} INFO - [2026-09-13T01:10:45.319+0000] {dag.py:3490} INFO - Setting next_dagrun for 6-XCom to 2023-05-01T00:00:00+00:00, run_after=2023-05-02T00:00:00+00:00
[2026-09-13T01:10:45.619+0000] {processor.py:178} INFO - Processing /opt/airflow/dags/6_xcoms.py took 0.478 seconds
[2026-09-13T01:11:16.011+0000] {processor.py:156} INFO - Started process (PID=160759) to work on /opt/airflow/dags/6_xcoms.py
[2026-09-13T01:11:16.013+0000] {processor.py:799} INFO - Processing file /opt/airflow/dags/6_xcoms.py for tasks to queue
[2026-09-13T01:11:16.014+0000] {logging_mixin.py:149} INFO - [2026-09-13T01:11:16.014+0000] {dagbag.py:541} INFO - Filling up the DagBag from /opt/airflow/dags/6_xcoms.py
[2026-09-13T01:11:16.033+0000] {processor.py:809} INFO - DAG(s) dict_keys(['6-XCom']) retrieved from /opt/airflow/dags/6_xcoms.py
[2026-09-13T01:11:16.103+0000] {logging_mixin.py:149} INFO - [2026-09-13T01:11:16.103+0000] {dag.py:2726} INFO - Sync 1 DAGs
[2026-09-13T01:11:16.368+0000] {logging_mixin.py:149} INFO - [2026-09-13T01:11:16.368+0000] {dag.py:3490} INFO - Setting next_dagrun for 6-XCom to 2023-05-01T00:00:00+00:00, run_after=2023-05-02T00:00:00+00:00
[2026-09-13T01:11:16.413+0000] {processor.py:178} INFO - Processing /opt/airflow/dags/6_xcoms.py took 0.407 seconds
[2026-09-13T01:11:46.836+0000] {processor.py:156} INFO - Started process (PID=160773) to work on /opt/airflow/dags/6_xcoms.py
[2026-09-13T01:11:46.839+0000] {processor.py:799} INFO - Processing file /opt/airflow/dags/6_xcoms.py for tasks to queue
[2026-09-13T01:11:46.841+0000] {logging_mixin.py:149} INFO - [2026-09-13T01:11:46.840+0000] {dagbag.py:541} INFO - Filling up the DagBag from /opt/airflow/dags/6_xcoms.py
[2026-09-13T01:11:46.872+0000] {processor.py:809} INFO - DAG(s) dict_keys(['6-XCom']) retrieved from /opt/airflow/dags/6_xcoms.py
[2026-09-13T01:11:46.962+0000] {logging_mixin.py:149} INFO - [2026-09-13T01:11:46.961+0000] {dag.py:2726} INFO - Sync 1 DAGs
[2026-09-13T01:11:47.258+0000] {logging_mixin.py:149} INFO - [2026-09-13T01:11:47.257+0000] {dag.py:3490} INFO - Setting next_dagrun for 6-XCom to 2023-05-01T00:00:00+00:00, run_after=2023-05-02T00:00:00+00:00
[2026-09-13T01:11:47.324+0000] {processor.py:178} INFO - Processing /opt/airflow/dags/6_xcoms.py took 0.498 seconds
[2026-09-13T01:12:17.483+0000] {processor.py:156} INFO - Started process (PID=160786) to work on /opt/airflow/dags/6_xcoms.py
[2026-09-13T01:12:17.487+0000] {processor.py:799} INFO - Processing file /opt/airflow/dags/6_xcoms.py for tasks to queue
[2026-09-13T01:12:17.488+0000] {logging_mixin.py:149} INFO - [2026-09-13T01:12:17.487+0000] {dagbag.py:541} INFO - Filling up the DagBag from /opt/airflow/dags/6_xcoms.py
[2026-09-13T01:12:17.507+0000] {processor.py:809} INFO - DAG(s) dict_keys(['6-XCom']) retrieved from /opt/airflow/dags/6_xcoms.py
[2026-09-13T01:12:17.555+0000] {logging_mixin.py:149} INFO - [2026-09-13T01:12:17.554+0000] {dag.py:2726} INFO - Sync 1 DAGs
[2026-09-13T01:12:17.589+0000] {logging_mixin.py:149} INFO - [2026-09-13T01:12:17.588+0000] {dag.py:3490} INFO - Setting next_dagrun for 6-XCom to 2023-05-01T00:00:00+00:00, run_after=2023-05-02T00:00:00+00:00
[2026-09-13T01:12:17.616+0000] {processor.py:178} INFO - Processing /opt/airflow/dags/6_xcoms.py took 0.138 seconds
[2026-09-13T01:12:47.834+0000] {processor.py:156} INFO - Started process (PID=160800) to work on /opt/airflow/dags/6_xcoms.py
[2026-09-13T01:12:47.840+0000] {processor.py:799} INFO - Processing file /opt/airflow/dags/6_xcoms.py for tasks to queue
[2026-09-13T01:12:47.842+0000] {logging_mixin.py:149} INFO - [2026-09-13T01:12:47.842+0000] {dagbag.py:541} INFO - Filling up the DagBag from /opt/airflow/dags/6_xcoms.py
[2026-09-13T01:12:47.880+0000] {processor.py:809} INFO - DAG(s) dict_keys(['6-XCom']) retrieved from /opt/airflow/dags/6_xcoms.py
[2026-09-13T01:12:47.935+0000] {logging_mixin.py:149} INFO - [2026-09-13T01:12:47.935+0000] {dag.py:2726} INFO - Sync 1 DAGs
[2026-09-13T01:12:47.984+0000] {logging_mixin.py:149} INFO - [2026-09-13T01:12:47.984+0000] {dag.py:3490} INFO - Setting next_dagrun for 6-XCom to 2023-05-01T00:00:00+00:00, run_after=2023-05-02T00:00:00+00:00
[2026-09-13T01:12:48.045+0000] {processor.py:178} INFO - Processing /opt/airflow/dags/6_xcoms.py took 0.220 seconds
[2026-09-13T01:13:18.275+0000] {processor.py:156} INFO - Started process (PID=160814) to work on /opt/airflow/dags/6_xcoms.py
[2026-09-13T01:13:18.278+0000] {processor.py:799} INFO - Processing file /opt/airflow/dags/6_xcoms.py for tasks to queue
[2026-09-13T01:13:18.280+0000] {logging_mixin.py:149} INFO - [2026-09-13T01:13:18.280+0000] {dagbag.py:541} INFO - Filling up the DagBag from /opt/airflow/dags/6_xcoms.py
[2026-09-13T01:13:18.308+0000] {processor.py:809} INFO - DAG(s) dict_keys(['6-XCom']) retrieved from /opt/airflow/dags/6_xcoms.py
[2026-09-13T01:13:18.402+0000] {logging_mixin.py:149} INFO - [2026-09-13T01:13:18.402+0000] {dag.py:2726} INFO - Sync 1 DAGs
[2026-09-13T01:13:18.490+0000] {logging_mixin.py:149} INFO - [2026-09-13T01:13:18.490+0000] {dag.py:3490} INFO - Setting next_dagrun for 6-XCom to 2023-05-01T00:00:00+00:00, run_after=2023-05-02T00:00:00+00:00
[2026-09-13T01:13:18.570+0000] {processor.py:178} INFO - Processing /opt/airflow/dags/6_xcoms.py took 0.304 seconds
[2026-09-13T01:13:48.676+0000] {processor.py:156} INFO - Started process (PID=160829) to work on /opt/airflow/dags/6_xcoms.py
[2026-09-13T01:13:48.680+0000] {processor.py:799} INFO - Processing file /opt/airflow/dags/6_xcoms.py for tasks to queue
[2026-09-13T01:13:48.681+0000] {logging_mixin.py:149} INFO - [2026-09-13T01:13:48.681+0000] {dagbag.py:541} INFO - Filling up the DagBag from /opt/airflow/dags/6_xcoms.py
[2026-09-13T01:13:48.716+0000] {processor.py:809} INFO - DAG(s) dict_keys(['6-XCom']) retrieved from /opt/airflow/dags/6_xcoms.py
[2026-09-13T01:13:48.813+0000] {logging_mixin.py:149} INFO - [2026-09-13T01:13:48.812+0000] {dag.py:2726} INFO - Sync 1 DAGs
[2026-09-13T01:13:48.884+0000] {logging_mixin.py:149} INFO - [2026-09-13T01:13:48.883+0000] {dag.py:3490} INFO - Setting next_dagrun for 6-XCom to 2023-05-01T00:00:00+00:00, run_after=2023-05-02T00:00:00+00:00
[2026-09-13T01:13:49.238+0000] {processor.py:178} INFO - Processing /opt/airflow/dags/6_xcoms.py took 0.571 seconds
[2026-09-13T01:14:19.535+0000] {processor.py:156} INFO - Started process (PID=160844) to work on /opt/airflow/dags/6_xcoms.py
[2026-09-13T01:14:19.542+0000] {processor.py:799} INFO - Processing file /opt/airflow/dags/6_xcoms.py for tasks to queue
[2026-09-13T01:14:19.544+0000] {logging_mixin.py:149} INFO - [2026-09-13T01:14:19.544+0000] {dagbag.py:541} INFO - Filling up the DagBag from /opt/airflow/dags/6_xcoms.py
[2026-09-13T01:14:19.598+0000] {processor.py:809} INFO - DAG(s) dict_keys(['6-XCom']) retrieved from /opt/airflow/dags/6_xcoms.py
[2026-09-13T01:14:19.701+0000] {logging_mixin.py:149} INFO - [2026-09-13T01:14:19.701+0000] {dag.py:2726} INFO - Sync 1 DAGs
[2026-09-13T01:14:19.988+0000] {logging_mixin.py:149} INFO - [2026-09-13T01:14:19.987+0000] {dag.py:3490} INFO - Setting next_dagrun for 6-XCom to 2023-05-01T00:00:00+00:00, run_after=2023-05-02T00:00:00+00:00
[2026-09-13T01:14:20.060+0000] {processor.py:178} INFO - Processing /opt/airflow/dags/6_xcoms.py took 0.541 seconds
[2026-09-13T01:14:50.360+0000] {processor.py:156} INFO - Started process (PID=160858) to work on /opt/airflow/dags/6_xcoms.py
[2026-09-13T01:14:50.364+0000] {processor.py:799} INFO - Processing file /opt/airflow/dags/6_xcoms.py for tasks to queue
[2026-09-13T01:14:50.366+0000] {logging_mixin.py:149} INFO - [2026-09-13T01:14:50.366+0000] {dagbag.py:541} INFO - Filling up the DagBag from /opt/airflow/dags/6_xcoms.py
[2026-09-13T01:14:50.411+0000] {processor.py:809} INFO - DAG(s) dict_keys(['6-XCom']) retrieved from /opt/airflow/dags/6_xcoms.py
[2026-09-13T01:14:50.501+0000] {logging_mixin.py:149} INFO - [2026-09-13T01:14:50.500+0000] {dag.py:2726} INFO - Sync 1 DAGs
[2026-09-13T01:14:50.805+0000] {logging_mixin.py:149} INFO - [2026-09-13T01:14:50.805+0000] {dag.py:3490} INFO - Setting next_dagrun for 6-XCom to 2023-05-01T00:00:00+00:00, run_after=2023-05-02T00:00:00+00:00
[2026-09-13T01:14:50.841+0000] {processor.py:178} INFO - Processing /opt/airflow/dags/6_xcoms.py took 0.492 seconds
[2026-09-13T01:15:20.966+0000] {processor.py:156} INFO - Started process (PID=160872) to work on /opt/airflow/dags/6_xcoms.py
[2026-09-13T01:15:20.971+0000] {processor.py:799} INFO - Processing file /opt/airflow/dags/6_xcoms.py for tasks to queue
[2026-09-13T01:15:20.972+0000] {logging_mixin.py:149} INFO - [2026-09-13T01:15:20.972+0000] {dagbag.py:541} INFO - Filling up the DagBag from /opt/airflow/dags/6_xcoms.py
[2026-09-13T01:15:21.010+0000] {processor.py:809} INFO - DAG(s) dict_keys(['6-XCom']) retrieved from /opt/airflow/dags/6_xcoms.py
[2026-09-13T01:15:21.098+0000] {logging_mixin.py:149} INFO - [2026-09-13T01:15:21.098+0000] {dag.py:2726} INFO - Sync 1 DAGs
[2026-09-13T01:15:21.164+0000] {logging_mixin.py:149} INFO - [2026-09-13T01:15:21.164+0000] {dag.py:3490} INFO - Setting next_dagrun for 6-XCom to 2023-05-01T00:00:00+00:00, run_after=2023-05-02T00:00:00+00:00
[2026-09-13T01:15:21.233+0000] {processor.py:178} INFO - Processing /opt/airflow/dags/6_xcoms.py took 0.278 seconds
[2026-09-13T01:15:51.491+0000] {processor.py:156} INFO - Started process (PID=160887) to work on /opt/airflow/dags/6_xcoms.py
[2026-09-13T01:15:51.495+0000] {processor.py:799} INFO - Processing file /opt/airflow/dags/6_xcoms.py for tasks to queue
[2026-09-13T01:15:51.497+0000] {logging_mixin.py:149} INFO - [2026-09-13T01:15:51.497+0000] {dagbag.py:541} INFO - Filling up the DagBag from /opt/airflow/dags/6_xcoms.py
[2026-09-13T01:15:51.534+0000] {processor.py:809} INFO - DAG(s) dict_keys(['6-XCom']) retrieved from /opt/airflow/dags/6_xcoms.py
[2026-09-13T01:15:51.614+0000] {logging_mixin.py:149} INFO - [2026-09-13T01:15:51.614+0000] {dag.py:2726} INFO - Sync 1 DAGs
[2026-09-13T01:15:51.659+0000] {logging_mixin.py:149} INFO - [2026-09-13T01:15:51.658+0000] {dag.py:3490} INFO - Setting next_dagrun for 6-XCom to 2023-05-01T00:00:00+00:00, run_after=2023-05-02T00:00:00+00:00
[2026-09-13T01:15:51.692+0000] {processor.py:178} INFO - Processing /opt/airflow/dags/6_xcoms.py took 0.212 seconds
[2026-09-13T01:16:21.942+0000] {processor.py:156} INFO - Started process (PID=160901) to work on /opt/airflow/dags/6_xcoms.py
[2026-09-13T01:16:21.949+0000] {processor.py:799} INFO - Processing file /opt/airflow/dags/6_xcoms.py for tasks to queue
[2026-09-13T01:16:21.952+0000] {logging_mixin.py:149} INFO - [2026-09-13T01:16:21.951+0000] {dagbag.py:541} INFO - Filling up the DagBag from /opt/airflow/dags/6_xcoms.py
[2026-09-13T01:16:21.992+0000] {processor.py:809} INFO - DAG(s) dict_keys(['6-XCom']) retrieved from /opt/airflow/dags/6_xcoms.py
[2026-09-13T01:16:22.081+0000] {logging_mixin.py:149} INFO - [2026-09-13T01:16:22.080+0000] {dag.py:2726} INFO - Sync 1 DAGs
[2026-09-13T01:16:22.140+0000] {logging_mixin.py:149} INFO - [2026-09-13T01:16:22.139+0000] {dag.py:3490} INFO - Setting next_dagrun for 6-XCom to 2023-05-01T00:00:00+00:00, run_after=2023-05-02T00:00:00+00:00
[2026-09-13T01:16:22.424+0000] {processor.py:178} INFO - Processing /opt/airflow/dags/6_xcoms.py took 0.494 seconds
[2026-09-13T01:16:52.795+0000] {processor.py:156} INFO - Started process (PID=160915) to work on /opt/airflow/dags/6_xcoms.py
[2026-09-13T01:16:52.799+0000] {processor.py:799} INFO - Processing file /opt/airflow/dags/6_xcoms.py for tasks to queue
[2026-09-13T01:16:52.801+0000] {logging_mixin.py:149} INFO - [2026-09-13T01:16:52.801+0000] {dagbag.py:541} INFO - Filling up the DagBag from /opt/airflow/dags/6_xcoms.py
[2026-09-13T01:16:52.835+0000] {processor.py:809} INFO - DAG(s) dict_keys(['6-XCom']) retrieved from /opt/airflow/dags/6_xcoms.py
[2026-09-13T01:16:52.898+0000] {logging_mixin.py:149} INFO - [2026-09-13T01:16:52.898+0000] {dag.py:2726} INFO - Sync 1 DAGs
[2026-09-13T01:16:53.196+0000] {logging_mixin.py:149} INFO - [2026-09-13T01:16:53.196+0000] {dag.py:3490} INFO - Setting next_dagrun for 6-XCom to 2023-05-01T00:00:00+00:00, run_after=2023-05-02T00:00:00+00:00
[2026-09-13T01:16:53.235+0000] {processor.py:178} INFO - Processing /opt/airflow/dags/6_xcoms.py took 0.451 seconds
[2026-09-13T01:17:23.614+0000] {processor.py:156} INFO - Started process (PID=160929) to work on /opt/airflow/dags/6_xcoms.py
[2026-09-13T01:17:23.616+0000] {processor.py:799} INFO - Processing file /opt/airflow/dags/6_xcoms.py for tasks to queue
[2026-09-13T01:17:23.618+0000] {logging_mixin.py:149} INFO - [2026-09-13T01:17:23.618+0000] {dagbag.py:541} INFO - Filling up the DagBag from /opt/airflow/dags/6_xcoms.py
[2026-09-13T01:17:23.651+0000] {processor.py:809} INFO - DAG(s) dict_keys(['6-XCom']) retrieved from /opt/airflow/dags/6_xcoms.py
[2026-09-13T01:17:23.738+0000] {logging_mixin.py:149} INFO - [2026-09-13T01:17:23.738+0000] {dag.py:2726} INFO - Sync 1 DAGs
[2026-09-13T01:17:24.023+0000] {logging_mixin.py:149} INFO - [2026-09-13T01:17:24.023+0000] {dag.py:3490} INFO - Setting next_dagrun for 6-XCom to 2023-05-01T00:00:00+00:00, run_after=2023-05-02T00:00:00+00:00
[2026-09-13T01:17:24.062+0000] {processor.py:178} INFO - Processing /opt/airflow/dags/6_xcoms.py took 0.459 seconds
[2026-09-13T01:17:54.346+0000] {processor.py:156} INFO - Started process (PID=160943) to work on /opt/airflow/dags/6_xcoms.py
[2026-09-13T01:17:54.349+0000] {processor.py:799} INFO - Processing file /opt/airflow/dags/6_xcoms.py for tasks to queue
[2026-09-13T01:17:54.351+0000] {logging_mixin.py:149} INFO - [2026-09-13T01:17:54.351+0000] {dagbag.py:541} INFO - Filling up the DagBag from /opt/airflow/dags/6_xcoms.py
[2026-09-13T01:17:54.385+0000] {processor.py:809} INFO - DAG(s) dict_keys(['6-XCom']) retrieved from /opt/airflow/dags/6_xcoms.py
[2026-09-13T01:17:54.485+0000] {logging_mixin.py:149} INFO - [2026-09-13T01:17:54.484+0000] {dag.py:2726} INFO - Sync 1 DAGs
[2026-09-13T01:17:54.540+0000] {logging_mixin.py:149} INFO - [2026-09-13T01:17:54.539+0000] {dag.py:3490} INFO - Setting next_dagrun for 6-XCom to 2023-05-01T00:00:00+00:00, run_after=2023-05-02T00:00:00+00:00
[2026-09-13T01:17:54.585+0000] {processor.py:178} INFO - Processing /opt/airflow/dags/6_xcoms.py took 0.251 seconds
[2026-09-13T01:18:24.803+0000] {processor.py:156} INFO - Started process (PID=160957) to work on /opt/airflow/dags/6_xcoms.py
[2026-09-13T01:18:24.806+0000] {processor.py:799} INFO - Processing file /opt/airflow/dags/6_xcoms.py for tasks to queue
[2026-09-13T01:18:24.807+0000] {logging_mixin.py:149} INFO - [2026-09-13T01:18:24.807+0000] {dagbag.py:541} INFO - Filling up the DagBag from /opt/airflow/dags/6_xcoms.py
[2026-09-13T01:18:24.840+0000] {processor.py:809} INFO - DAG(s) dict_keys(['6-XCom']) retrieved from /opt/airflow/dags/6_xcoms.py
[2026-09-13T01:18:24.895+0000] {logging_mixin.py:149} INFO - [2026-09-13T01:18:24.895+0000] {dag.py:2726} INFO - Sync 1 DAGs
[2026-09-13T01:18:24.933+0000] {logging_mixin.py:149} INFO - [2026-09-13T01:18:24.933+0000] {dag.py:3490} INFO - Setting next_dagrun for 6-XCom to 2023-05-01T00:00:00+00:00, run_after=2023-05-02T00:00:00+00:00
[2026-09-13T01:18:24.962+0000] {processor.py:178} INFO - Processing /opt/airflow/dags/6_xcoms.py took 0.168 seconds
[2026-09-13T01:18:55.123+0000] {processor.py:156} INFO - Started process (PID=160971) to work on /opt/airflow/dags/6_xcoms.py
[2026-09-13T01:18:55.127+0000] {processor.py:799} INFO - Processing file /opt/airflow/dags/6_xcoms.py for tasks to queue
[2026-09-13T01:18:55.129+0000] {logging_mixin.py:149} INFO - [2026-09-13T01:18:55.128+0000] {dagbag.py:541} INFO - Filling up the DagBag from /opt/airflow/dags/6_xcoms.py
[2026-09-13T01:18:55.158+0000] {processor.py:809} INFO - DAG(s) dict_keys(['6-XCom']) retrieved from /opt/airflow/dags/6_xcoms.py
[2026-09-13T01:18:55.254+0000] {logging_mixin.py:149} INFO - [2026-09-13T01:18:55.254+0000] {dag.py:2726} INFO - Sync 1 DAGs
[2026-09-13T01:18:55.324+0000] {logging_mixin.py:149} INFO - [2026-09-13T01:18:55.323+0000] {dag.py:3490} INFO - Setting next_dagrun for 6-XCom to 2023-05-01T00:00:00+00:00, run_after=2023-05-02T00:00:00+00:00
[2026-09-13T01:18:55.394+0000] {processor.py:178} INFO - Processing /opt/airflow/dags/6_xcoms.py took 0.279 seconds
[2026-09-13T01:19:25.629+0000] {processor.py:156} INFO - Started process (PID=160985) to work on /opt/airflow/dags/6_xcoms.py
[2026-09-13T01:19:25.632+0000] {processor.py:799} INFO - Processing file /opt/airflow/dags/6_xcoms.py for tasks to queue
[2026-09-13T01:19:25.634+0000] {logging_mixin.py:149} INFO - [2026-09-13T01:19:25.633+0000] {dagbag.py:541} INFO - Filling up the DagBag from /opt/airflow/dags/6_xcoms.py
[2026-09-13T01:19:25.670+0000] {processor.py:809} INFO - DAG(s) dict_keys(['6-XCom']) retrieved from /opt/airflow/dags/6_xcoms.py
[2026-09-13T01:19:25.761+0000] {logging_mixin.py:149} INFO - [2026-09-13T01:19:25.761+0000] {dag.py:2726} INFO - Sync 1 DAGs
[2026-09-13T01:19:26.084+0000] {logging_mixin.py:149} INFO - [2026-09-13T01:19:26.084+0000] {dag.py:3490} INFO - Setting next_dagrun for 6-XCom to 2023-05-01T00:00:00+00:00, run_after=2023-05-02T00:00:00+00:00
[2026-09-13T01:19:26.138+0000] {processor.py:178} INFO - Processing /opt/airflow/dags/6_xcoms.py took 0.521 seconds
[2026-09-13T01:19:56.436+0000] {processor.py:156} INFO - Started process (PID=160999) to work on /opt/airflow/dags/6_xcoms.py
[2026-09-13T01:19:56.438+0000] {processor.py:799} INFO - Processing file /opt/airflow/dags/6_xcoms.py for tasks to queue
[2026-09-13T01:19:56.439+0000] {logging_mixin.py:149} INFO - [2026-09-13T01:19:56.439+0000] {dagbag.py:541} INFO - Filling up the DagBag from /opt/airflow/dags/6_xcoms.py
[2026-09-13T01:19:56.458+0000] {processor.py:809} INFO - DAG(s) dict_keys(['6-XCom']) retrieved from /opt/airflow/dags/6_xcoms.py
[2026-09-13T01:19:56.503+0000] {logging_mixin.py:149} INFO - [2026-09-13T01:19:56.503+0000] {dag.py:2726} INFO - Sync 1 DAGs
[2026-09-13T01:19:56.757+0000] {logging_mixin.py:149} INFO - [2026-09-13T01:19:56.757+0000] {dag.py:3490} INFO - Setting next_dagrun for 6-XCom to 2023-05-01T00:00:00+00:00, run_after=2023-05-02T00:00:00+00:00
[2026-09-13T01:19:56.782+0000] {processor.py:178} INFO - Processing /opt/airflow/dags/6_xcoms.py took 0.352 seconds
[2026-09-13T01:20:27.194+0000] {processor.py:156} INFO - Started process (PID=161013) to work on /opt/airflow/dags/6_xcoms.py
[2026-09-13T01:20:27.197+0000] {processor.py:799} INFO - Processing file /opt/airflow/dags/6_xcoms.py for tasks to queue
[2026-09-13T01:20:27.199+0000] {logging_mixin.py:149} INFO - [2026-09-13T01:20:27.199+0000] {dagbag.py:541} INFO - Filling up the DagBag from /opt/airflow/dags/6_xcoms.py
[2026-09-13T01:20:27.235+0000] {processor.py:809} INFO - DAG(s) dict_keys(['6-XCom']) retrieved from /opt/airflow/dags/6_xcoms.py
[2026-09-13T01:20:27.552+0000] {logging_mixin.py:149} INFO - [2026-09-13T01:20:27.552+0000] {dag.py:2726} INFO - Sync 1 DAGs
[2026-09-13T01:20:27.601+0000] {logging_mixin.py:149} INFO - [2026-09-13T01:20:27.601+0000] {dag.py:3490} INFO - Setting next_dagrun for 6-XCom to 2023-05-01T00:00:00+00:00, run_after=2023-05-02T00:00:00+00:00
[2026-09-13T01:20:27.632+0000] {processor.py:178} INFO - Processing /opt/airflow/dags/6_xcoms.py took 0.449 seconds
[2026-09-13T01:20:57.890+0000] {processor.py:156} INFO - Started process (PID=161026) to work on /opt/airflow/dags/6_xcoms.py
[2026-09-13T01:20:57.892+0000] {processor.py:799} INFO - Processing file /opt/airflow/dags/6_xcoms.py for tasks to queue
[2026-09-13T01:20:57.894+0000] {logging_mixin.py:149} INFO - [2026-09-13T01:20:57.894+0000] {dagbag.py:541} INFO - Filling up the DagBag from /opt/airflow/dags/6_xcoms.py
[2026-09-13T01:20:57.922+0000] {processor.py:809} INFO - DAG(s) dict_keys(['6-XCom']) retrieved from /opt/airflow/dags/6_xcoms.py
[2026-09-13T01:20:58.013+0000] {logging_mixin.py:149} INFO - [2026-09-13T01:20:58.013+0000] {dag.py:2726} INFO - Sync 1 DAGs
[2026-09-13T01:20:58.093+0000] {logging_mixin.py:149} INFO - [2026-09-13T01:20:58.093+0000] {dag.py:3490} INFO - Setting next_dagrun for 6-XCom to 2023-05-01T00:00:00+00:00, run_after=2023-05-02T00:00:00+00:00
[2026-09-13T01:20:58.132+0000] {processor.py:178} INFO - Processing /opt/airflow/dags/6_xcoms.py took 0.252 seconds
[2026-09-13T01:21:28.366+0000] {processor.py:156} INFO - Started process (PID=161040) to work on /opt/airflow/dags/6_xcoms.py
[2026-09-13T01:21:28.369+0000] {processor.py:799} INFO - Processing file /opt/airflow/dags/6_xcoms.py for tasks to queue
[2026-09-13T01:21:28.371+0000] {logging_mixin.py:149} INFO - [2026-09-13T01:21:28.371+0000] {dagbag.py:541} INFO - Filling up the DagBag from /opt/airflow/dags/6_xcoms.py
[2026-09-13T01:21:28.411+0000] {processor.py:809} INFO - DAG(s) dict_keys(['6-XCom']) retrieved from /opt/airflow/dags/6_xcoms.py
[2026-09-13T01:21:28.508+0000] {logging_mixin.py:149} INFO - [2026-09-13T01:21:28.508+0000] {dag.py:2726} INFO - Sync 1 DAGs
[2026-09-13T01:21:28.588+0000] {logging_mixin.py:149} INFO - [2026-09-13T01:21:28.587+0000] {dag.py:3490} INFO - Setting next_dagrun for 6-XCom to 2023-05-01T00:00:00+00:00, run_after=2023-05-02T00:00:00+00:00
[2026-09-13T01:21:28.645+0000] {processor.py:178} INFO - Processing /opt/airflow/dags/6_xcoms.py took 0.294 seconds
[2026-09-13T01:21:58.788+0000] {processor.py:156} INFO - Started process (PID=161055) to work on /opt/airflow/dags/6_xcoms.py
[2026-09-13T01:21:58.792+0000] {processor.py:799} INFO - Processing file /opt/airflow/dags/6_xcoms.py for tasks to queue
[2026-09-13T01:21:58.796+0000] {logging_mixin.py:149} INFO - [2026-09-13T01:21:58.795+0000] {dagbag.py:541} INFO - Filling up the DagBag from /opt/airflow/dags/6_xcoms.py
[2026-09-13T01:21:58.843+0000] {processor.py:809} INFO - DAG(s) dict_keys(['6-XCom']) retrieved from /opt/airflow/dags/6_xcoms.py
[2026-09-13T01:21:58.947+0000] {logging_mixin.py:149} INFO - [2026-09-13T01:21:58.946+0000] {dag.py:2726} INFO - Sync 1 DAGs
[2026-09-13T01:21:59.026+0000] {logging_mixin.py:149} INFO - [2026-09-13T01:21:59.026+0000] {dag.py:3490} INFO - Setting next_dagrun for 6-XCom to 2023-05-01T00:00:00+00:00, run_after=2023-05-02T00:00:00+00:00
[2026-09-13T01:21:59.342+0000] {processor.py:178} INFO - Processing /opt/airflow/dags/6_xcoms.py took 0.567 seconds
[2026-09-13T01:22:29.738+0000] {processor.py:156} INFO - Started process (PID=161070) to work on /opt/airflow/dags/6_xcoms.py
[2026-09-13T01:22:29.742+0000] {processor.py:799} INFO - Processing file /opt/airflow/dags/6_xcoms.py for tasks to queue
[2026-09-13T01:22:29.745+0000] {logging_mixin.py:149} INFO - [2026-09-13T01:22:29.744+0000] {dagbag.py:541} INFO - Filling up the DagBag from /opt/airflow/dags/6_xcoms.py
[2026-09-13T01:22:29.783+0000] {processor.py:809} INFO - DAG(s) dict_keys(['6-XCom']) retrieved from /opt/airflow/dags/6_xcoms.py
[2026-09-13T01:22:29.843+0000] {logging_mixin.py:149} INFO - [2026-09-13T01:22:29.843+0000] {dag.py:2726} INFO - Sync 1 DAGs
[2026-09-13T01:22:30.088+0000] {logging_mixin.py:149} INFO - [2026-09-13T01:22:30.088+0000] {dag.py:3490} INFO - Setting next_dagrun for 6-XCom to 2023-05-01T00:00:00+00:00, run_after=2023-05-02T00:00:00+00:00
[2026-09-13T01:22:30.126+0000] {processor.py:178} INFO - Processing /opt/airflow/dags/6_xcoms.py took 0.399 seconds
[2026-09-13T01:23:00.577+0000] {processor.py:156} INFO - Started process (PID=161084) to work on /opt/airflow/dags/6_xcoms.py
[2026-09-13T01:23:00.580+0000] {processor.py:799} INFO - Processing file /opt/airflow/dags/6_xcoms.py for tasks to queue
[2026-09-13T01:23:00.583+0000] {logging_mixin.py:149} INFO - [2026-09-13T01:23:00.582+0000] {dagbag.py:541} INFO - Filling up the DagBag from /opt/airflow/dags/6_xcoms.py
[2026-09-13T01:23:00.620+0000] {processor.py:809} INFO - DAG(s) dict_keys(['6-XCom']) retrieved from /opt/airflow/dags/6_xcoms.py
[2026-09-13T01:23:00.683+0000] {logging_mixin.py:149} INFO - [2026-09-13T01:23:00.683+0000] {dag.py:2726} INFO - Sync 1 DAGs
[2026-09-13T01:23:00.926+0000] {logging_mixin.py:149} INFO - [2026-09-13T01:23:00.926+0000] {dag.py:3490} INFO - Setting next_dagrun for 6-XCom to 2023-05-01T00:00:00+00:00, run_after=2023-05-02T00:00:00+00:00
[2026-09-13T01:23:00.950+0000] {processor.py:178} INFO - Processing /opt/airflow/dags/6_xcoms.py took 0.386 seconds
[2026-09-13T01:23:31.328+0000] {processor.py:156} INFO - Started process (PID=161098) to work on /opt/airflow/dags/6_xcoms.py
[2026-09-13T01:23:31.331+0000] {processor.py:799} INFO - Processing file /opt/airflow/dags/6_xcoms.py for tasks to queue
[2026-09-13T01:23:31.333+0000] {logging_mixin.py:149} INFO - [2026-09-13T01:23:31.332+0000] {dagbag.py:541} INFO - Filling up the DagBag from /opt/airflow/dags/6_xcoms.py
[2026-09-13T01:23:31.366+0000] {processor.py:809} INFO - DAG(s) dict_keys(['6-XCom']) retrieved from /opt/airflow/dags/6_xcoms.py
[2026-09-13T01:23:31.618+0000] {logging_mixin.py:149} INFO - [2026-09-13T01:23:31.618+0000] {dag.py:2726} INFO - Sync 1 DAGs
[2026-09-13T01:23:31.682+0000] {logging_mixin.py:149} INFO - [2026-09-13T01:23:31.682+0000] {dag.py:3490} INFO - Setting next_dagrun for 6-XCom to 2023-05-01T00:00:00+00:00, run_after=2023-05-02T00:00:00+00:00
[2026-09-13T01:23:31.743+0000] {processor.py:178} INFO - Processing /opt/airflow/dags/6_xcoms.py took 0.426 seconds
[2026-09-13T01:24:02.444+0000] {processor.py:156} INFO - Started process (PID=161112) to work on /opt/airflow/dags/6_xcoms.py
[2026-09-13T01:24:02.447+0000] {processor.py:799} INFO - Processing file /opt/airflow/dags/6_xcoms.py for tasks to queue
[2026-09-13T01:24:02.449+0000] {logging_mixin.py:149} INFO - [2026-09-13T01:24:02.449+0000] {dagbag.py:541} INFO - Filling up the DagBag from /opt/airflow/dags/6_xcoms.py
[2026-09-13T01:24:02.484+0000] {processor.py:809} INFO - DAG(s) dict_keys(['6-XCom']) retrieved from /opt/airflow/dags/6_xcoms.py
[2026-09-13T01:24:02.569+0000] {logging_mixin.py:149} INFO - [2026-09-13T01:24:02.569+0000] {dag.py:2726} INFO - Sync 1 DAGs
[2026-09-13T01:24:02.656+0000] {logging_mixin.py:149} INFO - [2026-09-13T01:24:02.655+0000] {dag.py:3490} INFO - Setting next_dagrun for 6-XCom to 2023-05-01T00:00:00+00:00, run_after=2023-05-02T00:00:00+00:00
[2026-09-13T01:24:02.700+0000] {processor.py:178} INFO - Processing /opt/airflow/dags/6_xcoms.py took 0.267 seconds
[2026-09-13T01:24:33.346+0000] {processor.py:156} INFO - Started process (PID=161126) to work on /opt/airflow/dags/6_xcoms.py
[2026-09-13T01:24:33.350+0000] {processor.py:799} INFO - Processing file /opt/airflow/dags/6_xcoms.py for tasks to queue
[2026-09-13T01:24:33.350+0000] {logging_mixin.py:149} INFO - [2026-09-13T01:24:33.350+0000] {dagbag.py:541} INFO - Filling up the DagBag from /opt/airflow/dags/6_xcoms.py
[2026-09-13T01:24:33.370+0000] {processor.py:809} INFO - DAG(s) dict_keys(['6-XCom']) retrieved from /opt/airflow/dags/6_xcoms.py
[2026-09-13T01:24:33.414+0000] {logging_mixin.py:149} INFO - [2026-09-13T01:24:33.414+0000] {dag.py:2726} INFO - Sync 1 DAGs
[2026-09-13T01:24:33.450+0000] {logging_mixin.py:149} INFO - [2026-09-13T01:24:33.450+0000] {dag.py:3490} INFO - Setting next_dagrun for 6-XCom to 2023-05-01T00:00:00+00:00, run_after=2023-05-02T00:00:00+00:00
[2026-09-13T01:24:33.480+0000] {processor.py:178} INFO - Processing /opt/airflow/dags/6_xcoms.py took 0.139 seconds
[2026-09-13T01:25:03.983+0000] {processor.py:156} INFO - Started process (PID=161140) to work on /opt/airflow/dags/6_xcoms.py
[2026-09-13T01:25:03.986+0000] {processor.py:799} INFO - Processing file /opt/airflow/dags/6_xcoms.py for tasks to queue
[2026-09-13T01:25:03.987+0000] {logging_mixin.py:149} INFO - [2026-09-13T01:25:03.987+0000] {dagbag.py:541} INFO - Filling up the DagBag from /opt/airflow/dags/6_xcoms.py
[2026-09-13T01:25:04.016+0000] {processor.py:809} INFO - DAG(s) dict_keys(['6-XCom']) retrieved from /opt/airflow/dags/6_xcoms.py
[2026-09-13T01:25:04.072+0000] {logging_mixin.py:149} INFO - [2026-09-13T01:25:04.072+0000] {dag.py:2726} INFO - Sync 1 DAGs
[2026-09-13T01:25:04.324+0000] {logging_mixin.py:149} INFO - [2026-09-13T01:25:04.323+0000] {dag.py:3490} INFO - Setting next_dagrun for 6-XCom to 2023-05-01T00:00:00+00:00, run_after=2023-05-02T00:00:00+00:00
[2026-09-13T01:25:04.354+0000] {processor.py:178} INFO - Processing /opt/airflow/dags/6_xcoms.py took 0.380 seconds
[2026-09-13T01:25:35.279+0000] {processor.py:156} INFO - Started process (PID=161154) to work on /opt/airflow/dags/6_xcoms.py
[2026-09-13T01:25:35.283+0000] {processor.py:799} INFO - Processing file /opt/airflow/dags/6_xcoms.py for tasks to queue
[2026-09-13T01:25:35.285+0000] {logging_mixin.py:149} INFO - [2026-09-13T01:25:35.285+0000] {dagbag.py:541} INFO - Filling up the DagBag from /opt/airflow/dags/6_xcoms.py
[2026-09-13T01:25:35.323+0000] {processor.py:809} INFO - DAG(s) dict_keys(['6-XCom']) retrieved from /opt/airflow/dags/6_xcoms.py
[2026-09-13T01:25:35.420+0000] {logging_mixin.py:149} INFO - [2026-09-13T01:25:35.419+0000] {dag.py:2726} INFO - Sync 1 DAGs
[2026-09-13T01:25:35.718+0000] {logging_mixin.py:149} INFO - [2026-09-13T01:25:35.717+0000] {dag.py:3490} INFO - Setting next_dagrun for 6-XCom to 2023-05-01T00:00:00+00:00, run_after=2023-05-02T00:00:00+00:00
[2026-09-13T01:25:35.760+0000] {processor.py:178} INFO - Processing /opt/airflow/dags/6_xcoms.py took 0.495 seconds
[2026-09-13T01:26:06.129+0000] {processor.py:156} INFO - Started process (PID=161168) to work on /opt/airflow/dags/6_xcoms.py
[2026-09-13T01:26:06.132+0000] {processor.py:799} INFO - Processing file /opt/airflow/dags/6_xcoms.py for tasks to queue
[2026-09-13T01:26:06.134+0000] {logging_mixin.py:149} INFO - [2026-09-13T01:26:06.133+0000] {dagbag.py:541} INFO - Filling up the DagBag from /opt/airflow/dags/6_xcoms.py
[2026-09-13T01:26:06.158+0000] {processor.py:809} INFO - DAG(s) dict_keys(['6-XCom']) retrieved from /opt/airflow/dags/6_xcoms.py
[2026-09-13T01:26:06.455+0000] {logging_mixin.py:149} INFO - [2026-09-13T01:26:06.455+0000] {dag.py:2726} INFO - Sync 1 DAGs
[2026-09-13T01:26:06.494+0000] {logging_mixin.py:149} INFO - [2026-09-13T01:26:06.493+0000] {dag.py:3490} INFO - Setting next_dagrun for 6-XCom to 2023-05-01T00:00:00+00:00, run_after=2023-05-02T00:00:00+00:00
[2026-09-13T01:26:06.550+0000] {processor.py:178} INFO - Processing /opt/airflow/dags/6_xcoms.py took 0.428 seconds
[2026-09-13T01:26:36.745+0000] {processor.py:156} INFO - Started process (PID=161183) to work on /opt/airflow/dags/6_xcoms.py
[2026-09-13T01:26:36.749+0000] {processor.py:799} INFO - Processing file /opt/airflow/dags/6_xcoms.py for tasks to queue
[2026-09-13T01:26:36.751+0000] {logging_mixin.py:149} INFO - [2026-09-13T01:26:36.751+0000] {dagbag.py:541} INFO - Filling up the DagBag from /opt/airflow/dags/6_xcoms.py
[2026-09-13T01:26:36.793+0000] {processor.py:809} INFO - DAG(s) dict_keys(['6-XCom']) retrieved from /opt/airflow/dags/6_xcoms.py
[2026-09-13T01:26:36.886+0000] {logging_mixin.py:149} INFO - [2026-09-13T01:26:36.886+0000] {dag.py:2726} INFO - Sync 1 DAGs
[2026-09-13T01:26:36.939+0000] {logging_mixin.py:149} INFO - [2026-09-13T01:26:36.939+0000] {dag.py:3490} INFO - Setting next_dagrun for 6-XCom to 2023-05-01T00:00:00+00:00, run_after=2023-05-02T00:00:00+00:00
[2026-09-13T01:26:36.972+0000] {processor.py:178} INFO - Processing /opt/airflow/dags/6_xcoms.py took 0.240 seconds
[2026-09-13T01:27:07.107+0000] {processor.py:156} INFO - Started process (PID=161197) to work on /opt/airflow/dags/6_xcoms.py
[2026-09-13T01:27:07.110+0000] {processor.py:799} INFO - Processing file /opt/airflow/dags/6_xcoms.py for tasks to queue
[2026-09-13T01:27:07.115+0000] {logging_mixin.py:149} INFO - [2026-09-13T01:27:07.115+0000] {dagbag.py:541} INFO - Filling up the DagBag from /opt/airflow/dags/6_xcoms.py
[2026-09-13T01:27:07.149+0000] {processor.py:809} INFO - DAG(s) dict_keys(['6-XCom']) retrieved from /opt/airflow/dags/6_xcoms.py
[2026-09-13T01:27:07.228+0000] {logging_mixin.py:149} INFO - [2026-09-13T01:27:07.227+0000] {dag.py:2726} INFO - Sync 1 DAGs
[2026-09-13T01:27:07.291+0000] {logging_mixin.py:149} INFO - [2026-09-13T01:27:07.290+0000] {dag.py:3490} INFO - Setting next_dagrun for 6-XCom to 2023-05-01T00:00:00+00:00, run_after=2023-05-02T00:00:00+00:00
[2026-09-13T01:27:07.361+0000] {processor.py:178} INFO - Processing /opt/airflow/dags/6_xcoms.py took 0.267 seconds
[2026-09-13T01:27:37.759+0000] {processor.py:156} INFO - Started process (PID=161211) to work on /opt/airflow/dags/6_xcoms.py
[2026-09-13T01:27:37.762+0000] {processor.py:799} INFO - Processing file /opt/airflow/dags/6_xcoms.py for tasks to queue
[2026-09-13T01:27:37.764+0000] {logging_mixin.py:149} INFO - [2026-09-13T01:27:37.764+0000] {dagbag.py:541} INFO - Filling up the DagBag from /opt/airflow/dags/6_xcoms.py
[2026-09-13T01:27:37.799+0000] {processor.py:809} INFO - DAG(s) dict_keys(['6-XCom']) retrieved from /opt/airflow/dags/6_xcoms.py
[2026-09-13T01:27:37.889+0000] {logging_mixin.py:149} INFO - [2026-09-13T01:27:37.889+0000] {dag.py:2726} INFO - Sync 1 DAGs
[2026-09-13T01:27:37.957+0000] {logging_mixin.py:149} INFO - [2026-09-13T01:27:37.956+0000] {dag.py:3490} INFO - Setting next_dagrun for 6-XCom to 2023-05-01T00:00:00+00:00, run_after=2023-05-02T00:00:00+00:00
[2026-09-13T01:27:38.260+0000] {processor.py:178} INFO - Processing /opt/airflow/dags/6_xcoms.py took 0.512 seconds
[2026-09-13T01:28:08.514+0000] {processor.py:156} INFO - Started process (PID=161225) to work on /opt/airflow/dags/6_xcoms.py
[2026-09-13T01:28:08.517+0000] {processor.py:799} INFO - Processing file /opt/airflow/dags/6_xcoms.py for tasks to queue
[2026-09-13T01:28:08.519+0000] {logging_mixin.py:149} INFO - [2026-09-13T01:28:08.519+0000] {dagbag.py:541} INFO - Filling up the DagBag from /opt/airflow/dags/6_xcoms.py
[2026-09-13T01:28:08.548+0000] {processor.py:809} INFO - DAG(s) dict_keys(['6-XCom']) retrieved from /opt/airflow/dags/6_xcoms.py
[2026-09-13T01:28:08.636+0000] {logging_mixin.py:149} INFO - [2026-09-13T01:28:08.636+0000] {dag.py:2726} INFO - Sync 1 DAGs
[2026-09-13T01:28:08.931+0000] {logging_mixin.py:149} INFO - [2026-09-13T01:28:08.930+0000] {dag.py:3490} INFO - Setting next_dagrun for 6-XCom to 2023-05-01T00:00:00+00:00, run_after=2023-05-02T00:00:00+00:00
[2026-09-13T01:28:08.956+0000] {processor.py:178} INFO - Processing /opt/airflow/dags/6_xcoms.py took 0.451 seconds
[2026-09-13T01:28:39.439+0000] {processor.py:156} INFO - Started process (PID=161239) to work on /opt/airflow/dags/6_xcoms.py
[2026-09-13T01:28:39.442+0000] {processor.py:799} INFO - Processing file /opt/airflow/dags/6_xcoms.py for tasks to queue
[2026-09-13T01:28:39.443+0000] {logging_mixin.py:149} INFO - [2026-09-13T01:28:39.443+0000] {dagbag.py:541} INFO - Filling up the DagBag from /opt/airflow/dags/6_xcoms.py
[2026-09-13T01:28:39.480+0000] {processor.py:809} INFO - DAG(s) dict_keys(['6-XCom']) retrieved from /opt/airflow/dags/6_xcoms.py
[2026-09-13T01:28:39.569+0000] {logging_mixin.py:149} INFO - [2026-09-13T01:28:39.568+0000] {dag.py:2726} INFO - Sync 1 DAGs
[2026-09-13T01:28:39.865+0000] {logging_mixin.py:149} INFO - [2026-09-13T01:28:39.865+0000] {dag.py:3490} INFO - Setting next_dagrun for 6-XCom to 2023-05-01T00:00:00+00:00, run_after=2023-05-02T00:00:00+00:00
[2026-09-13T01:28:39.892+0000] {processor.py:178} INFO - Processing /opt/airflow/dags/6_xcoms.py took 0.464 seconds
[2026-09-13T01:29:10.729+0000] {processor.py:156} INFO - Started process (PID=161253) to work on /opt/airflow/dags/6_xcoms.py
[2026-09-13T01:29:10.733+0000] {processor.py:799} INFO - Processing file /opt/airflow/dags/6_xcoms.py for tasks to queue
[2026-09-13T01:29:10.738+0000] {logging_mixin.py:149} INFO - [2026-09-13T01:29:10.737+0000] {dagbag.py:541} INFO - Filling up the DagBag from /opt/airflow/dags/6_xcoms.py
[2026-09-13T01:29:10.770+0000] {processor.py:809} INFO - DAG(s) dict_keys(['6-XCom']) retrieved from /opt/airflow/dags/6_xcoms.py
[2026-09-13T01:29:11.066+0000] {logging_mixin.py:149} INFO - [2026-09-13T01:29:11.065+0000] {dag.py:2726} INFO - Sync 1 DAGs
[2026-09-13T01:29:11.131+0000] {logging_mixin.py:149} INFO - [2026-09-13T01:29:11.130+0000] {dag.py:3490} INFO - Setting next_dagrun for 6-XCom to 2023-05-01T00:00:00+00:00, run_after=2023-05-02T00:00:00+00:00
[2026-09-13T01:29:11.210+0000] {processor.py:178} INFO - Processing /opt/airflow/dags/6_xcoms.py took 0.491 seconds
[2026-09-13T01:29:41.402+0000] {processor.py:156} INFO - Started process (PID=161268) to work on /opt/airflow/dags/6_xcoms.py
[2026-09-13T01:29:41.409+0000] {processor.py:799} INFO - Processing file /opt/airflow/dags/6_xcoms.py for tasks to queue
[2026-09-13T01:29:41.411+0000] {logging_mixin.py:149} INFO - [2026-09-13T01:29:41.411+0000] {dagbag.py:541} INFO - Filling up the DagBag from /opt/airflow/dags/6_xcoms.py
[2026-09-13T01:29:41.455+0000] {processor.py:809} INFO - DAG(s) dict_keys(['6-XCom']) retrieved from /opt/airflow/dags/6_xcoms.py
[2026-09-13T01:29:41.544+0000] {logging_mixin.py:149} INFO - [2026-09-13T01:29:41.543+0000] {dag.py:2726} INFO - Sync 1 DAGs
[2026-09-13T01:29:41.627+0000] {logging_mixin.py:149} INFO - [2026-09-13T01:29:41.627+0000] {dag.py:3490} INFO - Setting next_dagrun for 6-XCom to 2023-05-01T00:00:00+00:00, run_after=2023-05-02T00:00:00+00:00
[2026-09-13T01:29:41.695+0000] {processor.py:178} INFO - Processing /opt/airflow/dags/6_xcoms.py took 0.304 seconds
[2026-09-13T01:30:12.298+0000] {processor.py:156} INFO - Started process (PID=161282) to work on /opt/airflow/dags/6_xcoms.py
[2026-09-13T01:30:12.304+0000] {processor.py:799} INFO - Processing file /opt/airflow/dags/6_xcoms.py for tasks to queue
[2026-09-13T01:30:12.310+0000] {logging_mixin.py:149} INFO - [2026-09-13T01:30:12.310+0000] {dagbag.py:541} INFO - Filling up the DagBag from /opt/airflow/dags/6_xcoms.py
[2026-09-13T01:30:12.351+0000] {processor.py:809} INFO - DAG(s) dict_keys(['6-XCom']) retrieved from /opt/airflow/dags/6_xcoms.py
[2026-09-13T01:30:12.437+0000] {logging_mixin.py:149} INFO - [2026-09-13T01:30:12.436+0000] {dag.py:2726} INFO - Sync 1 DAGs
[2026-09-13T01:30:12.486+0000] {logging_mixin.py:149} INFO - [2026-09-13T01:30:12.485+0000] {dag.py:3490} INFO - Setting next_dagrun for 6-XCom to 2023-05-01T00:00:00+00:00, run_after=2023-05-02T00:00:00+00:00
[2026-09-13T01:30:12.719+0000] {processor.py:178} INFO - Processing /opt/airflow/dags/6_xcoms.py took 0.431 seconds
[2026-09-13T01:30:43.145+0000] {processor.py:156} INFO - Started process (PID=161297) to work on /opt/airflow/dags/6_xcoms.py
[2026-09-13T01:30:43.149+0000] {processor.py:799} INFO - Processing file /opt/airflow/dags/6_xcoms.py for tasks to queue
[2026-09-13T01:30:43.151+0000] {logging_mixin.py:149} INFO - [2026-09-13T01:30:43.151+0000] {dagbag.py:541} INFO - Filling up the DagBag from /opt/airflow/dags/6_xcoms.py
[2026-09-13T01:30:43.192+0000] {processor.py:809} INFO - DAG(s) dict_keys(['6-XCom']) retrieved from /opt/airflow/dags/6_xcoms.py
[2026-09-13T01:30:43.270+0000] {logging_mixin.py:149} INFO - [2026-09-13T01:30:43.270+0000] {dag.py:2726} INFO - Sync 1 DAGs
[2026-09-13T01:30:43.539+0000] {logging_mixin.py:149} INFO - [2026-09-13T01:30:43.538+0000] {dag.py:3490} INFO - Setting next_dagrun for 6-XCom to 2023-05-01T00:00:00+00:00, run_after=2023-05-02T00:00:00+00:00
[2026-09-13T01:30:43.625+0000] {processor.py:178} INFO - Processing /opt/airflow/dags/6_xcoms.py took 0.491 seconds
[2026-09-13T01:31:13.899+0000] {processor.py:156} INFO - Started process (PID=161311) to work on /opt/airflow/dags/6_xcoms.py
[2026-09-13T01:31:13.903+0000] {processor.py:799} INFO - Processing file /opt/airflow/dags/6_xcoms.py for tasks to queue
[2026-09-13T01:31:13.905+0000] {logging_mixin.py:149} INFO - [2026-09-13T01:31:13.904+0000] {dagbag.py:541} INFO - Filling up the DagBag from /opt/airflow/dags/6_xcoms.py
[2026-09-13T01:31:13.942+0000] {processor.py:809} INFO - DAG(s) dict_keys(['6-XCom']) retrieved from /opt/airflow/dags/6_xcoms.py
[2026-09-13T01:31:14.012+0000] {logging_mixin.py:149} INFO - [2026-09-13T01:31:14.012+0000] {dag.py:2726} INFO - Sync 1 DAGs
[2026-09-13T01:31:14.248+0000] {logging_mixin.py:149} INFO - [2026-09-13T01:31:14.247+0000] {dag.py:3490} INFO - Setting next_dagrun for 6-XCom to 2023-05-01T00:00:00+00:00, run_after=2023-05-02T00:00:00+00:00
[2026-09-13T01:31:14.272+0000] {processor.py:178} INFO - Processing /opt/airflow/dags/6_xcoms.py took 0.382 seconds
[2026-09-13T01:31:44.518+0000] {processor.py:156} INFO - Started process (PID=161325) to work on /opt/airflow/dags/6_xcoms.py
[2026-09-13T01:31:44.522+0000] {processor.py:799} INFO - Processing file /opt/airflow/dags/6_xcoms.py for tasks to queue
[2026-09-13T01:31:44.523+0000] {logging_mixin.py:149} INFO - [2026-09-13T01:31:44.523+0000] {dagbag.py:541} INFO - Filling up the DagBag from /opt/airflow/dags/6_xcoms.py
[2026-09-13T01:31:44.569+0000] {processor.py:809} INFO - DAG(s) dict_keys(['6-XCom']) retrieved from /opt/airflow/dags/6_xcoms.py
[2026-09-13T01:31:44.901+0000] {logging_mixin.py:149} INFO - [2026-09-13T01:31:44.901+0000] {dag.py:2726} INFO - Sync 1 DAGs
[2026-09-13T01:31:44.942+0000] {logging_mixin.py:149} INFO - [2026-09-13T01:31:44.941+0000] {dag.py:3490} INFO - Setting next_dagrun for 6-XCom to 2023-05-01T00:00:00+00:00, run_after=2023-05-02T00:00:00+00:00
[2026-09-13T01:31:45.015+0000] {processor.py:178} INFO - Processing /opt/airflow/dags/6_xcoms.py took 0.507 seconds
[2026-09-13T01:32:15.154+0000] {processor.py:156} INFO - Started process (PID=161339) to work on /opt/airflow/dags/6_xcoms.py
[2026-09-13T01:32:15.157+0000] {processor.py:799} INFO - Processing file /opt/airflow/dags/6_xcoms.py for tasks to queue
[2026-09-13T01:32:15.158+0000] {logging_mixin.py:149} INFO - [2026-09-13T01:32:15.158+0000] {dagbag.py:541} INFO - Filling up the DagBag from /opt/airflow/dags/6_xcoms.py
[2026-09-13T01:32:15.190+0000] {processor.py:809} INFO - DAG(s) dict_keys(['6-XCom']) retrieved from /opt/airflow/dags/6_xcoms.py
[2026-09-13T01:32:15.279+0000] {logging_mixin.py:149} INFO - [2026-09-13T01:32:15.279+0000] {dag.py:2726} INFO - Sync 1 DAGs
[2026-09-13T01:32:15.354+0000] {logging_mixin.py:149} INFO - [2026-09-13T01:32:15.353+0000] {dag.py:3490} INFO - Setting next_dagrun for 6-XCom to 2023-05-01T00:00:00+00:00, run_after=2023-05-02T00:00:00+00:00
[2026-09-13T01:32:15.408+0000] {processor.py:178} INFO - Processing /opt/airflow/dags/6_xcoms.py took 0.266 seconds
[2026-09-13T01:32:45.682+0000] {processor.py:156} INFO - Started process (PID=161353) to work on /opt/airflow/dags/6_xcoms.py
[2026-09-13T01:32:45.685+0000] {processor.py:799} INFO - Processing file /opt/airflow/dags/6_xcoms.py for tasks to queue
[2026-09-13T01:32:45.687+0000] {logging_mixin.py:149} INFO - [2026-09-13T01:32:45.686+0000] {dagbag.py:541} INFO - Filling up the DagBag from /opt/airflow/dags/6_xcoms.py
[2026-09-13T01:32:45.749+0000] {processor.py:809} INFO - DAG(s) dict_keys(['6-XCom']) retrieved from /opt/airflow/dags/6_xcoms.py
[2026-09-13T01:32:45.822+0000] {logging_mixin.py:149} INFO - [2026-09-13T01:32:45.822+0000] {dag.py:2726} INFO - Sync 1 DAGs
[2026-09-13T01:32:45.867+0000] {logging_mixin.py:149} INFO - [2026-09-13T01:32:45.867+0000] {dag.py:3490} INFO - Setting next_dagrun for 6-XCom to 2023-05-01T00:00:00+00:00, run_after=2023-05-02T00:00:00+00:00
[2026-09-13T01:32:45.923+0000] {processor.py:178} INFO - Processing /opt/airflow/dags/6_xcoms.py took 0.252 seconds
[2026-09-13T01:33:16.563+0000] {processor.py:156} INFO - Started process (PID=161367) to work on /opt/airflow/dags/6_xcoms.py
[2026-09-13T01:33:16.567+0000] {processor.py:799} INFO - Processing file /opt/airflow/dags/6_xcoms.py for tasks to queue
[2026-09-13T01:33:16.568+0000] {logging_mixin.py:149} INFO - [2026-09-13T01:33:16.568+0000] {dagbag.py:541} INFO - Filling up the DagBag from /opt/airflow/dags/6_xcoms.py
[2026-09-13T01:33:16.601+0000] {processor.py:809} INFO - DAG(s) dict_keys(['6-XCom']) retrieved from /opt/airflow/dags/6_xcoms.py
[2026-09-13T01:33:16.690+0000] {logging_mixin.py:149} INFO - [2026-09-13T01:33:16.689+0000] {dag.py:2726} INFO - Sync 1 DAGs
[2026-09-13T01:33:17.020+0000] {logging_mixin.py:149} INFO - [2026-09-13T01:33:17.019+0000] {dag.py:3490} INFO - Setting next_dagrun for 6-XCom to 2023-05-01T00:00:00+00:00, run_after=2023-05-02T00:00:00+00:00
[2026-09-13T01:33:17.047+0000] {processor.py:178} INFO - Processing /opt/airflow/dags/6_xcoms.py took 0.496 seconds
[2026-09-13T01:33:47.498+0000] {processor.py:156} INFO - Started process (PID=161381) to work on /opt/airflow/dags/6_xcoms.py
[2026-09-13T01:33:47.502+0000] {processor.py:799} INFO - Processing file /opt/airflow/dags/6_xcoms.py for tasks to queue
[2026-09-13T01:33:47.504+0000] {logging_mixin.py:149} INFO - [2026-09-13T01:33:47.504+0000] {dagbag.py:541} INFO - Filling up the DagBag from /opt/airflow/dags/6_xcoms.py
[2026-09-13T01:33:47.543+0000] {processor.py:809} INFO - DAG(s) dict_keys(['6-XCom']) retrieved from /opt/airflow/dags/6_xcoms.py
[2026-09-13T01:33:47.628+0000] {logging_mixin.py:149} INFO - [2026-09-13T01:33:47.628+0000] {dag.py:2726} INFO - Sync 1 DAGs
[2026-09-13T01:33:47.909+0000] {logging_mixin.py:149} INFO - [2026-09-13T01:33:47.909+0000] {dag.py:3490} INFO - Setting next_dagrun for 6-XCom to 2023-05-01T00:00:00+00:00, run_after=2023-05-02T00:00:00+00:00
[2026-09-13T01:33:47.950+0000] {processor.py:178} INFO - Processing /opt/airflow/dags/6_xcoms.py took 0.464 seconds
[2026-09-13T01:34:18.251+0000] {processor.py:156} INFO - Started process (PID=161395) to work on /opt/airflow/dags/6_xcoms.py
[2026-09-13T01:34:18.258+0000] {processor.py:799} INFO - Processing file /opt/airflow/dags/6_xcoms.py for tasks to queue
[2026-09-13T01:34:18.260+0000] {logging_mixin.py:149} INFO - [2026-09-13T01:34:18.260+0000] {dagbag.py:541} INFO - Filling up the DagBag from /opt/airflow/dags/6_xcoms.py
[2026-09-13T01:34:18.296+0000] {processor.py:809} INFO - DAG(s) dict_keys(['6-XCom']) retrieved from /opt/airflow/dags/6_xcoms.py
[2026-09-13T01:34:18.557+0000] {logging_mixin.py:149} INFO - [2026-09-13T01:34:18.557+0000] {dag.py:2726} INFO - Sync 1 DAGs
[2026-09-13T01:34:18.598+0000] {logging_mixin.py:149} INFO - [2026-09-13T01:34:18.598+0000] {dag.py:3490} INFO - Setting next_dagrun for 6-XCom to 2023-05-01T00:00:00+00:00, run_after=2023-05-02T00:00:00+00:00
[2026-09-13T01:34:18.649+0000] {processor.py:178} INFO - Processing /opt/airflow/dags/6_xcoms.py took 0.409 seconds
[2026-09-13T01:34:48.902+0000] {processor.py:156} INFO - Started process (PID=161408) to work on /opt/airflow/dags/6_xcoms.py
[2026-09-13T01:34:48.908+0000] {processor.py:799} INFO - Processing file /opt/airflow/dags/6_xcoms.py for tasks to queue
[2026-09-13T01:34:48.910+0000] {logging_mixin.py:149} INFO - [2026-09-13T01:34:48.909+0000] {dagbag.py:541} INFO - Filling up the DagBag from /opt/airflow/dags/6_xcoms.py
[2026-09-13T01:34:48.940+0000] {processor.py:809} INFO - DAG(s) dict_keys(['6-XCom']) retrieved from /opt/airflow/dags/6_xcoms.py
[2026-09-13T01:34:49.267+0000] {logging_mixin.py:149} INFO - [2026-09-13T01:34:49.267+0000] {dag.py:2726} INFO - Sync 1 DAGs
[2026-09-13T01:34:49.306+0000] {logging_mixin.py:149} INFO - [2026-09-13T01:34:49.306+0000] {dag.py:3490} INFO - Setting next_dagrun for 6-XCom to 2023-05-01T00:00:00+00:00, run_after=2023-05-02T00:00:00+00:00
[2026-09-13T01:34:49.375+0000] {processor.py:178} INFO - Processing /opt/airflow/dags/6_xcoms.py took 0.482 seconds
[2026-09-13T01:35:20.344+0000] {processor.py:156} INFO - Started process (PID=161422) to work on /opt/airflow/dags/6_xcoms.py
[2026-09-13T01:35:20.347+0000] {processor.py:799} INFO - Processing file /opt/airflow/dags/6_xcoms.py for tasks to queue
[2026-09-13T01:35:20.349+0000] {logging_mixin.py:149} INFO - [2026-09-13T01:35:20.349+0000] {dagbag.py:541} INFO - Filling up the DagBag from /opt/airflow/dags/6_xcoms.py
[2026-09-13T01:35:20.385+0000] {processor.py:809} INFO - DAG(s) dict_keys(['6-XCom']) retrieved from /opt/airflow/dags/6_xcoms.py
[2026-09-13T01:35:20.460+0000] {logging_mixin.py:149} INFO - [2026-09-13T01:35:20.460+0000] {dag.py:2726} INFO - Sync 1 DAGs
[2026-09-13T01:35:20.543+0000] {logging_mixin.py:149} INFO - [2026-09-13T01:35:20.542+0000] {dag.py:3490} INFO - Setting next_dagrun for 6-XCom to 2023-05-01T00:00:00+00:00, run_after=2023-05-02T00:00:00+00:00
[2026-09-13T01:35:20.607+0000] {processor.py:178} INFO - Processing /opt/airflow/dags/6_xcoms.py took 0.274 seconds
[2026-09-13T01:35:50.861+0000] {processor.py:156} INFO - Started process (PID=161436) to work on /opt/airflow/dags/6_xcoms.py
[2026-09-13T01:35:50.864+0000] {processor.py:799} INFO - Processing file /opt/airflow/dags/6_xcoms.py for tasks to queue
[2026-09-13T01:35:50.866+0000] {logging_mixin.py:149} INFO - [2026-09-13T01:35:50.866+0000] {dagbag.py:541} INFO - Filling up the DagBag from /opt/airflow/dags/6_xcoms.py
[2026-09-13T01:35:50.903+0000] {processor.py:809} INFO - DAG(s) dict_keys(['6-XCom']) retrieved from /opt/airflow/dags/6_xcoms.py
[2026-09-13T01:35:51.004+0000] {logging_mixin.py:149} INFO - [2026-09-13T01:35:51.004+0000] {dag.py:2726} INFO - Sync 1 DAGs
[2026-09-13T01:35:51.056+0000] {logging_mixin.py:149} INFO - [2026-09-13T01:35:51.056+0000] {dag.py:3490} INFO - Setting next_dagrun for 6-XCom to 2023-05-01T00:00:00+00:00, run_after=2023-05-02T00:00:00+00:00
[2026-09-13T01:35:51.345+0000] {processor.py:178} INFO - Processing /opt/airflow/dags/6_xcoms.py took 0.494 seconds
[2026-09-13T01:36:21.755+0000] {processor.py:156} INFO - Started process (PID=161450) to work on /opt/airflow/dags/6_xcoms.py
[2026-09-13T01:36:21.757+0000] {processor.py:799} INFO - Processing file /opt/airflow/dags/6_xcoms.py for tasks to queue
[2026-09-13T01:36:21.759+0000] {logging_mixin.py:149} INFO - [2026-09-13T01:36:21.759+0000] {dagbag.py:541} INFO - Filling up the DagBag from /opt/airflow/dags/6_xcoms.py
[2026-09-13T01:36:21.788+0000] {processor.py:809} INFO - DAG(s) dict_keys(['6-XCom']) retrieved from /opt/airflow/dags/6_xcoms.py
[2026-09-13T01:36:21.843+0000] {logging_mixin.py:149} INFO - [2026-09-13T01:36:21.843+0000] {dag.py:2726} INFO - Sync 1 DAGs
[2026-09-13T01:36:22.108+0000] {logging_mixin.py:149} INFO - [2026-09-13T01:36:22.108+0000] {dag.py:3490} INFO - Setting next_dagrun for 6-XCom to 2023-05-01T00:00:00+00:00, run_after=2023-05-02T00:00:00+00:00
[2026-09-13T01:36:22.152+0000] {processor.py:178} INFO - Processing /opt/airflow/dags/6_xcoms.py took 0.405 seconds
[2026-09-13T01:36:52.433+0000] {processor.py:156} INFO - Started process (PID=161463) to work on /opt/airflow/dags/6_xcoms.py
[2026-09-13T01:36:52.436+0000] {processor.py:799} INFO - Processing file /opt/airflow/dags/6_xcoms.py for tasks to queue
[2026-09-13T01:36:52.438+0000] {logging_mixin.py:149} INFO - [2026-09-13T01:36:52.438+0000] {dagbag.py:541} INFO - Filling up the DagBag from /opt/airflow/dags/6_xcoms.py
[2026-09-13T01:36:52.466+0000] {processor.py:809} INFO - DAG(s) dict_keys(['6-XCom']) retrieved from /opt/airflow/dags/6_xcoms.py
[2026-09-13T01:36:52.571+0000] {logging_mixin.py:149} INFO - [2026-09-13T01:36:52.571+0000] {dag.py:2726} INFO - Sync 1 DAGs
[2026-09-13T01:36:52.837+0000] {logging_mixin.py:149} INFO - [2026-09-13T01:36:52.836+0000] {dag.py:3490} INFO - Setting next_dagrun for 6-XCom to 2023-05-01T00:00:00+00:00, run_after=2023-05-02T00:00:00+00:00
[2026-09-13T01:36:52.902+0000] {processor.py:178} INFO - Processing /opt/airflow/dags/6_xcoms.py took 0.479 seconds
[2026-09-13T01:37:23.150+0000] {processor.py:156} INFO - Started process (PID=161477) to work on /opt/airflow/dags/6_xcoms.py
[2026-09-13T01:37:23.155+0000] {processor.py:799} INFO - Processing file /opt/airflow/dags/6_xcoms.py for tasks to queue
[2026-09-13T01:37:23.157+0000] {logging_mixin.py:149} INFO - [2026-09-13T01:37:23.156+0000] {dagbag.py:541} INFO - Filling up the DagBag from /opt/airflow/dags/6_xcoms.py
[2026-09-13T01:37:23.189+0000] {processor.py:809} INFO - DAG(s) dict_keys(['6-XCom']) retrieved from /opt/airflow/dags/6_xcoms.py
[2026-09-13T01:37:23.531+0000] {logging_mixin.py:149} INFO - [2026-09-13T01:37:23.530+0000] {dag.py:2726} INFO - Sync 1 DAGs
[2026-09-13T01:37:23.609+0000] {logging_mixin.py:149} INFO - [2026-09-13T01:37:23.608+0000] {dag.py:3490} INFO - Setting next_dagrun for 6-XCom to 2023-05-01T00:00:00+00:00, run_after=2023-05-02T00:00:00+00:00
[2026-09-13T01:37:23.678+0000] {processor.py:178} INFO - Processing /opt/airflow/dags/6_xcoms.py took 0.537 seconds
[2026-09-13T01:37:54.152+0000] {processor.py:156} INFO - Started process (PID=161499) to work on /opt/airflow/dags/6_xcoms.py
[2026-09-13T01:37:54.159+0000] {processor.py:799} INFO - Processing file /opt/airflow/dags/6_xcoms.py for tasks to queue
[2026-09-13T01:37:54.161+0000] {logging_mixin.py:149} INFO - [2026-09-13T01:37:54.161+0000] {dagbag.py:541} INFO - Filling up the DagBag from /opt/airflow/dags/6_xcoms.py
[2026-09-13T01:37:54.213+0000] {processor.py:809} INFO - DAG(s) dict_keys(['6-XCom']) retrieved from /opt/airflow/dags/6_xcoms.py
[2026-09-13T01:37:54.300+0000] {logging_mixin.py:149} INFO - [2026-09-13T01:37:54.300+0000] {dag.py:2726} INFO - Sync 1 DAGs
[2026-09-13T01:37:54.378+0000] {logging_mixin.py:149} INFO - [2026-09-13T01:37:54.378+0000] {dag.py:3490} INFO - Setting next_dagrun for 6-XCom to 2023-05-01T00:00:00+00:00, run_after=2023-05-02T00:00:00+00:00
[2026-09-13T01:37:54.412+0000] {processor.py:178} INFO - Processing /opt/airflow/dags/6_xcoms.py took 0.269 seconds
[2026-09-13T01:38:24.753+0000] {processor.py:156} INFO - Started process (PID=161513) to work on /opt/airflow/dags/6_xcoms.py
[2026-09-13T01:38:24.757+0000] {processor.py:799} INFO - Processing file /opt/airflow/dags/6_xcoms.py for tasks to queue
[2026-09-13T01:38:24.759+0000] {logging_mixin.py:149} INFO - [2026-09-13T01:38:24.758+0000] {dagbag.py:541} INFO - Filling up the DagBag from /opt/airflow/dags/6_xcoms.py
[2026-09-13T01:38:24.795+0000] {processor.py:809} INFO - DAG(s) dict_keys(['6-XCom']) retrieved from /opt/airflow/dags/6_xcoms.py
[2026-09-13T01:38:24.886+0000] {logging_mixin.py:149} INFO - [2026-09-13T01:38:24.886+0000] {dag.py:2726} INFO - Sync 1 DAGs
[2026-09-13T01:38:24.948+0000] {logging_mixin.py:149} INFO - [2026-09-13T01:38:24.948+0000] {dag.py:3490} INFO - Setting next_dagrun for 6-XCom to 2023-05-01T00:00:00+00:00, run_after=2023-05-02T00:00:00+00:00
[2026-09-13T01:38:25.002+0000] {processor.py:178} INFO - Processing /opt/airflow/dags/6_xcoms.py took 0.261 seconds
[2026-09-13T01:38:55.125+0000] {processor.py:156} INFO - Started process (PID=161527) to work on /opt/airflow/dags/6_xcoms.py
[2026-09-13T01:38:55.138+0000] {processor.py:799} INFO - Processing file /opt/airflow/dags/6_xcoms.py for tasks to queue
[2026-09-13T01:38:55.140+0000] {logging_mixin.py:149} INFO - [2026-09-13T01:38:55.139+0000] {dagbag.py:541} INFO - Filling up the DagBag from /opt/airflow/dags/6_xcoms.py
[2026-09-13T01:38:55.173+0000] {processor.py:809} INFO - DAG(s) dict_keys(['6-XCom']) retrieved from /opt/airflow/dags/6_xcoms.py
[2026-09-13T01:38:55.230+0000] {logging_mixin.py:149} INFO - [2026-09-13T01:38:55.230+0000] {dag.py:2726} INFO - Sync 1 DAGs
[2026-09-13T01:38:55.510+0000] {logging_mixin.py:149} INFO - [2026-09-13T01:38:55.509+0000] {dag.py:3490} INFO - Setting next_dagrun for 6-XCom to 2023-05-01T00:00:00+00:00, run_after=2023-05-02T00:00:00+00:00
[2026-09-13T01:38:55.553+0000] {processor.py:178} INFO - Processing /opt/airflow/dags/6_xcoms.py took 0.437 seconds
[2026-09-13T01:39:26.014+0000] {processor.py:156} INFO - Started process (PID=161541) to work on /opt/airflow/dags/6_xcoms.py
[2026-09-13T01:39:26.018+0000] {processor.py:799} INFO - Processing file /opt/airflow/dags/6_xcoms.py for tasks to queue
[2026-09-13T01:39:26.019+0000] {logging_mixin.py:149} INFO - [2026-09-13T01:39:26.019+0000] {dagbag.py:541} INFO - Filling up the DagBag from /opt/airflow/dags/6_xcoms.py
[2026-09-13T01:39:26.045+0000] {processor.py:809} INFO - DAG(s) dict_keys(['6-XCom']) retrieved from /opt/airflow/dags/6_xcoms.py
[2026-09-13T01:39:26.144+0000] {logging_mixin.py:149} INFO - [2026-09-13T01:39:26.143+0000] {dag.py:2726} INFO - Sync 1 DAGs
[2026-09-13T01:39:26.466+0000] {logging_mixin.py:149} INFO - [2026-09-13T01:39:26.466+0000] {dag.py:3490} INFO - Setting next_dagrun for 6-XCom to 2023-05-01T00:00:00+00:00, run_after=2023-05-02T00:00:00+00:00
[2026-09-13T01:39:26.498+0000] {processor.py:178} INFO - Processing /opt/airflow/dags/6_xcoms.py took 0.491 seconds
[2026-09-13T01:39:56.859+0000] {processor.py:156} INFO - Started process (PID=161555) to work on /opt/airflow/dags/6_xcoms.py
[2026-09-13T01:39:56.862+0000] {processor.py:799} INFO - Processing file /opt/airflow/dags/6_xcoms.py for tasks to queue
[2026-09-13T01:39:56.863+0000] {logging_mixin.py:149} INFO - [2026-09-13T01:39:56.863+0000] {dagbag.py:541} INFO - Filling up the DagBag from /opt/airflow/dags/6_xcoms.py
[2026-09-13T01:39:56.886+0000] {processor.py:809} INFO - DAG(s) dict_keys(['6-XCom']) retrieved from /opt/airflow/dags/6_xcoms.py
[2026-09-13T01:39:57.166+0000] {logging_mixin.py:149} INFO - [2026-09-13T01:39:57.166+0000] {dag.py:2726} INFO - Sync 1 DAGs
[2026-09-13T01:39:57.197+0000] {logging_mixin.py:149} INFO - [2026-09-13T01:39:57.197+0000] {dag.py:3490} INFO - Setting next_dagrun for 6-XCom to 2023-05-01T00:00:00+00:00, run_after=2023-05-02T00:00:00+00:00
[2026-09-13T01:39:57.224+0000] {processor.py:178} INFO - Processing /opt/airflow/dags/6_xcoms.py took 0.371 seconds
[2026-09-13T01:40:27.589+0000] {processor.py:156} INFO - Started process (PID=161569) to work on /opt/airflow/dags/6_xcoms.py
[2026-09-13T01:40:27.593+0000] {processor.py:799} INFO - Processing file /opt/airflow/dags/6_xcoms.py for tasks to queue
[2026-09-13T01:40:27.595+0000] {logging_mixin.py:149} INFO - [2026-09-13T01:40:27.594+0000] {dagbag.py:541} INFO - Filling up the DagBag from /opt/airflow/dags/6_xcoms.py
[2026-09-13T01:40:27.631+0000] {processor.py:809} INFO - DAG(s) dict_keys(['6-XCom']) retrieved from /opt/airflow/dags/6_xcoms.py
[2026-09-13T01:40:27.974+0000] {logging_mixin.py:149} INFO - [2026-09-13T01:40:27.974+0000] {dag.py:2726} INFO - Sync 1 DAGs
[2026-09-13T01:40:28.029+0000] {logging_mixin.py:149} INFO - [2026-09-13T01:40:28.029+0000] {dag.py:3490} INFO - Setting next_dagrun for 6-XCom to 2023-05-01T00:00:00+00:00, run_after=2023-05-02T00:00:00+00:00
[2026-09-13T01:40:28.093+0000] {processor.py:178} INFO - Processing /opt/airflow/dags/6_xcoms.py took 0.516 seconds
[2026-09-13T01:40:58.678+0000] {processor.py:156} INFO - Started process (PID=161583) to work on /opt/airflow/dags/6_xcoms.py
[2026-09-13T01:40:58.681+0000] {processor.py:799} INFO - Processing file /opt/airflow/dags/6_xcoms.py for tasks to queue
[2026-09-13T01:40:58.683+0000] {logging_mixin.py:149} INFO - [2026-09-13T01:40:58.682+0000] {dagbag.py:541} INFO - Filling up the DagBag from /opt/airflow/dags/6_xcoms.py
[2026-09-13T01:40:58.720+0000] {processor.py:809} INFO - DAG(s) dict_keys(['6-XCom']) retrieved from /opt/airflow/dags/6_xcoms.py
[2026-09-13T01:40:58.803+0000] {logging_mixin.py:149} INFO - [2026-09-13T01:40:58.803+0000] {dag.py:2726} INFO - Sync 1 DAGs
[2026-09-13T01:40:58.851+0000] {logging_mixin.py:149} INFO - [2026-09-13T01:40:58.851+0000] {dag.py:3490} INFO - Setting next_dagrun for 6-XCom to 2023-05-01T00:00:00+00:00, run_after=2023-05-02T00:00:00+00:00
[2026-09-13T01:40:58.880+0000] {processor.py:178} INFO - Processing /opt/airflow/dags/6_xcoms.py took 0.214 seconds
[2026-09-13T01:41:29.156+0000] {processor.py:156} INFO - Started process (PID=161598) to work on /opt/airflow/dags/6_xcoms.py
[2026-09-13T01:41:29.159+0000] {processor.py:799} INFO - Processing file /opt/airflow/dags/6_xcoms.py for tasks to queue
[2026-09-13T01:41:29.161+0000] {logging_mixin.py:149} INFO - [2026-09-13T01:41:29.161+0000] {dagbag.py:541} INFO - Filling up the DagBag from /opt/airflow/dags/6_xcoms.py
[2026-09-13T01:41:29.198+0000] {processor.py:809} INFO - DAG(s) dict_keys(['6-XCom']) retrieved from /opt/airflow/dags/6_xcoms.py
[2026-09-13T01:41:29.279+0000] {logging_mixin.py:149} INFO - [2026-09-13T01:41:29.279+0000] {dag.py:2726} INFO - Sync 1 DAGs
[2026-09-13T01:41:29.345+0000] {logging_mixin.py:149} INFO - [2026-09-13T01:41:29.345+0000] {dag.py:3490} INFO - Setting next_dagrun for 6-XCom to 2023-05-01T00:00:00+00:00, run_after=2023-05-02T00:00:00+00:00
[2026-09-13T01:41:29.625+0000] {processor.py:178} INFO - Processing /opt/airflow/dags/6_xcoms.py took 0.492 seconds
[2026-09-13T01:41:59.989+0000] {processor.py:156} INFO - Started process (PID=161612) to work on /opt/airflow/dags/6_xcoms.py
[2026-09-13T01:41:59.992+0000] {processor.py:799} INFO - Processing file /opt/airflow/dags/6_xcoms.py for tasks to queue
[2026-09-13T01:41:59.994+0000] {logging_mixin.py:149} INFO - [2026-09-13T01:41:59.994+0000] {dagbag.py:541} INFO - Filling up the DagBag from /opt/airflow/dags/6_xcoms.py
[2026-09-13T01:42:00.033+0000] {processor.py:809} INFO - DAG(s) dict_keys(['6-XCom']) retrieved from /opt/airflow/dags/6_xcoms.py
[2026-09-13T01:42:00.129+0000] {logging_mixin.py:149} INFO - [2026-09-13T01:42:00.129+0000] {dag.py:2726} INFO - Sync 1 DAGs
[2026-09-13T01:42:00.473+0000] {logging_mixin.py:149} INFO - [2026-09-13T01:42:00.473+0000] {dag.py:3490} INFO - Setting next_dagrun for 6-XCom to 2023-05-01T00:00:00+00:00, run_after=2023-05-02T00:00:00+00:00
[2026-09-13T01:42:00.512+0000] {processor.py:178} INFO - Processing /opt/airflow/dags/6_xcoms.py took 0.536 seconds
[2026-09-13T01:42:30.885+0000] {processor.py:156} INFO - Started process (PID=161626) to work on /opt/airflow/dags/6_xcoms.py
[2026-09-13T01:42:30.889+0000] {processor.py:799} INFO - Processing file /opt/airflow/dags/6_xcoms.py for tasks to queue
[2026-09-13T01:42:30.892+0000] {logging_mixin.py:149} INFO - [2026-09-13T01:42:30.891+0000] {dagbag.py:541} INFO - Filling up the DagBag from /opt/airflow/dags/6_xcoms.py
[2026-09-13T01:42:30.926+0000] {processor.py:809} INFO - DAG(s) dict_keys(['6-XCom']) retrieved from /opt/airflow/dags/6_xcoms.py
[2026-09-13T01:42:31.038+0000] {logging_mixin.py:149} INFO - [2026-09-13T01:42:31.037+0000] {dag.py:2726} INFO - Sync 1 DAGs
[2026-09-13T01:42:31.335+0000] {logging_mixin.py:149} INFO - [2026-09-13T01:42:31.334+0000] {dag.py:3490} INFO - Setting next_dagrun for 6-XCom to 2023-05-01T00:00:00+00:00, run_after=2023-05-02T00:00:00+00:00
[2026-09-13T01:42:31.363+0000] {processor.py:178} INFO - Processing /opt/airflow/dags/6_xcoms.py took 0.487 seconds
[2026-09-13T01:43:01.603+0000] {processor.py:156} INFO - Started process (PID=161640) to work on /opt/airflow/dags/6_xcoms.py
[2026-09-13T01:43:01.605+0000] {processor.py:799} INFO - Processing file /opt/airflow/dags/6_xcoms.py for tasks to queue
[2026-09-13T01:43:01.606+0000] {logging_mixin.py:149} INFO - [2026-09-13T01:43:01.606+0000] {dagbag.py:541} INFO - Filling up the DagBag from /opt/airflow/dags/6_xcoms.py
[2026-09-13T01:43:01.625+0000] {processor.py:809} INFO - DAG(s) dict_keys(['6-XCom']) retrieved from /opt/airflow/dags/6_xcoms.py
[2026-09-13T01:43:01.909+0000] {logging_mixin.py:149} INFO - [2026-09-13T01:43:01.909+0000] {dag.py:2726} INFO - Sync 1 DAGs
[2026-09-13T01:43:01.966+0000] {logging_mixin.py:149} INFO - [2026-09-13T01:43:01.966+0000] {dag.py:3490} INFO - Setting next_dagrun for 6-XCom to 2023-05-01T00:00:00+00:00, run_after=2023-05-02T00:00:00+00:00
[2026-09-13T01:43:02.015+0000] {processor.py:178} INFO - Processing /opt/airflow/dags/6_xcoms.py took 0.417 seconds
[2026-09-13T01:43:32.504+0000] {processor.py:156} INFO - Started process (PID=161654) to work on /opt/airflow/dags/6_xcoms.py
[2026-09-13T01:43:32.508+0000] {processor.py:799} INFO - Processing file /opt/airflow/dags/6_xcoms.py for tasks to queue
[2026-09-13T01:43:32.510+0000] {logging_mixin.py:149} INFO - [2026-09-13T01:43:32.509+0000] {dagbag.py:541} INFO - Filling up the DagBag from /opt/airflow/dags/6_xcoms.py
[2026-09-13T01:43:32.544+0000] {processor.py:809} INFO - DAG(s) dict_keys(['6-XCom']) retrieved from /opt/airflow/dags/6_xcoms.py
[2026-09-13T01:43:32.614+0000] {logging_mixin.py:149} INFO - [2026-09-13T01:43:32.613+0000] {dag.py:2726} INFO - Sync 1 DAGs
[2026-09-13T01:43:32.682+0000] {logging_mixin.py:149} INFO - [2026-09-13T01:43:32.681+0000] {dag.py:3490} INFO - Setting next_dagrun for 6-XCom to 2023-05-01T00:00:00+00:00, run_after=2023-05-02T00:00:00+00:00
[2026-09-13T01:43:32.753+0000] {processor.py:178} INFO - Processing /opt/airflow/dags/6_xcoms.py took 0.261 seconds
[2026-09-13T01:44:02.980+0000] {processor.py:156} INFO - Started process (PID=161668) to work on /opt/airflow/dags/6_xcoms.py
[2026-09-13T01:44:02.985+0000] {processor.py:799} INFO - Processing file /opt/airflow/dags/6_xcoms.py for tasks to queue
[2026-09-13T01:44:02.987+0000] {logging_mixin.py:149} INFO - [2026-09-13T01:44:02.986+0000] {dagbag.py:541} INFO - Filling up the DagBag from /opt/airflow/dags/6_xcoms.py
[2026-09-13T01:44:03.018+0000] {processor.py:809} INFO - DAG(s) dict_keys(['6-XCom']) retrieved from /opt/airflow/dags/6_xcoms.py
[2026-09-13T01:44:03.091+0000] {logging_mixin.py:149} INFO - [2026-09-13T01:44:03.091+0000] {dag.py:2726} INFO - Sync 1 DAGs
[2026-09-13T01:44:03.160+0000] {logging_mixin.py:149} INFO - [2026-09-13T01:44:03.160+0000] {dag.py:3490} INFO - Setting next_dagrun for 6-XCom to 2023-05-01T00:00:00+00:00, run_after=2023-05-02T00:00:00+00:00
[2026-09-13T01:44:03.520+0000] {processor.py:178} INFO - Processing /opt/airflow/dags/6_xcoms.py took 0.548 seconds
[2026-09-13T01:44:33.873+0000] {processor.py:156} INFO - Started process (PID=161682) to work on /opt/airflow/dags/6_xcoms.py
[2026-09-13T01:44:33.878+0000] {processor.py:799} INFO - Processing file /opt/airflow/dags/6_xcoms.py for tasks to queue
[2026-09-13T01:44:33.880+0000] {logging_mixin.py:149} INFO - [2026-09-13T01:44:33.880+0000] {dagbag.py:541} INFO - Filling up the DagBag from /opt/airflow/dags/6_xcoms.py
[2026-09-13T01:44:33.918+0000] {processor.py:809} INFO - DAG(s) dict_keys(['6-XCom']) retrieved from /opt/airflow/dags/6_xcoms.py
[2026-09-13T01:44:33.993+0000] {logging_mixin.py:149} INFO - [2026-09-13T01:44:33.992+0000] {dag.py:2726} INFO - Sync 1 DAGs
[2026-09-13T01:44:34.240+0000] {logging_mixin.py:149} INFO - [2026-09-13T01:44:34.240+0000] {dag.py:3490} INFO - Setting next_dagrun for 6-XCom to 2023-05-01T00:00:00+00:00, run_after=2023-05-02T00:00:00+00:00
[2026-09-13T01:44:34.264+0000] {processor.py:178} INFO - Processing /opt/airflow/dags/6_xcoms.py took 0.402 seconds
[2026-09-13T01:45:04.672+0000] {processor.py:156} INFO - Started process (PID=161696) to work on /opt/airflow/dags/6_xcoms.py
[2026-09-13T01:45:04.675+0000] {processor.py:799} INFO - Processing file /opt/airflow/dags/6_xcoms.py for tasks to queue
[2026-09-13T01:45:04.677+0000] {logging_mixin.py:149} INFO - [2026-09-13T01:45:04.677+0000] {dagbag.py:541} INFO - Filling up the DagBag from /opt/airflow/dags/6_xcoms.py
[2026-09-13T01:45:04.712+0000] {processor.py:809} INFO - DAG(s) dict_keys(['6-XCom']) retrieved from /opt/airflow/dags/6_xcoms.py
[2026-09-13T01:45:04.808+0000] {logging_mixin.py:149} INFO - [2026-09-13T01:45:04.807+0000] {dag.py:2726} INFO - Sync 1 DAGs
[2026-09-13T01:45:05.079+0000] {logging_mixin.py:149} INFO - [2026-09-13T01:45:05.079+0000] {dag.py:3490} INFO - Setting next_dagrun for 6-XCom to 2023-05-01T00:00:00+00:00, run_after=2023-05-02T00:00:00+00:00
[2026-09-13T01:45:05.108+0000] {processor.py:178} INFO - Processing /opt/airflow/dags/6_xcoms.py took 0.448 seconds
[2026-09-13T01:45:35.309+0000] {processor.py:156} INFO - Started process (PID=161710) to work on /opt/airflow/dags/6_xcoms.py
[2026-09-13T01:45:35.313+0000] {processor.py:799} INFO - Processing file /opt/airflow/dags/6_xcoms.py for tasks to queue
[2026-09-13T01:45:35.315+0000] {logging_mixin.py:149} INFO - [2026-09-13T01:45:35.315+0000] {dagbag.py:541} INFO - Filling up the DagBag from /opt/airflow/dags/6_xcoms.py
[2026-09-13T01:45:35.350+0000] {processor.py:809} INFO - DAG(s) dict_keys(['6-XCom']) retrieved from /opt/airflow/dags/6_xcoms.py
[2026-09-13T01:45:35.633+0000] {logging_mixin.py:149} INFO - [2026-09-13T01:45:35.633+0000] {dag.py:2726} INFO - Sync 1 DAGs
[2026-09-13T01:45:35.724+0000] {logging_mixin.py:149} INFO - [2026-09-13T01:45:35.723+0000] {dag.py:3490} INFO - Setting next_dagrun for 6-XCom to 2023-05-01T00:00:00+00:00, run_after=2023-05-02T00:00:00+00:00
[2026-09-13T01:45:35.775+0000] {processor.py:178} INFO - Processing /opt/airflow/dags/6_xcoms.py took 0.478 seconds
[2026-09-13T01:46:06.176+0000] {processor.py:156} INFO - Started process (PID=161724) to work on /opt/airflow/dags/6_xcoms.py
[2026-09-13T01:46:06.179+0000] {processor.py:799} INFO - Processing file /opt/airflow/dags/6_xcoms.py for tasks to queue
[2026-09-13T01:46:06.181+0000] {logging_mixin.py:149} INFO - [2026-09-13T01:46:06.180+0000] {dagbag.py:541} INFO - Filling up the DagBag from /opt/airflow/dags/6_xcoms.py
[2026-09-13T01:46:06.207+0000] {processor.py:809} INFO - DAG(s) dict_keys(['6-XCom']) retrieved from /opt/airflow/dags/6_xcoms.py
[2026-09-13T01:46:06.490+0000] {logging_mixin.py:149} INFO - [2026-09-13T01:46:06.489+0000] {dag.py:2726} INFO - Sync 1 DAGs
[2026-09-13T01:46:06.549+0000] {logging_mixin.py:149} INFO - [2026-09-13T01:46:06.548+0000] {dag.py:3490} INFO - Setting next_dagrun for 6-XCom to 2023-05-01T00:00:00+00:00, run_after=2023-05-02T00:00:00+00:00
[2026-09-13T01:46:06.603+0000] {processor.py:178} INFO - Processing /opt/airflow/dags/6_xcoms.py took 0.435 seconds
[2026-09-13T01:46:36.918+0000] {processor.py:156} INFO - Started process (PID=161738) to work on /opt/airflow/dags/6_xcoms.py
[2026-09-13T01:46:36.921+0000] {processor.py:799} INFO - Processing file /opt/airflow/dags/6_xcoms.py for tasks to queue
[2026-09-13T01:46:36.923+0000] {logging_mixin.py:149} INFO - [2026-09-13T01:46:36.922+0000] {dagbag.py:541} INFO - Filling up the DagBag from /opt/airflow/dags/6_xcoms.py
[2026-09-13T01:46:36.959+0000] {processor.py:809} INFO - DAG(s) dict_keys(['6-XCom']) retrieved from /opt/airflow/dags/6_xcoms.py
[2026-09-13T01:46:37.057+0000] {logging_mixin.py:149} INFO - [2026-09-13T01:46:37.057+0000] {dag.py:2726} INFO - Sync 1 DAGs
[2026-09-13T01:46:37.164+0000] {logging_mixin.py:149} INFO - [2026-09-13T01:46:37.163+0000] {dag.py:3490} INFO - Setting next_dagrun for 6-XCom to 2023-05-01T00:00:00+00:00, run_after=2023-05-02T00:00:00+00:00
[2026-09-13T01:46:37.233+0000] {processor.py:178} INFO - Processing /opt/airflow/dags/6_xcoms.py took 0.326 seconds
[2026-09-13T01:47:07.461+0000] {processor.py:156} INFO - Started process (PID=161752) to work on /opt/airflow/dags/6_xcoms.py
[2026-09-13T01:47:07.464+0000] {processor.py:799} INFO - Processing file /opt/airflow/dags/6_xcoms.py for tasks to queue
[2026-09-13T01:47:07.466+0000] {logging_mixin.py:149} INFO - [2026-09-13T01:47:07.465+0000] {dagbag.py:541} INFO - Filling up the DagBag from /opt/airflow/dags/6_xcoms.py
[2026-09-13T01:47:07.492+0000] {processor.py:809} INFO - DAG(s) dict_keys(['6-XCom']) retrieved from /opt/airflow/dags/6_xcoms.py
[2026-09-13T01:47:07.562+0000] {logging_mixin.py:149} INFO - [2026-09-13T01:47:07.562+0000] {dag.py:2726} INFO - Sync 1 DAGs
[2026-09-13T01:47:07.612+0000] {logging_mixin.py:149} INFO - [2026-09-13T01:47:07.612+0000] {dag.py:3490} INFO - Setting next_dagrun for 6-XCom to 2023-05-01T00:00:00+00:00, run_after=2023-05-02T00:00:00+00:00
[2026-09-13T01:47:07.672+0000] {processor.py:178} INFO - Processing /opt/airflow/dags/6_xcoms.py took 0.220 seconds
[2026-09-13T01:47:37.887+0000] {processor.py:156} INFO - Started process (PID=161766) to work on /opt/airflow/dags/6_xcoms.py
[2026-09-13T01:47:37.891+0000] {processor.py:799} INFO - Processing file /opt/airflow/dags/6_xcoms.py for tasks to queue
[2026-09-13T01:47:37.893+0000] {logging_mixin.py:149} INFO - [2026-09-13T01:47:37.892+0000] {dagbag.py:541} INFO - Filling up the DagBag from /opt/airflow/dags/6_xcoms.py
[2026-09-13T01:47:37.927+0000] {processor.py:809} INFO - DAG(s) dict_keys(['6-XCom']) retrieved from /opt/airflow/dags/6_xcoms.py
[2026-09-13T01:47:38.000+0000] {logging_mixin.py:149} INFO - [2026-09-13T01:47:37.999+0000] {dag.py:2726} INFO - Sync 1 DAGs
[2026-09-13T01:47:38.058+0000] {logging_mixin.py:149} INFO - [2026-09-13T01:47:38.057+0000] {dag.py:3490} INFO - Setting next_dagrun for 6-XCom to 2023-05-01T00:00:00+00:00, run_after=2023-05-02T00:00:00+00:00
[2026-09-13T01:47:38.116+0000] {processor.py:178} INFO - Processing /opt/airflow/dags/6_xcoms.py took 0.240 seconds
[2026-09-13T01:48:08.375+0000] {processor.py:156} INFO - Started process (PID=161780) to work on /opt/airflow/dags/6_xcoms.py
[2026-09-13T01:48:08.377+0000] {processor.py:799} INFO - Processing file /opt/airflow/dags/6_xcoms.py for tasks to queue
[2026-09-13T01:48:08.378+0000] {logging_mixin.py:149} INFO - [2026-09-13T01:48:08.378+0000] {dagbag.py:541} INFO - Filling up the DagBag from /opt/airflow/dags/6_xcoms.py
[2026-09-13T01:48:08.397+0000] {processor.py:809} INFO - DAG(s) dict_keys(['6-XCom']) retrieved from /opt/airflow/dags/6_xcoms.py
[2026-09-13T01:48:08.442+0000] {logging_mixin.py:149} INFO - [2026-09-13T01:48:08.442+0000] {dag.py:2726} INFO - Sync 1 DAGs
[2026-09-13T01:48:08.479+0000] {logging_mixin.py:149} INFO - [2026-09-13T01:48:08.478+0000] {dag.py:3490} INFO - Setting next_dagrun for 6-XCom to 2023-05-01T00:00:00+00:00, run_after=2023-05-02T00:00:00+00:00
[2026-09-13T01:48:08.533+0000] {processor.py:178} INFO - Processing /opt/airflow/dags/6_xcoms.py took 0.163 seconds
[2026-09-13T01:48:38.852+0000] {processor.py:156} INFO - Started process (PID=161794) to work on /opt/airflow/dags/6_xcoms.py
[2026-09-13T01:48:38.858+0000] {processor.py:799} INFO - Processing file /opt/airflow/dags/6_xcoms.py for tasks to queue
[2026-09-13T01:48:38.859+0000] {logging_mixin.py:149} INFO - [2026-09-13T01:48:38.859+0000] {dagbag.py:541} INFO - Filling up the DagBag from /opt/airflow/dags/6_xcoms.py
[2026-09-13T01:48:38.899+0000] {processor.py:809} INFO - DAG(s) dict_keys(['6-XCom']) retrieved from /opt/airflow/dags/6_xcoms.py
[2026-09-13T01:48:38.996+0000] {logging_mixin.py:149} INFO - [2026-09-13T01:48:38.996+0000] {dag.py:2726} INFO - Sync 1 DAGs
[2026-09-13T01:48:39.048+0000] {logging_mixin.py:149} INFO - [2026-09-13T01:48:39.048+0000] {dag.py:3490} INFO - Setting next_dagrun for 6-XCom to 2023-05-01T00:00:00+00:00, run_after=2023-05-02T00:00:00+00:00
[2026-09-13T01:48:39.085+0000] {processor.py:178} INFO - Processing /opt/airflow/dags/6_xcoms.py took 0.258 seconds
[2026-09-13T01:49:09.303+0000] {processor.py:156} INFO - Started process (PID=161808) to work on /opt/airflow/dags/6_xcoms.py
[2026-09-13T01:49:09.311+0000] {processor.py:799} INFO - Processing file /opt/airflow/dags/6_xcoms.py for tasks to queue
[2026-09-13T01:49:09.313+0000] {logging_mixin.py:149} INFO - [2026-09-13T01:49:09.312+0000] {dagbag.py:541} INFO - Filling up the DagBag from /opt/airflow/dags/6_xcoms.py
[2026-09-13T01:49:09.359+0000] {processor.py:809} INFO - DAG(s) dict_keys(['6-XCom']) retrieved from /opt/airflow/dags/6_xcoms.py
[2026-09-13T01:49:09.460+0000] {logging_mixin.py:149} INFO - [2026-09-13T01:49:09.459+0000] {dag.py:2726} INFO - Sync 1 DAGs
[2026-09-13T01:49:09.535+0000] {logging_mixin.py:149} INFO - [2026-09-13T01:49:09.534+0000] {dag.py:3490} INFO - Setting next_dagrun for 6-XCom to 2023-05-01T00:00:00+00:00, run_after=2023-05-02T00:00:00+00:00
[2026-09-13T01:49:09.598+0000] {processor.py:178} INFO - Processing /opt/airflow/dags/6_xcoms.py took 0.309 seconds
[2026-09-13T01:49:39.829+0000] {processor.py:156} INFO - Started process (PID=161822) to work on /opt/airflow/dags/6_xcoms.py
[2026-09-13T01:49:39.832+0000] {processor.py:799} INFO - Processing file /opt/airflow/dags/6_xcoms.py for tasks to queue
[2026-09-13T01:49:39.833+0000] {logging_mixin.py:149} INFO - [2026-09-13T01:49:39.833+0000] {dagbag.py:541} INFO - Filling up the DagBag from /opt/airflow/dags/6_xcoms.py
[2026-09-13T01:49:39.861+0000] {processor.py:809} INFO - DAG(s) dict_keys(['6-XCom']) retrieved from /opt/airflow/dags/6_xcoms.py
[2026-09-13T01:49:39.957+0000] {logging_mixin.py:149} INFO - [2026-09-13T01:49:39.957+0000] {dag.py:2726} INFO - Sync 1 DAGs
[2026-09-13T01:49:40.019+0000] {logging_mixin.py:149} INFO - [2026-09-13T01:49:40.019+0000] {dag.py:3490} INFO - Setting next_dagrun for 6-XCom to 2023-05-01T00:00:00+00:00, run_after=2023-05-02T00:00:00+00:00
[2026-09-13T01:49:40.071+0000] {processor.py:178} INFO - Processing /opt/airflow/dags/6_xcoms.py took 0.250 seconds
[2026-09-13T01:50:10.275+0000] {processor.py:156} INFO - Started process (PID=161836) to work on /opt/airflow/dags/6_xcoms.py
[2026-09-13T01:50:10.279+0000] {processor.py:799} INFO - Processing file /opt/airflow/dags/6_xcoms.py for tasks to queue
[2026-09-13T01:50:10.283+0000] {logging_mixin.py:149} INFO - [2026-09-13T01:50:10.283+0000] {dagbag.py:541} INFO - Filling up the DagBag from /opt/airflow/dags/6_xcoms.py
[2026-09-13T01:50:10.318+0000] {processor.py:809} INFO - DAG(s) dict_keys(['6-XCom']) retrieved from /opt/airflow/dags/6_xcoms.py
[2026-09-13T01:50:10.407+0000] {logging_mixin.py:149} INFO - [2026-09-13T01:50:10.406+0000] {dag.py:2726} INFO - Sync 1 DAGs
[2026-09-13T01:50:10.493+0000] {logging_mixin.py:149} INFO - [2026-09-13T01:50:10.493+0000] {dag.py:3490} INFO - Setting next_dagrun for 6-XCom to 2023-05-01T00:00:00+00:00, run_after=2023-05-02T00:00:00+00:00
[2026-09-13T01:50:10.535+0000] {processor.py:178} INFO - Processing /opt/airflow/dags/6_xcoms.py took 0.272 seconds
[2026-09-13T01:50:40.758+0000] {processor.py:156} INFO - Started process (PID=161850) to work on /opt/airflow/dags/6_xcoms.py
[2026-09-13T01:50:40.762+0000] {processor.py:799} INFO - Processing file /opt/airflow/dags/6_xcoms.py for tasks to queue
[2026-09-13T01:50:40.763+0000] {logging_mixin.py:149} INFO - [2026-09-13T01:50:40.763+0000] {dagbag.py:541} INFO - Filling up the DagBag from /opt/airflow/dags/6_xcoms.py
[2026-09-13T01:50:40.799+0000] {processor.py:809} INFO - DAG(s) dict_keys(['6-XCom']) retrieved from /opt/airflow/dags/6_xcoms.py
[2026-09-13T01:50:40.876+0000] {logging_mixin.py:149} INFO - [2026-09-13T01:50:40.875+0000] {dag.py:2726} INFO - Sync 1 DAGs
[2026-09-13T01:50:40.919+0000] {logging_mixin.py:149} INFO - [2026-09-13T01:50:40.918+0000] {dag.py:3490} INFO - Setting next_dagrun for 6-XCom to 2023-05-01T00:00:00+00:00, run_after=2023-05-02T00:00:00+00:00
[2026-09-13T01:50:40.945+0000] {processor.py:178} INFO - Processing /opt/airflow/dags/6_xcoms.py took 0.197 seconds
[2026-09-13T01:51:11.160+0000] {processor.py:156} INFO - Started process (PID=161864) to work on /opt/airflow/dags/6_xcoms.py
[2026-09-13T01:51:11.168+0000] {processor.py:799} INFO - Processing file /opt/airflow/dags/6_xcoms.py for tasks to queue
[2026-09-13T01:51:11.171+0000] {logging_mixin.py:149} INFO - [2026-09-13T01:51:11.170+0000] {dagbag.py:541} INFO - Filling up the DagBag from /opt/airflow/dags/6_xcoms.py
[2026-09-13T01:51:11.213+0000] {processor.py:809} INFO - DAG(s) dict_keys(['6-XCom']) retrieved from /opt/airflow/dags/6_xcoms.py
[2026-09-13T01:51:11.310+0000] {logging_mixin.py:149} INFO - [2026-09-13T01:51:11.310+0000] {dag.py:2726} INFO - Sync 1 DAGs
[2026-09-13T01:51:11.409+0000] {logging_mixin.py:149} INFO - [2026-09-13T01:51:11.408+0000] {dag.py:3490} INFO - Setting next_dagrun for 6-XCom to 2023-05-01T00:00:00+00:00, run_after=2023-05-02T00:00:00+00:00
[2026-09-13T01:51:11.467+0000] {processor.py:178} INFO - Processing /opt/airflow/dags/6_xcoms.py took 0.317 seconds
[2026-09-13T01:51:41.810+0000] {processor.py:156} INFO - Started process (PID=161878) to work on /opt/airflow/dags/6_xcoms.py
[2026-09-13T01:51:41.814+0000] {processor.py:799} INFO - Processing file /opt/airflow/dags/6_xcoms.py for tasks to queue
[2026-09-13T01:51:41.816+0000] {logging_mixin.py:149} INFO - [2026-09-13T01:51:41.816+0000] {dagbag.py:541} INFO - Filling up the DagBag from /opt/airflow/dags/6_xcoms.py
[2026-09-13T01:51:41.849+0000] {processor.py:809} INFO - DAG(s) dict_keys(['6-XCom']) retrieved from /opt/airflow/dags/6_xcoms.py
[2026-09-13T01:51:41.944+0000] {logging_mixin.py:149} INFO - [2026-09-13T01:51:41.944+0000] {dag.py:2726} INFO - Sync 1 DAGs
[2026-09-13T01:51:42.024+0000] {logging_mixin.py:149} INFO - [2026-09-13T01:51:42.023+0000] {dag.py:3490} INFO - Setting next_dagrun for 6-XCom to 2023-05-01T00:00:00+00:00, run_after=2023-05-02T00:00:00+00:00
[2026-09-13T01:51:42.089+0000] {processor.py:178} INFO - Processing /opt/airflow/dags/6_xcoms.py took 0.290 seconds
[2026-09-13T01:52:12.361+0000] {processor.py:156} INFO - Started process (PID=161891) to work on /opt/airflow/dags/6_xcoms.py
[2026-09-13T01:52:12.365+0000] {processor.py:799} INFO - Processing file /opt/airflow/dags/6_xcoms.py for tasks to queue
[2026-09-13T01:52:12.367+0000] {logging_mixin.py:149} INFO - [2026-09-13T01:52:12.366+0000] {dagbag.py:541} INFO - Filling up the DagBag from /opt/airflow/dags/6_xcoms.py
[2026-09-13T01:52:12.403+0000] {processor.py:809} INFO - DAG(s) dict_keys(['6-XCom']) retrieved from /opt/airflow/dags/6_xcoms.py
[2026-09-13T01:52:12.490+0000] {logging_mixin.py:149} INFO - [2026-09-13T01:52:12.490+0000] {dag.py:2726} INFO - Sync 1 DAGs
[2026-09-13T01:52:12.558+0000] {logging_mixin.py:149} INFO - [2026-09-13T01:52:12.558+0000] {dag.py:3490} INFO - Setting next_dagrun for 6-XCom to 2023-05-01T00:00:00+00:00, run_after=2023-05-02T00:00:00+00:00
[2026-09-13T01:52:12.620+0000] {processor.py:178} INFO - Processing /opt/airflow/dags/6_xcoms.py took 0.273 seconds
[2026-09-13T01:52:42.677+0000] {processor.py:156} INFO - Started process (PID=161905) to work on /opt/airflow/dags/6_xcoms.py
[2026-09-13T01:52:42.683+0000] {processor.py:799} INFO - Processing file /opt/airflow/dags/6_xcoms.py for tasks to queue
[2026-09-13T01:52:42.685+0000] {logging_mixin.py:149} INFO - [2026-09-13T01:52:42.685+0000] {dagbag.py:541} INFO - Filling up the DagBag from /opt/airflow/dags/6_xcoms.py
[2026-09-13T01:52:42.726+0000] {processor.py:809} INFO - DAG(s) dict_keys(['6-XCom']) retrieved from /opt/airflow/dags/6_xcoms.py
[2026-09-13T01:52:42.827+0000] {logging_mixin.py:149} INFO - [2026-09-13T01:52:42.826+0000] {dag.py:2726} INFO - Sync 1 DAGs
[2026-09-13T01:52:42.921+0000] {logging_mixin.py:149} INFO - [2026-09-13T01:52:42.920+0000] {dag.py:3490} INFO - Setting next_dagrun for 6-XCom to 2023-05-01T00:00:00+00:00, run_after=2023-05-02T00:00:00+00:00
[2026-09-13T01:52:42.977+0000] {processor.py:178} INFO - Processing /opt/airflow/dags/6_xcoms.py took 0.311 seconds
[2026-09-13T01:53:13.142+0000] {processor.py:156} INFO - Started process (PID=161919) to work on /opt/airflow/dags/6_xcoms.py
[2026-09-13T01:53:13.145+0000] {processor.py:799} INFO - Processing file /opt/airflow/dags/6_xcoms.py for tasks to queue
[2026-09-13T01:53:13.147+0000] {logging_mixin.py:149} INFO - [2026-09-13T01:53:13.147+0000] {dagbag.py:541} INFO - Filling up the DagBag from /opt/airflow/dags/6_xcoms.py
[2026-09-13T01:53:13.185+0000] {processor.py:809} INFO - DAG(s) dict_keys(['6-XCom']) retrieved from /opt/airflow/dags/6_xcoms.py
[2026-09-13T01:53:13.253+0000] {logging_mixin.py:149} INFO - [2026-09-13T01:53:13.253+0000] {dag.py:2726} INFO - Sync 1 DAGs
[2026-09-13T01:53:13.308+0000] {logging_mixin.py:149} INFO - [2026-09-13T01:53:13.307+0000] {dag.py:3490} INFO - Setting next_dagrun for 6-XCom to 2023-05-01T00:00:00+00:00, run_after=2023-05-02T00:00:00+00:00
[2026-09-13T01:53:13.353+0000] {processor.py:178} INFO - Processing /opt/airflow/dags/6_xcoms.py took 0.223 seconds
[2026-09-13T01:53:43.656+0000] {processor.py:156} INFO - Started process (PID=161934) to work on /opt/airflow/dags/6_xcoms.py
[2026-09-13T01:53:43.661+0000] {processor.py:799} INFO - Processing file /opt/airflow/dags/6_xcoms.py for tasks to queue
[2026-09-13T01:53:43.663+0000] {logging_mixin.py:149} INFO - [2026-09-13T01:53:43.663+0000] {dagbag.py:541} INFO - Filling up the DagBag from /opt/airflow/dags/6_xcoms.py
[2026-09-13T01:53:43.702+0000] {processor.py:809} INFO - DAG(s) dict_keys(['6-XCom']) retrieved from /opt/airflow/dags/6_xcoms.py
[2026-09-13T01:53:43.780+0000] {logging_mixin.py:149} INFO - [2026-09-13T01:53:43.779+0000] {dag.py:2726} INFO - Sync 1 DAGs
[2026-09-13T01:53:43.832+0000] {logging_mixin.py:149} INFO - [2026-09-13T01:53:43.832+0000] {dag.py:3490} INFO - Setting next_dagrun for 6-XCom to 2023-05-01T00:00:00+00:00, run_after=2023-05-02T00:00:00+00:00
[2026-09-13T01:53:43.887+0000] {processor.py:178} INFO - Processing /opt/airflow/dags/6_xcoms.py took 0.242 seconds
[2026-09-13T01:54:14.138+0000] {processor.py:156} INFO - Started process (PID=161948) to work on /opt/airflow/dags/6_xcoms.py
[2026-09-13T01:54:14.141+0000] {processor.py:799} INFO - Processing file /opt/airflow/dags/6_xcoms.py for tasks to queue
[2026-09-13T01:54:14.143+0000] {logging_mixin.py:149} INFO - [2026-09-13T01:54:14.142+0000] {dagbag.py:541} INFO - Filling up the DagBag from /opt/airflow/dags/6_xcoms.py
[2026-09-13T01:54:14.178+0000] {processor.py:809} INFO - DAG(s) dict_keys(['6-XCom']) retrieved from /opt/airflow/dags/6_xcoms.py
[2026-09-13T01:54:14.242+0000] {logging_mixin.py:149} INFO - [2026-09-13T01:54:14.242+0000] {dag.py:2726} INFO - Sync 1 DAGs
[2026-09-13T01:54:14.283+0000] {logging_mixin.py:149} INFO - [2026-09-13T01:54:14.283+0000] {dag.py:3490} INFO - Setting next_dagrun for 6-XCom to 2023-05-01T00:00:00+00:00, run_after=2023-05-02T00:00:00+00:00
[2026-09-13T01:54:14.316+0000] {processor.py:178} INFO - Processing /opt/airflow/dags/6_xcoms.py took 0.188 seconds
[2026-09-13T01:54:44.545+0000] {processor.py:156} INFO - Started process (PID=161962) to work on /opt/airflow/dags/6_xcoms.py
[2026-09-13T01:54:44.548+0000] {processor.py:799} INFO - Processing file /opt/airflow/dags/6_xcoms.py for tasks to queue
[2026-09-13T01:54:44.550+0000] {logging_mixin.py:149} INFO - [2026-09-13T01:54:44.550+0000] {dagbag.py:541} INFO - Filling up the DagBag from /opt/airflow/dags/6_xcoms.py
[2026-09-13T01:54:44.585+0000] {processor.py:809} INFO - DAG(s) dict_keys(['6-XCom']) retrieved from /opt/airflow/dags/6_xcoms.py
[2026-09-13T01:54:44.672+0000] {logging_mixin.py:149} INFO - [2026-09-13T01:54:44.672+0000] {dag.py:2726} INFO - Sync 1 DAGs
[2026-09-13T01:54:44.732+0000] {logging_mixin.py:149} INFO - [2026-09-13T01:54:44.731+0000] {dag.py:3490} INFO - Setting next_dagrun for 6-XCom to 2023-05-01T00:00:00+00:00, run_after=2023-05-02T00:00:00+00:00
[2026-09-13T01:54:44.774+0000] {processor.py:178} INFO - Processing /opt/airflow/dags/6_xcoms.py took 0.241 seconds
[2026-09-13T01:55:15.053+0000] {processor.py:156} INFO - Started process (PID=161976) to work on /opt/airflow/dags/6_xcoms.py
[2026-09-13T01:55:15.057+0000] {processor.py:799} INFO - Processing file /opt/airflow/dags/6_xcoms.py for tasks to queue
[2026-09-13T01:55:15.059+0000] {logging_mixin.py:149} INFO - [2026-09-13T01:55:15.059+0000] {dagbag.py:541} INFO - Filling up the DagBag from /opt/airflow/dags/6_xcoms.py
[2026-09-13T01:55:15.097+0000] {processor.py:809} INFO - DAG(s) dict_keys(['6-XCom']) retrieved from /opt/airflow/dags/6_xcoms.py
[2026-09-13T01:55:15.181+0000] {logging_mixin.py:149} INFO - [2026-09-13T01:55:15.181+0000] {dag.py:2726} INFO - Sync 1 DAGs
[2026-09-13T01:55:15.268+0000] {logging_mixin.py:149} INFO - [2026-09-13T01:55:15.268+0000] {dag.py:3490} INFO - Setting next_dagrun for 6-XCom to 2023-05-01T00:00:00+00:00, run_after=2023-05-02T00:00:00+00:00
[2026-09-13T01:55:15.345+0000] {processor.py:178} INFO - Processing /opt/airflow/dags/6_xcoms.py took 0.304 seconds
[2026-09-13T01:55:45.537+0000] {processor.py:156} INFO - Started process (PID=161991) to work on /opt/airflow/dags/6_xcoms.py
[2026-09-13T01:55:45.541+0000] {processor.py:799} INFO - Processing file /opt/airflow/dags/6_xcoms.py for tasks to queue
[2026-09-13T01:55:45.542+0000] {logging_mixin.py:149} INFO - [2026-09-13T01:55:45.542+0000] {dagbag.py:541} INFO - Filling up the DagBag from /opt/airflow/dags/6_xcoms.py
[2026-09-13T01:55:45.574+0000] {processor.py:809} INFO - DAG(s) dict_keys(['6-XCom']) retrieved from /opt/airflow/dags/6_xcoms.py
[2026-09-13T01:55:45.633+0000] {logging_mixin.py:149} INFO - [2026-09-13T01:55:45.633+0000] {dag.py:2726} INFO - Sync 1 DAGs
[2026-09-13T01:55:45.685+0000] {logging_mixin.py:149} INFO - [2026-09-13T01:55:45.684+0000] {dag.py:3490} INFO - Setting next_dagrun for 6-XCom to 2023-05-01T00:00:00+00:00, run_after=2023-05-02T00:00:00+00:00
[2026-09-13T01:55:45.750+0000] {processor.py:178} INFO - Processing /opt/airflow/dags/6_xcoms.py took 0.223 seconds
[2026-09-13T01:56:16.047+0000] {processor.py:156} INFO - Started process (PID=162005) to work on /opt/airflow/dags/6_xcoms.py
[2026-09-13T01:56:16.053+0000] {processor.py:799} INFO - Processing file /opt/airflow/dags/6_xcoms.py for tasks to queue
[2026-09-13T01:56:16.055+0000] {logging_mixin.py:149} INFO - [2026-09-13T01:56:16.054+0000] {dagbag.py:541} INFO - Filling up the DagBag from /opt/airflow/dags/6_xcoms.py
[2026-09-13T01:56:16.103+0000] {processor.py:809} INFO - DAG(s) dict_keys(['6-XCom']) retrieved from /opt/airflow/dags/6_xcoms.py
[2026-09-13T01:56:16.191+0000] {logging_mixin.py:149} INFO - [2026-09-13T01:56:16.191+0000] {dag.py:2726} INFO - Sync 1 DAGs
[2026-09-13T01:56:16.252+0000] {logging_mixin.py:149} INFO - [2026-09-13T01:56:16.251+0000] {dag.py:3490} INFO - Setting next_dagrun for 6-XCom to 2023-05-01T00:00:00+00:00, run_after=2023-05-02T00:00:00+00:00
[2026-09-13T01:56:16.318+0000] {processor.py:178} INFO - Processing /opt/airflow/dags/6_xcoms.py took 0.286 seconds
[2026-09-13T01:56:46.545+0000] {processor.py:156} INFO - Started process (PID=162019) to work on /opt/airflow/dags/6_xcoms.py
[2026-09-13T01:56:46.547+0000] {processor.py:799} INFO - Processing file /opt/airflow/dags/6_xcoms.py for tasks to queue
[2026-09-13T01:56:46.549+0000] {logging_mixin.py:149} INFO - [2026-09-13T01:56:46.548+0000] {dagbag.py:541} INFO - Filling up the DagBag from /opt/airflow/dags/6_xcoms.py
[2026-09-13T01:56:46.588+0000] {processor.py:809} INFO - DAG(s) dict_keys(['6-XCom']) retrieved from /opt/airflow/dags/6_xcoms.py
[2026-09-13T01:56:46.680+0000] {logging_mixin.py:149} INFO - [2026-09-13T01:56:46.680+0000] {dag.py:2726} INFO - Sync 1 DAGs
[2026-09-13T01:56:46.756+0000] {logging_mixin.py:149} INFO - [2026-09-13T01:56:46.755+0000] {dag.py:3490} INFO - Setting next_dagrun for 6-XCom to 2023-05-01T00:00:00+00:00, run_after=2023-05-02T00:00:00+00:00
[2026-09-13T01:56:46.801+0000] {processor.py:178} INFO - Processing /opt/airflow/dags/6_xcoms.py took 0.262 seconds
[2026-09-13T01:57:16.945+0000] {processor.py:156} INFO - Started process (PID=162033) to work on /opt/airflow/dags/6_xcoms.py
[2026-09-13T01:57:16.951+0000] {processor.py:799} INFO - Processing file /opt/airflow/dags/6_xcoms.py for tasks to queue
[2026-09-13T01:57:16.953+0000] {logging_mixin.py:149} INFO - [2026-09-13T01:57:16.953+0000] {dagbag.py:541} INFO - Filling up the DagBag from /opt/airflow/dags/6_xcoms.py
[2026-09-13T01:57:16.990+0000] {processor.py:809} INFO - DAG(s) dict_keys(['6-XCom']) retrieved from /opt/airflow/dags/6_xcoms.py
[2026-09-13T01:57:17.062+0000] {logging_mixin.py:149} INFO - [2026-09-13T01:57:17.061+0000] {dag.py:2726} INFO - Sync 1 DAGs
[2026-09-13T01:57:17.129+0000] {logging_mixin.py:149} INFO - [2026-09-13T01:57:17.128+0000] {dag.py:3490} INFO - Setting next_dagrun for 6-XCom to 2023-05-01T00:00:00+00:00, run_after=2023-05-02T00:00:00+00:00
[2026-09-13T01:57:17.188+0000] {processor.py:178} INFO - Processing /opt/airflow/dags/6_xcoms.py took 0.255 seconds
[2026-09-13T01:57:47.329+0000] {processor.py:156} INFO - Started process (PID=162047) to work on /opt/airflow/dags/6_xcoms.py
[2026-09-13T01:57:47.336+0000] {processor.py:799} INFO - Processing file /opt/airflow/dags/6_xcoms.py for tasks to queue
[2026-09-13T01:57:47.338+0000] {logging_mixin.py:149} INFO - [2026-09-13T01:57:47.338+0000] {dagbag.py:541} INFO - Filling up the DagBag from /opt/airflow/dags/6_xcoms.py
[2026-09-13T01:57:47.381+0000] {processor.py:809} INFO - DAG(s) dict_keys(['6-XCom']) retrieved from /opt/airflow/dags/6_xcoms.py
[2026-09-13T01:57:47.474+0000] {logging_mixin.py:149} INFO - [2026-09-13T01:57:47.474+0000] {dag.py:2726} INFO - Sync 1 DAGs
[2026-09-13T01:57:47.560+0000] {logging_mixin.py:149} INFO - [2026-09-13T01:57:47.559+0000] {dag.py:3490} INFO - Setting next_dagrun for 6-XCom to 2023-05-01T00:00:00+00:00, run_after=2023-05-02T00:00:00+00:00
[2026-09-13T01:57:47.629+0000] {processor.py:178} INFO - Processing /opt/airflow/dags/6_xcoms.py took 0.311 seconds
[2026-09-13T01:58:17.867+0000] {processor.py:156} INFO - Started process (PID=162061) to work on /opt/airflow/dags/6_xcoms.py
[2026-09-13T01:58:17.870+0000] {processor.py:799} INFO - Processing file /opt/airflow/dags/6_xcoms.py for tasks to queue
[2026-09-13T01:58:17.872+0000] {logging_mixin.py:149} INFO - [2026-09-13T01:58:17.872+0000] {dagbag.py:541} INFO - Filling up the DagBag from /opt/airflow/dags/6_xcoms.py
[2026-09-13T01:58:17.905+0000] {processor.py:809} INFO - DAG(s) dict_keys(['6-XCom']) retrieved from /opt/airflow/dags/6_xcoms.py
[2026-09-13T01:58:17.983+0000] {logging_mixin.py:149} INFO - [2026-09-13T01:58:17.983+0000] {dag.py:2726} INFO - Sync 1 DAGs
[2026-09-13T01:58:18.055+0000] {logging_mixin.py:149} INFO - [2026-09-13T01:58:18.054+0000] {dag.py:3490} INFO - Setting next_dagrun for 6-XCom to 2023-05-01T00:00:00+00:00, run_after=2023-05-02T00:00:00+00:00
[2026-09-13T01:58:18.117+0000] {processor.py:178} INFO - Processing /opt/airflow/dags/6_xcoms.py took 0.262 seconds
[2026-09-13T01:58:48.314+0000] {processor.py:156} INFO - Started process (PID=162075) to work on /opt/airflow/dags/6_xcoms.py
[2026-09-13T01:58:48.317+0000] {processor.py:799} INFO - Processing file /opt/airflow/dags/6_xcoms.py for tasks to queue
[2026-09-13T01:58:48.318+0000] {logging_mixin.py:149} INFO - [2026-09-13T01:58:48.317+0000] {dagbag.py:541} INFO - Filling up the DagBag from /opt/airflow/dags/6_xcoms.py
[2026-09-13T01:58:48.343+0000] {processor.py:809} INFO - DAG(s) dict_keys(['6-XCom']) retrieved from /opt/airflow/dags/6_xcoms.py
[2026-09-13T01:58:48.422+0000] {logging_mixin.py:149} INFO - [2026-09-13T01:58:48.422+0000] {dag.py:2726} INFO - Sync 1 DAGs
[2026-09-13T01:58:48.491+0000] {logging_mixin.py:149} INFO - [2026-09-13T01:58:48.490+0000] {dag.py:3490} INFO - Setting next_dagrun for 6-XCom to 2023-05-01T00:00:00+00:00, run_after=2023-05-02T00:00:00+00:00
[2026-09-13T01:58:48.560+0000] {processor.py:178} INFO - Processing /opt/airflow/dags/6_xcoms.py took 0.257 seconds
[2026-09-13T01:59:18.780+0000] {processor.py:156} INFO - Started process (PID=162089) to work on /opt/airflow/dags/6_xcoms.py
[2026-09-13T01:59:18.782+0000] {processor.py:799} INFO - Processing file /opt/airflow/dags/6_xcoms.py for tasks to queue
[2026-09-13T01:59:18.783+0000] {logging_mixin.py:149} INFO - [2026-09-13T01:59:18.783+0000] {dagbag.py:541} INFO - Filling up the DagBag from /opt/airflow/dags/6_xcoms.py
[2026-09-13T01:59:18.805+0000] {processor.py:809} INFO - DAG(s) dict_keys(['6-XCom']) retrieved from /opt/airflow/dags/6_xcoms.py
[2026-09-13T01:59:18.860+0000] {logging_mixin.py:149} INFO - [2026-09-13T01:59:18.859+0000] {dag.py:2726} INFO - Sync 1 DAGs
[2026-09-13T01:59:18.901+0000] {logging_mixin.py:149} INFO - [2026-09-13T01:59:18.901+0000] {dag.py:3490} INFO - Setting next_dagrun for 6-XCom to 2023-05-01T00:00:00+00:00, run_after=2023-05-02T00:00:00+00:00
[2026-09-13T01:59:18.978+0000] {processor.py:178} INFO - Processing /opt/airflow/dags/6_xcoms.py took 0.204 seconds
[2026-09-13T01:59:49.066+0000] {processor.py:156} INFO - Started process (PID=162103) to work on /opt/airflow/dags/6_xcoms.py
[2026-09-13T01:59:49.069+0000] {processor.py:799} INFO - Processing file /opt/airflow/dags/6_xcoms.py for tasks to queue
[2026-09-13T01:59:49.071+0000] {logging_mixin.py:149} INFO - [2026-09-13T01:59:49.071+0000] {dagbag.py:541} INFO - Filling up the DagBag from /opt/airflow/dags/6_xcoms.py
[2026-09-13T01:59:49.106+0000] {processor.py:809} INFO - DAG(s) dict_keys(['6-XCom']) retrieved from /opt/airflow/dags/6_xcoms.py
[2026-09-13T01:59:49.179+0000] {logging_mixin.py:149} INFO - [2026-09-13T01:59:49.179+0000] {dag.py:2726} INFO - Sync 1 DAGs
[2026-09-13T01:59:49.228+0000] {logging_mixin.py:149} INFO - [2026-09-13T01:59:49.227+0000] {dag.py:3490} INFO - Setting next_dagrun for 6-XCom to 2023-05-01T00:00:00+00:00, run_after=2023-05-02T00:00:00+00:00
[2026-09-13T01:59:49.261+0000] {processor.py:178} INFO - Processing /opt/airflow/dags/6_xcoms.py took 0.204 seconds
[2026-09-13T02:00:19.504+0000] {processor.py:156} INFO - Started process (PID=162117) to work on /opt/airflow/dags/6_xcoms.py
[2026-09-13T02:00:19.509+0000] {processor.py:799} INFO - Processing file /opt/airflow/dags/6_xcoms.py for tasks to queue
[2026-09-13T02:00:19.512+0000] {logging_mixin.py:149} INFO - [2026-09-13T02:00:19.511+0000] {dagbag.py:541} INFO - Filling up the DagBag from /opt/airflow/dags/6_xcoms.py
[2026-09-13T02:00:19.545+0000] {processor.py:809} INFO - DAG(s) dict_keys(['6-XCom']) retrieved from /opt/airflow/dags/6_xcoms.py
[2026-09-13T02:00:19.644+0000] {logging_mixin.py:149} INFO - [2026-09-13T02:00:19.643+0000] {dag.py:2726} INFO - Sync 1 DAGs
[2026-09-13T02:00:19.722+0000] {logging_mixin.py:149} INFO - [2026-09-13T02:00:19.721+0000] {dag.py:3490} INFO - Setting next_dagrun for 6-XCom to 2023-05-01T00:00:00+00:00, run_after=2023-05-02T00:00:00+00:00
[2026-09-13T02:00:19.793+0000] {processor.py:178} INFO - Processing /opt/airflow/dags/6_xcoms.py took 0.301 seconds
[2026-09-13T02:00:50.037+0000] {processor.py:156} INFO - Started process (PID=162131) to work on /opt/airflow/dags/6_xcoms.py
[2026-09-13T02:00:50.041+0000] {processor.py:799} INFO - Processing file /opt/airflow/dags/6_xcoms.py for tasks to queue
[2026-09-13T02:00:50.043+0000] {logging_mixin.py:149} INFO - [2026-09-13T02:00:50.043+0000] {dagbag.py:541} INFO - Filling up the DagBag from /opt/airflow/dags/6_xcoms.py
[2026-09-13T02:00:50.089+0000] {processor.py:809} INFO - DAG(s) dict_keys(['6-XCom']) retrieved from /opt/airflow/dags/6_xcoms.py
[2026-09-13T02:00:50.179+0000] {logging_mixin.py:149} INFO - [2026-09-13T02:00:50.179+0000] {dag.py:2726} INFO - Sync 1 DAGs
[2026-09-13T02:00:50.253+0000] {logging_mixin.py:149} INFO - [2026-09-13T02:00:50.252+0000] {dag.py:3490} INFO - Setting next_dagrun for 6-XCom to 2023-05-01T00:00:00+00:00, run_after=2023-05-02T00:00:00+00:00
[2026-09-13T02:00:50.302+0000] {processor.py:178} INFO - Processing /opt/airflow/dags/6_xcoms.py took 0.276 seconds
[2026-09-13T02:01:20.576+0000] {processor.py:156} INFO - Started process (PID=162145) to work on /opt/airflow/dags/6_xcoms.py
[2026-09-13T02:01:20.579+0000] {processor.py:799} INFO - Processing file /opt/airflow/dags/6_xcoms.py for tasks to queue
[2026-09-13T02:01:20.581+0000] {logging_mixin.py:149} INFO - [2026-09-13T02:01:20.580+0000] {dagbag.py:541} INFO - Filling up the DagBag from /opt/airflow/dags/6_xcoms.py
[2026-09-13T02:01:20.612+0000] {processor.py:809} INFO - DAG(s) dict_keys(['6-XCom']) retrieved from /opt/airflow/dags/6_xcoms.py
[2026-09-13T02:01:20.696+0000] {logging_mixin.py:149} INFO - [2026-09-13T02:01:20.695+0000] {dag.py:2726} INFO - Sync 1 DAGs
[2026-09-13T02:01:20.747+0000] {logging_mixin.py:149} INFO - [2026-09-13T02:01:20.747+0000] {dag.py:3490} INFO - Setting next_dagrun for 6-XCom to 2023-05-01T00:00:00+00:00, run_after=2023-05-02T00:00:00+00:00
[2026-09-13T02:01:20.778+0000] {processor.py:178} INFO - Processing /opt/airflow/dags/6_xcoms.py took 0.214 seconds
[2026-09-13T02:01:51.000+0000] {processor.py:156} INFO - Started process (PID=162159) to work on /opt/airflow/dags/6_xcoms.py
[2026-09-13T02:01:51.004+0000] {processor.py:799} INFO - Processing file /opt/airflow/dags/6_xcoms.py for tasks to queue
[2026-09-13T02:01:51.006+0000] {logging_mixin.py:149} INFO - [2026-09-13T02:01:51.006+0000] {dagbag.py:541} INFO - Filling up the DagBag from /opt/airflow/dags/6_xcoms.py
[2026-09-13T02:01:51.043+0000] {processor.py:809} INFO - DAG(s) dict_keys(['6-XCom']) retrieved from /opt/airflow/dags/6_xcoms.py
[2026-09-13T02:01:51.133+0000] {logging_mixin.py:149} INFO - [2026-09-13T02:01:51.133+0000] {dag.py:2726} INFO - Sync 1 DAGs
[2026-09-13T02:01:51.200+0000] {logging_mixin.py:149} INFO - [2026-09-13T02:01:51.199+0000] {dag.py:3490} INFO - Setting next_dagrun for 6-XCom to 2023-05-01T00:00:00+00:00, run_after=2023-05-02T00:00:00+00:00
[2026-09-13T02:01:51.268+0000] {processor.py:178} INFO - Processing /opt/airflow/dags/6_xcoms.py took 0.279 seconds
[2026-09-13T02:02:21.478+0000] {processor.py:156} INFO - Started process (PID=162173) to work on /opt/airflow/dags/6_xcoms.py
[2026-09-13T02:02:21.485+0000] {processor.py:799} INFO - Processing file /opt/airflow/dags/6_xcoms.py for tasks to queue
[2026-09-13T02:02:21.487+0000] {logging_mixin.py:149} INFO - [2026-09-13T02:02:21.487+0000] {dagbag.py:541} INFO - Filling up the DagBag from /opt/airflow/dags/6_xcoms.py
[2026-09-13T02:02:21.532+0000] {processor.py:809} INFO - DAG(s) dict_keys(['6-XCom']) retrieved from /opt/airflow/dags/6_xcoms.py
[2026-09-13T02:02:21.637+0000] {logging_mixin.py:149} INFO - [2026-09-13T02:02:21.636+0000] {dag.py:2726} INFO - Sync 1 DAGs
[2026-09-13T02:02:21.722+0000] {logging_mixin.py:149} INFO - [2026-09-13T02:02:21.721+0000] {dag.py:3490} INFO - Setting next_dagrun for 6-XCom to 2023-05-01T00:00:00+00:00, run_after=2023-05-02T00:00:00+00:00
[2026-09-13T02:02:21.810+0000] {processor.py:178} INFO - Processing /opt/airflow/dags/6_xcoms.py took 0.345 seconds
[2026-09-13T02:02:52.026+0000] {processor.py:156} INFO - Started process (PID=162187) to work on /opt/airflow/dags/6_xcoms.py
[2026-09-13T02:02:52.029+0000] {processor.py:799} INFO - Processing file /opt/airflow/dags/6_xcoms.py for tasks to queue
[2026-09-13T02:02:52.030+0000] {logging_mixin.py:149} INFO - [2026-09-13T02:02:52.030+0000] {dagbag.py:541} INFO - Filling up the DagBag from /opt/airflow/dags/6_xcoms.py
[2026-09-13T02:02:52.062+0000] {processor.py:809} INFO - DAG(s) dict_keys(['6-XCom']) retrieved from /opt/airflow/dags/6_xcoms.py
[2026-09-13T02:02:52.150+0000] {logging_mixin.py:149} INFO - [2026-09-13T02:02:52.149+0000] {dag.py:2726} INFO - Sync 1 DAGs
[2026-09-13T02:02:52.231+0000] {logging_mixin.py:149} INFO - [2026-09-13T02:02:52.231+0000] {dag.py:3490} INFO - Setting next_dagrun for 6-XCom to 2023-05-01T00:00:00+00:00, run_after=2023-05-02T00:00:00+00:00
[2026-09-13T02:02:52.298+0000] {processor.py:178} INFO - Processing /opt/airflow/dags/6_xcoms.py took 0.282 seconds
[2026-09-13T02:03:22.498+0000] {processor.py:156} INFO - Started process (PID=162201) to work on /opt/airflow/dags/6_xcoms.py
[2026-09-13T02:03:22.501+0000] {processor.py:799} INFO - Processing file /opt/airflow/dags/6_xcoms.py for tasks to queue
[2026-09-13T02:03:22.503+0000] {logging_mixin.py:149} INFO - [2026-09-13T02:03:22.502+0000] {dagbag.py:541} INFO - Filling up the DagBag from /opt/airflow/dags/6_xcoms.py
[2026-09-13T02:03:22.538+0000] {processor.py:809} INFO - DAG(s) dict_keys(['6-XCom']) retrieved from /opt/airflow/dags/6_xcoms.py
[2026-09-13T02:03:22.638+0000] {logging_mixin.py:149} INFO - [2026-09-13T02:03:22.638+0000] {dag.py:2726} INFO - Sync 1 DAGs
[2026-09-13T02:03:22.716+0000] {logging_mixin.py:149} INFO - [2026-09-13T02:03:22.715+0000] {dag.py:3490} INFO - Setting next_dagrun for 6-XCom to 2023-05-01T00:00:00+00:00, run_after=2023-05-02T00:00:00+00:00
[2026-09-13T02:03:22.770+0000] {processor.py:178} INFO - Processing /opt/airflow/dags/6_xcoms.py took 0.280 seconds
[2026-09-13T02:03:52.931+0000] {processor.py:156} INFO - Started process (PID=162215) to work on /opt/airflow/dags/6_xcoms.py
[2026-09-13T02:03:52.934+0000] {processor.py:799} INFO - Processing file /opt/airflow/dags/6_xcoms.py for tasks to queue
[2026-09-13T02:03:52.938+0000] {logging_mixin.py:149} INFO - [2026-09-13T02:03:52.937+0000] {dagbag.py:541} INFO - Filling up the DagBag from /opt/airflow/dags/6_xcoms.py
[2026-09-13T02:03:52.968+0000] {processor.py:809} INFO - DAG(s) dict_keys(['6-XCom']) retrieved from /opt/airflow/dags/6_xcoms.py
[2026-09-13T02:03:53.061+0000] {logging_mixin.py:149} INFO - [2026-09-13T02:03:53.058+0000] {dag.py:2726} INFO - Sync 1 DAGs
[2026-09-13T02:03:53.129+0000] {logging_mixin.py:149} INFO - [2026-09-13T02:03:53.129+0000] {dag.py:3490} INFO - Setting next_dagrun for 6-XCom to 2023-05-01T00:00:00+00:00, run_after=2023-05-02T00:00:00+00:00
[2026-09-13T02:03:53.182+0000] {processor.py:178} INFO - Processing /opt/airflow/dags/6_xcoms.py took 0.261 seconds
[2026-09-13T02:04:23.460+0000] {processor.py:156} INFO - Started process (PID=162229) to work on /opt/airflow/dags/6_xcoms.py
[2026-09-13T02:04:23.467+0000] {processor.py:799} INFO - Processing file /opt/airflow/dags/6_xcoms.py for tasks to queue
[2026-09-13T02:04:23.469+0000] {logging_mixin.py:149} INFO - [2026-09-13T02:04:23.469+0000] {dagbag.py:541} INFO - Filling up the DagBag from /opt/airflow/dags/6_xcoms.py
[2026-09-13T02:04:23.508+0000] {processor.py:809} INFO - DAG(s) dict_keys(['6-XCom']) retrieved from /opt/airflow/dags/6_xcoms.py
[2026-09-13T02:04:23.594+0000] {logging_mixin.py:149} INFO - [2026-09-13T02:04:23.593+0000] {dag.py:2726} INFO - Sync 1 DAGs
[2026-09-13T02:04:23.664+0000] {logging_mixin.py:149} INFO - [2026-09-13T02:04:23.664+0000] {dag.py:3490} INFO - Setting next_dagrun for 6-XCom to 2023-05-01T00:00:00+00:00, run_after=2023-05-02T00:00:00+00:00
[2026-09-13T02:04:23.719+0000] {processor.py:178} INFO - Processing /opt/airflow/dags/6_xcoms.py took 0.269 seconds
[2026-09-13T02:04:53.961+0000] {processor.py:156} INFO - Started process (PID=162243) to work on /opt/airflow/dags/6_xcoms.py
[2026-09-13T02:04:53.964+0000] {processor.py:799} INFO - Processing file /opt/airflow/dags/6_xcoms.py for tasks to queue
[2026-09-13T02:04:53.966+0000] {logging_mixin.py:149} INFO - [2026-09-13T02:04:53.966+0000] {dagbag.py:541} INFO - Filling up the DagBag from /opt/airflow/dags/6_xcoms.py
[2026-09-13T02:04:53.999+0000] {processor.py:809} INFO - DAG(s) dict_keys(['6-XCom']) retrieved from /opt/airflow/dags/6_xcoms.py
[2026-09-13T02:04:54.085+0000] {logging_mixin.py:149} INFO - [2026-09-13T02:04:54.084+0000] {dag.py:2726} INFO - Sync 1 DAGs
[2026-09-13T02:04:54.135+0000] {logging_mixin.py:149} INFO - [2026-09-13T02:04:54.134+0000] {dag.py:3490} INFO - Setting next_dagrun for 6-XCom to 2023-05-01T00:00:00+00:00, run_after=2023-05-02T00:00:00+00:00
[2026-09-13T02:04:54.184+0000] {processor.py:178} INFO - Processing /opt/airflow/dags/6_xcoms.py took 0.232 seconds
[2026-09-13T02:05:24.260+0000] {processor.py:156} INFO - Started process (PID=162257) to work on /opt/airflow/dags/6_xcoms.py
[2026-09-13T02:05:24.263+0000] {processor.py:799} INFO - Processing file /opt/airflow/dags/6_xcoms.py for tasks to queue
[2026-09-13T02:05:24.265+0000] {logging_mixin.py:149} INFO - [2026-09-13T02:05:24.265+0000] {dagbag.py:541} INFO - Filling up the DagBag from /opt/airflow/dags/6_xcoms.py
[2026-09-13T02:05:24.302+0000] {processor.py:809} INFO - DAG(s) dict_keys(['6-XCom']) retrieved from /opt/airflow/dags/6_xcoms.py
[2026-09-13T02:05:24.393+0000] {logging_mixin.py:149} INFO - [2026-09-13T02:05:24.393+0000] {dag.py:2726} INFO - Sync 1 DAGs
[2026-09-13T02:05:24.457+0000] {logging_mixin.py:149} INFO - [2026-09-13T02:05:24.457+0000] {dag.py:3490} INFO - Setting next_dagrun for 6-XCom to 2023-05-01T00:00:00+00:00, run_after=2023-05-02T00:00:00+00:00
[2026-09-13T02:05:24.493+0000] {processor.py:178} INFO - Processing /opt/airflow/dags/6_xcoms.py took 0.239 seconds
[2026-09-13T02:05:54.764+0000] {processor.py:156} INFO - Started process (PID=162271) to work on /opt/airflow/dags/6_xcoms.py
[2026-09-13T02:05:54.767+0000] {processor.py:799} INFO - Processing file /opt/airflow/dags/6_xcoms.py for tasks to queue
[2026-09-13T02:05:54.770+0000] {logging_mixin.py:149} INFO - [2026-09-13T02:05:54.769+0000] {dagbag.py:541} INFO - Filling up the DagBag from /opt/airflow/dags/6_xcoms.py
[2026-09-13T02:05:54.808+0000] {processor.py:809} INFO - DAG(s) dict_keys(['6-XCom']) retrieved from /opt/airflow/dags/6_xcoms.py
[2026-09-13T02:05:54.891+0000] {logging_mixin.py:149} INFO - [2026-09-13T02:05:54.891+0000] {dag.py:2726} INFO - Sync 1 DAGs
[2026-09-13T02:05:54.972+0000] {logging_mixin.py:149} INFO - [2026-09-13T02:05:54.971+0000] {dag.py:3490} INFO - Setting next_dagrun for 6-XCom to 2023-05-01T00:00:00+00:00, run_after=2023-05-02T00:00:00+00:00
[2026-09-13T02:05:55.055+0000] {processor.py:178} INFO - Processing /opt/airflow/dags/6_xcoms.py took 0.300 seconds
[2026-09-13T02:06:25.284+0000] {processor.py:156} INFO - Started process (PID=162285) to work on /opt/airflow/dags/6_xcoms.py
[2026-09-13T02:06:25.287+0000] {processor.py:799} INFO - Processing file /opt/airflow/dags/6_xcoms.py for tasks to queue
[2026-09-13T02:06:25.289+0000] {logging_mixin.py:149} INFO - [2026-09-13T02:06:25.289+0000] {dagbag.py:541} INFO - Filling up the DagBag from /opt/airflow/dags/6_xcoms.py
[2026-09-13T02:06:25.329+0000] {processor.py:809} INFO - DAG(s) dict_keys(['6-XCom']) retrieved from /opt/airflow/dags/6_xcoms.py
[2026-09-13T02:06:25.425+0000] {logging_mixin.py:149} INFO - [2026-09-13T02:06:25.425+0000] {dag.py:2726} INFO - Sync 1 DAGs
[2026-09-13T02:06:25.517+0000] {logging_mixin.py:149} INFO - [2026-09-13T02:06:25.516+0000] {dag.py:3490} INFO - Setting next_dagrun for 6-XCom to 2023-05-01T00:00:00+00:00, run_after=2023-05-02T00:00:00+00:00
[2026-09-13T02:06:25.563+0000] {processor.py:178} INFO - Processing /opt/airflow/dags/6_xcoms.py took 0.293 seconds
[2026-09-13T02:06:55.742+0000] {processor.py:156} INFO - Started process (PID=162300) to work on /opt/airflow/dags/6_xcoms.py
[2026-09-13T02:06:55.745+0000] {processor.py:799} INFO - Processing file /opt/airflow/dags/6_xcoms.py for tasks to queue
[2026-09-13T02:06:55.746+0000] {logging_mixin.py:149} INFO - [2026-09-13T02:06:55.746+0000] {dagbag.py:541} INFO - Filling up the DagBag from /opt/airflow/dags/6_xcoms.py
[2026-09-13T02:06:55.774+0000] {processor.py:809} INFO - DAG(s) dict_keys(['6-XCom']) retrieved from /opt/airflow/dags/6_xcoms.py
[2026-09-13T02:06:55.870+0000] {logging_mixin.py:149} INFO - [2026-09-13T02:06:55.870+0000] {dag.py:2726} INFO - Sync 1 DAGs
[2026-09-13T02:06:55.947+0000] {logging_mixin.py:149} INFO - [2026-09-13T02:06:55.947+0000] {dag.py:3490} INFO - Setting next_dagrun for 6-XCom to 2023-05-01T00:00:00+00:00, run_after=2023-05-02T00:00:00+00:00
[2026-09-13T02:06:56.027+0000] {processor.py:178} INFO - Processing /opt/airflow/dags/6_xcoms.py took 0.292 seconds
[2026-09-13T02:07:26.237+0000] {processor.py:156} INFO - Started process (PID=162314) to work on /opt/airflow/dags/6_xcoms.py
[2026-09-13T02:07:26.242+0000] {processor.py:799} INFO - Processing file /opt/airflow/dags/6_xcoms.py for tasks to queue
[2026-09-13T02:07:26.245+0000] {logging_mixin.py:149} INFO - [2026-09-13T02:07:26.244+0000] {dagbag.py:541} INFO - Filling up the DagBag from /opt/airflow/dags/6_xcoms.py
[2026-09-13T02:07:26.298+0000] {processor.py:809} INFO - DAG(s) dict_keys(['6-XCom']) retrieved from /opt/airflow/dags/6_xcoms.py
[2026-09-13T02:07:26.395+0000] {logging_mixin.py:149} INFO - [2026-09-13T02:07:26.395+0000] {dag.py:2726} INFO - Sync 1 DAGs
[2026-09-13T02:07:26.477+0000] {logging_mixin.py:149} INFO - [2026-09-13T02:07:26.477+0000] {dag.py:3490} INFO - Setting next_dagrun for 6-XCom to 2023-05-01T00:00:00+00:00, run_after=2023-05-02T00:00:00+00:00
[2026-09-13T02:07:26.532+0000] {processor.py:178} INFO - Processing /opt/airflow/dags/6_xcoms.py took 0.309 seconds
[2026-09-13T02:07:56.842+0000] {processor.py:156} INFO - Started process (PID=162328) to work on /opt/airflow/dags/6_xcoms.py
[2026-09-13T02:07:56.845+0000] {processor.py:799} INFO - Processing file /opt/airflow/dags/6_xcoms.py for tasks to queue
[2026-09-13T02:07:56.849+0000] {logging_mixin.py:149} INFO - [2026-09-13T02:07:56.848+0000] {dagbag.py:541} INFO - Filling up the DagBag from /opt/airflow/dags/6_xcoms.py
[2026-09-13T02:07:56.879+0000] {processor.py:809} INFO - DAG(s) dict_keys(['6-XCom']) retrieved from /opt/airflow/dags/6_xcoms.py
[2026-09-13T02:07:56.954+0000] {logging_mixin.py:149} INFO - [2026-09-13T02:07:56.953+0000] {dag.py:2726} INFO - Sync 1 DAGs
[2026-09-13T02:07:56.997+0000] {logging_mixin.py:149} INFO - [2026-09-13T02:07:56.997+0000] {dag.py:3490} INFO - Setting next_dagrun for 6-XCom to 2023-05-01T00:00:00+00:00, run_after=2023-05-02T00:00:00+00:00
[2026-09-13T02:07:57.048+0000] {processor.py:178} INFO - Processing /opt/airflow/dags/6_xcoms.py took 0.224 seconds
[2026-09-13T02:08:27.292+0000] {processor.py:156} INFO - Started process (PID=162342) to work on /opt/airflow/dags/6_xcoms.py
[2026-09-13T02:08:27.294+0000] {processor.py:799} INFO - Processing file /opt/airflow/dags/6_xcoms.py for tasks to queue
[2026-09-13T02:08:27.296+0000] {logging_mixin.py:149} INFO - [2026-09-13T02:08:27.295+0000] {dagbag.py:541} INFO - Filling up the DagBag from /opt/airflow/dags/6_xcoms.py
[2026-09-13T02:08:27.346+0000] {processor.py:809} INFO - DAG(s) dict_keys(['6-XCom']) retrieved from /opt/airflow/dags/6_xcoms.py
[2026-09-13T02:08:27.408+0000] {logging_mixin.py:149} INFO - [2026-09-13T02:08:27.408+0000] {dag.py:2726} INFO - Sync 1 DAGs
[2026-09-13T02:08:27.444+0000] {logging_mixin.py:149} INFO - [2026-09-13T02:08:27.444+0000] {dag.py:3490} INFO - Setting next_dagrun for 6-XCom to 2023-05-01T00:00:00+00:00, run_after=2023-05-02T00:00:00+00:00
[2026-09-13T02:08:27.470+0000] {processor.py:178} INFO - Processing /opt/airflow/dags/6_xcoms.py took 0.183 seconds
[2026-09-13T02:08:57.644+0000] {processor.py:156} INFO - Started process (PID=162356) to work on /opt/airflow/dags/6_xcoms.py
[2026-09-13T02:08:57.647+0000] {processor.py:799} INFO - Processing file /opt/airflow/dags/6_xcoms.py for tasks to queue
[2026-09-13T02:08:57.648+0000] {logging_mixin.py:149} INFO - [2026-09-13T02:08:57.648+0000] {dagbag.py:541} INFO - Filling up the DagBag from /opt/airflow/dags/6_xcoms.py
[2026-09-13T02:08:57.672+0000] {processor.py:809} INFO - DAG(s) dict_keys(['6-XCom']) retrieved from /opt/airflow/dags/6_xcoms.py
[2026-09-13T02:08:57.740+0000] {logging_mixin.py:149} INFO - [2026-09-13T02:08:57.740+0000] {dag.py:2726} INFO - Sync 1 DAGs
[2026-09-13T02:08:57.786+0000] {logging_mixin.py:149} INFO - [2026-09-13T02:08:57.785+0000] {dag.py:3490} INFO - Setting next_dagrun for 6-XCom to 2023-05-01T00:00:00+00:00, run_after=2023-05-02T00:00:00+00:00
[2026-09-13T02:08:57.810+0000] {processor.py:178} INFO - Processing /opt/airflow/dags/6_xcoms.py took 0.172 seconds
[2026-09-13T02:09:27.952+0000] {processor.py:156} INFO - Started process (PID=162371) to work on /opt/airflow/dags/6_xcoms.py
[2026-09-13T02:09:27.956+0000] {processor.py:799} INFO - Processing file /opt/airflow/dags/6_xcoms.py for tasks to queue
[2026-09-13T02:09:27.958+0000] {logging_mixin.py:149} INFO - [2026-09-13T02:09:27.957+0000] {dagbag.py:541} INFO - Filling up the DagBag from /opt/airflow/dags/6_xcoms.py
[2026-09-13T02:09:27.991+0000] {processor.py:809} INFO - DAG(s) dict_keys(['6-XCom']) retrieved from /opt/airflow/dags/6_xcoms.py
[2026-09-13T02:09:28.081+0000] {logging_mixin.py:149} INFO - [2026-09-13T02:09:28.081+0000] {dag.py:2726} INFO - Sync 1 DAGs
[2026-09-13T02:09:28.133+0000] {logging_mixin.py:149} INFO - [2026-09-13T02:09:28.133+0000] {dag.py:3490} INFO - Setting next_dagrun for 6-XCom to 2023-05-01T00:00:00+00:00, run_after=2023-05-02T00:00:00+00:00
[2026-09-13T02:09:28.205+0000] {processor.py:178} INFO - Processing /opt/airflow/dags/6_xcoms.py took 0.261 seconds
[2026-09-13T02:09:58.344+0000] {processor.py:156} INFO - Started process (PID=162384) to work on /opt/airflow/dags/6_xcoms.py
[2026-09-13T02:09:58.348+0000] {processor.py:799} INFO - Processing file /opt/airflow/dags/6_xcoms.py for tasks to queue
[2026-09-13T02:09:58.349+0000] {logging_mixin.py:149} INFO - [2026-09-13T02:09:58.349+0000] {dagbag.py:541} INFO - Filling up the DagBag from /opt/airflow/dags/6_xcoms.py
[2026-09-13T02:09:58.370+0000] {processor.py:809} INFO - DAG(s) dict_keys(['6-XCom']) retrieved from /opt/airflow/dags/6_xcoms.py
[2026-09-13T02:09:58.437+0000] {logging_mixin.py:149} INFO - [2026-09-13T02:09:58.436+0000] {dag.py:2726} INFO - Sync 1 DAGs
[2026-09-13T02:09:58.483+0000] {logging_mixin.py:149} INFO - [2026-09-13T02:09:58.483+0000] {dag.py:3490} INFO - Setting next_dagrun for 6-XCom to 2023-05-01T00:00:00+00:00, run_after=2023-05-02T00:00:00+00:00
[2026-09-13T02:09:58.511+0000] {processor.py:178} INFO - Processing /opt/airflow/dags/6_xcoms.py took 0.182 seconds
[2026-09-13T02:10:28.790+0000] {processor.py:156} INFO - Started process (PID=162398) to work on /opt/airflow/dags/6_xcoms.py
[2026-09-13T02:10:28.798+0000] {processor.py:799} INFO - Processing file /opt/airflow/dags/6_xcoms.py for tasks to queue
[2026-09-13T02:10:28.799+0000] {logging_mixin.py:149} INFO - [2026-09-13T02:10:28.799+0000] {dagbag.py:541} INFO - Filling up the DagBag from /opt/airflow/dags/6_xcoms.py
[2026-09-13T02:10:28.822+0000] {processor.py:809} INFO - DAG(s) dict_keys(['6-XCom']) retrieved from /opt/airflow/dags/6_xcoms.py
[2026-09-13T02:10:28.947+0000] {logging_mixin.py:149} INFO - [2026-09-13T02:10:28.947+0000] {dag.py:2726} INFO - Sync 1 DAGs
[2026-09-13T02:10:29.001+0000] {logging_mixin.py:149} INFO - [2026-09-13T02:10:28.999+0000] {dag.py:3490} INFO - Setting next_dagrun for 6-XCom to 2023-05-01T00:00:00+00:00, run_after=2023-05-02T00:00:00+00:00
[2026-09-13T02:10:29.052+0000] {processor.py:178} INFO - Processing /opt/airflow/dags/6_xcoms.py took 0.272 seconds
[2026-09-13T02:10:59.202+0000] {processor.py:156} INFO - Started process (PID=162412) to work on /opt/airflow/dags/6_xcoms.py
[2026-09-13T02:10:59.205+0000] {processor.py:799} INFO - Processing file /opt/airflow/dags/6_xcoms.py for tasks to queue
[2026-09-13T02:10:59.206+0000] {logging_mixin.py:149} INFO - [2026-09-13T02:10:59.206+0000] {dagbag.py:541} INFO - Filling up the DagBag from /opt/airflow/dags/6_xcoms.py
[2026-09-13T02:10:59.231+0000] {processor.py:809} INFO - DAG(s) dict_keys(['6-XCom']) retrieved from /opt/airflow/dags/6_xcoms.py
[2026-09-13T02:10:59.298+0000] {logging_mixin.py:149} INFO - [2026-09-13T02:10:59.297+0000] {dag.py:2726} INFO - Sync 1 DAGs
[2026-09-13T02:10:59.340+0000] {logging_mixin.py:149} INFO - [2026-09-13T02:10:59.339+0000] {dag.py:3490} INFO - Setting next_dagrun for 6-XCom to 2023-05-01T00:00:00+00:00, run_after=2023-05-02T00:00:00+00:00
[2026-09-13T02:10:59.399+0000] {processor.py:178} INFO - Processing /opt/airflow/dags/6_xcoms.py took 0.206 seconds
[2026-09-13T02:11:29.566+0000] {processor.py:156} INFO - Started process (PID=162426) to work on /opt/airflow/dags/6_xcoms.py
[2026-09-13T02:11:29.568+0000] {processor.py:799} INFO - Processing file /opt/airflow/dags/6_xcoms.py for tasks to queue
[2026-09-13T02:11:29.570+0000] {logging_mixin.py:149} INFO - [2026-09-13T02:11:29.570+0000] {dagbag.py:541} INFO - Filling up the DagBag from /opt/airflow/dags/6_xcoms.py
[2026-09-13T02:11:29.600+0000] {processor.py:809} INFO - DAG(s) dict_keys(['6-XCom']) retrieved from /opt/airflow/dags/6_xcoms.py
[2026-09-13T02:11:29.675+0000] {logging_mixin.py:149} INFO - [2026-09-13T02:11:29.674+0000] {dag.py:2726} INFO - Sync 1 DAGs
[2026-09-13T02:11:29.751+0000] {logging_mixin.py:149} INFO - [2026-09-13T02:11:29.750+0000] {dag.py:3490} INFO - Setting next_dagrun for 6-XCom to 2023-05-01T00:00:00+00:00, run_after=2023-05-02T00:00:00+00:00
[2026-09-13T02:11:29.834+0000] {processor.py:178} INFO - Processing /opt/airflow/dags/6_xcoms.py took 0.279 seconds
[2026-09-13T02:12:00.040+0000] {processor.py:156} INFO - Started process (PID=162440) to work on /opt/airflow/dags/6_xcoms.py
[2026-09-13T02:12:00.044+0000] {processor.py:799} INFO - Processing file /opt/airflow/dags/6_xcoms.py for tasks to queue
[2026-09-13T02:12:00.046+0000] {logging_mixin.py:149} INFO - [2026-09-13T02:12:00.046+0000] {dagbag.py:541} INFO - Filling up the DagBag from /opt/airflow/dags/6_xcoms.py
[2026-09-13T02:12:00.093+0000] {processor.py:809} INFO - DAG(s) dict_keys(['6-XCom']) retrieved from /opt/airflow/dags/6_xcoms.py
[2026-09-13T02:12:00.168+0000] {logging_mixin.py:149} INFO - [2026-09-13T02:12:00.168+0000] {dag.py:2726} INFO - Sync 1 DAGs
[2026-09-13T02:12:00.249+0000] {logging_mixin.py:149} INFO - [2026-09-13T02:12:00.248+0000] {dag.py:3490} INFO - Setting next_dagrun for 6-XCom to 2023-05-01T00:00:00+00:00, run_after=2023-05-02T00:00:00+00:00
[2026-09-13T02:12:00.292+0000] {processor.py:178} INFO - Processing /opt/airflow/dags/6_xcoms.py took 0.261 seconds
[2026-09-13T02:12:30.558+0000] {processor.py:156} INFO - Started process (PID=162454) to work on /opt/airflow/dags/6_xcoms.py
[2026-09-13T02:12:30.560+0000] {processor.py:799} INFO - Processing file /opt/airflow/dags/6_xcoms.py for tasks to queue
[2026-09-13T02:12:30.562+0000] {logging_mixin.py:149} INFO - [2026-09-13T02:12:30.561+0000] {dagbag.py:541} INFO - Filling up the DagBag from /opt/airflow/dags/6_xcoms.py
[2026-09-13T02:12:30.589+0000] {processor.py:809} INFO - DAG(s) dict_keys(['6-XCom']) retrieved from /opt/airflow/dags/6_xcoms.py
[2026-09-13T02:12:30.689+0000] {logging_mixin.py:149} INFO - [2026-09-13T02:12:30.689+0000] {dag.py:2726} INFO - Sync 1 DAGs
[2026-09-13T02:12:30.747+0000] {logging_mixin.py:149} INFO - [2026-09-13T02:12:30.747+0000] {dag.py:3490} INFO - Setting next_dagrun for 6-XCom to 2023-05-01T00:00:00+00:00, run_after=2023-05-02T00:00:00+00:00
[2026-09-13T02:12:30.783+0000] {processor.py:178} INFO - Processing /opt/airflow/dags/6_xcoms.py took 0.231 seconds
[2026-09-13T02:13:00.886+0000] {processor.py:156} INFO - Started process (PID=162469) to work on /opt/airflow/dags/6_xcoms.py
[2026-09-13T02:13:00.890+0000] {processor.py:799} INFO - Processing file /opt/airflow/dags/6_xcoms.py for tasks to queue
[2026-09-13T02:13:00.891+0000] {logging_mixin.py:149} INFO - [2026-09-13T02:13:00.891+0000] {dagbag.py:541} INFO - Filling up the DagBag from /opt/airflow/dags/6_xcoms.py
[2026-09-13T02:13:00.913+0000] {processor.py:809} INFO - DAG(s) dict_keys(['6-XCom']) retrieved from /opt/airflow/dags/6_xcoms.py
[2026-09-13T02:13:00.973+0000] {logging_mixin.py:149} INFO - [2026-09-13T02:13:00.973+0000] {dag.py:2726} INFO - Sync 1 DAGs
[2026-09-13T02:13:01.010+0000] {logging_mixin.py:149} INFO - [2026-09-13T02:13:01.010+0000] {dag.py:3490} INFO - Setting next_dagrun for 6-XCom to 2023-05-01T00:00:00+00:00, run_after=2023-05-02T00:00:00+00:00
[2026-09-13T02:13:01.044+0000] {processor.py:178} INFO - Processing /opt/airflow/dags/6_xcoms.py took 0.164 seconds
[2026-09-13T02:13:31.195+0000] {processor.py:156} INFO - Started process (PID=162483) to work on /opt/airflow/dags/6_xcoms.py
[2026-09-13T02:13:31.206+0000] {processor.py:799} INFO - Processing file /opt/airflow/dags/6_xcoms.py for tasks to queue
[2026-09-13T02:13:31.214+0000] {logging_mixin.py:149} INFO - [2026-09-13T02:13:31.214+0000] {dagbag.py:541} INFO - Filling up the DagBag from /opt/airflow/dags/6_xcoms.py
[2026-09-13T02:13:31.242+0000] {processor.py:809} INFO - DAG(s) dict_keys(['6-XCom']) retrieved from /opt/airflow/dags/6_xcoms.py
[2026-09-13T02:13:31.333+0000] {logging_mixin.py:149} INFO - [2026-09-13T02:13:31.333+0000] {dag.py:2726} INFO - Sync 1 DAGs
[2026-09-13T02:13:31.401+0000] {logging_mixin.py:149} INFO - [2026-09-13T02:13:31.401+0000] {dag.py:3490} INFO - Setting next_dagrun for 6-XCom to 2023-05-01T00:00:00+00:00, run_after=2023-05-02T00:00:00+00:00
[2026-09-13T02:13:31.439+0000] {processor.py:178} INFO - Processing /opt/airflow/dags/6_xcoms.py took 0.250 seconds
[2026-09-13T02:14:01.729+0000] {processor.py:156} INFO - Started process (PID=162497) to work on /opt/airflow/dags/6_xcoms.py
[2026-09-13T02:14:01.733+0000] {processor.py:799} INFO - Processing file /opt/airflow/dags/6_xcoms.py for tasks to queue
[2026-09-13T02:14:01.735+0000] {logging_mixin.py:149} INFO - [2026-09-13T02:14:01.735+0000] {dagbag.py:541} INFO - Filling up the DagBag from /opt/airflow/dags/6_xcoms.py
[2026-09-13T02:14:01.774+0000] {processor.py:809} INFO - DAG(s) dict_keys(['6-XCom']) retrieved from /opt/airflow/dags/6_xcoms.py
[2026-09-13T02:14:01.839+0000] {logging_mixin.py:149} INFO - [2026-09-13T02:14:01.839+0000] {dag.py:2726} INFO - Sync 1 DAGs
[2026-09-13T02:14:01.908+0000] {logging_mixin.py:149} INFO - [2026-09-13T02:14:01.907+0000] {dag.py:3490} INFO - Setting next_dagrun for 6-XCom to 2023-05-01T00:00:00+00:00, run_after=2023-05-02T00:00:00+00:00
[2026-09-13T02:14:01.950+0000] {processor.py:178} INFO - Processing /opt/airflow/dags/6_xcoms.py took 0.234 seconds
[2026-09-13T02:14:32.198+0000] {processor.py:156} INFO - Started process (PID=162511) to work on /opt/airflow/dags/6_xcoms.py
[2026-09-13T02:14:32.202+0000] {processor.py:799} INFO - Processing file /opt/airflow/dags/6_xcoms.py for tasks to queue
[2026-09-13T02:14:32.204+0000] {logging_mixin.py:149} INFO - [2026-09-13T02:14:32.204+0000] {dagbag.py:541} INFO - Filling up the DagBag from /opt/airflow/dags/6_xcoms.py
[2026-09-13T02:14:32.245+0000] {processor.py:809} INFO - DAG(s) dict_keys(['6-XCom']) retrieved from /opt/airflow/dags/6_xcoms.py
[2026-09-13T02:14:32.321+0000] {logging_mixin.py:149} INFO - [2026-09-13T02:14:32.321+0000] {dag.py:2726} INFO - Sync 1 DAGs
[2026-09-13T02:14:32.367+0000] {logging_mixin.py:149} INFO - [2026-09-13T02:14:32.367+0000] {dag.py:3490} INFO - Setting next_dagrun for 6-XCom to 2023-05-01T00:00:00+00:00, run_after=2023-05-02T00:00:00+00:00
[2026-09-13T02:14:32.394+0000] {processor.py:178} INFO - Processing /opt/airflow/dags/6_xcoms.py took 0.208 seconds
[2026-09-13T02:15:02.675+0000] {processor.py:156} INFO - Started process (PID=162524) to work on /opt/airflow/dags/6_xcoms.py
[2026-09-13T02:15:02.687+0000] {processor.py:799} INFO - Processing file /opt/airflow/dags/6_xcoms.py for tasks to queue
[2026-09-13T02:15:02.689+0000] {logging_mixin.py:149} INFO - [2026-09-13T02:15:02.689+0000] {dagbag.py:541} INFO - Filling up the DagBag from /opt/airflow/dags/6_xcoms.py
[2026-09-13T02:15:02.733+0000] {processor.py:809} INFO - DAG(s) dict_keys(['6-XCom']) retrieved from /opt/airflow/dags/6_xcoms.py
[2026-09-13T02:15:02.818+0000] {logging_mixin.py:149} INFO - [2026-09-13T02:15:02.818+0000] {dag.py:2726} INFO - Sync 1 DAGs
[2026-09-13T02:15:02.892+0000] {logging_mixin.py:149} INFO - [2026-09-13T02:15:02.892+0000] {dag.py:3490} INFO - Setting next_dagrun for 6-XCom to 2023-05-01T00:00:00+00:00, run_after=2023-05-02T00:00:00+00:00
[2026-09-13T02:15:02.946+0000] {processor.py:178} INFO - Processing /opt/airflow/dags/6_xcoms.py took 0.284 seconds
[2026-09-13T02:15:33.214+0000] {processor.py:156} INFO - Started process (PID=162538) to work on /opt/airflow/dags/6_xcoms.py
[2026-09-13T02:15:33.217+0000] {processor.py:799} INFO - Processing file /opt/airflow/dags/6_xcoms.py for tasks to queue
[2026-09-13T02:15:33.219+0000] {logging_mixin.py:149} INFO - [2026-09-13T02:15:33.219+0000] {dagbag.py:541} INFO - Filling up the DagBag from /opt/airflow/dags/6_xcoms.py
[2026-09-13T02:15:33.252+0000] {processor.py:809} INFO - DAG(s) dict_keys(['6-XCom']) retrieved from /opt/airflow/dags/6_xcoms.py
[2026-09-13T02:15:33.349+0000] {logging_mixin.py:149} INFO - [2026-09-13T02:15:33.348+0000] {dag.py:2726} INFO - Sync 1 DAGs
[2026-09-13T02:15:33.426+0000] {logging_mixin.py:149} INFO - [2026-09-13T02:15:33.425+0000] {dag.py:3490} INFO - Setting next_dagrun for 6-XCom to 2023-05-01T00:00:00+00:00, run_after=2023-05-02T00:00:00+00:00
[2026-09-13T02:15:33.479+0000] {processor.py:178} INFO - Processing /opt/airflow/dags/6_xcoms.py took 0.276 seconds
[2026-09-13T02:16:03.689+0000] {processor.py:156} INFO - Started process (PID=162552) to work on /opt/airflow/dags/6_xcoms.py
[2026-09-13T02:16:03.691+0000] {processor.py:799} INFO - Processing file /opt/airflow/dags/6_xcoms.py for tasks to queue
[2026-09-13T02:16:03.692+0000] {logging_mixin.py:149} INFO - [2026-09-13T02:16:03.692+0000] {dagbag.py:541} INFO - Filling up the DagBag from /opt/airflow/dags/6_xcoms.py
[2026-09-13T02:16:03.711+0000] {processor.py:809} INFO - DAG(s) dict_keys(['6-XCom']) retrieved from /opt/airflow/dags/6_xcoms.py
[2026-09-13T02:16:03.769+0000] {logging_mixin.py:149} INFO - [2026-09-13T02:16:03.769+0000] {dag.py:2726} INFO - Sync 1 DAGs
[2026-09-13T02:16:03.842+0000] {logging_mixin.py:149} INFO - [2026-09-13T02:16:03.842+0000] {dag.py:3490} INFO - Setting next_dagrun for 6-XCom to 2023-05-01T00:00:00+00:00, run_after=2023-05-02T00:00:00+00:00
[2026-09-13T02:16:03.879+0000] {processor.py:178} INFO - Processing /opt/airflow/dags/6_xcoms.py took 0.195 seconds
[2026-09-13T02:16:33.996+0000] {processor.py:156} INFO - Started process (PID=162566) to work on /opt/airflow/dags/6_xcoms.py
[2026-09-13T02:16:34.000+0000] {processor.py:799} INFO - Processing file /opt/airflow/dags/6_xcoms.py for tasks to queue
[2026-09-13T02:16:34.002+0000] {logging_mixin.py:149} INFO - [2026-09-13T02:16:34.002+0000] {dagbag.py:541} INFO - Filling up the DagBag from /opt/airflow/dags/6_xcoms.py
[2026-09-13T02:16:34.033+0000] {processor.py:809} INFO - DAG(s) dict_keys(['6-XCom']) retrieved from /opt/airflow/dags/6_xcoms.py
[2026-09-13T02:16:34.119+0000] {logging_mixin.py:149} INFO - [2026-09-13T02:16:34.119+0000] {dag.py:2726} INFO - Sync 1 DAGs
[2026-09-13T02:16:34.181+0000] {logging_mixin.py:149} INFO - [2026-09-13T02:16:34.181+0000] {dag.py:3490} INFO - Setting next_dagrun for 6-XCom to 2023-05-01T00:00:00+00:00, run_after=2023-05-02T00:00:00+00:00
[2026-09-13T02:16:34.239+0000] {processor.py:178} INFO - Processing /opt/airflow/dags/6_xcoms.py took 0.253 seconds
[2026-09-13T02:17:04.493+0000] {processor.py:156} INFO - Started process (PID=162579) to work on /opt/airflow/dags/6_xcoms.py
[2026-09-13T02:17:04.496+0000] {processor.py:799} INFO - Processing file /opt/airflow/dags/6_xcoms.py for tasks to queue
[2026-09-13T02:17:04.497+0000] {logging_mixin.py:149} INFO - [2026-09-13T02:17:04.497+0000] {dagbag.py:541} INFO - Filling up the DagBag from /opt/airflow/dags/6_xcoms.py
[2026-09-13T02:17:04.531+0000] {processor.py:809} INFO - DAG(s) dict_keys(['6-XCom']) retrieved from /opt/airflow/dags/6_xcoms.py
[2026-09-13T02:17:04.614+0000] {logging_mixin.py:149} INFO - [2026-09-13T02:17:04.613+0000] {dag.py:2726} INFO - Sync 1 DAGs
[2026-09-13T02:17:04.681+0000] {logging_mixin.py:149} INFO - [2026-09-13T02:17:04.681+0000] {dag.py:3490} INFO - Setting next_dagrun for 6-XCom to 2023-05-01T00:00:00+00:00, run_after=2023-05-02T00:00:00+00:00
[2026-09-13T02:17:04.730+0000] {processor.py:178} INFO - Processing /opt/airflow/dags/6_xcoms.py took 0.248 seconds
[2026-09-13T02:17:35.026+0000] {processor.py:156} INFO - Started process (PID=162593) to work on /opt/airflow/dags/6_xcoms.py
[2026-09-13T02:17:35.029+0000] {processor.py:799} INFO - Processing file /opt/airflow/dags/6_xcoms.py for tasks to queue
[2026-09-13T02:17:35.031+0000] {logging_mixin.py:149} INFO - [2026-09-13T02:17:35.031+0000] {dagbag.py:541} INFO - Filling up the DagBag from /opt/airflow/dags/6_xcoms.py
[2026-09-13T02:17:35.066+0000] {processor.py:809} INFO - DAG(s) dict_keys(['6-XCom']) retrieved from /opt/airflow/dags/6_xcoms.py
[2026-09-13T02:17:35.159+0000] {logging_mixin.py:149} INFO - [2026-09-13T02:17:35.158+0000] {dag.py:2726} INFO - Sync 1 DAGs
[2026-09-13T02:17:35.255+0000] {logging_mixin.py:149} INFO - [2026-09-13T02:17:35.254+0000] {dag.py:3490} INFO - Setting next_dagrun for 6-XCom to 2023-05-01T00:00:00+00:00, run_after=2023-05-02T00:00:00+00:00
[2026-09-13T02:17:35.316+0000] {processor.py:178} INFO - Processing /opt/airflow/dags/6_xcoms.py took 0.301 seconds
[2026-09-13T02:18:05.404+0000] {processor.py:156} INFO - Started process (PID=162607) to work on /opt/airflow/dags/6_xcoms.py
[2026-09-13T02:18:05.408+0000] {processor.py:799} INFO - Processing file /opt/airflow/dags/6_xcoms.py for tasks to queue
[2026-09-13T02:18:05.410+0000] {logging_mixin.py:149} INFO - [2026-09-13T02:18:05.410+0000] {dagbag.py:541} INFO - Filling up the DagBag from /opt/airflow/dags/6_xcoms.py
[2026-09-13T02:18:05.446+0000] {processor.py:809} INFO - DAG(s) dict_keys(['6-XCom']) retrieved from /opt/airflow/dags/6_xcoms.py
[2026-09-13T02:18:05.533+0000] {logging_mixin.py:149} INFO - [2026-09-13T02:18:05.532+0000] {dag.py:2726} INFO - Sync 1 DAGs
[2026-09-13T02:18:05.606+0000] {logging_mixin.py:149} INFO - [2026-09-13T02:18:05.606+0000] {dag.py:3490} INFO - Setting next_dagrun for 6-XCom to 2023-05-01T00:00:00+00:00, run_after=2023-05-02T00:00:00+00:00
[2026-09-13T02:18:05.674+0000] {processor.py:178} INFO - Processing /opt/airflow/dags/6_xcoms.py took 0.281 seconds
[2026-09-13T02:18:35.781+0000] {processor.py:156} INFO - Started process (PID=162622) to work on /opt/airflow/dags/6_xcoms.py
[2026-09-13T02:18:35.784+0000] {processor.py:799} INFO - Processing file /opt/airflow/dags/6_xcoms.py for tasks to queue
[2026-09-13T02:18:35.786+0000] {logging_mixin.py:149} INFO - [2026-09-13T02:18:35.786+0000] {dagbag.py:541} INFO - Filling up the DagBag from /opt/airflow/dags/6_xcoms.py
[2026-09-13T02:18:35.823+0000] {processor.py:809} INFO - DAG(s) dict_keys(['6-XCom']) retrieved from /opt/airflow/dags/6_xcoms.py
[2026-09-13T02:18:35.914+0000] {logging_mixin.py:149} INFO - [2026-09-13T02:18:35.913+0000] {dag.py:2726} INFO - Sync 1 DAGs
[2026-09-13T02:18:35.983+0000] {logging_mixin.py:149} INFO - [2026-09-13T02:18:35.983+0000] {dag.py:3490} INFO - Setting next_dagrun for 6-XCom to 2023-05-01T00:00:00+00:00, run_after=2023-05-02T00:00:00+00:00
[2026-09-13T02:18:36.051+0000] {processor.py:178} INFO - Processing /opt/airflow/dags/6_xcoms.py took 0.281 seconds
[2026-09-13T02:19:06.349+0000] {processor.py:156} INFO - Started process (PID=162636) to work on /opt/airflow/dags/6_xcoms.py
[2026-09-13T02:19:06.353+0000] {processor.py:799} INFO - Processing file /opt/airflow/dags/6_xcoms.py for tasks to queue
[2026-09-13T02:19:06.355+0000] {logging_mixin.py:149} INFO - [2026-09-13T02:19:06.355+0000] {dagbag.py:541} INFO - Filling up the DagBag from /opt/airflow/dags/6_xcoms.py
[2026-09-13T02:19:06.391+0000] {processor.py:809} INFO - DAG(s) dict_keys(['6-XCom']) retrieved from /opt/airflow/dags/6_xcoms.py
[2026-09-13T02:19:06.457+0000] {logging_mixin.py:149} INFO - [2026-09-13T02:19:06.457+0000] {dag.py:2726} INFO - Sync 1 DAGs
[2026-09-13T02:19:06.528+0000] {logging_mixin.py:149} INFO - [2026-09-13T02:19:06.528+0000] {dag.py:3490} INFO - Setting next_dagrun for 6-XCom to 2023-05-01T00:00:00+00:00, run_after=2023-05-02T00:00:00+00:00
[2026-09-13T02:19:06.553+0000] {processor.py:178} INFO - Processing /opt/airflow/dags/6_xcoms.py took 0.216 seconds
[2026-09-13T02:19:36.726+0000] {processor.py:156} INFO - Started process (PID=162656) to work on /opt/airflow/dags/6_xcoms.py
[2026-09-13T02:19:36.728+0000] {processor.py:799} INFO - Processing file /opt/airflow/dags/6_xcoms.py for tasks to queue
[2026-09-13T02:19:36.729+0000] {logging_mixin.py:149} INFO - [2026-09-13T02:19:36.729+0000] {dagbag.py:541} INFO - Filling up the DagBag from /opt/airflow/dags/6_xcoms.py
[2026-09-13T02:19:36.752+0000] {processor.py:809} INFO - DAG(s) dict_keys(['6-XCom']) retrieved from /opt/airflow/dags/6_xcoms.py
[2026-09-13T02:19:36.838+0000] {logging_mixin.py:149} INFO - [2026-09-13T02:19:36.838+0000] {dag.py:2726} INFO - Sync 1 DAGs
[2026-09-13T02:19:36.903+0000] {logging_mixin.py:149} INFO - [2026-09-13T02:19:36.903+0000] {dag.py:3490} INFO - Setting next_dagrun for 6-XCom to 2023-05-01T00:00:00+00:00, run_after=2023-05-02T00:00:00+00:00
[2026-09-13T02:19:36.963+0000] {processor.py:178} INFO - Processing /opt/airflow/dags/6_xcoms.py took 0.244 seconds
[2026-09-13T02:20:07.224+0000] {processor.py:156} INFO - Started process (PID=162670) to work on /opt/airflow/dags/6_xcoms.py
[2026-09-13T02:20:07.228+0000] {processor.py:799} INFO - Processing file /opt/airflow/dags/6_xcoms.py for tasks to queue
[2026-09-13T02:20:07.233+0000] {logging_mixin.py:149} INFO - [2026-09-13T02:20:07.232+0000] {dagbag.py:541} INFO - Filling up the DagBag from /opt/airflow/dags/6_xcoms.py
[2026-09-13T02:20:07.265+0000] {processor.py:809} INFO - DAG(s) dict_keys(['6-XCom']) retrieved from /opt/airflow/dags/6_xcoms.py
[2026-09-13T02:20:07.333+0000] {logging_mixin.py:149} INFO - [2026-09-13T02:20:07.332+0000] {dag.py:2726} INFO - Sync 1 DAGs
[2026-09-13T02:20:07.419+0000] {logging_mixin.py:149} INFO - [2026-09-13T02:20:07.418+0000] {dag.py:3490} INFO - Setting next_dagrun for 6-XCom to 2023-05-01T00:00:00+00:00, run_after=2023-05-02T00:00:00+00:00
[2026-09-13T02:20:07.455+0000] {processor.py:178} INFO - Processing /opt/airflow/dags/6_xcoms.py took 0.241 seconds
[2026-09-13T02:20:37.590+0000] {processor.py:156} INFO - Started process (PID=162684) to work on /opt/airflow/dags/6_xcoms.py
[2026-09-13T02:20:37.594+0000] {processor.py:799} INFO - Processing file /opt/airflow/dags/6_xcoms.py for tasks to queue
[2026-09-13T02:20:37.596+0000] {logging_mixin.py:149} INFO - [2026-09-13T02:20:37.596+0000] {dagbag.py:541} INFO - Filling up the DagBag from /opt/airflow/dags/6_xcoms.py
[2026-09-13T02:20:37.632+0000] {processor.py:809} INFO - DAG(s) dict_keys(['6-XCom']) retrieved from /opt/airflow/dags/6_xcoms.py
[2026-09-13T02:20:37.720+0000] {logging_mixin.py:149} INFO - [2026-09-13T02:20:37.720+0000] {dag.py:2726} INFO - Sync 1 DAGs
[2026-09-13T02:20:37.779+0000] {logging_mixin.py:149} INFO - [2026-09-13T02:20:37.778+0000] {dag.py:3490} INFO - Setting next_dagrun for 6-XCom to 2023-05-01T00:00:00+00:00, run_after=2023-05-02T00:00:00+00:00
[2026-09-13T02:20:37.850+0000] {processor.py:178} INFO - Processing /opt/airflow/dags/6_xcoms.py took 0.270 seconds
[2026-09-13T02:21:07.988+0000] {processor.py:156} INFO - Started process (PID=162698) to work on /opt/airflow/dags/6_xcoms.py
[2026-09-13T02:21:07.992+0000] {processor.py:799} INFO - Processing file /opt/airflow/dags/6_xcoms.py for tasks to queue
[2026-09-13T02:21:07.994+0000] {logging_mixin.py:149} INFO - [2026-09-13T02:21:07.994+0000] {dagbag.py:541} INFO - Filling up the DagBag from /opt/airflow/dags/6_xcoms.py
[2026-09-13T02:21:08.028+0000] {processor.py:809} INFO - DAG(s) dict_keys(['6-XCom']) retrieved from /opt/airflow/dags/6_xcoms.py
[2026-09-13T02:21:08.121+0000] {logging_mixin.py:149} INFO - [2026-09-13T02:21:08.119+0000] {dag.py:2726} INFO - Sync 1 DAGs
[2026-09-13T02:21:08.213+0000] {logging_mixin.py:149} INFO - [2026-09-13T02:21:08.212+0000] {dag.py:3490} INFO - Setting next_dagrun for 6-XCom to 2023-05-01T00:00:00+00:00, run_after=2023-05-02T00:00:00+00:00
[2026-09-13T02:21:08.279+0000] {processor.py:178} INFO - Processing /opt/airflow/dags/6_xcoms.py took 0.305 seconds
[2026-09-13T02:21:38.581+0000] {processor.py:156} INFO - Started process (PID=162712) to work on /opt/airflow/dags/6_xcoms.py
[2026-09-13T02:21:38.585+0000] {processor.py:799} INFO - Processing file /opt/airflow/dags/6_xcoms.py for tasks to queue
[2026-09-13T02:21:38.586+0000] {logging_mixin.py:149} INFO - [2026-09-13T02:21:38.586+0000] {dagbag.py:541} INFO - Filling up the DagBag from /opt/airflow/dags/6_xcoms.py
[2026-09-13T02:21:38.617+0000] {processor.py:809} INFO - DAG(s) dict_keys(['6-XCom']) retrieved from /opt/airflow/dags/6_xcoms.py
[2026-09-13T02:21:38.697+0000] {logging_mixin.py:149} INFO - [2026-09-13T02:21:38.697+0000] {dag.py:2726} INFO - Sync 1 DAGs
[2026-09-13T02:21:38.746+0000] {logging_mixin.py:149} INFO - [2026-09-13T02:21:38.746+0000] {dag.py:3490} INFO - Setting next_dagrun for 6-XCom to 2023-05-01T00:00:00+00:00, run_after=2023-05-02T00:00:00+00:00
[2026-09-13T02:21:38.774+0000] {processor.py:178} INFO - Processing /opt/airflow/dags/6_xcoms.py took 0.202 seconds
[2026-09-13T02:22:08.858+0000] {processor.py:156} INFO - Started process (PID=162726) to work on /opt/airflow/dags/6_xcoms.py
[2026-09-13T02:22:08.864+0000] {processor.py:799} INFO - Processing file /opt/airflow/dags/6_xcoms.py for tasks to queue
[2026-09-13T02:22:08.866+0000] {logging_mixin.py:149} INFO - [2026-09-13T02:22:08.866+0000] {dagbag.py:541} INFO - Filling up the DagBag from /opt/airflow/dags/6_xcoms.py
[2026-09-13T02:22:08.902+0000] {processor.py:809} INFO - DAG(s) dict_keys(['6-XCom']) retrieved from /opt/airflow/dags/6_xcoms.py
[2026-09-13T02:22:08.996+0000] {logging_mixin.py:149} INFO - [2026-09-13T02:22:08.996+0000] {dag.py:2726} INFO - Sync 1 DAGs
[2026-09-13T02:22:09.073+0000] {logging_mixin.py:149} INFO - [2026-09-13T02:22:09.073+0000] {dag.py:3490} INFO - Setting next_dagrun for 6-XCom to 2023-05-01T00:00:00+00:00, run_after=2023-05-02T00:00:00+00:00
[2026-09-13T02:22:09.136+0000] {processor.py:178} INFO - Processing /opt/airflow/dags/6_xcoms.py took 0.288 seconds
[2026-09-13T02:22:39.415+0000] {processor.py:156} INFO - Started process (PID=162740) to work on /opt/airflow/dags/6_xcoms.py
[2026-09-13T02:22:39.419+0000] {processor.py:799} INFO - Processing file /opt/airflow/dags/6_xcoms.py for tasks to queue
[2026-09-13T02:22:39.422+0000] {logging_mixin.py:149} INFO - [2026-09-13T02:22:39.421+0000] {dagbag.py:541} INFO - Filling up the DagBag from /opt/airflow/dags/6_xcoms.py
[2026-09-13T02:22:39.463+0000] {processor.py:809} INFO - DAG(s) dict_keys(['6-XCom']) retrieved from /opt/airflow/dags/6_xcoms.py
[2026-09-13T02:22:39.557+0000] {logging_mixin.py:149} INFO - [2026-09-13T02:22:39.557+0000] {dag.py:2726} INFO - Sync 1 DAGs
[2026-09-13T02:22:39.632+0000] {logging_mixin.py:149} INFO - [2026-09-13T02:22:39.632+0000] {dag.py:3490} INFO - Setting next_dagrun for 6-XCom to 2023-05-01T00:00:00+00:00, run_after=2023-05-02T00:00:00+00:00
[2026-09-13T02:22:39.707+0000] {processor.py:178} INFO - Processing /opt/airflow/dags/6_xcoms.py took 0.304 seconds
[2026-09-13T02:23:09.896+0000] {processor.py:156} INFO - Started process (PID=162754) to work on /opt/airflow/dags/6_xcoms.py
[2026-09-13T02:23:09.899+0000] {processor.py:799} INFO - Processing file /opt/airflow/dags/6_xcoms.py for tasks to queue
[2026-09-13T02:23:09.901+0000] {logging_mixin.py:149} INFO - [2026-09-13T02:23:09.900+0000] {dagbag.py:541} INFO - Filling up the DagBag from /opt/airflow/dags/6_xcoms.py
[2026-09-13T02:23:09.936+0000] {processor.py:809} INFO - DAG(s) dict_keys(['6-XCom']) retrieved from /opt/airflow/dags/6_xcoms.py
[2026-09-13T02:23:10.028+0000] {logging_mixin.py:149} INFO - [2026-09-13T02:23:10.028+0000] {dag.py:2726} INFO - Sync 1 DAGs
[2026-09-13T02:23:10.109+0000] {logging_mixin.py:149} INFO - [2026-09-13T02:23:10.108+0000] {dag.py:3490} INFO - Setting next_dagrun for 6-XCom to 2023-05-01T00:00:00+00:00, run_after=2023-05-02T00:00:00+00:00
[2026-09-13T02:23:10.167+0000] {processor.py:178} INFO - Processing /opt/airflow/dags/6_xcoms.py took 0.281 seconds
[2026-09-13T02:23:40.322+0000] {processor.py:156} INFO - Started process (PID=162768) to work on /opt/airflow/dags/6_xcoms.py
[2026-09-13T02:23:40.326+0000] {processor.py:799} INFO - Processing file /opt/airflow/dags/6_xcoms.py for tasks to queue
[2026-09-13T02:23:40.328+0000] {logging_mixin.py:149} INFO - [2026-09-13T02:23:40.328+0000] {dagbag.py:541} INFO - Filling up the DagBag from /opt/airflow/dags/6_xcoms.py
[2026-09-13T02:23:40.364+0000] {processor.py:809} INFO - DAG(s) dict_keys(['6-XCom']) retrieved from /opt/airflow/dags/6_xcoms.py
[2026-09-13T02:23:40.440+0000] {logging_mixin.py:149} INFO - [2026-09-13T02:23:40.439+0000] {dag.py:2726} INFO - Sync 1 DAGs
[2026-09-13T02:23:40.497+0000] {logging_mixin.py:149} INFO - [2026-09-13T02:23:40.496+0000] {dag.py:3490} INFO - Setting next_dagrun for 6-XCom to 2023-05-01T00:00:00+00:00, run_after=2023-05-02T00:00:00+00:00
[2026-09-13T02:23:40.558+0000] {processor.py:178} INFO - Processing /opt/airflow/dags/6_xcoms.py took 0.246 seconds
[2026-09-13T02:24:10.772+0000] {processor.py:156} INFO - Started process (PID=162782) to work on /opt/airflow/dags/6_xcoms.py
[2026-09-13T02:24:10.776+0000] {processor.py:799} INFO - Processing file /opt/airflow/dags/6_xcoms.py for tasks to queue
[2026-09-13T02:24:10.778+0000] {logging_mixin.py:149} INFO - [2026-09-13T02:24:10.777+0000] {dagbag.py:541} INFO - Filling up the DagBag from /opt/airflow/dags/6_xcoms.py
[2026-09-13T02:24:10.813+0000] {processor.py:809} INFO - DAG(s) dict_keys(['6-XCom']) retrieved from /opt/airflow/dags/6_xcoms.py
[2026-09-13T02:24:10.916+0000] {logging_mixin.py:149} INFO - [2026-09-13T02:24:10.915+0000] {dag.py:2726} INFO - Sync 1 DAGs
[2026-09-13T02:24:10.982+0000] {logging_mixin.py:149} INFO - [2026-09-13T02:24:10.981+0000] {dag.py:3490} INFO - Setting next_dagrun for 6-XCom to 2023-05-01T00:00:00+00:00, run_after=2023-05-02T00:00:00+00:00
[2026-09-13T02:24:11.037+0000] {processor.py:178} INFO - Processing /opt/airflow/dags/6_xcoms.py took 0.276 seconds
[2026-09-13T02:24:41.259+0000] {processor.py:156} INFO - Started process (PID=162796) to work on /opt/airflow/dags/6_xcoms.py
[2026-09-13T02:24:41.262+0000] {processor.py:799} INFO - Processing file /opt/airflow/dags/6_xcoms.py for tasks to queue
[2026-09-13T02:24:41.264+0000] {logging_mixin.py:149} INFO - [2026-09-13T02:24:41.264+0000] {dagbag.py:541} INFO - Filling up the DagBag from /opt/airflow/dags/6_xcoms.py
[2026-09-13T02:24:41.297+0000] {processor.py:809} INFO - DAG(s) dict_keys(['6-XCom']) retrieved from /opt/airflow/dags/6_xcoms.py
[2026-09-13T02:24:41.386+0000] {logging_mixin.py:149} INFO - [2026-09-13T02:24:41.385+0000] {dag.py:2726} INFO - Sync 1 DAGs
[2026-09-13T02:24:41.454+0000] {logging_mixin.py:149} INFO - [2026-09-13T02:24:41.453+0000] {dag.py:3490} INFO - Setting next_dagrun for 6-XCom to 2023-05-01T00:00:00+00:00, run_after=2023-05-02T00:00:00+00:00
[2026-09-13T02:24:41.521+0000] {processor.py:178} INFO - Processing /opt/airflow/dags/6_xcoms.py took 0.275 seconds
[2026-09-13T02:25:11.690+0000] {processor.py:156} INFO - Started process (PID=162810) to work on /opt/airflow/dags/6_xcoms.py
[2026-09-13T02:25:11.694+0000] {processor.py:799} INFO - Processing file /opt/airflow/dags/6_xcoms.py for tasks to queue
[2026-09-13T02:25:11.696+0000] {logging_mixin.py:149} INFO - [2026-09-13T02:25:11.696+0000] {dagbag.py:541} INFO - Filling up the DagBag from /opt/airflow/dags/6_xcoms.py
[2026-09-13T02:25:11.737+0000] {processor.py:809} INFO - DAG(s) dict_keys(['6-XCom']) retrieved from /opt/airflow/dags/6_xcoms.py
[2026-09-13T02:25:11.831+0000] {logging_mixin.py:149} INFO - [2026-09-13T02:25:11.831+0000] {dag.py:2726} INFO - Sync 1 DAGs
[2026-09-13T02:25:11.915+0000] {logging_mixin.py:149} INFO - [2026-09-13T02:25:11.914+0000] {dag.py:3490} INFO - Setting next_dagrun for 6-XCom to 2023-05-01T00:00:00+00:00, run_after=2023-05-02T00:00:00+00:00
[2026-09-13T02:25:11.984+0000] {processor.py:178} INFO - Processing /opt/airflow/dags/6_xcoms.py took 0.305 seconds
[2026-09-13T02:25:42.157+0000] {processor.py:156} INFO - Started process (PID=162824) to work on /opt/airflow/dags/6_xcoms.py
[2026-09-13T02:25:42.161+0000] {processor.py:799} INFO - Processing file /opt/airflow/dags/6_xcoms.py for tasks to queue
[2026-09-13T02:25:42.163+0000] {logging_mixin.py:149} INFO - [2026-09-13T02:25:42.163+0000] {dagbag.py:541} INFO - Filling up the DagBag from /opt/airflow/dags/6_xcoms.py
[2026-09-13T02:25:42.197+0000] {processor.py:809} INFO - DAG(s) dict_keys(['6-XCom']) retrieved from /opt/airflow/dags/6_xcoms.py
[2026-09-13T02:25:42.281+0000] {logging_mixin.py:149} INFO - [2026-09-13T02:25:42.280+0000] {dag.py:2726} INFO - Sync 1 DAGs
[2026-09-13T02:25:42.355+0000] {logging_mixin.py:149} INFO - [2026-09-13T02:25:42.354+0000] {dag.py:3490} INFO - Setting next_dagrun for 6-XCom to 2023-05-01T00:00:00+00:00, run_after=2023-05-02T00:00:00+00:00
[2026-09-13T02:25:42.423+0000] {processor.py:178} INFO - Processing /opt/airflow/dags/6_xcoms.py took 0.277 seconds
[2026-09-13T02:26:12.663+0000] {processor.py:156} INFO - Started process (PID=162839) to work on /opt/airflow/dags/6_xcoms.py
[2026-09-13T02:26:12.666+0000] {processor.py:799} INFO - Processing file /opt/airflow/dags/6_xcoms.py for tasks to queue
[2026-09-13T02:26:12.669+0000] {logging_mixin.py:149} INFO - [2026-09-13T02:26:12.668+0000] {dagbag.py:541} INFO - Filling up the DagBag from /opt/airflow/dags/6_xcoms.py
[2026-09-13T02:26:12.704+0000] {processor.py:809} INFO - DAG(s) dict_keys(['6-XCom']) retrieved from /opt/airflow/dags/6_xcoms.py
[2026-09-13T02:26:12.793+0000] {logging_mixin.py:149} INFO - [2026-09-13T02:26:12.793+0000] {dag.py:2726} INFO - Sync 1 DAGs
[2026-09-13T02:26:12.861+0000] {logging_mixin.py:149} INFO - [2026-09-13T02:26:12.860+0000] {dag.py:3490} INFO - Setting next_dagrun for 6-XCom to 2023-05-01T00:00:00+00:00, run_after=2023-05-02T00:00:00+00:00
[2026-09-13T02:26:12.923+0000] {processor.py:178} INFO - Processing /opt/airflow/dags/6_xcoms.py took 0.271 seconds
[2026-09-13T02:26:43.130+0000] {processor.py:156} INFO - Started process (PID=162853) to work on /opt/airflow/dags/6_xcoms.py
[2026-09-13T02:26:43.134+0000] {processor.py:799} INFO - Processing file /opt/airflow/dags/6_xcoms.py for tasks to queue
[2026-09-13T02:26:43.137+0000] {logging_mixin.py:149} INFO - [2026-09-13T02:26:43.136+0000] {dagbag.py:541} INFO - Filling up the DagBag from /opt/airflow/dags/6_xcoms.py
[2026-09-13T02:26:43.177+0000] {processor.py:809} INFO - DAG(s) dict_keys(['6-XCom']) retrieved from /opt/airflow/dags/6_xcoms.py
[2026-09-13T02:26:43.252+0000] {logging_mixin.py:149} INFO - [2026-09-13T02:26:43.251+0000] {dag.py:2726} INFO - Sync 1 DAGs
[2026-09-13T02:26:43.324+0000] {logging_mixin.py:149} INFO - [2026-09-13T02:26:43.323+0000] {dag.py:3490} INFO - Setting next_dagrun for 6-XCom to 2023-05-01T00:00:00+00:00, run_after=2023-05-02T00:00:00+00:00
[2026-09-13T02:26:43.390+0000] {processor.py:178} INFO - Processing /opt/airflow/dags/6_xcoms.py took 0.273 seconds
[2026-09-13T02:27:13.578+0000] {processor.py:156} INFO - Started process (PID=162867) to work on /opt/airflow/dags/6_xcoms.py
[2026-09-13T02:27:13.582+0000] {processor.py:799} INFO - Processing file /opt/airflow/dags/6_xcoms.py for tasks to queue
[2026-09-13T02:27:13.584+0000] {logging_mixin.py:149} INFO - [2026-09-13T02:27:13.583+0000] {dagbag.py:541} INFO - Filling up the DagBag from /opt/airflow/dags/6_xcoms.py
[2026-09-13T02:27:13.622+0000] {processor.py:809} INFO - DAG(s) dict_keys(['6-XCom']) retrieved from /opt/airflow/dags/6_xcoms.py
[2026-09-13T02:27:13.710+0000] {logging_mixin.py:149} INFO - [2026-09-13T02:27:13.709+0000] {dag.py:2726} INFO - Sync 1 DAGs
[2026-09-13T02:27:13.795+0000] {logging_mixin.py:149} INFO - [2026-09-13T02:27:13.795+0000] {dag.py:3490} INFO - Setting next_dagrun for 6-XCom to 2023-05-01T00:00:00+00:00, run_after=2023-05-02T00:00:00+00:00
[2026-09-13T02:27:13.849+0000] {processor.py:178} INFO - Processing /opt/airflow/dags/6_xcoms.py took 0.287 seconds
[2026-09-13T02:27:43.956+0000] {processor.py:156} INFO - Started process (PID=162881) to work on /opt/airflow/dags/6_xcoms.py
[2026-09-13T02:27:43.960+0000] {processor.py:799} INFO - Processing file /opt/airflow/dags/6_xcoms.py for tasks to queue
[2026-09-13T02:27:43.963+0000] {logging_mixin.py:149} INFO - [2026-09-13T02:27:43.962+0000] {dagbag.py:541} INFO - Filling up the DagBag from /opt/airflow/dags/6_xcoms.py
[2026-09-13T02:27:43.998+0000] {processor.py:809} INFO - DAG(s) dict_keys(['6-XCom']) retrieved from /opt/airflow/dags/6_xcoms.py
[2026-09-13T02:27:44.103+0000] {logging_mixin.py:149} INFO - [2026-09-13T02:27:44.103+0000] {dag.py:2726} INFO - Sync 1 DAGs
[2026-09-13T02:27:44.184+0000] {logging_mixin.py:149} INFO - [2026-09-13T02:27:44.184+0000] {dag.py:3490} INFO - Setting next_dagrun for 6-XCom to 2023-05-01T00:00:00+00:00, run_after=2023-05-02T00:00:00+00:00
[2026-09-13T02:27:44.247+0000] {processor.py:178} INFO - Processing /opt/airflow/dags/6_xcoms.py took 0.304 seconds
[2026-09-13T02:28:14.538+0000] {processor.py:156} INFO - Started process (PID=162896) to work on /opt/airflow/dags/6_xcoms.py
[2026-09-13T02:28:14.543+0000] {processor.py:799} INFO - Processing file /opt/airflow/dags/6_xcoms.py for tasks to queue
[2026-09-13T02:28:14.545+0000] {logging_mixin.py:149} INFO - [2026-09-13T02:28:14.544+0000] {dagbag.py:541} INFO - Filling up the DagBag from /opt/airflow/dags/6_xcoms.py
[2026-09-13T02:28:14.581+0000] {processor.py:809} INFO - DAG(s) dict_keys(['6-XCom']) retrieved from /opt/airflow/dags/6_xcoms.py
[2026-09-13T02:28:14.668+0000] {logging_mixin.py:149} INFO - [2026-09-13T02:28:14.667+0000] {dag.py:2726} INFO - Sync 1 DAGs
[2026-09-13T02:28:14.736+0000] {logging_mixin.py:149} INFO - [2026-09-13T02:28:14.735+0000] {dag.py:3490} INFO - Setting next_dagrun for 6-XCom to 2023-05-01T00:00:00+00:00, run_after=2023-05-02T00:00:00+00:00
[2026-09-13T02:28:14.800+0000] {processor.py:178} INFO - Processing /opt/airflow/dags/6_xcoms.py took 0.273 seconds
[2026-09-13T02:28:44.915+0000] {processor.py:156} INFO - Started process (PID=162910) to work on /opt/airflow/dags/6_xcoms.py
[2026-09-13T02:28:44.924+0000] {processor.py:799} INFO - Processing file /opt/airflow/dags/6_xcoms.py for tasks to queue
[2026-09-13T02:28:44.926+0000] {logging_mixin.py:149} INFO - [2026-09-13T02:28:44.926+0000] {dagbag.py:541} INFO - Filling up the DagBag from /opt/airflow/dags/6_xcoms.py
[2026-09-13T02:28:44.970+0000] {processor.py:809} INFO - DAG(s) dict_keys(['6-XCom']) retrieved from /opt/airflow/dags/6_xcoms.py
[2026-09-13T02:28:45.061+0000] {logging_mixin.py:149} INFO - [2026-09-13T02:28:45.060+0000] {dag.py:2726} INFO - Sync 1 DAGs
[2026-09-13T02:28:45.133+0000] {logging_mixin.py:149} INFO - [2026-09-13T02:28:45.133+0000] {dag.py:3490} INFO - Setting next_dagrun for 6-XCom to 2023-05-01T00:00:00+00:00, run_after=2023-05-02T00:00:00+00:00
[2026-09-13T02:28:45.190+0000] {processor.py:178} INFO - Processing /opt/airflow/dags/6_xcoms.py took 0.288 seconds
[2026-09-13T02:29:15.301+0000] {processor.py:156} INFO - Started process (PID=162925) to work on /opt/airflow/dags/6_xcoms.py
[2026-09-13T02:29:15.305+0000] {processor.py:799} INFO - Processing file /opt/airflow/dags/6_xcoms.py for tasks to queue
[2026-09-13T02:29:15.307+0000] {logging_mixin.py:149} INFO - [2026-09-13T02:29:15.306+0000] {dagbag.py:541} INFO - Filling up the DagBag from /opt/airflow/dags/6_xcoms.py
[2026-09-13T02:29:15.342+0000] {processor.py:809} INFO - DAG(s) dict_keys(['6-XCom']) retrieved from /opt/airflow/dags/6_xcoms.py
[2026-09-13T02:29:15.428+0000] {logging_mixin.py:149} INFO - [2026-09-13T02:29:15.428+0000] {dag.py:2726} INFO - Sync 1 DAGs
[2026-09-13T02:29:15.500+0000] {logging_mixin.py:149} INFO - [2026-09-13T02:29:15.499+0000] {dag.py:3490} INFO - Setting next_dagrun for 6-XCom to 2023-05-01T00:00:00+00:00, run_after=2023-05-02T00:00:00+00:00
[2026-09-13T02:29:15.557+0000] {processor.py:178} INFO - Processing /opt/airflow/dags/6_xcoms.py took 0.267 seconds
[2026-09-13T02:29:45.745+0000] {processor.py:156} INFO - Started process (PID=162939) to work on /opt/airflow/dags/6_xcoms.py
[2026-09-13T02:29:45.749+0000] {processor.py:799} INFO - Processing file /opt/airflow/dags/6_xcoms.py for tasks to queue
[2026-09-13T02:29:45.751+0000] {logging_mixin.py:149} INFO - [2026-09-13T02:29:45.750+0000] {dagbag.py:541} INFO - Filling up the DagBag from /opt/airflow/dags/6_xcoms.py
[2026-09-13T02:29:45.787+0000] {processor.py:809} INFO - DAG(s) dict_keys(['6-XCom']) retrieved from /opt/airflow/dags/6_xcoms.py
[2026-09-13T02:29:45.880+0000] {logging_mixin.py:149} INFO - [2026-09-13T02:29:45.880+0000] {dag.py:2726} INFO - Sync 1 DAGs
[2026-09-13T02:29:45.951+0000] {logging_mixin.py:149} INFO - [2026-09-13T02:29:45.951+0000] {dag.py:3490} INFO - Setting next_dagrun for 6-XCom to 2023-05-01T00:00:00+00:00, run_after=2023-05-02T00:00:00+00:00
[2026-09-13T02:29:46.028+0000] {processor.py:178} INFO - Processing /opt/airflow/dags/6_xcoms.py took 0.294 seconds
[2026-09-13T02:30:16.120+0000] {processor.py:156} INFO - Started process (PID=162954) to work on /opt/airflow/dags/6_xcoms.py
[2026-09-13T02:30:16.124+0000] {processor.py:799} INFO - Processing file /opt/airflow/dags/6_xcoms.py for tasks to queue
[2026-09-13T02:30:16.125+0000] {logging_mixin.py:149} INFO - [2026-09-13T02:30:16.125+0000] {dagbag.py:541} INFO - Filling up the DagBag from /opt/airflow/dags/6_xcoms.py
[2026-09-13T02:30:16.159+0000] {processor.py:809} INFO - DAG(s) dict_keys(['6-XCom']) retrieved from /opt/airflow/dags/6_xcoms.py
[2026-09-13T02:30:16.247+0000] {logging_mixin.py:149} INFO - [2026-09-13T02:30:16.247+0000] {dag.py:2726} INFO - Sync 1 DAGs
[2026-09-13T02:30:16.332+0000] {logging_mixin.py:149} INFO - [2026-09-13T02:30:16.332+0000] {dag.py:3490} INFO - Setting next_dagrun for 6-XCom to 2023-05-01T00:00:00+00:00, run_after=2023-05-02T00:00:00+00:00
[2026-09-13T02:30:16.398+0000] {processor.py:178} INFO - Processing /opt/airflow/dags/6_xcoms.py took 0.286 seconds
[2026-09-13T02:30:46.647+0000] {processor.py:156} INFO - Started process (PID=162968) to work on /opt/airflow/dags/6_xcoms.py
[2026-09-13T02:30:46.651+0000] {processor.py:799} INFO - Processing file /opt/airflow/dags/6_xcoms.py for tasks to queue
[2026-09-13T02:30:46.653+0000] {logging_mixin.py:149} INFO - [2026-09-13T02:30:46.652+0000] {dagbag.py:541} INFO - Filling up the DagBag from /opt/airflow/dags/6_xcoms.py
[2026-09-13T02:30:46.685+0000] {processor.py:809} INFO - DAG(s) dict_keys(['6-XCom']) retrieved from /opt/airflow/dags/6_xcoms.py
[2026-09-13T02:30:46.778+0000] {logging_mixin.py:149} INFO - [2026-09-13T02:30:46.778+0000] {dag.py:2726} INFO - Sync 1 DAGs
[2026-09-13T02:30:46.860+0000] {logging_mixin.py:149} INFO - [2026-09-13T02:30:46.860+0000] {dag.py:3490} INFO - Setting next_dagrun for 6-XCom to 2023-05-01T00:00:00+00:00, run_after=2023-05-02T00:00:00+00:00
[2026-09-13T02:30:46.927+0000] {processor.py:178} INFO - Processing /opt/airflow/dags/6_xcoms.py took 0.290 seconds
[2026-09-13T02:31:17.219+0000] {processor.py:156} INFO - Started process (PID=162982) to work on /opt/airflow/dags/6_xcoms.py
[2026-09-13T02:31:17.222+0000] {processor.py:799} INFO - Processing file /opt/airflow/dags/6_xcoms.py for tasks to queue
[2026-09-13T02:31:17.224+0000] {logging_mixin.py:149} INFO - [2026-09-13T02:31:17.224+0000] {dagbag.py:541} INFO - Filling up the DagBag from /opt/airflow/dags/6_xcoms.py
[2026-09-13T02:31:17.258+0000] {processor.py:809} INFO - DAG(s) dict_keys(['6-XCom']) retrieved from /opt/airflow/dags/6_xcoms.py
[2026-09-13T02:31:17.342+0000] {logging_mixin.py:149} INFO - [2026-09-13T02:31:17.342+0000] {dag.py:2726} INFO - Sync 1 DAGs
[2026-09-13T02:31:17.438+0000] {logging_mixin.py:149} INFO - [2026-09-13T02:31:17.437+0000] {dag.py:3490} INFO - Setting next_dagrun for 6-XCom to 2023-05-01T00:00:00+00:00, run_after=2023-05-02T00:00:00+00:00
[2026-09-13T02:31:17.495+0000] {processor.py:178} INFO - Processing /opt/airflow/dags/6_xcoms.py took 0.288 seconds
[2026-09-13T02:31:47.731+0000] {processor.py:156} INFO - Started process (PID=162996) to work on /opt/airflow/dags/6_xcoms.py
[2026-09-13T02:31:47.736+0000] {processor.py:799} INFO - Processing file /opt/airflow/dags/6_xcoms.py for tasks to queue
[2026-09-13T02:31:47.738+0000] {logging_mixin.py:149} INFO - [2026-09-13T02:31:47.737+0000] {dagbag.py:541} INFO - Filling up the DagBag from /opt/airflow/dags/6_xcoms.py
[2026-09-13T02:31:47.771+0000] {processor.py:809} INFO - DAG(s) dict_keys(['6-XCom']) retrieved from /opt/airflow/dags/6_xcoms.py
[2026-09-13T02:31:47.861+0000] {logging_mixin.py:149} INFO - [2026-09-13T02:31:47.861+0000] {dag.py:2726} INFO - Sync 1 DAGs
[2026-09-13T02:31:47.937+0000] {logging_mixin.py:149} INFO - [2026-09-13T02:31:47.937+0000] {dag.py:3490} INFO - Setting next_dagrun for 6-XCom to 2023-05-01T00:00:00+00:00, run_after=2023-05-02T00:00:00+00:00
[2026-09-13T02:31:48.009+0000] {processor.py:178} INFO - Processing /opt/airflow/dags/6_xcoms.py took 0.291 seconds
[2026-09-13T02:32:18.183+0000] {processor.py:156} INFO - Started process (PID=163011) to work on /opt/airflow/dags/6_xcoms.py
[2026-09-13T02:32:18.186+0000] {processor.py:799} INFO - Processing file /opt/airflow/dags/6_xcoms.py for tasks to queue
[2026-09-13T02:32:18.188+0000] {logging_mixin.py:149} INFO - [2026-09-13T02:32:18.188+0000] {dagbag.py:541} INFO - Filling up the DagBag from /opt/airflow/dags/6_xcoms.py
[2026-09-13T02:32:18.224+0000] {processor.py:809} INFO - DAG(s) dict_keys(['6-XCom']) retrieved from /opt/airflow/dags/6_xcoms.py
[2026-09-13T02:32:18.305+0000] {logging_mixin.py:149} INFO - [2026-09-13T02:32:18.304+0000] {dag.py:2726} INFO - Sync 1 DAGs
[2026-09-13T02:32:18.382+0000] {logging_mixin.py:149} INFO - [2026-09-13T02:32:18.382+0000] {dag.py:3490} INFO - Setting next_dagrun for 6-XCom to 2023-05-01T00:00:00+00:00, run_after=2023-05-02T00:00:00+00:00
[2026-09-13T02:32:18.446+0000] {processor.py:178} INFO - Processing /opt/airflow/dags/6_xcoms.py took 0.274 seconds
[2026-09-13T02:32:48.644+0000] {processor.py:156} INFO - Started process (PID=163025) to work on /opt/airflow/dags/6_xcoms.py
[2026-09-13T02:32:48.647+0000] {processor.py:799} INFO - Processing file /opt/airflow/dags/6_xcoms.py for tasks to queue
[2026-09-13T02:32:48.650+0000] {logging_mixin.py:149} INFO - [2026-09-13T02:32:48.650+0000] {dagbag.py:541} INFO - Filling up the DagBag from /opt/airflow/dags/6_xcoms.py
[2026-09-13T02:32:48.685+0000] {processor.py:809} INFO - DAG(s) dict_keys(['6-XCom']) retrieved from /opt/airflow/dags/6_xcoms.py
[2026-09-13T02:32:48.777+0000] {logging_mixin.py:149} INFO - [2026-09-13T02:32:48.777+0000] {dag.py:2726} INFO - Sync 1 DAGs
[2026-09-13T02:32:48.874+0000] {logging_mixin.py:149} INFO - [2026-09-13T02:32:48.873+0000] {dag.py:3490} INFO - Setting next_dagrun for 6-XCom to 2023-05-01T00:00:00+00:00, run_after=2023-05-02T00:00:00+00:00
[2026-09-13T02:32:48.933+0000] {processor.py:178} INFO - Processing /opt/airflow/dags/6_xcoms.py took 0.299 seconds
[2026-09-13T02:33:19.113+0000] {processor.py:156} INFO - Started process (PID=163039) to work on /opt/airflow/dags/6_xcoms.py
[2026-09-13T02:33:19.117+0000] {processor.py:799} INFO - Processing file /opt/airflow/dags/6_xcoms.py for tasks to queue
[2026-09-13T02:33:19.119+0000] {logging_mixin.py:149} INFO - [2026-09-13T02:33:19.119+0000] {dagbag.py:541} INFO - Filling up the DagBag from /opt/airflow/dags/6_xcoms.py
[2026-09-13T02:33:19.155+0000] {processor.py:809} INFO - DAG(s) dict_keys(['6-XCom']) retrieved from /opt/airflow/dags/6_xcoms.py
[2026-09-13T02:33:19.246+0000] {logging_mixin.py:149} INFO - [2026-09-13T02:33:19.245+0000] {dag.py:2726} INFO - Sync 1 DAGs
[2026-09-13T02:33:19.336+0000] {logging_mixin.py:149} INFO - [2026-09-13T02:33:19.335+0000] {dag.py:3490} INFO - Setting next_dagrun for 6-XCom to 2023-05-01T00:00:00+00:00, run_after=2023-05-02T00:00:00+00:00
[2026-09-13T02:33:19.397+0000] {processor.py:178} INFO - Processing /opt/airflow/dags/6_xcoms.py took 0.295 seconds
[2026-09-13T02:33:49.551+0000] {processor.py:156} INFO - Started process (PID=163053) to work on /opt/airflow/dags/6_xcoms.py
[2026-09-13T02:33:49.554+0000] {processor.py:799} INFO - Processing file /opt/airflow/dags/6_xcoms.py for tasks to queue
[2026-09-13T02:33:49.556+0000] {logging_mixin.py:149} INFO - [2026-09-13T02:33:49.556+0000] {dagbag.py:541} INFO - Filling up the DagBag from /opt/airflow/dags/6_xcoms.py
[2026-09-13T02:33:49.589+0000] {processor.py:809} INFO - DAG(s) dict_keys(['6-XCom']) retrieved from /opt/airflow/dags/6_xcoms.py
[2026-09-13T02:33:49.670+0000] {logging_mixin.py:149} INFO - [2026-09-13T02:33:49.669+0000] {dag.py:2726} INFO - Sync 1 DAGs
[2026-09-13T02:33:49.744+0000] {logging_mixin.py:149} INFO - [2026-09-13T02:33:49.744+0000] {dag.py:3490} INFO - Setting next_dagrun for 6-XCom to 2023-05-01T00:00:00+00:00, run_after=2023-05-02T00:00:00+00:00
[2026-09-13T02:33:49.815+0000] {processor.py:178} INFO - Processing /opt/airflow/dags/6_xcoms.py took 0.276 seconds
[2026-09-13T02:34:20.026+0000] {processor.py:156} INFO - Started process (PID=163066) to work on /opt/airflow/dags/6_xcoms.py
[2026-09-13T02:34:20.030+0000] {processor.py:799} INFO - Processing file /opt/airflow/dags/6_xcoms.py for tasks to queue
[2026-09-13T02:34:20.033+0000] {logging_mixin.py:149} INFO - [2026-09-13T02:34:20.032+0000] {dagbag.py:541} INFO - Filling up the DagBag from /opt/airflow/dags/6_xcoms.py
[2026-09-13T02:34:20.072+0000] {processor.py:809} INFO - DAG(s) dict_keys(['6-XCom']) retrieved from /opt/airflow/dags/6_xcoms.py
[2026-09-13T02:34:20.164+0000] {logging_mixin.py:149} INFO - [2026-09-13T02:34:20.164+0000] {dag.py:2726} INFO - Sync 1 DAGs
[2026-09-13T02:34:20.234+0000] {logging_mixin.py:149} INFO - [2026-09-13T02:34:20.233+0000] {dag.py:3490} INFO - Setting next_dagrun for 6-XCom to 2023-05-01T00:00:00+00:00, run_after=2023-05-02T00:00:00+00:00
[2026-09-13T02:34:20.301+0000] {processor.py:178} INFO - Processing /opt/airflow/dags/6_xcoms.py took 0.286 seconds
[2026-09-13T02:34:50.368+0000] {processor.py:156} INFO - Started process (PID=163080) to work on /opt/airflow/dags/6_xcoms.py
[2026-09-13T02:34:50.375+0000] {processor.py:799} INFO - Processing file /opt/airflow/dags/6_xcoms.py for tasks to queue
[2026-09-13T02:34:50.377+0000] {logging_mixin.py:149} INFO - [2026-09-13T02:34:50.376+0000] {dagbag.py:541} INFO - Filling up the DagBag from /opt/airflow/dags/6_xcoms.py
[2026-09-13T02:34:50.421+0000] {processor.py:809} INFO - DAG(s) dict_keys(['6-XCom']) retrieved from /opt/airflow/dags/6_xcoms.py
[2026-09-13T02:34:50.518+0000] {logging_mixin.py:149} INFO - [2026-09-13T02:34:50.517+0000] {dag.py:2726} INFO - Sync 1 DAGs
[2026-09-13T02:34:50.585+0000] {logging_mixin.py:149} INFO - [2026-09-13T02:34:50.584+0000] {dag.py:3490} INFO - Setting next_dagrun for 6-XCom to 2023-05-01T00:00:00+00:00, run_after=2023-05-02T00:00:00+00:00
[2026-09-13T02:34:50.645+0000] {processor.py:178} INFO - Processing /opt/airflow/dags/6_xcoms.py took 0.287 seconds
[2026-09-13T02:35:20.816+0000] {processor.py:156} INFO - Started process (PID=163094) to work on /opt/airflow/dags/6_xcoms.py
[2026-09-13T02:35:20.821+0000] {processor.py:799} INFO - Processing file /opt/airflow/dags/6_xcoms.py for tasks to queue
[2026-09-13T02:35:20.823+0000] {logging_mixin.py:149} INFO - [2026-09-13T02:35:20.823+0000] {dagbag.py:541} INFO - Filling up the DagBag from /opt/airflow/dags/6_xcoms.py
[2026-09-13T02:35:20.864+0000] {processor.py:809} INFO - DAG(s) dict_keys(['6-XCom']) retrieved from /opt/airflow/dags/6_xcoms.py
[2026-09-13T02:35:20.952+0000] {logging_mixin.py:149} INFO - [2026-09-13T02:35:20.952+0000] {dag.py:2726} INFO - Sync 1 DAGs
[2026-09-13T02:35:21.029+0000] {logging_mixin.py:149} INFO - [2026-09-13T02:35:21.029+0000] {dag.py:3490} INFO - Setting next_dagrun for 6-XCom to 2023-05-01T00:00:00+00:00, run_after=2023-05-02T00:00:00+00:00
[2026-09-13T02:35:21.102+0000] {processor.py:178} INFO - Processing /opt/airflow/dags/6_xcoms.py took 0.298 seconds
[2026-09-13T02:35:51.371+0000] {processor.py:156} INFO - Started process (PID=163109) to work on /opt/airflow/dags/6_xcoms.py
[2026-09-13T02:35:51.374+0000] {processor.py:799} INFO - Processing file /opt/airflow/dags/6_xcoms.py for tasks to queue
[2026-09-13T02:35:51.376+0000] {logging_mixin.py:149} INFO - [2026-09-13T02:35:51.376+0000] {dagbag.py:541} INFO - Filling up the DagBag from /opt/airflow/dags/6_xcoms.py
[2026-09-13T02:35:51.411+0000] {processor.py:809} INFO - DAG(s) dict_keys(['6-XCom']) retrieved from /opt/airflow/dags/6_xcoms.py
[2026-09-13T02:35:51.490+0000] {logging_mixin.py:149} INFO - [2026-09-13T02:35:51.490+0000] {dag.py:2726} INFO - Sync 1 DAGs
[2026-09-13T02:35:51.577+0000] {logging_mixin.py:149} INFO - [2026-09-13T02:35:51.577+0000] {dag.py:3490} INFO - Setting next_dagrun for 6-XCom to 2023-05-01T00:00:00+00:00, run_after=2023-05-02T00:00:00+00:00
[2026-09-13T02:35:51.653+0000] {processor.py:178} INFO - Processing /opt/airflow/dags/6_xcoms.py took 0.292 seconds
[2026-09-13T02:36:21.869+0000] {processor.py:156} INFO - Started process (PID=163123) to work on /opt/airflow/dags/6_xcoms.py
[2026-09-13T02:36:21.872+0000] {processor.py:799} INFO - Processing file /opt/airflow/dags/6_xcoms.py for tasks to queue
[2026-09-13T02:36:21.873+0000] {logging_mixin.py:149} INFO - [2026-09-13T02:36:21.873+0000] {dagbag.py:541} INFO - Filling up the DagBag from /opt/airflow/dags/6_xcoms.py
[2026-09-13T02:36:21.902+0000] {processor.py:809} INFO - DAG(s) dict_keys(['6-XCom']) retrieved from /opt/airflow/dags/6_xcoms.py
[2026-09-13T02:36:22.008+0000] {logging_mixin.py:149} INFO - [2026-09-13T02:36:22.007+0000] {dag.py:2726} INFO - Sync 1 DAGs
[2026-09-13T02:36:22.080+0000] {logging_mixin.py:149} INFO - [2026-09-13T02:36:22.079+0000] {dag.py:3490} INFO - Setting next_dagrun for 6-XCom to 2023-05-01T00:00:00+00:00, run_after=2023-05-02T00:00:00+00:00
[2026-09-13T02:36:22.146+0000] {processor.py:178} INFO - Processing /opt/airflow/dags/6_xcoms.py took 0.291 seconds
[2026-09-13T02:36:52.429+0000] {processor.py:156} INFO - Started process (PID=163137) to work on /opt/airflow/dags/6_xcoms.py
[2026-09-13T02:36:52.433+0000] {processor.py:799} INFO - Processing file /opt/airflow/dags/6_xcoms.py for tasks to queue
[2026-09-13T02:36:52.434+0000] {logging_mixin.py:149} INFO - [2026-09-13T02:36:52.434+0000] {dagbag.py:541} INFO - Filling up the DagBag from /opt/airflow/dags/6_xcoms.py
[2026-09-13T02:36:52.466+0000] {processor.py:809} INFO - DAG(s) dict_keys(['6-XCom']) retrieved from /opt/airflow/dags/6_xcoms.py
[2026-09-13T02:36:52.555+0000] {logging_mixin.py:149} INFO - [2026-09-13T02:36:52.554+0000] {dag.py:2726} INFO - Sync 1 DAGs
[2026-09-13T02:36:52.630+0000] {logging_mixin.py:149} INFO - [2026-09-13T02:36:52.629+0000] {dag.py:3490} INFO - Setting next_dagrun for 6-XCom to 2023-05-01T00:00:00+00:00, run_after=2023-05-02T00:00:00+00:00
[2026-09-13T02:36:52.688+0000] {processor.py:178} INFO - Processing /opt/airflow/dags/6_xcoms.py took 0.268 seconds
[2026-09-13T02:37:22.883+0000] {processor.py:156} INFO - Started process (PID=163152) to work on /opt/airflow/dags/6_xcoms.py
[2026-09-13T02:37:22.886+0000] {processor.py:799} INFO - Processing file /opt/airflow/dags/6_xcoms.py for tasks to queue
[2026-09-13T02:37:22.889+0000] {logging_mixin.py:149} INFO - [2026-09-13T02:37:22.888+0000] {dagbag.py:541} INFO - Filling up the DagBag from /opt/airflow/dags/6_xcoms.py
[2026-09-13T02:37:22.921+0000] {processor.py:809} INFO - DAG(s) dict_keys(['6-XCom']) retrieved from /opt/airflow/dags/6_xcoms.py
[2026-09-13T02:37:23.003+0000] {logging_mixin.py:149} INFO - [2026-09-13T02:37:23.003+0000] {dag.py:2726} INFO - Sync 1 DAGs
[2026-09-13T02:37:23.097+0000] {logging_mixin.py:149} INFO - [2026-09-13T02:37:23.097+0000] {dag.py:3490} INFO - Setting next_dagrun for 6-XCom to 2023-05-01T00:00:00+00:00, run_after=2023-05-02T00:00:00+00:00
[2026-09-13T02:37:23.151+0000] {processor.py:178} INFO - Processing /opt/airflow/dags/6_xcoms.py took 0.279 seconds
[2026-09-13T02:37:53.359+0000] {processor.py:156} INFO - Started process (PID=163166) to work on /opt/airflow/dags/6_xcoms.py
[2026-09-13T02:37:53.363+0000] {processor.py:799} INFO - Processing file /opt/airflow/dags/6_xcoms.py for tasks to queue
[2026-09-13T02:37:53.365+0000] {logging_mixin.py:149} INFO - [2026-09-13T02:37:53.364+0000] {dagbag.py:541} INFO - Filling up the DagBag from /opt/airflow/dags/6_xcoms.py
[2026-09-13T02:37:53.404+0000] {processor.py:809} INFO - DAG(s) dict_keys(['6-XCom']) retrieved from /opt/airflow/dags/6_xcoms.py
[2026-09-13T02:37:53.494+0000] {logging_mixin.py:149} INFO - [2026-09-13T02:37:53.494+0000] {dag.py:2726} INFO - Sync 1 DAGs
[2026-09-13T02:37:53.564+0000] {logging_mixin.py:149} INFO - [2026-09-13T02:37:53.563+0000] {dag.py:3490} INFO - Setting next_dagrun for 6-XCom to 2023-05-01T00:00:00+00:00, run_after=2023-05-02T00:00:00+00:00
[2026-09-13T02:37:53.632+0000] {processor.py:178} INFO - Processing /opt/airflow/dags/6_xcoms.py took 0.286 seconds
[2026-09-13T02:38:23.825+0000] {processor.py:156} INFO - Started process (PID=163180) to work on /opt/airflow/dags/6_xcoms.py
[2026-09-13T02:38:23.830+0000] {processor.py:799} INFO - Processing file /opt/airflow/dags/6_xcoms.py for tasks to queue
[2026-09-13T02:38:23.832+0000] {logging_mixin.py:149} INFO - [2026-09-13T02:38:23.832+0000] {dagbag.py:541} INFO - Filling up the DagBag from /opt/airflow/dags/6_xcoms.py
[2026-09-13T02:38:23.867+0000] {processor.py:809} INFO - DAG(s) dict_keys(['6-XCom']) retrieved from /opt/airflow/dags/6_xcoms.py
[2026-09-13T02:38:23.965+0000] {logging_mixin.py:149} INFO - [2026-09-13T02:38:23.965+0000] {dag.py:2726} INFO - Sync 1 DAGs
[2026-09-13T02:38:24.019+0000] {logging_mixin.py:149} INFO - [2026-09-13T02:38:24.019+0000] {dag.py:3490} INFO - Setting next_dagrun for 6-XCom to 2023-05-01T00:00:00+00:00, run_after=2023-05-02T00:00:00+00:00
[2026-09-13T02:38:24.078+0000] {processor.py:178} INFO - Processing /opt/airflow/dags/6_xcoms.py took 0.262 seconds
[2026-09-13T02:38:54.363+0000] {processor.py:156} INFO - Started process (PID=163194) to work on /opt/airflow/dags/6_xcoms.py
[2026-09-13T02:38:54.367+0000] {processor.py:799} INFO - Processing file /opt/airflow/dags/6_xcoms.py for tasks to queue
[2026-09-13T02:38:54.368+0000] {logging_mixin.py:149} INFO - [2026-09-13T02:38:54.368+0000] {dagbag.py:541} INFO - Filling up the DagBag from /opt/airflow/dags/6_xcoms.py
[2026-09-13T02:38:54.398+0000] {processor.py:809} INFO - DAG(s) dict_keys(['6-XCom']) retrieved from /opt/airflow/dags/6_xcoms.py
[2026-09-13T02:38:54.486+0000] {logging_mixin.py:149} INFO - [2026-09-13T02:38:54.486+0000] {dag.py:2726} INFO - Sync 1 DAGs
[2026-09-13T02:38:54.552+0000] {logging_mixin.py:149} INFO - [2026-09-13T02:38:54.552+0000] {dag.py:3490} INFO - Setting next_dagrun for 6-XCom to 2023-05-01T00:00:00+00:00, run_after=2023-05-02T00:00:00+00:00
[2026-09-13T02:38:54.626+0000] {processor.py:178} INFO - Processing /opt/airflow/dags/6_xcoms.py took 0.272 seconds
[2026-09-13T02:39:24.867+0000] {processor.py:156} INFO - Started process (PID=163208) to work on /opt/airflow/dags/6_xcoms.py
[2026-09-13T02:39:24.871+0000] {processor.py:799} INFO - Processing file /opt/airflow/dags/6_xcoms.py for tasks to queue
[2026-09-13T02:39:24.873+0000] {logging_mixin.py:149} INFO - [2026-09-13T02:39:24.873+0000] {dagbag.py:541} INFO - Filling up the DagBag from /opt/airflow/dags/6_xcoms.py
[2026-09-13T02:39:24.906+0000] {processor.py:809} INFO - DAG(s) dict_keys(['6-XCom']) retrieved from /opt/airflow/dags/6_xcoms.py
[2026-09-13T02:39:24.992+0000] {logging_mixin.py:149} INFO - [2026-09-13T02:39:24.991+0000] {dag.py:2726} INFO - Sync 1 DAGs
[2026-09-13T02:39:25.066+0000] {logging_mixin.py:149} INFO - [2026-09-13T02:39:25.066+0000] {dag.py:3490} INFO - Setting next_dagrun for 6-XCom to 2023-05-01T00:00:00+00:00, run_after=2023-05-02T00:00:00+00:00
[2026-09-13T02:39:25.135+0000] {processor.py:178} INFO - Processing /opt/airflow/dags/6_xcoms.py took 0.279 seconds
[2026-09-13T02:39:55.354+0000] {processor.py:156} INFO - Started process (PID=163223) to work on /opt/airflow/dags/6_xcoms.py
[2026-09-13T02:39:55.360+0000] {processor.py:799} INFO - Processing file /opt/airflow/dags/6_xcoms.py for tasks to queue
[2026-09-13T02:39:55.362+0000] {logging_mixin.py:149} INFO - [2026-09-13T02:39:55.361+0000] {dagbag.py:541} INFO - Filling up the DagBag from /opt/airflow/dags/6_xcoms.py
[2026-09-13T02:39:55.400+0000] {processor.py:809} INFO - DAG(s) dict_keys(['6-XCom']) retrieved from /opt/airflow/dags/6_xcoms.py
[2026-09-13T02:39:55.504+0000] {logging_mixin.py:149} INFO - [2026-09-13T02:39:55.504+0000] {dag.py:2726} INFO - Sync 1 DAGs
[2026-09-13T02:39:55.585+0000] {logging_mixin.py:149} INFO - [2026-09-13T02:39:55.584+0000] {dag.py:3490} INFO - Setting next_dagrun for 6-XCom to 2023-05-01T00:00:00+00:00, run_after=2023-05-02T00:00:00+00:00
[2026-09-13T02:39:55.650+0000] {processor.py:178} INFO - Processing /opt/airflow/dags/6_xcoms.py took 0.308 seconds
[2026-09-13T02:40:25.838+0000] {processor.py:156} INFO - Started process (PID=163238) to work on /opt/airflow/dags/6_xcoms.py
[2026-09-13T02:40:25.842+0000] {processor.py:799} INFO - Processing file /opt/airflow/dags/6_xcoms.py for tasks to queue
[2026-09-13T02:40:25.844+0000] {logging_mixin.py:149} INFO - [2026-09-13T02:40:25.844+0000] {dagbag.py:541} INFO - Filling up the DagBag from /opt/airflow/dags/6_xcoms.py
[2026-09-13T02:40:25.878+0000] {processor.py:809} INFO - DAG(s) dict_keys(['6-XCom']) retrieved from /opt/airflow/dags/6_xcoms.py
[2026-09-13T02:40:25.978+0000] {logging_mixin.py:149} INFO - [2026-09-13T02:40:25.977+0000] {dag.py:2726} INFO - Sync 1 DAGs
[2026-09-13T02:40:26.074+0000] {logging_mixin.py:149} INFO - [2026-09-13T02:40:26.074+0000] {dag.py:3490} INFO - Setting next_dagrun for 6-XCom to 2023-05-01T00:00:00+00:00, run_after=2023-05-02T00:00:00+00:00
[2026-09-13T02:40:26.141+0000] {processor.py:178} INFO - Processing /opt/airflow/dags/6_xcoms.py took 0.314 seconds
[2026-09-13T02:40:56.375+0000] {processor.py:156} INFO - Started process (PID=163252) to work on /opt/airflow/dags/6_xcoms.py
[2026-09-13T02:40:56.385+0000] {processor.py:799} INFO - Processing file /opt/airflow/dags/6_xcoms.py for tasks to queue
[2026-09-13T02:40:56.388+0000] {logging_mixin.py:149} INFO - [2026-09-13T02:40:56.387+0000] {dagbag.py:541} INFO - Filling up the DagBag from /opt/airflow/dags/6_xcoms.py
[2026-09-13T02:40:56.425+0000] {processor.py:809} INFO - DAG(s) dict_keys(['6-XCom']) retrieved from /opt/airflow/dags/6_xcoms.py
[2026-09-13T02:40:56.529+0000] {logging_mixin.py:149} INFO - [2026-09-13T02:40:56.529+0000] {dag.py:2726} INFO - Sync 1 DAGs
[2026-09-13T02:40:56.609+0000] {logging_mixin.py:149} INFO - [2026-09-13T02:40:56.609+0000] {dag.py:3490} INFO - Setting next_dagrun for 6-XCom to 2023-05-01T00:00:00+00:00, run_after=2023-05-02T00:00:00+00:00
[2026-09-13T02:40:56.677+0000] {processor.py:178} INFO - Processing /opt/airflow/dags/6_xcoms.py took 0.315 seconds
[2026-09-13T02:41:26.842+0000] {processor.py:156} INFO - Started process (PID=163265) to work on /opt/airflow/dags/6_xcoms.py
[2026-09-13T02:41:26.845+0000] {processor.py:799} INFO - Processing file /opt/airflow/dags/6_xcoms.py for tasks to queue
[2026-09-13T02:41:26.847+0000] {logging_mixin.py:149} INFO - [2026-09-13T02:41:26.846+0000] {dagbag.py:541} INFO - Filling up the DagBag from /opt/airflow/dags/6_xcoms.py
[2026-09-13T02:41:26.878+0000] {processor.py:809} INFO - DAG(s) dict_keys(['6-XCom']) retrieved from /opt/airflow/dags/6_xcoms.py
[2026-09-13T02:41:26.968+0000] {logging_mixin.py:149} INFO - [2026-09-13T02:41:26.968+0000] {dag.py:2726} INFO - Sync 1 DAGs
[2026-09-13T02:41:27.048+0000] {logging_mixin.py:149} INFO - [2026-09-13T02:41:27.047+0000] {dag.py:3490} INFO - Setting next_dagrun for 6-XCom to 2023-05-01T00:00:00+00:00, run_after=2023-05-02T00:00:00+00:00
[2026-09-13T02:41:27.114+0000] {processor.py:178} INFO - Processing /opt/airflow/dags/6_xcoms.py took 0.281 seconds
[2026-09-13T02:41:57.176+0000] {processor.py:156} INFO - Started process (PID=163279) to work on /opt/airflow/dags/6_xcoms.py
[2026-09-13T02:41:57.180+0000] {processor.py:799} INFO - Processing file /opt/airflow/dags/6_xcoms.py for tasks to queue
[2026-09-13T02:41:57.182+0000] {logging_mixin.py:149} INFO - [2026-09-13T02:41:57.182+0000] {dagbag.py:541} INFO - Filling up the DagBag from /opt/airflow/dags/6_xcoms.py
[2026-09-13T02:41:57.216+0000] {processor.py:809} INFO - DAG(s) dict_keys(['6-XCom']) retrieved from /opt/airflow/dags/6_xcoms.py
[2026-09-13T02:41:57.307+0000] {logging_mixin.py:149} INFO - [2026-09-13T02:41:57.307+0000] {dag.py:2726} INFO - Sync 1 DAGs
[2026-09-13T02:41:57.376+0000] {logging_mixin.py:149} INFO - [2026-09-13T02:41:57.376+0000] {dag.py:3490} INFO - Setting next_dagrun for 6-XCom to 2023-05-01T00:00:00+00:00, run_after=2023-05-02T00:00:00+00:00
[2026-09-13T02:41:57.448+0000] {processor.py:178} INFO - Processing /opt/airflow/dags/6_xcoms.py took 0.282 seconds
[2026-09-13T02:42:27.614+0000] {processor.py:156} INFO - Started process (PID=163293) to work on /opt/airflow/dags/6_xcoms.py
[2026-09-13T02:42:27.617+0000] {processor.py:799} INFO - Processing file /opt/airflow/dags/6_xcoms.py for tasks to queue
[2026-09-13T02:42:27.619+0000] {logging_mixin.py:149} INFO - [2026-09-13T02:42:27.619+0000] {dagbag.py:541} INFO - Filling up the DagBag from /opt/airflow/dags/6_xcoms.py
[2026-09-13T02:42:27.651+0000] {processor.py:809} INFO - DAG(s) dict_keys(['6-XCom']) retrieved from /opt/airflow/dags/6_xcoms.py
[2026-09-13T02:42:27.740+0000] {logging_mixin.py:149} INFO - [2026-09-13T02:42:27.740+0000] {dag.py:2726} INFO - Sync 1 DAGs
[2026-09-13T02:42:27.813+0000] {logging_mixin.py:149} INFO - [2026-09-13T02:42:27.813+0000] {dag.py:3490} INFO - Setting next_dagrun for 6-XCom to 2023-05-01T00:00:00+00:00, run_after=2023-05-02T00:00:00+00:00
[2026-09-13T02:42:27.906+0000] {processor.py:178} INFO - Processing /opt/airflow/dags/6_xcoms.py took 0.302 seconds
[2026-09-13T02:42:58.033+0000] {processor.py:156} INFO - Started process (PID=163307) to work on /opt/airflow/dags/6_xcoms.py
[2026-09-13T02:42:58.037+0000] {processor.py:799} INFO - Processing file /opt/airflow/dags/6_xcoms.py for tasks to queue
[2026-09-13T02:42:58.039+0000] {logging_mixin.py:149} INFO - [2026-09-13T02:42:58.038+0000] {dagbag.py:541} INFO - Filling up the DagBag from /opt/airflow/dags/6_xcoms.py
[2026-09-13T02:42:58.072+0000] {processor.py:809} INFO - DAG(s) dict_keys(['6-XCom']) retrieved from /opt/airflow/dags/6_xcoms.py
[2026-09-13T02:42:58.160+0000] {logging_mixin.py:149} INFO - [2026-09-13T02:42:58.159+0000] {dag.py:2726} INFO - Sync 1 DAGs
[2026-09-13T02:42:58.233+0000] {logging_mixin.py:149} INFO - [2026-09-13T02:42:58.232+0000] {dag.py:3490} INFO - Setting next_dagrun for 6-XCom to 2023-05-01T00:00:00+00:00, run_after=2023-05-02T00:00:00+00:00
[2026-09-13T02:42:58.293+0000] {processor.py:178} INFO - Processing /opt/airflow/dags/6_xcoms.py took 0.270 seconds
[2026-09-13T02:43:28.552+0000] {processor.py:156} INFO - Started process (PID=163322) to work on /opt/airflow/dags/6_xcoms.py
[2026-09-13T02:43:28.556+0000] {processor.py:799} INFO - Processing file /opt/airflow/dags/6_xcoms.py for tasks to queue
[2026-09-13T02:43:28.557+0000] {logging_mixin.py:149} INFO - [2026-09-13T02:43:28.557+0000] {dagbag.py:541} INFO - Filling up the DagBag from /opt/airflow/dags/6_xcoms.py
[2026-09-13T02:43:28.590+0000] {processor.py:809} INFO - DAG(s) dict_keys(['6-XCom']) retrieved from /opt/airflow/dags/6_xcoms.py
[2026-09-13T02:43:28.674+0000] {logging_mixin.py:149} INFO - [2026-09-13T02:43:28.673+0000] {dag.py:2726} INFO - Sync 1 DAGs
[2026-09-13T02:43:28.763+0000] {logging_mixin.py:149} INFO - [2026-09-13T02:43:28.762+0000] {dag.py:3490} INFO - Setting next_dagrun for 6-XCom to 2023-05-01T00:00:00+00:00, run_after=2023-05-02T00:00:00+00:00
[2026-09-13T02:43:28.836+0000] {processor.py:178} INFO - Processing /opt/airflow/dags/6_xcoms.py took 0.295 seconds
[2026-09-13T02:43:59.036+0000] {processor.py:156} INFO - Started process (PID=163337) to work on /opt/airflow/dags/6_xcoms.py
[2026-09-13T02:43:59.042+0000] {processor.py:799} INFO - Processing file /opt/airflow/dags/6_xcoms.py for tasks to queue
[2026-09-13T02:43:59.044+0000] {logging_mixin.py:149} INFO - [2026-09-13T02:43:59.044+0000] {dagbag.py:541} INFO - Filling up the DagBag from /opt/airflow/dags/6_xcoms.py
[2026-09-13T02:43:59.089+0000] {processor.py:809} INFO - DAG(s) dict_keys(['6-XCom']) retrieved from /opt/airflow/dags/6_xcoms.py
[2026-09-13T02:43:59.183+0000] {logging_mixin.py:149} INFO - [2026-09-13T02:43:59.183+0000] {dag.py:2726} INFO - Sync 1 DAGs
[2026-09-13T02:43:59.257+0000] {logging_mixin.py:149} INFO - [2026-09-13T02:43:59.256+0000] {dag.py:3490} INFO - Setting next_dagrun for 6-XCom to 2023-05-01T00:00:00+00:00, run_after=2023-05-02T00:00:00+00:00
[2026-09-13T02:43:59.312+0000] {processor.py:178} INFO - Processing /opt/airflow/dags/6_xcoms.py took 0.287 seconds
[2026-09-13T02:44:29.486+0000] {processor.py:156} INFO - Started process (PID=163351) to work on /opt/airflow/dags/6_xcoms.py
[2026-09-13T02:44:29.490+0000] {processor.py:799} INFO - Processing file /opt/airflow/dags/6_xcoms.py for tasks to queue
[2026-09-13T02:44:29.491+0000] {logging_mixin.py:149} INFO - [2026-09-13T02:44:29.490+0000] {dagbag.py:541} INFO - Filling up the DagBag from /opt/airflow/dags/6_xcoms.py
[2026-09-13T02:44:29.510+0000] {processor.py:809} INFO - DAG(s) dict_keys(['6-XCom']) retrieved from /opt/airflow/dags/6_xcoms.py
[2026-09-13T02:44:29.593+0000] {logging_mixin.py:149} INFO - [2026-09-13T02:44:29.593+0000] {dag.py:2726} INFO - Sync 1 DAGs
[2026-09-13T02:44:29.662+0000] {logging_mixin.py:149} INFO - [2026-09-13T02:44:29.662+0000] {dag.py:3490} INFO - Setting next_dagrun for 6-XCom to 2023-05-01T00:00:00+00:00, run_after=2023-05-02T00:00:00+00:00
[2026-09-13T02:44:29.727+0000] {processor.py:178} INFO - Processing /opt/airflow/dags/6_xcoms.py took 0.246 seconds
[2026-09-13T02:44:59.864+0000] {processor.py:156} INFO - Started process (PID=163365) to work on /opt/airflow/dags/6_xcoms.py
[2026-09-13T02:44:59.868+0000] {processor.py:799} INFO - Processing file /opt/airflow/dags/6_xcoms.py for tasks to queue
[2026-09-13T02:44:59.871+0000] {logging_mixin.py:149} INFO - [2026-09-13T02:44:59.870+0000] {dagbag.py:541} INFO - Filling up the DagBag from /opt/airflow/dags/6_xcoms.py
[2026-09-13T02:44:59.907+0000] {processor.py:809} INFO - DAG(s) dict_keys(['6-XCom']) retrieved from /opt/airflow/dags/6_xcoms.py
[2026-09-13T02:45:00.025+0000] {logging_mixin.py:149} INFO - [2026-09-13T02:45:00.025+0000] {dag.py:2726} INFO - Sync 1 DAGs
[2026-09-13T02:45:00.084+0000] {logging_mixin.py:149} INFO - [2026-09-13T02:45:00.083+0000] {dag.py:3490} INFO - Setting next_dagrun for 6-XCom to 2023-05-01T00:00:00+00:00, run_after=2023-05-02T00:00:00+00:00
[2026-09-13T02:45:00.153+0000] {processor.py:178} INFO - Processing /opt/airflow/dags/6_xcoms.py took 0.303 seconds
[2026-09-13T02:45:30.306+0000] {processor.py:156} INFO - Started process (PID=163379) to work on /opt/airflow/dags/6_xcoms.py
[2026-09-13T02:45:30.310+0000] {processor.py:799} INFO - Processing file /opt/airflow/dags/6_xcoms.py for tasks to queue
[2026-09-13T02:45:30.314+0000] {logging_mixin.py:149} INFO - [2026-09-13T02:45:30.313+0000] {dagbag.py:541} INFO - Filling up the DagBag from /opt/airflow/dags/6_xcoms.py
[2026-09-13T02:45:30.346+0000] {processor.py:809} INFO - DAG(s) dict_keys(['6-XCom']) retrieved from /opt/airflow/dags/6_xcoms.py
[2026-09-13T02:45:30.442+0000] {logging_mixin.py:149} INFO - [2026-09-13T02:45:30.442+0000] {dag.py:2726} INFO - Sync 1 DAGs
[2026-09-13T02:45:30.526+0000] {logging_mixin.py:149} INFO - [2026-09-13T02:45:30.525+0000] {dag.py:3490} INFO - Setting next_dagrun for 6-XCom to 2023-05-01T00:00:00+00:00, run_after=2023-05-02T00:00:00+00:00
[2026-09-13T02:45:30.569+0000] {processor.py:178} INFO - Processing /opt/airflow/dags/6_xcoms.py took 0.274 seconds
[2026-09-13T02:46:00.680+0000] {processor.py:156} INFO - Started process (PID=163393) to work on /opt/airflow/dags/6_xcoms.py
[2026-09-13T02:46:00.683+0000] {processor.py:799} INFO - Processing file /opt/airflow/dags/6_xcoms.py for tasks to queue
[2026-09-13T02:46:00.685+0000] {logging_mixin.py:149} INFO - [2026-09-13T02:46:00.685+0000] {dagbag.py:541} INFO - Filling up the DagBag from /opt/airflow/dags/6_xcoms.py
[2026-09-13T02:46:00.718+0000] {processor.py:809} INFO - DAG(s) dict_keys(['6-XCom']) retrieved from /opt/airflow/dags/6_xcoms.py
[2026-09-13T02:46:00.810+0000] {logging_mixin.py:149} INFO - [2026-09-13T02:46:00.809+0000] {dag.py:2726} INFO - Sync 1 DAGs
[2026-09-13T02:46:00.875+0000] {logging_mixin.py:149} INFO - [2026-09-13T02:46:00.875+0000] {dag.py:3490} INFO - Setting next_dagrun for 6-XCom to 2023-05-01T00:00:00+00:00, run_after=2023-05-02T00:00:00+00:00
[2026-09-13T02:46:00.908+0000] {processor.py:178} INFO - Processing /opt/airflow/dags/6_xcoms.py took 0.239 seconds
[2026-09-13T02:46:31.041+0000] {processor.py:156} INFO - Started process (PID=163408) to work on /opt/airflow/dags/6_xcoms.py
[2026-09-13T02:46:31.045+0000] {processor.py:799} INFO - Processing file /opt/airflow/dags/6_xcoms.py for tasks to queue
[2026-09-13T02:46:31.048+0000] {logging_mixin.py:149} INFO - [2026-09-13T02:46:31.047+0000] {dagbag.py:541} INFO - Filling up the DagBag from /opt/airflow/dags/6_xcoms.py
[2026-09-13T02:46:31.083+0000] {processor.py:809} INFO - DAG(s) dict_keys(['6-XCom']) retrieved from /opt/airflow/dags/6_xcoms.py
[2026-09-13T02:46:31.179+0000] {logging_mixin.py:149} INFO - [2026-09-13T02:46:31.178+0000] {dag.py:2726} INFO - Sync 1 DAGs
[2026-09-13T02:46:31.278+0000] {logging_mixin.py:149} INFO - [2026-09-13T02:46:31.277+0000] {dag.py:3490} INFO - Setting next_dagrun for 6-XCom to 2023-05-01T00:00:00+00:00, run_after=2023-05-02T00:00:00+00:00
[2026-09-13T02:46:31.326+0000] {processor.py:178} INFO - Processing /opt/airflow/dags/6_xcoms.py took 0.295 seconds
[2026-09-13T02:47:01.587+0000] {processor.py:156} INFO - Started process (PID=163421) to work on /opt/airflow/dags/6_xcoms.py
[2026-09-13T02:47:01.591+0000] {processor.py:799} INFO - Processing file /opt/airflow/dags/6_xcoms.py for tasks to queue
[2026-09-13T02:47:01.593+0000] {logging_mixin.py:149} INFO - [2026-09-13T02:47:01.593+0000] {dagbag.py:541} INFO - Filling up the DagBag from /opt/airflow/dags/6_xcoms.py
[2026-09-13T02:47:01.631+0000] {processor.py:809} INFO - DAG(s) dict_keys(['6-XCom']) retrieved from /opt/airflow/dags/6_xcoms.py
[2026-09-13T02:47:01.720+0000] {logging_mixin.py:149} INFO - [2026-09-13T02:47:01.719+0000] {dag.py:2726} INFO - Sync 1 DAGs
[2026-09-13T02:47:01.796+0000] {logging_mixin.py:149} INFO - [2026-09-13T02:47:01.795+0000] {dag.py:3490} INFO - Setting next_dagrun for 6-XCom to 2023-05-01T00:00:00+00:00, run_after=2023-05-02T00:00:00+00:00
[2026-09-13T02:47:01.874+0000] {processor.py:178} INFO - Processing /opt/airflow/dags/6_xcoms.py took 0.304 seconds
[2026-09-13T02:47:32.019+0000] {processor.py:156} INFO - Started process (PID=163435) to work on /opt/airflow/dags/6_xcoms.py
[2026-09-13T02:47:32.023+0000] {processor.py:799} INFO - Processing file /opt/airflow/dags/6_xcoms.py for tasks to queue
[2026-09-13T02:47:32.025+0000] {logging_mixin.py:149} INFO - [2026-09-13T02:47:32.025+0000] {dagbag.py:541} INFO - Filling up the DagBag from /opt/airflow/dags/6_xcoms.py
[2026-09-13T02:47:32.059+0000] {processor.py:809} INFO - DAG(s) dict_keys(['6-XCom']) retrieved from /opt/airflow/dags/6_xcoms.py
[2026-09-13T02:47:32.142+0000] {logging_mixin.py:149} INFO - [2026-09-13T02:47:32.141+0000] {dag.py:2726} INFO - Sync 1 DAGs
[2026-09-13T02:47:32.209+0000] {logging_mixin.py:149} INFO - [2026-09-13T02:47:32.209+0000] {dag.py:3490} INFO - Setting next_dagrun for 6-XCom to 2023-05-01T00:00:00+00:00, run_after=2023-05-02T00:00:00+00:00
[2026-09-13T02:47:32.265+0000] {processor.py:178} INFO - Processing /opt/airflow/dags/6_xcoms.py took 0.258 seconds
[2026-09-13T02:48:02.532+0000] {processor.py:156} INFO - Started process (PID=163450) to work on /opt/airflow/dags/6_xcoms.py
[2026-09-13T02:48:02.538+0000] {processor.py:799} INFO - Processing file /opt/airflow/dags/6_xcoms.py for tasks to queue
[2026-09-13T02:48:02.540+0000] {logging_mixin.py:149} INFO - [2026-09-13T02:48:02.540+0000] {dagbag.py:541} INFO - Filling up the DagBag from /opt/airflow/dags/6_xcoms.py
[2026-09-13T02:48:02.577+0000] {processor.py:809} INFO - DAG(s) dict_keys(['6-XCom']) retrieved from /opt/airflow/dags/6_xcoms.py
[2026-09-13T02:48:02.669+0000] {logging_mixin.py:149} INFO - [2026-09-13T02:48:02.669+0000] {dag.py:2726} INFO - Sync 1 DAGs
[2026-09-13T02:48:02.758+0000] {logging_mixin.py:149} INFO - [2026-09-13T02:48:02.758+0000] {dag.py:3490} INFO - Setting next_dagrun for 6-XCom to 2023-05-01T00:00:00+00:00, run_after=2023-05-02T00:00:00+00:00
[2026-09-13T02:48:02.832+0000] {processor.py:178} INFO - Processing /opt/airflow/dags/6_xcoms.py took 0.312 seconds
[2026-09-13T02:48:32.996+0000] {processor.py:156} INFO - Started process (PID=163464) to work on /opt/airflow/dags/6_xcoms.py
[2026-09-13T02:48:32.999+0000] {processor.py:799} INFO - Processing file /opt/airflow/dags/6_xcoms.py for tasks to queue
[2026-09-13T02:48:33.001+0000] {logging_mixin.py:149} INFO - [2026-09-13T02:48:33.001+0000] {dagbag.py:541} INFO - Filling up the DagBag from /opt/airflow/dags/6_xcoms.py
[2026-09-13T02:48:33.038+0000] {processor.py:809} INFO - DAG(s) dict_keys(['6-XCom']) retrieved from /opt/airflow/dags/6_xcoms.py
[2026-09-13T02:48:33.124+0000] {logging_mixin.py:149} INFO - [2026-09-13T02:48:33.124+0000] {dag.py:2726} INFO - Sync 1 DAGs
[2026-09-13T02:48:33.189+0000] {logging_mixin.py:149} INFO - [2026-09-13T02:48:33.189+0000] {dag.py:3490} INFO - Setting next_dagrun for 6-XCom to 2023-05-01T00:00:00+00:00, run_after=2023-05-02T00:00:00+00:00
[2026-09-13T02:48:33.255+0000] {processor.py:178} INFO - Processing /opt/airflow/dags/6_xcoms.py took 0.272 seconds
[2026-09-13T02:49:03.361+0000] {processor.py:156} INFO - Started process (PID=163478) to work on /opt/airflow/dags/6_xcoms.py
[2026-09-13T02:49:03.364+0000] {processor.py:799} INFO - Processing file /opt/airflow/dags/6_xcoms.py for tasks to queue
[2026-09-13T02:49:03.366+0000] {logging_mixin.py:149} INFO - [2026-09-13T02:49:03.365+0000] {dagbag.py:541} INFO - Filling up the DagBag from /opt/airflow/dags/6_xcoms.py
[2026-09-13T02:49:03.401+0000] {processor.py:809} INFO - DAG(s) dict_keys(['6-XCom']) retrieved from /opt/airflow/dags/6_xcoms.py
[2026-09-13T02:49:03.463+0000] {logging_mixin.py:149} INFO - [2026-09-13T02:49:03.463+0000] {dag.py:2726} INFO - Sync 1 DAGs
[2026-09-13T02:49:03.515+0000] {logging_mixin.py:149} INFO - [2026-09-13T02:49:03.515+0000] {dag.py:3490} INFO - Setting next_dagrun for 6-XCom to 2023-05-01T00:00:00+00:00, run_after=2023-05-02T00:00:00+00:00
[2026-09-13T02:49:03.584+0000] {processor.py:178} INFO - Processing /opt/airflow/dags/6_xcoms.py took 0.234 seconds
[2026-09-13T02:49:33.745+0000] {processor.py:156} INFO - Started process (PID=163492) to work on /opt/airflow/dags/6_xcoms.py
[2026-09-13T02:49:33.748+0000] {processor.py:799} INFO - Processing file /opt/airflow/dags/6_xcoms.py for tasks to queue
[2026-09-13T02:49:33.750+0000] {logging_mixin.py:149} INFO - [2026-09-13T02:49:33.750+0000] {dagbag.py:541} INFO - Filling up the DagBag from /opt/airflow/dags/6_xcoms.py
[2026-09-13T02:49:33.785+0000] {processor.py:809} INFO - DAG(s) dict_keys(['6-XCom']) retrieved from /opt/airflow/dags/6_xcoms.py
[2026-09-13T02:49:33.867+0000] {logging_mixin.py:149} INFO - [2026-09-13T02:49:33.867+0000] {dag.py:2726} INFO - Sync 1 DAGs
[2026-09-13T02:49:33.940+0000] {logging_mixin.py:149} INFO - [2026-09-13T02:49:33.940+0000] {dag.py:3490} INFO - Setting next_dagrun for 6-XCom to 2023-05-01T00:00:00+00:00, run_after=2023-05-02T00:00:00+00:00
[2026-09-13T02:49:33.977+0000] {processor.py:178} INFO - Processing /opt/airflow/dags/6_xcoms.py took 0.244 seconds
[2026-09-13T02:50:04.099+0000] {processor.py:156} INFO - Started process (PID=163505) to work on /opt/airflow/dags/6_xcoms.py
[2026-09-13T02:50:04.103+0000] {processor.py:799} INFO - Processing file /opt/airflow/dags/6_xcoms.py for tasks to queue
[2026-09-13T02:50:04.105+0000] {logging_mixin.py:149} INFO - [2026-09-13T02:50:04.105+0000] {dagbag.py:541} INFO - Filling up the DagBag from /opt/airflow/dags/6_xcoms.py
[2026-09-13T02:50:04.137+0000] {processor.py:809} INFO - DAG(s) dict_keys(['6-XCom']) retrieved from /opt/airflow/dags/6_xcoms.py
[2026-09-13T02:50:04.229+0000] {logging_mixin.py:149} INFO - [2026-09-13T02:50:04.229+0000] {dag.py:2726} INFO - Sync 1 DAGs
[2026-09-13T02:50:04.305+0000] {logging_mixin.py:149} INFO - [2026-09-13T02:50:04.304+0000] {dag.py:3490} INFO - Setting next_dagrun for 6-XCom to 2023-05-01T00:00:00+00:00, run_after=2023-05-02T00:00:00+00:00
[2026-09-13T02:50:04.378+0000] {processor.py:178} INFO - Processing /opt/airflow/dags/6_xcoms.py took 0.292 seconds
[2026-09-13T02:50:34.648+0000] {processor.py:156} INFO - Started process (PID=163519) to work on /opt/airflow/dags/6_xcoms.py
[2026-09-13T02:50:34.651+0000] {processor.py:799} INFO - Processing file /opt/airflow/dags/6_xcoms.py for tasks to queue
[2026-09-13T02:50:34.653+0000] {logging_mixin.py:149} INFO - [2026-09-13T02:50:34.653+0000] {dagbag.py:541} INFO - Filling up the DagBag from /opt/airflow/dags/6_xcoms.py
[2026-09-13T02:50:34.685+0000] {processor.py:809} INFO - DAG(s) dict_keys(['6-XCom']) retrieved from /opt/airflow/dags/6_xcoms.py
[2026-09-13T02:50:34.775+0000] {logging_mixin.py:149} INFO - [2026-09-13T02:50:34.774+0000] {dag.py:2726} INFO - Sync 1 DAGs
[2026-09-13T02:50:34.839+0000] {logging_mixin.py:149} INFO - [2026-09-13T02:50:34.839+0000] {dag.py:3490} INFO - Setting next_dagrun for 6-XCom to 2023-05-01T00:00:00+00:00, run_after=2023-05-02T00:00:00+00:00
[2026-09-13T02:50:34.870+0000] {processor.py:178} INFO - Processing /opt/airflow/dags/6_xcoms.py took 0.234 seconds
[2026-09-13T02:51:05.029+0000] {processor.py:156} INFO - Started process (PID=163533) to work on /opt/airflow/dags/6_xcoms.py
[2026-09-13T02:51:05.033+0000] {processor.py:799} INFO - Processing file /opt/airflow/dags/6_xcoms.py for tasks to queue
[2026-09-13T02:51:05.035+0000] {logging_mixin.py:149} INFO - [2026-09-13T02:51:05.035+0000] {dagbag.py:541} INFO - Filling up the DagBag from /opt/airflow/dags/6_xcoms.py
[2026-09-13T02:51:05.076+0000] {processor.py:809} INFO - DAG(s) dict_keys(['6-XCom']) retrieved from /opt/airflow/dags/6_xcoms.py
[2026-09-13T02:51:05.157+0000] {logging_mixin.py:149} INFO - [2026-09-13T02:51:05.156+0000] {dag.py:2726} INFO - Sync 1 DAGs
[2026-09-13T02:51:05.223+0000] {logging_mixin.py:149} INFO - [2026-09-13T02:51:05.223+0000] {dag.py:3490} INFO - Setting next_dagrun for 6-XCom to 2023-05-01T00:00:00+00:00, run_after=2023-05-02T00:00:00+00:00
[2026-09-13T02:51:05.292+0000] {processor.py:178} INFO - Processing /opt/airflow/dags/6_xcoms.py took 0.275 seconds
[2026-09-13T02:51:35.525+0000] {processor.py:156} INFO - Started process (PID=163547) to work on /opt/airflow/dags/6_xcoms.py
[2026-09-13T02:51:35.529+0000] {processor.py:799} INFO - Processing file /opt/airflow/dags/6_xcoms.py for tasks to queue
[2026-09-13T02:51:35.531+0000] {logging_mixin.py:149} INFO - [2026-09-13T02:51:35.531+0000] {dagbag.py:541} INFO - Filling up the DagBag from /opt/airflow/dags/6_xcoms.py
[2026-09-13T02:51:35.568+0000] {processor.py:809} INFO - DAG(s) dict_keys(['6-XCom']) retrieved from /opt/airflow/dags/6_xcoms.py
[2026-09-13T02:51:35.656+0000] {logging_mixin.py:149} INFO - [2026-09-13T02:51:35.656+0000] {dag.py:2726} INFO - Sync 1 DAGs
[2026-09-13T02:51:35.723+0000] {logging_mixin.py:149} INFO - [2026-09-13T02:51:35.722+0000] {dag.py:3490} INFO - Setting next_dagrun for 6-XCom to 2023-05-01T00:00:00+00:00, run_after=2023-05-02T00:00:00+00:00
[2026-09-13T02:51:35.810+0000] {processor.py:178} INFO - Processing /opt/airflow/dags/6_xcoms.py took 0.297 seconds
[2026-09-13T02:52:05.960+0000] {processor.py:156} INFO - Started process (PID=163561) to work on /opt/airflow/dags/6_xcoms.py
[2026-09-13T02:52:05.964+0000] {processor.py:799} INFO - Processing file /opt/airflow/dags/6_xcoms.py for tasks to queue
[2026-09-13T02:52:05.966+0000] {logging_mixin.py:149} INFO - [2026-09-13T02:52:05.966+0000] {dagbag.py:541} INFO - Filling up the DagBag from /opt/airflow/dags/6_xcoms.py
[2026-09-13T02:52:06.006+0000] {processor.py:809} INFO - DAG(s) dict_keys(['6-XCom']) retrieved from /opt/airflow/dags/6_xcoms.py
[2026-09-13T02:52:06.089+0000] {logging_mixin.py:149} INFO - [2026-09-13T02:52:06.089+0000] {dag.py:2726} INFO - Sync 1 DAGs
[2026-09-13T02:52:06.148+0000] {logging_mixin.py:149} INFO - [2026-09-13T02:52:06.148+0000] {dag.py:3490} INFO - Setting next_dagrun for 6-XCom to 2023-05-01T00:00:00+00:00, run_after=2023-05-02T00:00:00+00:00
[2026-09-13T02:52:06.183+0000] {processor.py:178} INFO - Processing /opt/airflow/dags/6_xcoms.py took 0.235 seconds
[2026-09-13T02:52:36.377+0000] {processor.py:156} INFO - Started process (PID=163575) to work on /opt/airflow/dags/6_xcoms.py
[2026-09-13T02:52:36.382+0000] {processor.py:799} INFO - Processing file /opt/airflow/dags/6_xcoms.py for tasks to queue
[2026-09-13T02:52:36.384+0000] {logging_mixin.py:149} INFO - [2026-09-13T02:52:36.383+0000] {dagbag.py:541} INFO - Filling up the DagBag from /opt/airflow/dags/6_xcoms.py
[2026-09-13T02:52:36.422+0000] {processor.py:809} INFO - DAG(s) dict_keys(['6-XCom']) retrieved from /opt/airflow/dags/6_xcoms.py
[2026-09-13T02:52:36.513+0000] {logging_mixin.py:149} INFO - [2026-09-13T02:52:36.513+0000] {dag.py:2726} INFO - Sync 1 DAGs
[2026-09-13T02:52:36.585+0000] {logging_mixin.py:149} INFO - [2026-09-13T02:52:36.585+0000] {dag.py:3490} INFO - Setting next_dagrun for 6-XCom to 2023-05-01T00:00:00+00:00, run_after=2023-05-02T00:00:00+00:00
[2026-09-13T02:52:36.656+0000] {processor.py:178} INFO - Processing /opt/airflow/dags/6_xcoms.py took 0.294 seconds
[2026-09-13T02:53:06.925+0000] {processor.py:156} INFO - Started process (PID=163589) to work on /opt/airflow/dags/6_xcoms.py
[2026-09-13T02:53:06.931+0000] {processor.py:799} INFO - Processing file /opt/airflow/dags/6_xcoms.py for tasks to queue
[2026-09-13T02:53:06.934+0000] {logging_mixin.py:149} INFO - [2026-09-13T02:53:06.933+0000] {dagbag.py:541} INFO - Filling up the DagBag from /opt/airflow/dags/6_xcoms.py
[2026-09-13T02:53:06.971+0000] {processor.py:809} INFO - DAG(s) dict_keys(['6-XCom']) retrieved from /opt/airflow/dags/6_xcoms.py
[2026-09-13T02:53:07.041+0000] {logging_mixin.py:149} INFO - [2026-09-13T02:53:07.041+0000] {dag.py:2726} INFO - Sync 1 DAGs
[2026-09-13T02:53:07.088+0000] {logging_mixin.py:149} INFO - [2026-09-13T02:53:07.088+0000] {dag.py:3490} INFO - Setting next_dagrun for 6-XCom to 2023-05-01T00:00:00+00:00, run_after=2023-05-02T00:00:00+00:00
[2026-09-13T02:53:07.116+0000] {processor.py:178} INFO - Processing /opt/airflow/dags/6_xcoms.py took 0.205 seconds
[2026-09-13T02:53:37.487+0000] {processor.py:156} INFO - Started process (PID=163603) to work on /opt/airflow/dags/6_xcoms.py
[2026-09-13T02:53:37.491+0000] {processor.py:799} INFO - Processing file /opt/airflow/dags/6_xcoms.py for tasks to queue
[2026-09-13T02:53:37.493+0000] {logging_mixin.py:149} INFO - [2026-09-13T02:53:37.492+0000] {dagbag.py:541} INFO - Filling up the DagBag from /opt/airflow/dags/6_xcoms.py
[2026-09-13T02:53:37.533+0000] {processor.py:809} INFO - DAG(s) dict_keys(['6-XCom']) retrieved from /opt/airflow/dags/6_xcoms.py
[2026-09-13T02:53:37.610+0000] {logging_mixin.py:149} INFO - [2026-09-13T02:53:37.610+0000] {dag.py:2726} INFO - Sync 1 DAGs
[2026-09-13T02:53:37.695+0000] {logging_mixin.py:149} INFO - [2026-09-13T02:53:37.694+0000] {dag.py:3490} INFO - Setting next_dagrun for 6-XCom to 2023-05-01T00:00:00+00:00, run_after=2023-05-02T00:00:00+00:00
[2026-09-13T02:53:37.733+0000] {processor.py:178} INFO - Processing /opt/airflow/dags/6_xcoms.py took 0.258 seconds
[2026-09-13T02:54:08.067+0000] {processor.py:156} INFO - Started process (PID=163617) to work on /opt/airflow/dags/6_xcoms.py
[2026-09-13T02:54:08.071+0000] {processor.py:799} INFO - Processing file /opt/airflow/dags/6_xcoms.py for tasks to queue
[2026-09-13T02:54:08.072+0000] {logging_mixin.py:149} INFO - [2026-09-13T02:54:08.072+0000] {dagbag.py:541} INFO - Filling up the DagBag from /opt/airflow/dags/6_xcoms.py
[2026-09-13T02:54:08.104+0000] {processor.py:809} INFO - DAG(s) dict_keys(['6-XCom']) retrieved from /opt/airflow/dags/6_xcoms.py
[2026-09-13T02:54:08.163+0000] {logging_mixin.py:149} INFO - [2026-09-13T02:54:08.162+0000] {dag.py:2726} INFO - Sync 1 DAGs
[2026-09-13T02:54:08.202+0000] {logging_mixin.py:149} INFO - [2026-09-13T02:54:08.201+0000] {dag.py:3490} INFO - Setting next_dagrun for 6-XCom to 2023-05-01T00:00:00+00:00, run_after=2023-05-02T00:00:00+00:00
[2026-09-13T02:54:08.244+0000] {processor.py:178} INFO - Processing /opt/airflow/dags/6_xcoms.py took 0.184 seconds
[2026-09-13T02:54:38.383+0000] {processor.py:156} INFO - Started process (PID=163631) to work on /opt/airflow/dags/6_xcoms.py
[2026-09-13T02:54:38.386+0000] {processor.py:799} INFO - Processing file /opt/airflow/dags/6_xcoms.py for tasks to queue
[2026-09-13T02:54:38.388+0000] {logging_mixin.py:149} INFO - [2026-09-13T02:54:38.388+0000] {dagbag.py:541} INFO - Filling up the DagBag from /opt/airflow/dags/6_xcoms.py
[2026-09-13T02:54:38.425+0000] {processor.py:809} INFO - DAG(s) dict_keys(['6-XCom']) retrieved from /opt/airflow/dags/6_xcoms.py
[2026-09-13T02:54:38.511+0000] {logging_mixin.py:149} INFO - [2026-09-13T02:54:38.511+0000] {dag.py:2726} INFO - Sync 1 DAGs
[2026-09-13T02:54:38.570+0000] {logging_mixin.py:149} INFO - [2026-09-13T02:54:38.570+0000] {dag.py:3490} INFO - Setting next_dagrun for 6-XCom to 2023-05-01T00:00:00+00:00, run_after=2023-05-02T00:00:00+00:00
[2026-09-13T02:54:38.658+0000] {processor.py:178} INFO - Processing /opt/airflow/dags/6_xcoms.py took 0.286 seconds
[2026-09-13T02:55:08.958+0000] {processor.py:156} INFO - Started process (PID=163644) to work on /opt/airflow/dags/6_xcoms.py
[2026-09-13T02:55:08.961+0000] {processor.py:799} INFO - Processing file /opt/airflow/dags/6_xcoms.py for tasks to queue
[2026-09-13T02:55:08.963+0000] {logging_mixin.py:149} INFO - [2026-09-13T02:55:08.962+0000] {dagbag.py:541} INFO - Filling up the DagBag from /opt/airflow/dags/6_xcoms.py
[2026-09-13T02:55:08.997+0000] {processor.py:809} INFO - DAG(s) dict_keys(['6-XCom']) retrieved from /opt/airflow/dags/6_xcoms.py
[2026-09-13T02:55:09.099+0000] {logging_mixin.py:149} INFO - [2026-09-13T02:55:09.098+0000] {dag.py:2726} INFO - Sync 1 DAGs
[2026-09-13T02:55:09.206+0000] {logging_mixin.py:149} INFO - [2026-09-13T02:55:09.206+0000] {dag.py:3490} INFO - Setting next_dagrun for 6-XCom to 2023-05-01T00:00:00+00:00, run_after=2023-05-02T00:00:00+00:00
[2026-09-13T02:55:09.263+0000] {processor.py:178} INFO - Processing /opt/airflow/dags/6_xcoms.py took 0.315 seconds
[2026-09-13T02:55:39.554+0000] {processor.py:156} INFO - Started process (PID=163658) to work on /opt/airflow/dags/6_xcoms.py
[2026-09-13T02:55:39.557+0000] {processor.py:799} INFO - Processing file /opt/airflow/dags/6_xcoms.py for tasks to queue
[2026-09-13T02:55:39.559+0000] {logging_mixin.py:149} INFO - [2026-09-13T02:55:39.559+0000] {dagbag.py:541} INFO - Filling up the DagBag from /opt/airflow/dags/6_xcoms.py
[2026-09-13T02:55:39.595+0000] {processor.py:809} INFO - DAG(s) dict_keys(['6-XCom']) retrieved from /opt/airflow/dags/6_xcoms.py
[2026-09-13T02:55:39.693+0000] {logging_mixin.py:149} INFO - [2026-09-13T02:55:39.693+0000] {dag.py:2726} INFO - Sync 1 DAGs
[2026-09-13T02:55:39.784+0000] {logging_mixin.py:149} INFO - [2026-09-13T02:55:39.784+0000] {dag.py:3490} INFO - Setting next_dagrun for 6-XCom to 2023-05-01T00:00:00+00:00, run_after=2023-05-02T00:00:00+00:00
[2026-09-13T02:55:39.838+0000] {processor.py:178} INFO - Processing /opt/airflow/dags/6_xcoms.py took 0.295 seconds
[2026-09-13T02:56:10.144+0000] {processor.py:156} INFO - Started process (PID=163672) to work on /opt/airflow/dags/6_xcoms.py
[2026-09-13T02:56:10.146+0000] {processor.py:799} INFO - Processing file /opt/airflow/dags/6_xcoms.py for tasks to queue
[2026-09-13T02:56:10.148+0000] {logging_mixin.py:149} INFO - [2026-09-13T02:56:10.147+0000] {dagbag.py:541} INFO - Filling up the DagBag from /opt/airflow/dags/6_xcoms.py
[2026-09-13T02:56:10.181+0000] {processor.py:809} INFO - DAG(s) dict_keys(['6-XCom']) retrieved from /opt/airflow/dags/6_xcoms.py
[2026-09-13T02:56:10.239+0000] {logging_mixin.py:149} INFO - [2026-09-13T02:56:10.238+0000] {dag.py:2726} INFO - Sync 1 DAGs
[2026-09-13T02:56:10.332+0000] {logging_mixin.py:149} INFO - [2026-09-13T02:56:10.332+0000] {dag.py:3490} INFO - Setting next_dagrun for 6-XCom to 2023-05-01T00:00:00+00:00, run_after=2023-05-02T00:00:00+00:00
[2026-09-13T02:56:10.421+0000] {processor.py:178} INFO - Processing /opt/airflow/dags/6_xcoms.py took 0.286 seconds
[2026-09-13T02:56:40.568+0000] {processor.py:156} INFO - Started process (PID=163686) to work on /opt/airflow/dags/6_xcoms.py
[2026-09-13T02:56:40.571+0000] {processor.py:799} INFO - Processing file /opt/airflow/dags/6_xcoms.py for tasks to queue
[2026-09-13T02:56:40.575+0000] {logging_mixin.py:149} INFO - [2026-09-13T02:56:40.575+0000] {dagbag.py:541} INFO - Filling up the DagBag from /opt/airflow/dags/6_xcoms.py
[2026-09-13T02:56:40.608+0000] {processor.py:809} INFO - DAG(s) dict_keys(['6-XCom']) retrieved from /opt/airflow/dags/6_xcoms.py
[2026-09-13T02:56:40.692+0000] {logging_mixin.py:149} INFO - [2026-09-13T02:56:40.692+0000] {dag.py:2726} INFO - Sync 1 DAGs
[2026-09-13T02:56:40.752+0000] {logging_mixin.py:149} INFO - [2026-09-13T02:56:40.751+0000] {dag.py:3490} INFO - Setting next_dagrun for 6-XCom to 2023-05-01T00:00:00+00:00, run_after=2023-05-02T00:00:00+00:00
[2026-09-13T02:56:40.822+0000] {processor.py:178} INFO - Processing /opt/airflow/dags/6_xcoms.py took 0.264 seconds
[2026-09-13T02:57:11.086+0000] {processor.py:156} INFO - Started process (PID=163699) to work on /opt/airflow/dags/6_xcoms.py
[2026-09-13T02:57:11.088+0000] {processor.py:799} INFO - Processing file /opt/airflow/dags/6_xcoms.py for tasks to queue
[2026-09-13T02:57:11.090+0000] {logging_mixin.py:149} INFO - [2026-09-13T02:57:11.089+0000] {dagbag.py:541} INFO - Filling up the DagBag from /opt/airflow/dags/6_xcoms.py
[2026-09-13T02:57:11.115+0000] {processor.py:809} INFO - DAG(s) dict_keys(['6-XCom']) retrieved from /opt/airflow/dags/6_xcoms.py
[2026-09-13T02:57:11.165+0000] {logging_mixin.py:149} INFO - [2026-09-13T02:57:11.165+0000] {dag.py:2726} INFO - Sync 1 DAGs
[2026-09-13T02:57:11.202+0000] {logging_mixin.py:149} INFO - [2026-09-13T02:57:11.201+0000] {dag.py:3490} INFO - Setting next_dagrun for 6-XCom to 2023-05-01T00:00:00+00:00, run_after=2023-05-02T00:00:00+00:00
[2026-09-13T02:57:11.226+0000] {processor.py:178} INFO - Processing /opt/airflow/dags/6_xcoms.py took 0.148 seconds
[2026-09-13T02:57:41.438+0000] {processor.py:156} INFO - Started process (PID=163713) to work on /opt/airflow/dags/6_xcoms.py
[2026-09-13T02:57:41.441+0000] {processor.py:799} INFO - Processing file /opt/airflow/dags/6_xcoms.py for tasks to queue
[2026-09-13T02:57:41.443+0000] {logging_mixin.py:149} INFO - [2026-09-13T02:57:41.443+0000] {dagbag.py:541} INFO - Filling up the DagBag from /opt/airflow/dags/6_xcoms.py
[2026-09-13T02:57:41.481+0000] {processor.py:809} INFO - DAG(s) dict_keys(['6-XCom']) retrieved from /opt/airflow/dags/6_xcoms.py
[2026-09-13T02:57:41.568+0000] {logging_mixin.py:149} INFO - [2026-09-13T02:57:41.568+0000] {dag.py:2726} INFO - Sync 1 DAGs
[2026-09-13T02:57:41.621+0000] {logging_mixin.py:149} INFO - [2026-09-13T02:57:41.620+0000] {dag.py:3490} INFO - Setting next_dagrun for 6-XCom to 2023-05-01T00:00:00+00:00, run_after=2023-05-02T00:00:00+00:00
[2026-09-13T02:57:41.703+0000] {processor.py:178} INFO - Processing /opt/airflow/dags/6_xcoms.py took 0.278 seconds
[2026-09-13T02:58:11.944+0000] {processor.py:156} INFO - Started process (PID=163727) to work on /opt/airflow/dags/6_xcoms.py
[2026-09-13T02:58:11.949+0000] {processor.py:799} INFO - Processing file /opt/airflow/dags/6_xcoms.py for tasks to queue
[2026-09-13T02:58:11.951+0000] {logging_mixin.py:149} INFO - [2026-09-13T02:58:11.950+0000] {dagbag.py:541} INFO - Filling up the DagBag from /opt/airflow/dags/6_xcoms.py
[2026-09-13T02:58:11.994+0000] {processor.py:809} INFO - DAG(s) dict_keys(['6-XCom']) retrieved from /opt/airflow/dags/6_xcoms.py
[2026-09-13T02:58:12.089+0000] {logging_mixin.py:149} INFO - [2026-09-13T02:58:12.088+0000] {dag.py:2726} INFO - Sync 1 DAGs
[2026-09-13T02:58:12.161+0000] {logging_mixin.py:149} INFO - [2026-09-13T02:58:12.160+0000] {dag.py:3490} INFO - Setting next_dagrun for 6-XCom to 2023-05-01T00:00:00+00:00, run_after=2023-05-02T00:00:00+00:00
[2026-09-13T02:58:12.239+0000] {processor.py:178} INFO - Processing /opt/airflow/dags/6_xcoms.py took 0.302 seconds
[2026-09-13T02:58:42.409+0000] {processor.py:156} INFO - Started process (PID=163741) to work on /opt/airflow/dags/6_xcoms.py
[2026-09-13T02:58:42.412+0000] {processor.py:799} INFO - Processing file /opt/airflow/dags/6_xcoms.py for tasks to queue
[2026-09-13T02:58:42.414+0000] {logging_mixin.py:149} INFO - [2026-09-13T02:58:42.413+0000] {dagbag.py:541} INFO - Filling up the DagBag from /opt/airflow/dags/6_xcoms.py
[2026-09-13T02:58:42.450+0000] {processor.py:809} INFO - DAG(s) dict_keys(['6-XCom']) retrieved from /opt/airflow/dags/6_xcoms.py
[2026-09-13T02:58:42.520+0000] {logging_mixin.py:149} INFO - [2026-09-13T02:58:42.520+0000] {dag.py:2726} INFO - Sync 1 DAGs
[2026-09-13T02:58:42.579+0000] {logging_mixin.py:149} INFO - [2026-09-13T02:58:42.578+0000] {dag.py:3490} INFO - Setting next_dagrun for 6-XCom to 2023-05-01T00:00:00+00:00, run_after=2023-05-02T00:00:00+00:00
[2026-09-13T02:58:42.644+0000] {processor.py:178} INFO - Processing /opt/airflow/dags/6_xcoms.py took 0.246 seconds
[2026-09-13T02:59:12.854+0000] {processor.py:156} INFO - Started process (PID=163755) to work on /opt/airflow/dags/6_xcoms.py
[2026-09-13T02:59:12.857+0000] {processor.py:799} INFO - Processing file /opt/airflow/dags/6_xcoms.py for tasks to queue
[2026-09-13T02:59:12.859+0000] {logging_mixin.py:149} INFO - [2026-09-13T02:59:12.859+0000] {dagbag.py:541} INFO - Filling up the DagBag from /opt/airflow/dags/6_xcoms.py
[2026-09-13T02:59:12.891+0000] {processor.py:809} INFO - DAG(s) dict_keys(['6-XCom']) retrieved from /opt/airflow/dags/6_xcoms.py
[2026-09-13T02:59:12.983+0000] {logging_mixin.py:149} INFO - [2026-09-13T02:59:12.983+0000] {dag.py:2726} INFO - Sync 1 DAGs
[2026-09-13T02:59:13.051+0000] {logging_mixin.py:149} INFO - [2026-09-13T02:59:13.050+0000] {dag.py:3490} INFO - Setting next_dagrun for 6-XCom to 2023-05-01T00:00:00+00:00, run_after=2023-05-02T00:00:00+00:00
[2026-09-13T02:59:13.122+0000] {processor.py:178} INFO - Processing /opt/airflow/dags/6_xcoms.py took 0.279 seconds
[2026-09-13T02:59:43.340+0000] {processor.py:156} INFO - Started process (PID=163770) to work on /opt/airflow/dags/6_xcoms.py
[2026-09-13T02:59:43.343+0000] {processor.py:799} INFO - Processing file /opt/airflow/dags/6_xcoms.py for tasks to queue
[2026-09-13T02:59:43.345+0000] {logging_mixin.py:149} INFO - [2026-09-13T02:59:43.345+0000] {dagbag.py:541} INFO - Filling up the DagBag from /opt/airflow/dags/6_xcoms.py
[2026-09-13T02:59:43.378+0000] {processor.py:809} INFO - DAG(s) dict_keys(['6-XCom']) retrieved from /opt/airflow/dags/6_xcoms.py
[2026-09-13T02:59:43.457+0000] {logging_mixin.py:149} INFO - [2026-09-13T02:59:43.457+0000] {dag.py:2726} INFO - Sync 1 DAGs
[2026-09-13T02:59:43.510+0000] {logging_mixin.py:149} INFO - [2026-09-13T02:59:43.510+0000] {dag.py:3490} INFO - Setting next_dagrun for 6-XCom to 2023-05-01T00:00:00+00:00, run_after=2023-05-02T00:00:00+00:00
[2026-09-13T02:59:43.560+0000] {processor.py:178} INFO - Processing /opt/airflow/dags/6_xcoms.py took 0.231 seconds
[2026-09-13T03:00:13.693+0000] {processor.py:156} INFO - Started process (PID=163785) to work on /opt/airflow/dags/6_xcoms.py
[2026-09-13T03:00:13.697+0000] {processor.py:799} INFO - Processing file /opt/airflow/dags/6_xcoms.py for tasks to queue
[2026-09-13T03:00:13.698+0000] {logging_mixin.py:149} INFO - [2026-09-13T03:00:13.698+0000] {dagbag.py:541} INFO - Filling up the DagBag from /opt/airflow/dags/6_xcoms.py
[2026-09-13T03:00:13.732+0000] {processor.py:809} INFO - DAG(s) dict_keys(['6-XCom']) retrieved from /opt/airflow/dags/6_xcoms.py
[2026-09-13T03:00:13.822+0000] {logging_mixin.py:149} INFO - [2026-09-13T03:00:13.822+0000] {dag.py:2726} INFO - Sync 1 DAGs
[2026-09-13T03:00:13.886+0000] {logging_mixin.py:149} INFO - [2026-09-13T03:00:13.885+0000] {dag.py:3490} INFO - Setting next_dagrun for 6-XCom to 2023-05-01T00:00:00+00:00, run_after=2023-05-02T00:00:00+00:00
[2026-09-13T03:00:13.939+0000] {processor.py:178} INFO - Processing /opt/airflow/dags/6_xcoms.py took 0.256 seconds
[2026-09-13T03:00:44.183+0000] {processor.py:156} INFO - Started process (PID=163799) to work on /opt/airflow/dags/6_xcoms.py
[2026-09-13T03:00:44.185+0000] {processor.py:799} INFO - Processing file /opt/airflow/dags/6_xcoms.py for tasks to queue
[2026-09-13T03:00:44.186+0000] {logging_mixin.py:149} INFO - [2026-09-13T03:00:44.186+0000] {dagbag.py:541} INFO - Filling up the DagBag from /opt/airflow/dags/6_xcoms.py
[2026-09-13T03:00:44.206+0000] {processor.py:809} INFO - DAG(s) dict_keys(['6-XCom']) retrieved from /opt/airflow/dags/6_xcoms.py
[2026-09-13T03:00:44.275+0000] {logging_mixin.py:149} INFO - [2026-09-13T03:00:44.274+0000] {dag.py:2726} INFO - Sync 1 DAGs
[2026-09-13T03:00:44.313+0000] {logging_mixin.py:149} INFO - [2026-09-13T03:00:44.313+0000] {dag.py:3490} INFO - Setting next_dagrun for 6-XCom to 2023-05-01T00:00:00+00:00, run_after=2023-05-02T00:00:00+00:00
[2026-09-13T03:00:44.340+0000] {processor.py:178} INFO - Processing /opt/airflow/dags/6_xcoms.py took 0.165 seconds
[2026-09-13T03:01:14.581+0000] {processor.py:156} INFO - Started process (PID=163813) to work on /opt/airflow/dags/6_xcoms.py
[2026-09-13T03:01:14.584+0000] {processor.py:799} INFO - Processing file /opt/airflow/dags/6_xcoms.py for tasks to queue
[2026-09-13T03:01:14.585+0000] {logging_mixin.py:149} INFO - [2026-09-13T03:01:14.585+0000] {dagbag.py:541} INFO - Filling up the DagBag from /opt/airflow/dags/6_xcoms.py
[2026-09-13T03:01:14.619+0000] {processor.py:809} INFO - DAG(s) dict_keys(['6-XCom']) retrieved from /opt/airflow/dags/6_xcoms.py
[2026-09-13T03:01:14.704+0000] {logging_mixin.py:149} INFO - [2026-09-13T03:01:14.704+0000] {dag.py:2726} INFO - Sync 1 DAGs
[2026-09-13T03:01:14.787+0000] {logging_mixin.py:149} INFO - [2026-09-13T03:01:14.786+0000] {dag.py:3490} INFO - Setting next_dagrun for 6-XCom to 2023-05-01T00:00:00+00:00, run_after=2023-05-02T00:00:00+00:00
[2026-09-13T03:01:14.856+0000] {processor.py:178} INFO - Processing /opt/airflow/dags/6_xcoms.py took 0.288 seconds
[2026-09-13T03:01:45.019+0000] {processor.py:156} INFO - Started process (PID=163826) to work on /opt/airflow/dags/6_xcoms.py
[2026-09-13T03:01:45.027+0000] {processor.py:799} INFO - Processing file /opt/airflow/dags/6_xcoms.py for tasks to queue
[2026-09-13T03:01:45.029+0000] {logging_mixin.py:149} INFO - [2026-09-13T03:01:45.029+0000] {dagbag.py:541} INFO - Filling up the DagBag from /opt/airflow/dags/6_xcoms.py
[2026-09-13T03:01:45.059+0000] {processor.py:809} INFO - DAG(s) dict_keys(['6-XCom']) retrieved from /opt/airflow/dags/6_xcoms.py
[2026-09-13T03:01:45.143+0000] {logging_mixin.py:149} INFO - [2026-09-13T03:01:45.142+0000] {dag.py:2726} INFO - Sync 1 DAGs
[2026-09-13T03:01:45.190+0000] {logging_mixin.py:149} INFO - [2026-09-13T03:01:45.190+0000] {dag.py:3490} INFO - Setting next_dagrun for 6-XCom to 2023-05-01T00:00:00+00:00, run_after=2023-05-02T00:00:00+00:00
[2026-09-13T03:01:45.218+0000] {processor.py:178} INFO - Processing /opt/airflow/dags/6_xcoms.py took 0.211 seconds
[2026-09-13T03:02:15.440+0000] {processor.py:156} INFO - Started process (PID=163841) to work on /opt/airflow/dags/6_xcoms.py
[2026-09-13T03:02:15.443+0000] {processor.py:799} INFO - Processing file /opt/airflow/dags/6_xcoms.py for tasks to queue
[2026-09-13T03:02:15.445+0000] {logging_mixin.py:149} INFO - [2026-09-13T03:02:15.445+0000] {dagbag.py:541} INFO - Filling up the DagBag from /opt/airflow/dags/6_xcoms.py
[2026-09-13T03:02:15.480+0000] {processor.py:809} INFO - DAG(s) dict_keys(['6-XCom']) retrieved from /opt/airflow/dags/6_xcoms.py
[2026-09-13T03:02:15.566+0000] {logging_mixin.py:149} INFO - [2026-09-13T03:02:15.566+0000] {dag.py:2726} INFO - Sync 1 DAGs
[2026-09-13T03:02:15.636+0000] {logging_mixin.py:149} INFO - [2026-09-13T03:02:15.636+0000] {dag.py:3490} INFO - Setting next_dagrun for 6-XCom to 2023-05-01T00:00:00+00:00, run_after=2023-05-02T00:00:00+00:00
[2026-09-13T03:02:15.699+0000] {processor.py:178} INFO - Processing /opt/airflow/dags/6_xcoms.py took 0.271 seconds
[2026-09-13T03:02:45.811+0000] {processor.py:156} INFO - Started process (PID=163855) to work on /opt/airflow/dags/6_xcoms.py
[2026-09-13T03:02:45.814+0000] {processor.py:799} INFO - Processing file /opt/airflow/dags/6_xcoms.py for tasks to queue
[2026-09-13T03:02:45.815+0000] {logging_mixin.py:149} INFO - [2026-09-13T03:02:45.815+0000] {dagbag.py:541} INFO - Filling up the DagBag from /opt/airflow/dags/6_xcoms.py
[2026-09-13T03:02:45.841+0000] {processor.py:809} INFO - DAG(s) dict_keys(['6-XCom']) retrieved from /opt/airflow/dags/6_xcoms.py
[2026-09-13T03:02:45.924+0000] {logging_mixin.py:149} INFO - [2026-09-13T03:02:45.923+0000] {dag.py:2726} INFO - Sync 1 DAGs
[2026-09-13T03:02:45.983+0000] {logging_mixin.py:149} INFO - [2026-09-13T03:02:45.982+0000] {dag.py:3490} INFO - Setting next_dagrun for 6-XCom to 2023-05-01T00:00:00+00:00, run_after=2023-05-02T00:00:00+00:00
[2026-09-13T03:02:46.019+0000] {processor.py:178} INFO - Processing /opt/airflow/dags/6_xcoms.py took 0.215 seconds
[2026-09-13T03:03:16.279+0000] {processor.py:156} INFO - Started process (PID=163869) to work on /opt/airflow/dags/6_xcoms.py
[2026-09-13T03:03:16.285+0000] {processor.py:799} INFO - Processing file /opt/airflow/dags/6_xcoms.py for tasks to queue
[2026-09-13T03:03:16.288+0000] {logging_mixin.py:149} INFO - [2026-09-13T03:03:16.287+0000] {dagbag.py:541} INFO - Filling up the DagBag from /opt/airflow/dags/6_xcoms.py
[2026-09-13T03:03:16.327+0000] {processor.py:809} INFO - DAG(s) dict_keys(['6-XCom']) retrieved from /opt/airflow/dags/6_xcoms.py
[2026-09-13T03:03:16.412+0000] {logging_mixin.py:149} INFO - [2026-09-13T03:03:16.412+0000] {dag.py:2726} INFO - Sync 1 DAGs
[2026-09-13T03:03:16.496+0000] {logging_mixin.py:149} INFO - [2026-09-13T03:03:16.496+0000] {dag.py:3490} INFO - Setting next_dagrun for 6-XCom to 2023-05-01T00:00:00+00:00, run_after=2023-05-02T00:00:00+00:00
[2026-09-13T03:03:16.573+0000] {processor.py:178} INFO - Processing /opt/airflow/dags/6_xcoms.py took 0.304 seconds
[2026-09-13T03:03:46.803+0000] {processor.py:156} INFO - Started process (PID=163884) to work on /opt/airflow/dags/6_xcoms.py
[2026-09-13T03:03:46.807+0000] {processor.py:799} INFO - Processing file /opt/airflow/dags/6_xcoms.py for tasks to queue
[2026-09-13T03:03:46.809+0000] {logging_mixin.py:149} INFO - [2026-09-13T03:03:46.808+0000] {dagbag.py:541} INFO - Filling up the DagBag from /opt/airflow/dags/6_xcoms.py
[2026-09-13T03:03:46.852+0000] {processor.py:809} INFO - DAG(s) dict_keys(['6-XCom']) retrieved from /opt/airflow/dags/6_xcoms.py
[2026-09-13T03:03:46.947+0000] {logging_mixin.py:149} INFO - [2026-09-13T03:03:46.946+0000] {dag.py:2726} INFO - Sync 1 DAGs
[2026-09-13T03:03:47.010+0000] {logging_mixin.py:149} INFO - [2026-09-13T03:03:47.010+0000] {dag.py:3490} INFO - Setting next_dagrun for 6-XCom to 2023-05-01T00:00:00+00:00, run_after=2023-05-02T00:00:00+00:00
[2026-09-13T03:03:47.076+0000] {processor.py:178} INFO - Processing /opt/airflow/dags/6_xcoms.py took 0.286 seconds
[2026-09-13T03:04:17.357+0000] {processor.py:156} INFO - Started process (PID=163898) to work on /opt/airflow/dags/6_xcoms.py
[2026-09-13T03:04:17.360+0000] {processor.py:799} INFO - Processing file /opt/airflow/dags/6_xcoms.py for tasks to queue
[2026-09-13T03:04:17.362+0000] {logging_mixin.py:149} INFO - [2026-09-13T03:04:17.362+0000] {dagbag.py:541} INFO - Filling up the DagBag from /opt/airflow/dags/6_xcoms.py
[2026-09-13T03:04:17.392+0000] {processor.py:809} INFO - DAG(s) dict_keys(['6-XCom']) retrieved from /opt/airflow/dags/6_xcoms.py
[2026-09-13T03:04:17.469+0000] {logging_mixin.py:149} INFO - [2026-09-13T03:04:17.469+0000] {dag.py:2726} INFO - Sync 1 DAGs
[2026-09-13T03:04:17.557+0000] {logging_mixin.py:149} INFO - [2026-09-13T03:04:17.556+0000] {dag.py:3490} INFO - Setting next_dagrun for 6-XCom to 2023-05-01T00:00:00+00:00, run_after=2023-05-02T00:00:00+00:00
[2026-09-13T03:04:17.624+0000] {processor.py:178} INFO - Processing /opt/airflow/dags/6_xcoms.py took 0.279 seconds
[2026-09-13T03:04:47.822+0000] {processor.py:156} INFO - Started process (PID=163912) to work on /opt/airflow/dags/6_xcoms.py
[2026-09-13T03:04:47.825+0000] {processor.py:799} INFO - Processing file /opt/airflow/dags/6_xcoms.py for tasks to queue
[2026-09-13T03:04:47.827+0000] {logging_mixin.py:149} INFO - [2026-09-13T03:04:47.827+0000] {dagbag.py:541} INFO - Filling up the DagBag from /opt/airflow/dags/6_xcoms.py
[2026-09-13T03:04:47.868+0000] {processor.py:809} INFO - DAG(s) dict_keys(['6-XCom']) retrieved from /opt/airflow/dags/6_xcoms.py
[2026-09-13T03:04:47.959+0000] {logging_mixin.py:149} INFO - [2026-09-13T03:04:47.958+0000] {dag.py:2726} INFO - Sync 1 DAGs
[2026-09-13T03:04:48.046+0000] {logging_mixin.py:149} INFO - [2026-09-13T03:04:48.046+0000] {dag.py:3490} INFO - Setting next_dagrun for 6-XCom to 2023-05-01T00:00:00+00:00, run_after=2023-05-02T00:00:00+00:00
[2026-09-13T03:04:48.118+0000] {processor.py:178} INFO - Processing /opt/airflow/dags/6_xcoms.py took 0.307 seconds
[2026-09-13T03:05:18.329+0000] {processor.py:156} INFO - Started process (PID=163927) to work on /opt/airflow/dags/6_xcoms.py
[2026-09-13T03:05:18.333+0000] {processor.py:799} INFO - Processing file /opt/airflow/dags/6_xcoms.py for tasks to queue
[2026-09-13T03:05:18.337+0000] {logging_mixin.py:149} INFO - [2026-09-13T03:05:18.336+0000] {dagbag.py:541} INFO - Filling up the DagBag from /opt/airflow/dags/6_xcoms.py
[2026-09-13T03:05:18.378+0000] {processor.py:809} INFO - DAG(s) dict_keys(['6-XCom']) retrieved from /opt/airflow/dags/6_xcoms.py
[2026-09-13T03:05:18.464+0000] {logging_mixin.py:149} INFO - [2026-09-13T03:05:18.463+0000] {dag.py:2726} INFO - Sync 1 DAGs
[2026-09-13T03:05:18.538+0000] {logging_mixin.py:149} INFO - [2026-09-13T03:05:18.538+0000] {dag.py:3490} INFO - Setting next_dagrun for 6-XCom to 2023-05-01T00:00:00+00:00, run_after=2023-05-02T00:00:00+00:00
[2026-09-13T03:05:18.605+0000] {processor.py:178} INFO - Processing /opt/airflow/dags/6_xcoms.py took 0.289 seconds
[2026-09-13T03:05:48.678+0000] {processor.py:156} INFO - Started process (PID=163941) to work on /opt/airflow/dags/6_xcoms.py
[2026-09-13T03:05:48.682+0000] {processor.py:799} INFO - Processing file /opt/airflow/dags/6_xcoms.py for tasks to queue
[2026-09-13T03:05:48.684+0000] {logging_mixin.py:149} INFO - [2026-09-13T03:05:48.683+0000] {dagbag.py:541} INFO - Filling up the DagBag from /opt/airflow/dags/6_xcoms.py
[2026-09-13T03:05:48.719+0000] {processor.py:809} INFO - DAG(s) dict_keys(['6-XCom']) retrieved from /opt/airflow/dags/6_xcoms.py
[2026-09-13T03:05:48.801+0000] {logging_mixin.py:149} INFO - [2026-09-13T03:05:48.801+0000] {dag.py:2726} INFO - Sync 1 DAGs
[2026-09-13T03:05:48.889+0000] {logging_mixin.py:149} INFO - [2026-09-13T03:05:48.889+0000] {dag.py:3490} INFO - Setting next_dagrun for 6-XCom to 2023-05-01T00:00:00+00:00, run_after=2023-05-02T00:00:00+00:00
[2026-09-13T03:05:48.955+0000] {processor.py:178} INFO - Processing /opt/airflow/dags/6_xcoms.py took 0.287 seconds
[2026-09-13T03:06:19.164+0000] {processor.py:156} INFO - Started process (PID=163955) to work on /opt/airflow/dags/6_xcoms.py
[2026-09-13T03:06:19.172+0000] {processor.py:799} INFO - Processing file /opt/airflow/dags/6_xcoms.py for tasks to queue
[2026-09-13T03:06:19.174+0000] {logging_mixin.py:149} INFO - [2026-09-13T03:06:19.173+0000] {dagbag.py:541} INFO - Filling up the DagBag from /opt/airflow/dags/6_xcoms.py
[2026-09-13T03:06:19.213+0000] {processor.py:809} INFO - DAG(s) dict_keys(['6-XCom']) retrieved from /opt/airflow/dags/6_xcoms.py
[2026-09-13T03:06:19.270+0000] {logging_mixin.py:149} INFO - [2026-09-13T03:06:19.270+0000] {dag.py:2726} INFO - Sync 1 DAGs
[2026-09-13T03:06:19.342+0000] {logging_mixin.py:149} INFO - [2026-09-13T03:06:19.342+0000] {dag.py:3490} INFO - Setting next_dagrun for 6-XCom to 2023-05-01T00:00:00+00:00, run_after=2023-05-02T00:00:00+00:00
[2026-09-13T03:06:19.410+0000] {processor.py:178} INFO - Processing /opt/airflow/dags/6_xcoms.py took 0.272 seconds
[2026-09-13T03:06:49.562+0000] {processor.py:156} INFO - Started process (PID=163970) to work on /opt/airflow/dags/6_xcoms.py
[2026-09-13T03:06:49.567+0000] {processor.py:799} INFO - Processing file /opt/airflow/dags/6_xcoms.py for tasks to queue
[2026-09-13T03:06:49.569+0000] {logging_mixin.py:149} INFO - [2026-09-13T03:06:49.568+0000] {dagbag.py:541} INFO - Filling up the DagBag from /opt/airflow/dags/6_xcoms.py
[2026-09-13T03:06:49.606+0000] {processor.py:809} INFO - DAG(s) dict_keys(['6-XCom']) retrieved from /opt/airflow/dags/6_xcoms.py
[2026-09-13T03:06:49.699+0000] {logging_mixin.py:149} INFO - [2026-09-13T03:06:49.698+0000] {dag.py:2726} INFO - Sync 1 DAGs
[2026-09-13T03:06:49.770+0000] {logging_mixin.py:149} INFO - [2026-09-13T03:06:49.770+0000] {dag.py:3490} INFO - Setting next_dagrun for 6-XCom to 2023-05-01T00:00:00+00:00, run_after=2023-05-02T00:00:00+00:00
[2026-09-13T03:06:49.846+0000] {processor.py:178} INFO - Processing /opt/airflow/dags/6_xcoms.py took 0.295 seconds
[2026-09-13T03:07:20.096+0000] {processor.py:156} INFO - Started process (PID=163984) to work on /opt/airflow/dags/6_xcoms.py
[2026-09-13T03:07:20.100+0000] {processor.py:799} INFO - Processing file /opt/airflow/dags/6_xcoms.py for tasks to queue
[2026-09-13T03:07:20.102+0000] {logging_mixin.py:149} INFO - [2026-09-13T03:07:20.102+0000] {dagbag.py:541} INFO - Filling up the DagBag from /opt/airflow/dags/6_xcoms.py
[2026-09-13T03:07:20.137+0000] {processor.py:809} INFO - DAG(s) dict_keys(['6-XCom']) retrieved from /opt/airflow/dags/6_xcoms.py
[2026-09-13T03:07:20.221+0000] {logging_mixin.py:149} INFO - [2026-09-13T03:07:20.221+0000] {dag.py:2726} INFO - Sync 1 DAGs
[2026-09-13T03:07:20.274+0000] {logging_mixin.py:149} INFO - [2026-09-13T03:07:20.274+0000] {dag.py:3490} INFO - Setting next_dagrun for 6-XCom to 2023-05-01T00:00:00+00:00, run_after=2023-05-02T00:00:00+00:00
[2026-09-13T03:07:20.307+0000] {processor.py:178} INFO - Processing /opt/airflow/dags/6_xcoms.py took 0.222 seconds
[2026-09-13T03:07:50.515+0000] {processor.py:156} INFO - Started process (PID=163998) to work on /opt/airflow/dags/6_xcoms.py
[2026-09-13T03:07:50.519+0000] {processor.py:799} INFO - Processing file /opt/airflow/dags/6_xcoms.py for tasks to queue
[2026-09-13T03:07:50.520+0000] {logging_mixin.py:149} INFO - [2026-09-13T03:07:50.520+0000] {dagbag.py:541} INFO - Filling up the DagBag from /opt/airflow/dags/6_xcoms.py
[2026-09-13T03:07:50.556+0000] {processor.py:809} INFO - DAG(s) dict_keys(['6-XCom']) retrieved from /opt/airflow/dags/6_xcoms.py
[2026-09-13T03:07:50.660+0000] {logging_mixin.py:149} INFO - [2026-09-13T03:07:50.659+0000] {dag.py:2726} INFO - Sync 1 DAGs
[2026-09-13T03:07:50.729+0000] {logging_mixin.py:149} INFO - [2026-09-13T03:07:50.729+0000] {dag.py:3490} INFO - Setting next_dagrun for 6-XCom to 2023-05-01T00:00:00+00:00, run_after=2023-05-02T00:00:00+00:00
[2026-09-13T03:07:50.764+0000] {processor.py:178} INFO - Processing /opt/airflow/dags/6_xcoms.py took 0.259 seconds
[2026-09-13T03:08:20.818+0000] {processor.py:156} INFO - Started process (PID=164011) to work on /opt/airflow/dags/6_xcoms.py
[2026-09-13T03:08:20.821+0000] {processor.py:799} INFO - Processing file /opt/airflow/dags/6_xcoms.py for tasks to queue
[2026-09-13T03:08:20.823+0000] {logging_mixin.py:149} INFO - [2026-09-13T03:08:20.823+0000] {dagbag.py:541} INFO - Filling up the DagBag from /opt/airflow/dags/6_xcoms.py
[2026-09-13T03:08:20.856+0000] {processor.py:809} INFO - DAG(s) dict_keys(['6-XCom']) retrieved from /opt/airflow/dags/6_xcoms.py
[2026-09-13T03:08:20.916+0000] {logging_mixin.py:149} INFO - [2026-09-13T03:08:20.915+0000] {dag.py:2726} INFO - Sync 1 DAGs
[2026-09-13T03:08:20.967+0000] {logging_mixin.py:149} INFO - [2026-09-13T03:08:20.966+0000] {dag.py:3490} INFO - Setting next_dagrun for 6-XCom to 2023-05-01T00:00:00+00:00, run_after=2023-05-02T00:00:00+00:00
[2026-09-13T03:08:21.016+0000] {processor.py:178} INFO - Processing /opt/airflow/dags/6_xcoms.py took 0.209 seconds
[2026-09-13T03:08:51.212+0000] {processor.py:156} INFO - Started process (PID=164025) to work on /opt/airflow/dags/6_xcoms.py
[2026-09-13T03:08:51.216+0000] {processor.py:799} INFO - Processing file /opt/airflow/dags/6_xcoms.py for tasks to queue
[2026-09-13T03:08:51.217+0000] {logging_mixin.py:149} INFO - [2026-09-13T03:08:51.217+0000] {dagbag.py:541} INFO - Filling up the DagBag from /opt/airflow/dags/6_xcoms.py
[2026-09-13T03:08:51.251+0000] {processor.py:809} INFO - DAG(s) dict_keys(['6-XCom']) retrieved from /opt/airflow/dags/6_xcoms.py
[2026-09-13T03:08:51.349+0000] {logging_mixin.py:149} INFO - [2026-09-13T03:08:51.348+0000] {dag.py:2726} INFO - Sync 1 DAGs
[2026-09-13T03:08:51.436+0000] {logging_mixin.py:149} INFO - [2026-09-13T03:08:51.435+0000] {dag.py:3490} INFO - Setting next_dagrun for 6-XCom to 2023-05-01T00:00:00+00:00, run_after=2023-05-02T00:00:00+00:00
[2026-09-13T03:08:51.497+0000] {processor.py:178} INFO - Processing /opt/airflow/dags/6_xcoms.py took 0.299 seconds
[2026-09-13T03:09:21.738+0000] {processor.py:156} INFO - Started process (PID=164039) to work on /opt/airflow/dags/6_xcoms.py
[2026-09-13T03:09:21.745+0000] {processor.py:799} INFO - Processing file /opt/airflow/dags/6_xcoms.py for tasks to queue
[2026-09-13T03:09:21.747+0000] {logging_mixin.py:149} INFO - [2026-09-13T03:09:21.747+0000] {dagbag.py:541} INFO - Filling up the DagBag from /opt/airflow/dags/6_xcoms.py
[2026-09-13T03:09:21.788+0000] {processor.py:809} INFO - DAG(s) dict_keys(['6-XCom']) retrieved from /opt/airflow/dags/6_xcoms.py
[2026-09-13T03:09:21.888+0000] {logging_mixin.py:149} INFO - [2026-09-13T03:09:21.887+0000] {dag.py:2726} INFO - Sync 1 DAGs
[2026-09-13T03:09:21.960+0000] {logging_mixin.py:149} INFO - [2026-09-13T03:09:21.960+0000] {dag.py:3490} INFO - Setting next_dagrun for 6-XCom to 2023-05-01T00:00:00+00:00, run_after=2023-05-02T00:00:00+00:00
[2026-09-13T03:09:22.038+0000] {processor.py:178} INFO - Processing /opt/airflow/dags/6_xcoms.py took 0.310 seconds
[2026-09-13T03:09:52.309+0000] {processor.py:156} INFO - Started process (PID=164053) to work on /opt/airflow/dags/6_xcoms.py
[2026-09-13T03:09:52.314+0000] {processor.py:799} INFO - Processing file /opt/airflow/dags/6_xcoms.py for tasks to queue
[2026-09-13T03:09:52.316+0000] {logging_mixin.py:149} INFO - [2026-09-13T03:09:52.316+0000] {dagbag.py:541} INFO - Filling up the DagBag from /opt/airflow/dags/6_xcoms.py
[2026-09-13T03:09:52.356+0000] {processor.py:809} INFO - DAG(s) dict_keys(['6-XCom']) retrieved from /opt/airflow/dags/6_xcoms.py
[2026-09-13T03:09:52.459+0000] {logging_mixin.py:149} INFO - [2026-09-13T03:09:52.458+0000] {dag.py:2726} INFO - Sync 1 DAGs
[2026-09-13T03:09:52.522+0000] {logging_mixin.py:149} INFO - [2026-09-13T03:09:52.522+0000] {dag.py:3490} INFO - Setting next_dagrun for 6-XCom to 2023-05-01T00:00:00+00:00, run_after=2023-05-02T00:00:00+00:00
[2026-09-13T03:09:52.608+0000] {processor.py:178} INFO - Processing /opt/airflow/dags/6_xcoms.py took 0.310 seconds
[2026-09-13T03:10:22.866+0000] {processor.py:156} INFO - Started process (PID=164074) to work on /opt/airflow/dags/6_xcoms.py
[2026-09-13T03:10:22.876+0000] {processor.py:799} INFO - Processing file /opt/airflow/dags/6_xcoms.py for tasks to queue
[2026-09-13T03:10:22.878+0000] {logging_mixin.py:149} INFO - [2026-09-13T03:10:22.878+0000] {dagbag.py:541} INFO - Filling up the DagBag from /opt/airflow/dags/6_xcoms.py
[2026-09-13T03:10:22.916+0000] {processor.py:809} INFO - DAG(s) dict_keys(['6-XCom']) retrieved from /opt/airflow/dags/6_xcoms.py
[2026-09-13T03:10:22.982+0000] {logging_mixin.py:149} INFO - [2026-09-13T03:10:22.981+0000] {dag.py:2726} INFO - Sync 1 DAGs
[2026-09-13T03:10:23.029+0000] {logging_mixin.py:149} INFO - [2026-09-13T03:10:23.028+0000] {dag.py:3490} INFO - Setting next_dagrun for 6-XCom to 2023-05-01T00:00:00+00:00, run_after=2023-05-02T00:00:00+00:00
[2026-09-13T03:10:23.081+0000] {processor.py:178} INFO - Processing /opt/airflow/dags/6_xcoms.py took 0.226 seconds
[2026-09-13T03:10:53.387+0000] {processor.py:156} INFO - Started process (PID=164088) to work on /opt/airflow/dags/6_xcoms.py
[2026-09-13T03:10:53.390+0000] {processor.py:799} INFO - Processing file /opt/airflow/dags/6_xcoms.py for tasks to queue
[2026-09-13T03:10:53.391+0000] {logging_mixin.py:149} INFO - [2026-09-13T03:10:53.391+0000] {dagbag.py:541} INFO - Filling up the DagBag from /opt/airflow/dags/6_xcoms.py
[2026-09-13T03:10:53.421+0000] {processor.py:809} INFO - DAG(s) dict_keys(['6-XCom']) retrieved from /opt/airflow/dags/6_xcoms.py
[2026-09-13T03:10:53.491+0000] {logging_mixin.py:149} INFO - [2026-09-13T03:10:53.490+0000] {dag.py:2726} INFO - Sync 1 DAGs
[2026-09-13T03:10:53.552+0000] {logging_mixin.py:149} INFO - [2026-09-13T03:10:53.552+0000] {dag.py:3490} INFO - Setting next_dagrun for 6-XCom to 2023-05-01T00:00:00+00:00, run_after=2023-05-02T00:00:00+00:00
[2026-09-13T03:10:53.590+0000] {processor.py:178} INFO - Processing /opt/airflow/dags/6_xcoms.py took 0.212 seconds
[2026-09-13T03:11:23.841+0000] {processor.py:156} INFO - Started process (PID=164102) to work on /opt/airflow/dags/6_xcoms.py
[2026-09-13T03:11:23.845+0000] {processor.py:799} INFO - Processing file /opt/airflow/dags/6_xcoms.py for tasks to queue
[2026-09-13T03:11:23.846+0000] {logging_mixin.py:149} INFO - [2026-09-13T03:11:23.846+0000] {dagbag.py:541} INFO - Filling up the DagBag from /opt/airflow/dags/6_xcoms.py
[2026-09-13T03:11:23.871+0000] {processor.py:809} INFO - DAG(s) dict_keys(['6-XCom']) retrieved from /opt/airflow/dags/6_xcoms.py
[2026-09-13T03:11:23.961+0000] {logging_mixin.py:149} INFO - [2026-09-13T03:11:23.961+0000] {dag.py:2726} INFO - Sync 1 DAGs
[2026-09-13T03:11:24.048+0000] {logging_mixin.py:149} INFO - [2026-09-13T03:11:24.048+0000] {dag.py:3490} INFO - Setting next_dagrun for 6-XCom to 2023-05-01T00:00:00+00:00, run_after=2023-05-02T00:00:00+00:00
[2026-09-13T03:11:24.116+0000] {processor.py:178} INFO - Processing /opt/airflow/dags/6_xcoms.py took 0.281 seconds
[2026-09-13T03:11:54.376+0000] {processor.py:156} INFO - Started process (PID=164117) to work on /opt/airflow/dags/6_xcoms.py
[2026-09-13T03:11:54.381+0000] {processor.py:799} INFO - Processing file /opt/airflow/dags/6_xcoms.py for tasks to queue
[2026-09-13T03:11:54.382+0000] {logging_mixin.py:149} INFO - [2026-09-13T03:11:54.382+0000] {dagbag.py:541} INFO - Filling up the DagBag from /opt/airflow/dags/6_xcoms.py
[2026-09-13T03:11:54.421+0000] {processor.py:809} INFO - DAG(s) dict_keys(['6-XCom']) retrieved from /opt/airflow/dags/6_xcoms.py
[2026-09-13T03:11:54.509+0000] {logging_mixin.py:149} INFO - [2026-09-13T03:11:54.509+0000] {dag.py:2726} INFO - Sync 1 DAGs
[2026-09-13T03:11:54.579+0000] {logging_mixin.py:149} INFO - [2026-09-13T03:11:54.579+0000] {dag.py:3490} INFO - Setting next_dagrun for 6-XCom to 2023-05-01T00:00:00+00:00, run_after=2023-05-02T00:00:00+00:00
[2026-09-13T03:11:54.652+0000] {processor.py:178} INFO - Processing /opt/airflow/dags/6_xcoms.py took 0.285 seconds
[2026-09-13T03:12:24.938+0000] {processor.py:156} INFO - Started process (PID=164132) to work on /opt/airflow/dags/6_xcoms.py
[2026-09-13T03:12:24.940+0000] {processor.py:799} INFO - Processing file /opt/airflow/dags/6_xcoms.py for tasks to queue
[2026-09-13T03:12:24.942+0000] {logging_mixin.py:149} INFO - [2026-09-13T03:12:24.941+0000] {dagbag.py:541} INFO - Filling up the DagBag from /opt/airflow/dags/6_xcoms.py
[2026-09-13T03:12:24.971+0000] {processor.py:809} INFO - DAG(s) dict_keys(['6-XCom']) retrieved from /opt/airflow/dags/6_xcoms.py
[2026-09-13T03:12:25.062+0000] {logging_mixin.py:149} INFO - [2026-09-13T03:12:25.061+0000] {dag.py:2726} INFO - Sync 1 DAGs
[2026-09-13T03:12:25.132+0000] {logging_mixin.py:149} INFO - [2026-09-13T03:12:25.131+0000] {dag.py:3490} INFO - Setting next_dagrun for 6-XCom to 2023-05-01T00:00:00+00:00, run_after=2023-05-02T00:00:00+00:00
[2026-09-13T03:12:25.203+0000] {processor.py:178} INFO - Processing /opt/airflow/dags/6_xcoms.py took 0.274 seconds
[2026-09-13T03:12:55.504+0000] {processor.py:156} INFO - Started process (PID=164146) to work on /opt/airflow/dags/6_xcoms.py
[2026-09-13T03:12:55.508+0000] {processor.py:799} INFO - Processing file /opt/airflow/dags/6_xcoms.py for tasks to queue
[2026-09-13T03:12:55.510+0000] {logging_mixin.py:149} INFO - [2026-09-13T03:12:55.509+0000] {dagbag.py:541} INFO - Filling up the DagBag from /opt/airflow/dags/6_xcoms.py
[2026-09-13T03:12:55.538+0000] {processor.py:809} INFO - DAG(s) dict_keys(['6-XCom']) retrieved from /opt/airflow/dags/6_xcoms.py
[2026-09-13T03:12:55.628+0000] {logging_mixin.py:149} INFO - [2026-09-13T03:12:55.627+0000] {dag.py:2726} INFO - Sync 1 DAGs
[2026-09-13T03:12:55.688+0000] {logging_mixin.py:149} INFO - [2026-09-13T03:12:55.688+0000] {dag.py:3490} INFO - Setting next_dagrun for 6-XCom to 2023-05-01T00:00:00+00:00, run_after=2023-05-02T00:00:00+00:00
[2026-09-13T03:12:55.713+0000] {processor.py:178} INFO - Processing /opt/airflow/dags/6_xcoms.py took 0.215 seconds
[2026-09-13T03:13:25.782+0000] {processor.py:156} INFO - Started process (PID=164159) to work on /opt/airflow/dags/6_xcoms.py
[2026-09-13T03:13:25.791+0000] {processor.py:799} INFO - Processing file /opt/airflow/dags/6_xcoms.py for tasks to queue
[2026-09-13T03:13:25.794+0000] {logging_mixin.py:149} INFO - [2026-09-13T03:13:25.793+0000] {dagbag.py:541} INFO - Filling up the DagBag from /opt/airflow/dags/6_xcoms.py
[2026-09-13T03:13:25.835+0000] {processor.py:809} INFO - DAG(s) dict_keys(['6-XCom']) retrieved from /opt/airflow/dags/6_xcoms.py
[2026-09-13T03:13:25.932+0000] {logging_mixin.py:149} INFO - [2026-09-13T03:13:25.932+0000] {dag.py:2726} INFO - Sync 1 DAGs
[2026-09-13T03:13:26.030+0000] {logging_mixin.py:149} INFO - [2026-09-13T03:13:26.029+0000] {dag.py:3490} INFO - Setting next_dagrun for 6-XCom to 2023-05-01T00:00:00+00:00, run_after=2023-05-02T00:00:00+00:00
[2026-09-13T03:13:26.084+0000] {processor.py:178} INFO - Processing /opt/airflow/dags/6_xcoms.py took 0.313 seconds
[2026-09-13T03:13:56.329+0000] {processor.py:156} INFO - Started process (PID=164174) to work on /opt/airflow/dags/6_xcoms.py
[2026-09-13T03:13:56.331+0000] {processor.py:799} INFO - Processing file /opt/airflow/dags/6_xcoms.py for tasks to queue
[2026-09-13T03:13:56.333+0000] {logging_mixin.py:149} INFO - [2026-09-13T03:13:56.332+0000] {dagbag.py:541} INFO - Filling up the DagBag from /opt/airflow/dags/6_xcoms.py
[2026-09-13T03:13:56.360+0000] {processor.py:809} INFO - DAG(s) dict_keys(['6-XCom']) retrieved from /opt/airflow/dags/6_xcoms.py
[2026-09-13T03:13:56.428+0000] {logging_mixin.py:149} INFO - [2026-09-13T03:13:56.428+0000] {dag.py:2726} INFO - Sync 1 DAGs
[2026-09-13T03:13:56.476+0000] {logging_mixin.py:149} INFO - [2026-09-13T03:13:56.476+0000] {dag.py:3490} INFO - Setting next_dagrun for 6-XCom to 2023-05-01T00:00:00+00:00, run_after=2023-05-02T00:00:00+00:00
[2026-09-13T03:13:56.515+0000] {processor.py:178} INFO - Processing /opt/airflow/dags/6_xcoms.py took 0.195 seconds
[2026-09-13T03:14:26.792+0000] {processor.py:156} INFO - Started process (PID=164188) to work on /opt/airflow/dags/6_xcoms.py
[2026-09-13T03:14:26.797+0000] {processor.py:799} INFO - Processing file /opt/airflow/dags/6_xcoms.py for tasks to queue
[2026-09-13T03:14:26.799+0000] {logging_mixin.py:149} INFO - [2026-09-13T03:14:26.799+0000] {dagbag.py:541} INFO - Filling up the DagBag from /opt/airflow/dags/6_xcoms.py
[2026-09-13T03:14:26.836+0000] {processor.py:809} INFO - DAG(s) dict_keys(['6-XCom']) retrieved from /opt/airflow/dags/6_xcoms.py
[2026-09-13T03:14:26.927+0000] {logging_mixin.py:149} INFO - [2026-09-13T03:14:26.926+0000] {dag.py:2726} INFO - Sync 1 DAGs
[2026-09-13T03:14:27.012+0000] {logging_mixin.py:149} INFO - [2026-09-13T03:14:27.010+0000] {dag.py:3490} INFO - Setting next_dagrun for 6-XCom to 2023-05-01T00:00:00+00:00, run_after=2023-05-02T00:00:00+00:00
[2026-09-13T03:14:27.086+0000] {processor.py:178} INFO - Processing /opt/airflow/dags/6_xcoms.py took 0.307 seconds
[2026-09-13T03:14:57.342+0000] {processor.py:156} INFO - Started process (PID=164202) to work on /opt/airflow/dags/6_xcoms.py
[2026-09-13T03:14:57.349+0000] {processor.py:799} INFO - Processing file /opt/airflow/dags/6_xcoms.py for tasks to queue
[2026-09-13T03:14:57.351+0000] {logging_mixin.py:149} INFO - [2026-09-13T03:14:57.351+0000] {dagbag.py:541} INFO - Filling up the DagBag from /opt/airflow/dags/6_xcoms.py
[2026-09-13T03:14:57.393+0000] {processor.py:809} INFO - DAG(s) dict_keys(['6-XCom']) retrieved from /opt/airflow/dags/6_xcoms.py
[2026-09-13T03:14:57.481+0000] {logging_mixin.py:149} INFO - [2026-09-13T03:14:57.481+0000] {dag.py:2726} INFO - Sync 1 DAGs
[2026-09-13T03:14:57.564+0000] {logging_mixin.py:149} INFO - [2026-09-13T03:14:57.564+0000] {dag.py:3490} INFO - Setting next_dagrun for 6-XCom to 2023-05-01T00:00:00+00:00, run_after=2023-05-02T00:00:00+00:00
[2026-09-13T03:14:57.641+0000] {processor.py:178} INFO - Processing /opt/airflow/dags/6_xcoms.py took 0.312 seconds
[2026-09-13T03:15:27.821+0000] {processor.py:156} INFO - Started process (PID=164215) to work on /opt/airflow/dags/6_xcoms.py
[2026-09-13T03:15:27.825+0000] {processor.py:799} INFO - Processing file /opt/airflow/dags/6_xcoms.py for tasks to queue
[2026-09-13T03:15:27.827+0000] {logging_mixin.py:149} INFO - [2026-09-13T03:15:27.827+0000] {dagbag.py:541} INFO - Filling up the DagBag from /opt/airflow/dags/6_xcoms.py
[2026-09-13T03:15:27.873+0000] {processor.py:809} INFO - DAG(s) dict_keys(['6-XCom']) retrieved from /opt/airflow/dags/6_xcoms.py
[2026-09-13T03:15:27.957+0000] {logging_mixin.py:149} INFO - [2026-09-13T03:15:27.957+0000] {dag.py:2726} INFO - Sync 1 DAGs
[2026-09-13T03:15:28.024+0000] {logging_mixin.py:149} INFO - [2026-09-13T03:15:28.023+0000] {dag.py:3490} INFO - Setting next_dagrun for 6-XCom to 2023-05-01T00:00:00+00:00, run_after=2023-05-02T00:00:00+00:00
[2026-09-13T03:15:28.086+0000] {processor.py:178} INFO - Processing /opt/airflow/dags/6_xcoms.py took 0.276 seconds
[2026-09-13T03:15:58.400+0000] {processor.py:156} INFO - Started process (PID=164230) to work on /opt/airflow/dags/6_xcoms.py
[2026-09-13T03:15:58.404+0000] {processor.py:799} INFO - Processing file /opt/airflow/dags/6_xcoms.py for tasks to queue
[2026-09-13T03:15:58.408+0000] {logging_mixin.py:149} INFO - [2026-09-13T03:15:58.407+0000] {dagbag.py:541} INFO - Filling up the DagBag from /opt/airflow/dags/6_xcoms.py
[2026-09-13T03:15:58.448+0000] {processor.py:809} INFO - DAG(s) dict_keys(['6-XCom']) retrieved from /opt/airflow/dags/6_xcoms.py
[2026-09-13T03:15:58.500+0000] {logging_mixin.py:149} INFO - [2026-09-13T03:15:58.500+0000] {dag.py:2726} INFO - Sync 1 DAGs
[2026-09-13T03:15:58.541+0000] {logging_mixin.py:149} INFO - [2026-09-13T03:15:58.540+0000] {dag.py:3490} INFO - Setting next_dagrun for 6-XCom to 2023-05-01T00:00:00+00:00, run_after=2023-05-02T00:00:00+00:00
[2026-09-13T03:15:58.570+0000] {processor.py:178} INFO - Processing /opt/airflow/dags/6_xcoms.py took 0.184 seconds
[2026-09-13T03:16:28.772+0000] {processor.py:156} INFO - Started process (PID=164243) to work on /opt/airflow/dags/6_xcoms.py
[2026-09-13T03:16:28.777+0000] {processor.py:799} INFO - Processing file /opt/airflow/dags/6_xcoms.py for tasks to queue
[2026-09-13T03:16:28.778+0000] {logging_mixin.py:149} INFO - [2026-09-13T03:16:28.778+0000] {dagbag.py:541} INFO - Filling up the DagBag from /opt/airflow/dags/6_xcoms.py
[2026-09-13T03:16:28.810+0000] {processor.py:809} INFO - DAG(s) dict_keys(['6-XCom']) retrieved from /opt/airflow/dags/6_xcoms.py
[2026-09-13T03:16:28.913+0000] {logging_mixin.py:149} INFO - [2026-09-13T03:16:28.912+0000] {dag.py:2726} INFO - Sync 1 DAGs
[2026-09-13T03:16:28.992+0000] {logging_mixin.py:149} INFO - [2026-09-13T03:16:28.992+0000] {dag.py:3490} INFO - Setting next_dagrun for 6-XCom to 2023-05-01T00:00:00+00:00, run_after=2023-05-02T00:00:00+00:00
[2026-09-13T03:16:29.058+0000] {processor.py:178} INFO - Processing /opt/airflow/dags/6_xcoms.py took 0.294 seconds
[2026-09-13T03:16:59.332+0000] {processor.py:156} INFO - Started process (PID=164257) to work on /opt/airflow/dags/6_xcoms.py
[2026-09-13T03:16:59.342+0000] {processor.py:799} INFO - Processing file /opt/airflow/dags/6_xcoms.py for tasks to queue
[2026-09-13T03:16:59.343+0000] {logging_mixin.py:149} INFO - [2026-09-13T03:16:59.343+0000] {dagbag.py:541} INFO - Filling up the DagBag from /opt/airflow/dags/6_xcoms.py
[2026-09-13T03:16:59.363+0000] {processor.py:809} INFO - DAG(s) dict_keys(['6-XCom']) retrieved from /opt/airflow/dags/6_xcoms.py
[2026-09-13T03:16:59.454+0000] {logging_mixin.py:149} INFO - [2026-09-13T03:16:59.454+0000] {dag.py:2726} INFO - Sync 1 DAGs
[2026-09-13T03:16:59.499+0000] {logging_mixin.py:149} INFO - [2026-09-13T03:16:59.498+0000] {dag.py:3490} INFO - Setting next_dagrun for 6-XCom to 2023-05-01T00:00:00+00:00, run_after=2023-05-02T00:00:00+00:00
[2026-09-13T03:16:59.522+0000] {processor.py:178} INFO - Processing /opt/airflow/dags/6_xcoms.py took 0.196 seconds
[2026-09-13T03:17:29.738+0000] {processor.py:156} INFO - Started process (PID=164270) to work on /opt/airflow/dags/6_xcoms.py
[2026-09-13T03:17:29.742+0000] {processor.py:799} INFO - Processing file /opt/airflow/dags/6_xcoms.py for tasks to queue
[2026-09-13T03:17:29.744+0000] {logging_mixin.py:149} INFO - [2026-09-13T03:17:29.743+0000] {dagbag.py:541} INFO - Filling up the DagBag from /opt/airflow/dags/6_xcoms.py
[2026-09-13T03:17:29.777+0000] {processor.py:809} INFO - DAG(s) dict_keys(['6-XCom']) retrieved from /opt/airflow/dags/6_xcoms.py
[2026-09-13T03:17:29.864+0000] {logging_mixin.py:149} INFO - [2026-09-13T03:17:29.863+0000] {dag.py:2726} INFO - Sync 1 DAGs
[2026-09-13T03:17:29.923+0000] {logging_mixin.py:149} INFO - [2026-09-13T03:17:29.922+0000] {dag.py:3490} INFO - Setting next_dagrun for 6-XCom to 2023-05-01T00:00:00+00:00, run_after=2023-05-02T00:00:00+00:00
[2026-09-13T03:17:29.990+0000] {processor.py:178} INFO - Processing /opt/airflow/dags/6_xcoms.py took 0.263 seconds
[2026-09-13T03:18:00.216+0000] {processor.py:156} INFO - Started process (PID=164284) to work on /opt/airflow/dags/6_xcoms.py
[2026-09-13T03:18:00.222+0000] {processor.py:799} INFO - Processing file /opt/airflow/dags/6_xcoms.py for tasks to queue
[2026-09-13T03:18:00.227+0000] {logging_mixin.py:149} INFO - [2026-09-13T03:18:00.227+0000] {dagbag.py:541} INFO - Filling up the DagBag from /opt/airflow/dags/6_xcoms.py
[2026-09-13T03:18:00.277+0000] {processor.py:809} INFO - DAG(s) dict_keys(['6-XCom']) retrieved from /opt/airflow/dags/6_xcoms.py
[2026-09-13T03:18:00.375+0000] {logging_mixin.py:149} INFO - [2026-09-13T03:18:00.374+0000] {dag.py:2726} INFO - Sync 1 DAGs
[2026-09-13T03:18:00.447+0000] {logging_mixin.py:149} INFO - [2026-09-13T03:18:00.447+0000] {dag.py:3490} INFO - Setting next_dagrun for 6-XCom to 2023-05-01T00:00:00+00:00, run_after=2023-05-02T00:00:00+00:00
[2026-09-13T03:18:00.483+0000] {processor.py:178} INFO - Processing /opt/airflow/dags/6_xcoms.py took 0.280 seconds
[2026-09-13T03:18:30.538+0000] {processor.py:156} INFO - Started process (PID=164299) to work on /opt/airflow/dags/6_xcoms.py
[2026-09-13T03:18:30.551+0000] {processor.py:799} INFO - Processing file /opt/airflow/dags/6_xcoms.py for tasks to queue
[2026-09-13T03:18:30.555+0000] {logging_mixin.py:149} INFO - [2026-09-13T03:18:30.554+0000] {dagbag.py:541} INFO - Filling up the DagBag from /opt/airflow/dags/6_xcoms.py
[2026-09-13T03:18:30.591+0000] {processor.py:809} INFO - DAG(s) dict_keys(['6-XCom']) retrieved from /opt/airflow/dags/6_xcoms.py
[2026-09-13T03:18:30.675+0000] {logging_mixin.py:149} INFO - [2026-09-13T03:18:30.674+0000] {dag.py:2726} INFO - Sync 1 DAGs
[2026-09-13T03:18:30.745+0000] {logging_mixin.py:149} INFO - [2026-09-13T03:18:30.745+0000] {dag.py:3490} INFO - Setting next_dagrun for 6-XCom to 2023-05-01T00:00:00+00:00, run_after=2023-05-02T00:00:00+00:00
[2026-09-13T03:18:30.807+0000] {processor.py:178} INFO - Processing /opt/airflow/dags/6_xcoms.py took 0.280 seconds
[2026-09-13T03:19:01.006+0000] {processor.py:156} INFO - Started process (PID=164313) to work on /opt/airflow/dags/6_xcoms.py
[2026-09-13T03:19:01.010+0000] {processor.py:799} INFO - Processing file /opt/airflow/dags/6_xcoms.py for tasks to queue
[2026-09-13T03:19:01.011+0000] {logging_mixin.py:149} INFO - [2026-09-13T03:19:01.011+0000] {dagbag.py:541} INFO - Filling up the DagBag from /opt/airflow/dags/6_xcoms.py
[2026-09-13T03:19:01.033+0000] {processor.py:809} INFO - DAG(s) dict_keys(['6-XCom']) retrieved from /opt/airflow/dags/6_xcoms.py
[2026-09-13T03:19:01.081+0000] {logging_mixin.py:149} INFO - [2026-09-13T03:19:01.081+0000] {dag.py:2726} INFO - Sync 1 DAGs
[2026-09-13T03:19:01.118+0000] {logging_mixin.py:149} INFO - [2026-09-13T03:19:01.118+0000] {dag.py:3490} INFO - Setting next_dagrun for 6-XCom to 2023-05-01T00:00:00+00:00, run_after=2023-05-02T00:00:00+00:00
[2026-09-13T03:19:01.144+0000] {processor.py:178} INFO - Processing /opt/airflow/dags/6_xcoms.py took 0.151 seconds
[2026-09-13T03:19:31.364+0000] {processor.py:156} INFO - Started process (PID=164327) to work on /opt/airflow/dags/6_xcoms.py
[2026-09-13T03:19:31.370+0000] {processor.py:799} INFO - Processing file /opt/airflow/dags/6_xcoms.py for tasks to queue
[2026-09-13T03:19:31.372+0000] {logging_mixin.py:149} INFO - [2026-09-13T03:19:31.372+0000] {dagbag.py:541} INFO - Filling up the DagBag from /opt/airflow/dags/6_xcoms.py
[2026-09-13T03:19:31.417+0000] {processor.py:809} INFO - DAG(s) dict_keys(['6-XCom']) retrieved from /opt/airflow/dags/6_xcoms.py
[2026-09-13T03:19:31.499+0000] {logging_mixin.py:149} INFO - [2026-09-13T03:19:31.498+0000] {dag.py:2726} INFO - Sync 1 DAGs
[2026-09-13T03:19:31.559+0000] {logging_mixin.py:149} INFO - [2026-09-13T03:19:31.558+0000] {dag.py:3490} INFO - Setting next_dagrun for 6-XCom to 2023-05-01T00:00:00+00:00, run_after=2023-05-02T00:00:00+00:00
[2026-09-13T03:19:31.611+0000] {processor.py:178} INFO - Processing /opt/airflow/dags/6_xcoms.py took 0.260 seconds
[2026-09-13T03:20:01.823+0000] {processor.py:156} INFO - Started process (PID=164341) to work on /opt/airflow/dags/6_xcoms.py
[2026-09-13T03:20:01.834+0000] {processor.py:799} INFO - Processing file /opt/airflow/dags/6_xcoms.py for tasks to queue
[2026-09-13T03:20:01.836+0000] {logging_mixin.py:149} INFO - [2026-09-13T03:20:01.835+0000] {dagbag.py:541} INFO - Filling up the DagBag from /opt/airflow/dags/6_xcoms.py
[2026-09-13T03:20:01.874+0000] {processor.py:809} INFO - DAG(s) dict_keys(['6-XCom']) retrieved from /opt/airflow/dags/6_xcoms.py
[2026-09-13T03:20:01.973+0000] {logging_mixin.py:149} INFO - [2026-09-13T03:20:01.972+0000] {dag.py:2726} INFO - Sync 1 DAGs
[2026-09-13T03:20:02.054+0000] {logging_mixin.py:149} INFO - [2026-09-13T03:20:02.053+0000] {dag.py:3490} INFO - Setting next_dagrun for 6-XCom to 2023-05-01T00:00:00+00:00, run_after=2023-05-02T00:00:00+00:00
[2026-09-13T03:20:02.118+0000] {processor.py:178} INFO - Processing /opt/airflow/dags/6_xcoms.py took 0.313 seconds
[2026-09-13T03:20:32.404+0000] {processor.py:156} INFO - Started process (PID=164355) to work on /opt/airflow/dags/6_xcoms.py
[2026-09-13T03:20:32.407+0000] {processor.py:799} INFO - Processing file /opt/airflow/dags/6_xcoms.py for tasks to queue
[2026-09-13T03:20:32.409+0000] {logging_mixin.py:149} INFO - [2026-09-13T03:20:32.409+0000] {dagbag.py:541} INFO - Filling up the DagBag from /opt/airflow/dags/6_xcoms.py
[2026-09-13T03:20:32.441+0000] {processor.py:809} INFO - DAG(s) dict_keys(['6-XCom']) retrieved from /opt/airflow/dags/6_xcoms.py
[2026-09-13T03:20:32.522+0000] {logging_mixin.py:149} INFO - [2026-09-13T03:20:32.522+0000] {dag.py:2726} INFO - Sync 1 DAGs
[2026-09-13T03:20:32.600+0000] {logging_mixin.py:149} INFO - [2026-09-13T03:20:32.599+0000] {dag.py:3490} INFO - Setting next_dagrun for 6-XCom to 2023-05-01T00:00:00+00:00, run_after=2023-05-02T00:00:00+00:00
[2026-09-13T03:20:32.672+0000] {processor.py:178} INFO - Processing /opt/airflow/dags/6_xcoms.py took 0.279 seconds
[2026-09-13T03:21:02.870+0000] {processor.py:156} INFO - Started process (PID=164369) to work on /opt/airflow/dags/6_xcoms.py
[2026-09-13T03:21:02.874+0000] {processor.py:799} INFO - Processing file /opt/airflow/dags/6_xcoms.py for tasks to queue
[2026-09-13T03:21:02.876+0000] {logging_mixin.py:149} INFO - [2026-09-13T03:21:02.876+0000] {dagbag.py:541} INFO - Filling up the DagBag from /opt/airflow/dags/6_xcoms.py
[2026-09-13T03:21:02.909+0000] {processor.py:809} INFO - DAG(s) dict_keys(['6-XCom']) retrieved from /opt/airflow/dags/6_xcoms.py
[2026-09-13T03:21:02.997+0000] {logging_mixin.py:149} INFO - [2026-09-13T03:21:02.996+0000] {dag.py:2726} INFO - Sync 1 DAGs
[2026-09-13T03:21:03.088+0000] {logging_mixin.py:149} INFO - [2026-09-13T03:21:03.087+0000] {dag.py:3490} INFO - Setting next_dagrun for 6-XCom to 2023-05-01T00:00:00+00:00, run_after=2023-05-02T00:00:00+00:00
[2026-09-13T03:21:03.149+0000] {processor.py:178} INFO - Processing /opt/airflow/dags/6_xcoms.py took 0.290 seconds
[2026-09-13T03:21:33.284+0000] {processor.py:156} INFO - Started process (PID=164383) to work on /opt/airflow/dags/6_xcoms.py
[2026-09-13T03:21:33.287+0000] {processor.py:799} INFO - Processing file /opt/airflow/dags/6_xcoms.py for tasks to queue
[2026-09-13T03:21:33.297+0000] {logging_mixin.py:149} INFO - [2026-09-13T03:21:33.292+0000] {dagbag.py:541} INFO - Filling up the DagBag from /opt/airflow/dags/6_xcoms.py
[2026-09-13T03:21:33.329+0000] {processor.py:809} INFO - DAG(s) dict_keys(['6-XCom']) retrieved from /opt/airflow/dags/6_xcoms.py
[2026-09-13T03:21:33.413+0000] {logging_mixin.py:149} INFO - [2026-09-13T03:21:33.412+0000] {dag.py:2726} INFO - Sync 1 DAGs
[2026-09-13T03:21:33.489+0000] {logging_mixin.py:149} INFO - [2026-09-13T03:21:33.488+0000] {dag.py:3490} INFO - Setting next_dagrun for 6-XCom to 2023-05-01T00:00:00+00:00, run_after=2023-05-02T00:00:00+00:00
[2026-09-13T03:21:33.550+0000] {processor.py:178} INFO - Processing /opt/airflow/dags/6_xcoms.py took 0.276 seconds
[2026-09-13T03:22:03.718+0000] {processor.py:156} INFO - Started process (PID=164398) to work on /opt/airflow/dags/6_xcoms.py
[2026-09-13T03:22:03.723+0000] {processor.py:799} INFO - Processing file /opt/airflow/dags/6_xcoms.py for tasks to queue
[2026-09-13T03:22:03.725+0000] {logging_mixin.py:149} INFO - [2026-09-13T03:22:03.725+0000] {dagbag.py:541} INFO - Filling up the DagBag from /opt/airflow/dags/6_xcoms.py
[2026-09-13T03:22:03.770+0000] {processor.py:809} INFO - DAG(s) dict_keys(['6-XCom']) retrieved from /opt/airflow/dags/6_xcoms.py
[2026-09-13T03:22:03.859+0000] {logging_mixin.py:149} INFO - [2026-09-13T03:22:03.859+0000] {dag.py:2726} INFO - Sync 1 DAGs
[2026-09-13T03:22:03.906+0000] {logging_mixin.py:149} INFO - [2026-09-13T03:22:03.906+0000] {dag.py:3490} INFO - Setting next_dagrun for 6-XCom to 2023-05-01T00:00:00+00:00, run_after=2023-05-02T00:00:00+00:00
[2026-09-13T03:22:03.942+0000] {processor.py:178} INFO - Processing /opt/airflow/dags/6_xcoms.py took 0.235 seconds
[2026-09-13T03:22:34.137+0000] {processor.py:156} INFO - Started process (PID=164412) to work on /opt/airflow/dags/6_xcoms.py
[2026-09-13T03:22:34.140+0000] {processor.py:799} INFO - Processing file /opt/airflow/dags/6_xcoms.py for tasks to queue
[2026-09-13T03:22:34.142+0000] {logging_mixin.py:149} INFO - [2026-09-13T03:22:34.142+0000] {dagbag.py:541} INFO - Filling up the DagBag from /opt/airflow/dags/6_xcoms.py
[2026-09-13T03:22:34.170+0000] {processor.py:809} INFO - DAG(s) dict_keys(['6-XCom']) retrieved from /opt/airflow/dags/6_xcoms.py
[2026-09-13T03:22:34.225+0000] {logging_mixin.py:149} INFO - [2026-09-13T03:22:34.224+0000] {dag.py:2726} INFO - Sync 1 DAGs
[2026-09-13T03:22:34.259+0000] {logging_mixin.py:149} INFO - [2026-09-13T03:22:34.259+0000] {dag.py:3490} INFO - Setting next_dagrun for 6-XCom to 2023-05-01T00:00:00+00:00, run_after=2023-05-02T00:00:00+00:00
[2026-09-13T03:22:34.290+0000] {processor.py:178} INFO - Processing /opt/airflow/dags/6_xcoms.py took 0.159 seconds
[2026-09-13T03:23:04.549+0000] {processor.py:156} INFO - Started process (PID=164426) to work on /opt/airflow/dags/6_xcoms.py
[2026-09-13T03:23:04.552+0000] {processor.py:799} INFO - Processing file /opt/airflow/dags/6_xcoms.py for tasks to queue
[2026-09-13T03:23:04.554+0000] {logging_mixin.py:149} INFO - [2026-09-13T03:23:04.553+0000] {dagbag.py:541} INFO - Filling up the DagBag from /opt/airflow/dags/6_xcoms.py
[2026-09-13T03:23:04.588+0000] {processor.py:809} INFO - DAG(s) dict_keys(['6-XCom']) retrieved from /opt/airflow/dags/6_xcoms.py
[2026-09-13T03:23:04.658+0000] {logging_mixin.py:149} INFO - [2026-09-13T03:23:04.658+0000] {dag.py:2726} INFO - Sync 1 DAGs
[2026-09-13T03:23:04.722+0000] {logging_mixin.py:149} INFO - [2026-09-13T03:23:04.722+0000] {dag.py:3490} INFO - Setting next_dagrun for 6-XCom to 2023-05-01T00:00:00+00:00, run_after=2023-05-02T00:00:00+00:00
[2026-09-13T03:23:04.788+0000] {processor.py:178} INFO - Processing /opt/airflow/dags/6_xcoms.py took 0.248 seconds
[2026-09-13T03:23:35.022+0000] {processor.py:156} INFO - Started process (PID=164440) to work on /opt/airflow/dags/6_xcoms.py
[2026-09-13T03:23:35.025+0000] {processor.py:799} INFO - Processing file /opt/airflow/dags/6_xcoms.py for tasks to queue
[2026-09-13T03:23:35.028+0000] {logging_mixin.py:149} INFO - [2026-09-13T03:23:35.028+0000] {dagbag.py:541} INFO - Filling up the DagBag from /opt/airflow/dags/6_xcoms.py
[2026-09-13T03:23:35.073+0000] {processor.py:809} INFO - DAG(s) dict_keys(['6-XCom']) retrieved from /opt/airflow/dags/6_xcoms.py
[2026-09-13T03:23:35.169+0000] {logging_mixin.py:149} INFO - [2026-09-13T03:23:35.168+0000] {dag.py:2726} INFO - Sync 1 DAGs
[2026-09-13T03:23:35.245+0000] {logging_mixin.py:149} INFO - [2026-09-13T03:23:35.245+0000] {dag.py:3490} INFO - Setting next_dagrun for 6-XCom to 2023-05-01T00:00:00+00:00, run_after=2023-05-02T00:00:00+00:00
[2026-09-13T03:23:35.302+0000] {processor.py:178} INFO - Processing /opt/airflow/dags/6_xcoms.py took 0.296 seconds
[2026-09-13T03:24:05.401+0000] {processor.py:156} INFO - Started process (PID=164454) to work on /opt/airflow/dags/6_xcoms.py
[2026-09-13T03:24:05.403+0000] {processor.py:799} INFO - Processing file /opt/airflow/dags/6_xcoms.py for tasks to queue
[2026-09-13T03:24:05.405+0000] {logging_mixin.py:149} INFO - [2026-09-13T03:24:05.404+0000] {dagbag.py:541} INFO - Filling up the DagBag from /opt/airflow/dags/6_xcoms.py
[2026-09-13T03:24:05.432+0000] {processor.py:809} INFO - DAG(s) dict_keys(['6-XCom']) retrieved from /opt/airflow/dags/6_xcoms.py
[2026-09-13T03:24:05.508+0000] {logging_mixin.py:149} INFO - [2026-09-13T03:24:05.507+0000] {dag.py:2726} INFO - Sync 1 DAGs
[2026-09-13T03:24:05.579+0000] {logging_mixin.py:149} INFO - [2026-09-13T03:24:05.579+0000] {dag.py:3490} INFO - Setting next_dagrun for 6-XCom to 2023-05-01T00:00:00+00:00, run_after=2023-05-02T00:00:00+00:00
[2026-09-13T03:24:05.650+0000] {processor.py:178} INFO - Processing /opt/airflow/dags/6_xcoms.py took 0.256 seconds
[2026-09-13T03:24:35.766+0000] {processor.py:156} INFO - Started process (PID=164468) to work on /opt/airflow/dags/6_xcoms.py
[2026-09-13T03:24:35.769+0000] {processor.py:799} INFO - Processing file /opt/airflow/dags/6_xcoms.py for tasks to queue
[2026-09-13T03:24:35.770+0000] {logging_mixin.py:149} INFO - [2026-09-13T03:24:35.770+0000] {dagbag.py:541} INFO - Filling up the DagBag from /opt/airflow/dags/6_xcoms.py
[2026-09-13T03:24:35.797+0000] {processor.py:809} INFO - DAG(s) dict_keys(['6-XCom']) retrieved from /opt/airflow/dags/6_xcoms.py
[2026-09-13T03:24:35.870+0000] {logging_mixin.py:149} INFO - [2026-09-13T03:24:35.870+0000] {dag.py:2726} INFO - Sync 1 DAGs
[2026-09-13T03:24:35.917+0000] {logging_mixin.py:149} INFO - [2026-09-13T03:24:35.917+0000] {dag.py:3490} INFO - Setting next_dagrun for 6-XCom to 2023-05-01T00:00:00+00:00, run_after=2023-05-02T00:00:00+00:00
[2026-09-13T03:24:35.946+0000] {processor.py:178} INFO - Processing /opt/airflow/dags/6_xcoms.py took 0.188 seconds
[2026-09-13T03:25:06.136+0000] {processor.py:156} INFO - Started process (PID=164482) to work on /opt/airflow/dags/6_xcoms.py
[2026-09-13T03:25:06.139+0000] {processor.py:799} INFO - Processing file /opt/airflow/dags/6_xcoms.py for tasks to queue
[2026-09-13T03:25:06.141+0000] {logging_mixin.py:149} INFO - [2026-09-13T03:25:06.141+0000] {dagbag.py:541} INFO - Filling up the DagBag from /opt/airflow/dags/6_xcoms.py
[2026-09-13T03:25:06.177+0000] {processor.py:809} INFO - DAG(s) dict_keys(['6-XCom']) retrieved from /opt/airflow/dags/6_xcoms.py
[2026-09-13T03:25:06.260+0000] {logging_mixin.py:149} INFO - [2026-09-13T03:25:06.260+0000] {dag.py:2726} INFO - Sync 1 DAGs
[2026-09-13T03:25:06.340+0000] {logging_mixin.py:149} INFO - [2026-09-13T03:25:06.340+0000] {dag.py:3490} INFO - Setting next_dagrun for 6-XCom to 2023-05-01T00:00:00+00:00, run_after=2023-05-02T00:00:00+00:00
[2026-09-13T03:25:06.386+0000] {processor.py:178} INFO - Processing /opt/airflow/dags/6_xcoms.py took 0.260 seconds
[2026-09-13T03:25:36.646+0000] {processor.py:156} INFO - Started process (PID=164496) to work on /opt/airflow/dags/6_xcoms.py
[2026-09-13T03:25:36.653+0000] {processor.py:799} INFO - Processing file /opt/airflow/dags/6_xcoms.py for tasks to queue
[2026-09-13T03:25:36.655+0000] {logging_mixin.py:149} INFO - [2026-09-13T03:25:36.655+0000] {dagbag.py:541} INFO - Filling up the DagBag from /opt/airflow/dags/6_xcoms.py
[2026-09-13T03:25:36.698+0000] {processor.py:809} INFO - DAG(s) dict_keys(['6-XCom']) retrieved from /opt/airflow/dags/6_xcoms.py
[2026-09-13T03:25:36.794+0000] {logging_mixin.py:149} INFO - [2026-09-13T03:25:36.794+0000] {dag.py:2726} INFO - Sync 1 DAGs
[2026-09-13T03:25:36.884+0000] {logging_mixin.py:149} INFO - [2026-09-13T03:25:36.883+0000] {dag.py:3490} INFO - Setting next_dagrun for 6-XCom to 2023-05-01T00:00:00+00:00, run_after=2023-05-02T00:00:00+00:00
[2026-09-13T03:25:36.955+0000] {processor.py:178} INFO - Processing /opt/airflow/dags/6_xcoms.py took 0.321 seconds
[2026-09-13T03:26:07.076+0000] {processor.py:156} INFO - Started process (PID=164510) to work on /opt/airflow/dags/6_xcoms.py
[2026-09-13T03:26:07.079+0000] {processor.py:799} INFO - Processing file /opt/airflow/dags/6_xcoms.py for tasks to queue
[2026-09-13T03:26:07.081+0000] {logging_mixin.py:149} INFO - [2026-09-13T03:26:07.080+0000] {dagbag.py:541} INFO - Filling up the DagBag from /opt/airflow/dags/6_xcoms.py
[2026-09-13T03:26:07.108+0000] {processor.py:809} INFO - DAG(s) dict_keys(['6-XCom']) retrieved from /opt/airflow/dags/6_xcoms.py
[2026-09-13T03:26:07.187+0000] {logging_mixin.py:149} INFO - [2026-09-13T03:26:07.187+0000] {dag.py:2726} INFO - Sync 1 DAGs
[2026-09-13T03:26:07.280+0000] {logging_mixin.py:149} INFO - [2026-09-13T03:26:07.279+0000] {dag.py:3490} INFO - Setting next_dagrun for 6-XCom to 2023-05-01T00:00:00+00:00, run_after=2023-05-02T00:00:00+00:00
[2026-09-13T03:26:07.342+0000] {processor.py:178} INFO - Processing /opt/airflow/dags/6_xcoms.py took 0.275 seconds
[2026-09-13T03:26:37.526+0000] {processor.py:156} INFO - Started process (PID=164524) to work on /opt/airflow/dags/6_xcoms.py
[2026-09-13T03:26:37.531+0000] {processor.py:799} INFO - Processing file /opt/airflow/dags/6_xcoms.py for tasks to queue
[2026-09-13T03:26:37.533+0000] {logging_mixin.py:149} INFO - [2026-09-13T03:26:37.532+0000] {dagbag.py:541} INFO - Filling up the DagBag from /opt/airflow/dags/6_xcoms.py
[2026-09-13T03:26:37.574+0000] {processor.py:809} INFO - DAG(s) dict_keys(['6-XCom']) retrieved from /opt/airflow/dags/6_xcoms.py
[2026-09-13T03:26:37.665+0000] {logging_mixin.py:149} INFO - [2026-09-13T03:26:37.665+0000] {dag.py:2726} INFO - Sync 1 DAGs
[2026-09-13T03:26:37.731+0000] {logging_mixin.py:149} INFO - [2026-09-13T03:26:37.730+0000] {dag.py:3490} INFO - Setting next_dagrun for 6-XCom to 2023-05-01T00:00:00+00:00, run_after=2023-05-02T00:00:00+00:00
[2026-09-13T03:26:37.811+0000] {processor.py:178} INFO - Processing /opt/airflow/dags/6_xcoms.py took 0.296 seconds
[2026-09-13T03:27:08.018+0000] {processor.py:156} INFO - Started process (PID=164539) to work on /opt/airflow/dags/6_xcoms.py
[2026-09-13T03:27:08.025+0000] {processor.py:799} INFO - Processing file /opt/airflow/dags/6_xcoms.py for tasks to queue
[2026-09-13T03:27:08.026+0000] {logging_mixin.py:149} INFO - [2026-09-13T03:27:08.026+0000] {dagbag.py:541} INFO - Filling up the DagBag from /opt/airflow/dags/6_xcoms.py
[2026-09-13T03:27:08.082+0000] {processor.py:809} INFO - DAG(s) dict_keys(['6-XCom']) retrieved from /opt/airflow/dags/6_xcoms.py
[2026-09-13T03:27:08.202+0000] {logging_mixin.py:149} INFO - [2026-09-13T03:27:08.202+0000] {dag.py:2726} INFO - Sync 1 DAGs
[2026-09-13T03:27:08.260+0000] {logging_mixin.py:149} INFO - [2026-09-13T03:27:08.260+0000] {dag.py:3490} INFO - Setting next_dagrun for 6-XCom to 2023-05-01T00:00:00+00:00, run_after=2023-05-02T00:00:00+00:00
[2026-09-13T03:27:08.327+0000] {processor.py:178} INFO - Processing /opt/airflow/dags/6_xcoms.py took 0.314 seconds
[2026-09-13T03:27:38.450+0000] {processor.py:156} INFO - Started process (PID=164553) to work on /opt/airflow/dags/6_xcoms.py
[2026-09-13T03:27:38.455+0000] {processor.py:799} INFO - Processing file /opt/airflow/dags/6_xcoms.py for tasks to queue
[2026-09-13T03:27:38.457+0000] {logging_mixin.py:149} INFO - [2026-09-13T03:27:38.457+0000] {dagbag.py:541} INFO - Filling up the DagBag from /opt/airflow/dags/6_xcoms.py
[2026-09-13T03:27:38.494+0000] {processor.py:809} INFO - DAG(s) dict_keys(['6-XCom']) retrieved from /opt/airflow/dags/6_xcoms.py
[2026-09-13T03:27:38.589+0000] {logging_mixin.py:149} INFO - [2026-09-13T03:27:38.589+0000] {dag.py:2726} INFO - Sync 1 DAGs
[2026-09-13T03:27:38.654+0000] {logging_mixin.py:149} INFO - [2026-09-13T03:27:38.653+0000] {dag.py:3490} INFO - Setting next_dagrun for 6-XCom to 2023-05-01T00:00:00+00:00, run_after=2023-05-02T00:00:00+00:00
[2026-09-13T03:27:38.713+0000] {processor.py:178} INFO - Processing /opt/airflow/dags/6_xcoms.py took 0.274 seconds
[2026-09-13T03:28:08.798+0000] {processor.py:156} INFO - Started process (PID=164567) to work on /opt/airflow/dags/6_xcoms.py
[2026-09-13T03:28:08.801+0000] {processor.py:799} INFO - Processing file /opt/airflow/dags/6_xcoms.py for tasks to queue
[2026-09-13T03:28:08.803+0000] {logging_mixin.py:149} INFO - [2026-09-13T03:28:08.802+0000] {dagbag.py:541} INFO - Filling up the DagBag from /opt/airflow/dags/6_xcoms.py
[2026-09-13T03:28:08.834+0000] {processor.py:809} INFO - DAG(s) dict_keys(['6-XCom']) retrieved from /opt/airflow/dags/6_xcoms.py
[2026-09-13T03:28:08.886+0000] {logging_mixin.py:149} INFO - [2026-09-13T03:28:08.886+0000] {dag.py:2726} INFO - Sync 1 DAGs
[2026-09-13T03:28:08.960+0000] {logging_mixin.py:149} INFO - [2026-09-13T03:28:08.959+0000] {dag.py:3490} INFO - Setting next_dagrun for 6-XCom to 2023-05-01T00:00:00+00:00, run_after=2023-05-02T00:00:00+00:00
[2026-09-13T03:28:09.037+0000] {processor.py:178} INFO - Processing /opt/airflow/dags/6_xcoms.py took 0.250 seconds
[2026-09-13T03:28:39.129+0000] {processor.py:156} INFO - Started process (PID=164581) to work on /opt/airflow/dags/6_xcoms.py
[2026-09-13T03:28:39.132+0000] {processor.py:799} INFO - Processing file /opt/airflow/dags/6_xcoms.py for tasks to queue
[2026-09-13T03:28:39.133+0000] {logging_mixin.py:149} INFO - [2026-09-13T03:28:39.133+0000] {dagbag.py:541} INFO - Filling up the DagBag from /opt/airflow/dags/6_xcoms.py
[2026-09-13T03:28:39.163+0000] {processor.py:809} INFO - DAG(s) dict_keys(['6-XCom']) retrieved from /opt/airflow/dags/6_xcoms.py
[2026-09-13T03:28:39.268+0000] {logging_mixin.py:149} INFO - [2026-09-13T03:28:39.267+0000] {dag.py:2726} INFO - Sync 1 DAGs
[2026-09-13T03:28:39.372+0000] {logging_mixin.py:149} INFO - [2026-09-13T03:28:39.372+0000] {dag.py:3490} INFO - Setting next_dagrun for 6-XCom to 2023-05-01T00:00:00+00:00, run_after=2023-05-02T00:00:00+00:00
[2026-09-13T03:28:39.417+0000] {processor.py:178} INFO - Processing /opt/airflow/dags/6_xcoms.py took 0.297 seconds
[2026-09-13T03:29:09.578+0000] {processor.py:156} INFO - Started process (PID=164594) to work on /opt/airflow/dags/6_xcoms.py
[2026-09-13T03:29:09.584+0000] {processor.py:799} INFO - Processing file /opt/airflow/dags/6_xcoms.py for tasks to queue
[2026-09-13T03:29:09.586+0000] {logging_mixin.py:149} INFO - [2026-09-13T03:29:09.586+0000] {dagbag.py:541} INFO - Filling up the DagBag from /opt/airflow/dags/6_xcoms.py
[2026-09-13T03:29:09.610+0000] {processor.py:809} INFO - DAG(s) dict_keys(['6-XCom']) retrieved from /opt/airflow/dags/6_xcoms.py
[2026-09-13T03:29:09.676+0000] {logging_mixin.py:149} INFO - [2026-09-13T03:29:09.676+0000] {dag.py:2726} INFO - Sync 1 DAGs
[2026-09-13T03:29:09.763+0000] {logging_mixin.py:149} INFO - [2026-09-13T03:29:09.763+0000] {dag.py:3490} INFO - Setting next_dagrun for 6-XCom to 2023-05-01T00:00:00+00:00, run_after=2023-05-02T00:00:00+00:00
[2026-09-13T03:29:09.837+0000] {processor.py:178} INFO - Processing /opt/airflow/dags/6_xcoms.py took 0.268 seconds
[2026-09-13T03:29:40.051+0000] {processor.py:156} INFO - Started process (PID=164607) to work on /opt/airflow/dags/6_xcoms.py
[2026-09-13T03:29:40.055+0000] {processor.py:799} INFO - Processing file /opt/airflow/dags/6_xcoms.py for tasks to queue
[2026-09-13T03:29:40.057+0000] {logging_mixin.py:149} INFO - [2026-09-13T03:29:40.057+0000] {dagbag.py:541} INFO - Filling up the DagBag from /opt/airflow/dags/6_xcoms.py
[2026-09-13T03:29:40.111+0000] {processor.py:809} INFO - DAG(s) dict_keys(['6-XCom']) retrieved from /opt/airflow/dags/6_xcoms.py
[2026-09-13T03:29:40.201+0000] {logging_mixin.py:149} INFO - [2026-09-13T03:29:40.201+0000] {dag.py:2726} INFO - Sync 1 DAGs
[2026-09-13T03:29:40.241+0000] {logging_mixin.py:149} INFO - [2026-09-13T03:29:40.240+0000] {dag.py:3490} INFO - Setting next_dagrun for 6-XCom to 2023-05-01T00:00:00+00:00, run_after=2023-05-02T00:00:00+00:00
[2026-09-13T03:29:40.269+0000] {processor.py:178} INFO - Processing /opt/airflow/dags/6_xcoms.py took 0.235 seconds
[2026-09-13T03:30:10.512+0000] {processor.py:156} INFO - Started process (PID=164621) to work on /opt/airflow/dags/6_xcoms.py
[2026-09-13T03:30:10.516+0000] {processor.py:799} INFO - Processing file /opt/airflow/dags/6_xcoms.py for tasks to queue
[2026-09-13T03:30:10.518+0000] {logging_mixin.py:149} INFO - [2026-09-13T03:30:10.517+0000] {dagbag.py:541} INFO - Filling up the DagBag from /opt/airflow/dags/6_xcoms.py
[2026-09-13T03:30:10.554+0000] {processor.py:809} INFO - DAG(s) dict_keys(['6-XCom']) retrieved from /opt/airflow/dags/6_xcoms.py
[2026-09-13T03:30:10.617+0000] {logging_mixin.py:149} INFO - [2026-09-13T03:30:10.616+0000] {dag.py:2726} INFO - Sync 1 DAGs
[2026-09-13T03:30:10.662+0000] {logging_mixin.py:149} INFO - [2026-09-13T03:30:10.662+0000] {dag.py:3490} INFO - Setting next_dagrun for 6-XCom to 2023-05-01T00:00:00+00:00, run_after=2023-05-02T00:00:00+00:00
[2026-09-13T03:30:10.690+0000] {processor.py:178} INFO - Processing /opt/airflow/dags/6_xcoms.py took 0.189 seconds
[2026-09-13T03:30:41.024+0000] {processor.py:156} INFO - Started process (PID=164635) to work on /opt/airflow/dags/6_xcoms.py
[2026-09-13T03:30:41.027+0000] {processor.py:799} INFO - Processing file /opt/airflow/dags/6_xcoms.py for tasks to queue
[2026-09-13T03:30:41.032+0000] {logging_mixin.py:149} INFO - [2026-09-13T03:30:41.031+0000] {dagbag.py:541} INFO - Filling up the DagBag from /opt/airflow/dags/6_xcoms.py
[2026-09-13T03:30:41.081+0000] {processor.py:809} INFO - DAG(s) dict_keys(['6-XCom']) retrieved from /opt/airflow/dags/6_xcoms.py
[2026-09-13T03:30:41.170+0000] {logging_mixin.py:149} INFO - [2026-09-13T03:30:41.169+0000] {dag.py:2726} INFO - Sync 1 DAGs
[2026-09-13T03:30:41.224+0000] {logging_mixin.py:149} INFO - [2026-09-13T03:30:41.223+0000] {dag.py:3490} INFO - Setting next_dagrun for 6-XCom to 2023-05-01T00:00:00+00:00, run_after=2023-05-02T00:00:00+00:00
[2026-09-13T03:30:41.255+0000] {processor.py:178} INFO - Processing /opt/airflow/dags/6_xcoms.py took 0.242 seconds
[2026-09-13T03:31:11.570+0000] {processor.py:156} INFO - Started process (PID=164649) to work on /opt/airflow/dags/6_xcoms.py
[2026-09-13T03:31:11.574+0000] {processor.py:799} INFO - Processing file /opt/airflow/dags/6_xcoms.py for tasks to queue
[2026-09-13T03:31:11.576+0000] {logging_mixin.py:149} INFO - [2026-09-13T03:31:11.576+0000] {dagbag.py:541} INFO - Filling up the DagBag from /opt/airflow/dags/6_xcoms.py
[2026-09-13T03:31:11.619+0000] {processor.py:809} INFO - DAG(s) dict_keys(['6-XCom']) retrieved from /opt/airflow/dags/6_xcoms.py
[2026-09-13T03:31:11.713+0000] {logging_mixin.py:149} INFO - [2026-09-13T03:31:11.712+0000] {dag.py:2726} INFO - Sync 1 DAGs
[2026-09-13T03:31:11.797+0000] {logging_mixin.py:149} INFO - [2026-09-13T03:31:11.797+0000] {dag.py:3490} INFO - Setting next_dagrun for 6-XCom to 2023-05-01T00:00:00+00:00, run_after=2023-05-02T00:00:00+00:00
[2026-09-13T03:31:11.862+0000] {processor.py:178} INFO - Processing /opt/airflow/dags/6_xcoms.py took 0.305 seconds
[2026-09-13T03:31:42.066+0000] {processor.py:156} INFO - Started process (PID=164663) to work on /opt/airflow/dags/6_xcoms.py
[2026-09-13T03:31:42.069+0000] {processor.py:799} INFO - Processing file /opt/airflow/dags/6_xcoms.py for tasks to queue
[2026-09-13T03:31:42.071+0000] {logging_mixin.py:149} INFO - [2026-09-13T03:31:42.071+0000] {dagbag.py:541} INFO - Filling up the DagBag from /opt/airflow/dags/6_xcoms.py
[2026-09-13T03:31:42.108+0000] {processor.py:809} INFO - DAG(s) dict_keys(['6-XCom']) retrieved from /opt/airflow/dags/6_xcoms.py
[2026-09-13T03:31:42.162+0000] {logging_mixin.py:149} INFO - [2026-09-13T03:31:42.162+0000] {dag.py:2726} INFO - Sync 1 DAGs
[2026-09-13T03:31:42.202+0000] {logging_mixin.py:149} INFO - [2026-09-13T03:31:42.202+0000] {dag.py:3490} INFO - Setting next_dagrun for 6-XCom to 2023-05-01T00:00:00+00:00, run_after=2023-05-02T00:00:00+00:00
[2026-09-13T03:31:42.227+0000] {processor.py:178} INFO - Processing /opt/airflow/dags/6_xcoms.py took 0.172 seconds
[2026-09-13T03:32:12.419+0000] {processor.py:156} INFO - Started process (PID=164677) to work on /opt/airflow/dags/6_xcoms.py
[2026-09-13T03:32:12.422+0000] {processor.py:799} INFO - Processing file /opt/airflow/dags/6_xcoms.py for tasks to queue
[2026-09-13T03:32:12.424+0000] {logging_mixin.py:149} INFO - [2026-09-13T03:32:12.424+0000] {dagbag.py:541} INFO - Filling up the DagBag from /opt/airflow/dags/6_xcoms.py
[2026-09-13T03:32:12.460+0000] {processor.py:809} INFO - DAG(s) dict_keys(['6-XCom']) retrieved from /opt/airflow/dags/6_xcoms.py
[2026-09-13T03:32:12.552+0000] {logging_mixin.py:149} INFO - [2026-09-13T03:32:12.551+0000] {dag.py:2726} INFO - Sync 1 DAGs
[2026-09-13T03:32:12.624+0000] {logging_mixin.py:149} INFO - [2026-09-13T03:32:12.623+0000] {dag.py:3490} INFO - Setting next_dagrun for 6-XCom to 2023-05-01T00:00:00+00:00, run_after=2023-05-02T00:00:00+00:00
[2026-09-13T03:32:12.683+0000] {processor.py:178} INFO - Processing /opt/airflow/dags/6_xcoms.py took 0.276 seconds
[2026-09-13T03:32:42.905+0000] {processor.py:156} INFO - Started process (PID=164690) to work on /opt/airflow/dags/6_xcoms.py
[2026-09-13T03:32:42.910+0000] {processor.py:799} INFO - Processing file /opt/airflow/dags/6_xcoms.py for tasks to queue
[2026-09-13T03:32:42.912+0000] {logging_mixin.py:149} INFO - [2026-09-13T03:32:42.912+0000] {dagbag.py:541} INFO - Filling up the DagBag from /opt/airflow/dags/6_xcoms.py
[2026-09-13T03:32:42.956+0000] {processor.py:809} INFO - DAG(s) dict_keys(['6-XCom']) retrieved from /opt/airflow/dags/6_xcoms.py
[2026-09-13T03:32:43.057+0000] {logging_mixin.py:149} INFO - [2026-09-13T03:32:43.056+0000] {dag.py:2726} INFO - Sync 1 DAGs
[2026-09-13T03:32:43.122+0000] {logging_mixin.py:149} INFO - [2026-09-13T03:32:43.121+0000] {dag.py:3490} INFO - Setting next_dagrun for 6-XCom to 2023-05-01T00:00:00+00:00, run_after=2023-05-02T00:00:00+00:00
[2026-09-13T03:32:43.185+0000] {processor.py:178} INFO - Processing /opt/airflow/dags/6_xcoms.py took 0.292 seconds
[2026-09-13T03:33:13.475+0000] {processor.py:156} INFO - Started process (PID=164705) to work on /opt/airflow/dags/6_xcoms.py
[2026-09-13T03:33:13.479+0000] {processor.py:799} INFO - Processing file /opt/airflow/dags/6_xcoms.py for tasks to queue
[2026-09-13T03:33:13.481+0000] {logging_mixin.py:149} INFO - [2026-09-13T03:33:13.480+0000] {dagbag.py:541} INFO - Filling up the DagBag from /opt/airflow/dags/6_xcoms.py
[2026-09-13T03:33:13.514+0000] {processor.py:809} INFO - DAG(s) dict_keys(['6-XCom']) retrieved from /opt/airflow/dags/6_xcoms.py
[2026-09-13T03:33:13.612+0000] {logging_mixin.py:149} INFO - [2026-09-13T03:33:13.612+0000] {dag.py:2726} INFO - Sync 1 DAGs
[2026-09-13T03:33:13.692+0000] {logging_mixin.py:149} INFO - [2026-09-13T03:33:13.692+0000] {dag.py:3490} INFO - Setting next_dagrun for 6-XCom to 2023-05-01T00:00:00+00:00, run_after=2023-05-02T00:00:00+00:00
[2026-09-13T03:33:13.751+0000] {processor.py:178} INFO - Processing /opt/airflow/dags/6_xcoms.py took 0.293 seconds
[2026-09-13T03:33:43.887+0000] {processor.py:156} INFO - Started process (PID=164720) to work on /opt/airflow/dags/6_xcoms.py
[2026-09-13T03:33:43.891+0000] {processor.py:799} INFO - Processing file /opt/airflow/dags/6_xcoms.py for tasks to queue
[2026-09-13T03:33:43.893+0000] {logging_mixin.py:149} INFO - [2026-09-13T03:33:43.893+0000] {dagbag.py:541} INFO - Filling up the DagBag from /opt/airflow/dags/6_xcoms.py
[2026-09-13T03:33:43.933+0000] {processor.py:809} INFO - DAG(s) dict_keys(['6-XCom']) retrieved from /opt/airflow/dags/6_xcoms.py
[2026-09-13T03:33:43.992+0000] {logging_mixin.py:149} INFO - [2026-09-13T03:33:43.992+0000] {dag.py:2726} INFO - Sync 1 DAGs
[2026-09-13T03:33:44.033+0000] {logging_mixin.py:149} INFO - [2026-09-13T03:33:44.033+0000] {dag.py:3490} INFO - Setting next_dagrun for 6-XCom to 2023-05-01T00:00:00+00:00, run_after=2023-05-02T00:00:00+00:00
[2026-09-13T03:33:44.058+0000] {processor.py:178} INFO - Processing /opt/airflow/dags/6_xcoms.py took 0.181 seconds
[2026-09-13T03:34:14.478+0000] {processor.py:156} INFO - Started process (PID=164735) to work on /opt/airflow/dags/6_xcoms.py
[2026-09-13T03:34:14.481+0000] {processor.py:799} INFO - Processing file /opt/airflow/dags/6_xcoms.py for tasks to queue
[2026-09-13T03:34:14.483+0000] {logging_mixin.py:149} INFO - [2026-09-13T03:34:14.483+0000] {dagbag.py:541} INFO - Filling up the DagBag from /opt/airflow/dags/6_xcoms.py
[2026-09-13T03:34:14.522+0000] {processor.py:809} INFO - DAG(s) dict_keys(['6-XCom']) retrieved from /opt/airflow/dags/6_xcoms.py
[2026-09-13T03:34:14.611+0000] {logging_mixin.py:149} INFO - [2026-09-13T03:34:14.611+0000] {dag.py:2726} INFO - Sync 1 DAGs
[2026-09-13T03:34:14.686+0000] {logging_mixin.py:149} INFO - [2026-09-13T03:34:14.685+0000] {dag.py:3490} INFO - Setting next_dagrun for 6-XCom to 2023-05-01T00:00:00+00:00, run_after=2023-05-02T00:00:00+00:00
[2026-09-13T03:34:14.759+0000] {processor.py:178} INFO - Processing /opt/airflow/dags/6_xcoms.py took 0.299 seconds
[2026-09-13T03:34:44.904+0000] {processor.py:156} INFO - Started process (PID=164749) to work on /opt/airflow/dags/6_xcoms.py
[2026-09-13T03:34:44.908+0000] {processor.py:799} INFO - Processing file /opt/airflow/dags/6_xcoms.py for tasks to queue
[2026-09-13T03:34:44.911+0000] {logging_mixin.py:149} INFO - [2026-09-13T03:34:44.910+0000] {dagbag.py:541} INFO - Filling up the DagBag from /opt/airflow/dags/6_xcoms.py
[2026-09-13T03:34:44.954+0000] {processor.py:809} INFO - DAG(s) dict_keys(['6-XCom']) retrieved from /opt/airflow/dags/6_xcoms.py
[2026-09-13T03:34:45.048+0000] {logging_mixin.py:149} INFO - [2026-09-13T03:34:45.048+0000] {dag.py:2726} INFO - Sync 1 DAGs
[2026-09-13T03:34:45.132+0000] {logging_mixin.py:149} INFO - [2026-09-13T03:34:45.131+0000] {dag.py:3490} INFO - Setting next_dagrun for 6-XCom to 2023-05-01T00:00:00+00:00, run_after=2023-05-02T00:00:00+00:00
[2026-09-13T03:34:45.206+0000] {processor.py:178} INFO - Processing /opt/airflow/dags/6_xcoms.py took 0.316 seconds
[2026-09-13T03:35:15.412+0000] {processor.py:156} INFO - Started process (PID=164764) to work on /opt/airflow/dags/6_xcoms.py
[2026-09-13T03:35:15.414+0000] {processor.py:799} INFO - Processing file /opt/airflow/dags/6_xcoms.py for tasks to queue
[2026-09-13T03:35:15.415+0000] {logging_mixin.py:149} INFO - [2026-09-13T03:35:15.415+0000] {dagbag.py:541} INFO - Filling up the DagBag from /opt/airflow/dags/6_xcoms.py
[2026-09-13T03:35:15.435+0000] {processor.py:809} INFO - DAG(s) dict_keys(['6-XCom']) retrieved from /opt/airflow/dags/6_xcoms.py
[2026-09-13T03:35:15.477+0000] {logging_mixin.py:149} INFO - [2026-09-13T03:35:15.477+0000] {dag.py:2726} INFO - Sync 1 DAGs
[2026-09-13T03:35:15.517+0000] {logging_mixin.py:149} INFO - [2026-09-13T03:35:15.516+0000] {dag.py:3490} INFO - Setting next_dagrun for 6-XCom to 2023-05-01T00:00:00+00:00, run_after=2023-05-02T00:00:00+00:00
[2026-09-13T03:35:15.543+0000] {processor.py:178} INFO - Processing /opt/airflow/dags/6_xcoms.py took 0.136 seconds
[2026-09-13T03:35:45.769+0000] {processor.py:156} INFO - Started process (PID=164779) to work on /opt/airflow/dags/6_xcoms.py
[2026-09-13T03:35:45.773+0000] {processor.py:799} INFO - Processing file /opt/airflow/dags/6_xcoms.py for tasks to queue
[2026-09-13T03:35:45.775+0000] {logging_mixin.py:149} INFO - [2026-09-13T03:35:45.774+0000] {dagbag.py:541} INFO - Filling up the DagBag from /opt/airflow/dags/6_xcoms.py
[2026-09-13T03:35:45.808+0000] {processor.py:809} INFO - DAG(s) dict_keys(['6-XCom']) retrieved from /opt/airflow/dags/6_xcoms.py
[2026-09-13T03:35:45.958+0000] {logging_mixin.py:149} INFO - [2026-09-13T03:35:45.958+0000] {dag.py:2726} INFO - Sync 1 DAGs
[2026-09-13T03:35:46.035+0000] {logging_mixin.py:149} INFO - [2026-09-13T03:35:46.034+0000] {dag.py:3490} INFO - Setting next_dagrun for 6-XCom to 2023-05-01T00:00:00+00:00, run_after=2023-05-02T00:00:00+00:00
[2026-09-13T03:35:46.063+0000] {processor.py:178} INFO - Processing /opt/airflow/dags/6_xcoms.py took 0.303 seconds
[2026-09-13T03:36:16.162+0000] {processor.py:156} INFO - Started process (PID=164792) to work on /opt/airflow/dags/6_xcoms.py
[2026-09-13T03:36:16.164+0000] {processor.py:799} INFO - Processing file /opt/airflow/dags/6_xcoms.py for tasks to queue
[2026-09-13T03:36:16.171+0000] {logging_mixin.py:149} INFO - [2026-09-13T03:36:16.170+0000] {dagbag.py:541} INFO - Filling up the DagBag from /opt/airflow/dags/6_xcoms.py
[2026-09-13T03:36:16.211+0000] {processor.py:809} INFO - DAG(s) dict_keys(['6-XCom']) retrieved from /opt/airflow/dags/6_xcoms.py
[2026-09-13T03:36:16.302+0000] {logging_mixin.py:149} INFO - [2026-09-13T03:36:16.301+0000] {dag.py:2726} INFO - Sync 1 DAGs
[2026-09-13T03:36:16.366+0000] {logging_mixin.py:149} INFO - [2026-09-13T03:36:16.365+0000] {dag.py:3490} INFO - Setting next_dagrun for 6-XCom to 2023-05-01T00:00:00+00:00, run_after=2023-05-02T00:00:00+00:00
[2026-09-13T03:36:16.440+0000] {processor.py:178} INFO - Processing /opt/airflow/dags/6_xcoms.py took 0.289 seconds
[2026-09-13T03:36:46.717+0000] {processor.py:156} INFO - Started process (PID=164806) to work on /opt/airflow/dags/6_xcoms.py
[2026-09-13T03:36:46.721+0000] {processor.py:799} INFO - Processing file /opt/airflow/dags/6_xcoms.py for tasks to queue
[2026-09-13T03:36:46.723+0000] {logging_mixin.py:149} INFO - [2026-09-13T03:36:46.722+0000] {dagbag.py:541} INFO - Filling up the DagBag from /opt/airflow/dags/6_xcoms.py
[2026-09-13T03:36:46.763+0000] {processor.py:809} INFO - DAG(s) dict_keys(['6-XCom']) retrieved from /opt/airflow/dags/6_xcoms.py
[2026-09-13T03:36:46.845+0000] {logging_mixin.py:149} INFO - [2026-09-13T03:36:46.844+0000] {dag.py:2726} INFO - Sync 1 DAGs
[2026-09-13T03:36:46.895+0000] {logging_mixin.py:149} INFO - [2026-09-13T03:36:46.894+0000] {dag.py:3490} INFO - Setting next_dagrun for 6-XCom to 2023-05-01T00:00:00+00:00, run_after=2023-05-02T00:00:00+00:00
[2026-09-13T03:36:46.925+0000] {processor.py:178} INFO - Processing /opt/airflow/dags/6_xcoms.py took 0.220 seconds
[2026-09-13T03:37:17.214+0000] {processor.py:156} INFO - Started process (PID=164821) to work on /opt/airflow/dags/6_xcoms.py
[2026-09-13T03:37:17.219+0000] {processor.py:799} INFO - Processing file /opt/airflow/dags/6_xcoms.py for tasks to queue
[2026-09-13T03:37:17.221+0000] {logging_mixin.py:149} INFO - [2026-09-13T03:37:17.221+0000] {dagbag.py:541} INFO - Filling up the DagBag from /opt/airflow/dags/6_xcoms.py
[2026-09-13T03:37:17.261+0000] {processor.py:809} INFO - DAG(s) dict_keys(['6-XCom']) retrieved from /opt/airflow/dags/6_xcoms.py
[2026-09-13T03:37:17.356+0000] {logging_mixin.py:149} INFO - [2026-09-13T03:37:17.356+0000] {dag.py:2726} INFO - Sync 1 DAGs
[2026-09-13T03:37:17.435+0000] {logging_mixin.py:149} INFO - [2026-09-13T03:37:17.434+0000] {dag.py:3490} INFO - Setting next_dagrun for 6-XCom to 2023-05-01T00:00:00+00:00, run_after=2023-05-02T00:00:00+00:00
[2026-09-13T03:37:17.499+0000] {processor.py:178} INFO - Processing /opt/airflow/dags/6_xcoms.py took 0.298 seconds
[2026-09-13T04:42:05.621+0000] {processor.py:156} INFO - Started process (PID=52) to work on /opt/airflow/dags/6_xcoms.py
[2026-09-13T04:42:05.634+0000] {processor.py:799} INFO - Processing file /opt/airflow/dags/6_xcoms.py for tasks to queue
[2026-09-13T04:42:05.656+0000] {logging_mixin.py:149} INFO - [2026-09-13T04:42:05.655+0000] {dagbag.py:541} INFO - Filling up the DagBag from /opt/airflow/dags/6_xcoms.py
[2026-09-13T04:42:05.761+0000] {processor.py:809} INFO - DAG(s) dict_keys(['6-XCom']) retrieved from /opt/airflow/dags/6_xcoms.py
[2026-09-13T04:42:06.411+0000] {logging_mixin.py:149} INFO - [2026-09-13T04:42:06.411+0000] {dag.py:2726} INFO - Sync 1 DAGs
[2026-09-13T04:42:06.466+0000] {logging_mixin.py:149} INFO - [2026-09-13T04:42:06.465+0000] {dag.py:3490} INFO - Setting next_dagrun for 6-XCom to 2023-05-01T00:00:00+00:00, run_after=2023-05-02T00:00:00+00:00
[2026-09-13T04:42:06.513+0000] {processor.py:178} INFO - Processing /opt/airflow/dags/6_xcoms.py took 0.903 seconds
[2026-09-13T04:42:37.266+0000] {processor.py:156} INFO - Started process (PID=68) to work on /opt/airflow/dags/6_xcoms.py
[2026-09-13T04:42:37.272+0000] {processor.py:799} INFO - Processing file /opt/airflow/dags/6_xcoms.py for tasks to queue
[2026-09-13T04:42:37.274+0000] {logging_mixin.py:149} INFO - [2026-09-13T04:42:37.274+0000] {dagbag.py:541} INFO - Filling up the DagBag from /opt/airflow/dags/6_xcoms.py
[2026-09-13T04:42:37.314+0000] {processor.py:809} INFO - DAG(s) dict_keys(['6-XCom']) retrieved from /opt/airflow/dags/6_xcoms.py
[2026-09-13T04:42:37.385+0000] {logging_mixin.py:149} INFO - [2026-09-13T04:42:37.385+0000] {dag.py:2726} INFO - Sync 1 DAGs
[2026-09-13T04:42:37.443+0000] {logging_mixin.py:149} INFO - [2026-09-13T04:42:37.443+0000] {dag.py:3490} INFO - Setting next_dagrun for 6-XCom to 2023-05-01T00:00:00+00:00, run_after=2023-05-02T00:00:00+00:00
[2026-09-13T04:42:37.498+0000] {processor.py:178} INFO - Processing /opt/airflow/dags/6_xcoms.py took 0.243 seconds
[2026-09-13T04:43:07.750+0000] {processor.py:156} INFO - Started process (PID=82) to work on /opt/airflow/dags/6_xcoms.py
[2026-09-13T04:43:07.753+0000] {processor.py:799} INFO - Processing file /opt/airflow/dags/6_xcoms.py for tasks to queue
[2026-09-13T04:43:07.756+0000] {logging_mixin.py:149} INFO - [2026-09-13T04:43:07.756+0000] {dagbag.py:541} INFO - Filling up the DagBag from /opt/airflow/dags/6_xcoms.py
[2026-09-13T04:43:07.794+0000] {processor.py:809} INFO - DAG(s) dict_keys(['6-XCom']) retrieved from /opt/airflow/dags/6_xcoms.py
[2026-09-13T04:43:07.868+0000] {logging_mixin.py:149} INFO - [2026-09-13T04:43:07.867+0000] {dag.py:2726} INFO - Sync 1 DAGs
[2026-09-13T04:43:07.921+0000] {logging_mixin.py:149} INFO - [2026-09-13T04:43:07.920+0000] {dag.py:3490} INFO - Setting next_dagrun for 6-XCom to 2023-05-01T00:00:00+00:00, run_after=2023-05-02T00:00:00+00:00
[2026-09-13T04:43:07.966+0000] {processor.py:178} INFO - Processing /opt/airflow/dags/6_xcoms.py took 0.227 seconds
[2026-09-13T04:43:38.202+0000] {processor.py:156} INFO - Started process (PID=97) to work on /opt/airflow/dags/6_xcoms.py
[2026-09-13T04:43:38.204+0000] {processor.py:799} INFO - Processing file /opt/airflow/dags/6_xcoms.py for tasks to queue
[2026-09-13T04:43:38.206+0000] {logging_mixin.py:149} INFO - [2026-09-13T04:43:38.205+0000] {dagbag.py:541} INFO - Filling up the DagBag from /opt/airflow/dags/6_xcoms.py
[2026-09-13T04:43:38.232+0000] {processor.py:809} INFO - DAG(s) dict_keys(['6-XCom']) retrieved from /opt/airflow/dags/6_xcoms.py
[2026-09-13T04:43:38.297+0000] {logging_mixin.py:149} INFO - [2026-09-13T04:43:38.297+0000] {dag.py:2726} INFO - Sync 1 DAGs
[2026-09-13T04:43:38.365+0000] {logging_mixin.py:149} INFO - [2026-09-13T04:43:38.364+0000] {dag.py:3490} INFO - Setting next_dagrun for 6-XCom to 2023-05-01T00:00:00+00:00, run_after=2023-05-02T00:00:00+00:00
[2026-09-13T04:43:38.418+0000] {processor.py:178} INFO - Processing /opt/airflow/dags/6_xcoms.py took 0.226 seconds
[2026-09-13T04:44:08.707+0000] {processor.py:156} INFO - Started process (PID=111) to work on /opt/airflow/dags/6_xcoms.py
[2026-09-13T04:44:08.710+0000] {processor.py:799} INFO - Processing file /opt/airflow/dags/6_xcoms.py for tasks to queue
[2026-09-13T04:44:08.711+0000] {logging_mixin.py:149} INFO - [2026-09-13T04:44:08.711+0000] {dagbag.py:541} INFO - Filling up the DagBag from /opt/airflow/dags/6_xcoms.py
[2026-09-13T04:44:08.741+0000] {processor.py:809} INFO - DAG(s) dict_keys(['6-XCom']) retrieved from /opt/airflow/dags/6_xcoms.py
[2026-09-13T04:44:08.804+0000] {logging_mixin.py:149} INFO - [2026-09-13T04:44:08.803+0000] {dag.py:2726} INFO - Sync 1 DAGs
[2026-09-13T04:44:08.874+0000] {logging_mixin.py:149} INFO - [2026-09-13T04:44:08.874+0000] {dag.py:3490} INFO - Setting next_dagrun for 6-XCom to 2023-05-01T00:00:00+00:00, run_after=2023-05-02T00:00:00+00:00
[2026-09-13T04:44:08.928+0000] {processor.py:178} INFO - Processing /opt/airflow/dags/6_xcoms.py took 0.230 seconds
[2026-09-13T04:44:39.195+0000] {processor.py:156} INFO - Started process (PID=125) to work on /opt/airflow/dags/6_xcoms.py
[2026-09-13T04:44:39.198+0000] {processor.py:799} INFO - Processing file /opt/airflow/dags/6_xcoms.py for tasks to queue
[2026-09-13T04:44:39.201+0000] {logging_mixin.py:149} INFO - [2026-09-13T04:44:39.200+0000] {dagbag.py:541} INFO - Filling up the DagBag from /opt/airflow/dags/6_xcoms.py
[2026-09-13T04:44:39.237+0000] {processor.py:809} INFO - DAG(s) dict_keys(['6-XCom']) retrieved from /opt/airflow/dags/6_xcoms.py
[2026-09-13T04:44:39.314+0000] {logging_mixin.py:149} INFO - [2026-09-13T04:44:39.313+0000] {dag.py:2726} INFO - Sync 1 DAGs
[2026-09-13T04:44:39.383+0000] {logging_mixin.py:149} INFO - [2026-09-13T04:44:39.382+0000] {dag.py:3490} INFO - Setting next_dagrun for 6-XCom to 2023-05-01T00:00:00+00:00, run_after=2023-05-02T00:00:00+00:00
[2026-09-13T04:44:39.442+0000] {processor.py:178} INFO - Processing /opt/airflow/dags/6_xcoms.py took 0.258 seconds
[2026-09-13T04:45:09.651+0000] {processor.py:156} INFO - Started process (PID=139) to work on /opt/airflow/dags/6_xcoms.py
[2026-09-13T04:45:09.653+0000] {processor.py:799} INFO - Processing file /opt/airflow/dags/6_xcoms.py for tasks to queue
[2026-09-13T04:45:09.655+0000] {logging_mixin.py:149} INFO - [2026-09-13T04:45:09.654+0000] {dagbag.py:541} INFO - Filling up the DagBag from /opt/airflow/dags/6_xcoms.py
[2026-09-13T04:45:09.683+0000] {processor.py:809} INFO - DAG(s) dict_keys(['6-XCom']) retrieved from /opt/airflow/dags/6_xcoms.py
[2026-09-13T04:45:09.766+0000] {logging_mixin.py:149} INFO - [2026-09-13T04:45:09.766+0000] {dag.py:2726} INFO - Sync 1 DAGs
[2026-09-13T04:45:09.845+0000] {logging_mixin.py:149} INFO - [2026-09-13T04:45:09.844+0000] {dag.py:3490} INFO - Setting next_dagrun for 6-XCom to 2023-05-01T00:00:00+00:00, run_after=2023-05-02T00:00:00+00:00
[2026-09-13T04:45:09.903+0000] {processor.py:178} INFO - Processing /opt/airflow/dags/6_xcoms.py took 0.261 seconds
[2026-09-13T04:45:40.045+0000] {processor.py:156} INFO - Started process (PID=153) to work on /opt/airflow/dags/6_xcoms.py
[2026-09-13T04:45:40.051+0000] {processor.py:799} INFO - Processing file /opt/airflow/dags/6_xcoms.py for tasks to queue
[2026-09-13T04:45:40.053+0000] {logging_mixin.py:149} INFO - [2026-09-13T04:45:40.053+0000] {dagbag.py:541} INFO - Filling up the DagBag from /opt/airflow/dags/6_xcoms.py
[2026-09-13T04:45:40.086+0000] {processor.py:809} INFO - DAG(s) dict_keys(['6-XCom']) retrieved from /opt/airflow/dags/6_xcoms.py
[2026-09-13T04:45:40.175+0000] {logging_mixin.py:149} INFO - [2026-09-13T04:45:40.175+0000] {dag.py:2726} INFO - Sync 1 DAGs
[2026-09-13T04:45:40.229+0000] {logging_mixin.py:149} INFO - [2026-09-13T04:45:40.228+0000] {dag.py:3490} INFO - Setting next_dagrun for 6-XCom to 2023-05-01T00:00:00+00:00, run_after=2023-05-02T00:00:00+00:00
[2026-09-13T04:45:40.257+0000] {processor.py:178} INFO - Processing /opt/airflow/dags/6_xcoms.py took 0.221 seconds
[2026-09-13T04:46:10.546+0000] {processor.py:156} INFO - Started process (PID=167) to work on /opt/airflow/dags/6_xcoms.py
[2026-09-13T04:46:10.550+0000] {processor.py:799} INFO - Processing file /opt/airflow/dags/6_xcoms.py for tasks to queue
[2026-09-13T04:46:10.554+0000] {logging_mixin.py:149} INFO - [2026-09-13T04:46:10.552+0000] {dagbag.py:541} INFO - Filling up the DagBag from /opt/airflow/dags/6_xcoms.py
[2026-09-13T04:46:10.587+0000] {processor.py:809} INFO - DAG(s) dict_keys(['6-XCom']) retrieved from /opt/airflow/dags/6_xcoms.py
[2026-09-13T04:46:10.677+0000] {logging_mixin.py:149} INFO - [2026-09-13T04:46:10.676+0000] {dag.py:2726} INFO - Sync 1 DAGs
[2026-09-13T04:46:10.752+0000] {logging_mixin.py:149} INFO - [2026-09-13T04:46:10.751+0000] {dag.py:3490} INFO - Setting next_dagrun for 6-XCom to 2023-05-01T00:00:00+00:00, run_after=2023-05-02T00:00:00+00:00
[2026-09-13T04:46:10.814+0000] {processor.py:178} INFO - Processing /opt/airflow/dags/6_xcoms.py took 0.279 seconds
[2026-09-13T04:46:40.929+0000] {processor.py:156} INFO - Started process (PID=181) to work on /opt/airflow/dags/6_xcoms.py
[2026-09-13T04:46:40.932+0000] {processor.py:799} INFO - Processing file /opt/airflow/dags/6_xcoms.py for tasks to queue
[2026-09-13T04:46:40.934+0000] {logging_mixin.py:149} INFO - [2026-09-13T04:46:40.934+0000] {dagbag.py:541} INFO - Filling up the DagBag from /opt/airflow/dags/6_xcoms.py
[2026-09-13T04:46:40.967+0000] {processor.py:809} INFO - DAG(s) dict_keys(['6-XCom']) retrieved from /opt/airflow/dags/6_xcoms.py
[2026-09-13T04:46:41.060+0000] {logging_mixin.py:149} INFO - [2026-09-13T04:46:41.059+0000] {dag.py:2726} INFO - Sync 1 DAGs
[2026-09-13T04:46:41.135+0000] {logging_mixin.py:149} INFO - [2026-09-13T04:46:41.135+0000] {dag.py:3490} INFO - Setting next_dagrun for 6-XCom to 2023-05-01T00:00:00+00:00, run_after=2023-05-02T00:00:00+00:00
[2026-09-13T04:46:41.195+0000] {processor.py:178} INFO - Processing /opt/airflow/dags/6_xcoms.py took 0.277 seconds
[2026-09-13T04:47:11.291+0000] {processor.py:156} INFO - Started process (PID=195) to work on /opt/airflow/dags/6_xcoms.py
[2026-09-13T04:47:11.305+0000] {processor.py:799} INFO - Processing file /opt/airflow/dags/6_xcoms.py for tasks to queue
[2026-09-13T04:47:11.306+0000] {logging_mixin.py:149} INFO - [2026-09-13T04:47:11.305+0000] {dagbag.py:541} INFO - Filling up the DagBag from /opt/airflow/dags/6_xcoms.py
[2026-09-13T04:47:11.359+0000] {processor.py:809} INFO - DAG(s) dict_keys(['6-XCom']) retrieved from /opt/airflow/dags/6_xcoms.py
[2026-09-13T04:47:11.424+0000] {logging_mixin.py:149} INFO - [2026-09-13T04:47:11.424+0000] {dag.py:2726} INFO - Sync 1 DAGs
[2026-09-13T04:47:11.461+0000] {logging_mixin.py:149} INFO - [2026-09-13T04:47:11.460+0000] {dag.py:3490} INFO - Setting next_dagrun for 6-XCom to 2023-05-01T00:00:00+00:00, run_after=2023-05-02T00:00:00+00:00
[2026-09-13T04:47:11.493+0000] {processor.py:178} INFO - Processing /opt/airflow/dags/6_xcoms.py took 0.226 seconds
[2026-09-13T04:47:42.241+0000] {processor.py:156} INFO - Started process (PID=209) to work on /opt/airflow/dags/6_xcoms.py
[2026-09-13T04:47:42.244+0000] {processor.py:799} INFO - Processing file /opt/airflow/dags/6_xcoms.py for tasks to queue
[2026-09-13T04:47:42.245+0000] {logging_mixin.py:149} INFO - [2026-09-13T04:47:42.245+0000] {dagbag.py:541} INFO - Filling up the DagBag from /opt/airflow/dags/6_xcoms.py
[2026-09-13T04:47:42.288+0000] {processor.py:809} INFO - DAG(s) dict_keys(['6-XCom']) retrieved from /opt/airflow/dags/6_xcoms.py
[2026-09-13T04:47:42.365+0000] {logging_mixin.py:149} INFO - [2026-09-13T04:47:42.364+0000] {dag.py:2726} INFO - Sync 1 DAGs
[2026-09-13T04:47:42.442+0000] {logging_mixin.py:149} INFO - [2026-09-13T04:47:42.442+0000] {dag.py:3490} INFO - Setting next_dagrun for 6-XCom to 2023-05-01T00:00:00+00:00, run_after=2023-05-02T00:00:00+00:00
[2026-09-13T04:47:42.526+0000] {processor.py:178} INFO - Processing /opt/airflow/dags/6_xcoms.py took 0.294 seconds
[2026-09-13T04:48:12.735+0000] {processor.py:156} INFO - Started process (PID=224) to work on /opt/airflow/dags/6_xcoms.py
[2026-09-13T04:48:12.739+0000] {processor.py:799} INFO - Processing file /opt/airflow/dags/6_xcoms.py for tasks to queue
[2026-09-13T04:48:12.742+0000] {logging_mixin.py:149} INFO - [2026-09-13T04:48:12.741+0000] {dagbag.py:541} INFO - Filling up the DagBag from /opt/airflow/dags/6_xcoms.py
[2026-09-13T04:48:12.779+0000] {processor.py:809} INFO - DAG(s) dict_keys(['6-XCom']) retrieved from /opt/airflow/dags/6_xcoms.py
[2026-09-13T04:48:12.849+0000] {logging_mixin.py:149} INFO - [2026-09-13T04:48:12.849+0000] {dag.py:2726} INFO - Sync 1 DAGs
[2026-09-13T04:48:12.897+0000] {logging_mixin.py:149} INFO - [2026-09-13T04:48:12.897+0000] {dag.py:3490} INFO - Setting next_dagrun for 6-XCom to 2023-05-01T00:00:00+00:00, run_after=2023-05-02T00:00:00+00:00
[2026-09-13T04:48:12.926+0000] {processor.py:178} INFO - Processing /opt/airflow/dags/6_xcoms.py took 0.206 seconds
[2026-09-13T04:48:43.781+0000] {processor.py:156} INFO - Started process (PID=239) to work on /opt/airflow/dags/6_xcoms.py
[2026-09-13T04:48:43.784+0000] {processor.py:799} INFO - Processing file /opt/airflow/dags/6_xcoms.py for tasks to queue
[2026-09-13T04:48:43.787+0000] {logging_mixin.py:149} INFO - [2026-09-13T04:48:43.787+0000] {dagbag.py:541} INFO - Filling up the DagBag from /opt/airflow/dags/6_xcoms.py
[2026-09-13T04:48:43.824+0000] {processor.py:809} INFO - DAG(s) dict_keys(['6-XCom']) retrieved from /opt/airflow/dags/6_xcoms.py
[2026-09-13T04:48:43.902+0000] {logging_mixin.py:149} INFO - [2026-09-13T04:48:43.902+0000] {dag.py:2726} INFO - Sync 1 DAGs
[2026-09-13T04:48:43.970+0000] {logging_mixin.py:149} INFO - [2026-09-13T04:48:43.969+0000] {dag.py:3490} INFO - Setting next_dagrun for 6-XCom to 2023-05-01T00:00:00+00:00, run_after=2023-05-02T00:00:00+00:00
[2026-09-13T04:48:44.019+0000] {processor.py:178} INFO - Processing /opt/airflow/dags/6_xcoms.py took 0.248 seconds
[2026-09-13T04:49:14.172+0000] {processor.py:156} INFO - Started process (PID=253) to work on /opt/airflow/dags/6_xcoms.py
[2026-09-13T04:49:14.174+0000] {processor.py:799} INFO - Processing file /opt/airflow/dags/6_xcoms.py for tasks to queue
[2026-09-13T04:49:14.175+0000] {logging_mixin.py:149} INFO - [2026-09-13T04:49:14.175+0000] {dagbag.py:541} INFO - Filling up the DagBag from /opt/airflow/dags/6_xcoms.py
[2026-09-13T04:49:14.201+0000] {processor.py:809} INFO - DAG(s) dict_keys(['6-XCom']) retrieved from /opt/airflow/dags/6_xcoms.py
[2026-09-13T04:49:14.262+0000] {logging_mixin.py:149} INFO - [2026-09-13T04:49:14.262+0000] {dag.py:2726} INFO - Sync 1 DAGs
[2026-09-13T04:49:14.304+0000] {logging_mixin.py:149} INFO - [2026-09-13T04:49:14.304+0000] {dag.py:3490} INFO - Setting next_dagrun for 6-XCom to 2023-05-01T00:00:00+00:00, run_after=2023-05-02T00:00:00+00:00
[2026-09-13T04:49:14.329+0000] {processor.py:178} INFO - Processing /opt/airflow/dags/6_xcoms.py took 0.164 seconds
[2026-09-13T04:49:44.569+0000] {processor.py:156} INFO - Started process (PID=267) to work on /opt/airflow/dags/6_xcoms.py
[2026-09-13T04:49:44.573+0000] {processor.py:799} INFO - Processing file /opt/airflow/dags/6_xcoms.py for tasks to queue
[2026-09-13T04:49:44.575+0000] {logging_mixin.py:149} INFO - [2026-09-13T04:49:44.575+0000] {dagbag.py:541} INFO - Filling up the DagBag from /opt/airflow/dags/6_xcoms.py
[2026-09-13T04:49:44.609+0000] {processor.py:809} INFO - DAG(s) dict_keys(['6-XCom']) retrieved from /opt/airflow/dags/6_xcoms.py
[2026-09-13T04:49:44.693+0000] {logging_mixin.py:149} INFO - [2026-09-13T04:49:44.693+0000] {dag.py:2726} INFO - Sync 1 DAGs
[2026-09-13T04:49:44.758+0000] {logging_mixin.py:149} INFO - [2026-09-13T04:49:44.758+0000] {dag.py:3490} INFO - Setting next_dagrun for 6-XCom to 2023-05-01T00:00:00+00:00, run_after=2023-05-02T00:00:00+00:00
[2026-09-13T04:49:44.820+0000] {processor.py:178} INFO - Processing /opt/airflow/dags/6_xcoms.py took 0.260 seconds
[2026-09-13T04:50:15.046+0000] {processor.py:156} INFO - Started process (PID=281) to work on /opt/airflow/dags/6_xcoms.py
[2026-09-13T04:50:15.049+0000] {processor.py:799} INFO - Processing file /opt/airflow/dags/6_xcoms.py for tasks to queue
[2026-09-13T04:50:15.051+0000] {logging_mixin.py:149} INFO - [2026-09-13T04:50:15.050+0000] {dagbag.py:541} INFO - Filling up the DagBag from /opt/airflow/dags/6_xcoms.py
[2026-09-13T04:50:15.078+0000] {processor.py:809} INFO - DAG(s) dict_keys(['6-XCom']) retrieved from /opt/airflow/dags/6_xcoms.py
[2026-09-13T04:50:15.162+0000] {logging_mixin.py:149} INFO - [2026-09-13T04:50:15.162+0000] {dag.py:2726} INFO - Sync 1 DAGs
[2026-09-13T04:50:15.245+0000] {logging_mixin.py:149} INFO - [2026-09-13T04:50:15.245+0000] {dag.py:3490} INFO - Setting next_dagrun for 6-XCom to 2023-05-01T00:00:00+00:00, run_after=2023-05-02T00:00:00+00:00
[2026-09-13T04:50:15.304+0000] {processor.py:178} INFO - Processing /opt/airflow/dags/6_xcoms.py took 0.269 seconds
[2026-09-13T04:50:45.372+0000] {processor.py:156} INFO - Started process (PID=296) to work on /opt/airflow/dags/6_xcoms.py
[2026-09-13T04:50:45.374+0000] {processor.py:799} INFO - Processing file /opt/airflow/dags/6_xcoms.py for tasks to queue
[2026-09-13T04:50:45.375+0000] {logging_mixin.py:149} INFO - [2026-09-13T04:50:45.375+0000] {dagbag.py:541} INFO - Filling up the DagBag from /opt/airflow/dags/6_xcoms.py
[2026-09-13T04:50:45.395+0000] {processor.py:809} INFO - DAG(s) dict_keys(['6-XCom']) retrieved from /opt/airflow/dags/6_xcoms.py
[2026-09-13T04:50:45.470+0000] {logging_mixin.py:149} INFO - [2026-09-13T04:50:45.470+0000] {dag.py:2726} INFO - Sync 1 DAGs
[2026-09-13T04:50:45.534+0000] {logging_mixin.py:149} INFO - [2026-09-13T04:50:45.534+0000] {dag.py:3490} INFO - Setting next_dagrun for 6-XCom to 2023-05-01T00:00:00+00:00, run_after=2023-05-02T00:00:00+00:00
[2026-09-13T04:50:45.608+0000] {processor.py:178} INFO - Processing /opt/airflow/dags/6_xcoms.py took 0.241 seconds
[2026-09-13T04:51:15.777+0000] {processor.py:156} INFO - Started process (PID=310) to work on /opt/airflow/dags/6_xcoms.py
[2026-09-13T04:51:15.780+0000] {processor.py:799} INFO - Processing file /opt/airflow/dags/6_xcoms.py for tasks to queue
[2026-09-13T04:51:15.782+0000] {logging_mixin.py:149} INFO - [2026-09-13T04:51:15.782+0000] {dagbag.py:541} INFO - Filling up the DagBag from /opt/airflow/dags/6_xcoms.py
[2026-09-13T04:51:15.816+0000] {processor.py:809} INFO - DAG(s) dict_keys(['6-XCom']) retrieved from /opt/airflow/dags/6_xcoms.py
[2026-09-13T04:51:15.886+0000] {logging_mixin.py:149} INFO - [2026-09-13T04:51:15.886+0000] {dag.py:2726} INFO - Sync 1 DAGs
[2026-09-13T04:51:15.933+0000] {logging_mixin.py:149} INFO - [2026-09-13T04:51:15.933+0000] {dag.py:3490} INFO - Setting next_dagrun for 6-XCom to 2023-05-01T00:00:00+00:00, run_after=2023-05-02T00:00:00+00:00
[2026-09-13T04:51:15.960+0000] {processor.py:178} INFO - Processing /opt/airflow/dags/6_xcoms.py took 0.194 seconds
[2026-09-13T04:51:46.168+0000] {processor.py:156} INFO - Started process (PID=324) to work on /opt/airflow/dags/6_xcoms.py
[2026-09-13T04:51:46.171+0000] {processor.py:799} INFO - Processing file /opt/airflow/dags/6_xcoms.py for tasks to queue
[2026-09-13T04:51:46.173+0000] {logging_mixin.py:149} INFO - [2026-09-13T04:51:46.173+0000] {dagbag.py:541} INFO - Filling up the DagBag from /opt/airflow/dags/6_xcoms.py
[2026-09-13T04:51:46.206+0000] {processor.py:809} INFO - DAG(s) dict_keys(['6-XCom']) retrieved from /opt/airflow/dags/6_xcoms.py
[2026-09-13T04:51:46.286+0000] {logging_mixin.py:149} INFO - [2026-09-13T04:51:46.286+0000] {dag.py:2726} INFO - Sync 1 DAGs
[2026-09-13T04:51:46.371+0000] {logging_mixin.py:149} INFO - [2026-09-13T04:51:46.370+0000] {dag.py:3490} INFO - Setting next_dagrun for 6-XCom to 2023-05-01T00:00:00+00:00, run_after=2023-05-02T00:00:00+00:00
[2026-09-13T04:51:46.427+0000] {processor.py:178} INFO - Processing /opt/airflow/dags/6_xcoms.py took 0.272 seconds
[2026-09-13T04:52:16.697+0000] {processor.py:156} INFO - Started process (PID=338) to work on /opt/airflow/dags/6_xcoms.py
[2026-09-13T04:52:16.699+0000] {processor.py:799} INFO - Processing file /opt/airflow/dags/6_xcoms.py for tasks to queue
[2026-09-13T04:52:16.701+0000] {logging_mixin.py:149} INFO - [2026-09-13T04:52:16.700+0000] {dagbag.py:541} INFO - Filling up the DagBag from /opt/airflow/dags/6_xcoms.py
[2026-09-13T04:52:16.721+0000] {processor.py:809} INFO - DAG(s) dict_keys(['6-XCom']) retrieved from /opt/airflow/dags/6_xcoms.py
[2026-09-13T04:52:16.797+0000] {logging_mixin.py:149} INFO - [2026-09-13T04:52:16.796+0000] {dag.py:2726} INFO - Sync 1 DAGs
[2026-09-13T04:52:16.862+0000] {logging_mixin.py:149} INFO - [2026-09-13T04:52:16.861+0000] {dag.py:3490} INFO - Setting next_dagrun for 6-XCom to 2023-05-01T00:00:00+00:00, run_after=2023-05-02T00:00:00+00:00
[2026-09-13T04:52:16.920+0000] {processor.py:178} INFO - Processing /opt/airflow/dags/6_xcoms.py took 0.229 seconds
[2026-09-13T04:52:47.192+0000] {processor.py:156} INFO - Started process (PID=352) to work on /opt/airflow/dags/6_xcoms.py
[2026-09-13T04:52:47.200+0000] {processor.py:799} INFO - Processing file /opt/airflow/dags/6_xcoms.py for tasks to queue
[2026-09-13T04:52:47.201+0000] {logging_mixin.py:149} INFO - [2026-09-13T04:52:47.201+0000] {dagbag.py:541} INFO - Filling up the DagBag from /opt/airflow/dags/6_xcoms.py
[2026-09-13T04:52:47.236+0000] {processor.py:809} INFO - DAG(s) dict_keys(['6-XCom']) retrieved from /opt/airflow/dags/6_xcoms.py
[2026-09-13T04:52:47.291+0000] {logging_mixin.py:149} INFO - [2026-09-13T04:52:47.291+0000] {dag.py:2726} INFO - Sync 1 DAGs
[2026-09-13T04:52:47.330+0000] {logging_mixin.py:149} INFO - [2026-09-13T04:52:47.330+0000] {dag.py:3490} INFO - Setting next_dagrun for 6-XCom to 2023-05-01T00:00:00+00:00, run_after=2023-05-02T00:00:00+00:00
[2026-09-13T04:52:47.355+0000] {processor.py:178} INFO - Processing /opt/airflow/dags/6_xcoms.py took 0.170 seconds
