[2026-09-13T00:00:29.414+0000] {processor.py:156} INFO - Started process (PID=158791) to work on /opt/airflow/dags/7_branch_pythoon_operator.py
[2026-09-13T00:00:29.416+0000] {processor.py:799} INFO - Processing file /opt/airflow/dags/7_branch_pythoon_operator.py for tasks to queue
[2026-09-13T00:00:29.417+0000] {logging_mixin.py:149} INFO - [2026-09-13T00:00:29.417+0000] {dagbag.py:541} INFO - Filling up the DagBag from /opt/airflow/dags/7_branch_pythoon_operator.py
[2026-09-13T00:00:29.444+0000] {processor.py:809} INFO - DAG(s) dict_keys(['7-branching']) retrieved from /opt/airflow/dags/7_branch_pythoon_operator.py
[2026-09-13T00:00:29.510+0000] {logging_mixin.py:149} INFO - [2026-09-13T00:00:29.509+0000] {dag.py:2726} INFO - Sync 1 DAGs
[2026-09-13T00:00:29.553+0000] {logging_mixin.py:149} INFO - [2026-09-13T00:00:29.553+0000] {dag.py:3490} INFO - Setting next_dagrun for 7-branching to 2023-04-15T00:00:00+00:00, run_after=2023-04-16T00:00:00+00:00
[2026-09-13T00:00:29.578+0000] {processor.py:178} INFO - Processing /opt/airflow/dags/7_branch_pythoon_operator.py took 0.172 seconds
[2026-09-13T00:00:59.744+0000] {processor.py:156} INFO - Started process (PID=158805) to work on /opt/airflow/dags/7_branch_pythoon_operator.py
[2026-09-13T00:00:59.747+0000] {processor.py:799} INFO - Processing file /opt/airflow/dags/7_branch_pythoon_operator.py for tasks to queue
[2026-09-13T00:00:59.749+0000] {logging_mixin.py:149} INFO - [2026-09-13T00:00:59.749+0000] {dagbag.py:541} INFO - Filling up the DagBag from /opt/airflow/dags/7_branch_pythoon_operator.py
[2026-09-13T00:00:59.790+0000] {processor.py:809} INFO - DAG(s) dict_keys(['7-branching']) retrieved from /opt/airflow/dags/7_branch_pythoon_operator.py
[2026-09-13T00:00:59.863+0000] {logging_mixin.py:149} INFO - [2026-09-13T00:00:59.862+0000] {dag.py:2726} INFO - Sync 1 DAGs
[2026-09-13T00:00:59.907+0000] {logging_mixin.py:149} INFO - [2026-09-13T00:00:59.906+0000] {dag.py:3490} INFO - Setting next_dagrun for 7-branching to 2023-04-15T00:00:00+00:00, run_after=2023-04-16T00:00:00+00:00
[2026-09-13T00:00:59.948+0000] {processor.py:178} INFO - Processing /opt/airflow/dags/7_branch_pythoon_operator.py took 0.214 seconds
[2026-09-13T00:01:30.101+0000] {processor.py:156} INFO - Started process (PID=158819) to work on /opt/airflow/dags/7_branch_pythoon_operator.py
[2026-09-13T00:01:30.104+0000] {processor.py:799} INFO - Processing file /opt/airflow/dags/7_branch_pythoon_operator.py for tasks to queue
[2026-09-13T00:01:30.106+0000] {logging_mixin.py:149} INFO - [2026-09-13T00:01:30.105+0000] {dagbag.py:541} INFO - Filling up the DagBag from /opt/airflow/dags/7_branch_pythoon_operator.py
[2026-09-13T00:01:30.140+0000] {processor.py:809} INFO - DAG(s) dict_keys(['7-branching']) retrieved from /opt/airflow/dags/7_branch_pythoon_operator.py
[2026-09-13T00:01:30.218+0000] {logging_mixin.py:149} INFO - [2026-09-13T00:01:30.218+0000] {dag.py:2726} INFO - Sync 1 DAGs
[2026-09-13T00:01:30.288+0000] {logging_mixin.py:149} INFO - [2026-09-13T00:01:30.288+0000] {dag.py:3490} INFO - Setting next_dagrun for 7-branching to 2023-04-15T00:00:00+00:00, run_after=2023-04-16T00:00:00+00:00
[2026-09-13T00:01:30.321+0000] {processor.py:178} INFO - Processing /opt/airflow/dags/7_branch_pythoon_operator.py took 0.231 seconds
[2026-09-13T00:02:00.550+0000] {processor.py:156} INFO - Started process (PID=158832) to work on /opt/airflow/dags/7_branch_pythoon_operator.py
[2026-09-13T00:02:00.553+0000] {processor.py:799} INFO - Processing file /opt/airflow/dags/7_branch_pythoon_operator.py for tasks to queue
[2026-09-13T00:02:00.554+0000] {logging_mixin.py:149} INFO - [2026-09-13T00:02:00.554+0000] {dagbag.py:541} INFO - Filling up the DagBag from /opt/airflow/dags/7_branch_pythoon_operator.py
[2026-09-13T00:02:00.589+0000] {processor.py:809} INFO - DAG(s) dict_keys(['7-branching']) retrieved from /opt/airflow/dags/7_branch_pythoon_operator.py
[2026-09-13T00:02:00.679+0000] {logging_mixin.py:149} INFO - [2026-09-13T00:02:00.678+0000] {dag.py:2726} INFO - Sync 1 DAGs
[2026-09-13T00:02:00.744+0000] {logging_mixin.py:149} INFO - [2026-09-13T00:02:00.744+0000] {dag.py:3490} INFO - Setting next_dagrun for 7-branching to 2023-04-15T00:00:00+00:00, run_after=2023-04-16T00:00:00+00:00
[2026-09-13T00:02:00.790+0000] {processor.py:178} INFO - Processing /opt/airflow/dags/7_branch_pythoon_operator.py took 0.252 seconds
[2026-09-13T00:02:30.999+0000] {processor.py:156} INFO - Started process (PID=158846) to work on /opt/airflow/dags/7_branch_pythoon_operator.py
[2026-09-13T00:02:31.006+0000] {processor.py:799} INFO - Processing file /opt/airflow/dags/7_branch_pythoon_operator.py for tasks to queue
[2026-09-13T00:02:31.012+0000] {logging_mixin.py:149} INFO - [2026-09-13T00:02:31.012+0000] {dagbag.py:541} INFO - Filling up the DagBag from /opt/airflow/dags/7_branch_pythoon_operator.py
[2026-09-13T00:02:31.056+0000] {processor.py:809} INFO - DAG(s) dict_keys(['7-branching']) retrieved from /opt/airflow/dags/7_branch_pythoon_operator.py
[2026-09-13T00:02:31.138+0000] {logging_mixin.py:149} INFO - [2026-09-13T00:02:31.138+0000] {dag.py:2726} INFO - Sync 1 DAGs
[2026-09-13T00:02:31.212+0000] {logging_mixin.py:149} INFO - [2026-09-13T00:02:31.212+0000] {dag.py:3490} INFO - Setting next_dagrun for 7-branching to 2023-04-15T00:00:00+00:00, run_after=2023-04-16T00:00:00+00:00
[2026-09-13T00:02:31.282+0000] {processor.py:178} INFO - Processing /opt/airflow/dags/7_branch_pythoon_operator.py took 0.292 seconds
[2026-09-13T00:03:01.440+0000] {processor.py:156} INFO - Started process (PID=158861) to work on /opt/airflow/dags/7_branch_pythoon_operator.py
[2026-09-13T00:03:01.445+0000] {processor.py:799} INFO - Processing file /opt/airflow/dags/7_branch_pythoon_operator.py for tasks to queue
[2026-09-13T00:03:01.447+0000] {logging_mixin.py:149} INFO - [2026-09-13T00:03:01.446+0000] {dagbag.py:541} INFO - Filling up the DagBag from /opt/airflow/dags/7_branch_pythoon_operator.py
[2026-09-13T00:03:01.482+0000] {processor.py:809} INFO - DAG(s) dict_keys(['7-branching']) retrieved from /opt/airflow/dags/7_branch_pythoon_operator.py
[2026-09-13T00:03:01.565+0000] {logging_mixin.py:149} INFO - [2026-09-13T00:03:01.565+0000] {dag.py:2726} INFO - Sync 1 DAGs
[2026-09-13T00:03:01.650+0000] {logging_mixin.py:149} INFO - [2026-09-13T00:03:01.650+0000] {dag.py:3490} INFO - Setting next_dagrun for 7-branching to 2023-04-15T00:00:00+00:00, run_after=2023-04-16T00:00:00+00:00
[2026-09-13T00:03:01.703+0000] {processor.py:178} INFO - Processing /opt/airflow/dags/7_branch_pythoon_operator.py took 0.275 seconds
[2026-09-13T00:03:31.787+0000] {processor.py:156} INFO - Started process (PID=158874) to work on /opt/airflow/dags/7_branch_pythoon_operator.py
[2026-09-13T00:03:31.790+0000] {processor.py:799} INFO - Processing file /opt/airflow/dags/7_branch_pythoon_operator.py for tasks to queue
[2026-09-13T00:03:31.792+0000] {logging_mixin.py:149} INFO - [2026-09-13T00:03:31.791+0000] {dagbag.py:541} INFO - Filling up the DagBag from /opt/airflow/dags/7_branch_pythoon_operator.py
[2026-09-13T00:03:31.827+0000] {processor.py:809} INFO - DAG(s) dict_keys(['7-branching']) retrieved from /opt/airflow/dags/7_branch_pythoon_operator.py
[2026-09-13T00:03:31.892+0000] {logging_mixin.py:149} INFO - [2026-09-13T00:03:31.891+0000] {dag.py:2726} INFO - Sync 1 DAGs
[2026-09-13T00:03:31.932+0000] {logging_mixin.py:149} INFO - [2026-09-13T00:03:31.932+0000] {dag.py:3490} INFO - Setting next_dagrun for 7-branching to 2023-04-15T00:00:00+00:00, run_after=2023-04-16T00:00:00+00:00
[2026-09-13T00:03:31.959+0000] {processor.py:178} INFO - Processing /opt/airflow/dags/7_branch_pythoon_operator.py took 0.186 seconds
[2026-09-13T00:04:02.184+0000] {processor.py:156} INFO - Started process (PID=158888) to work on /opt/airflow/dags/7_branch_pythoon_operator.py
[2026-09-13T00:04:02.187+0000] {processor.py:799} INFO - Processing file /opt/airflow/dags/7_branch_pythoon_operator.py for tasks to queue
[2026-09-13T00:04:02.189+0000] {logging_mixin.py:149} INFO - [2026-09-13T00:04:02.189+0000] {dagbag.py:541} INFO - Filling up the DagBag from /opt/airflow/dags/7_branch_pythoon_operator.py
[2026-09-13T00:04:02.224+0000] {processor.py:809} INFO - DAG(s) dict_keys(['7-branching']) retrieved from /opt/airflow/dags/7_branch_pythoon_operator.py
[2026-09-13T00:04:02.313+0000] {logging_mixin.py:149} INFO - [2026-09-13T00:04:02.313+0000] {dag.py:2726} INFO - Sync 1 DAGs
[2026-09-13T00:04:02.363+0000] {logging_mixin.py:149} INFO - [2026-09-13T00:04:02.363+0000] {dag.py:3490} INFO - Setting next_dagrun for 7-branching to 2023-04-15T00:00:00+00:00, run_after=2023-04-16T00:00:00+00:00
[2026-09-13T00:04:02.395+0000] {processor.py:178} INFO - Processing /opt/airflow/dags/7_branch_pythoon_operator.py took 0.223 seconds
[2026-09-13T00:04:32.707+0000] {processor.py:156} INFO - Started process (PID=158902) to work on /opt/airflow/dags/7_branch_pythoon_operator.py
[2026-09-13T00:04:32.714+0000] {processor.py:799} INFO - Processing file /opt/airflow/dags/7_branch_pythoon_operator.py for tasks to queue
[2026-09-13T00:04:32.716+0000] {logging_mixin.py:149} INFO - [2026-09-13T00:04:32.716+0000] {dagbag.py:541} INFO - Filling up the DagBag from /opt/airflow/dags/7_branch_pythoon_operator.py
[2026-09-13T00:04:32.759+0000] {processor.py:809} INFO - DAG(s) dict_keys(['7-branching']) retrieved from /opt/airflow/dags/7_branch_pythoon_operator.py
[2026-09-13T00:04:32.864+0000] {logging_mixin.py:149} INFO - [2026-09-13T00:04:32.863+0000] {dag.py:2726} INFO - Sync 1 DAGs
[2026-09-13T00:04:32.936+0000] {logging_mixin.py:149} INFO - [2026-09-13T00:04:32.935+0000] {dag.py:3490} INFO - Setting next_dagrun for 7-branching to 2023-04-15T00:00:00+00:00, run_after=2023-04-16T00:00:00+00:00
[2026-09-13T00:04:32.975+0000] {processor.py:178} INFO - Processing /opt/airflow/dags/7_branch_pythoon_operator.py took 0.279 seconds
[2026-09-13T00:05:03.165+0000] {processor.py:156} INFO - Started process (PID=158916) to work on /opt/airflow/dags/7_branch_pythoon_operator.py
[2026-09-13T00:05:03.168+0000] {processor.py:799} INFO - Processing file /opt/airflow/dags/7_branch_pythoon_operator.py for tasks to queue
[2026-09-13T00:05:03.170+0000] {logging_mixin.py:149} INFO - [2026-09-13T00:05:03.170+0000] {dagbag.py:541} INFO - Filling up the DagBag from /opt/airflow/dags/7_branch_pythoon_operator.py
[2026-09-13T00:05:03.205+0000] {processor.py:809} INFO - DAG(s) dict_keys(['7-branching']) retrieved from /opt/airflow/dags/7_branch_pythoon_operator.py
[2026-09-13T00:05:03.309+0000] {logging_mixin.py:149} INFO - [2026-09-13T00:05:03.308+0000] {dag.py:2726} INFO - Sync 1 DAGs
[2026-09-13T00:05:03.377+0000] {logging_mixin.py:149} INFO - [2026-09-13T00:05:03.376+0000] {dag.py:3490} INFO - Setting next_dagrun for 7-branching to 2023-04-15T00:00:00+00:00, run_after=2023-04-16T00:00:00+00:00
[2026-09-13T00:05:03.450+0000] {processor.py:178} INFO - Processing /opt/airflow/dags/7_branch_pythoon_operator.py took 0.297 seconds
[2026-09-13T00:05:33.662+0000] {processor.py:156} INFO - Started process (PID=158931) to work on /opt/airflow/dags/7_branch_pythoon_operator.py
[2026-09-13T00:05:33.664+0000] {processor.py:799} INFO - Processing file /opt/airflow/dags/7_branch_pythoon_operator.py for tasks to queue
[2026-09-13T00:05:33.666+0000] {logging_mixin.py:149} INFO - [2026-09-13T00:05:33.666+0000] {dagbag.py:541} INFO - Filling up the DagBag from /opt/airflow/dags/7_branch_pythoon_operator.py
[2026-09-13T00:05:33.704+0000] {processor.py:809} INFO - DAG(s) dict_keys(['7-branching']) retrieved from /opt/airflow/dags/7_branch_pythoon_operator.py
[2026-09-13T00:05:33.800+0000] {logging_mixin.py:149} INFO - [2026-09-13T00:05:33.800+0000] {dag.py:2726} INFO - Sync 1 DAGs
[2026-09-13T00:05:33.853+0000] {logging_mixin.py:149} INFO - [2026-09-13T00:05:33.853+0000] {dag.py:3490} INFO - Setting next_dagrun for 7-branching to 2023-04-15T00:00:00+00:00, run_after=2023-04-16T00:00:00+00:00
[2026-09-13T00:05:33.884+0000] {processor.py:178} INFO - Processing /opt/airflow/dags/7_branch_pythoon_operator.py took 0.235 seconds
[2026-09-13T00:06:04.060+0000] {processor.py:156} INFO - Started process (PID=158945) to work on /opt/airflow/dags/7_branch_pythoon_operator.py
[2026-09-13T00:06:04.064+0000] {processor.py:799} INFO - Processing file /opt/airflow/dags/7_branch_pythoon_operator.py for tasks to queue
[2026-09-13T00:06:04.066+0000] {logging_mixin.py:149} INFO - [2026-09-13T00:06:04.065+0000] {dagbag.py:541} INFO - Filling up the DagBag from /opt/airflow/dags/7_branch_pythoon_operator.py
[2026-09-13T00:06:04.104+0000] {processor.py:809} INFO - DAG(s) dict_keys(['7-branching']) retrieved from /opt/airflow/dags/7_branch_pythoon_operator.py
[2026-09-13T00:06:04.164+0000] {logging_mixin.py:149} INFO - [2026-09-13T00:06:04.164+0000] {dag.py:2726} INFO - Sync 1 DAGs
[2026-09-13T00:06:04.202+0000] {logging_mixin.py:149} INFO - [2026-09-13T00:06:04.202+0000] {dag.py:3490} INFO - Setting next_dagrun for 7-branching to 2023-04-15T00:00:00+00:00, run_after=2023-04-16T00:00:00+00:00
[2026-09-13T00:06:04.228+0000] {processor.py:178} INFO - Processing /opt/airflow/dags/7_branch_pythoon_operator.py took 0.182 seconds
[2026-09-13T00:06:34.488+0000] {processor.py:156} INFO - Started process (PID=158959) to work on /opt/airflow/dags/7_branch_pythoon_operator.py
[2026-09-13T00:06:34.490+0000] {processor.py:799} INFO - Processing file /opt/airflow/dags/7_branch_pythoon_operator.py for tasks to queue
[2026-09-13T00:06:34.492+0000] {logging_mixin.py:149} INFO - [2026-09-13T00:06:34.492+0000] {dagbag.py:541} INFO - Filling up the DagBag from /opt/airflow/dags/7_branch_pythoon_operator.py
[2026-09-13T00:06:34.527+0000] {processor.py:809} INFO - DAG(s) dict_keys(['7-branching']) retrieved from /opt/airflow/dags/7_branch_pythoon_operator.py
[2026-09-13T00:06:34.594+0000] {logging_mixin.py:149} INFO - [2026-09-13T00:06:34.594+0000] {dag.py:2726} INFO - Sync 1 DAGs
[2026-09-13T00:06:34.632+0000] {logging_mixin.py:149} INFO - [2026-09-13T00:06:34.632+0000] {dag.py:3490} INFO - Setting next_dagrun for 7-branching to 2023-04-15T00:00:00+00:00, run_after=2023-04-16T00:00:00+00:00
[2026-09-13T00:06:34.656+0000] {processor.py:178} INFO - Processing /opt/airflow/dags/7_branch_pythoon_operator.py took 0.179 seconds
[2026-09-13T00:07:05.486+0000] {processor.py:156} INFO - Started process (PID=158972) to work on /opt/airflow/dags/7_branch_pythoon_operator.py
[2026-09-13T00:07:05.490+0000] {processor.py:799} INFO - Processing file /opt/airflow/dags/7_branch_pythoon_operator.py for tasks to queue
[2026-09-13T00:07:05.492+0000] {logging_mixin.py:149} INFO - [2026-09-13T00:07:05.492+0000] {dagbag.py:541} INFO - Filling up the DagBag from /opt/airflow/dags/7_branch_pythoon_operator.py
[2026-09-13T00:07:05.527+0000] {processor.py:809} INFO - DAG(s) dict_keys(['7-branching']) retrieved from /opt/airflow/dags/7_branch_pythoon_operator.py
[2026-09-13T00:07:05.600+0000] {logging_mixin.py:149} INFO - [2026-09-13T00:07:05.599+0000] {dag.py:2726} INFO - Sync 1 DAGs
[2026-09-13T00:07:05.655+0000] {logging_mixin.py:149} INFO - [2026-09-13T00:07:05.654+0000] {dag.py:3490} INFO - Setting next_dagrun for 7-branching to 2023-04-15T00:00:00+00:00, run_after=2023-04-16T00:00:00+00:00
[2026-09-13T00:07:05.713+0000] {processor.py:178} INFO - Processing /opt/airflow/dags/7_branch_pythoon_operator.py took 0.237 seconds
[2026-09-13T00:07:35.991+0000] {processor.py:156} INFO - Started process (PID=158986) to work on /opt/airflow/dags/7_branch_pythoon_operator.py
[2026-09-13T00:07:35.994+0000] {processor.py:799} INFO - Processing file /opt/airflow/dags/7_branch_pythoon_operator.py for tasks to queue
[2026-09-13T00:07:35.995+0000] {logging_mixin.py:149} INFO - [2026-09-13T00:07:35.995+0000] {dagbag.py:541} INFO - Filling up the DagBag from /opt/airflow/dags/7_branch_pythoon_operator.py
[2026-09-13T00:07:36.030+0000] {processor.py:809} INFO - DAG(s) dict_keys(['7-branching']) retrieved from /opt/airflow/dags/7_branch_pythoon_operator.py
[2026-09-13T00:07:36.120+0000] {logging_mixin.py:149} INFO - [2026-09-13T00:07:36.120+0000] {dag.py:2726} INFO - Sync 1 DAGs
[2026-09-13T00:07:36.207+0000] {logging_mixin.py:149} INFO - [2026-09-13T00:07:36.207+0000] {dag.py:3490} INFO - Setting next_dagrun for 7-branching to 2023-04-15T00:00:00+00:00, run_after=2023-04-16T00:00:00+00:00
[2026-09-13T00:07:36.261+0000] {processor.py:178} INFO - Processing /opt/airflow/dags/7_branch_pythoon_operator.py took 0.286 seconds
[2026-09-13T00:08:06.463+0000] {processor.py:156} INFO - Started process (PID=159001) to work on /opt/airflow/dags/7_branch_pythoon_operator.py
[2026-09-13T00:08:06.473+0000] {processor.py:799} INFO - Processing file /opt/airflow/dags/7_branch_pythoon_operator.py for tasks to queue
[2026-09-13T00:08:06.475+0000] {logging_mixin.py:149} INFO - [2026-09-13T00:08:06.475+0000] {dagbag.py:541} INFO - Filling up the DagBag from /opt/airflow/dags/7_branch_pythoon_operator.py
[2026-09-13T00:08:06.510+0000] {processor.py:809} INFO - DAG(s) dict_keys(['7-branching']) retrieved from /opt/airflow/dags/7_branch_pythoon_operator.py
[2026-09-13T00:08:06.584+0000] {logging_mixin.py:149} INFO - [2026-09-13T00:08:06.584+0000] {dag.py:2726} INFO - Sync 1 DAGs
[2026-09-13T00:08:06.631+0000] {logging_mixin.py:149} INFO - [2026-09-13T00:08:06.631+0000] {dag.py:3490} INFO - Setting next_dagrun for 7-branching to 2023-04-15T00:00:00+00:00, run_after=2023-04-16T00:00:00+00:00
[2026-09-13T00:08:06.665+0000] {processor.py:178} INFO - Processing /opt/airflow/dags/7_branch_pythoon_operator.py took 0.223 seconds
[2026-09-13T00:08:36.827+0000] {processor.py:156} INFO - Started process (PID=159015) to work on /opt/airflow/dags/7_branch_pythoon_operator.py
[2026-09-13T00:08:36.830+0000] {processor.py:799} INFO - Processing file /opt/airflow/dags/7_branch_pythoon_operator.py for tasks to queue
[2026-09-13T00:08:36.832+0000] {logging_mixin.py:149} INFO - [2026-09-13T00:08:36.831+0000] {dagbag.py:541} INFO - Filling up the DagBag from /opt/airflow/dags/7_branch_pythoon_operator.py
[2026-09-13T00:08:36.869+0000] {processor.py:809} INFO - DAG(s) dict_keys(['7-branching']) retrieved from /opt/airflow/dags/7_branch_pythoon_operator.py
[2026-09-13T00:08:36.959+0000] {logging_mixin.py:149} INFO - [2026-09-13T00:08:36.959+0000] {dag.py:2726} INFO - Sync 1 DAGs
[2026-09-13T00:08:37.035+0000] {logging_mixin.py:149} INFO - [2026-09-13T00:08:37.034+0000] {dag.py:3490} INFO - Setting next_dagrun for 7-branching to 2023-04-15T00:00:00+00:00, run_after=2023-04-16T00:00:00+00:00
[2026-09-13T00:08:37.075+0000] {processor.py:178} INFO - Processing /opt/airflow/dags/7_branch_pythoon_operator.py took 0.260 seconds
[2026-09-13T00:09:07.276+0000] {processor.py:156} INFO - Started process (PID=159029) to work on /opt/airflow/dags/7_branch_pythoon_operator.py
[2026-09-13T00:09:07.279+0000] {processor.py:799} INFO - Processing file /opt/airflow/dags/7_branch_pythoon_operator.py for tasks to queue
[2026-09-13T00:09:07.283+0000] {logging_mixin.py:149} INFO - [2026-09-13T00:09:07.283+0000] {dagbag.py:541} INFO - Filling up the DagBag from /opt/airflow/dags/7_branch_pythoon_operator.py
[2026-09-13T00:09:07.323+0000] {processor.py:809} INFO - DAG(s) dict_keys(['7-branching']) retrieved from /opt/airflow/dags/7_branch_pythoon_operator.py
[2026-09-13T00:09:07.381+0000] {logging_mixin.py:149} INFO - [2026-09-13T00:09:07.381+0000] {dag.py:2726} INFO - Sync 1 DAGs
[2026-09-13T00:09:07.428+0000] {logging_mixin.py:149} INFO - [2026-09-13T00:09:07.428+0000] {dag.py:3490} INFO - Setting next_dagrun for 7-branching to 2023-04-15T00:00:00+00:00, run_after=2023-04-16T00:00:00+00:00
[2026-09-13T00:09:07.490+0000] {processor.py:178} INFO - Processing /opt/airflow/dags/7_branch_pythoon_operator.py took 0.225 seconds
[2026-09-13T00:09:37.614+0000] {processor.py:156} INFO - Started process (PID=159043) to work on /opt/airflow/dags/7_branch_pythoon_operator.py
[2026-09-13T00:09:37.617+0000] {processor.py:799} INFO - Processing file /opt/airflow/dags/7_branch_pythoon_operator.py for tasks to queue
[2026-09-13T00:09:37.618+0000] {logging_mixin.py:149} INFO - [2026-09-13T00:09:37.618+0000] {dagbag.py:541} INFO - Filling up the DagBag from /opt/airflow/dags/7_branch_pythoon_operator.py
[2026-09-13T00:09:37.656+0000] {processor.py:809} INFO - DAG(s) dict_keys(['7-branching']) retrieved from /opt/airflow/dags/7_branch_pythoon_operator.py
[2026-09-13T00:09:37.758+0000] {logging_mixin.py:149} INFO - [2026-09-13T00:09:37.758+0000] {dag.py:2726} INFO - Sync 1 DAGs
[2026-09-13T00:09:37.848+0000] {logging_mixin.py:149} INFO - [2026-09-13T00:09:37.847+0000] {dag.py:3490} INFO - Setting next_dagrun for 7-branching to 2023-04-15T00:00:00+00:00, run_after=2023-04-16T00:00:00+00:00
[2026-09-13T00:09:37.901+0000] {processor.py:178} INFO - Processing /opt/airflow/dags/7_branch_pythoon_operator.py took 0.296 seconds
[2026-09-13T00:10:08.056+0000] {processor.py:156} INFO - Started process (PID=159057) to work on /opt/airflow/dags/7_branch_pythoon_operator.py
[2026-09-13T00:10:08.060+0000] {processor.py:799} INFO - Processing file /opt/airflow/dags/7_branch_pythoon_operator.py for tasks to queue
[2026-09-13T00:10:08.062+0000] {logging_mixin.py:149} INFO - [2026-09-13T00:10:08.062+0000] {dagbag.py:541} INFO - Filling up the DagBag from /opt/airflow/dags/7_branch_pythoon_operator.py
[2026-09-13T00:10:08.106+0000] {processor.py:809} INFO - DAG(s) dict_keys(['7-branching']) retrieved from /opt/airflow/dags/7_branch_pythoon_operator.py
[2026-09-13T00:10:08.182+0000] {logging_mixin.py:149} INFO - [2026-09-13T00:10:08.182+0000] {dag.py:2726} INFO - Sync 1 DAGs
[2026-09-13T00:10:08.227+0000] {logging_mixin.py:149} INFO - [2026-09-13T00:10:08.227+0000] {dag.py:3490} INFO - Setting next_dagrun for 7-branching to 2023-04-15T00:00:00+00:00, run_after=2023-04-16T00:00:00+00:00
[2026-09-13T00:10:08.259+0000] {processor.py:178} INFO - Processing /opt/airflow/dags/7_branch_pythoon_operator.py took 0.216 seconds
[2026-09-13T00:10:38.474+0000] {processor.py:156} INFO - Started process (PID=159071) to work on /opt/airflow/dags/7_branch_pythoon_operator.py
[2026-09-13T00:10:38.479+0000] {processor.py:799} INFO - Processing file /opt/airflow/dags/7_branch_pythoon_operator.py for tasks to queue
[2026-09-13T00:10:38.481+0000] {logging_mixin.py:149} INFO - [2026-09-13T00:10:38.480+0000] {dagbag.py:541} INFO - Filling up the DagBag from /opt/airflow/dags/7_branch_pythoon_operator.py
[2026-09-13T00:10:38.517+0000] {processor.py:809} INFO - DAG(s) dict_keys(['7-branching']) retrieved from /opt/airflow/dags/7_branch_pythoon_operator.py
[2026-09-13T00:10:38.611+0000] {logging_mixin.py:149} INFO - [2026-09-13T00:10:38.611+0000] {dag.py:2726} INFO - Sync 1 DAGs
[2026-09-13T00:10:38.691+0000] {logging_mixin.py:149} INFO - [2026-09-13T00:10:38.691+0000] {dag.py:3490} INFO - Setting next_dagrun for 7-branching to 2023-04-15T00:00:00+00:00, run_after=2023-04-16T00:00:00+00:00
[2026-09-13T00:10:38.763+0000] {processor.py:178} INFO - Processing /opt/airflow/dags/7_branch_pythoon_operator.py took 0.303 seconds
[2026-09-13T00:11:08.893+0000] {processor.py:156} INFO - Started process (PID=159086) to work on /opt/airflow/dags/7_branch_pythoon_operator.py
[2026-09-13T00:11:08.895+0000] {processor.py:799} INFO - Processing file /opt/airflow/dags/7_branch_pythoon_operator.py for tasks to queue
[2026-09-13T00:11:08.897+0000] {logging_mixin.py:149} INFO - [2026-09-13T00:11:08.896+0000] {dagbag.py:541} INFO - Filling up the DagBag from /opt/airflow/dags/7_branch_pythoon_operator.py
[2026-09-13T00:11:08.931+0000] {processor.py:809} INFO - DAG(s) dict_keys(['7-branching']) retrieved from /opt/airflow/dags/7_branch_pythoon_operator.py
[2026-09-13T00:11:09.025+0000] {logging_mixin.py:149} INFO - [2026-09-13T00:11:09.024+0000] {dag.py:2726} INFO - Sync 1 DAGs
[2026-09-13T00:11:09.096+0000] {logging_mixin.py:149} INFO - [2026-09-13T00:11:09.096+0000] {dag.py:3490} INFO - Setting next_dagrun for 7-branching to 2023-04-15T00:00:00+00:00, run_after=2023-04-16T00:00:00+00:00
[2026-09-13T00:11:09.159+0000] {processor.py:178} INFO - Processing /opt/airflow/dags/7_branch_pythoon_operator.py took 0.276 seconds
[2026-09-13T00:11:39.319+0000] {processor.py:156} INFO - Started process (PID=159100) to work on /opt/airflow/dags/7_branch_pythoon_operator.py
[2026-09-13T00:11:39.321+0000] {processor.py:799} INFO - Processing file /opt/airflow/dags/7_branch_pythoon_operator.py for tasks to queue
[2026-09-13T00:11:39.323+0000] {logging_mixin.py:149} INFO - [2026-09-13T00:11:39.323+0000] {dagbag.py:541} INFO - Filling up the DagBag from /opt/airflow/dags/7_branch_pythoon_operator.py
[2026-09-13T00:11:39.359+0000] {processor.py:809} INFO - DAG(s) dict_keys(['7-branching']) retrieved from /opt/airflow/dags/7_branch_pythoon_operator.py
[2026-09-13T00:11:39.439+0000] {logging_mixin.py:149} INFO - [2026-09-13T00:11:39.436+0000] {dag.py:2726} INFO - Sync 1 DAGs
[2026-09-13T00:11:39.492+0000] {logging_mixin.py:149} INFO - [2026-09-13T00:11:39.491+0000] {dag.py:3490} INFO - Setting next_dagrun for 7-branching to 2023-04-15T00:00:00+00:00, run_after=2023-04-16T00:00:00+00:00
[2026-09-13T00:11:39.547+0000] {processor.py:178} INFO - Processing /opt/airflow/dags/7_branch_pythoon_operator.py took 0.241 seconds
[2026-09-13T00:12:09.686+0000] {processor.py:156} INFO - Started process (PID=159114) to work on /opt/airflow/dags/7_branch_pythoon_operator.py
[2026-09-13T00:12:09.696+0000] {processor.py:799} INFO - Processing file /opt/airflow/dags/7_branch_pythoon_operator.py for tasks to queue
[2026-09-13T00:12:09.699+0000] {logging_mixin.py:149} INFO - [2026-09-13T00:12:09.698+0000] {dagbag.py:541} INFO - Filling up the DagBag from /opt/airflow/dags/7_branch_pythoon_operator.py
[2026-09-13T00:12:09.741+0000] {processor.py:809} INFO - DAG(s) dict_keys(['7-branching']) retrieved from /opt/airflow/dags/7_branch_pythoon_operator.py
[2026-09-13T00:12:09.851+0000] {logging_mixin.py:149} INFO - [2026-09-13T00:12:09.850+0000] {dag.py:2726} INFO - Sync 1 DAGs
[2026-09-13T00:12:09.934+0000] {logging_mixin.py:149} INFO - [2026-09-13T00:12:09.933+0000] {dag.py:3490} INFO - Setting next_dagrun for 7-branching to 2023-04-15T00:00:00+00:00, run_after=2023-04-16T00:00:00+00:00
[2026-09-13T00:12:09.979+0000] {processor.py:178} INFO - Processing /opt/airflow/dags/7_branch_pythoon_operator.py took 0.303 seconds
[2026-09-13T00:12:40.458+0000] {processor.py:156} INFO - Started process (PID=159128) to work on /opt/airflow/dags/7_branch_pythoon_operator.py
[2026-09-13T00:12:40.462+0000] {processor.py:799} INFO - Processing file /opt/airflow/dags/7_branch_pythoon_operator.py for tasks to queue
[2026-09-13T00:12:40.464+0000] {logging_mixin.py:149} INFO - [2026-09-13T00:12:40.463+0000] {dagbag.py:541} INFO - Filling up the DagBag from /opt/airflow/dags/7_branch_pythoon_operator.py
[2026-09-13T00:12:40.495+0000] {processor.py:809} INFO - DAG(s) dict_keys(['7-branching']) retrieved from /opt/airflow/dags/7_branch_pythoon_operator.py
[2026-09-13T00:12:40.585+0000] {logging_mixin.py:149} INFO - [2026-09-13T00:12:40.585+0000] {dag.py:2726} INFO - Sync 1 DAGs
[2026-09-13T00:12:40.658+0000] {logging_mixin.py:149} INFO - [2026-09-13T00:12:40.658+0000] {dag.py:3490} INFO - Setting next_dagrun for 7-branching to 2023-04-15T00:00:00+00:00, run_after=2023-04-16T00:00:00+00:00
[2026-09-13T00:12:40.736+0000] {processor.py:178} INFO - Processing /opt/airflow/dags/7_branch_pythoon_operator.py took 0.288 seconds
[2026-09-13T00:13:10.902+0000] {processor.py:156} INFO - Started process (PID=159142) to work on /opt/airflow/dags/7_branch_pythoon_operator.py
[2026-09-13T00:13:10.907+0000] {processor.py:799} INFO - Processing file /opt/airflow/dags/7_branch_pythoon_operator.py for tasks to queue
[2026-09-13T00:13:10.909+0000] {logging_mixin.py:149} INFO - [2026-09-13T00:13:10.908+0000] {dagbag.py:541} INFO - Filling up the DagBag from /opt/airflow/dags/7_branch_pythoon_operator.py
[2026-09-13T00:13:10.945+0000] {processor.py:809} INFO - DAG(s) dict_keys(['7-branching']) retrieved from /opt/airflow/dags/7_branch_pythoon_operator.py
[2026-09-13T00:13:11.026+0000] {logging_mixin.py:149} INFO - [2026-09-13T00:13:11.025+0000] {dag.py:2726} INFO - Sync 1 DAGs
[2026-09-13T00:13:11.076+0000] {logging_mixin.py:149} INFO - [2026-09-13T00:13:11.076+0000] {dag.py:3490} INFO - Setting next_dagrun for 7-branching to 2023-04-15T00:00:00+00:00, run_after=2023-04-16T00:00:00+00:00
[2026-09-13T00:13:11.105+0000] {processor.py:178} INFO - Processing /opt/airflow/dags/7_branch_pythoon_operator.py took 0.214 seconds
[2026-09-13T00:13:41.340+0000] {processor.py:156} INFO - Started process (PID=159156) to work on /opt/airflow/dags/7_branch_pythoon_operator.py
[2026-09-13T00:13:41.342+0000] {processor.py:799} INFO - Processing file /opt/airflow/dags/7_branch_pythoon_operator.py for tasks to queue
[2026-09-13T00:13:41.343+0000] {logging_mixin.py:149} INFO - [2026-09-13T00:13:41.343+0000] {dagbag.py:541} INFO - Filling up the DagBag from /opt/airflow/dags/7_branch_pythoon_operator.py
[2026-09-13T00:13:41.375+0000] {processor.py:809} INFO - DAG(s) dict_keys(['7-branching']) retrieved from /opt/airflow/dags/7_branch_pythoon_operator.py
[2026-09-13T00:13:41.469+0000] {logging_mixin.py:149} INFO - [2026-09-13T00:13:41.469+0000] {dag.py:2726} INFO - Sync 1 DAGs
[2026-09-13T00:13:41.547+0000] {logging_mixin.py:149} INFO - [2026-09-13T00:13:41.547+0000] {dag.py:3490} INFO - Setting next_dagrun for 7-branching to 2023-04-15T00:00:00+00:00, run_after=2023-04-16T00:00:00+00:00
[2026-09-13T00:13:41.601+0000] {processor.py:178} INFO - Processing /opt/airflow/dags/7_branch_pythoon_operator.py took 0.271 seconds
[2026-09-13T00:14:11.882+0000] {processor.py:156} INFO - Started process (PID=159170) to work on /opt/airflow/dags/7_branch_pythoon_operator.py
[2026-09-13T00:14:11.886+0000] {processor.py:799} INFO - Processing file /opt/airflow/dags/7_branch_pythoon_operator.py for tasks to queue
[2026-09-13T00:14:11.891+0000] {logging_mixin.py:149} INFO - [2026-09-13T00:14:11.890+0000] {dagbag.py:541} INFO - Filling up the DagBag from /opt/airflow/dags/7_branch_pythoon_operator.py
[2026-09-13T00:14:11.927+0000] {processor.py:809} INFO - DAG(s) dict_keys(['7-branching']) retrieved from /opt/airflow/dags/7_branch_pythoon_operator.py
[2026-09-13T00:14:12.027+0000] {logging_mixin.py:149} INFO - [2026-09-13T00:14:12.026+0000] {dag.py:2726} INFO - Sync 1 DAGs
[2026-09-13T00:14:12.111+0000] {logging_mixin.py:149} INFO - [2026-09-13T00:14:12.111+0000] {dag.py:3490} INFO - Setting next_dagrun for 7-branching to 2023-04-15T00:00:00+00:00, run_after=2023-04-16T00:00:00+00:00
[2026-09-13T00:14:12.179+0000] {processor.py:178} INFO - Processing /opt/airflow/dags/7_branch_pythoon_operator.py took 0.311 seconds
[2026-09-13T00:14:42.332+0000] {processor.py:156} INFO - Started process (PID=159185) to work on /opt/airflow/dags/7_branch_pythoon_operator.py
[2026-09-13T00:14:42.335+0000] {processor.py:799} INFO - Processing file /opt/airflow/dags/7_branch_pythoon_operator.py for tasks to queue
[2026-09-13T00:14:42.337+0000] {logging_mixin.py:149} INFO - [2026-09-13T00:14:42.337+0000] {dagbag.py:541} INFO - Filling up the DagBag from /opt/airflow/dags/7_branch_pythoon_operator.py
[2026-09-13T00:14:42.369+0000] {processor.py:809} INFO - DAG(s) dict_keys(['7-branching']) retrieved from /opt/airflow/dags/7_branch_pythoon_operator.py
[2026-09-13T00:14:42.469+0000] {logging_mixin.py:149} INFO - [2026-09-13T00:14:42.468+0000] {dag.py:2726} INFO - Sync 1 DAGs
[2026-09-13T00:14:42.522+0000] {logging_mixin.py:149} INFO - [2026-09-13T00:14:42.522+0000] {dag.py:3490} INFO - Setting next_dagrun for 7-branching to 2023-04-15T00:00:00+00:00, run_after=2023-04-16T00:00:00+00:00
[2026-09-13T00:14:42.571+0000] {processor.py:178} INFO - Processing /opt/airflow/dags/7_branch_pythoon_operator.py took 0.250 seconds
[2026-09-13T00:15:12.624+0000] {processor.py:156} INFO - Started process (PID=159199) to work on /opt/airflow/dags/7_branch_pythoon_operator.py
[2026-09-13T00:15:12.631+0000] {processor.py:799} INFO - Processing file /opt/airflow/dags/7_branch_pythoon_operator.py for tasks to queue
[2026-09-13T00:15:12.633+0000] {logging_mixin.py:149} INFO - [2026-09-13T00:15:12.632+0000] {dagbag.py:541} INFO - Filling up the DagBag from /opt/airflow/dags/7_branch_pythoon_operator.py
[2026-09-13T00:15:12.668+0000] {processor.py:809} INFO - DAG(s) dict_keys(['7-branching']) retrieved from /opt/airflow/dags/7_branch_pythoon_operator.py
[2026-09-13T00:15:12.762+0000] {logging_mixin.py:149} INFO - [2026-09-13T00:15:12.762+0000] {dag.py:2726} INFO - Sync 1 DAGs
[2026-09-13T00:15:12.854+0000] {logging_mixin.py:149} INFO - [2026-09-13T00:15:12.853+0000] {dag.py:3490} INFO - Setting next_dagrun for 7-branching to 2023-04-15T00:00:00+00:00, run_after=2023-04-16T00:00:00+00:00
[2026-09-13T00:15:12.898+0000] {processor.py:178} INFO - Processing /opt/airflow/dags/7_branch_pythoon_operator.py took 0.284 seconds
[2026-09-13T00:15:43.029+0000] {processor.py:156} INFO - Started process (PID=159213) to work on /opt/airflow/dags/7_branch_pythoon_operator.py
[2026-09-13T00:15:43.032+0000] {processor.py:799} INFO - Processing file /opt/airflow/dags/7_branch_pythoon_operator.py for tasks to queue
[2026-09-13T00:15:43.033+0000] {logging_mixin.py:149} INFO - [2026-09-13T00:15:43.033+0000] {dagbag.py:541} INFO - Filling up the DagBag from /opt/airflow/dags/7_branch_pythoon_operator.py
[2026-09-13T00:15:43.066+0000] {processor.py:809} INFO - DAG(s) dict_keys(['7-branching']) retrieved from /opt/airflow/dags/7_branch_pythoon_operator.py
[2026-09-13T00:15:43.154+0000] {logging_mixin.py:149} INFO - [2026-09-13T00:15:43.153+0000] {dag.py:2726} INFO - Sync 1 DAGs
[2026-09-13T00:15:43.216+0000] {logging_mixin.py:149} INFO - [2026-09-13T00:15:43.215+0000] {dag.py:3490} INFO - Setting next_dagrun for 7-branching to 2023-04-15T00:00:00+00:00, run_after=2023-04-16T00:00:00+00:00
[2026-09-13T00:15:43.290+0000] {processor.py:178} INFO - Processing /opt/airflow/dags/7_branch_pythoon_operator.py took 0.272 seconds
[2026-09-13T00:16:13.426+0000] {processor.py:156} INFO - Started process (PID=159226) to work on /opt/airflow/dags/7_branch_pythoon_operator.py
[2026-09-13T00:16:13.430+0000] {processor.py:799} INFO - Processing file /opt/airflow/dags/7_branch_pythoon_operator.py for tasks to queue
[2026-09-13T00:16:13.431+0000] {logging_mixin.py:149} INFO - [2026-09-13T00:16:13.431+0000] {dagbag.py:541} INFO - Filling up the DagBag from /opt/airflow/dags/7_branch_pythoon_operator.py
[2026-09-13T00:16:13.465+0000] {processor.py:809} INFO - DAG(s) dict_keys(['7-branching']) retrieved from /opt/airflow/dags/7_branch_pythoon_operator.py
[2026-09-13T00:16:13.561+0000] {logging_mixin.py:149} INFO - [2026-09-13T00:16:13.561+0000] {dag.py:2726} INFO - Sync 1 DAGs
[2026-09-13T00:16:13.612+0000] {logging_mixin.py:149} INFO - [2026-09-13T00:16:13.612+0000] {dag.py:3490} INFO - Setting next_dagrun for 7-branching to 2023-04-15T00:00:00+00:00, run_after=2023-04-16T00:00:00+00:00
[2026-09-13T00:16:13.650+0000] {processor.py:178} INFO - Processing /opt/airflow/dags/7_branch_pythoon_operator.py took 0.235 seconds
[2026-09-13T00:16:43.921+0000] {processor.py:156} INFO - Started process (PID=159239) to work on /opt/airflow/dags/7_branch_pythoon_operator.py
[2026-09-13T00:16:43.922+0000] {processor.py:799} INFO - Processing file /opt/airflow/dags/7_branch_pythoon_operator.py for tasks to queue
[2026-09-13T00:16:43.923+0000] {logging_mixin.py:149} INFO - [2026-09-13T00:16:43.923+0000] {dagbag.py:541} INFO - Filling up the DagBag from /opt/airflow/dags/7_branch_pythoon_operator.py
[2026-09-13T00:16:43.960+0000] {processor.py:809} INFO - DAG(s) dict_keys(['7-branching']) retrieved from /opt/airflow/dags/7_branch_pythoon_operator.py
[2026-09-13T00:16:44.038+0000] {logging_mixin.py:149} INFO - [2026-09-13T00:16:44.037+0000] {dag.py:2726} INFO - Sync 1 DAGs
[2026-09-13T00:16:44.078+0000] {logging_mixin.py:149} INFO - [2026-09-13T00:16:44.078+0000] {dag.py:3490} INFO - Setting next_dagrun for 7-branching to 2023-04-15T00:00:00+00:00, run_after=2023-04-16T00:00:00+00:00
[2026-09-13T00:16:44.104+0000] {processor.py:178} INFO - Processing /opt/airflow/dags/7_branch_pythoon_operator.py took 0.209 seconds
[2026-09-13T00:17:14.316+0000] {processor.py:156} INFO - Started process (PID=159253) to work on /opt/airflow/dags/7_branch_pythoon_operator.py
[2026-09-13T00:17:14.329+0000] {processor.py:799} INFO - Processing file /opt/airflow/dags/7_branch_pythoon_operator.py for tasks to queue
[2026-09-13T00:17:14.331+0000] {logging_mixin.py:149} INFO - [2026-09-13T00:17:14.330+0000] {dagbag.py:541} INFO - Filling up the DagBag from /opt/airflow/dags/7_branch_pythoon_operator.py
[2026-09-13T00:17:14.366+0000] {processor.py:809} INFO - DAG(s) dict_keys(['7-branching']) retrieved from /opt/airflow/dags/7_branch_pythoon_operator.py
[2026-09-13T00:17:14.462+0000] {logging_mixin.py:149} INFO - [2026-09-13T00:17:14.461+0000] {dag.py:2726} INFO - Sync 1 DAGs
[2026-09-13T00:17:14.511+0000] {logging_mixin.py:149} INFO - [2026-09-13T00:17:14.511+0000] {dag.py:3490} INFO - Setting next_dagrun for 7-branching to 2023-04-15T00:00:00+00:00, run_after=2023-04-16T00:00:00+00:00
[2026-09-13T00:17:14.555+0000] {processor.py:178} INFO - Processing /opt/airflow/dags/7_branch_pythoon_operator.py took 0.251 seconds
[2026-09-13T00:17:44.645+0000] {processor.py:156} INFO - Started process (PID=159267) to work on /opt/airflow/dags/7_branch_pythoon_operator.py
[2026-09-13T00:17:44.648+0000] {processor.py:799} INFO - Processing file /opt/airflow/dags/7_branch_pythoon_operator.py for tasks to queue
[2026-09-13T00:17:44.650+0000] {logging_mixin.py:149} INFO - [2026-09-13T00:17:44.650+0000] {dagbag.py:541} INFO - Filling up the DagBag from /opt/airflow/dags/7_branch_pythoon_operator.py
[2026-09-13T00:17:44.692+0000] {processor.py:809} INFO - DAG(s) dict_keys(['7-branching']) retrieved from /opt/airflow/dags/7_branch_pythoon_operator.py
[2026-09-13T00:17:44.783+0000] {logging_mixin.py:149} INFO - [2026-09-13T00:17:44.783+0000] {dag.py:2726} INFO - Sync 1 DAGs
[2026-09-13T00:17:44.865+0000] {logging_mixin.py:149} INFO - [2026-09-13T00:17:44.864+0000] {dag.py:3490} INFO - Setting next_dagrun for 7-branching to 2023-04-15T00:00:00+00:00, run_after=2023-04-16T00:00:00+00:00
[2026-09-13T00:17:44.962+0000] {processor.py:178} INFO - Processing /opt/airflow/dags/7_branch_pythoon_operator.py took 0.329 seconds
[2026-09-13T00:18:15.118+0000] {processor.py:156} INFO - Started process (PID=159282) to work on /opt/airflow/dags/7_branch_pythoon_operator.py
[2026-09-13T00:18:15.122+0000] {processor.py:799} INFO - Processing file /opt/airflow/dags/7_branch_pythoon_operator.py for tasks to queue
[2026-09-13T00:18:15.124+0000] {logging_mixin.py:149} INFO - [2026-09-13T00:18:15.124+0000] {dagbag.py:541} INFO - Filling up the DagBag from /opt/airflow/dags/7_branch_pythoon_operator.py
[2026-09-13T00:18:15.157+0000] {processor.py:809} INFO - DAG(s) dict_keys(['7-branching']) retrieved from /opt/airflow/dags/7_branch_pythoon_operator.py
[2026-09-13T00:18:15.243+0000] {logging_mixin.py:149} INFO - [2026-09-13T00:18:15.243+0000] {dag.py:2726} INFO - Sync 1 DAGs
[2026-09-13T00:18:15.306+0000] {logging_mixin.py:149} INFO - [2026-09-13T00:18:15.306+0000] {dag.py:3490} INFO - Setting next_dagrun for 7-branching to 2023-04-15T00:00:00+00:00, run_after=2023-04-16T00:00:00+00:00
[2026-09-13T00:18:15.382+0000] {processor.py:178} INFO - Processing /opt/airflow/dags/7_branch_pythoon_operator.py took 0.276 seconds
[2026-09-13T00:18:45.545+0000] {processor.py:156} INFO - Started process (PID=159296) to work on /opt/airflow/dags/7_branch_pythoon_operator.py
[2026-09-13T00:18:45.547+0000] {processor.py:799} INFO - Processing file /opt/airflow/dags/7_branch_pythoon_operator.py for tasks to queue
[2026-09-13T00:18:45.549+0000] {logging_mixin.py:149} INFO - [2026-09-13T00:18:45.549+0000] {dagbag.py:541} INFO - Filling up the DagBag from /opt/airflow/dags/7_branch_pythoon_operator.py
[2026-09-13T00:18:45.590+0000] {processor.py:809} INFO - DAG(s) dict_keys(['7-branching']) retrieved from /opt/airflow/dags/7_branch_pythoon_operator.py
[2026-09-13T00:18:45.684+0000] {logging_mixin.py:149} INFO - [2026-09-13T00:18:45.684+0000] {dag.py:2726} INFO - Sync 1 DAGs
[2026-09-13T00:18:45.755+0000] {logging_mixin.py:149} INFO - [2026-09-13T00:18:45.755+0000] {dag.py:3490} INFO - Setting next_dagrun for 7-branching to 2023-04-15T00:00:00+00:00, run_after=2023-04-16T00:00:00+00:00
[2026-09-13T00:18:45.789+0000] {processor.py:178} INFO - Processing /opt/airflow/dags/7_branch_pythoon_operator.py took 0.258 seconds
[2026-09-13T00:19:15.852+0000] {processor.py:156} INFO - Started process (PID=159310) to work on /opt/airflow/dags/7_branch_pythoon_operator.py
[2026-09-13T00:19:15.855+0000] {processor.py:799} INFO - Processing file /opt/airflow/dags/7_branch_pythoon_operator.py for tasks to queue
[2026-09-13T00:19:15.856+0000] {logging_mixin.py:149} INFO - [2026-09-13T00:19:15.856+0000] {dagbag.py:541} INFO - Filling up the DagBag from /opt/airflow/dags/7_branch_pythoon_operator.py
[2026-09-13T00:19:15.889+0000] {processor.py:809} INFO - DAG(s) dict_keys(['7-branching']) retrieved from /opt/airflow/dags/7_branch_pythoon_operator.py
[2026-09-13T00:19:15.967+0000] {logging_mixin.py:149} INFO - [2026-09-13T00:19:15.966+0000] {dag.py:2726} INFO - Sync 1 DAGs
[2026-09-13T00:19:16.040+0000] {logging_mixin.py:149} INFO - [2026-09-13T00:19:16.038+0000] {dag.py:3490} INFO - Setting next_dagrun for 7-branching to 2023-04-15T00:00:00+00:00, run_after=2023-04-16T00:00:00+00:00
[2026-09-13T00:19:16.078+0000] {processor.py:178} INFO - Processing /opt/airflow/dags/7_branch_pythoon_operator.py took 0.235 seconds
[2026-09-13T00:19:46.212+0000] {processor.py:156} INFO - Started process (PID=159323) to work on /opt/airflow/dags/7_branch_pythoon_operator.py
[2026-09-13T00:19:46.215+0000] {processor.py:799} INFO - Processing file /opt/airflow/dags/7_branch_pythoon_operator.py for tasks to queue
[2026-09-13T00:19:46.217+0000] {logging_mixin.py:149} INFO - [2026-09-13T00:19:46.217+0000] {dagbag.py:541} INFO - Filling up the DagBag from /opt/airflow/dags/7_branch_pythoon_operator.py
[2026-09-13T00:19:46.252+0000] {processor.py:809} INFO - DAG(s) dict_keys(['7-branching']) retrieved from /opt/airflow/dags/7_branch_pythoon_operator.py
[2026-09-13T00:19:46.326+0000] {logging_mixin.py:149} INFO - [2026-09-13T00:19:46.325+0000] {dag.py:2726} INFO - Sync 1 DAGs
[2026-09-13T00:19:46.383+0000] {logging_mixin.py:149} INFO - [2026-09-13T00:19:46.383+0000] {dag.py:3490} INFO - Setting next_dagrun for 7-branching to 2023-04-15T00:00:00+00:00, run_after=2023-04-16T00:00:00+00:00
[2026-09-13T00:19:46.422+0000] {processor.py:178} INFO - Processing /opt/airflow/dags/7_branch_pythoon_operator.py took 0.220 seconds
[2026-09-13T00:20:16.503+0000] {processor.py:156} INFO - Started process (PID=159337) to work on /opt/airflow/dags/7_branch_pythoon_operator.py
[2026-09-13T00:20:16.506+0000] {processor.py:799} INFO - Processing file /opt/airflow/dags/7_branch_pythoon_operator.py for tasks to queue
[2026-09-13T00:20:16.507+0000] {logging_mixin.py:149} INFO - [2026-09-13T00:20:16.507+0000] {dagbag.py:541} INFO - Filling up the DagBag from /opt/airflow/dags/7_branch_pythoon_operator.py
[2026-09-13T00:20:16.541+0000] {processor.py:809} INFO - DAG(s) dict_keys(['7-branching']) retrieved from /opt/airflow/dags/7_branch_pythoon_operator.py
[2026-09-13T00:20:16.627+0000] {logging_mixin.py:149} INFO - [2026-09-13T00:20:16.626+0000] {dag.py:2726} INFO - Sync 1 DAGs
[2026-09-13T00:20:16.682+0000] {logging_mixin.py:149} INFO - [2026-09-13T00:20:16.681+0000] {dag.py:3490} INFO - Setting next_dagrun for 7-branching to 2023-04-15T00:00:00+00:00, run_after=2023-04-16T00:00:00+00:00
[2026-09-13T00:20:16.720+0000] {processor.py:178} INFO - Processing /opt/airflow/dags/7_branch_pythoon_operator.py took 0.229 seconds
[2026-09-13T00:20:46.996+0000] {processor.py:156} INFO - Started process (PID=159351) to work on /opt/airflow/dags/7_branch_pythoon_operator.py
[2026-09-13T00:20:47.005+0000] {processor.py:799} INFO - Processing file /opt/airflow/dags/7_branch_pythoon_operator.py for tasks to queue
[2026-09-13T00:20:47.011+0000] {logging_mixin.py:149} INFO - [2026-09-13T00:20:47.010+0000] {dagbag.py:541} INFO - Filling up the DagBag from /opt/airflow/dags/7_branch_pythoon_operator.py
[2026-09-13T00:20:47.047+0000] {processor.py:809} INFO - DAG(s) dict_keys(['7-branching']) retrieved from /opt/airflow/dags/7_branch_pythoon_operator.py
[2026-09-13T00:20:47.125+0000] {logging_mixin.py:149} INFO - [2026-09-13T00:20:47.124+0000] {dag.py:2726} INFO - Sync 1 DAGs
[2026-09-13T00:20:47.184+0000] {logging_mixin.py:149} INFO - [2026-09-13T00:20:47.183+0000] {dag.py:3490} INFO - Setting next_dagrun for 7-branching to 2023-04-15T00:00:00+00:00, run_after=2023-04-16T00:00:00+00:00
[2026-09-13T00:20:47.257+0000] {processor.py:178} INFO - Processing /opt/airflow/dags/7_branch_pythoon_operator.py took 0.273 seconds
[2026-09-13T00:21:17.455+0000] {processor.py:156} INFO - Started process (PID=159364) to work on /opt/airflow/dags/7_branch_pythoon_operator.py
[2026-09-13T00:21:17.456+0000] {processor.py:799} INFO - Processing file /opt/airflow/dags/7_branch_pythoon_operator.py for tasks to queue
[2026-09-13T00:21:17.457+0000] {logging_mixin.py:149} INFO - [2026-09-13T00:21:17.457+0000] {dagbag.py:541} INFO - Filling up the DagBag from /opt/airflow/dags/7_branch_pythoon_operator.py
[2026-09-13T00:21:17.477+0000] {processor.py:809} INFO - DAG(s) dict_keys(['7-branching']) retrieved from /opt/airflow/dags/7_branch_pythoon_operator.py
[2026-09-13T00:21:17.565+0000] {logging_mixin.py:149} INFO - [2026-09-13T00:21:17.565+0000] {dag.py:2726} INFO - Sync 1 DAGs
[2026-09-13T00:21:17.637+0000] {logging_mixin.py:149} INFO - [2026-09-13T00:21:17.636+0000] {dag.py:3490} INFO - Setting next_dagrun for 7-branching to 2023-04-15T00:00:00+00:00, run_after=2023-04-16T00:00:00+00:00
[2026-09-13T00:21:17.713+0000] {processor.py:178} INFO - Processing /opt/airflow/dags/7_branch_pythoon_operator.py took 0.264 seconds
[2026-09-13T00:21:48.031+0000] {processor.py:156} INFO - Started process (PID=159379) to work on /opt/airflow/dags/7_branch_pythoon_operator.py
[2026-09-13T00:21:48.034+0000] {processor.py:799} INFO - Processing file /opt/airflow/dags/7_branch_pythoon_operator.py for tasks to queue
[2026-09-13T00:21:48.036+0000] {logging_mixin.py:149} INFO - [2026-09-13T00:21:48.035+0000] {dagbag.py:541} INFO - Filling up the DagBag from /opt/airflow/dags/7_branch_pythoon_operator.py
[2026-09-13T00:21:48.086+0000] {processor.py:809} INFO - DAG(s) dict_keys(['7-branching']) retrieved from /opt/airflow/dags/7_branch_pythoon_operator.py
[2026-09-13T00:21:48.142+0000] {logging_mixin.py:149} INFO - [2026-09-13T00:21:48.142+0000] {dag.py:2726} INFO - Sync 1 DAGs
[2026-09-13T00:21:48.182+0000] {logging_mixin.py:149} INFO - [2026-09-13T00:21:48.182+0000] {dag.py:3490} INFO - Setting next_dagrun for 7-branching to 2023-04-15T00:00:00+00:00, run_after=2023-04-16T00:00:00+00:00
[2026-09-13T00:21:48.227+0000] {processor.py:178} INFO - Processing /opt/airflow/dags/7_branch_pythoon_operator.py took 0.205 seconds
[2026-09-13T00:22:18.511+0000] {processor.py:156} INFO - Started process (PID=159393) to work on /opt/airflow/dags/7_branch_pythoon_operator.py
[2026-09-13T00:22:18.514+0000] {processor.py:799} INFO - Processing file /opt/airflow/dags/7_branch_pythoon_operator.py for tasks to queue
[2026-09-13T00:22:18.516+0000] {logging_mixin.py:149} INFO - [2026-09-13T00:22:18.516+0000] {dagbag.py:541} INFO - Filling up the DagBag from /opt/airflow/dags/7_branch_pythoon_operator.py
[2026-09-13T00:22:18.553+0000] {processor.py:809} INFO - DAG(s) dict_keys(['7-branching']) retrieved from /opt/airflow/dags/7_branch_pythoon_operator.py
[2026-09-13T00:22:18.624+0000] {logging_mixin.py:149} INFO - [2026-09-13T00:22:18.624+0000] {dag.py:2726} INFO - Sync 1 DAGs
[2026-09-13T00:22:18.668+0000] {logging_mixin.py:149} INFO - [2026-09-13T00:22:18.668+0000] {dag.py:3490} INFO - Setting next_dagrun for 7-branching to 2023-04-15T00:00:00+00:00, run_after=2023-04-16T00:00:00+00:00
[2026-09-13T00:22:18.716+0000] {processor.py:178} INFO - Processing /opt/airflow/dags/7_branch_pythoon_operator.py took 0.220 seconds
[2026-09-13T00:22:48.875+0000] {processor.py:156} INFO - Started process (PID=159407) to work on /opt/airflow/dags/7_branch_pythoon_operator.py
[2026-09-13T00:22:48.878+0000] {processor.py:799} INFO - Processing file /opt/airflow/dags/7_branch_pythoon_operator.py for tasks to queue
[2026-09-13T00:22:48.880+0000] {logging_mixin.py:149} INFO - [2026-09-13T00:22:48.880+0000] {dagbag.py:541} INFO - Filling up the DagBag from /opt/airflow/dags/7_branch_pythoon_operator.py
[2026-09-13T00:22:48.927+0000] {processor.py:809} INFO - DAG(s) dict_keys(['7-branching']) retrieved from /opt/airflow/dags/7_branch_pythoon_operator.py
[2026-09-13T00:22:49.013+0000] {logging_mixin.py:149} INFO - [2026-09-13T00:22:49.012+0000] {dag.py:2726} INFO - Sync 1 DAGs
[2026-09-13T00:22:49.085+0000] {logging_mixin.py:149} INFO - [2026-09-13T00:22:49.084+0000] {dag.py:3490} INFO - Setting next_dagrun for 7-branching to 2023-04-15T00:00:00+00:00, run_after=2023-04-16T00:00:00+00:00
[2026-09-13T00:22:49.153+0000] {processor.py:178} INFO - Processing /opt/airflow/dags/7_branch_pythoon_operator.py took 0.289 seconds
[2026-09-13T00:23:19.239+0000] {processor.py:156} INFO - Started process (PID=159421) to work on /opt/airflow/dags/7_branch_pythoon_operator.py
[2026-09-13T00:23:19.242+0000] {processor.py:799} INFO - Processing file /opt/airflow/dags/7_branch_pythoon_operator.py for tasks to queue
[2026-09-13T00:23:19.244+0000] {logging_mixin.py:149} INFO - [2026-09-13T00:23:19.244+0000] {dagbag.py:541} INFO - Filling up the DagBag from /opt/airflow/dags/7_branch_pythoon_operator.py
[2026-09-13T00:23:19.285+0000] {processor.py:809} INFO - DAG(s) dict_keys(['7-branching']) retrieved from /opt/airflow/dags/7_branch_pythoon_operator.py
[2026-09-13T00:23:19.377+0000] {logging_mixin.py:149} INFO - [2026-09-13T00:23:19.377+0000] {dag.py:2726} INFO - Sync 1 DAGs
[2026-09-13T00:23:19.452+0000] {logging_mixin.py:149} INFO - [2026-09-13T00:23:19.451+0000] {dag.py:3490} INFO - Setting next_dagrun for 7-branching to 2023-04-15T00:00:00+00:00, run_after=2023-04-16T00:00:00+00:00
[2026-09-13T00:23:19.513+0000] {processor.py:178} INFO - Processing /opt/airflow/dags/7_branch_pythoon_operator.py took 0.287 seconds
[2026-09-13T00:23:49.698+0000] {processor.py:156} INFO - Started process (PID=159435) to work on /opt/airflow/dags/7_branch_pythoon_operator.py
[2026-09-13T00:23:49.702+0000] {processor.py:799} INFO - Processing file /opt/airflow/dags/7_branch_pythoon_operator.py for tasks to queue
[2026-09-13T00:23:49.704+0000] {logging_mixin.py:149} INFO - [2026-09-13T00:23:49.704+0000] {dagbag.py:541} INFO - Filling up the DagBag from /opt/airflow/dags/7_branch_pythoon_operator.py
[2026-09-13T00:23:49.738+0000] {processor.py:809} INFO - DAG(s) dict_keys(['7-branching']) retrieved from /opt/airflow/dags/7_branch_pythoon_operator.py
[2026-09-13T00:23:49.835+0000] {logging_mixin.py:149} INFO - [2026-09-13T00:23:49.834+0000] {dag.py:2726} INFO - Sync 1 DAGs
[2026-09-13T00:23:49.919+0000] {logging_mixin.py:149} INFO - [2026-09-13T00:23:49.919+0000] {dag.py:3490} INFO - Setting next_dagrun for 7-branching to 2023-04-15T00:00:00+00:00, run_after=2023-04-16T00:00:00+00:00
[2026-09-13T00:23:50.249+0000] {processor.py:178} INFO - Processing /opt/airflow/dags/7_branch_pythoon_operator.py took 0.562 seconds
[2026-09-13T00:24:20.612+0000] {processor.py:156} INFO - Started process (PID=159449) to work on /opt/airflow/dags/7_branch_pythoon_operator.py
[2026-09-13T00:24:20.617+0000] {processor.py:799} INFO - Processing file /opt/airflow/dags/7_branch_pythoon_operator.py for tasks to queue
[2026-09-13T00:24:20.619+0000] {logging_mixin.py:149} INFO - [2026-09-13T00:24:20.619+0000] {dagbag.py:541} INFO - Filling up the DagBag from /opt/airflow/dags/7_branch_pythoon_operator.py
[2026-09-13T00:24:20.655+0000] {processor.py:809} INFO - DAG(s) dict_keys(['7-branching']) retrieved from /opt/airflow/dags/7_branch_pythoon_operator.py
[2026-09-13T00:24:20.746+0000] {logging_mixin.py:149} INFO - [2026-09-13T00:24:20.745+0000] {dag.py:2726} INFO - Sync 1 DAGs
[2026-09-13T00:24:20.829+0000] {logging_mixin.py:149} INFO - [2026-09-13T00:24:20.828+0000] {dag.py:3490} INFO - Setting next_dagrun for 7-branching to 2023-04-15T00:00:00+00:00, run_after=2023-04-16T00:00:00+00:00
[2026-09-13T00:24:20.898+0000] {processor.py:178} INFO - Processing /opt/airflow/dags/7_branch_pythoon_operator.py took 0.297 seconds
[2026-09-13T00:24:51.162+0000] {processor.py:156} INFO - Started process (PID=159463) to work on /opt/airflow/dags/7_branch_pythoon_operator.py
[2026-09-13T00:24:51.168+0000] {processor.py:799} INFO - Processing file /opt/airflow/dags/7_branch_pythoon_operator.py for tasks to queue
[2026-09-13T00:24:51.171+0000] {logging_mixin.py:149} INFO - [2026-09-13T00:24:51.170+0000] {dagbag.py:541} INFO - Filling up the DagBag from /opt/airflow/dags/7_branch_pythoon_operator.py
[2026-09-13T00:24:51.211+0000] {processor.py:809} INFO - DAG(s) dict_keys(['7-branching']) retrieved from /opt/airflow/dags/7_branch_pythoon_operator.py
[2026-09-13T00:24:51.297+0000] {logging_mixin.py:149} INFO - [2026-09-13T00:24:51.297+0000] {dag.py:2726} INFO - Sync 1 DAGs
[2026-09-13T00:24:51.367+0000] {logging_mixin.py:149} INFO - [2026-09-13T00:24:51.365+0000] {dag.py:3490} INFO - Setting next_dagrun for 7-branching to 2023-04-15T00:00:00+00:00, run_after=2023-04-16T00:00:00+00:00
[2026-09-13T00:24:51.427+0000] {processor.py:178} INFO - Processing /opt/airflow/dags/7_branch_pythoon_operator.py took 0.276 seconds
[2026-09-13T00:25:21.641+0000] {processor.py:156} INFO - Started process (PID=159477) to work on /opt/airflow/dags/7_branch_pythoon_operator.py
[2026-09-13T00:25:21.644+0000] {processor.py:799} INFO - Processing file /opt/airflow/dags/7_branch_pythoon_operator.py for tasks to queue
[2026-09-13T00:25:21.644+0000] {logging_mixin.py:149} INFO - [2026-09-13T00:25:21.644+0000] {dagbag.py:541} INFO - Filling up the DagBag from /opt/airflow/dags/7_branch_pythoon_operator.py
[2026-09-13T00:25:21.664+0000] {processor.py:809} INFO - DAG(s) dict_keys(['7-branching']) retrieved from /opt/airflow/dags/7_branch_pythoon_operator.py
[2026-09-13T00:25:21.744+0000] {logging_mixin.py:149} INFO - [2026-09-13T00:25:21.743+0000] {dag.py:2726} INFO - Sync 1 DAGs
[2026-09-13T00:25:21.812+0000] {logging_mixin.py:149} INFO - [2026-09-13T00:25:21.812+0000] {dag.py:3490} INFO - Setting next_dagrun for 7-branching to 2023-04-15T00:00:00+00:00, run_after=2023-04-16T00:00:00+00:00
[2026-09-13T00:25:21.878+0000] {processor.py:178} INFO - Processing /opt/airflow/dags/7_branch_pythoon_operator.py took 0.242 seconds
[2026-09-13T00:25:52.087+0000] {processor.py:156} INFO - Started process (PID=159491) to work on /opt/airflow/dags/7_branch_pythoon_operator.py
[2026-09-13T00:25:52.110+0000] {processor.py:799} INFO - Processing file /opt/airflow/dags/7_branch_pythoon_operator.py for tasks to queue
[2026-09-13T00:25:52.111+0000] {logging_mixin.py:149} INFO - [2026-09-13T00:25:52.111+0000] {dagbag.py:541} INFO - Filling up the DagBag from /opt/airflow/dags/7_branch_pythoon_operator.py
[2026-09-13T00:25:52.141+0000] {processor.py:809} INFO - DAG(s) dict_keys(['7-branching']) retrieved from /opt/airflow/dags/7_branch_pythoon_operator.py
[2026-09-13T00:25:52.201+0000] {logging_mixin.py:149} INFO - [2026-09-13T00:25:52.200+0000] {dag.py:2726} INFO - Sync 1 DAGs
[2026-09-13T00:25:52.255+0000] {logging_mixin.py:149} INFO - [2026-09-13T00:25:52.254+0000] {dag.py:3490} INFO - Setting next_dagrun for 7-branching to 2023-04-15T00:00:00+00:00, run_after=2023-04-16T00:00:00+00:00
[2026-09-13T00:25:52.314+0000] {processor.py:178} INFO - Processing /opt/airflow/dags/7_branch_pythoon_operator.py took 0.235 seconds
[2026-09-13T00:26:22.479+0000] {processor.py:156} INFO - Started process (PID=159505) to work on /opt/airflow/dags/7_branch_pythoon_operator.py
[2026-09-13T00:26:22.482+0000] {processor.py:799} INFO - Processing file /opt/airflow/dags/7_branch_pythoon_operator.py for tasks to queue
[2026-09-13T00:26:22.484+0000] {logging_mixin.py:149} INFO - [2026-09-13T00:26:22.483+0000] {dagbag.py:541} INFO - Filling up the DagBag from /opt/airflow/dags/7_branch_pythoon_operator.py
[2026-09-13T00:26:22.517+0000] {processor.py:809} INFO - DAG(s) dict_keys(['7-branching']) retrieved from /opt/airflow/dags/7_branch_pythoon_operator.py
[2026-09-13T00:26:22.609+0000] {logging_mixin.py:149} INFO - [2026-09-13T00:26:22.609+0000] {dag.py:2726} INFO - Sync 1 DAGs
[2026-09-13T00:26:22.684+0000] {logging_mixin.py:149} INFO - [2026-09-13T00:26:22.684+0000] {dag.py:3490} INFO - Setting next_dagrun for 7-branching to 2023-04-15T00:00:00+00:00, run_after=2023-04-16T00:00:00+00:00
[2026-09-13T00:26:22.753+0000] {processor.py:178} INFO - Processing /opt/airflow/dags/7_branch_pythoon_operator.py took 0.287 seconds
[2026-09-13T00:26:53.045+0000] {processor.py:156} INFO - Started process (PID=159520) to work on /opt/airflow/dags/7_branch_pythoon_operator.py
[2026-09-13T00:26:53.048+0000] {processor.py:799} INFO - Processing file /opt/airflow/dags/7_branch_pythoon_operator.py for tasks to queue
[2026-09-13T00:26:53.050+0000] {logging_mixin.py:149} INFO - [2026-09-13T00:26:53.050+0000] {dagbag.py:541} INFO - Filling up the DagBag from /opt/airflow/dags/7_branch_pythoon_operator.py
[2026-09-13T00:26:53.084+0000] {processor.py:809} INFO - DAG(s) dict_keys(['7-branching']) retrieved from /opt/airflow/dags/7_branch_pythoon_operator.py
[2026-09-13T00:26:53.193+0000] {logging_mixin.py:149} INFO - [2026-09-13T00:26:53.175+0000] {dag.py:2726} INFO - Sync 1 DAGs
[2026-09-13T00:26:53.256+0000] {logging_mixin.py:149} INFO - [2026-09-13T00:26:53.256+0000] {dag.py:3490} INFO - Setting next_dagrun for 7-branching to 2023-04-15T00:00:00+00:00, run_after=2023-04-16T00:00:00+00:00
[2026-09-13T00:26:53.539+0000] {processor.py:178} INFO - Processing /opt/airflow/dags/7_branch_pythoon_operator.py took 0.506 seconds
[2026-09-13T00:27:24.482+0000] {processor.py:156} INFO - Started process (PID=159534) to work on /opt/airflow/dags/7_branch_pythoon_operator.py
[2026-09-13T00:27:24.486+0000] {processor.py:799} INFO - Processing file /opt/airflow/dags/7_branch_pythoon_operator.py for tasks to queue
[2026-09-13T00:27:24.488+0000] {logging_mixin.py:149} INFO - [2026-09-13T00:27:24.488+0000] {dagbag.py:541} INFO - Filling up the DagBag from /opt/airflow/dags/7_branch_pythoon_operator.py
[2026-09-13T00:27:24.524+0000] {processor.py:809} INFO - DAG(s) dict_keys(['7-branching']) retrieved from /opt/airflow/dags/7_branch_pythoon_operator.py
[2026-09-13T00:27:24.623+0000] {logging_mixin.py:149} INFO - [2026-09-13T00:27:24.622+0000] {dag.py:2726} INFO - Sync 1 DAGs
[2026-09-13T00:27:24.689+0000] {logging_mixin.py:149} INFO - [2026-09-13T00:27:24.689+0000] {dag.py:3490} INFO - Setting next_dagrun for 7-branching to 2023-04-15T00:00:00+00:00, run_after=2023-04-16T00:00:00+00:00
[2026-09-13T00:27:24.723+0000] {processor.py:178} INFO - Processing /opt/airflow/dags/7_branch_pythoon_operator.py took 0.252 seconds
[2026-09-13T00:27:55.038+0000] {processor.py:156} INFO - Started process (PID=159548) to work on /opt/airflow/dags/7_branch_pythoon_operator.py
[2026-09-13T00:27:55.041+0000] {processor.py:799} INFO - Processing file /opt/airflow/dags/7_branch_pythoon_operator.py for tasks to queue
[2026-09-13T00:27:55.043+0000] {logging_mixin.py:149} INFO - [2026-09-13T00:27:55.043+0000] {dagbag.py:541} INFO - Filling up the DagBag from /opt/airflow/dags/7_branch_pythoon_operator.py
[2026-09-13T00:27:55.077+0000] {processor.py:809} INFO - DAG(s) dict_keys(['7-branching']) retrieved from /opt/airflow/dags/7_branch_pythoon_operator.py
[2026-09-13T00:27:55.166+0000] {logging_mixin.py:149} INFO - [2026-09-13T00:27:55.165+0000] {dag.py:2726} INFO - Sync 1 DAGs
[2026-09-13T00:27:55.263+0000] {logging_mixin.py:149} INFO - [2026-09-13T00:27:55.263+0000] {dag.py:3490} INFO - Setting next_dagrun for 7-branching to 2023-04-15T00:00:00+00:00, run_after=2023-04-16T00:00:00+00:00
[2026-09-13T00:27:55.334+0000] {processor.py:178} INFO - Processing /opt/airflow/dags/7_branch_pythoon_operator.py took 0.309 seconds
[2026-09-13T00:28:25.684+0000] {processor.py:156} INFO - Started process (PID=159563) to work on /opt/airflow/dags/7_branch_pythoon_operator.py
[2026-09-13T00:28:25.696+0000] {processor.py:799} INFO - Processing file /opt/airflow/dags/7_branch_pythoon_operator.py for tasks to queue
[2026-09-13T00:28:25.699+0000] {logging_mixin.py:149} INFO - [2026-09-13T00:28:25.699+0000] {dagbag.py:541} INFO - Filling up the DagBag from /opt/airflow/dags/7_branch_pythoon_operator.py
[2026-09-13T00:28:25.751+0000] {processor.py:809} INFO - DAG(s) dict_keys(['7-branching']) retrieved from /opt/airflow/dags/7_branch_pythoon_operator.py
[2026-09-13T00:28:25.829+0000] {logging_mixin.py:149} INFO - [2026-09-13T00:28:25.828+0000] {dag.py:2726} INFO - Sync 1 DAGs
[2026-09-13T00:28:25.876+0000] {logging_mixin.py:149} INFO - [2026-09-13T00:28:25.876+0000] {dag.py:3490} INFO - Setting next_dagrun for 7-branching to 2023-04-15T00:00:00+00:00, run_after=2023-04-16T00:00:00+00:00
[2026-09-13T00:28:25.906+0000] {processor.py:178} INFO - Processing /opt/airflow/dags/7_branch_pythoon_operator.py took 0.234 seconds
[2026-09-13T00:28:56.031+0000] {processor.py:156} INFO - Started process (PID=159577) to work on /opt/airflow/dags/7_branch_pythoon_operator.py
[2026-09-13T00:28:56.035+0000] {processor.py:799} INFO - Processing file /opt/airflow/dags/7_branch_pythoon_operator.py for tasks to queue
[2026-09-13T00:28:56.036+0000] {logging_mixin.py:149} INFO - [2026-09-13T00:28:56.036+0000] {dagbag.py:541} INFO - Filling up the DagBag from /opt/airflow/dags/7_branch_pythoon_operator.py
[2026-09-13T00:28:56.070+0000] {processor.py:809} INFO - DAG(s) dict_keys(['7-branching']) retrieved from /opt/airflow/dags/7_branch_pythoon_operator.py
[2026-09-13T00:28:56.153+0000] {logging_mixin.py:149} INFO - [2026-09-13T00:28:56.153+0000] {dag.py:2726} INFO - Sync 1 DAGs
[2026-09-13T00:28:56.218+0000] {logging_mixin.py:149} INFO - [2026-09-13T00:28:56.218+0000] {dag.py:3490} INFO - Setting next_dagrun for 7-branching to 2023-04-15T00:00:00+00:00, run_after=2023-04-16T00:00:00+00:00
[2026-09-13T00:28:56.282+0000] {processor.py:178} INFO - Processing /opt/airflow/dags/7_branch_pythoon_operator.py took 0.261 seconds
[2026-09-13T00:29:26.477+0000] {processor.py:156} INFO - Started process (PID=159591) to work on /opt/airflow/dags/7_branch_pythoon_operator.py
[2026-09-13T00:29:26.481+0000] {processor.py:799} INFO - Processing file /opt/airflow/dags/7_branch_pythoon_operator.py for tasks to queue
[2026-09-13T00:29:26.483+0000] {logging_mixin.py:149} INFO - [2026-09-13T00:29:26.483+0000] {dagbag.py:541} INFO - Filling up the DagBag from /opt/airflow/dags/7_branch_pythoon_operator.py
[2026-09-13T00:29:26.518+0000] {processor.py:809} INFO - DAG(s) dict_keys(['7-branching']) retrieved from /opt/airflow/dags/7_branch_pythoon_operator.py
[2026-09-13T00:29:26.606+0000] {logging_mixin.py:149} INFO - [2026-09-13T00:29:26.606+0000] {dag.py:2726} INFO - Sync 1 DAGs
[2026-09-13T00:29:26.675+0000] {logging_mixin.py:149} INFO - [2026-09-13T00:29:26.675+0000] {dag.py:3490} INFO - Setting next_dagrun for 7-branching to 2023-04-15T00:00:00+00:00, run_after=2023-04-16T00:00:00+00:00
[2026-09-13T00:29:27.001+0000] {processor.py:178} INFO - Processing /opt/airflow/dags/7_branch_pythoon_operator.py took 0.534 seconds
[2026-09-13T00:29:57.171+0000] {processor.py:156} INFO - Started process (PID=159604) to work on /opt/airflow/dags/7_branch_pythoon_operator.py
[2026-09-13T00:29:57.175+0000] {processor.py:799} INFO - Processing file /opt/airflow/dags/7_branch_pythoon_operator.py for tasks to queue
[2026-09-13T00:29:57.177+0000] {logging_mixin.py:149} INFO - [2026-09-13T00:29:57.177+0000] {dagbag.py:541} INFO - Filling up the DagBag from /opt/airflow/dags/7_branch_pythoon_operator.py
[2026-09-13T00:29:57.211+0000] {processor.py:809} INFO - DAG(s) dict_keys(['7-branching']) retrieved from /opt/airflow/dags/7_branch_pythoon_operator.py
[2026-09-13T00:29:57.294+0000] {logging_mixin.py:149} INFO - [2026-09-13T00:29:57.294+0000] {dag.py:2726} INFO - Sync 1 DAGs
[2026-09-13T00:29:57.369+0000] {logging_mixin.py:149} INFO - [2026-09-13T00:29:57.368+0000] {dag.py:3490} INFO - Setting next_dagrun for 7-branching to 2023-04-15T00:00:00+00:00, run_after=2023-04-16T00:00:00+00:00
[2026-09-13T00:29:57.436+0000] {processor.py:178} INFO - Processing /opt/airflow/dags/7_branch_pythoon_operator.py took 0.276 seconds
[2026-09-13T00:30:27.676+0000] {processor.py:156} INFO - Started process (PID=159618) to work on /opt/airflow/dags/7_branch_pythoon_operator.py
[2026-09-13T00:30:27.680+0000] {processor.py:799} INFO - Processing file /opt/airflow/dags/7_branch_pythoon_operator.py for tasks to queue
[2026-09-13T00:30:27.682+0000] {logging_mixin.py:149} INFO - [2026-09-13T00:30:27.681+0000] {dagbag.py:541} INFO - Filling up the DagBag from /opt/airflow/dags/7_branch_pythoon_operator.py
[2026-09-13T00:30:27.713+0000] {processor.py:809} INFO - DAG(s) dict_keys(['7-branching']) retrieved from /opt/airflow/dags/7_branch_pythoon_operator.py
[2026-09-13T00:30:27.820+0000] {logging_mixin.py:149} INFO - [2026-09-13T00:30:27.819+0000] {dag.py:2726} INFO - Sync 1 DAGs
[2026-09-13T00:30:27.889+0000] {logging_mixin.py:149} INFO - [2026-09-13T00:30:27.889+0000] {dag.py:3490} INFO - Setting next_dagrun for 7-branching to 2023-04-15T00:00:00+00:00, run_after=2023-04-16T00:00:00+00:00
[2026-09-13T00:30:27.934+0000] {processor.py:178} INFO - Processing /opt/airflow/dags/7_branch_pythoon_operator.py took 0.270 seconds
[2026-09-13T00:30:58.180+0000] {processor.py:156} INFO - Started process (PID=159633) to work on /opt/airflow/dags/7_branch_pythoon_operator.py
[2026-09-13T00:30:58.185+0000] {processor.py:799} INFO - Processing file /opt/airflow/dags/7_branch_pythoon_operator.py for tasks to queue
[2026-09-13T00:30:58.186+0000] {logging_mixin.py:149} INFO - [2026-09-13T00:30:58.186+0000] {dagbag.py:541} INFO - Filling up the DagBag from /opt/airflow/dags/7_branch_pythoon_operator.py
[2026-09-13T00:30:58.221+0000] {processor.py:809} INFO - DAG(s) dict_keys(['7-branching']) retrieved from /opt/airflow/dags/7_branch_pythoon_operator.py
[2026-09-13T00:30:58.321+0000] {logging_mixin.py:149} INFO - [2026-09-13T00:30:58.321+0000] {dag.py:2726} INFO - Sync 1 DAGs
[2026-09-13T00:30:58.384+0000] {logging_mixin.py:149} INFO - [2026-09-13T00:30:58.384+0000] {dag.py:3490} INFO - Setting next_dagrun for 7-branching to 2023-04-15T00:00:00+00:00, run_after=2023-04-16T00:00:00+00:00
[2026-09-13T00:30:58.419+0000] {processor.py:178} INFO - Processing /opt/airflow/dags/7_branch_pythoon_operator.py took 0.248 seconds
[2026-09-13T00:31:28.723+0000] {processor.py:156} INFO - Started process (PID=159647) to work on /opt/airflow/dags/7_branch_pythoon_operator.py
[2026-09-13T00:31:28.730+0000] {processor.py:799} INFO - Processing file /opt/airflow/dags/7_branch_pythoon_operator.py for tasks to queue
[2026-09-13T00:31:28.731+0000] {logging_mixin.py:149} INFO - [2026-09-13T00:31:28.731+0000] {dagbag.py:541} INFO - Filling up the DagBag from /opt/airflow/dags/7_branch_pythoon_operator.py
[2026-09-13T00:31:28.783+0000] {processor.py:809} INFO - DAG(s) dict_keys(['7-branching']) retrieved from /opt/airflow/dags/7_branch_pythoon_operator.py
[2026-09-13T00:31:28.870+0000] {logging_mixin.py:149} INFO - [2026-09-13T00:31:28.869+0000] {dag.py:2726} INFO - Sync 1 DAGs
[2026-09-13T00:31:28.926+0000] {logging_mixin.py:149} INFO - [2026-09-13T00:31:28.925+0000] {dag.py:3490} INFO - Setting next_dagrun for 7-branching to 2023-04-15T00:00:00+00:00, run_after=2023-04-16T00:00:00+00:00
[2026-09-13T00:31:28.976+0000] {processor.py:178} INFO - Processing /opt/airflow/dags/7_branch_pythoon_operator.py took 0.264 seconds
[2026-09-13T00:31:59.084+0000] {processor.py:156} INFO - Started process (PID=159661) to work on /opt/airflow/dags/7_branch_pythoon_operator.py
[2026-09-13T00:31:59.088+0000] {processor.py:799} INFO - Processing file /opt/airflow/dags/7_branch_pythoon_operator.py for tasks to queue
[2026-09-13T00:31:59.091+0000] {logging_mixin.py:149} INFO - [2026-09-13T00:31:59.090+0000] {dagbag.py:541} INFO - Filling up the DagBag from /opt/airflow/dags/7_branch_pythoon_operator.py
[2026-09-13T00:31:59.131+0000] {processor.py:809} INFO - DAG(s) dict_keys(['7-branching']) retrieved from /opt/airflow/dags/7_branch_pythoon_operator.py
[2026-09-13T00:31:59.214+0000] {logging_mixin.py:149} INFO - [2026-09-13T00:31:59.213+0000] {dag.py:2726} INFO - Sync 1 DAGs
[2026-09-13T00:31:59.283+0000] {logging_mixin.py:149} INFO - [2026-09-13T00:31:59.283+0000] {dag.py:3490} INFO - Setting next_dagrun for 7-branching to 2023-04-15T00:00:00+00:00, run_after=2023-04-16T00:00:00+00:00
[2026-09-13T00:31:59.325+0000] {processor.py:178} INFO - Processing /opt/airflow/dags/7_branch_pythoon_operator.py took 0.254 seconds
[2026-09-13T00:32:29.726+0000] {processor.py:156} INFO - Started process (PID=159674) to work on /opt/airflow/dags/7_branch_pythoon_operator.py
[2026-09-13T00:32:29.730+0000] {processor.py:799} INFO - Processing file /opt/airflow/dags/7_branch_pythoon_operator.py for tasks to queue
[2026-09-13T00:32:29.733+0000] {logging_mixin.py:149} INFO - [2026-09-13T00:32:29.732+0000] {dagbag.py:541} INFO - Filling up the DagBag from /opt/airflow/dags/7_branch_pythoon_operator.py
[2026-09-13T00:32:29.776+0000] {processor.py:809} INFO - DAG(s) dict_keys(['7-branching']) retrieved from /opt/airflow/dags/7_branch_pythoon_operator.py
[2026-09-13T00:32:29.855+0000] {logging_mixin.py:149} INFO - [2026-09-13T00:32:29.854+0000] {dag.py:2726} INFO - Sync 1 DAGs
[2026-09-13T00:32:29.904+0000] {logging_mixin.py:149} INFO - [2026-09-13T00:32:29.903+0000] {dag.py:3490} INFO - Setting next_dagrun for 7-branching to 2023-04-15T00:00:00+00:00, run_after=2023-04-16T00:00:00+00:00
[2026-09-13T00:32:30.208+0000] {processor.py:178} INFO - Processing /opt/airflow/dags/7_branch_pythoon_operator.py took 0.494 seconds
[2026-09-13T00:33:00.896+0000] {processor.py:156} INFO - Started process (PID=159688) to work on /opt/airflow/dags/7_branch_pythoon_operator.py
[2026-09-13T00:33:00.899+0000] {processor.py:799} INFO - Processing file /opt/airflow/dags/7_branch_pythoon_operator.py for tasks to queue
[2026-09-13T00:33:00.901+0000] {logging_mixin.py:149} INFO - [2026-09-13T00:33:00.901+0000] {dagbag.py:541} INFO - Filling up the DagBag from /opt/airflow/dags/7_branch_pythoon_operator.py
[2026-09-13T00:33:00.935+0000] {processor.py:809} INFO - DAG(s) dict_keys(['7-branching']) retrieved from /opt/airflow/dags/7_branch_pythoon_operator.py
[2026-09-13T00:33:01.026+0000] {logging_mixin.py:149} INFO - [2026-09-13T00:33:01.025+0000] {dag.py:2726} INFO - Sync 1 DAGs
[2026-09-13T00:33:01.097+0000] {logging_mixin.py:149} INFO - [2026-09-13T00:33:01.097+0000] {dag.py:3490} INFO - Setting next_dagrun for 7-branching to 2023-04-15T00:00:00+00:00, run_after=2023-04-16T00:00:00+00:00
[2026-09-13T00:33:01.128+0000] {processor.py:178} INFO - Processing /opt/airflow/dags/7_branch_pythoon_operator.py took 0.244 seconds
[2026-09-13T00:33:31.224+0000] {processor.py:156} INFO - Started process (PID=159702) to work on /opt/airflow/dags/7_branch_pythoon_operator.py
[2026-09-13T00:33:31.227+0000] {processor.py:799} INFO - Processing file /opt/airflow/dags/7_branch_pythoon_operator.py for tasks to queue
[2026-09-13T00:33:31.229+0000] {logging_mixin.py:149} INFO - [2026-09-13T00:33:31.229+0000] {dagbag.py:541} INFO - Filling up the DagBag from /opt/airflow/dags/7_branch_pythoon_operator.py
[2026-09-13T00:33:31.265+0000] {processor.py:809} INFO - DAG(s) dict_keys(['7-branching']) retrieved from /opt/airflow/dags/7_branch_pythoon_operator.py
[2026-09-13T00:33:31.355+0000] {logging_mixin.py:149} INFO - [2026-09-13T00:33:31.355+0000] {dag.py:2726} INFO - Sync 1 DAGs
[2026-09-13T00:33:31.406+0000] {logging_mixin.py:149} INFO - [2026-09-13T00:33:31.405+0000] {dag.py:3490} INFO - Setting next_dagrun for 7-branching to 2023-04-15T00:00:00+00:00, run_after=2023-04-16T00:00:00+00:00
[2026-09-13T00:33:31.438+0000] {processor.py:178} INFO - Processing /opt/airflow/dags/7_branch_pythoon_operator.py took 0.226 seconds
[2026-09-13T00:34:01.669+0000] {processor.py:156} INFO - Started process (PID=159716) to work on /opt/airflow/dags/7_branch_pythoon_operator.py
[2026-09-13T00:34:01.674+0000] {processor.py:799} INFO - Processing file /opt/airflow/dags/7_branch_pythoon_operator.py for tasks to queue
[2026-09-13T00:34:01.676+0000] {logging_mixin.py:149} INFO - [2026-09-13T00:34:01.676+0000] {dagbag.py:541} INFO - Filling up the DagBag from /opt/airflow/dags/7_branch_pythoon_operator.py
[2026-09-13T00:34:01.713+0000] {processor.py:809} INFO - DAG(s) dict_keys(['7-branching']) retrieved from /opt/airflow/dags/7_branch_pythoon_operator.py
[2026-09-13T00:34:01.801+0000] {logging_mixin.py:149} INFO - [2026-09-13T00:34:01.800+0000] {dag.py:2726} INFO - Sync 1 DAGs
[2026-09-13T00:34:01.872+0000] {logging_mixin.py:149} INFO - [2026-09-13T00:34:01.872+0000] {dag.py:3490} INFO - Setting next_dagrun for 7-branching to 2023-04-15T00:00:00+00:00, run_after=2023-04-16T00:00:00+00:00
[2026-09-13T00:34:01.917+0000] {processor.py:178} INFO - Processing /opt/airflow/dags/7_branch_pythoon_operator.py took 0.259 seconds
[2026-09-13T00:34:32.186+0000] {processor.py:156} INFO - Started process (PID=159731) to work on /opt/airflow/dags/7_branch_pythoon_operator.py
[2026-09-13T00:34:32.190+0000] {processor.py:799} INFO - Processing file /opt/airflow/dags/7_branch_pythoon_operator.py for tasks to queue
[2026-09-13T00:34:32.193+0000] {logging_mixin.py:149} INFO - [2026-09-13T00:34:32.192+0000] {dagbag.py:541} INFO - Filling up the DagBag from /opt/airflow/dags/7_branch_pythoon_operator.py
[2026-09-13T00:34:32.230+0000] {processor.py:809} INFO - DAG(s) dict_keys(['7-branching']) retrieved from /opt/airflow/dags/7_branch_pythoon_operator.py
[2026-09-13T00:34:32.298+0000] {logging_mixin.py:149} INFO - [2026-09-13T00:34:32.298+0000] {dag.py:2726} INFO - Sync 1 DAGs
[2026-09-13T00:34:32.342+0000] {logging_mixin.py:149} INFO - [2026-09-13T00:34:32.342+0000] {dag.py:3490} INFO - Setting next_dagrun for 7-branching to 2023-04-15T00:00:00+00:00, run_after=2023-04-16T00:00:00+00:00
[2026-09-13T00:34:32.371+0000] {processor.py:178} INFO - Processing /opt/airflow/dags/7_branch_pythoon_operator.py took 0.196 seconds
[2026-09-13T00:35:02.582+0000] {processor.py:156} INFO - Started process (PID=159746) to work on /opt/airflow/dags/7_branch_pythoon_operator.py
[2026-09-13T00:35:02.586+0000] {processor.py:799} INFO - Processing file /opt/airflow/dags/7_branch_pythoon_operator.py for tasks to queue
[2026-09-13T00:35:02.587+0000] {logging_mixin.py:149} INFO - [2026-09-13T00:35:02.587+0000] {dagbag.py:541} INFO - Filling up the DagBag from /opt/airflow/dags/7_branch_pythoon_operator.py
[2026-09-13T00:35:02.622+0000] {processor.py:809} INFO - DAG(s) dict_keys(['7-branching']) retrieved from /opt/airflow/dags/7_branch_pythoon_operator.py
[2026-09-13T00:35:02.712+0000] {logging_mixin.py:149} INFO - [2026-09-13T00:35:02.712+0000] {dag.py:2726} INFO - Sync 1 DAGs
[2026-09-13T00:35:02.768+0000] {logging_mixin.py:149} INFO - [2026-09-13T00:35:02.768+0000] {dag.py:3490} INFO - Setting next_dagrun for 7-branching to 2023-04-15T00:00:00+00:00, run_after=2023-04-16T00:00:00+00:00
[2026-09-13T00:35:03.077+0000] {processor.py:178} INFO - Processing /opt/airflow/dags/7_branch_pythoon_operator.py took 0.508 seconds
[2026-09-13T00:35:33.634+0000] {processor.py:156} INFO - Started process (PID=159760) to work on /opt/airflow/dags/7_branch_pythoon_operator.py
[2026-09-13T00:35:33.646+0000] {processor.py:799} INFO - Processing file /opt/airflow/dags/7_branch_pythoon_operator.py for tasks to queue
[2026-09-13T00:35:33.649+0000] {logging_mixin.py:149} INFO - [2026-09-13T00:35:33.649+0000] {dagbag.py:541} INFO - Filling up the DagBag from /opt/airflow/dags/7_branch_pythoon_operator.py
[2026-09-13T00:35:33.682+0000] {processor.py:809} INFO - DAG(s) dict_keys(['7-branching']) retrieved from /opt/airflow/dags/7_branch_pythoon_operator.py
[2026-09-13T00:35:33.774+0000] {logging_mixin.py:149} INFO - [2026-09-13T00:35:33.773+0000] {dag.py:2726} INFO - Sync 1 DAGs
[2026-09-13T00:35:33.919+0000] {logging_mixin.py:149} INFO - [2026-09-13T00:35:33.918+0000] {dag.py:3490} INFO - Setting next_dagrun for 7-branching to 2023-04-15T00:00:00+00:00, run_after=2023-04-16T00:00:00+00:00
[2026-09-13T00:35:33.980+0000] {processor.py:178} INFO - Processing /opt/airflow/dags/7_branch_pythoon_operator.py took 0.356 seconds
[2026-09-13T00:36:04.294+0000] {processor.py:156} INFO - Started process (PID=159781) to work on /opt/airflow/dags/7_branch_pythoon_operator.py
[2026-09-13T00:36:04.302+0000] {processor.py:799} INFO - Processing file /opt/airflow/dags/7_branch_pythoon_operator.py for tasks to queue
[2026-09-13T00:36:04.304+0000] {logging_mixin.py:149} INFO - [2026-09-13T00:36:04.303+0000] {dagbag.py:541} INFO - Filling up the DagBag from /opt/airflow/dags/7_branch_pythoon_operator.py
[2026-09-13T00:36:04.345+0000] {processor.py:809} INFO - DAG(s) dict_keys(['7-branching']) retrieved from /opt/airflow/dags/7_branch_pythoon_operator.py
[2026-09-13T00:36:04.430+0000] {logging_mixin.py:149} INFO - [2026-09-13T00:36:04.430+0000] {dag.py:2726} INFO - Sync 1 DAGs
[2026-09-13T00:36:04.494+0000] {logging_mixin.py:149} INFO - [2026-09-13T00:36:04.493+0000] {dag.py:3490} INFO - Setting next_dagrun for 7-branching to 2023-04-15T00:00:00+00:00, run_after=2023-04-16T00:00:00+00:00
[2026-09-13T00:36:04.560+0000] {processor.py:178} INFO - Processing /opt/airflow/dags/7_branch_pythoon_operator.py took 0.275 seconds
[2026-09-13T00:36:34.707+0000] {processor.py:156} INFO - Started process (PID=159796) to work on /opt/airflow/dags/7_branch_pythoon_operator.py
[2026-09-13T00:36:34.710+0000] {processor.py:799} INFO - Processing file /opt/airflow/dags/7_branch_pythoon_operator.py for tasks to queue
[2026-09-13T00:36:34.712+0000] {logging_mixin.py:149} INFO - [2026-09-13T00:36:34.712+0000] {dagbag.py:541} INFO - Filling up the DagBag from /opt/airflow/dags/7_branch_pythoon_operator.py
[2026-09-13T00:36:34.745+0000] {processor.py:809} INFO - DAG(s) dict_keys(['7-branching']) retrieved from /opt/airflow/dags/7_branch_pythoon_operator.py
[2026-09-13T00:36:34.840+0000] {logging_mixin.py:149} INFO - [2026-09-13T00:36:34.839+0000] {dag.py:2726} INFO - Sync 1 DAGs
[2026-09-13T00:36:34.898+0000] {logging_mixin.py:149} INFO - [2026-09-13T00:36:34.898+0000] {dag.py:3490} INFO - Setting next_dagrun for 7-branching to 2023-04-15T00:00:00+00:00, run_after=2023-04-16T00:00:00+00:00
[2026-09-13T00:36:34.944+0000] {processor.py:178} INFO - Processing /opt/airflow/dags/7_branch_pythoon_operator.py took 0.249 seconds
[2026-09-13T00:37:05.136+0000] {processor.py:156} INFO - Started process (PID=159811) to work on /opt/airflow/dags/7_branch_pythoon_operator.py
[2026-09-13T00:37:05.143+0000] {processor.py:799} INFO - Processing file /opt/airflow/dags/7_branch_pythoon_operator.py for tasks to queue
[2026-09-13T00:37:05.145+0000] {logging_mixin.py:149} INFO - [2026-09-13T00:37:05.145+0000] {dagbag.py:541} INFO - Filling up the DagBag from /opt/airflow/dags/7_branch_pythoon_operator.py
[2026-09-13T00:37:05.181+0000] {processor.py:809} INFO - DAG(s) dict_keys(['7-branching']) retrieved from /opt/airflow/dags/7_branch_pythoon_operator.py
[2026-09-13T00:37:05.243+0000] {logging_mixin.py:149} INFO - [2026-09-13T00:37:05.243+0000] {dag.py:2726} INFO - Sync 1 DAGs
[2026-09-13T00:37:05.280+0000] {logging_mixin.py:149} INFO - [2026-09-13T00:37:05.279+0000] {dag.py:3490} INFO - Setting next_dagrun for 7-branching to 2023-04-15T00:00:00+00:00, run_after=2023-04-16T00:00:00+00:00
[2026-09-13T00:37:05.311+0000] {processor.py:178} INFO - Processing /opt/airflow/dags/7_branch_pythoon_operator.py took 0.189 seconds
[2026-09-13T00:37:35.470+0000] {processor.py:156} INFO - Started process (PID=159825) to work on /opt/airflow/dags/7_branch_pythoon_operator.py
[2026-09-13T00:37:35.474+0000] {processor.py:799} INFO - Processing file /opt/airflow/dags/7_branch_pythoon_operator.py for tasks to queue
[2026-09-13T00:37:35.476+0000] {logging_mixin.py:149} INFO - [2026-09-13T00:37:35.475+0000] {dagbag.py:541} INFO - Filling up the DagBag from /opt/airflow/dags/7_branch_pythoon_operator.py
[2026-09-13T00:37:35.511+0000] {processor.py:809} INFO - DAG(s) dict_keys(['7-branching']) retrieved from /opt/airflow/dags/7_branch_pythoon_operator.py
[2026-09-13T00:37:35.597+0000] {logging_mixin.py:149} INFO - [2026-09-13T00:37:35.597+0000] {dag.py:2726} INFO - Sync 1 DAGs
[2026-09-13T00:37:35.663+0000] {logging_mixin.py:149} INFO - [2026-09-13T00:37:35.662+0000] {dag.py:3490} INFO - Setting next_dagrun for 7-branching to 2023-04-15T00:00:00+00:00, run_after=2023-04-16T00:00:00+00:00
[2026-09-13T00:37:35.718+0000] {processor.py:178} INFO - Processing /opt/airflow/dags/7_branch_pythoon_operator.py took 0.260 seconds
[2026-09-13T00:38:06.004+0000] {processor.py:156} INFO - Started process (PID=159839) to work on /opt/airflow/dags/7_branch_pythoon_operator.py
[2026-09-13T00:38:06.007+0000] {processor.py:799} INFO - Processing file /opt/airflow/dags/7_branch_pythoon_operator.py for tasks to queue
[2026-09-13T00:38:06.009+0000] {logging_mixin.py:149} INFO - [2026-09-13T00:38:06.009+0000] {dagbag.py:541} INFO - Filling up the DagBag from /opt/airflow/dags/7_branch_pythoon_operator.py
[2026-09-13T00:38:06.044+0000] {processor.py:809} INFO - DAG(s) dict_keys(['7-branching']) retrieved from /opt/airflow/dags/7_branch_pythoon_operator.py
[2026-09-13T00:38:06.135+0000] {logging_mixin.py:149} INFO - [2026-09-13T00:38:06.135+0000] {dag.py:2726} INFO - Sync 1 DAGs
[2026-09-13T00:38:06.472+0000] {logging_mixin.py:149} INFO - [2026-09-13T00:38:06.471+0000] {dag.py:3490} INFO - Setting next_dagrun for 7-branching to 2023-04-15T00:00:00+00:00, run_after=2023-04-16T00:00:00+00:00
[2026-09-13T00:38:06.511+0000] {processor.py:178} INFO - Processing /opt/airflow/dags/7_branch_pythoon_operator.py took 0.518 seconds
[2026-09-13T00:38:36.667+0000] {processor.py:156} INFO - Started process (PID=159853) to work on /opt/airflow/dags/7_branch_pythoon_operator.py
[2026-09-13T00:38:36.672+0000] {processor.py:799} INFO - Processing file /opt/airflow/dags/7_branch_pythoon_operator.py for tasks to queue
[2026-09-13T00:38:36.675+0000] {logging_mixin.py:149} INFO - [2026-09-13T00:38:36.674+0000] {dagbag.py:541} INFO - Filling up the DagBag from /opt/airflow/dags/7_branch_pythoon_operator.py
[2026-09-13T00:38:36.714+0000] {processor.py:809} INFO - DAG(s) dict_keys(['7-branching']) retrieved from /opt/airflow/dags/7_branch_pythoon_operator.py
[2026-09-13T00:38:36.810+0000] {logging_mixin.py:149} INFO - [2026-09-13T00:38:36.809+0000] {dag.py:2726} INFO - Sync 1 DAGs
[2026-09-13T00:38:36.890+0000] {logging_mixin.py:149} INFO - [2026-09-13T00:38:36.889+0000] {dag.py:3490} INFO - Setting next_dagrun for 7-branching to 2023-04-15T00:00:00+00:00, run_after=2023-04-16T00:00:00+00:00
[2026-09-13T00:38:36.951+0000] {processor.py:178} INFO - Processing /opt/airflow/dags/7_branch_pythoon_operator.py took 0.295 seconds
[2026-09-13T00:39:07.941+0000] {processor.py:156} INFO - Started process (PID=159867) to work on /opt/airflow/dags/7_branch_pythoon_operator.py
[2026-09-13T00:39:07.945+0000] {processor.py:799} INFO - Processing file /opt/airflow/dags/7_branch_pythoon_operator.py for tasks to queue
[2026-09-13T00:39:07.947+0000] {logging_mixin.py:149} INFO - [2026-09-13T00:39:07.946+0000] {dagbag.py:541} INFO - Filling up the DagBag from /opt/airflow/dags/7_branch_pythoon_operator.py
[2026-09-13T00:39:08.022+0000] {processor.py:809} INFO - DAG(s) dict_keys(['7-branching']) retrieved from /opt/airflow/dags/7_branch_pythoon_operator.py
[2026-09-13T00:39:08.113+0000] {logging_mixin.py:149} INFO - [2026-09-13T00:39:08.112+0000] {dag.py:2726} INFO - Sync 1 DAGs
[2026-09-13T00:39:08.174+0000] {logging_mixin.py:149} INFO - [2026-09-13T00:39:08.173+0000] {dag.py:3490} INFO - Setting next_dagrun for 7-branching to 2023-04-15T00:00:00+00:00, run_after=2023-04-16T00:00:00+00:00
[2026-09-13T00:39:08.226+0000] {processor.py:178} INFO - Processing /opt/airflow/dags/7_branch_pythoon_operator.py took 0.297 seconds
[2026-09-13T00:39:38.930+0000] {processor.py:156} INFO - Started process (PID=159881) to work on /opt/airflow/dags/7_branch_pythoon_operator.py
[2026-09-13T00:39:38.933+0000] {processor.py:799} INFO - Processing file /opt/airflow/dags/7_branch_pythoon_operator.py for tasks to queue
[2026-09-13T00:39:38.934+0000] {logging_mixin.py:149} INFO - [2026-09-13T00:39:38.934+0000] {dagbag.py:541} INFO - Filling up the DagBag from /opt/airflow/dags/7_branch_pythoon_operator.py
[2026-09-13T00:39:38.973+0000] {processor.py:809} INFO - DAG(s) dict_keys(['7-branching']) retrieved from /opt/airflow/dags/7_branch_pythoon_operator.py
[2026-09-13T00:39:39.070+0000] {logging_mixin.py:149} INFO - [2026-09-13T00:39:39.070+0000] {dag.py:2726} INFO - Sync 1 DAGs
[2026-09-13T00:39:39.145+0000] {logging_mixin.py:149} INFO - [2026-09-13T00:39:39.145+0000] {dag.py:3490} INFO - Setting next_dagrun for 7-branching to 2023-04-15T00:00:00+00:00, run_after=2023-04-16T00:00:00+00:00
[2026-09-13T00:39:39.200+0000] {processor.py:178} INFO - Processing /opt/airflow/dags/7_branch_pythoon_operator.py took 0.282 seconds
[2026-09-13T00:40:09.291+0000] {processor.py:156} INFO - Started process (PID=159895) to work on /opt/airflow/dags/7_branch_pythoon_operator.py
[2026-09-13T00:40:09.294+0000] {processor.py:799} INFO - Processing file /opt/airflow/dags/7_branch_pythoon_operator.py for tasks to queue
[2026-09-13T00:40:09.295+0000] {logging_mixin.py:149} INFO - [2026-09-13T00:40:09.295+0000] {dagbag.py:541} INFO - Filling up the DagBag from /opt/airflow/dags/7_branch_pythoon_operator.py
[2026-09-13T00:40:09.330+0000] {processor.py:809} INFO - DAG(s) dict_keys(['7-branching']) retrieved from /opt/airflow/dags/7_branch_pythoon_operator.py
[2026-09-13T00:40:09.414+0000] {logging_mixin.py:149} INFO - [2026-09-13T00:40:09.413+0000] {dag.py:2726} INFO - Sync 1 DAGs
[2026-09-13T00:40:09.495+0000] {logging_mixin.py:149} INFO - [2026-09-13T00:40:09.494+0000] {dag.py:3490} INFO - Setting next_dagrun for 7-branching to 2023-04-15T00:00:00+00:00, run_after=2023-04-16T00:00:00+00:00
[2026-09-13T00:40:09.542+0000] {processor.py:178} INFO - Processing /opt/airflow/dags/7_branch_pythoon_operator.py took 0.262 seconds
[2026-09-13T00:40:39.970+0000] {processor.py:156} INFO - Started process (PID=159908) to work on /opt/airflow/dags/7_branch_pythoon_operator.py
[2026-09-13T00:40:39.974+0000] {processor.py:799} INFO - Processing file /opt/airflow/dags/7_branch_pythoon_operator.py for tasks to queue
[2026-09-13T00:40:39.976+0000] {logging_mixin.py:149} INFO - [2026-09-13T00:40:39.976+0000] {dagbag.py:541} INFO - Filling up the DagBag from /opt/airflow/dags/7_branch_pythoon_operator.py
[2026-09-13T00:40:40.011+0000] {processor.py:809} INFO - DAG(s) dict_keys(['7-branching']) retrieved from /opt/airflow/dags/7_branch_pythoon_operator.py
[2026-09-13T00:40:40.088+0000] {logging_mixin.py:149} INFO - [2026-09-13T00:40:40.087+0000] {dag.py:2726} INFO - Sync 1 DAGs
[2026-09-13T00:40:40.132+0000] {logging_mixin.py:149} INFO - [2026-09-13T00:40:40.131+0000] {dag.py:3490} INFO - Setting next_dagrun for 7-branching to 2023-04-15T00:00:00+00:00, run_after=2023-04-16T00:00:00+00:00
[2026-09-13T00:40:40.389+0000] {processor.py:178} INFO - Processing /opt/airflow/dags/7_branch_pythoon_operator.py took 0.430 seconds
[2026-09-13T00:41:10.574+0000] {processor.py:156} INFO - Started process (PID=159922) to work on /opt/airflow/dags/7_branch_pythoon_operator.py
[2026-09-13T00:41:10.578+0000] {processor.py:799} INFO - Processing file /opt/airflow/dags/7_branch_pythoon_operator.py for tasks to queue
[2026-09-13T00:41:10.579+0000] {logging_mixin.py:149} INFO - [2026-09-13T00:41:10.579+0000] {dagbag.py:541} INFO - Filling up the DagBag from /opt/airflow/dags/7_branch_pythoon_operator.py
[2026-09-13T00:41:10.610+0000] {processor.py:809} INFO - DAG(s) dict_keys(['7-branching']) retrieved from /opt/airflow/dags/7_branch_pythoon_operator.py
[2026-09-13T00:41:10.703+0000] {logging_mixin.py:149} INFO - [2026-09-13T00:41:10.703+0000] {dag.py:2726} INFO - Sync 1 DAGs
[2026-09-13T00:41:10.770+0000] {logging_mixin.py:149} INFO - [2026-09-13T00:41:10.769+0000] {dag.py:3490} INFO - Setting next_dagrun for 7-branching to 2023-04-15T00:00:00+00:00, run_after=2023-04-16T00:00:00+00:00
[2026-09-13T00:41:10.831+0000] {processor.py:178} INFO - Processing /opt/airflow/dags/7_branch_pythoon_operator.py took 0.265 seconds
[2026-09-13T00:41:41.039+0000] {processor.py:156} INFO - Started process (PID=159936) to work on /opt/airflow/dags/7_branch_pythoon_operator.py
[2026-09-13T00:41:41.044+0000] {processor.py:799} INFO - Processing file /opt/airflow/dags/7_branch_pythoon_operator.py for tasks to queue
[2026-09-13T00:41:41.046+0000] {logging_mixin.py:149} INFO - [2026-09-13T00:41:41.046+0000] {dagbag.py:541} INFO - Filling up the DagBag from /opt/airflow/dags/7_branch_pythoon_operator.py
[2026-09-13T00:41:41.086+0000] {processor.py:809} INFO - DAG(s) dict_keys(['7-branching']) retrieved from /opt/airflow/dags/7_branch_pythoon_operator.py
[2026-09-13T00:41:41.175+0000] {logging_mixin.py:149} INFO - [2026-09-13T00:41:41.175+0000] {dag.py:2726} INFO - Sync 1 DAGs
[2026-09-13T00:41:41.253+0000] {logging_mixin.py:149} INFO - [2026-09-13T00:41:41.252+0000] {dag.py:3490} INFO - Setting next_dagrun for 7-branching to 2023-04-15T00:00:00+00:00, run_after=2023-04-16T00:00:00+00:00
[2026-09-13T00:41:41.313+0000] {processor.py:178} INFO - Processing /opt/airflow/dags/7_branch_pythoon_operator.py took 0.286 seconds
[2026-09-13T00:42:11.502+0000] {processor.py:156} INFO - Started process (PID=159949) to work on /opt/airflow/dags/7_branch_pythoon_operator.py
[2026-09-13T00:42:11.506+0000] {processor.py:799} INFO - Processing file /opt/airflow/dags/7_branch_pythoon_operator.py for tasks to queue
[2026-09-13T00:42:11.507+0000] {logging_mixin.py:149} INFO - [2026-09-13T00:42:11.507+0000] {dagbag.py:541} INFO - Filling up the DagBag from /opt/airflow/dags/7_branch_pythoon_operator.py
[2026-09-13T00:42:11.527+0000] {processor.py:809} INFO - DAG(s) dict_keys(['7-branching']) retrieved from /opt/airflow/dags/7_branch_pythoon_operator.py
[2026-09-13T00:42:11.618+0000] {logging_mixin.py:149} INFO - [2026-09-13T00:42:11.617+0000] {dag.py:2726} INFO - Sync 1 DAGs
[2026-09-13T00:42:11.686+0000] {logging_mixin.py:149} INFO - [2026-09-13T00:42:11.685+0000] {dag.py:3490} INFO - Setting next_dagrun for 7-branching to 2023-04-15T00:00:00+00:00, run_after=2023-04-16T00:00:00+00:00
[2026-09-13T00:42:11.753+0000] {processor.py:178} INFO - Processing /opt/airflow/dags/7_branch_pythoon_operator.py took 0.256 seconds
[2026-09-13T00:42:41.981+0000] {processor.py:156} INFO - Started process (PID=159964) to work on /opt/airflow/dags/7_branch_pythoon_operator.py
[2026-09-13T00:42:41.985+0000] {processor.py:799} INFO - Processing file /opt/airflow/dags/7_branch_pythoon_operator.py for tasks to queue
[2026-09-13T00:42:41.991+0000] {logging_mixin.py:149} INFO - [2026-09-13T00:42:41.991+0000] {dagbag.py:541} INFO - Filling up the DagBag from /opt/airflow/dags/7_branch_pythoon_operator.py
[2026-09-13T00:42:42.017+0000] {processor.py:809} INFO - DAG(s) dict_keys(['7-branching']) retrieved from /opt/airflow/dags/7_branch_pythoon_operator.py
[2026-09-13T00:42:42.101+0000] {logging_mixin.py:149} INFO - [2026-09-13T00:42:42.101+0000] {dag.py:2726} INFO - Sync 1 DAGs
[2026-09-13T00:42:42.180+0000] {logging_mixin.py:149} INFO - [2026-09-13T00:42:42.179+0000] {dag.py:3490} INFO - Setting next_dagrun for 7-branching to 2023-04-15T00:00:00+00:00, run_after=2023-04-16T00:00:00+00:00
[2026-09-13T00:42:42.263+0000] {processor.py:178} INFO - Processing /opt/airflow/dags/7_branch_pythoon_operator.py took 0.294 seconds
[2026-09-13T00:43:12.417+0000] {processor.py:156} INFO - Started process (PID=159979) to work on /opt/airflow/dags/7_branch_pythoon_operator.py
[2026-09-13T00:43:12.422+0000] {processor.py:799} INFO - Processing file /opt/airflow/dags/7_branch_pythoon_operator.py for tasks to queue
[2026-09-13T00:43:12.424+0000] {logging_mixin.py:149} INFO - [2026-09-13T00:43:12.423+0000] {dagbag.py:541} INFO - Filling up the DagBag from /opt/airflow/dags/7_branch_pythoon_operator.py
[2026-09-13T00:43:12.445+0000] {processor.py:809} INFO - DAG(s) dict_keys(['7-branching']) retrieved from /opt/airflow/dags/7_branch_pythoon_operator.py
[2026-09-13T00:43:12.524+0000] {logging_mixin.py:149} INFO - [2026-09-13T00:43:12.523+0000] {dag.py:2726} INFO - Sync 1 DAGs
[2026-09-13T00:43:12.579+0000] {logging_mixin.py:149} INFO - [2026-09-13T00:43:12.578+0000] {dag.py:3490} INFO - Setting next_dagrun for 7-branching to 2023-04-15T00:00:00+00:00, run_after=2023-04-16T00:00:00+00:00
[2026-09-13T00:43:12.880+0000] {processor.py:178} INFO - Processing /opt/airflow/dags/7_branch_pythoon_operator.py took 0.467 seconds
[2026-09-13T00:43:43.340+0000] {processor.py:156} INFO - Started process (PID=159994) to work on /opt/airflow/dags/7_branch_pythoon_operator.py
[2026-09-13T00:43:43.351+0000] {processor.py:799} INFO - Processing file /opt/airflow/dags/7_branch_pythoon_operator.py for tasks to queue
[2026-09-13T00:43:43.354+0000] {logging_mixin.py:149} INFO - [2026-09-13T00:43:43.354+0000] {dagbag.py:541} INFO - Filling up the DagBag from /opt/airflow/dags/7_branch_pythoon_operator.py
[2026-09-13T00:43:43.408+0000] {processor.py:809} INFO - DAG(s) dict_keys(['7-branching']) retrieved from /opt/airflow/dags/7_branch_pythoon_operator.py
[2026-09-13T00:43:43.534+0000] {logging_mixin.py:149} INFO - [2026-09-13T00:43:43.533+0000] {dag.py:2726} INFO - Sync 1 DAGs
[2026-09-13T00:43:43.870+0000] {logging_mixin.py:149} INFO - [2026-09-13T00:43:43.870+0000] {dag.py:3490} INFO - Setting next_dagrun for 7-branching to 2023-04-15T00:00:00+00:00, run_after=2023-04-16T00:00:00+00:00
[2026-09-13T00:43:43.896+0000] {processor.py:178} INFO - Processing /opt/airflow/dags/7_branch_pythoon_operator.py took 0.561 seconds
[2026-09-13T00:44:14.065+0000] {processor.py:156} INFO - Started process (PID=160010) to work on /opt/airflow/dags/7_branch_pythoon_operator.py
[2026-09-13T00:44:14.069+0000] {processor.py:799} INFO - Processing file /opt/airflow/dags/7_branch_pythoon_operator.py for tasks to queue
[2026-09-13T00:44:14.070+0000] {logging_mixin.py:149} INFO - [2026-09-13T00:44:14.070+0000] {dagbag.py:541} INFO - Filling up the DagBag from /opt/airflow/dags/7_branch_pythoon_operator.py
[2026-09-13T00:44:14.094+0000] {processor.py:809} INFO - DAG(s) dict_keys(['7-branching']) retrieved from /opt/airflow/dags/7_branch_pythoon_operator.py
[2026-09-13T00:44:14.158+0000] {logging_mixin.py:149} INFO - [2026-09-13T00:44:14.158+0000] {dag.py:2726} INFO - Sync 1 DAGs
[2026-09-13T00:44:14.196+0000] {logging_mixin.py:149} INFO - [2026-09-13T00:44:14.196+0000] {dag.py:3490} INFO - Setting next_dagrun for 7-branching to 2023-04-15T00:00:00+00:00, run_after=2023-04-16T00:00:00+00:00
[2026-09-13T00:44:14.239+0000] {processor.py:178} INFO - Processing /opt/airflow/dags/7_branch_pythoon_operator.py took 0.180 seconds
[2026-09-13T00:44:44.457+0000] {processor.py:156} INFO - Started process (PID=160024) to work on /opt/airflow/dags/7_branch_pythoon_operator.py
[2026-09-13T00:44:44.462+0000] {processor.py:799} INFO - Processing file /opt/airflow/dags/7_branch_pythoon_operator.py for tasks to queue
[2026-09-13T00:44:44.464+0000] {logging_mixin.py:149} INFO - [2026-09-13T00:44:44.463+0000] {dagbag.py:541} INFO - Filling up the DagBag from /opt/airflow/dags/7_branch_pythoon_operator.py
[2026-09-13T00:44:44.497+0000] {processor.py:809} INFO - DAG(s) dict_keys(['7-branching']) retrieved from /opt/airflow/dags/7_branch_pythoon_operator.py
[2026-09-13T00:44:44.582+0000] {logging_mixin.py:149} INFO - [2026-09-13T00:44:44.581+0000] {dag.py:2726} INFO - Sync 1 DAGs
[2026-09-13T00:44:44.654+0000] {logging_mixin.py:149} INFO - [2026-09-13T00:44:44.653+0000] {dag.py:3490} INFO - Setting next_dagrun for 7-branching to 2023-04-15T00:00:00+00:00, run_after=2023-04-16T00:00:00+00:00
[2026-09-13T00:44:44.717+0000] {processor.py:178} INFO - Processing /opt/airflow/dags/7_branch_pythoon_operator.py took 0.271 seconds
[2026-09-13T00:45:14.940+0000] {processor.py:156} INFO - Started process (PID=160038) to work on /opt/airflow/dags/7_branch_pythoon_operator.py
[2026-09-13T00:45:14.955+0000] {processor.py:799} INFO - Processing file /opt/airflow/dags/7_branch_pythoon_operator.py for tasks to queue
[2026-09-13T00:45:14.956+0000] {logging_mixin.py:149} INFO - [2026-09-13T00:45:14.956+0000] {dagbag.py:541} INFO - Filling up the DagBag from /opt/airflow/dags/7_branch_pythoon_operator.py
[2026-09-13T00:45:15.025+0000] {processor.py:809} INFO - DAG(s) dict_keys(['7-branching']) retrieved from /opt/airflow/dags/7_branch_pythoon_operator.py
[2026-09-13T00:45:15.104+0000] {logging_mixin.py:149} INFO - [2026-09-13T00:45:15.104+0000] {dag.py:2726} INFO - Sync 1 DAGs
[2026-09-13T00:45:15.157+0000] {logging_mixin.py:149} INFO - [2026-09-13T00:45:15.156+0000] {dag.py:3490} INFO - Setting next_dagrun for 7-branching to 2023-04-15T00:00:00+00:00, run_after=2023-04-16T00:00:00+00:00
[2026-09-13T00:45:15.195+0000] {processor.py:178} INFO - Processing /opt/airflow/dags/7_branch_pythoon_operator.py took 0.263 seconds
[2026-09-13T00:45:45.295+0000] {processor.py:156} INFO - Started process (PID=160052) to work on /opt/airflow/dags/7_branch_pythoon_operator.py
[2026-09-13T00:45:45.299+0000] {processor.py:799} INFO - Processing file /opt/airflow/dags/7_branch_pythoon_operator.py for tasks to queue
[2026-09-13T00:45:45.301+0000] {logging_mixin.py:149} INFO - [2026-09-13T00:45:45.301+0000] {dagbag.py:541} INFO - Filling up the DagBag from /opt/airflow/dags/7_branch_pythoon_operator.py
[2026-09-13T00:45:45.335+0000] {processor.py:809} INFO - DAG(s) dict_keys(['7-branching']) retrieved from /opt/airflow/dags/7_branch_pythoon_operator.py
[2026-09-13T00:45:45.446+0000] {logging_mixin.py:149} INFO - [2026-09-13T00:45:45.445+0000] {dag.py:2726} INFO - Sync 1 DAGs
[2026-09-13T00:45:45.499+0000] {logging_mixin.py:149} INFO - [2026-09-13T00:45:45.499+0000] {dag.py:3490} INFO - Setting next_dagrun for 7-branching to 2023-04-15T00:00:00+00:00, run_after=2023-04-16T00:00:00+00:00
[2026-09-13T00:45:45.563+0000] {processor.py:178} INFO - Processing /opt/airflow/dags/7_branch_pythoon_operator.py took 0.278 seconds
[2026-09-13T00:46:16.007+0000] {processor.py:156} INFO - Started process (PID=160066) to work on /opt/airflow/dags/7_branch_pythoon_operator.py
[2026-09-13T00:46:16.010+0000] {processor.py:799} INFO - Processing file /opt/airflow/dags/7_branch_pythoon_operator.py for tasks to queue
[2026-09-13T00:46:16.012+0000] {logging_mixin.py:149} INFO - [2026-09-13T00:46:16.012+0000] {dagbag.py:541} INFO - Filling up the DagBag from /opt/airflow/dags/7_branch_pythoon_operator.py
[2026-09-13T00:46:16.044+0000] {processor.py:809} INFO - DAG(s) dict_keys(['7-branching']) retrieved from /opt/airflow/dags/7_branch_pythoon_operator.py
[2026-09-13T00:46:16.142+0000] {logging_mixin.py:149} INFO - [2026-09-13T00:46:16.142+0000] {dag.py:2726} INFO - Sync 1 DAGs
[2026-09-13T00:46:16.188+0000] {logging_mixin.py:149} INFO - [2026-09-13T00:46:16.188+0000] {dag.py:3490} INFO - Setting next_dagrun for 7-branching to 2023-04-15T00:00:00+00:00, run_after=2023-04-16T00:00:00+00:00
[2026-09-13T00:46:16.410+0000] {processor.py:178} INFO - Processing /opt/airflow/dags/7_branch_pythoon_operator.py took 0.415 seconds
[2026-09-13T00:46:46.823+0000] {processor.py:156} INFO - Started process (PID=160080) to work on /opt/airflow/dags/7_branch_pythoon_operator.py
[2026-09-13T00:46:46.826+0000] {processor.py:799} INFO - Processing file /opt/airflow/dags/7_branch_pythoon_operator.py for tasks to queue
[2026-09-13T00:46:46.828+0000] {logging_mixin.py:149} INFO - [2026-09-13T00:46:46.828+0000] {dagbag.py:541} INFO - Filling up the DagBag from /opt/airflow/dags/7_branch_pythoon_operator.py
[2026-09-13T00:46:46.863+0000] {processor.py:809} INFO - DAG(s) dict_keys(['7-branching']) retrieved from /opt/airflow/dags/7_branch_pythoon_operator.py
[2026-09-13T00:46:46.959+0000] {logging_mixin.py:149} INFO - [2026-09-13T00:46:46.959+0000] {dag.py:2726} INFO - Sync 1 DAGs
[2026-09-13T00:46:47.049+0000] {logging_mixin.py:149} INFO - [2026-09-13T00:46:47.048+0000] {dag.py:3490} INFO - Setting next_dagrun for 7-branching to 2023-04-15T00:00:00+00:00, run_after=2023-04-16T00:00:00+00:00
[2026-09-13T00:46:47.116+0000] {processor.py:178} INFO - Processing /opt/airflow/dags/7_branch_pythoon_operator.py took 0.304 seconds
[2026-09-13T00:47:17.329+0000] {processor.py:156} INFO - Started process (PID=160094) to work on /opt/airflow/dags/7_branch_pythoon_operator.py
[2026-09-13T00:47:17.332+0000] {processor.py:799} INFO - Processing file /opt/airflow/dags/7_branch_pythoon_operator.py for tasks to queue
[2026-09-13T00:47:17.333+0000] {logging_mixin.py:149} INFO - [2026-09-13T00:47:17.333+0000] {dagbag.py:541} INFO - Filling up the DagBag from /opt/airflow/dags/7_branch_pythoon_operator.py
[2026-09-13T00:47:17.360+0000] {processor.py:809} INFO - DAG(s) dict_keys(['7-branching']) retrieved from /opt/airflow/dags/7_branch_pythoon_operator.py
[2026-09-13T00:47:17.469+0000] {logging_mixin.py:149} INFO - [2026-09-13T00:47:17.468+0000] {dag.py:2726} INFO - Sync 1 DAGs
[2026-09-13T00:47:17.537+0000] {logging_mixin.py:149} INFO - [2026-09-13T00:47:17.537+0000] {dag.py:3490} INFO - Setting next_dagrun for 7-branching to 2023-04-15T00:00:00+00:00, run_after=2023-04-16T00:00:00+00:00
[2026-09-13T00:47:17.592+0000] {processor.py:178} INFO - Processing /opt/airflow/dags/7_branch_pythoon_operator.py took 0.270 seconds
[2026-09-13T00:47:47.846+0000] {processor.py:156} INFO - Started process (PID=160109) to work on /opt/airflow/dags/7_branch_pythoon_operator.py
[2026-09-13T00:47:47.850+0000] {processor.py:799} INFO - Processing file /opt/airflow/dags/7_branch_pythoon_operator.py for tasks to queue
[2026-09-13T00:47:47.855+0000] {logging_mixin.py:149} INFO - [2026-09-13T00:47:47.855+0000] {dagbag.py:541} INFO - Filling up the DagBag from /opt/airflow/dags/7_branch_pythoon_operator.py
[2026-09-13T00:47:47.891+0000] {processor.py:809} INFO - DAG(s) dict_keys(['7-branching']) retrieved from /opt/airflow/dags/7_branch_pythoon_operator.py
[2026-09-13T00:47:47.978+0000] {logging_mixin.py:149} INFO - [2026-09-13T00:47:47.978+0000] {dag.py:2726} INFO - Sync 1 DAGs
[2026-09-13T00:47:48.054+0000] {logging_mixin.py:149} INFO - [2026-09-13T00:47:48.053+0000] {dag.py:3490} INFO - Setting next_dagrun for 7-branching to 2023-04-15T00:00:00+00:00, run_after=2023-04-16T00:00:00+00:00
[2026-09-13T00:47:48.113+0000] {processor.py:178} INFO - Processing /opt/airflow/dags/7_branch_pythoon_operator.py took 0.279 seconds
[2026-09-13T00:48:18.170+0000] {processor.py:156} INFO - Started process (PID=160123) to work on /opt/airflow/dags/7_branch_pythoon_operator.py
[2026-09-13T00:48:18.175+0000] {processor.py:799} INFO - Processing file /opt/airflow/dags/7_branch_pythoon_operator.py for tasks to queue
[2026-09-13T00:48:18.177+0000] {logging_mixin.py:149} INFO - [2026-09-13T00:48:18.176+0000] {dagbag.py:541} INFO - Filling up the DagBag from /opt/airflow/dags/7_branch_pythoon_operator.py
[2026-09-13T00:48:18.215+0000] {processor.py:809} INFO - DAG(s) dict_keys(['7-branching']) retrieved from /opt/airflow/dags/7_branch_pythoon_operator.py
[2026-09-13T00:48:18.272+0000] {logging_mixin.py:149} INFO - [2026-09-13T00:48:18.271+0000] {dag.py:2726} INFO - Sync 1 DAGs
[2026-09-13T00:48:18.307+0000] {logging_mixin.py:149} INFO - [2026-09-13T00:48:18.307+0000] {dag.py:3490} INFO - Setting next_dagrun for 7-branching to 2023-04-15T00:00:00+00:00, run_after=2023-04-16T00:00:00+00:00
[2026-09-13T00:48:18.339+0000] {processor.py:178} INFO - Processing /opt/airflow/dags/7_branch_pythoon_operator.py took 0.183 seconds
[2026-09-13T00:48:48.678+0000] {processor.py:156} INFO - Started process (PID=160137) to work on /opt/airflow/dags/7_branch_pythoon_operator.py
[2026-09-13T00:48:48.681+0000] {processor.py:799} INFO - Processing file /opt/airflow/dags/7_branch_pythoon_operator.py for tasks to queue
[2026-09-13T00:48:48.683+0000] {logging_mixin.py:149} INFO - [2026-09-13T00:48:48.682+0000] {dagbag.py:541} INFO - Filling up the DagBag from /opt/airflow/dags/7_branch_pythoon_operator.py
[2026-09-13T00:48:48.715+0000] {processor.py:809} INFO - DAG(s) dict_keys(['7-branching']) retrieved from /opt/airflow/dags/7_branch_pythoon_operator.py
[2026-09-13T00:48:48.781+0000] {logging_mixin.py:149} INFO - [2026-09-13T00:48:48.780+0000] {dag.py:2726} INFO - Sync 1 DAGs
[2026-09-13T00:48:48.872+0000] {logging_mixin.py:149} INFO - [2026-09-13T00:48:48.871+0000] {dag.py:3490} INFO - Setting next_dagrun for 7-branching to 2023-04-15T00:00:00+00:00, run_after=2023-04-16T00:00:00+00:00
[2026-09-13T00:48:49.170+0000] {processor.py:178} INFO - Processing /opt/airflow/dags/7_branch_pythoon_operator.py took 0.501 seconds
[2026-09-13T00:49:19.468+0000] {processor.py:156} INFO - Started process (PID=160151) to work on /opt/airflow/dags/7_branch_pythoon_operator.py
[2026-09-13T00:49:19.471+0000] {processor.py:799} INFO - Processing file /opt/airflow/dags/7_branch_pythoon_operator.py for tasks to queue
[2026-09-13T00:49:19.472+0000] {logging_mixin.py:149} INFO - [2026-09-13T00:49:19.472+0000] {dagbag.py:541} INFO - Filling up the DagBag from /opt/airflow/dags/7_branch_pythoon_operator.py
[2026-09-13T00:49:19.514+0000] {processor.py:809} INFO - DAG(s) dict_keys(['7-branching']) retrieved from /opt/airflow/dags/7_branch_pythoon_operator.py
[2026-09-13T00:49:19.586+0000] {logging_mixin.py:149} INFO - [2026-09-13T00:49:19.586+0000] {dag.py:2726} INFO - Sync 1 DAGs
[2026-09-13T00:49:19.872+0000] {logging_mixin.py:149} INFO - [2026-09-13T00:49:19.872+0000] {dag.py:3490} INFO - Setting next_dagrun for 7-branching to 2023-04-15T00:00:00+00:00, run_after=2023-04-16T00:00:00+00:00
[2026-09-13T00:49:19.925+0000] {processor.py:178} INFO - Processing /opt/airflow/dags/7_branch_pythoon_operator.py took 0.465 seconds
[2026-09-13T00:49:50.187+0000] {processor.py:156} INFO - Started process (PID=160166) to work on /opt/airflow/dags/7_branch_pythoon_operator.py
[2026-09-13T00:49:50.192+0000] {processor.py:799} INFO - Processing file /opt/airflow/dags/7_branch_pythoon_operator.py for tasks to queue
[2026-09-13T00:49:50.194+0000] {logging_mixin.py:149} INFO - [2026-09-13T00:49:50.194+0000] {dagbag.py:541} INFO - Filling up the DagBag from /opt/airflow/dags/7_branch_pythoon_operator.py
[2026-09-13T00:49:50.233+0000] {processor.py:809} INFO - DAG(s) dict_keys(['7-branching']) retrieved from /opt/airflow/dags/7_branch_pythoon_operator.py
[2026-09-13T00:49:50.332+0000] {logging_mixin.py:149} INFO - [2026-09-13T00:49:50.332+0000] {dag.py:2726} INFO - Sync 1 DAGs
[2026-09-13T00:49:50.401+0000] {logging_mixin.py:149} INFO - [2026-09-13T00:49:50.400+0000] {dag.py:3490} INFO - Setting next_dagrun for 7-branching to 2023-04-15T00:00:00+00:00, run_after=2023-04-16T00:00:00+00:00
[2026-09-13T00:49:50.464+0000] {processor.py:178} INFO - Processing /opt/airflow/dags/7_branch_pythoon_operator.py took 0.289 seconds
[2026-09-13T00:50:20.592+0000] {processor.py:156} INFO - Started process (PID=160180) to work on /opt/airflow/dags/7_branch_pythoon_operator.py
[2026-09-13T00:50:20.606+0000] {processor.py:799} INFO - Processing file /opt/airflow/dags/7_branch_pythoon_operator.py for tasks to queue
[2026-09-13T00:50:20.607+0000] {logging_mixin.py:149} INFO - [2026-09-13T00:50:20.607+0000] {dagbag.py:541} INFO - Filling up the DagBag from /opt/airflow/dags/7_branch_pythoon_operator.py
[2026-09-13T00:50:20.657+0000] {processor.py:809} INFO - DAG(s) dict_keys(['7-branching']) retrieved from /opt/airflow/dags/7_branch_pythoon_operator.py
[2026-09-13T00:50:20.756+0000] {logging_mixin.py:149} INFO - [2026-09-13T00:50:20.756+0000] {dag.py:2726} INFO - Sync 1 DAGs
[2026-09-13T00:50:20.830+0000] {logging_mixin.py:149} INFO - [2026-09-13T00:50:20.830+0000] {dag.py:3490} INFO - Setting next_dagrun for 7-branching to 2023-04-15T00:00:00+00:00, run_after=2023-04-16T00:00:00+00:00
[2026-09-13T00:50:20.890+0000] {processor.py:178} INFO - Processing /opt/airflow/dags/7_branch_pythoon_operator.py took 0.307 seconds
[2026-09-13T00:50:50.971+0000] {processor.py:156} INFO - Started process (PID=160195) to work on /opt/airflow/dags/7_branch_pythoon_operator.py
[2026-09-13T00:50:50.974+0000] {processor.py:799} INFO - Processing file /opt/airflow/dags/7_branch_pythoon_operator.py for tasks to queue
[2026-09-13T00:50:50.976+0000] {logging_mixin.py:149} INFO - [2026-09-13T00:50:50.976+0000] {dagbag.py:541} INFO - Filling up the DagBag from /opt/airflow/dags/7_branch_pythoon_operator.py
[2026-09-13T00:50:51.008+0000] {processor.py:809} INFO - DAG(s) dict_keys(['7-branching']) retrieved from /opt/airflow/dags/7_branch_pythoon_operator.py
[2026-09-13T00:50:51.100+0000] {logging_mixin.py:149} INFO - [2026-09-13T00:50:51.100+0000] {dag.py:2726} INFO - Sync 1 DAGs
[2026-09-13T00:50:51.151+0000] {logging_mixin.py:149} INFO - [2026-09-13T00:50:51.151+0000] {dag.py:3490} INFO - Setting next_dagrun for 7-branching to 2023-04-15T00:00:00+00:00, run_after=2023-04-16T00:00:00+00:00
[2026-09-13T00:50:51.193+0000] {processor.py:178} INFO - Processing /opt/airflow/dags/7_branch_pythoon_operator.py took 0.232 seconds
[2026-09-13T00:51:21.363+0000] {processor.py:156} INFO - Started process (PID=160208) to work on /opt/airflow/dags/7_branch_pythoon_operator.py
[2026-09-13T00:51:21.366+0000] {processor.py:799} INFO - Processing file /opt/airflow/dags/7_branch_pythoon_operator.py for tasks to queue
[2026-09-13T00:51:21.368+0000] {logging_mixin.py:149} INFO - [2026-09-13T00:51:21.368+0000] {dagbag.py:541} INFO - Filling up the DagBag from /opt/airflow/dags/7_branch_pythoon_operator.py
[2026-09-13T00:51:21.403+0000] {processor.py:809} INFO - DAG(s) dict_keys(['7-branching']) retrieved from /opt/airflow/dags/7_branch_pythoon_operator.py
[2026-09-13T00:51:21.475+0000] {logging_mixin.py:149} INFO - [2026-09-13T00:51:21.474+0000] {dag.py:2726} INFO - Sync 1 DAGs
[2026-09-13T00:51:21.524+0000] {logging_mixin.py:149} INFO - [2026-09-13T00:51:21.523+0000] {dag.py:3490} INFO - Setting next_dagrun for 7-branching to 2023-04-15T00:00:00+00:00, run_after=2023-04-16T00:00:00+00:00
[2026-09-13T00:51:21.580+0000] {processor.py:178} INFO - Processing /opt/airflow/dags/7_branch_pythoon_operator.py took 0.229 seconds
[2026-09-13T00:51:51.720+0000] {processor.py:156} INFO - Started process (PID=160222) to work on /opt/airflow/dags/7_branch_pythoon_operator.py
[2026-09-13T00:51:51.725+0000] {processor.py:799} INFO - Processing file /opt/airflow/dags/7_branch_pythoon_operator.py for tasks to queue
[2026-09-13T00:51:51.727+0000] {logging_mixin.py:149} INFO - [2026-09-13T00:51:51.726+0000] {dagbag.py:541} INFO - Filling up the DagBag from /opt/airflow/dags/7_branch_pythoon_operator.py
[2026-09-13T00:51:51.761+0000] {processor.py:809} INFO - DAG(s) dict_keys(['7-branching']) retrieved from /opt/airflow/dags/7_branch_pythoon_operator.py
[2026-09-13T00:51:51.857+0000] {logging_mixin.py:149} INFO - [2026-09-13T00:51:51.856+0000] {dag.py:2726} INFO - Sync 1 DAGs
[2026-09-13T00:51:52.162+0000] {logging_mixin.py:149} INFO - [2026-09-13T00:51:52.162+0000] {dag.py:3490} INFO - Setting next_dagrun for 7-branching to 2023-04-15T00:00:00+00:00, run_after=2023-04-16T00:00:00+00:00
[2026-09-13T00:51:52.230+0000] {processor.py:178} INFO - Processing /opt/airflow/dags/7_branch_pythoon_operator.py took 0.521 seconds
[2026-09-13T00:52:22.532+0000] {processor.py:156} INFO - Started process (PID=160236) to work on /opt/airflow/dags/7_branch_pythoon_operator.py
[2026-09-13T00:52:22.535+0000] {processor.py:799} INFO - Processing file /opt/airflow/dags/7_branch_pythoon_operator.py for tasks to queue
[2026-09-13T00:52:22.536+0000] {logging_mixin.py:149} INFO - [2026-09-13T00:52:22.536+0000] {dagbag.py:541} INFO - Filling up the DagBag from /opt/airflow/dags/7_branch_pythoon_operator.py
[2026-09-13T00:52:22.572+0000] {processor.py:809} INFO - DAG(s) dict_keys(['7-branching']) retrieved from /opt/airflow/dags/7_branch_pythoon_operator.py
[2026-09-13T00:52:22.637+0000] {logging_mixin.py:149} INFO - [2026-09-13T00:52:22.637+0000] {dag.py:2726} INFO - Sync 1 DAGs
[2026-09-13T00:52:22.677+0000] {logging_mixin.py:149} INFO - [2026-09-13T00:52:22.677+0000] {dag.py:3490} INFO - Setting next_dagrun for 7-branching to 2023-04-15T00:00:00+00:00, run_after=2023-04-16T00:00:00+00:00
[2026-09-13T00:52:22.707+0000] {processor.py:178} INFO - Processing /opt/airflow/dags/7_branch_pythoon_operator.py took 0.179 seconds
[2026-09-13T00:52:52.993+0000] {processor.py:156} INFO - Started process (PID=160250) to work on /opt/airflow/dags/7_branch_pythoon_operator.py
[2026-09-13T00:52:52.997+0000] {processor.py:799} INFO - Processing file /opt/airflow/dags/7_branch_pythoon_operator.py for tasks to queue
[2026-09-13T00:52:52.999+0000] {logging_mixin.py:149} INFO - [2026-09-13T00:52:52.998+0000] {dagbag.py:541} INFO - Filling up the DagBag from /opt/airflow/dags/7_branch_pythoon_operator.py
[2026-09-13T00:52:53.036+0000] {processor.py:809} INFO - DAG(s) dict_keys(['7-branching']) retrieved from /opt/airflow/dags/7_branch_pythoon_operator.py
[2026-09-13T00:52:53.121+0000] {logging_mixin.py:149} INFO - [2026-09-13T00:52:53.121+0000] {dag.py:2726} INFO - Sync 1 DAGs
[2026-09-13T00:52:53.195+0000] {logging_mixin.py:149} INFO - [2026-09-13T00:52:53.194+0000] {dag.py:3490} INFO - Setting next_dagrun for 7-branching to 2023-04-15T00:00:00+00:00, run_after=2023-04-16T00:00:00+00:00
[2026-09-13T00:52:53.246+0000] {processor.py:178} INFO - Processing /opt/airflow/dags/7_branch_pythoon_operator.py took 0.264 seconds
[2026-09-13T00:53:23.374+0000] {processor.py:156} INFO - Started process (PID=160264) to work on /opt/airflow/dags/7_branch_pythoon_operator.py
[2026-09-13T00:53:23.378+0000] {processor.py:799} INFO - Processing file /opt/airflow/dags/7_branch_pythoon_operator.py for tasks to queue
[2026-09-13T00:53:23.380+0000] {logging_mixin.py:149} INFO - [2026-09-13T00:53:23.379+0000] {dagbag.py:541} INFO - Filling up the DagBag from /opt/airflow/dags/7_branch_pythoon_operator.py
[2026-09-13T00:53:23.413+0000] {processor.py:809} INFO - DAG(s) dict_keys(['7-branching']) retrieved from /opt/airflow/dags/7_branch_pythoon_operator.py
[2026-09-13T00:53:23.504+0000] {logging_mixin.py:149} INFO - [2026-09-13T00:53:23.504+0000] {dag.py:2726} INFO - Sync 1 DAGs
[2026-09-13T00:53:23.558+0000] {logging_mixin.py:149} INFO - [2026-09-13T00:53:23.558+0000] {dag.py:3490} INFO - Setting next_dagrun for 7-branching to 2023-04-15T00:00:00+00:00, run_after=2023-04-16T00:00:00+00:00
[2026-09-13T00:53:23.629+0000] {processor.py:178} INFO - Processing /opt/airflow/dags/7_branch_pythoon_operator.py took 0.266 seconds
[2026-09-13T00:53:53.813+0000] {processor.py:156} INFO - Started process (PID=160279) to work on /opt/airflow/dags/7_branch_pythoon_operator.py
[2026-09-13T00:53:53.822+0000] {processor.py:799} INFO - Processing file /opt/airflow/dags/7_branch_pythoon_operator.py for tasks to queue
[2026-09-13T00:53:53.825+0000] {logging_mixin.py:149} INFO - [2026-09-13T00:53:53.824+0000] {dagbag.py:541} INFO - Filling up the DagBag from /opt/airflow/dags/7_branch_pythoon_operator.py
[2026-09-13T00:53:53.864+0000] {processor.py:809} INFO - DAG(s) dict_keys(['7-branching']) retrieved from /opt/airflow/dags/7_branch_pythoon_operator.py
[2026-09-13T00:53:53.940+0000] {logging_mixin.py:149} INFO - [2026-09-13T00:53:53.940+0000] {dag.py:2726} INFO - Sync 1 DAGs
[2026-09-13T00:53:53.987+0000] {logging_mixin.py:149} INFO - [2026-09-13T00:53:53.987+0000] {dag.py:3490} INFO - Setting next_dagrun for 7-branching to 2023-04-15T00:00:00+00:00, run_after=2023-04-16T00:00:00+00:00
[2026-09-13T00:53:54.020+0000] {processor.py:178} INFO - Processing /opt/airflow/dags/7_branch_pythoon_operator.py took 0.219 seconds
[2026-09-13T00:54:24.520+0000] {processor.py:156} INFO - Started process (PID=160294) to work on /opt/airflow/dags/7_branch_pythoon_operator.py
[2026-09-13T00:54:24.524+0000] {processor.py:799} INFO - Processing file /opt/airflow/dags/7_branch_pythoon_operator.py for tasks to queue
[2026-09-13T00:54:24.526+0000] {logging_mixin.py:149} INFO - [2026-09-13T00:54:24.526+0000] {dagbag.py:541} INFO - Filling up the DagBag from /opt/airflow/dags/7_branch_pythoon_operator.py
[2026-09-13T00:54:24.562+0000] {processor.py:809} INFO - DAG(s) dict_keys(['7-branching']) retrieved from /opt/airflow/dags/7_branch_pythoon_operator.py
[2026-09-13T00:54:24.622+0000] {logging_mixin.py:149} INFO - [2026-09-13T00:54:24.622+0000] {dag.py:2726} INFO - Sync 1 DAGs
[2026-09-13T00:54:24.661+0000] {logging_mixin.py:149} INFO - [2026-09-13T00:54:24.661+0000] {dag.py:3490} INFO - Setting next_dagrun for 7-branching to 2023-04-15T00:00:00+00:00, run_after=2023-04-16T00:00:00+00:00
[2026-09-13T00:54:24.886+0000] {processor.py:178} INFO - Processing /opt/airflow/dags/7_branch_pythoon_operator.py took 0.379 seconds
[2026-09-13T00:54:55.228+0000] {processor.py:156} INFO - Started process (PID=160307) to work on /opt/airflow/dags/7_branch_pythoon_operator.py
[2026-09-13T00:54:55.231+0000] {processor.py:799} INFO - Processing file /opt/airflow/dags/7_branch_pythoon_operator.py for tasks to queue
[2026-09-13T00:54:55.233+0000] {logging_mixin.py:149} INFO - [2026-09-13T00:54:55.233+0000] {dagbag.py:541} INFO - Filling up the DagBag from /opt/airflow/dags/7_branch_pythoon_operator.py
[2026-09-13T00:54:55.272+0000] {processor.py:809} INFO - DAG(s) dict_keys(['7-branching']) retrieved from /opt/airflow/dags/7_branch_pythoon_operator.py
[2026-09-13T00:54:55.356+0000] {logging_mixin.py:149} INFO - [2026-09-13T00:54:55.356+0000] {dag.py:2726} INFO - Sync 1 DAGs
[2026-09-13T00:54:55.659+0000] {logging_mixin.py:149} INFO - [2026-09-13T00:54:55.659+0000] {dag.py:3490} INFO - Setting next_dagrun for 7-branching to 2023-04-15T00:00:00+00:00, run_after=2023-04-16T00:00:00+00:00
[2026-09-13T00:54:55.692+0000] {processor.py:178} INFO - Processing /opt/airflow/dags/7_branch_pythoon_operator.py took 0.476 seconds
[2026-09-13T00:55:26.665+0000] {processor.py:156} INFO - Started process (PID=160322) to work on /opt/airflow/dags/7_branch_pythoon_operator.py
[2026-09-13T00:55:26.669+0000] {processor.py:799} INFO - Processing file /opt/airflow/dags/7_branch_pythoon_operator.py for tasks to queue
[2026-09-13T00:55:26.671+0000] {logging_mixin.py:149} INFO - [2026-09-13T00:55:26.670+0000] {dagbag.py:541} INFO - Filling up the DagBag from /opt/airflow/dags/7_branch_pythoon_operator.py
[2026-09-13T00:55:26.705+0000] {processor.py:809} INFO - DAG(s) dict_keys(['7-branching']) retrieved from /opt/airflow/dags/7_branch_pythoon_operator.py
[2026-09-13T00:55:26.787+0000] {logging_mixin.py:149} INFO - [2026-09-13T00:55:26.787+0000] {dag.py:2726} INFO - Sync 1 DAGs
[2026-09-13T00:55:26.859+0000] {logging_mixin.py:149} INFO - [2026-09-13T00:55:26.858+0000] {dag.py:3490} INFO - Setting next_dagrun for 7-branching to 2023-04-15T00:00:00+00:00, run_after=2023-04-16T00:00:00+00:00
[2026-09-13T00:55:26.927+0000] {processor.py:178} INFO - Processing /opt/airflow/dags/7_branch_pythoon_operator.py took 0.273 seconds
[2026-09-13T00:55:57.206+0000] {processor.py:156} INFO - Started process (PID=160336) to work on /opt/airflow/dags/7_branch_pythoon_operator.py
[2026-09-13T00:55:57.211+0000] {processor.py:799} INFO - Processing file /opt/airflow/dags/7_branch_pythoon_operator.py for tasks to queue
[2026-09-13T00:55:57.213+0000] {logging_mixin.py:149} INFO - [2026-09-13T00:55:57.212+0000] {dagbag.py:541} INFO - Filling up the DagBag from /opt/airflow/dags/7_branch_pythoon_operator.py
[2026-09-13T00:55:57.247+0000] {processor.py:809} INFO - DAG(s) dict_keys(['7-branching']) retrieved from /opt/airflow/dags/7_branch_pythoon_operator.py
[2026-09-13T00:55:57.345+0000] {logging_mixin.py:149} INFO - [2026-09-13T00:55:57.344+0000] {dag.py:2726} INFO - Sync 1 DAGs
[2026-09-13T00:55:57.401+0000] {logging_mixin.py:149} INFO - [2026-09-13T00:55:57.400+0000] {dag.py:3490} INFO - Setting next_dagrun for 7-branching to 2023-04-15T00:00:00+00:00, run_after=2023-04-16T00:00:00+00:00
[2026-09-13T00:55:57.492+0000] {processor.py:178} INFO - Processing /opt/airflow/dags/7_branch_pythoon_operator.py took 0.300 seconds
[2026-09-13T00:56:27.821+0000] {processor.py:156} INFO - Started process (PID=160351) to work on /opt/airflow/dags/7_branch_pythoon_operator.py
[2026-09-13T00:56:27.824+0000] {processor.py:799} INFO - Processing file /opt/airflow/dags/7_branch_pythoon_operator.py for tasks to queue
[2026-09-13T00:56:27.826+0000] {logging_mixin.py:149} INFO - [2026-09-13T00:56:27.826+0000] {dagbag.py:541} INFO - Filling up the DagBag from /opt/airflow/dags/7_branch_pythoon_operator.py
[2026-09-13T00:56:27.860+0000] {processor.py:809} INFO - DAG(s) dict_keys(['7-branching']) retrieved from /opt/airflow/dags/7_branch_pythoon_operator.py
[2026-09-13T00:56:27.928+0000] {logging_mixin.py:149} INFO - [2026-09-13T00:56:27.928+0000] {dag.py:2726} INFO - Sync 1 DAGs
[2026-09-13T00:56:27.992+0000] {logging_mixin.py:149} INFO - [2026-09-13T00:56:27.992+0000] {dag.py:3490} INFO - Setting next_dagrun for 7-branching to 2023-04-15T00:00:00+00:00, run_after=2023-04-16T00:00:00+00:00
[2026-09-13T00:56:28.043+0000] {processor.py:178} INFO - Processing /opt/airflow/dags/7_branch_pythoon_operator.py took 0.234 seconds
[2026-09-13T00:56:58.216+0000] {processor.py:156} INFO - Started process (PID=160364) to work on /opt/airflow/dags/7_branch_pythoon_operator.py
[2026-09-13T00:56:58.219+0000] {processor.py:799} INFO - Processing file /opt/airflow/dags/7_branch_pythoon_operator.py for tasks to queue
[2026-09-13T00:56:58.221+0000] {logging_mixin.py:149} INFO - [2026-09-13T00:56:58.221+0000] {dagbag.py:541} INFO - Filling up the DagBag from /opt/airflow/dags/7_branch_pythoon_operator.py
[2026-09-13T00:56:58.256+0000] {processor.py:809} INFO - DAG(s) dict_keys(['7-branching']) retrieved from /opt/airflow/dags/7_branch_pythoon_operator.py
[2026-09-13T00:56:58.349+0000] {logging_mixin.py:149} INFO - [2026-09-13T00:56:58.349+0000] {dag.py:2726} INFO - Sync 1 DAGs
[2026-09-13T00:56:58.417+0000] {logging_mixin.py:149} INFO - [2026-09-13T00:56:58.416+0000] {dag.py:3490} INFO - Setting next_dagrun for 7-branching to 2023-04-15T00:00:00+00:00, run_after=2023-04-16T00:00:00+00:00
[2026-09-13T00:56:58.692+0000] {processor.py:178} INFO - Processing /opt/airflow/dags/7_branch_pythoon_operator.py took 0.487 seconds
[2026-09-13T00:57:29.064+0000] {processor.py:156} INFO - Started process (PID=160378) to work on /opt/airflow/dags/7_branch_pythoon_operator.py
[2026-09-13T00:57:29.069+0000] {processor.py:799} INFO - Processing file /opt/airflow/dags/7_branch_pythoon_operator.py for tasks to queue
[2026-09-13T00:57:29.071+0000] {logging_mixin.py:149} INFO - [2026-09-13T00:57:29.070+0000] {dagbag.py:541} INFO - Filling up the DagBag from /opt/airflow/dags/7_branch_pythoon_operator.py
[2026-09-13T00:57:29.110+0000] {processor.py:809} INFO - DAG(s) dict_keys(['7-branching']) retrieved from /opt/airflow/dags/7_branch_pythoon_operator.py
[2026-09-13T00:57:29.198+0000] {logging_mixin.py:149} INFO - [2026-09-13T00:57:29.197+0000] {dag.py:2726} INFO - Sync 1 DAGs
[2026-09-13T00:57:29.473+0000] {logging_mixin.py:149} INFO - [2026-09-13T00:57:29.472+0000] {dag.py:3490} INFO - Setting next_dagrun for 7-branching to 2023-04-15T00:00:00+00:00, run_after=2023-04-16T00:00:00+00:00
[2026-09-13T00:57:29.542+0000] {processor.py:178} INFO - Processing /opt/airflow/dags/7_branch_pythoon_operator.py took 0.488 seconds
[2026-09-13T00:57:59.856+0000] {processor.py:156} INFO - Started process (PID=160392) to work on /opt/airflow/dags/7_branch_pythoon_operator.py
[2026-09-13T00:57:59.861+0000] {processor.py:799} INFO - Processing file /opt/airflow/dags/7_branch_pythoon_operator.py for tasks to queue
[2026-09-13T00:57:59.864+0000] {logging_mixin.py:149} INFO - [2026-09-13T00:57:59.864+0000] {dagbag.py:541} INFO - Filling up the DagBag from /opt/airflow/dags/7_branch_pythoon_operator.py
[2026-09-13T00:57:59.902+0000] {processor.py:809} INFO - DAG(s) dict_keys(['7-branching']) retrieved from /opt/airflow/dags/7_branch_pythoon_operator.py
[2026-09-13T00:57:59.985+0000] {logging_mixin.py:149} INFO - [2026-09-13T00:57:59.984+0000] {dag.py:2726} INFO - Sync 1 DAGs
[2026-09-13T00:58:00.034+0000] {logging_mixin.py:149} INFO - [2026-09-13T00:58:00.034+0000] {dag.py:3490} INFO - Setting next_dagrun for 7-branching to 2023-04-15T00:00:00+00:00, run_after=2023-04-16T00:00:00+00:00
[2026-09-13T00:58:00.064+0000] {processor.py:178} INFO - Processing /opt/airflow/dags/7_branch_pythoon_operator.py took 0.218 seconds
[2026-09-13T00:58:30.863+0000] {processor.py:156} INFO - Started process (PID=160406) to work on /opt/airflow/dags/7_branch_pythoon_operator.py
[2026-09-13T00:58:30.866+0000] {processor.py:799} INFO - Processing file /opt/airflow/dags/7_branch_pythoon_operator.py for tasks to queue
[2026-09-13T00:58:30.868+0000] {logging_mixin.py:149} INFO - [2026-09-13T00:58:30.867+0000] {dagbag.py:541} INFO - Filling up the DagBag from /opt/airflow/dags/7_branch_pythoon_operator.py
[2026-09-13T00:58:30.901+0000] {processor.py:809} INFO - DAG(s) dict_keys(['7-branching']) retrieved from /opt/airflow/dags/7_branch_pythoon_operator.py
[2026-09-13T00:58:30.990+0000] {logging_mixin.py:149} INFO - [2026-09-13T00:58:30.990+0000] {dag.py:2726} INFO - Sync 1 DAGs
[2026-09-13T00:58:31.063+0000] {logging_mixin.py:149} INFO - [2026-09-13T00:58:31.063+0000] {dag.py:3490} INFO - Setting next_dagrun for 7-branching to 2023-04-15T00:00:00+00:00, run_after=2023-04-16T00:00:00+00:00
[2026-09-13T00:58:31.118+0000] {processor.py:178} INFO - Processing /opt/airflow/dags/7_branch_pythoon_operator.py took 0.265 seconds
[2026-09-13T00:59:01.268+0000] {processor.py:156} INFO - Started process (PID=160420) to work on /opt/airflow/dags/7_branch_pythoon_operator.py
[2026-09-13T00:59:01.272+0000] {processor.py:799} INFO - Processing file /opt/airflow/dags/7_branch_pythoon_operator.py for tasks to queue
[2026-09-13T00:59:01.274+0000] {logging_mixin.py:149} INFO - [2026-09-13T00:59:01.274+0000] {dagbag.py:541} INFO - Filling up the DagBag from /opt/airflow/dags/7_branch_pythoon_operator.py
[2026-09-13T00:59:01.310+0000] {processor.py:809} INFO - DAG(s) dict_keys(['7-branching']) retrieved from /opt/airflow/dags/7_branch_pythoon_operator.py
[2026-09-13T00:59:01.406+0000] {logging_mixin.py:149} INFO - [2026-09-13T00:59:01.406+0000] {dag.py:2726} INFO - Sync 1 DAGs
[2026-09-13T00:59:01.479+0000] {logging_mixin.py:149} INFO - [2026-09-13T00:59:01.478+0000] {dag.py:3490} INFO - Setting next_dagrun for 7-branching to 2023-04-15T00:00:00+00:00, run_after=2023-04-16T00:00:00+00:00
[2026-09-13T00:59:01.536+0000] {processor.py:178} INFO - Processing /opt/airflow/dags/7_branch_pythoon_operator.py took 0.279 seconds
[2026-09-13T00:59:31.696+0000] {processor.py:156} INFO - Started process (PID=160434) to work on /opt/airflow/dags/7_branch_pythoon_operator.py
[2026-09-13T00:59:31.700+0000] {processor.py:799} INFO - Processing file /opt/airflow/dags/7_branch_pythoon_operator.py for tasks to queue
[2026-09-13T00:59:31.702+0000] {logging_mixin.py:149} INFO - [2026-09-13T00:59:31.702+0000] {dagbag.py:541} INFO - Filling up the DagBag from /opt/airflow/dags/7_branch_pythoon_operator.py
[2026-09-13T00:59:31.739+0000] {processor.py:809} INFO - DAG(s) dict_keys(['7-branching']) retrieved from /opt/airflow/dags/7_branch_pythoon_operator.py
[2026-09-13T00:59:31.837+0000] {logging_mixin.py:149} INFO - [2026-09-13T00:59:31.836+0000] {dag.py:2726} INFO - Sync 1 DAGs
[2026-09-13T00:59:31.896+0000] {logging_mixin.py:149} INFO - [2026-09-13T00:59:31.895+0000] {dag.py:3490} INFO - Setting next_dagrun for 7-branching to 2023-04-15T00:00:00+00:00, run_after=2023-04-16T00:00:00+00:00
[2026-09-13T00:59:31.949+0000] {processor.py:178} INFO - Processing /opt/airflow/dags/7_branch_pythoon_operator.py took 0.263 seconds
[2026-09-13T01:00:02.036+0000] {processor.py:156} INFO - Started process (PID=160448) to work on /opt/airflow/dags/7_branch_pythoon_operator.py
[2026-09-13T01:00:02.040+0000] {processor.py:799} INFO - Processing file /opt/airflow/dags/7_branch_pythoon_operator.py for tasks to queue
[2026-09-13T01:00:02.042+0000] {logging_mixin.py:149} INFO - [2026-09-13T01:00:02.041+0000] {dagbag.py:541} INFO - Filling up the DagBag from /opt/airflow/dags/7_branch_pythoon_operator.py
[2026-09-13T01:00:02.077+0000] {processor.py:809} INFO - DAG(s) dict_keys(['7-branching']) retrieved from /opt/airflow/dags/7_branch_pythoon_operator.py
[2026-09-13T01:00:02.163+0000] {logging_mixin.py:149} INFO - [2026-09-13T01:00:02.163+0000] {dag.py:2726} INFO - Sync 1 DAGs
[2026-09-13T01:00:02.225+0000] {logging_mixin.py:149} INFO - [2026-09-13T01:00:02.224+0000] {dag.py:3490} INFO - Setting next_dagrun for 7-branching to 2023-04-15T00:00:00+00:00, run_after=2023-04-16T00:00:00+00:00
[2026-09-13T01:00:02.518+0000] {processor.py:178} INFO - Processing /opt/airflow/dags/7_branch_pythoon_operator.py took 0.493 seconds
[2026-09-13T01:00:32.992+0000] {processor.py:156} INFO - Started process (PID=160462) to work on /opt/airflow/dags/7_branch_pythoon_operator.py
[2026-09-13T01:00:32.996+0000] {processor.py:799} INFO - Processing file /opt/airflow/dags/7_branch_pythoon_operator.py for tasks to queue
[2026-09-13T01:00:32.998+0000] {logging_mixin.py:149} INFO - [2026-09-13T01:00:32.997+0000] {dagbag.py:541} INFO - Filling up the DagBag from /opt/airflow/dags/7_branch_pythoon_operator.py
[2026-09-13T01:00:33.033+0000] {processor.py:809} INFO - DAG(s) dict_keys(['7-branching']) retrieved from /opt/airflow/dags/7_branch_pythoon_operator.py
[2026-09-13T01:00:33.092+0000] {logging_mixin.py:149} INFO - [2026-09-13T01:00:33.092+0000] {dag.py:2726} INFO - Sync 1 DAGs
[2026-09-13T01:00:33.333+0000] {logging_mixin.py:149} INFO - [2026-09-13T01:00:33.333+0000] {dag.py:3490} INFO - Setting next_dagrun for 7-branching to 2023-04-15T00:00:00+00:00, run_after=2023-04-16T00:00:00+00:00
[2026-09-13T01:00:33.358+0000] {processor.py:178} INFO - Processing /opt/airflow/dags/7_branch_pythoon_operator.py took 0.378 seconds
[2026-09-13T01:01:03.748+0000] {processor.py:156} INFO - Started process (PID=160477) to work on /opt/airflow/dags/7_branch_pythoon_operator.py
[2026-09-13T01:01:03.752+0000] {processor.py:799} INFO - Processing file /opt/airflow/dags/7_branch_pythoon_operator.py for tasks to queue
[2026-09-13T01:01:03.754+0000] {logging_mixin.py:149} INFO - [2026-09-13T01:01:03.754+0000] {dagbag.py:541} INFO - Filling up the DagBag from /opt/airflow/dags/7_branch_pythoon_operator.py
[2026-09-13T01:01:03.790+0000] {processor.py:809} INFO - DAG(s) dict_keys(['7-branching']) retrieved from /opt/airflow/dags/7_branch_pythoon_operator.py
[2026-09-13T01:01:03.894+0000] {logging_mixin.py:149} INFO - [2026-09-13T01:01:03.894+0000] {dag.py:2726} INFO - Sync 1 DAGs
[2026-09-13T01:01:03.997+0000] {logging_mixin.py:149} INFO - [2026-09-13T01:01:03.997+0000] {dag.py:3490} INFO - Setting next_dagrun for 7-branching to 2023-04-15T00:00:00+00:00, run_after=2023-04-16T00:00:00+00:00
[2026-09-13T01:01:04.057+0000] {processor.py:178} INFO - Processing /opt/airflow/dags/7_branch_pythoon_operator.py took 0.321 seconds
[2026-09-13T01:01:34.394+0000] {processor.py:156} INFO - Started process (PID=160491) to work on /opt/airflow/dags/7_branch_pythoon_operator.py
[2026-09-13T01:01:34.397+0000] {processor.py:799} INFO - Processing file /opt/airflow/dags/7_branch_pythoon_operator.py for tasks to queue
[2026-09-13T01:01:34.399+0000] {logging_mixin.py:149} INFO - [2026-09-13T01:01:34.399+0000] {dagbag.py:541} INFO - Filling up the DagBag from /opt/airflow/dags/7_branch_pythoon_operator.py
[2026-09-13T01:01:34.432+0000] {processor.py:809} INFO - DAG(s) dict_keys(['7-branching']) retrieved from /opt/airflow/dags/7_branch_pythoon_operator.py
[2026-09-13T01:01:34.494+0000] {logging_mixin.py:149} INFO - [2026-09-13T01:01:34.493+0000] {dag.py:2726} INFO - Sync 1 DAGs
[2026-09-13T01:01:34.539+0000] {logging_mixin.py:149} INFO - [2026-09-13T01:01:34.539+0000] {dag.py:3490} INFO - Setting next_dagrun for 7-branching to 2023-04-15T00:00:00+00:00, run_after=2023-04-16T00:00:00+00:00
[2026-09-13T01:01:34.587+0000] {processor.py:178} INFO - Processing /opt/airflow/dags/7_branch_pythoon_operator.py took 0.205 seconds
[2026-09-13T01:02:04.815+0000] {processor.py:156} INFO - Started process (PID=160505) to work on /opt/airflow/dags/7_branch_pythoon_operator.py
[2026-09-13T01:02:04.818+0000] {processor.py:799} INFO - Processing file /opt/airflow/dags/7_branch_pythoon_operator.py for tasks to queue
[2026-09-13T01:02:04.819+0000] {logging_mixin.py:149} INFO - [2026-09-13T01:02:04.819+0000] {dagbag.py:541} INFO - Filling up the DagBag from /opt/airflow/dags/7_branch_pythoon_operator.py
[2026-09-13T01:02:04.844+0000] {processor.py:809} INFO - DAG(s) dict_keys(['7-branching']) retrieved from /opt/airflow/dags/7_branch_pythoon_operator.py
[2026-09-13T01:02:04.926+0000] {logging_mixin.py:149} INFO - [2026-09-13T01:02:04.926+0000] {dag.py:2726} INFO - Sync 1 DAGs
[2026-09-13T01:02:04.998+0000] {logging_mixin.py:149} INFO - [2026-09-13T01:02:04.997+0000] {dag.py:3490} INFO - Setting next_dagrun for 7-branching to 2023-04-15T00:00:00+00:00, run_after=2023-04-16T00:00:00+00:00
[2026-09-13T01:02:05.057+0000] {processor.py:178} INFO - Processing /opt/airflow/dags/7_branch_pythoon_operator.py took 0.252 seconds
[2026-09-13T01:02:35.543+0000] {processor.py:156} INFO - Started process (PID=160519) to work on /opt/airflow/dags/7_branch_pythoon_operator.py
[2026-09-13T01:02:35.548+0000] {processor.py:799} INFO - Processing file /opt/airflow/dags/7_branch_pythoon_operator.py for tasks to queue
[2026-09-13T01:02:35.551+0000] {logging_mixin.py:149} INFO - [2026-09-13T01:02:35.550+0000] {dagbag.py:541} INFO - Filling up the DagBag from /opt/airflow/dags/7_branch_pythoon_operator.py
[2026-09-13T01:02:35.584+0000] {processor.py:809} INFO - DAG(s) dict_keys(['7-branching']) retrieved from /opt/airflow/dags/7_branch_pythoon_operator.py
[2026-09-13T01:02:35.670+0000] {logging_mixin.py:149} INFO - [2026-09-13T01:02:35.670+0000] {dag.py:2726} INFO - Sync 1 DAGs
[2026-09-13T01:02:35.738+0000] {logging_mixin.py:149} INFO - [2026-09-13T01:02:35.737+0000] {dag.py:3490} INFO - Setting next_dagrun for 7-branching to 2023-04-15T00:00:00+00:00, run_after=2023-04-16T00:00:00+00:00
[2026-09-13T01:02:36.036+0000] {processor.py:178} INFO - Processing /opt/airflow/dags/7_branch_pythoon_operator.py took 0.512 seconds
[2026-09-13T01:03:06.367+0000] {processor.py:156} INFO - Started process (PID=160532) to work on /opt/airflow/dags/7_branch_pythoon_operator.py
[2026-09-13T01:03:06.373+0000] {processor.py:799} INFO - Processing file /opt/airflow/dags/7_branch_pythoon_operator.py for tasks to queue
[2026-09-13T01:03:06.374+0000] {logging_mixin.py:149} INFO - [2026-09-13T01:03:06.374+0000] {dagbag.py:541} INFO - Filling up the DagBag from /opt/airflow/dags/7_branch_pythoon_operator.py
[2026-09-13T01:03:06.412+0000] {processor.py:809} INFO - DAG(s) dict_keys(['7-branching']) retrieved from /opt/airflow/dags/7_branch_pythoon_operator.py
[2026-09-13T01:03:06.502+0000] {logging_mixin.py:149} INFO - [2026-09-13T01:03:06.502+0000] {dag.py:2726} INFO - Sync 1 DAGs
[2026-09-13T01:03:06.808+0000] {logging_mixin.py:149} INFO - [2026-09-13T01:03:06.807+0000] {dag.py:3490} INFO - Setting next_dagrun for 7-branching to 2023-04-15T00:00:00+00:00, run_after=2023-04-16T00:00:00+00:00
[2026-09-13T01:03:06.872+0000] {processor.py:178} INFO - Processing /opt/airflow/dags/7_branch_pythoon_operator.py took 0.516 seconds
[2026-09-13T01:03:37.015+0000] {processor.py:156} INFO - Started process (PID=160547) to work on /opt/airflow/dags/7_branch_pythoon_operator.py
[2026-09-13T01:03:37.024+0000] {processor.py:799} INFO - Processing file /opt/airflow/dags/7_branch_pythoon_operator.py for tasks to queue
[2026-09-13T01:03:37.026+0000] {logging_mixin.py:149} INFO - [2026-09-13T01:03:37.026+0000] {dagbag.py:541} INFO - Filling up the DagBag from /opt/airflow/dags/7_branch_pythoon_operator.py
[2026-09-13T01:03:37.064+0000] {processor.py:809} INFO - DAG(s) dict_keys(['7-branching']) retrieved from /opt/airflow/dags/7_branch_pythoon_operator.py
[2026-09-13T01:03:37.128+0000] {logging_mixin.py:149} INFO - [2026-09-13T01:03:37.128+0000] {dag.py:2726} INFO - Sync 1 DAGs
[2026-09-13T01:03:37.169+0000] {logging_mixin.py:149} INFO - [2026-09-13T01:03:37.169+0000] {dag.py:3490} INFO - Setting next_dagrun for 7-branching to 2023-04-15T00:00:00+00:00, run_after=2023-04-16T00:00:00+00:00
[2026-09-13T01:03:37.195+0000] {processor.py:178} INFO - Processing /opt/airflow/dags/7_branch_pythoon_operator.py took 0.190 seconds
[2026-09-13T01:04:07.507+0000] {processor.py:156} INFO - Started process (PID=160560) to work on /opt/airflow/dags/7_branch_pythoon_operator.py
[2026-09-13T01:04:07.511+0000] {processor.py:799} INFO - Processing file /opt/airflow/dags/7_branch_pythoon_operator.py for tasks to queue
[2026-09-13T01:04:07.513+0000] {logging_mixin.py:149} INFO - [2026-09-13T01:04:07.512+0000] {dagbag.py:541} INFO - Filling up the DagBag from /opt/airflow/dags/7_branch_pythoon_operator.py
[2026-09-13T01:04:07.546+0000] {processor.py:809} INFO - DAG(s) dict_keys(['7-branching']) retrieved from /opt/airflow/dags/7_branch_pythoon_operator.py
[2026-09-13T01:04:07.634+0000] {logging_mixin.py:149} INFO - [2026-09-13T01:04:07.634+0000] {dag.py:2726} INFO - Sync 1 DAGs
[2026-09-13T01:04:07.704+0000] {logging_mixin.py:149} INFO - [2026-09-13T01:04:07.704+0000] {dag.py:3490} INFO - Setting next_dagrun for 7-branching to 2023-04-15T00:00:00+00:00, run_after=2023-04-16T00:00:00+00:00
[2026-09-13T01:04:07.772+0000] {processor.py:178} INFO - Processing /opt/airflow/dags/7_branch_pythoon_operator.py took 0.276 seconds
[2026-09-13T01:04:37.954+0000] {processor.py:156} INFO - Started process (PID=160574) to work on /opt/airflow/dags/7_branch_pythoon_operator.py
[2026-09-13T01:04:37.963+0000] {processor.py:799} INFO - Processing file /opt/airflow/dags/7_branch_pythoon_operator.py for tasks to queue
[2026-09-13T01:04:37.965+0000] {logging_mixin.py:149} INFO - [2026-09-13T01:04:37.965+0000] {dagbag.py:541} INFO - Filling up the DagBag from /opt/airflow/dags/7_branch_pythoon_operator.py
[2026-09-13T01:04:38.013+0000] {processor.py:809} INFO - DAG(s) dict_keys(['7-branching']) retrieved from /opt/airflow/dags/7_branch_pythoon_operator.py
[2026-09-13T01:04:38.100+0000] {logging_mixin.py:149} INFO - [2026-09-13T01:04:38.100+0000] {dag.py:2726} INFO - Sync 1 DAGs
[2026-09-13T01:04:38.177+0000] {logging_mixin.py:149} INFO - [2026-09-13T01:04:38.177+0000] {dag.py:3490} INFO - Setting next_dagrun for 7-branching to 2023-04-15T00:00:00+00:00, run_after=2023-04-16T00:00:00+00:00
[2026-09-13T01:04:38.239+0000] {processor.py:178} INFO - Processing /opt/airflow/dags/7_branch_pythoon_operator.py took 0.303 seconds
[2026-09-13T01:05:08.378+0000] {processor.py:156} INFO - Started process (PID=160587) to work on /opt/airflow/dags/7_branch_pythoon_operator.py
[2026-09-13T01:05:08.381+0000] {processor.py:799} INFO - Processing file /opt/airflow/dags/7_branch_pythoon_operator.py for tasks to queue
[2026-09-13T01:05:08.383+0000] {logging_mixin.py:149} INFO - [2026-09-13T01:05:08.383+0000] {dagbag.py:541} INFO - Filling up the DagBag from /opt/airflow/dags/7_branch_pythoon_operator.py
[2026-09-13T01:05:08.418+0000] {processor.py:809} INFO - DAG(s) dict_keys(['7-branching']) retrieved from /opt/airflow/dags/7_branch_pythoon_operator.py
[2026-09-13T01:05:08.501+0000] {logging_mixin.py:149} INFO - [2026-09-13T01:05:08.500+0000] {dag.py:2726} INFO - Sync 1 DAGs
[2026-09-13T01:05:08.582+0000] {logging_mixin.py:149} INFO - [2026-09-13T01:05:08.581+0000] {dag.py:3490} INFO - Setting next_dagrun for 7-branching to 2023-04-15T00:00:00+00:00, run_after=2023-04-16T00:00:00+00:00
[2026-09-13T01:05:08.640+0000] {processor.py:178} INFO - Processing /opt/airflow/dags/7_branch_pythoon_operator.py took 0.273 seconds
[2026-09-13T01:05:38.826+0000] {processor.py:156} INFO - Started process (PID=160601) to work on /opt/airflow/dags/7_branch_pythoon_operator.py
[2026-09-13T01:05:38.833+0000] {processor.py:799} INFO - Processing file /opt/airflow/dags/7_branch_pythoon_operator.py for tasks to queue
[2026-09-13T01:05:38.835+0000] {logging_mixin.py:149} INFO - [2026-09-13T01:05:38.835+0000] {dagbag.py:541} INFO - Filling up the DagBag from /opt/airflow/dags/7_branch_pythoon_operator.py
[2026-09-13T01:05:38.866+0000] {processor.py:809} INFO - DAG(s) dict_keys(['7-branching']) retrieved from /opt/airflow/dags/7_branch_pythoon_operator.py
[2026-09-13T01:05:38.920+0000] {logging_mixin.py:149} INFO - [2026-09-13T01:05:38.920+0000] {dag.py:2726} INFO - Sync 1 DAGs
[2026-09-13T01:05:39.264+0000] {logging_mixin.py:149} INFO - [2026-09-13T01:05:39.263+0000] {dag.py:3490} INFO - Setting next_dagrun for 7-branching to 2023-04-15T00:00:00+00:00, run_after=2023-04-16T00:00:00+00:00
[2026-09-13T01:05:39.313+0000] {processor.py:178} INFO - Processing /opt/airflow/dags/7_branch_pythoon_operator.py took 0.498 seconds
[2026-09-13T01:06:09.594+0000] {processor.py:156} INFO - Started process (PID=160615) to work on /opt/airflow/dags/7_branch_pythoon_operator.py
[2026-09-13T01:06:09.597+0000] {processor.py:799} INFO - Processing file /opt/airflow/dags/7_branch_pythoon_operator.py for tasks to queue
[2026-09-13T01:06:09.598+0000] {logging_mixin.py:149} INFO - [2026-09-13T01:06:09.598+0000] {dagbag.py:541} INFO - Filling up the DagBag from /opt/airflow/dags/7_branch_pythoon_operator.py
[2026-09-13T01:06:09.616+0000] {processor.py:809} INFO - DAG(s) dict_keys(['7-branching']) retrieved from /opt/airflow/dags/7_branch_pythoon_operator.py
[2026-09-13T01:06:09.661+0000] {logging_mixin.py:149} INFO - [2026-09-13T01:06:09.661+0000] {dag.py:2726} INFO - Sync 1 DAGs
[2026-09-13T01:06:09.937+0000] {logging_mixin.py:149} INFO - [2026-09-13T01:06:09.937+0000] {dag.py:3490} INFO - Setting next_dagrun for 7-branching to 2023-04-15T00:00:00+00:00, run_after=2023-04-16T00:00:00+00:00
[2026-09-13T01:06:10.014+0000] {processor.py:178} INFO - Processing /opt/airflow/dags/7_branch_pythoon_operator.py took 0.426 seconds
[2026-09-13T01:06:40.249+0000] {processor.py:156} INFO - Started process (PID=160628) to work on /opt/airflow/dags/7_branch_pythoon_operator.py
[2026-09-13T01:06:40.253+0000] {processor.py:799} INFO - Processing file /opt/airflow/dags/7_branch_pythoon_operator.py for tasks to queue
[2026-09-13T01:06:40.255+0000] {logging_mixin.py:149} INFO - [2026-09-13T01:06:40.254+0000] {dagbag.py:541} INFO - Filling up the DagBag from /opt/airflow/dags/7_branch_pythoon_operator.py
[2026-09-13T01:06:40.288+0000] {processor.py:809} INFO - DAG(s) dict_keys(['7-branching']) retrieved from /opt/airflow/dags/7_branch_pythoon_operator.py
[2026-09-13T01:06:40.375+0000] {logging_mixin.py:149} INFO - [2026-09-13T01:06:40.374+0000] {dag.py:2726} INFO - Sync 1 DAGs
[2026-09-13T01:06:40.442+0000] {logging_mixin.py:149} INFO - [2026-09-13T01:06:40.442+0000] {dag.py:3490} INFO - Setting next_dagrun for 7-branching to 2023-04-15T00:00:00+00:00, run_after=2023-04-16T00:00:00+00:00
[2026-09-13T01:06:40.486+0000] {processor.py:178} INFO - Processing /opt/airflow/dags/7_branch_pythoon_operator.py took 0.247 seconds
[2026-09-13T01:07:10.668+0000] {processor.py:156} INFO - Started process (PID=160641) to work on /opt/airflow/dags/7_branch_pythoon_operator.py
[2026-09-13T01:07:10.671+0000] {processor.py:799} INFO - Processing file /opt/airflow/dags/7_branch_pythoon_operator.py for tasks to queue
[2026-09-13T01:07:10.673+0000] {logging_mixin.py:149} INFO - [2026-09-13T01:07:10.673+0000] {dagbag.py:541} INFO - Filling up the DagBag from /opt/airflow/dags/7_branch_pythoon_operator.py
[2026-09-13T01:07:10.710+0000] {processor.py:809} INFO - DAG(s) dict_keys(['7-branching']) retrieved from /opt/airflow/dags/7_branch_pythoon_operator.py
[2026-09-13T01:07:10.792+0000] {logging_mixin.py:149} INFO - [2026-09-13T01:07:10.792+0000] {dag.py:2726} INFO - Sync 1 DAGs
[2026-09-13T01:07:10.884+0000] {logging_mixin.py:149} INFO - [2026-09-13T01:07:10.884+0000] {dag.py:3490} INFO - Setting next_dagrun for 7-branching to 2023-04-15T00:00:00+00:00, run_after=2023-04-16T00:00:00+00:00
[2026-09-13T01:07:10.946+0000] {processor.py:178} INFO - Processing /opt/airflow/dags/7_branch_pythoon_operator.py took 0.289 seconds
[2026-09-13T01:07:41.112+0000] {processor.py:156} INFO - Started process (PID=160654) to work on /opt/airflow/dags/7_branch_pythoon_operator.py
[2026-09-13T01:07:41.115+0000] {processor.py:799} INFO - Processing file /opt/airflow/dags/7_branch_pythoon_operator.py for tasks to queue
[2026-09-13T01:07:41.117+0000] {logging_mixin.py:149} INFO - [2026-09-13T01:07:41.117+0000] {dagbag.py:541} INFO - Filling up the DagBag from /opt/airflow/dags/7_branch_pythoon_operator.py
[2026-09-13T01:07:41.151+0000] {processor.py:809} INFO - DAG(s) dict_keys(['7-branching']) retrieved from /opt/airflow/dags/7_branch_pythoon_operator.py
[2026-09-13T01:07:41.225+0000] {logging_mixin.py:149} INFO - [2026-09-13T01:07:41.224+0000] {dag.py:2726} INFO - Sync 1 DAGs
[2026-09-13T01:07:41.293+0000] {logging_mixin.py:149} INFO - [2026-09-13T01:07:41.291+0000] {dag.py:3490} INFO - Setting next_dagrun for 7-branching to 2023-04-15T00:00:00+00:00, run_after=2023-04-16T00:00:00+00:00
[2026-09-13T01:07:41.333+0000] {processor.py:178} INFO - Processing /opt/airflow/dags/7_branch_pythoon_operator.py took 0.232 seconds
[2026-09-13T01:08:11.549+0000] {processor.py:156} INFO - Started process (PID=160668) to work on /opt/airflow/dags/7_branch_pythoon_operator.py
[2026-09-13T01:08:11.553+0000] {processor.py:799} INFO - Processing file /opt/airflow/dags/7_branch_pythoon_operator.py for tasks to queue
[2026-09-13T01:08:11.555+0000] {logging_mixin.py:149} INFO - [2026-09-13T01:08:11.554+0000] {dagbag.py:541} INFO - Filling up the DagBag from /opt/airflow/dags/7_branch_pythoon_operator.py
[2026-09-13T01:08:11.588+0000] {processor.py:809} INFO - DAG(s) dict_keys(['7-branching']) retrieved from /opt/airflow/dags/7_branch_pythoon_operator.py
[2026-09-13T01:08:11.686+0000] {logging_mixin.py:149} INFO - [2026-09-13T01:08:11.685+0000] {dag.py:2726} INFO - Sync 1 DAGs
[2026-09-13T01:08:11.767+0000] {logging_mixin.py:149} INFO - [2026-09-13T01:08:11.767+0000] {dag.py:3490} INFO - Setting next_dagrun for 7-branching to 2023-04-15T00:00:00+00:00, run_after=2023-04-16T00:00:00+00:00
[2026-09-13T01:08:12.048+0000] {processor.py:178} INFO - Processing /opt/airflow/dags/7_branch_pythoon_operator.py took 0.509 seconds
[2026-09-13T01:08:42.185+0000] {processor.py:156} INFO - Started process (PID=160682) to work on /opt/airflow/dags/7_branch_pythoon_operator.py
[2026-09-13T01:08:42.195+0000] {processor.py:799} INFO - Processing file /opt/airflow/dags/7_branch_pythoon_operator.py for tasks to queue
[2026-09-13T01:08:42.197+0000] {logging_mixin.py:149} INFO - [2026-09-13T01:08:42.196+0000] {dagbag.py:541} INFO - Filling up the DagBag from /opt/airflow/dags/7_branch_pythoon_operator.py
[2026-09-13T01:08:42.233+0000] {processor.py:809} INFO - DAG(s) dict_keys(['7-branching']) retrieved from /opt/airflow/dags/7_branch_pythoon_operator.py
[2026-09-13T01:08:42.310+0000] {logging_mixin.py:149} INFO - [2026-09-13T01:08:42.310+0000] {dag.py:2726} INFO - Sync 1 DAGs
[2026-09-13T01:08:42.554+0000] {logging_mixin.py:149} INFO - [2026-09-13T01:08:42.554+0000] {dag.py:3490} INFO - Setting next_dagrun for 7-branching to 2023-04-15T00:00:00+00:00, run_after=2023-04-16T00:00:00+00:00
[2026-09-13T01:08:42.585+0000] {processor.py:178} INFO - Processing /opt/airflow/dags/7_branch_pythoon_operator.py took 0.411 seconds
[2026-09-13T01:09:12.875+0000] {processor.py:156} INFO - Started process (PID=160696) to work on /opt/airflow/dags/7_branch_pythoon_operator.py
[2026-09-13T01:09:12.879+0000] {processor.py:799} INFO - Processing file /opt/airflow/dags/7_branch_pythoon_operator.py for tasks to queue
[2026-09-13T01:09:12.881+0000] {logging_mixin.py:149} INFO - [2026-09-13T01:09:12.881+0000] {dagbag.py:541} INFO - Filling up the DagBag from /opt/airflow/dags/7_branch_pythoon_operator.py
[2026-09-13T01:09:12.917+0000] {processor.py:809} INFO - DAG(s) dict_keys(['7-branching']) retrieved from /opt/airflow/dags/7_branch_pythoon_operator.py
[2026-09-13T01:09:12.996+0000] {logging_mixin.py:149} INFO - [2026-09-13T01:09:12.996+0000] {dag.py:2726} INFO - Sync 1 DAGs
[2026-09-13T01:09:13.306+0000] {logging_mixin.py:149} INFO - [2026-09-13T01:09:13.306+0000] {dag.py:3490} INFO - Setting next_dagrun for 7-branching to 2023-04-15T00:00:00+00:00, run_after=2023-04-16T00:00:00+00:00
[2026-09-13T01:09:13.367+0000] {processor.py:178} INFO - Processing /opt/airflow/dags/7_branch_pythoon_operator.py took 0.507 seconds
[2026-09-13T01:09:44.287+0000] {processor.py:156} INFO - Started process (PID=160710) to work on /opt/airflow/dags/7_branch_pythoon_operator.py
[2026-09-13T01:09:44.291+0000] {processor.py:799} INFO - Processing file /opt/airflow/dags/7_branch_pythoon_operator.py for tasks to queue
[2026-09-13T01:09:44.293+0000] {logging_mixin.py:149} INFO - [2026-09-13T01:09:44.293+0000] {dagbag.py:541} INFO - Filling up the DagBag from /opt/airflow/dags/7_branch_pythoon_operator.py
[2026-09-13T01:09:44.329+0000] {processor.py:809} INFO - DAG(s) dict_keys(['7-branching']) retrieved from /opt/airflow/dags/7_branch_pythoon_operator.py
[2026-09-13T01:09:44.418+0000] {logging_mixin.py:149} INFO - [2026-09-13T01:09:44.418+0000] {dag.py:2726} INFO - Sync 1 DAGs
[2026-09-13T01:09:44.487+0000] {logging_mixin.py:149} INFO - [2026-09-13T01:09:44.486+0000] {dag.py:3490} INFO - Setting next_dagrun for 7-branching to 2023-04-15T00:00:00+00:00, run_after=2023-04-16T00:00:00+00:00
[2026-09-13T01:09:44.557+0000] {processor.py:178} INFO - Processing /opt/airflow/dags/7_branch_pythoon_operator.py took 0.280 seconds
[2026-09-13T01:10:14.666+0000] {processor.py:156} INFO - Started process (PID=160723) to work on /opt/airflow/dags/7_branch_pythoon_operator.py
[2026-09-13T01:10:14.673+0000] {processor.py:799} INFO - Processing file /opt/airflow/dags/7_branch_pythoon_operator.py for tasks to queue
[2026-09-13T01:10:14.674+0000] {logging_mixin.py:149} INFO - [2026-09-13T01:10:14.674+0000] {dagbag.py:541} INFO - Filling up the DagBag from /opt/airflow/dags/7_branch_pythoon_operator.py
[2026-09-13T01:10:14.705+0000] {processor.py:809} INFO - DAG(s) dict_keys(['7-branching']) retrieved from /opt/airflow/dags/7_branch_pythoon_operator.py
[2026-09-13T01:10:14.797+0000] {logging_mixin.py:149} INFO - [2026-09-13T01:10:14.797+0000] {dag.py:2726} INFO - Sync 1 DAGs
[2026-09-13T01:10:14.873+0000] {logging_mixin.py:149} INFO - [2026-09-13T01:10:14.872+0000] {dag.py:3490} INFO - Setting next_dagrun for 7-branching to 2023-04-15T00:00:00+00:00, run_after=2023-04-16T00:00:00+00:00
[2026-09-13T01:10:14.942+0000] {processor.py:178} INFO - Processing /opt/airflow/dags/7_branch_pythoon_operator.py took 0.287 seconds
[2026-09-13T01:10:45.135+0000] {processor.py:156} INFO - Started process (PID=160738) to work on /opt/airflow/dags/7_branch_pythoon_operator.py
[2026-09-13T01:10:45.148+0000] {processor.py:799} INFO - Processing file /opt/airflow/dags/7_branch_pythoon_operator.py for tasks to queue
[2026-09-13T01:10:45.151+0000] {logging_mixin.py:149} INFO - [2026-09-13T01:10:45.151+0000] {dagbag.py:541} INFO - Filling up the DagBag from /opt/airflow/dags/7_branch_pythoon_operator.py
[2026-09-13T01:10:45.210+0000] {processor.py:809} INFO - DAG(s) dict_keys(['7-branching']) retrieved from /opt/airflow/dags/7_branch_pythoon_operator.py
[2026-09-13T01:10:45.308+0000] {logging_mixin.py:149} INFO - [2026-09-13T01:10:45.308+0000] {dag.py:2726} INFO - Sync 1 DAGs
[2026-09-13T01:10:45.393+0000] {logging_mixin.py:149} INFO - [2026-09-13T01:10:45.393+0000] {dag.py:3490} INFO - Setting next_dagrun for 7-branching to 2023-04-15T00:00:00+00:00, run_after=2023-04-16T00:00:00+00:00
[2026-09-13T01:10:45.635+0000] {processor.py:178} INFO - Processing /opt/airflow/dags/7_branch_pythoon_operator.py took 0.512 seconds
[2026-09-13T01:11:16.014+0000] {processor.py:156} INFO - Started process (PID=160758) to work on /opt/airflow/dags/7_branch_pythoon_operator.py
[2026-09-13T01:11:16.017+0000] {processor.py:799} INFO - Processing file /opt/airflow/dags/7_branch_pythoon_operator.py for tasks to queue
[2026-09-13T01:11:16.019+0000] {logging_mixin.py:149} INFO - [2026-09-13T01:11:16.018+0000] {dagbag.py:541} INFO - Filling up the DagBag from /opt/airflow/dags/7_branch_pythoon_operator.py
[2026-09-13T01:11:16.057+0000] {processor.py:809} INFO - DAG(s) dict_keys(['7-branching']) retrieved from /opt/airflow/dags/7_branch_pythoon_operator.py
[2026-09-13T01:11:16.130+0000] {logging_mixin.py:149} INFO - [2026-09-13T01:11:16.130+0000] {dag.py:2726} INFO - Sync 1 DAGs
[2026-09-13T01:11:16.476+0000] {logging_mixin.py:149} INFO - [2026-09-13T01:11:16.476+0000] {dag.py:3490} INFO - Setting next_dagrun for 7-branching to 2023-04-15T00:00:00+00:00, run_after=2023-04-16T00:00:00+00:00
[2026-09-13T01:11:16.500+0000] {processor.py:178} INFO - Processing /opt/airflow/dags/7_branch_pythoon_operator.py took 0.498 seconds
[2026-09-13T01:11:46.817+0000] {processor.py:156} INFO - Started process (PID=160772) to work on /opt/airflow/dags/7_branch_pythoon_operator.py
[2026-09-13T01:11:46.825+0000] {processor.py:799} INFO - Processing file /opt/airflow/dags/7_branch_pythoon_operator.py for tasks to queue
[2026-09-13T01:11:46.828+0000] {logging_mixin.py:149} INFO - [2026-09-13T01:11:46.828+0000] {dagbag.py:541} INFO - Filling up the DagBag from /opt/airflow/dags/7_branch_pythoon_operator.py
[2026-09-13T01:11:46.868+0000] {processor.py:809} INFO - DAG(s) dict_keys(['7-branching']) retrieved from /opt/airflow/dags/7_branch_pythoon_operator.py
[2026-09-13T01:11:46.954+0000] {logging_mixin.py:149} INFO - [2026-09-13T01:11:46.954+0000] {dag.py:2726} INFO - Sync 1 DAGs
[2026-09-13T01:11:47.219+0000] {logging_mixin.py:149} INFO - [2026-09-13T01:11:47.218+0000] {dag.py:3490} INFO - Setting next_dagrun for 7-branching to 2023-04-15T00:00:00+00:00, run_after=2023-04-16T00:00:00+00:00
[2026-09-13T01:11:47.244+0000] {processor.py:178} INFO - Processing /opt/airflow/dags/7_branch_pythoon_operator.py took 0.438 seconds
[2026-09-13T01:12:17.485+0000] {processor.py:156} INFO - Started process (PID=160785) to work on /opt/airflow/dags/7_branch_pythoon_operator.py
[2026-09-13T01:12:17.487+0000] {processor.py:799} INFO - Processing file /opt/airflow/dags/7_branch_pythoon_operator.py for tasks to queue
[2026-09-13T01:12:17.489+0000] {logging_mixin.py:149} INFO - [2026-09-13T01:12:17.489+0000] {dagbag.py:541} INFO - Filling up the DagBag from /opt/airflow/dags/7_branch_pythoon_operator.py
[2026-09-13T01:12:17.524+0000] {processor.py:809} INFO - DAG(s) dict_keys(['7-branching']) retrieved from /opt/airflow/dags/7_branch_pythoon_operator.py
[2026-09-13T01:12:17.612+0000] {logging_mixin.py:149} INFO - [2026-09-13T01:12:17.612+0000] {dag.py:2726} INFO - Sync 1 DAGs
[2026-09-13T01:12:17.667+0000] {logging_mixin.py:149} INFO - [2026-09-13T01:12:17.667+0000] {dag.py:3490} INFO - Setting next_dagrun for 7-branching to 2023-04-15T00:00:00+00:00, run_after=2023-04-16T00:00:00+00:00
[2026-09-13T01:12:17.739+0000] {processor.py:178} INFO - Processing /opt/airflow/dags/7_branch_pythoon_operator.py took 0.264 seconds
[2026-09-13T01:12:47.819+0000] {processor.py:156} INFO - Started process (PID=160799) to work on /opt/airflow/dags/7_branch_pythoon_operator.py
[2026-09-13T01:12:47.824+0000] {processor.py:799} INFO - Processing file /opt/airflow/dags/7_branch_pythoon_operator.py for tasks to queue
[2026-09-13T01:12:47.826+0000] {logging_mixin.py:149} INFO - [2026-09-13T01:12:47.826+0000] {dagbag.py:541} INFO - Filling up the DagBag from /opt/airflow/dags/7_branch_pythoon_operator.py
[2026-09-13T01:12:47.863+0000] {processor.py:809} INFO - DAG(s) dict_keys(['7-branching']) retrieved from /opt/airflow/dags/7_branch_pythoon_operator.py
[2026-09-13T01:12:47.960+0000] {logging_mixin.py:149} INFO - [2026-09-13T01:12:47.959+0000] {dag.py:2726} INFO - Sync 1 DAGs
[2026-09-13T01:12:48.018+0000] {logging_mixin.py:149} INFO - [2026-09-13T01:12:48.017+0000] {dag.py:3490} INFO - Setting next_dagrun for 7-branching to 2023-04-15T00:00:00+00:00, run_after=2023-04-16T00:00:00+00:00
[2026-09-13T01:12:48.068+0000] {processor.py:178} INFO - Processing /opt/airflow/dags/7_branch_pythoon_operator.py took 0.260 seconds
[2026-09-13T01:13:18.260+0000] {processor.py:156} INFO - Started process (PID=160813) to work on /opt/airflow/dags/7_branch_pythoon_operator.py
[2026-09-13T01:13:18.267+0000] {processor.py:799} INFO - Processing file /opt/airflow/dags/7_branch_pythoon_operator.py for tasks to queue
[2026-09-13T01:13:18.269+0000] {logging_mixin.py:149} INFO - [2026-09-13T01:13:18.269+0000] {dagbag.py:541} INFO - Filling up the DagBag from /opt/airflow/dags/7_branch_pythoon_operator.py
[2026-09-13T01:13:18.307+0000] {processor.py:809} INFO - DAG(s) dict_keys(['7-branching']) retrieved from /opt/airflow/dags/7_branch_pythoon_operator.py
[2026-09-13T01:13:18.365+0000] {logging_mixin.py:149} INFO - [2026-09-13T01:13:18.364+0000] {dag.py:2726} INFO - Sync 1 DAGs
[2026-09-13T01:13:18.402+0000] {logging_mixin.py:149} INFO - [2026-09-13T01:13:18.402+0000] {dag.py:3490} INFO - Setting next_dagrun for 7-branching to 2023-04-15T00:00:00+00:00, run_after=2023-04-16T00:00:00+00:00
[2026-09-13T01:13:18.429+0000] {processor.py:178} INFO - Processing /opt/airflow/dags/7_branch_pythoon_operator.py took 0.180 seconds
[2026-09-13T01:13:48.665+0000] {processor.py:156} INFO - Started process (PID=160828) to work on /opt/airflow/dags/7_branch_pythoon_operator.py
[2026-09-13T01:13:48.669+0000] {processor.py:799} INFO - Processing file /opt/airflow/dags/7_branch_pythoon_operator.py for tasks to queue
[2026-09-13T01:13:48.671+0000] {logging_mixin.py:149} INFO - [2026-09-13T01:13:48.670+0000] {dagbag.py:541} INFO - Filling up the DagBag from /opt/airflow/dags/7_branch_pythoon_operator.py
[2026-09-13T01:13:48.708+0000] {processor.py:809} INFO - DAG(s) dict_keys(['7-branching']) retrieved from /opt/airflow/dags/7_branch_pythoon_operator.py
[2026-09-13T01:13:48.778+0000] {logging_mixin.py:149} INFO - [2026-09-13T01:13:48.778+0000] {dag.py:2726} INFO - Sync 1 DAGs
[2026-09-13T01:13:48.827+0000] {logging_mixin.py:149} INFO - [2026-09-13T01:13:48.827+0000] {dag.py:3490} INFO - Setting next_dagrun for 7-branching to 2023-04-15T00:00:00+00:00, run_after=2023-04-16T00:00:00+00:00
[2026-09-13T01:13:49.054+0000] {processor.py:178} INFO - Processing /opt/airflow/dags/7_branch_pythoon_operator.py took 0.402 seconds
[2026-09-13T01:14:19.495+0000] {processor.py:156} INFO - Started process (PID=160843) to work on /opt/airflow/dags/7_branch_pythoon_operator.py
[2026-09-13T01:14:19.500+0000] {processor.py:799} INFO - Processing file /opt/airflow/dags/7_branch_pythoon_operator.py for tasks to queue
[2026-09-13T01:14:19.502+0000] {logging_mixin.py:149} INFO - [2026-09-13T01:14:19.502+0000] {dagbag.py:541} INFO - Filling up the DagBag from /opt/airflow/dags/7_branch_pythoon_operator.py
[2026-09-13T01:14:19.538+0000] {processor.py:809} INFO - DAG(s) dict_keys(['7-branching']) retrieved from /opt/airflow/dags/7_branch_pythoon_operator.py
[2026-09-13T01:14:19.613+0000] {logging_mixin.py:149} INFO - [2026-09-13T01:14:19.612+0000] {dag.py:2726} INFO - Sync 1 DAGs
[2026-09-13T01:14:19.926+0000] {logging_mixin.py:149} INFO - [2026-09-13T01:14:19.926+0000] {dag.py:3490} INFO - Setting next_dagrun for 7-branching to 2023-04-15T00:00:00+00:00, run_after=2023-04-16T00:00:00+00:00
[2026-09-13T01:14:19.984+0000] {processor.py:178} INFO - Processing /opt/airflow/dags/7_branch_pythoon_operator.py took 0.501 seconds
[2026-09-13T01:14:50.345+0000] {processor.py:156} INFO - Started process (PID=160857) to work on /opt/airflow/dags/7_branch_pythoon_operator.py
[2026-09-13T01:14:50.348+0000] {processor.py:799} INFO - Processing file /opt/airflow/dags/7_branch_pythoon_operator.py for tasks to queue
[2026-09-13T01:14:50.350+0000] {logging_mixin.py:149} INFO - [2026-09-13T01:14:50.350+0000] {dagbag.py:541} INFO - Filling up the DagBag from /opt/airflow/dags/7_branch_pythoon_operator.py
[2026-09-13T01:14:50.387+0000] {processor.py:809} INFO - DAG(s) dict_keys(['7-branching']) retrieved from /opt/airflow/dags/7_branch_pythoon_operator.py
[2026-09-13T01:14:50.475+0000] {logging_mixin.py:149} INFO - [2026-09-13T01:14:50.474+0000] {dag.py:2726} INFO - Sync 1 DAGs
[2026-09-13T01:14:50.746+0000] {logging_mixin.py:149} INFO - [2026-09-13T01:14:50.745+0000] {dag.py:3490} INFO - Setting next_dagrun for 7-branching to 2023-04-15T00:00:00+00:00, run_after=2023-04-16T00:00:00+00:00
[2026-09-13T01:14:50.799+0000] {processor.py:178} INFO - Processing /opt/airflow/dags/7_branch_pythoon_operator.py took 0.465 seconds
[2026-09-13T01:15:20.948+0000] {processor.py:156} INFO - Started process (PID=160871) to work on /opt/airflow/dags/7_branch_pythoon_operator.py
[2026-09-13T01:15:20.952+0000] {processor.py:799} INFO - Processing file /opt/airflow/dags/7_branch_pythoon_operator.py for tasks to queue
[2026-09-13T01:15:20.954+0000] {logging_mixin.py:149} INFO - [2026-09-13T01:15:20.953+0000] {dagbag.py:541} INFO - Filling up the DagBag from /opt/airflow/dags/7_branch_pythoon_operator.py
[2026-09-13T01:15:20.987+0000] {processor.py:809} INFO - DAG(s) dict_keys(['7-branching']) retrieved from /opt/airflow/dags/7_branch_pythoon_operator.py
[2026-09-13T01:15:21.071+0000] {logging_mixin.py:149} INFO - [2026-09-13T01:15:21.071+0000] {dag.py:2726} INFO - Sync 1 DAGs
[2026-09-13T01:15:21.138+0000] {logging_mixin.py:149} INFO - [2026-09-13T01:15:21.137+0000] {dag.py:3490} INFO - Setting next_dagrun for 7-branching to 2023-04-15T00:00:00+00:00, run_after=2023-04-16T00:00:00+00:00
[2026-09-13T01:15:21.210+0000] {processor.py:178} INFO - Processing /opt/airflow/dags/7_branch_pythoon_operator.py took 0.273 seconds
[2026-09-13T01:15:51.472+0000] {processor.py:156} INFO - Started process (PID=160886) to work on /opt/airflow/dags/7_branch_pythoon_operator.py
[2026-09-13T01:15:51.475+0000] {processor.py:799} INFO - Processing file /opt/airflow/dags/7_branch_pythoon_operator.py for tasks to queue
[2026-09-13T01:15:51.478+0000] {logging_mixin.py:149} INFO - [2026-09-13T01:15:51.477+0000] {dagbag.py:541} INFO - Filling up the DagBag from /opt/airflow/dags/7_branch_pythoon_operator.py
[2026-09-13T01:15:51.513+0000] {processor.py:809} INFO - DAG(s) dict_keys(['7-branching']) retrieved from /opt/airflow/dags/7_branch_pythoon_operator.py
[2026-09-13T01:15:51.608+0000] {logging_mixin.py:149} INFO - [2026-09-13T01:15:51.608+0000] {dag.py:2726} INFO - Sync 1 DAGs
[2026-09-13T01:15:51.674+0000] {logging_mixin.py:149} INFO - [2026-09-13T01:15:51.674+0000] {dag.py:3490} INFO - Setting next_dagrun for 7-branching to 2023-04-15T00:00:00+00:00, run_after=2023-04-16T00:00:00+00:00
[2026-09-13T01:15:51.757+0000] {processor.py:178} INFO - Processing /opt/airflow/dags/7_branch_pythoon_operator.py took 0.296 seconds
[2026-09-13T01:16:21.915+0000] {processor.py:156} INFO - Started process (PID=160900) to work on /opt/airflow/dags/7_branch_pythoon_operator.py
[2026-09-13T01:16:21.919+0000] {processor.py:799} INFO - Processing file /opt/airflow/dags/7_branch_pythoon_operator.py for tasks to queue
[2026-09-13T01:16:21.920+0000] {logging_mixin.py:149} INFO - [2026-09-13T01:16:21.920+0000] {dagbag.py:541} INFO - Filling up the DagBag from /opt/airflow/dags/7_branch_pythoon_operator.py
[2026-09-13T01:16:21.942+0000] {processor.py:809} INFO - DAG(s) dict_keys(['7-branching']) retrieved from /opt/airflow/dags/7_branch_pythoon_operator.py
[2026-09-13T01:16:22.037+0000] {logging_mixin.py:149} INFO - [2026-09-13T01:16:22.037+0000] {dag.py:2726} INFO - Sync 1 DAGs
[2026-09-13T01:16:22.108+0000] {logging_mixin.py:149} INFO - [2026-09-13T01:16:22.107+0000] {dag.py:3490} INFO - Setting next_dagrun for 7-branching to 2023-04-15T00:00:00+00:00, run_after=2023-04-16T00:00:00+00:00
[2026-09-13T01:16:22.435+0000] {processor.py:178} INFO - Processing /opt/airflow/dags/7_branch_pythoon_operator.py took 0.526 seconds
[2026-09-13T01:16:52.776+0000] {processor.py:156} INFO - Started process (PID=160914) to work on /opt/airflow/dags/7_branch_pythoon_operator.py
[2026-09-13T01:16:52.779+0000] {processor.py:799} INFO - Processing file /opt/airflow/dags/7_branch_pythoon_operator.py for tasks to queue
[2026-09-13T01:16:52.781+0000] {logging_mixin.py:149} INFO - [2026-09-13T01:16:52.781+0000] {dagbag.py:541} INFO - Filling up the DagBag from /opt/airflow/dags/7_branch_pythoon_operator.py
[2026-09-13T01:16:52.817+0000] {processor.py:809} INFO - DAG(s) dict_keys(['7-branching']) retrieved from /opt/airflow/dags/7_branch_pythoon_operator.py
[2026-09-13T01:16:52.913+0000] {logging_mixin.py:149} INFO - [2026-09-13T01:16:52.913+0000] {dag.py:2726} INFO - Sync 1 DAGs
[2026-09-13T01:16:53.266+0000] {logging_mixin.py:149} INFO - [2026-09-13T01:16:53.266+0000] {dag.py:3490} INFO - Setting next_dagrun for 7-branching to 2023-04-15T00:00:00+00:00, run_after=2023-04-16T00:00:00+00:00
[2026-09-13T01:16:53.337+0000] {processor.py:178} INFO - Processing /opt/airflow/dags/7_branch_pythoon_operator.py took 0.572 seconds
[2026-09-13T01:17:23.601+0000] {processor.py:156} INFO - Started process (PID=160928) to work on /opt/airflow/dags/7_branch_pythoon_operator.py
[2026-09-13T01:17:23.604+0000] {processor.py:799} INFO - Processing file /opt/airflow/dags/7_branch_pythoon_operator.py for tasks to queue
[2026-09-13T01:17:23.607+0000] {logging_mixin.py:149} INFO - [2026-09-13T01:17:23.606+0000] {dagbag.py:541} INFO - Filling up the DagBag from /opt/airflow/dags/7_branch_pythoon_operator.py
[2026-09-13T01:17:23.642+0000] {processor.py:809} INFO - DAG(s) dict_keys(['7-branching']) retrieved from /opt/airflow/dags/7_branch_pythoon_operator.py
[2026-09-13T01:17:23.738+0000] {logging_mixin.py:149} INFO - [2026-09-13T01:17:23.738+0000] {dag.py:2726} INFO - Sync 1 DAGs
[2026-09-13T01:17:24.006+0000] {logging_mixin.py:149} INFO - [2026-09-13T01:17:24.005+0000] {dag.py:3490} INFO - Setting next_dagrun for 7-branching to 2023-04-15T00:00:00+00:00, run_after=2023-04-16T00:00:00+00:00
[2026-09-13T01:17:24.048+0000] {processor.py:178} INFO - Processing /opt/airflow/dags/7_branch_pythoon_operator.py took 0.459 seconds
[2026-09-13T01:17:54.329+0000] {processor.py:156} INFO - Started process (PID=160942) to work on /opt/airflow/dags/7_branch_pythoon_operator.py
[2026-09-13T01:17:54.337+0000] {processor.py:799} INFO - Processing file /opt/airflow/dags/7_branch_pythoon_operator.py for tasks to queue
[2026-09-13T01:17:54.339+0000] {logging_mixin.py:149} INFO - [2026-09-13T01:17:54.339+0000] {dagbag.py:541} INFO - Filling up the DagBag from /opt/airflow/dags/7_branch_pythoon_operator.py
[2026-09-13T01:17:54.374+0000] {processor.py:809} INFO - DAG(s) dict_keys(['7-branching']) retrieved from /opt/airflow/dags/7_branch_pythoon_operator.py
[2026-09-13T01:17:54.468+0000] {logging_mixin.py:149} INFO - [2026-09-13T01:17:54.467+0000] {dag.py:2726} INFO - Sync 1 DAGs
[2026-09-13T01:17:54.512+0000] {logging_mixin.py:149} INFO - [2026-09-13T01:17:54.512+0000] {dag.py:3490} INFO - Setting next_dagrun for 7-branching to 2023-04-15T00:00:00+00:00, run_after=2023-04-16T00:00:00+00:00
[2026-09-13T01:17:54.540+0000] {processor.py:178} INFO - Processing /opt/airflow/dags/7_branch_pythoon_operator.py took 0.225 seconds
[2026-09-13T01:18:24.779+0000] {processor.py:156} INFO - Started process (PID=160956) to work on /opt/airflow/dags/7_branch_pythoon_operator.py
[2026-09-13T01:18:24.782+0000] {processor.py:799} INFO - Processing file /opt/airflow/dags/7_branch_pythoon_operator.py for tasks to queue
[2026-09-13T01:18:24.784+0000] {logging_mixin.py:149} INFO - [2026-09-13T01:18:24.783+0000] {dagbag.py:541} INFO - Filling up the DagBag from /opt/airflow/dags/7_branch_pythoon_operator.py
[2026-09-13T01:18:24.810+0000] {processor.py:809} INFO - DAG(s) dict_keys(['7-branching']) retrieved from /opt/airflow/dags/7_branch_pythoon_operator.py
[2026-09-13T01:18:24.867+0000] {logging_mixin.py:149} INFO - [2026-09-13T01:18:24.866+0000] {dag.py:2726} INFO - Sync 1 DAGs
[2026-09-13T01:18:24.921+0000] {logging_mixin.py:149} INFO - [2026-09-13T01:18:24.921+0000] {dag.py:3490} INFO - Setting next_dagrun for 7-branching to 2023-04-15T00:00:00+00:00, run_after=2023-04-16T00:00:00+00:00
[2026-09-13T01:18:24.963+0000] {processor.py:178} INFO - Processing /opt/airflow/dags/7_branch_pythoon_operator.py took 0.194 seconds
[2026-09-13T01:18:55.107+0000] {processor.py:156} INFO - Started process (PID=160970) to work on /opt/airflow/dags/7_branch_pythoon_operator.py
[2026-09-13T01:18:55.111+0000] {processor.py:799} INFO - Processing file /opt/airflow/dags/7_branch_pythoon_operator.py for tasks to queue
[2026-09-13T01:18:55.114+0000] {logging_mixin.py:149} INFO - [2026-09-13T01:18:55.113+0000] {dagbag.py:541} INFO - Filling up the DagBag from /opt/airflow/dags/7_branch_pythoon_operator.py
[2026-09-13T01:18:55.151+0000] {processor.py:809} INFO - DAG(s) dict_keys(['7-branching']) retrieved from /opt/airflow/dags/7_branch_pythoon_operator.py
[2026-09-13T01:18:55.234+0000] {logging_mixin.py:149} INFO - [2026-09-13T01:18:55.234+0000] {dag.py:2726} INFO - Sync 1 DAGs
[2026-09-13T01:18:55.281+0000] {logging_mixin.py:149} INFO - [2026-09-13T01:18:55.281+0000] {dag.py:3490} INFO - Setting next_dagrun for 7-branching to 2023-04-15T00:00:00+00:00, run_after=2023-04-16T00:00:00+00:00
[2026-09-13T01:18:55.326+0000] {processor.py:178} INFO - Processing /opt/airflow/dags/7_branch_pythoon_operator.py took 0.229 seconds
[2026-09-13T01:19:25.610+0000] {processor.py:156} INFO - Started process (PID=160984) to work on /opt/airflow/dags/7_branch_pythoon_operator.py
[2026-09-13T01:19:25.614+0000] {processor.py:799} INFO - Processing file /opt/airflow/dags/7_branch_pythoon_operator.py for tasks to queue
[2026-09-13T01:19:25.616+0000] {logging_mixin.py:149} INFO - [2026-09-13T01:19:25.616+0000] {dagbag.py:541} INFO - Filling up the DagBag from /opt/airflow/dags/7_branch_pythoon_operator.py
[2026-09-13T01:19:25.653+0000] {processor.py:809} INFO - DAG(s) dict_keys(['7-branching']) retrieved from /opt/airflow/dags/7_branch_pythoon_operator.py
[2026-09-13T01:19:25.725+0000] {logging_mixin.py:149} INFO - [2026-09-13T01:19:25.725+0000] {dag.py:2726} INFO - Sync 1 DAGs
[2026-09-13T01:19:26.033+0000] {logging_mixin.py:149} INFO - [2026-09-13T01:19:26.032+0000] {dag.py:3490} INFO - Setting next_dagrun for 7-branching to 2023-04-15T00:00:00+00:00, run_after=2023-04-16T00:00:00+00:00
[2026-09-13T01:19:26.065+0000] {processor.py:178} INFO - Processing /opt/airflow/dags/7_branch_pythoon_operator.py took 0.465 seconds
[2026-09-13T01:19:56.433+0000] {processor.py:156} INFO - Started process (PID=160998) to work on /opt/airflow/dags/7_branch_pythoon_operator.py
[2026-09-13T01:19:56.436+0000] {processor.py:799} INFO - Processing file /opt/airflow/dags/7_branch_pythoon_operator.py for tasks to queue
[2026-09-13T01:19:56.439+0000] {logging_mixin.py:149} INFO - [2026-09-13T01:19:56.438+0000] {dagbag.py:541} INFO - Filling up the DagBag from /opt/airflow/dags/7_branch_pythoon_operator.py
[2026-09-13T01:19:56.475+0000] {processor.py:809} INFO - DAG(s) dict_keys(['7-branching']) retrieved from /opt/airflow/dags/7_branch_pythoon_operator.py
[2026-09-13T01:19:56.530+0000] {logging_mixin.py:149} INFO - [2026-09-13T01:19:56.529+0000] {dag.py:2726} INFO - Sync 1 DAGs
[2026-09-13T01:19:56.765+0000] {logging_mixin.py:149} INFO - [2026-09-13T01:19:56.765+0000] {dag.py:3490} INFO - Setting next_dagrun for 7-branching to 2023-04-15T00:00:00+00:00, run_after=2023-04-16T00:00:00+00:00
[2026-09-13T01:19:56.800+0000] {processor.py:178} INFO - Processing /opt/airflow/dags/7_branch_pythoon_operator.py took 0.379 seconds
[2026-09-13T01:20:27.182+0000] {processor.py:156} INFO - Started process (PID=161012) to work on /opt/airflow/dags/7_branch_pythoon_operator.py
[2026-09-13T01:20:27.185+0000] {processor.py:799} INFO - Processing file /opt/airflow/dags/7_branch_pythoon_operator.py for tasks to queue
[2026-09-13T01:20:27.187+0000] {logging_mixin.py:149} INFO - [2026-09-13T01:20:27.187+0000] {dagbag.py:541} INFO - Filling up the DagBag from /opt/airflow/dags/7_branch_pythoon_operator.py
[2026-09-13T01:20:27.220+0000] {processor.py:809} INFO - DAG(s) dict_keys(['7-branching']) retrieved from /opt/airflow/dags/7_branch_pythoon_operator.py
[2026-09-13T01:20:27.515+0000] {logging_mixin.py:149} INFO - [2026-09-13T01:20:27.515+0000] {dag.py:2726} INFO - Sync 1 DAGs
[2026-09-13T01:20:27.558+0000] {logging_mixin.py:149} INFO - [2026-09-13T01:20:27.557+0000] {dag.py:3490} INFO - Setting next_dagrun for 7-branching to 2023-04-15T00:00:00+00:00, run_after=2023-04-16T00:00:00+00:00
[2026-09-13T01:20:27.632+0000] {processor.py:178} INFO - Processing /opt/airflow/dags/7_branch_pythoon_operator.py took 0.461 seconds
[2026-09-13T01:20:57.875+0000] {processor.py:156} INFO - Started process (PID=161025) to work on /opt/airflow/dags/7_branch_pythoon_operator.py
[2026-09-13T01:20:57.879+0000] {processor.py:799} INFO - Processing file /opt/airflow/dags/7_branch_pythoon_operator.py for tasks to queue
[2026-09-13T01:20:57.881+0000] {logging_mixin.py:149} INFO - [2026-09-13T01:20:57.880+0000] {dagbag.py:541} INFO - Filling up the DagBag from /opt/airflow/dags/7_branch_pythoon_operator.py
[2026-09-13T01:20:57.915+0000] {processor.py:809} INFO - DAG(s) dict_keys(['7-branching']) retrieved from /opt/airflow/dags/7_branch_pythoon_operator.py
[2026-09-13T01:20:57.999+0000] {logging_mixin.py:149} INFO - [2026-09-13T01:20:57.999+0000] {dag.py:2726} INFO - Sync 1 DAGs
[2026-09-13T01:20:58.053+0000] {logging_mixin.py:149} INFO - [2026-09-13T01:20:58.053+0000] {dag.py:3490} INFO - Setting next_dagrun for 7-branching to 2023-04-15T00:00:00+00:00, run_after=2023-04-16T00:00:00+00:00
[2026-09-13T01:20:58.096+0000] {processor.py:178} INFO - Processing /opt/airflow/dags/7_branch_pythoon_operator.py took 0.232 seconds
[2026-09-13T01:21:28.340+0000] {processor.py:156} INFO - Started process (PID=161039) to work on /opt/airflow/dags/7_branch_pythoon_operator.py
[2026-09-13T01:21:28.343+0000] {processor.py:799} INFO - Processing file /opt/airflow/dags/7_branch_pythoon_operator.py for tasks to queue
[2026-09-13T01:21:28.345+0000] {logging_mixin.py:149} INFO - [2026-09-13T01:21:28.345+0000] {dagbag.py:541} INFO - Filling up the DagBag from /opt/airflow/dags/7_branch_pythoon_operator.py
[2026-09-13T01:21:28.384+0000] {processor.py:809} INFO - DAG(s) dict_keys(['7-branching']) retrieved from /opt/airflow/dags/7_branch_pythoon_operator.py
[2026-09-13T01:21:28.470+0000] {logging_mixin.py:149} INFO - [2026-09-13T01:21:28.469+0000] {dag.py:2726} INFO - Sync 1 DAGs
[2026-09-13T01:21:28.520+0000] {logging_mixin.py:149} INFO - [2026-09-13T01:21:28.519+0000] {dag.py:3490} INFO - Setting next_dagrun for 7-branching to 2023-04-15T00:00:00+00:00, run_after=2023-04-16T00:00:00+00:00
[2026-09-13T01:21:28.548+0000] {processor.py:178} INFO - Processing /opt/airflow/dags/7_branch_pythoon_operator.py took 0.213 seconds
[2026-09-13T01:21:58.768+0000] {processor.py:156} INFO - Started process (PID=161054) to work on /opt/airflow/dags/7_branch_pythoon_operator.py
[2026-09-13T01:21:58.772+0000] {processor.py:799} INFO - Processing file /opt/airflow/dags/7_branch_pythoon_operator.py for tasks to queue
[2026-09-13T01:21:58.774+0000] {logging_mixin.py:149} INFO - [2026-09-13T01:21:58.774+0000] {dagbag.py:541} INFO - Filling up the DagBag from /opt/airflow/dags/7_branch_pythoon_operator.py
[2026-09-13T01:21:58.812+0000] {processor.py:809} INFO - DAG(s) dict_keys(['7-branching']) retrieved from /opt/airflow/dags/7_branch_pythoon_operator.py
[2026-09-13T01:21:58.901+0000] {logging_mixin.py:149} INFO - [2026-09-13T01:21:58.901+0000] {dag.py:2726} INFO - Sync 1 DAGs
[2026-09-13T01:21:58.951+0000] {logging_mixin.py:149} INFO - [2026-09-13T01:21:58.951+0000] {dag.py:3490} INFO - Setting next_dagrun for 7-branching to 2023-04-15T00:00:00+00:00, run_after=2023-04-16T00:00:00+00:00
[2026-09-13T01:21:59.206+0000] {processor.py:178} INFO - Processing /opt/airflow/dags/7_branch_pythoon_operator.py took 0.452 seconds
[2026-09-13T01:22:29.724+0000] {processor.py:156} INFO - Started process (PID=161069) to work on /opt/airflow/dags/7_branch_pythoon_operator.py
[2026-09-13T01:22:29.729+0000] {processor.py:799} INFO - Processing file /opt/airflow/dags/7_branch_pythoon_operator.py for tasks to queue
[2026-09-13T01:22:29.731+0000] {logging_mixin.py:149} INFO - [2026-09-13T01:22:29.731+0000] {dagbag.py:541} INFO - Filling up the DagBag from /opt/airflow/dags/7_branch_pythoon_operator.py
[2026-09-13T01:22:29.770+0000] {processor.py:809} INFO - DAG(s) dict_keys(['7-branching']) retrieved from /opt/airflow/dags/7_branch_pythoon_operator.py
[2026-09-13T01:22:29.875+0000] {logging_mixin.py:149} INFO - [2026-09-13T01:22:29.875+0000] {dag.py:2726} INFO - Sync 1 DAGs
[2026-09-13T01:22:30.179+0000] {logging_mixin.py:149} INFO - [2026-09-13T01:22:30.179+0000] {dag.py:3490} INFO - Setting next_dagrun for 7-branching to 2023-04-15T00:00:00+00:00, run_after=2023-04-16T00:00:00+00:00
[2026-09-13T01:22:30.206+0000] {processor.py:178} INFO - Processing /opt/airflow/dags/7_branch_pythoon_operator.py took 0.496 seconds
[2026-09-13T01:23:00.560+0000] {processor.py:156} INFO - Started process (PID=161083) to work on /opt/airflow/dags/7_branch_pythoon_operator.py
[2026-09-13T01:23:00.565+0000] {processor.py:799} INFO - Processing file /opt/airflow/dags/7_branch_pythoon_operator.py for tasks to queue
[2026-09-13T01:23:00.567+0000] {logging_mixin.py:149} INFO - [2026-09-13T01:23:00.566+0000] {dagbag.py:541} INFO - Filling up the DagBag from /opt/airflow/dags/7_branch_pythoon_operator.py
[2026-09-13T01:23:00.602+0000] {processor.py:809} INFO - DAG(s) dict_keys(['7-branching']) retrieved from /opt/airflow/dags/7_branch_pythoon_operator.py
[2026-09-13T01:23:00.696+0000] {logging_mixin.py:149} INFO - [2026-09-13T01:23:00.695+0000] {dag.py:2726} INFO - Sync 1 DAGs
[2026-09-13T01:23:00.943+0000] {logging_mixin.py:149} INFO - [2026-09-13T01:23:00.943+0000] {dag.py:3490} INFO - Setting next_dagrun for 7-branching to 2023-04-15T00:00:00+00:00, run_after=2023-04-16T00:00:00+00:00
[2026-09-13T01:23:00.966+0000] {processor.py:178} INFO - Processing /opt/airflow/dags/7_branch_pythoon_operator.py took 0.418 seconds
[2026-09-13T01:23:31.315+0000] {processor.py:156} INFO - Started process (PID=161097) to work on /opt/airflow/dags/7_branch_pythoon_operator.py
[2026-09-13T01:23:31.318+0000] {processor.py:799} INFO - Processing file /opt/airflow/dags/7_branch_pythoon_operator.py for tasks to queue
[2026-09-13T01:23:31.320+0000] {logging_mixin.py:149} INFO - [2026-09-13T01:23:31.319+0000] {dagbag.py:541} INFO - Filling up the DagBag from /opt/airflow/dags/7_branch_pythoon_operator.py
[2026-09-13T01:23:31.355+0000] {processor.py:809} INFO - DAG(s) dict_keys(['7-branching']) retrieved from /opt/airflow/dags/7_branch_pythoon_operator.py
[2026-09-13T01:23:31.710+0000] {logging_mixin.py:149} INFO - [2026-09-13T01:23:31.709+0000] {dag.py:2726} INFO - Sync 1 DAGs
[2026-09-13T01:23:31.751+0000] {logging_mixin.py:149} INFO - [2026-09-13T01:23:31.751+0000] {dag.py:3490} INFO - Setting next_dagrun for 7-branching to 2023-04-15T00:00:00+00:00, run_after=2023-04-16T00:00:00+00:00
[2026-09-13T01:23:31.799+0000] {processor.py:178} INFO - Processing /opt/airflow/dags/7_branch_pythoon_operator.py took 0.495 seconds
[2026-09-13T01:24:02.428+0000] {processor.py:156} INFO - Started process (PID=161111) to work on /opt/airflow/dags/7_branch_pythoon_operator.py
[2026-09-13T01:24:02.432+0000] {processor.py:799} INFO - Processing file /opt/airflow/dags/7_branch_pythoon_operator.py for tasks to queue
[2026-09-13T01:24:02.434+0000] {logging_mixin.py:149} INFO - [2026-09-13T01:24:02.433+0000] {dagbag.py:541} INFO - Filling up the DagBag from /opt/airflow/dags/7_branch_pythoon_operator.py
[2026-09-13T01:24:02.476+0000] {processor.py:809} INFO - DAG(s) dict_keys(['7-branching']) retrieved from /opt/airflow/dags/7_branch_pythoon_operator.py
[2026-09-13T01:24:02.544+0000] {logging_mixin.py:149} INFO - [2026-09-13T01:24:02.543+0000] {dag.py:2726} INFO - Sync 1 DAGs
[2026-09-13T01:24:02.590+0000] {logging_mixin.py:149} INFO - [2026-09-13T01:24:02.590+0000] {dag.py:3490} INFO - Setting next_dagrun for 7-branching to 2023-04-15T00:00:00+00:00, run_after=2023-04-16T00:00:00+00:00
[2026-09-13T01:24:02.618+0000] {processor.py:178} INFO - Processing /opt/airflow/dags/7_branch_pythoon_operator.py took 0.200 seconds
[2026-09-13T01:24:33.351+0000] {processor.py:156} INFO - Started process (PID=161125) to work on /opt/airflow/dags/7_branch_pythoon_operator.py
[2026-09-13T01:24:33.354+0000] {processor.py:799} INFO - Processing file /opt/airflow/dags/7_branch_pythoon_operator.py for tasks to queue
[2026-09-13T01:24:33.356+0000] {logging_mixin.py:149} INFO - [2026-09-13T01:24:33.356+0000] {dagbag.py:541} INFO - Filling up the DagBag from /opt/airflow/dags/7_branch_pythoon_operator.py
[2026-09-13T01:24:33.396+0000] {processor.py:809} INFO - DAG(s) dict_keys(['7-branching']) retrieved from /opt/airflow/dags/7_branch_pythoon_operator.py
[2026-09-13T01:24:33.462+0000] {logging_mixin.py:149} INFO - [2026-09-13T01:24:33.462+0000] {dag.py:2726} INFO - Sync 1 DAGs
[2026-09-13T01:24:33.517+0000] {logging_mixin.py:149} INFO - [2026-09-13T01:24:33.517+0000] {dag.py:3490} INFO - Setting next_dagrun for 7-branching to 2023-04-15T00:00:00+00:00, run_after=2023-04-16T00:00:00+00:00
[2026-09-13T01:24:33.573+0000] {processor.py:178} INFO - Processing /opt/airflow/dags/7_branch_pythoon_operator.py took 0.234 seconds
[2026-09-13T01:25:03.970+0000] {processor.py:156} INFO - Started process (PID=161139) to work on /opt/airflow/dags/7_branch_pythoon_operator.py
[2026-09-13T01:25:03.973+0000] {processor.py:799} INFO - Processing file /opt/airflow/dags/7_branch_pythoon_operator.py for tasks to queue
[2026-09-13T01:25:03.975+0000] {logging_mixin.py:149} INFO - [2026-09-13T01:25:03.974+0000] {dagbag.py:541} INFO - Filling up the DagBag from /opt/airflow/dags/7_branch_pythoon_operator.py
[2026-09-13T01:25:04.008+0000] {processor.py:809} INFO - DAG(s) dict_keys(['7-branching']) retrieved from /opt/airflow/dags/7_branch_pythoon_operator.py
[2026-09-13T01:25:04.089+0000] {logging_mixin.py:149} INFO - [2026-09-13T01:25:04.088+0000] {dag.py:2726} INFO - Sync 1 DAGs
[2026-09-13T01:25:04.367+0000] {logging_mixin.py:149} INFO - [2026-09-13T01:25:04.366+0000] {dag.py:3490} INFO - Setting next_dagrun for 7-branching to 2023-04-15T00:00:00+00:00, run_after=2023-04-16T00:00:00+00:00
[2026-09-13T01:25:04.403+0000] {processor.py:178} INFO - Processing /opt/airflow/dags/7_branch_pythoon_operator.py took 0.444 seconds
[2026-09-13T01:25:35.263+0000] {processor.py:156} INFO - Started process (PID=161153) to work on /opt/airflow/dags/7_branch_pythoon_operator.py
[2026-09-13T01:25:35.268+0000] {processor.py:799} INFO - Processing file /opt/airflow/dags/7_branch_pythoon_operator.py for tasks to queue
[2026-09-13T01:25:35.270+0000] {logging_mixin.py:149} INFO - [2026-09-13T01:25:35.270+0000] {dagbag.py:541} INFO - Filling up the DagBag from /opt/airflow/dags/7_branch_pythoon_operator.py
[2026-09-13T01:25:35.307+0000] {processor.py:809} INFO - DAG(s) dict_keys(['7-branching']) retrieved from /opt/airflow/dags/7_branch_pythoon_operator.py
[2026-09-13T01:25:35.394+0000] {logging_mixin.py:149} INFO - [2026-09-13T01:25:35.394+0000] {dag.py:2726} INFO - Sync 1 DAGs
[2026-09-13T01:25:35.691+0000] {logging_mixin.py:149} INFO - [2026-09-13T01:25:35.690+0000] {dag.py:3490} INFO - Setting next_dagrun for 7-branching to 2023-04-15T00:00:00+00:00, run_after=2023-04-16T00:00:00+00:00
[2026-09-13T01:25:35.780+0000] {processor.py:178} INFO - Processing /opt/airflow/dags/7_branch_pythoon_operator.py took 0.529 seconds
[2026-09-13T01:26:06.122+0000] {processor.py:156} INFO - Started process (PID=161167) to work on /opt/airflow/dags/7_branch_pythoon_operator.py
[2026-09-13T01:26:06.126+0000] {processor.py:799} INFO - Processing file /opt/airflow/dags/7_branch_pythoon_operator.py for tasks to queue
[2026-09-13T01:26:06.129+0000] {logging_mixin.py:149} INFO - [2026-09-13T01:26:06.128+0000] {dagbag.py:541} INFO - Filling up the DagBag from /opt/airflow/dags/7_branch_pythoon_operator.py
[2026-09-13T01:26:06.177+0000] {processor.py:809} INFO - DAG(s) dict_keys(['7-branching']) retrieved from /opt/airflow/dags/7_branch_pythoon_operator.py
[2026-09-13T01:26:06.513+0000] {logging_mixin.py:149} INFO - [2026-09-13T01:26:06.512+0000] {dag.py:2726} INFO - Sync 1 DAGs
[2026-09-13T01:26:06.559+0000] {logging_mixin.py:149} INFO - [2026-09-13T01:26:06.556+0000] {dag.py:3490} INFO - Setting next_dagrun for 7-branching to 2023-04-15T00:00:00+00:00, run_after=2023-04-16T00:00:00+00:00
[2026-09-13T01:26:06.605+0000] {processor.py:178} INFO - Processing /opt/airflow/dags/7_branch_pythoon_operator.py took 0.498 seconds
[2026-09-13T01:26:36.730+0000] {processor.py:156} INFO - Started process (PID=161182) to work on /opt/airflow/dags/7_branch_pythoon_operator.py
[2026-09-13T01:26:36.733+0000] {processor.py:799} INFO - Processing file /opt/airflow/dags/7_branch_pythoon_operator.py for tasks to queue
[2026-09-13T01:26:36.735+0000] {logging_mixin.py:149} INFO - [2026-09-13T01:26:36.735+0000] {dagbag.py:541} INFO - Filling up the DagBag from /opt/airflow/dags/7_branch_pythoon_operator.py
[2026-09-13T01:26:36.772+0000] {processor.py:809} INFO - DAG(s) dict_keys(['7-branching']) retrieved from /opt/airflow/dags/7_branch_pythoon_operator.py
[2026-09-13T01:26:36.880+0000] {logging_mixin.py:149} INFO - [2026-09-13T01:26:36.879+0000] {dag.py:2726} INFO - Sync 1 DAGs
[2026-09-13T01:26:36.939+0000] {logging_mixin.py:149} INFO - [2026-09-13T01:26:36.939+0000] {dag.py:3490} INFO - Setting next_dagrun for 7-branching to 2023-04-15T00:00:00+00:00, run_after=2023-04-16T00:00:00+00:00
[2026-09-13T01:26:36.984+0000] {processor.py:178} INFO - Processing /opt/airflow/dags/7_branch_pythoon_operator.py took 0.266 seconds
[2026-09-13T01:27:07.091+0000] {processor.py:156} INFO - Started process (PID=161196) to work on /opt/airflow/dags/7_branch_pythoon_operator.py
[2026-09-13T01:27:07.094+0000] {processor.py:799} INFO - Processing file /opt/airflow/dags/7_branch_pythoon_operator.py for tasks to queue
[2026-09-13T01:27:07.095+0000] {logging_mixin.py:149} INFO - [2026-09-13T01:27:07.095+0000] {dagbag.py:541} INFO - Filling up the DagBag from /opt/airflow/dags/7_branch_pythoon_operator.py
[2026-09-13T01:27:07.130+0000] {processor.py:809} INFO - DAG(s) dict_keys(['7-branching']) retrieved from /opt/airflow/dags/7_branch_pythoon_operator.py
[2026-09-13T01:27:07.219+0000] {logging_mixin.py:149} INFO - [2026-09-13T01:27:07.219+0000] {dag.py:2726} INFO - Sync 1 DAGs
[2026-09-13T01:27:07.295+0000] {logging_mixin.py:149} INFO - [2026-09-13T01:27:07.294+0000] {dag.py:3490} INFO - Setting next_dagrun for 7-branching to 2023-04-15T00:00:00+00:00, run_after=2023-04-16T00:00:00+00:00
[2026-09-13T01:27:07.353+0000] {processor.py:178} INFO - Processing /opt/airflow/dags/7_branch_pythoon_operator.py took 0.273 seconds
[2026-09-13T01:27:37.744+0000] {processor.py:156} INFO - Started process (PID=161210) to work on /opt/airflow/dags/7_branch_pythoon_operator.py
[2026-09-13T01:27:37.748+0000] {processor.py:799} INFO - Processing file /opt/airflow/dags/7_branch_pythoon_operator.py for tasks to queue
[2026-09-13T01:27:37.751+0000] {logging_mixin.py:149} INFO - [2026-09-13T01:27:37.750+0000] {dagbag.py:541} INFO - Filling up the DagBag from /opt/airflow/dags/7_branch_pythoon_operator.py
[2026-09-13T01:27:37.794+0000] {processor.py:809} INFO - DAG(s) dict_keys(['7-branching']) retrieved from /opt/airflow/dags/7_branch_pythoon_operator.py
[2026-09-13T01:27:37.885+0000] {logging_mixin.py:149} INFO - [2026-09-13T01:27:37.885+0000] {dag.py:2726} INFO - Sync 1 DAGs
[2026-09-13T01:27:37.936+0000] {logging_mixin.py:149} INFO - [2026-09-13T01:27:37.935+0000] {dag.py:3490} INFO - Setting next_dagrun for 7-branching to 2023-04-15T00:00:00+00:00, run_after=2023-04-16T00:00:00+00:00
[2026-09-13T01:27:38.168+0000] {processor.py:178} INFO - Processing /opt/airflow/dags/7_branch_pythoon_operator.py took 0.435 seconds
[2026-09-13T01:28:08.498+0000] {processor.py:156} INFO - Started process (PID=161224) to work on /opt/airflow/dags/7_branch_pythoon_operator.py
[2026-09-13T01:28:08.501+0000] {processor.py:799} INFO - Processing file /opt/airflow/dags/7_branch_pythoon_operator.py for tasks to queue
[2026-09-13T01:28:08.503+0000] {logging_mixin.py:149} INFO - [2026-09-13T01:28:08.502+0000] {dagbag.py:541} INFO - Filling up the DagBag from /opt/airflow/dags/7_branch_pythoon_operator.py
[2026-09-13T01:28:08.535+0000] {processor.py:809} INFO - DAG(s) dict_keys(['7-branching']) retrieved from /opt/airflow/dags/7_branch_pythoon_operator.py
[2026-09-13T01:28:08.622+0000] {logging_mixin.py:149} INFO - [2026-09-13T01:28:08.622+0000] {dag.py:2726} INFO - Sync 1 DAGs
[2026-09-13T01:28:08.879+0000] {logging_mixin.py:149} INFO - [2026-09-13T01:28:08.879+0000] {dag.py:3490} INFO - Setting next_dagrun for 7-branching to 2023-04-15T00:00:00+00:00, run_after=2023-04-16T00:00:00+00:00
[2026-09-13T01:28:08.902+0000] {processor.py:178} INFO - Processing /opt/airflow/dags/7_branch_pythoon_operator.py took 0.415 seconds
[2026-09-13T01:28:39.415+0000] {processor.py:156} INFO - Started process (PID=161238) to work on /opt/airflow/dags/7_branch_pythoon_operator.py
[2026-09-13T01:28:39.419+0000] {processor.py:799} INFO - Processing file /opt/airflow/dags/7_branch_pythoon_operator.py for tasks to queue
[2026-09-13T01:28:39.420+0000] {logging_mixin.py:149} INFO - [2026-09-13T01:28:39.420+0000] {dagbag.py:541} INFO - Filling up the DagBag from /opt/airflow/dags/7_branch_pythoon_operator.py
[2026-09-13T01:28:39.453+0000] {processor.py:809} INFO - DAG(s) dict_keys(['7-branching']) retrieved from /opt/airflow/dags/7_branch_pythoon_operator.py
[2026-09-13T01:28:39.533+0000] {logging_mixin.py:149} INFO - [2026-09-13T01:28:39.532+0000] {dag.py:2726} INFO - Sync 1 DAGs
[2026-09-13T01:28:39.783+0000] {logging_mixin.py:149} INFO - [2026-09-13T01:28:39.783+0000] {dag.py:3490} INFO - Setting next_dagrun for 7-branching to 2023-04-15T00:00:00+00:00, run_after=2023-04-16T00:00:00+00:00
[2026-09-13T01:28:39.835+0000] {processor.py:178} INFO - Processing /opt/airflow/dags/7_branch_pythoon_operator.py took 0.430 seconds
[2026-09-13T01:29:10.716+0000] {processor.py:156} INFO - Started process (PID=161252) to work on /opt/airflow/dags/7_branch_pythoon_operator.py
[2026-09-13T01:29:10.720+0000] {processor.py:799} INFO - Processing file /opt/airflow/dags/7_branch_pythoon_operator.py for tasks to queue
[2026-09-13T01:29:10.721+0000] {logging_mixin.py:149} INFO - [2026-09-13T01:29:10.721+0000] {dagbag.py:541} INFO - Filling up the DagBag from /opt/airflow/dags/7_branch_pythoon_operator.py
[2026-09-13T01:29:10.757+0000] {processor.py:809} INFO - DAG(s) dict_keys(['7-branching']) retrieved from /opt/airflow/dags/7_branch_pythoon_operator.py
[2026-09-13T01:29:11.062+0000] {logging_mixin.py:149} INFO - [2026-09-13T01:29:11.062+0000] {dag.py:2726} INFO - Sync 1 DAGs
[2026-09-13T01:29:11.100+0000] {logging_mixin.py:149} INFO - [2026-09-13T01:29:11.100+0000] {dag.py:3490} INFO - Setting next_dagrun for 7-branching to 2023-04-15T00:00:00+00:00, run_after=2023-04-16T00:00:00+00:00
[2026-09-13T01:29:11.150+0000] {processor.py:178} INFO - Processing /opt/airflow/dags/7_branch_pythoon_operator.py took 0.445 seconds
[2026-09-13T01:29:41.388+0000] {processor.py:156} INFO - Started process (PID=161267) to work on /opt/airflow/dags/7_branch_pythoon_operator.py
[2026-09-13T01:29:41.391+0000] {processor.py:799} INFO - Processing file /opt/airflow/dags/7_branch_pythoon_operator.py for tasks to queue
[2026-09-13T01:29:41.392+0000] {logging_mixin.py:149} INFO - [2026-09-13T01:29:41.392+0000] {dagbag.py:541} INFO - Filling up the DagBag from /opt/airflow/dags/7_branch_pythoon_operator.py
[2026-09-13T01:29:41.417+0000] {processor.py:809} INFO - DAG(s) dict_keys(['7-branching']) retrieved from /opt/airflow/dags/7_branch_pythoon_operator.py
[2026-09-13T01:29:41.499+0000] {logging_mixin.py:149} INFO - [2026-09-13T01:29:41.499+0000] {dag.py:2726} INFO - Sync 1 DAGs
[2026-09-13T01:29:41.553+0000] {logging_mixin.py:149} INFO - [2026-09-13T01:29:41.553+0000] {dag.py:3490} INFO - Setting next_dagrun for 7-branching to 2023-04-15T00:00:00+00:00, run_after=2023-04-16T00:00:00+00:00
[2026-09-13T01:29:41.585+0000] {processor.py:178} INFO - Processing /opt/airflow/dags/7_branch_pythoon_operator.py took 0.214 seconds
[2026-09-13T01:30:11.726+0000] {processor.py:156} INFO - Started process (PID=161281) to work on /opt/airflow/dags/7_branch_pythoon_operator.py
[2026-09-13T01:30:11.729+0000] {processor.py:799} INFO - Processing file /opt/airflow/dags/7_branch_pythoon_operator.py for tasks to queue
[2026-09-13T01:30:11.731+0000] {logging_mixin.py:149} INFO - [2026-09-13T01:30:11.731+0000] {dagbag.py:541} INFO - Filling up the DagBag from /opt/airflow/dags/7_branch_pythoon_operator.py
[2026-09-13T01:30:11.766+0000] {processor.py:809} INFO - DAG(s) dict_keys(['7-branching']) retrieved from /opt/airflow/dags/7_branch_pythoon_operator.py
[2026-09-13T01:30:11.863+0000] {logging_mixin.py:149} INFO - [2026-09-13T01:30:11.863+0000] {dag.py:2726} INFO - Sync 1 DAGs
[2026-09-13T01:30:11.930+0000] {logging_mixin.py:149} INFO - [2026-09-13T01:30:11.930+0000] {dag.py:3490} INFO - Setting next_dagrun for 7-branching to 2023-04-15T00:00:00+00:00, run_after=2023-04-16T00:00:00+00:00
[2026-09-13T01:30:12.230+0000] {processor.py:178} INFO - Processing /opt/airflow/dags/7_branch_pythoon_operator.py took 0.515 seconds
[2026-09-13T01:30:42.700+0000] {processor.py:156} INFO - Started process (PID=161296) to work on /opt/airflow/dags/7_branch_pythoon_operator.py
[2026-09-13T01:30:42.703+0000] {processor.py:799} INFO - Processing file /opt/airflow/dags/7_branch_pythoon_operator.py for tasks to queue
[2026-09-13T01:30:42.705+0000] {logging_mixin.py:149} INFO - [2026-09-13T01:30:42.705+0000] {dagbag.py:541} INFO - Filling up the DagBag from /opt/airflow/dags/7_branch_pythoon_operator.py
[2026-09-13T01:30:42.737+0000] {processor.py:809} INFO - DAG(s) dict_keys(['7-branching']) retrieved from /opt/airflow/dags/7_branch_pythoon_operator.py
[2026-09-13T01:30:42.804+0000] {logging_mixin.py:149} INFO - [2026-09-13T01:30:42.804+0000] {dag.py:2726} INFO - Sync 1 DAGs
[2026-09-13T01:30:43.040+0000] {logging_mixin.py:149} INFO - [2026-09-13T01:30:43.039+0000] {dag.py:3490} INFO - Setting next_dagrun for 7-branching to 2023-04-15T00:00:00+00:00, run_after=2023-04-16T00:00:00+00:00
[2026-09-13T01:30:43.078+0000] {processor.py:178} INFO - Processing /opt/airflow/dags/7_branch_pythoon_operator.py took 0.390 seconds
[2026-09-13T01:31:13.406+0000] {processor.py:156} INFO - Started process (PID=161310) to work on /opt/airflow/dags/7_branch_pythoon_operator.py
[2026-09-13T01:31:13.409+0000] {processor.py:799} INFO - Processing file /opt/airflow/dags/7_branch_pythoon_operator.py for tasks to queue
[2026-09-13T01:31:13.410+0000] {logging_mixin.py:149} INFO - [2026-09-13T01:31:13.410+0000] {dagbag.py:541} INFO - Filling up the DagBag from /opt/airflow/dags/7_branch_pythoon_operator.py
[2026-09-13T01:31:13.439+0000] {processor.py:809} INFO - DAG(s) dict_keys(['7-branching']) retrieved from /opt/airflow/dags/7_branch_pythoon_operator.py
[2026-09-13T01:31:13.516+0000] {logging_mixin.py:149} INFO - [2026-09-13T01:31:13.516+0000] {dag.py:2726} INFO - Sync 1 DAGs
[2026-09-13T01:31:13.779+0000] {logging_mixin.py:149} INFO - [2026-09-13T01:31:13.779+0000] {dag.py:3490} INFO - Setting next_dagrun for 7-branching to 2023-04-15T00:00:00+00:00, run_after=2023-04-16T00:00:00+00:00
[2026-09-13T01:31:13.826+0000] {processor.py:178} INFO - Processing /opt/airflow/dags/7_branch_pythoon_operator.py took 0.430 seconds
[2026-09-13T01:31:44.061+0000] {processor.py:156} INFO - Started process (PID=161324) to work on /opt/airflow/dags/7_branch_pythoon_operator.py
[2026-09-13T01:31:44.065+0000] {processor.py:799} INFO - Processing file /opt/airflow/dags/7_branch_pythoon_operator.py for tasks to queue
[2026-09-13T01:31:44.067+0000] {logging_mixin.py:149} INFO - [2026-09-13T01:31:44.066+0000] {dagbag.py:541} INFO - Filling up the DagBag from /opt/airflow/dags/7_branch_pythoon_operator.py
[2026-09-13T01:31:44.099+0000] {processor.py:809} INFO - DAG(s) dict_keys(['7-branching']) retrieved from /opt/airflow/dags/7_branch_pythoon_operator.py
[2026-09-13T01:31:44.384+0000] {logging_mixin.py:149} INFO - [2026-09-13T01:31:44.384+0000] {dag.py:2726} INFO - Sync 1 DAGs
[2026-09-13T01:31:44.426+0000] {logging_mixin.py:149} INFO - [2026-09-13T01:31:44.426+0000] {dag.py:3490} INFO - Setting next_dagrun for 7-branching to 2023-04-15T00:00:00+00:00, run_after=2023-04-16T00:00:00+00:00
[2026-09-13T01:31:44.466+0000] {processor.py:178} INFO - Processing /opt/airflow/dags/7_branch_pythoon_operator.py took 0.414 seconds
[2026-09-13T01:32:14.825+0000] {processor.py:156} INFO - Started process (PID=161338) to work on /opt/airflow/dags/7_branch_pythoon_operator.py
[2026-09-13T01:32:14.829+0000] {processor.py:799} INFO - Processing file /opt/airflow/dags/7_branch_pythoon_operator.py for tasks to queue
[2026-09-13T01:32:14.830+0000] {logging_mixin.py:149} INFO - [2026-09-13T01:32:14.830+0000] {dagbag.py:541} INFO - Filling up the DagBag from /opt/airflow/dags/7_branch_pythoon_operator.py
[2026-09-13T01:32:14.865+0000] {processor.py:809} INFO - DAG(s) dict_keys(['7-branching']) retrieved from /opt/airflow/dags/7_branch_pythoon_operator.py
[2026-09-13T01:32:14.957+0000] {logging_mixin.py:149} INFO - [2026-09-13T01:32:14.956+0000] {dag.py:2726} INFO - Sync 1 DAGs
[2026-09-13T01:32:15.022+0000] {logging_mixin.py:149} INFO - [2026-09-13T01:32:15.022+0000] {dag.py:3490} INFO - Setting next_dagrun for 7-branching to 2023-04-15T00:00:00+00:00, run_after=2023-04-16T00:00:00+00:00
[2026-09-13T01:32:15.086+0000] {processor.py:178} INFO - Processing /opt/airflow/dags/7_branch_pythoon_operator.py took 0.273 seconds
[2026-09-13T01:32:45.666+0000] {processor.py:156} INFO - Started process (PID=161352) to work on /opt/airflow/dags/7_branch_pythoon_operator.py
[2026-09-13T01:32:45.670+0000] {processor.py:799} INFO - Processing file /opt/airflow/dags/7_branch_pythoon_operator.py for tasks to queue
[2026-09-13T01:32:45.672+0000] {logging_mixin.py:149} INFO - [2026-09-13T01:32:45.671+0000] {dagbag.py:541} INFO - Filling up the DagBag from /opt/airflow/dags/7_branch_pythoon_operator.py
[2026-09-13T01:32:45.709+0000] {processor.py:809} INFO - DAG(s) dict_keys(['7-branching']) retrieved from /opt/airflow/dags/7_branch_pythoon_operator.py
[2026-09-13T01:32:45.767+0000] {logging_mixin.py:149} INFO - [2026-09-13T01:32:45.767+0000] {dag.py:2726} INFO - Sync 1 DAGs
[2026-09-13T01:32:45.823+0000] {logging_mixin.py:149} INFO - [2026-09-13T01:32:45.823+0000] {dag.py:3490} INFO - Setting next_dagrun for 7-branching to 2023-04-15T00:00:00+00:00, run_after=2023-04-16T00:00:00+00:00
[2026-09-13T01:32:45.909+0000] {processor.py:178} INFO - Processing /opt/airflow/dags/7_branch_pythoon_operator.py took 0.254 seconds
[2026-09-13T01:33:16.546+0000] {processor.py:156} INFO - Started process (PID=161366) to work on /opt/airflow/dags/7_branch_pythoon_operator.py
[2026-09-13T01:33:16.552+0000] {processor.py:799} INFO - Processing file /opt/airflow/dags/7_branch_pythoon_operator.py for tasks to queue
[2026-09-13T01:33:16.554+0000] {logging_mixin.py:149} INFO - [2026-09-13T01:33:16.554+0000] {dagbag.py:541} INFO - Filling up the DagBag from /opt/airflow/dags/7_branch_pythoon_operator.py
[2026-09-13T01:33:16.592+0000] {processor.py:809} INFO - DAG(s) dict_keys(['7-branching']) retrieved from /opt/airflow/dags/7_branch_pythoon_operator.py
[2026-09-13T01:33:16.673+0000] {logging_mixin.py:149} INFO - [2026-09-13T01:33:16.673+0000] {dag.py:2726} INFO - Sync 1 DAGs
[2026-09-13T01:33:16.734+0000] {logging_mixin.py:149} INFO - [2026-09-13T01:33:16.733+0000] {dag.py:3490} INFO - Setting next_dagrun for 7-branching to 2023-04-15T00:00:00+00:00, run_after=2023-04-16T00:00:00+00:00
[2026-09-13T01:33:17.071+0000] {processor.py:178} INFO - Processing /opt/airflow/dags/7_branch_pythoon_operator.py took 0.537 seconds
[2026-09-13T01:33:47.484+0000] {processor.py:156} INFO - Started process (PID=161380) to work on /opt/airflow/dags/7_branch_pythoon_operator.py
[2026-09-13T01:33:47.487+0000] {processor.py:799} INFO - Processing file /opt/airflow/dags/7_branch_pythoon_operator.py for tasks to queue
[2026-09-13T01:33:47.489+0000] {logging_mixin.py:149} INFO - [2026-09-13T01:33:47.489+0000] {dagbag.py:541} INFO - Filling up the DagBag from /opt/airflow/dags/7_branch_pythoon_operator.py
[2026-09-13T01:33:47.523+0000] {processor.py:809} INFO - DAG(s) dict_keys(['7-branching']) retrieved from /opt/airflow/dags/7_branch_pythoon_operator.py
[2026-09-13T01:33:47.600+0000] {logging_mixin.py:149} INFO - [2026-09-13T01:33:47.600+0000] {dag.py:2726} INFO - Sync 1 DAGs
[2026-09-13T01:33:47.955+0000] {logging_mixin.py:149} INFO - [2026-09-13T01:33:47.955+0000] {dag.py:3490} INFO - Setting next_dagrun for 7-branching to 2023-04-15T00:00:00+00:00, run_after=2023-04-16T00:00:00+00:00
[2026-09-13T01:33:47.992+0000] {processor.py:178} INFO - Processing /opt/airflow/dags/7_branch_pythoon_operator.py took 0.521 seconds
[2026-09-13T01:34:18.234+0000] {processor.py:156} INFO - Started process (PID=161394) to work on /opt/airflow/dags/7_branch_pythoon_operator.py
[2026-09-13T01:34:18.236+0000] {processor.py:799} INFO - Processing file /opt/airflow/dags/7_branch_pythoon_operator.py for tasks to queue
[2026-09-13T01:34:18.237+0000] {logging_mixin.py:149} INFO - [2026-09-13T01:34:18.237+0000] {dagbag.py:541} INFO - Filling up the DagBag from /opt/airflow/dags/7_branch_pythoon_operator.py
[2026-09-13T01:34:18.263+0000] {processor.py:809} INFO - DAG(s) dict_keys(['7-branching']) retrieved from /opt/airflow/dags/7_branch_pythoon_operator.py
[2026-09-13T01:34:18.348+0000] {logging_mixin.py:149} INFO - [2026-09-13T01:34:18.348+0000] {dag.py:2726} INFO - Sync 1 DAGs
[2026-09-13T01:34:18.615+0000] {logging_mixin.py:149} INFO - [2026-09-13T01:34:18.615+0000] {dag.py:3490} INFO - Setting next_dagrun for 7-branching to 2023-04-15T00:00:00+00:00, run_after=2023-04-16T00:00:00+00:00
[2026-09-13T01:34:18.676+0000] {processor.py:178} INFO - Processing /opt/airflow/dags/7_branch_pythoon_operator.py took 0.450 seconds
[2026-09-13T01:34:48.887+0000] {processor.py:156} INFO - Started process (PID=161407) to work on /opt/airflow/dags/7_branch_pythoon_operator.py
[2026-09-13T01:34:48.890+0000] {processor.py:799} INFO - Processing file /opt/airflow/dags/7_branch_pythoon_operator.py for tasks to queue
[2026-09-13T01:34:48.892+0000] {logging_mixin.py:149} INFO - [2026-09-13T01:34:48.892+0000] {dagbag.py:541} INFO - Filling up the DagBag from /opt/airflow/dags/7_branch_pythoon_operator.py
[2026-09-13T01:34:48.927+0000] {processor.py:809} INFO - DAG(s) dict_keys(['7-branching']) retrieved from /opt/airflow/dags/7_branch_pythoon_operator.py
[2026-09-13T01:34:49.246+0000] {logging_mixin.py:149} INFO - [2026-09-13T01:34:49.245+0000] {dag.py:2726} INFO - Sync 1 DAGs
[2026-09-13T01:34:49.309+0000] {logging_mixin.py:149} INFO - [2026-09-13T01:34:49.309+0000] {dag.py:3490} INFO - Setting next_dagrun for 7-branching to 2023-04-15T00:00:00+00:00, run_after=2023-04-16T00:00:00+00:00
[2026-09-13T01:34:49.362+0000] {processor.py:178} INFO - Processing /opt/airflow/dags/7_branch_pythoon_operator.py took 0.486 seconds
[2026-09-13T01:35:20.330+0000] {processor.py:156} INFO - Started process (PID=161421) to work on /opt/airflow/dags/7_branch_pythoon_operator.py
[2026-09-13T01:35:20.335+0000] {processor.py:799} INFO - Processing file /opt/airflow/dags/7_branch_pythoon_operator.py for tasks to queue
[2026-09-13T01:35:20.338+0000] {logging_mixin.py:149} INFO - [2026-09-13T01:35:20.337+0000] {dagbag.py:541} INFO - Filling up the DagBag from /opt/airflow/dags/7_branch_pythoon_operator.py
[2026-09-13T01:35:20.385+0000] {processor.py:809} INFO - DAG(s) dict_keys(['7-branching']) retrieved from /opt/airflow/dags/7_branch_pythoon_operator.py
[2026-09-13T01:35:20.462+0000] {logging_mixin.py:149} INFO - [2026-09-13T01:35:20.462+0000] {dag.py:2726} INFO - Sync 1 DAGs
[2026-09-13T01:35:20.532+0000] {logging_mixin.py:149} INFO - [2026-09-13T01:35:20.532+0000] {dag.py:3490} INFO - Setting next_dagrun for 7-branching to 2023-04-15T00:00:00+00:00, run_after=2023-04-16T00:00:00+00:00
[2026-09-13T01:35:20.605+0000] {processor.py:178} INFO - Processing /opt/airflow/dags/7_branch_pythoon_operator.py took 0.288 seconds
[2026-09-13T01:35:50.845+0000] {processor.py:156} INFO - Started process (PID=161435) to work on /opt/airflow/dags/7_branch_pythoon_operator.py
[2026-09-13T01:35:50.848+0000] {processor.py:799} INFO - Processing file /opt/airflow/dags/7_branch_pythoon_operator.py for tasks to queue
[2026-09-13T01:35:50.850+0000] {logging_mixin.py:149} INFO - [2026-09-13T01:35:50.849+0000] {dagbag.py:541} INFO - Filling up the DagBag from /opt/airflow/dags/7_branch_pythoon_operator.py
[2026-09-13T01:35:50.887+0000] {processor.py:809} INFO - DAG(s) dict_keys(['7-branching']) retrieved from /opt/airflow/dags/7_branch_pythoon_operator.py
[2026-09-13T01:35:50.995+0000] {logging_mixin.py:149} INFO - [2026-09-13T01:35:50.994+0000] {dag.py:2726} INFO - Sync 1 DAGs
[2026-09-13T01:35:51.076+0000] {logging_mixin.py:149} INFO - [2026-09-13T01:35:51.076+0000] {dag.py:3490} INFO - Setting next_dagrun for 7-branching to 2023-04-15T00:00:00+00:00, run_after=2023-04-16T00:00:00+00:00
[2026-09-13T01:35:51.361+0000] {processor.py:178} INFO - Processing /opt/airflow/dags/7_branch_pythoon_operator.py took 0.526 seconds
[2026-09-13T01:36:21.730+0000] {processor.py:156} INFO - Started process (PID=161449) to work on /opt/airflow/dags/7_branch_pythoon_operator.py
[2026-09-13T01:36:21.734+0000] {processor.py:799} INFO - Processing file /opt/airflow/dags/7_branch_pythoon_operator.py for tasks to queue
[2026-09-13T01:36:21.736+0000] {logging_mixin.py:149} INFO - [2026-09-13T01:36:21.735+0000] {dagbag.py:541} INFO - Filling up the DagBag from /opt/airflow/dags/7_branch_pythoon_operator.py
[2026-09-13T01:36:21.774+0000] {processor.py:809} INFO - DAG(s) dict_keys(['7-branching']) retrieved from /opt/airflow/dags/7_branch_pythoon_operator.py
[2026-09-13T01:36:21.832+0000] {logging_mixin.py:149} INFO - [2026-09-13T01:36:21.832+0000] {dag.py:2726} INFO - Sync 1 DAGs
[2026-09-13T01:36:22.090+0000] {logging_mixin.py:149} INFO - [2026-09-13T01:36:22.090+0000] {dag.py:3490} INFO - Setting next_dagrun for 7-branching to 2023-04-15T00:00:00+00:00, run_after=2023-04-16T00:00:00+00:00
[2026-09-13T01:36:22.115+0000] {processor.py:178} INFO - Processing /opt/airflow/dags/7_branch_pythoon_operator.py took 0.396 seconds
[2026-09-13T01:36:52.418+0000] {processor.py:156} INFO - Started process (PID=161462) to work on /opt/airflow/dags/7_branch_pythoon_operator.py
[2026-09-13T01:36:52.428+0000] {processor.py:799} INFO - Processing file /opt/airflow/dags/7_branch_pythoon_operator.py for tasks to queue
[2026-09-13T01:36:52.430+0000] {logging_mixin.py:149} INFO - [2026-09-13T01:36:52.430+0000] {dagbag.py:541} INFO - Filling up the DagBag from /opt/airflow/dags/7_branch_pythoon_operator.py
[2026-09-13T01:36:52.470+0000] {processor.py:809} INFO - DAG(s) dict_keys(['7-branching']) retrieved from /opt/airflow/dags/7_branch_pythoon_operator.py
[2026-09-13T01:36:52.558+0000] {logging_mixin.py:149} INFO - [2026-09-13T01:36:52.558+0000] {dag.py:2726} INFO - Sync 1 DAGs
[2026-09-13T01:36:52.807+0000] {logging_mixin.py:149} INFO - [2026-09-13T01:36:52.807+0000] {dag.py:3490} INFO - Setting next_dagrun for 7-branching to 2023-04-15T00:00:00+00:00, run_after=2023-04-16T00:00:00+00:00
[2026-09-13T01:36:52.831+0000] {processor.py:178} INFO - Processing /opt/airflow/dags/7_branch_pythoon_operator.py took 0.424 seconds
[2026-09-13T01:37:23.134+0000] {processor.py:156} INFO - Started process (PID=161476) to work on /opt/airflow/dags/7_branch_pythoon_operator.py
[2026-09-13T01:37:23.140+0000] {processor.py:799} INFO - Processing file /opt/airflow/dags/7_branch_pythoon_operator.py for tasks to queue
[2026-09-13T01:37:23.143+0000] {logging_mixin.py:149} INFO - [2026-09-13T01:37:23.142+0000] {dagbag.py:541} INFO - Filling up the DagBag from /opt/airflow/dags/7_branch_pythoon_operator.py
[2026-09-13T01:37:23.182+0000] {processor.py:809} INFO - DAG(s) dict_keys(['7-branching']) retrieved from /opt/airflow/dags/7_branch_pythoon_operator.py
[2026-09-13T01:37:23.524+0000] {logging_mixin.py:149} INFO - [2026-09-13T01:37:23.524+0000] {dag.py:2726} INFO - Sync 1 DAGs
[2026-09-13T01:37:23.570+0000] {logging_mixin.py:149} INFO - [2026-09-13T01:37:23.570+0000] {dag.py:3490} INFO - Setting next_dagrun for 7-branching to 2023-04-15T00:00:00+00:00, run_after=2023-04-16T00:00:00+00:00
[2026-09-13T01:37:23.641+0000] {processor.py:178} INFO - Processing /opt/airflow/dags/7_branch_pythoon_operator.py took 0.518 seconds
[2026-09-13T01:37:54.135+0000] {processor.py:156} INFO - Started process (PID=161498) to work on /opt/airflow/dags/7_branch_pythoon_operator.py
[2026-09-13T01:37:54.140+0000] {processor.py:799} INFO - Processing file /opt/airflow/dags/7_branch_pythoon_operator.py for tasks to queue
[2026-09-13T01:37:54.142+0000] {logging_mixin.py:149} INFO - [2026-09-13T01:37:54.142+0000] {dagbag.py:541} INFO - Filling up the DagBag from /opt/airflow/dags/7_branch_pythoon_operator.py
[2026-09-13T01:37:54.179+0000] {processor.py:809} INFO - DAG(s) dict_keys(['7-branching']) retrieved from /opt/airflow/dags/7_branch_pythoon_operator.py
[2026-09-13T01:37:54.267+0000] {logging_mixin.py:149} INFO - [2026-09-13T01:37:54.267+0000] {dag.py:2726} INFO - Sync 1 DAGs
[2026-09-13T01:37:54.319+0000] {logging_mixin.py:149} INFO - [2026-09-13T01:37:54.319+0000] {dag.py:3490} INFO - Setting next_dagrun for 7-branching to 2023-04-15T00:00:00+00:00, run_after=2023-04-16T00:00:00+00:00
[2026-09-13T01:37:54.347+0000] {processor.py:178} INFO - Processing /opt/airflow/dags/7_branch_pythoon_operator.py took 0.222 seconds
[2026-09-13T01:38:24.740+0000] {processor.py:156} INFO - Started process (PID=161512) to work on /opt/airflow/dags/7_branch_pythoon_operator.py
[2026-09-13T01:38:24.746+0000] {processor.py:799} INFO - Processing file /opt/airflow/dags/7_branch_pythoon_operator.py for tasks to queue
[2026-09-13T01:38:24.748+0000] {logging_mixin.py:149} INFO - [2026-09-13T01:38:24.748+0000] {dagbag.py:541} INFO - Filling up the DagBag from /opt/airflow/dags/7_branch_pythoon_operator.py
[2026-09-13T01:38:24.797+0000] {processor.py:809} INFO - DAG(s) dict_keys(['7-branching']) retrieved from /opt/airflow/dags/7_branch_pythoon_operator.py
[2026-09-13T01:38:24.887+0000] {logging_mixin.py:149} INFO - [2026-09-13T01:38:24.887+0000] {dag.py:2726} INFO - Sync 1 DAGs
[2026-09-13T01:38:24.959+0000] {logging_mixin.py:149} INFO - [2026-09-13T01:38:24.957+0000] {dag.py:3490} INFO - Setting next_dagrun for 7-branching to 2023-04-15T00:00:00+00:00, run_after=2023-04-16T00:00:00+00:00
[2026-09-13T01:38:25.024+0000] {processor.py:178} INFO - Processing /opt/airflow/dags/7_branch_pythoon_operator.py took 0.296 seconds
[2026-09-13T01:38:55.115+0000] {processor.py:156} INFO - Started process (PID=161526) to work on /opt/airflow/dags/7_branch_pythoon_operator.py
[2026-09-13T01:38:55.119+0000] {processor.py:799} INFO - Processing file /opt/airflow/dags/7_branch_pythoon_operator.py for tasks to queue
[2026-09-13T01:38:55.121+0000] {logging_mixin.py:149} INFO - [2026-09-13T01:38:55.120+0000] {dagbag.py:541} INFO - Filling up the DagBag from /opt/airflow/dags/7_branch_pythoon_operator.py
[2026-09-13T01:38:55.152+0000] {processor.py:809} INFO - DAG(s) dict_keys(['7-branching']) retrieved from /opt/airflow/dags/7_branch_pythoon_operator.py
[2026-09-13T01:38:55.213+0000] {logging_mixin.py:149} INFO - [2026-09-13T01:38:55.213+0000] {dag.py:2726} INFO - Sync 1 DAGs
[2026-09-13T01:38:55.454+0000] {logging_mixin.py:149} INFO - [2026-09-13T01:38:55.453+0000] {dag.py:3490} INFO - Setting next_dagrun for 7-branching to 2023-04-15T00:00:00+00:00, run_after=2023-04-16T00:00:00+00:00
[2026-09-13T01:38:55.480+0000] {processor.py:178} INFO - Processing /opt/airflow/dags/7_branch_pythoon_operator.py took 0.379 seconds
[2026-09-13T01:39:26.000+0000] {processor.py:156} INFO - Started process (PID=161540) to work on /opt/airflow/dags/7_branch_pythoon_operator.py
[2026-09-13T01:39:26.011+0000] {processor.py:799} INFO - Processing file /opt/airflow/dags/7_branch_pythoon_operator.py for tasks to queue
[2026-09-13T01:39:26.017+0000] {logging_mixin.py:149} INFO - [2026-09-13T01:39:26.016+0000] {dagbag.py:541} INFO - Filling up the DagBag from /opt/airflow/dags/7_branch_pythoon_operator.py
[2026-09-13T01:39:26.061+0000] {processor.py:809} INFO - DAG(s) dict_keys(['7-branching']) retrieved from /opt/airflow/dags/7_branch_pythoon_operator.py
[2026-09-13T01:39:26.143+0000] {logging_mixin.py:149} INFO - [2026-09-13T01:39:26.143+0000] {dag.py:2726} INFO - Sync 1 DAGs
[2026-09-13T01:39:26.468+0000] {logging_mixin.py:149} INFO - [2026-09-13T01:39:26.467+0000] {dag.py:3490} INFO - Setting next_dagrun for 7-branching to 2023-04-15T00:00:00+00:00, run_after=2023-04-16T00:00:00+00:00
[2026-09-13T01:39:26.497+0000] {processor.py:178} INFO - Processing /opt/airflow/dags/7_branch_pythoon_operator.py took 0.507 seconds
[2026-09-13T01:39:56.854+0000] {processor.py:156} INFO - Started process (PID=161554) to work on /opt/airflow/dags/7_branch_pythoon_operator.py
[2026-09-13T01:39:56.857+0000] {processor.py:799} INFO - Processing file /opt/airflow/dags/7_branch_pythoon_operator.py for tasks to queue
[2026-09-13T01:39:56.859+0000] {logging_mixin.py:149} INFO - [2026-09-13T01:39:56.859+0000] {dagbag.py:541} INFO - Filling up the DagBag from /opt/airflow/dags/7_branch_pythoon_operator.py
[2026-09-13T01:39:56.894+0000] {processor.py:809} INFO - DAG(s) dict_keys(['7-branching']) retrieved from /opt/airflow/dags/7_branch_pythoon_operator.py
[2026-09-13T01:39:57.183+0000] {logging_mixin.py:149} INFO - [2026-09-13T01:39:57.183+0000] {dag.py:2726} INFO - Sync 1 DAGs
[2026-09-13T01:39:57.216+0000] {logging_mixin.py:149} INFO - [2026-09-13T01:39:57.215+0000] {dag.py:3490} INFO - Setting next_dagrun for 7-branching to 2023-04-15T00:00:00+00:00, run_after=2023-04-16T00:00:00+00:00
[2026-09-13T01:39:57.240+0000] {processor.py:178} INFO - Processing /opt/airflow/dags/7_branch_pythoon_operator.py took 0.397 seconds
[2026-09-13T01:40:27.575+0000] {processor.py:156} INFO - Started process (PID=161568) to work on /opt/airflow/dags/7_branch_pythoon_operator.py
[2026-09-13T01:40:27.584+0000] {processor.py:799} INFO - Processing file /opt/airflow/dags/7_branch_pythoon_operator.py for tasks to queue
[2026-09-13T01:40:27.586+0000] {logging_mixin.py:149} INFO - [2026-09-13T01:40:27.586+0000] {dagbag.py:541} INFO - Filling up the DagBag from /opt/airflow/dags/7_branch_pythoon_operator.py
[2026-09-13T01:40:27.626+0000] {processor.py:809} INFO - DAG(s) dict_keys(['7-branching']) retrieved from /opt/airflow/dags/7_branch_pythoon_operator.py
[2026-09-13T01:40:27.929+0000] {logging_mixin.py:149} INFO - [2026-09-13T01:40:27.928+0000] {dag.py:2726} INFO - Sync 1 DAGs
[2026-09-13T01:40:27.989+0000] {logging_mixin.py:149} INFO - [2026-09-13T01:40:27.988+0000] {dag.py:3490} INFO - Setting next_dagrun for 7-branching to 2023-04-15T00:00:00+00:00, run_after=2023-04-16T00:00:00+00:00
[2026-09-13T01:40:28.057+0000] {processor.py:178} INFO - Processing /opt/airflow/dags/7_branch_pythoon_operator.py took 0.492 seconds
[2026-09-13T01:40:58.659+0000] {processor.py:156} INFO - Started process (PID=161582) to work on /opt/airflow/dags/7_branch_pythoon_operator.py
[2026-09-13T01:40:58.662+0000] {processor.py:799} INFO - Processing file /opt/airflow/dags/7_branch_pythoon_operator.py for tasks to queue
[2026-09-13T01:40:58.664+0000] {logging_mixin.py:149} INFO - [2026-09-13T01:40:58.664+0000] {dagbag.py:541} INFO - Filling up the DagBag from /opt/airflow/dags/7_branch_pythoon_operator.py
[2026-09-13T01:40:58.706+0000] {processor.py:809} INFO - DAG(s) dict_keys(['7-branching']) retrieved from /opt/airflow/dags/7_branch_pythoon_operator.py
[2026-09-13T01:40:58.798+0000] {logging_mixin.py:149} INFO - [2026-09-13T01:40:58.798+0000] {dag.py:2726} INFO - Sync 1 DAGs
[2026-09-13T01:40:58.879+0000] {logging_mixin.py:149} INFO - [2026-09-13T01:40:58.878+0000] {dag.py:3490} INFO - Setting next_dagrun for 7-branching to 2023-04-15T00:00:00+00:00, run_after=2023-04-16T00:00:00+00:00
[2026-09-13T01:40:58.944+0000] {processor.py:178} INFO - Processing /opt/airflow/dags/7_branch_pythoon_operator.py took 0.294 seconds
[2026-09-13T01:41:29.122+0000] {processor.py:156} INFO - Started process (PID=161597) to work on /opt/airflow/dags/7_branch_pythoon_operator.py
[2026-09-13T01:41:29.129+0000] {processor.py:799} INFO - Processing file /opt/airflow/dags/7_branch_pythoon_operator.py for tasks to queue
[2026-09-13T01:41:29.130+0000] {logging_mixin.py:149} INFO - [2026-09-13T01:41:29.130+0000] {dagbag.py:541} INFO - Filling up the DagBag from /opt/airflow/dags/7_branch_pythoon_operator.py
[2026-09-13T01:41:29.163+0000] {processor.py:809} INFO - DAG(s) dict_keys(['7-branching']) retrieved from /opt/airflow/dags/7_branch_pythoon_operator.py
[2026-09-13T01:41:29.247+0000] {logging_mixin.py:149} INFO - [2026-09-13T01:41:29.246+0000] {dag.py:2726} INFO - Sync 1 DAGs
[2026-09-13T01:41:29.310+0000] {logging_mixin.py:149} INFO - [2026-09-13T01:41:29.309+0000] {dag.py:3490} INFO - Setting next_dagrun for 7-branching to 2023-04-15T00:00:00+00:00, run_after=2023-04-16T00:00:00+00:00
[2026-09-13T01:41:29.591+0000] {processor.py:178} INFO - Processing /opt/airflow/dags/7_branch_pythoon_operator.py took 0.480 seconds
[2026-09-13T01:41:59.971+0000] {processor.py:156} INFO - Started process (PID=161611) to work on /opt/airflow/dags/7_branch_pythoon_operator.py
[2026-09-13T01:41:59.976+0000] {processor.py:799} INFO - Processing file /opt/airflow/dags/7_branch_pythoon_operator.py for tasks to queue
[2026-09-13T01:41:59.978+0000] {logging_mixin.py:149} INFO - [2026-09-13T01:41:59.978+0000] {dagbag.py:541} INFO - Filling up the DagBag from /opt/airflow/dags/7_branch_pythoon_operator.py
[2026-09-13T01:42:00.014+0000] {processor.py:809} INFO - DAG(s) dict_keys(['7-branching']) retrieved from /opt/airflow/dags/7_branch_pythoon_operator.py
[2026-09-13T01:42:00.096+0000] {logging_mixin.py:149} INFO - [2026-09-13T01:42:00.096+0000] {dag.py:2726} INFO - Sync 1 DAGs
[2026-09-13T01:42:00.389+0000] {logging_mixin.py:149} INFO - [2026-09-13T01:42:00.389+0000] {dag.py:3490} INFO - Setting next_dagrun for 7-branching to 2023-04-15T00:00:00+00:00, run_after=2023-04-16T00:00:00+00:00
[2026-09-13T01:42:00.425+0000] {processor.py:178} INFO - Processing /opt/airflow/dags/7_branch_pythoon_operator.py took 0.465 seconds
[2026-09-13T01:42:30.873+0000] {processor.py:156} INFO - Started process (PID=161625) to work on /opt/airflow/dags/7_branch_pythoon_operator.py
[2026-09-13T01:42:30.882+0000] {processor.py:799} INFO - Processing file /opt/airflow/dags/7_branch_pythoon_operator.py for tasks to queue
[2026-09-13T01:42:30.884+0000] {logging_mixin.py:149} INFO - [2026-09-13T01:42:30.884+0000] {dagbag.py:541} INFO - Filling up the DagBag from /opt/airflow/dags/7_branch_pythoon_operator.py
[2026-09-13T01:42:30.923+0000] {processor.py:809} INFO - DAG(s) dict_keys(['7-branching']) retrieved from /opt/airflow/dags/7_branch_pythoon_operator.py
[2026-09-13T01:42:31.049+0000] {logging_mixin.py:149} INFO - [2026-09-13T01:42:31.048+0000] {dag.py:2726} INFO - Sync 1 DAGs
[2026-09-13T01:42:31.316+0000] {logging_mixin.py:149} INFO - [2026-09-13T01:42:31.316+0000] {dag.py:3490} INFO - Setting next_dagrun for 7-branching to 2023-04-15T00:00:00+00:00, run_after=2023-04-16T00:00:00+00:00
[2026-09-13T01:42:31.342+0000] {processor.py:178} INFO - Processing /opt/airflow/dags/7_branch_pythoon_operator.py took 0.481 seconds
[2026-09-13T01:43:01.606+0000] {processor.py:156} INFO - Started process (PID=161639) to work on /opt/airflow/dags/7_branch_pythoon_operator.py
[2026-09-13T01:43:01.609+0000] {processor.py:799} INFO - Processing file /opt/airflow/dags/7_branch_pythoon_operator.py for tasks to queue
[2026-09-13T01:43:01.611+0000] {logging_mixin.py:149} INFO - [2026-09-13T01:43:01.611+0000] {dagbag.py:541} INFO - Filling up the DagBag from /opt/airflow/dags/7_branch_pythoon_operator.py
[2026-09-13T01:43:01.645+0000] {processor.py:809} INFO - DAG(s) dict_keys(['7-branching']) retrieved from /opt/airflow/dags/7_branch_pythoon_operator.py
[2026-09-13T01:43:01.938+0000] {logging_mixin.py:149} INFO - [2026-09-13T01:43:01.938+0000] {dag.py:2726} INFO - Sync 1 DAGs
[2026-09-13T01:43:01.978+0000] {logging_mixin.py:149} INFO - [2026-09-13T01:43:01.977+0000] {dag.py:3490} INFO - Setting next_dagrun for 7-branching to 2023-04-15T00:00:00+00:00, run_after=2023-04-16T00:00:00+00:00
[2026-09-13T01:43:02.046+0000] {processor.py:178} INFO - Processing /opt/airflow/dags/7_branch_pythoon_operator.py took 0.452 seconds
[2026-09-13T01:43:32.491+0000] {processor.py:156} INFO - Started process (PID=161653) to work on /opt/airflow/dags/7_branch_pythoon_operator.py
[2026-09-13T01:43:32.497+0000] {processor.py:799} INFO - Processing file /opt/airflow/dags/7_branch_pythoon_operator.py for tasks to queue
[2026-09-13T01:43:32.499+0000] {logging_mixin.py:149} INFO - [2026-09-13T01:43:32.499+0000] {dagbag.py:541} INFO - Filling up the DagBag from /opt/airflow/dags/7_branch_pythoon_operator.py
[2026-09-13T01:43:32.538+0000] {processor.py:809} INFO - DAG(s) dict_keys(['7-branching']) retrieved from /opt/airflow/dags/7_branch_pythoon_operator.py
[2026-09-13T01:43:32.608+0000] {logging_mixin.py:149} INFO - [2026-09-13T01:43:32.608+0000] {dag.py:2726} INFO - Sync 1 DAGs
[2026-09-13T01:43:32.656+0000] {logging_mixin.py:149} INFO - [2026-09-13T01:43:32.655+0000] {dag.py:3490} INFO - Setting next_dagrun for 7-branching to 2023-04-15T00:00:00+00:00, run_after=2023-04-16T00:00:00+00:00
[2026-09-13T01:43:32.689+0000] {processor.py:178} INFO - Processing /opt/airflow/dags/7_branch_pythoon_operator.py took 0.211 seconds
[2026-09-13T01:44:02.967+0000] {processor.py:156} INFO - Started process (PID=161667) to work on /opt/airflow/dags/7_branch_pythoon_operator.py
[2026-09-13T01:44:02.971+0000] {processor.py:799} INFO - Processing file /opt/airflow/dags/7_branch_pythoon_operator.py for tasks to queue
[2026-09-13T01:44:02.972+0000] {logging_mixin.py:149} INFO - [2026-09-13T01:44:02.972+0000] {dagbag.py:541} INFO - Filling up the DagBag from /opt/airflow/dags/7_branch_pythoon_operator.py
[2026-09-13T01:44:03.006+0000] {processor.py:809} INFO - DAG(s) dict_keys(['7-branching']) retrieved from /opt/airflow/dags/7_branch_pythoon_operator.py
[2026-09-13T01:44:03.097+0000] {logging_mixin.py:149} INFO - [2026-09-13T01:44:03.097+0000] {dag.py:2726} INFO - Sync 1 DAGs
[2026-09-13T01:44:03.164+0000] {logging_mixin.py:149} INFO - [2026-09-13T01:44:03.164+0000] {dag.py:3490} INFO - Setting next_dagrun for 7-branching to 2023-04-15T00:00:00+00:00, run_after=2023-04-16T00:00:00+00:00
[2026-09-13T01:44:03.461+0000] {processor.py:178} INFO - Processing /opt/airflow/dags/7_branch_pythoon_operator.py took 0.505 seconds
[2026-09-13T01:44:33.853+0000] {processor.py:156} INFO - Started process (PID=161681) to work on /opt/airflow/dags/7_branch_pythoon_operator.py
[2026-09-13T01:44:33.857+0000] {processor.py:799} INFO - Processing file /opt/airflow/dags/7_branch_pythoon_operator.py for tasks to queue
[2026-09-13T01:44:33.859+0000] {logging_mixin.py:149} INFO - [2026-09-13T01:44:33.859+0000] {dagbag.py:541} INFO - Filling up the DagBag from /opt/airflow/dags/7_branch_pythoon_operator.py
[2026-09-13T01:44:33.891+0000] {processor.py:809} INFO - DAG(s) dict_keys(['7-branching']) retrieved from /opt/airflow/dags/7_branch_pythoon_operator.py
[2026-09-13T01:44:33.984+0000] {logging_mixin.py:149} INFO - [2026-09-13T01:44:33.984+0000] {dag.py:2726} INFO - Sync 1 DAGs
[2026-09-13T01:44:34.290+0000] {logging_mixin.py:149} INFO - [2026-09-13T01:44:34.290+0000] {dag.py:3490} INFO - Setting next_dagrun for 7-branching to 2023-04-15T00:00:00+00:00, run_after=2023-04-16T00:00:00+00:00
[2026-09-13T01:44:34.347+0000] {processor.py:178} INFO - Processing /opt/airflow/dags/7_branch_pythoon_operator.py took 0.503 seconds
[2026-09-13T01:45:04.662+0000] {processor.py:156} INFO - Started process (PID=161695) to work on /opt/airflow/dags/7_branch_pythoon_operator.py
[2026-09-13T01:45:04.666+0000] {processor.py:799} INFO - Processing file /opt/airflow/dags/7_branch_pythoon_operator.py for tasks to queue
[2026-09-13T01:45:04.668+0000] {logging_mixin.py:149} INFO - [2026-09-13T01:45:04.667+0000] {dagbag.py:541} INFO - Filling up the DagBag from /opt/airflow/dags/7_branch_pythoon_operator.py
[2026-09-13T01:45:04.703+0000] {processor.py:809} INFO - DAG(s) dict_keys(['7-branching']) retrieved from /opt/airflow/dags/7_branch_pythoon_operator.py
[2026-09-13T01:45:04.800+0000] {logging_mixin.py:149} INFO - [2026-09-13T01:45:04.800+0000] {dag.py:2726} INFO - Sync 1 DAGs
[2026-09-13T01:45:05.079+0000] {logging_mixin.py:149} INFO - [2026-09-13T01:45:05.079+0000] {dag.py:3490} INFO - Setting next_dagrun for 7-branching to 2023-04-15T00:00:00+00:00, run_after=2023-04-16T00:00:00+00:00
[2026-09-13T01:45:05.121+0000] {processor.py:178} INFO - Processing /opt/airflow/dags/7_branch_pythoon_operator.py took 0.470 seconds
[2026-09-13T01:45:35.295+0000] {processor.py:156} INFO - Started process (PID=161709) to work on /opt/airflow/dags/7_branch_pythoon_operator.py
[2026-09-13T01:45:35.313+0000] {processor.py:799} INFO - Processing file /opt/airflow/dags/7_branch_pythoon_operator.py for tasks to queue
[2026-09-13T01:45:35.316+0000] {logging_mixin.py:149} INFO - [2026-09-13T01:45:35.315+0000] {dagbag.py:541} INFO - Filling up the DagBag from /opt/airflow/dags/7_branch_pythoon_operator.py
[2026-09-13T01:45:35.362+0000] {processor.py:809} INFO - DAG(s) dict_keys(['7-branching']) retrieved from /opt/airflow/dags/7_branch_pythoon_operator.py
[2026-09-13T01:45:35.662+0000] {logging_mixin.py:149} INFO - [2026-09-13T01:45:35.661+0000] {dag.py:2726} INFO - Sync 1 DAGs
[2026-09-13T01:45:35.694+0000] {logging_mixin.py:149} INFO - [2026-09-13T01:45:35.694+0000] {dag.py:3490} INFO - Setting next_dagrun for 7-branching to 2023-04-15T00:00:00+00:00, run_after=2023-04-16T00:00:00+00:00
[2026-09-13T01:45:35.720+0000] {processor.py:178} INFO - Processing /opt/airflow/dags/7_branch_pythoon_operator.py took 0.438 seconds
[2026-09-13T01:46:06.157+0000] {processor.py:156} INFO - Started process (PID=161723) to work on /opt/airflow/dags/7_branch_pythoon_operator.py
[2026-09-13T01:46:06.160+0000] {processor.py:799} INFO - Processing file /opt/airflow/dags/7_branch_pythoon_operator.py for tasks to queue
[2026-09-13T01:46:06.162+0000] {logging_mixin.py:149} INFO - [2026-09-13T01:46:06.162+0000] {dagbag.py:541} INFO - Filling up the DagBag from /opt/airflow/dags/7_branch_pythoon_operator.py
[2026-09-13T01:46:06.199+0000] {processor.py:809} INFO - DAG(s) dict_keys(['7-branching']) retrieved from /opt/airflow/dags/7_branch_pythoon_operator.py
[2026-09-13T01:46:06.482+0000] {logging_mixin.py:149} INFO - [2026-09-13T01:46:06.482+0000] {dag.py:2726} INFO - Sync 1 DAGs
[2026-09-13T01:46:06.518+0000] {logging_mixin.py:149} INFO - [2026-09-13T01:46:06.518+0000] {dag.py:3490} INFO - Setting next_dagrun for 7-branching to 2023-04-15T00:00:00+00:00, run_after=2023-04-16T00:00:00+00:00
[2026-09-13T01:46:06.544+0000] {processor.py:178} INFO - Processing /opt/airflow/dags/7_branch_pythoon_operator.py took 0.400 seconds
[2026-09-13T01:46:36.900+0000] {processor.py:156} INFO - Started process (PID=161737) to work on /opt/airflow/dags/7_branch_pythoon_operator.py
[2026-09-13T01:46:36.906+0000] {processor.py:799} INFO - Processing file /opt/airflow/dags/7_branch_pythoon_operator.py for tasks to queue
[2026-09-13T01:46:36.908+0000] {logging_mixin.py:149} INFO - [2026-09-13T01:46:36.908+0000] {dagbag.py:541} INFO - Filling up the DagBag from /opt/airflow/dags/7_branch_pythoon_operator.py
[2026-09-13T01:46:36.947+0000] {processor.py:809} INFO - DAG(s) dict_keys(['7-branching']) retrieved from /opt/airflow/dags/7_branch_pythoon_operator.py
[2026-09-13T01:46:37.006+0000] {logging_mixin.py:149} INFO - [2026-09-13T01:46:37.006+0000] {dag.py:2726} INFO - Sync 1 DAGs
[2026-09-13T01:46:37.053+0000] {logging_mixin.py:149} INFO - [2026-09-13T01:46:37.053+0000] {dag.py:3490} INFO - Setting next_dagrun for 7-branching to 2023-04-15T00:00:00+00:00, run_after=2023-04-16T00:00:00+00:00
[2026-09-13T01:46:37.104+0000] {processor.py:178} INFO - Processing /opt/airflow/dags/7_branch_pythoon_operator.py took 0.216 seconds
[2026-09-13T01:47:07.456+0000] {processor.py:156} INFO - Started process (PID=161751) to work on /opt/airflow/dags/7_branch_pythoon_operator.py
[2026-09-13T01:47:07.459+0000] {processor.py:799} INFO - Processing file /opt/airflow/dags/7_branch_pythoon_operator.py for tasks to queue
[2026-09-13T01:47:07.461+0000] {logging_mixin.py:149} INFO - [2026-09-13T01:47:07.461+0000] {dagbag.py:541} INFO - Filling up the DagBag from /opt/airflow/dags/7_branch_pythoon_operator.py
[2026-09-13T01:47:07.491+0000] {processor.py:809} INFO - DAG(s) dict_keys(['7-branching']) retrieved from /opt/airflow/dags/7_branch_pythoon_operator.py
[2026-09-13T01:47:07.584+0000] {logging_mixin.py:149} INFO - [2026-09-13T01:47:07.583+0000] {dag.py:2726} INFO - Sync 1 DAGs
[2026-09-13T01:47:07.639+0000] {logging_mixin.py:149} INFO - [2026-09-13T01:47:07.639+0000] {dag.py:3490} INFO - Setting next_dagrun for 7-branching to 2023-04-15T00:00:00+00:00, run_after=2023-04-16T00:00:00+00:00
[2026-09-13T01:47:07.668+0000] {processor.py:178} INFO - Processing /opt/airflow/dags/7_branch_pythoon_operator.py took 0.223 seconds
[2026-09-13T01:47:37.871+0000] {processor.py:156} INFO - Started process (PID=161765) to work on /opt/airflow/dags/7_branch_pythoon_operator.py
[2026-09-13T01:47:37.874+0000] {processor.py:799} INFO - Processing file /opt/airflow/dags/7_branch_pythoon_operator.py for tasks to queue
[2026-09-13T01:47:37.875+0000] {logging_mixin.py:149} INFO - [2026-09-13T01:47:37.875+0000] {dagbag.py:541} INFO - Filling up the DagBag from /opt/airflow/dags/7_branch_pythoon_operator.py
[2026-09-13T01:47:37.909+0000] {processor.py:809} INFO - DAG(s) dict_keys(['7-branching']) retrieved from /opt/airflow/dags/7_branch_pythoon_operator.py
[2026-09-13T01:47:38.003+0000] {logging_mixin.py:149} INFO - [2026-09-13T01:47:38.003+0000] {dag.py:2726} INFO - Sync 1 DAGs
[2026-09-13T01:47:38.058+0000] {logging_mixin.py:149} INFO - [2026-09-13T01:47:38.058+0000] {dag.py:3490} INFO - Setting next_dagrun for 7-branching to 2023-04-15T00:00:00+00:00, run_after=2023-04-16T00:00:00+00:00
[2026-09-13T01:47:38.109+0000] {processor.py:178} INFO - Processing /opt/airflow/dags/7_branch_pythoon_operator.py took 0.248 seconds
[2026-09-13T01:48:08.382+0000] {processor.py:156} INFO - Started process (PID=161779) to work on /opt/airflow/dags/7_branch_pythoon_operator.py
[2026-09-13T01:48:08.387+0000] {processor.py:799} INFO - Processing file /opt/airflow/dags/7_branch_pythoon_operator.py for tasks to queue
[2026-09-13T01:48:08.389+0000] {logging_mixin.py:149} INFO - [2026-09-13T01:48:08.389+0000] {dagbag.py:541} INFO - Filling up the DagBag from /opt/airflow/dags/7_branch_pythoon_operator.py
[2026-09-13T01:48:08.429+0000] {processor.py:809} INFO - DAG(s) dict_keys(['7-branching']) retrieved from /opt/airflow/dags/7_branch_pythoon_operator.py
[2026-09-13T01:48:08.557+0000] {logging_mixin.py:149} INFO - [2026-09-13T01:48:08.557+0000] {dag.py:2726} INFO - Sync 1 DAGs
[2026-09-13T01:48:08.599+0000] {logging_mixin.py:149} INFO - [2026-09-13T01:48:08.599+0000] {dag.py:3490} INFO - Setting next_dagrun for 7-branching to 2023-04-15T00:00:00+00:00, run_after=2023-04-16T00:00:00+00:00
[2026-09-13T01:48:08.629+0000] {processor.py:178} INFO - Processing /opt/airflow/dags/7_branch_pythoon_operator.py took 0.259 seconds
[2026-09-13T01:48:38.825+0000] {processor.py:156} INFO - Started process (PID=161793) to work on /opt/airflow/dags/7_branch_pythoon_operator.py
[2026-09-13T01:48:38.829+0000] {processor.py:799} INFO - Processing file /opt/airflow/dags/7_branch_pythoon_operator.py for tasks to queue
[2026-09-13T01:48:38.831+0000] {logging_mixin.py:149} INFO - [2026-09-13T01:48:38.831+0000] {dagbag.py:541} INFO - Filling up the DagBag from /opt/airflow/dags/7_branch_pythoon_operator.py
[2026-09-13T01:48:38.885+0000] {processor.py:809} INFO - DAG(s) dict_keys(['7-branching']) retrieved from /opt/airflow/dags/7_branch_pythoon_operator.py
[2026-09-13T01:48:39.030+0000] {logging_mixin.py:149} INFO - [2026-09-13T01:48:39.030+0000] {dag.py:2726} INFO - Sync 1 DAGs
[2026-09-13T01:48:39.066+0000] {logging_mixin.py:149} INFO - [2026-09-13T01:48:39.066+0000] {dag.py:3490} INFO - Setting next_dagrun for 7-branching to 2023-04-15T00:00:00+00:00, run_after=2023-04-16T00:00:00+00:00
[2026-09-13T01:48:39.098+0000] {processor.py:178} INFO - Processing /opt/airflow/dags/7_branch_pythoon_operator.py took 0.295 seconds
[2026-09-13T01:49:09.281+0000] {processor.py:156} INFO - Started process (PID=161807) to work on /opt/airflow/dags/7_branch_pythoon_operator.py
[2026-09-13T01:49:09.284+0000] {processor.py:799} INFO - Processing file /opt/airflow/dags/7_branch_pythoon_operator.py for tasks to queue
[2026-09-13T01:49:09.286+0000] {logging_mixin.py:149} INFO - [2026-09-13T01:49:09.286+0000] {dagbag.py:541} INFO - Filling up the DagBag from /opt/airflow/dags/7_branch_pythoon_operator.py
[2026-09-13T01:49:09.321+0000] {processor.py:809} INFO - DAG(s) dict_keys(['7-branching']) retrieved from /opt/airflow/dags/7_branch_pythoon_operator.py
[2026-09-13T01:49:09.410+0000] {logging_mixin.py:149} INFO - [2026-09-13T01:49:09.410+0000] {dag.py:2726} INFO - Sync 1 DAGs
[2026-09-13T01:49:09.470+0000] {logging_mixin.py:149} INFO - [2026-09-13T01:49:09.470+0000] {dag.py:3490} INFO - Setting next_dagrun for 7-branching to 2023-04-15T00:00:00+00:00, run_after=2023-04-16T00:00:00+00:00
[2026-09-13T01:49:09.533+0000] {processor.py:178} INFO - Processing /opt/airflow/dags/7_branch_pythoon_operator.py took 0.264 seconds
[2026-09-13T01:49:39.819+0000] {processor.py:156} INFO - Started process (PID=161821) to work on /opt/airflow/dags/7_branch_pythoon_operator.py
[2026-09-13T01:49:39.823+0000] {processor.py:799} INFO - Processing file /opt/airflow/dags/7_branch_pythoon_operator.py for tasks to queue
[2026-09-13T01:49:39.825+0000] {logging_mixin.py:149} INFO - [2026-09-13T01:49:39.825+0000] {dagbag.py:541} INFO - Filling up the DagBag from /opt/airflow/dags/7_branch_pythoon_operator.py
[2026-09-13T01:49:39.868+0000] {processor.py:809} INFO - DAG(s) dict_keys(['7-branching']) retrieved from /opt/airflow/dags/7_branch_pythoon_operator.py
[2026-09-13T01:49:39.950+0000] {logging_mixin.py:149} INFO - [2026-09-13T01:49:39.949+0000] {dag.py:2726} INFO - Sync 1 DAGs
[2026-09-13T01:49:40.030+0000] {logging_mixin.py:149} INFO - [2026-09-13T01:49:40.030+0000] {dag.py:3490} INFO - Setting next_dagrun for 7-branching to 2023-04-15T00:00:00+00:00, run_after=2023-04-16T00:00:00+00:00
[2026-09-13T01:49:40.089+0000] {processor.py:178} INFO - Processing /opt/airflow/dags/7_branch_pythoon_operator.py took 0.283 seconds
[2026-09-13T01:50:10.258+0000] {processor.py:156} INFO - Started process (PID=161835) to work on /opt/airflow/dags/7_branch_pythoon_operator.py
[2026-09-13T01:50:10.262+0000] {processor.py:799} INFO - Processing file /opt/airflow/dags/7_branch_pythoon_operator.py for tasks to queue
[2026-09-13T01:50:10.265+0000] {logging_mixin.py:149} INFO - [2026-09-13T01:50:10.264+0000] {dagbag.py:541} INFO - Filling up the DagBag from /opt/airflow/dags/7_branch_pythoon_operator.py
[2026-09-13T01:50:10.302+0000] {processor.py:809} INFO - DAG(s) dict_keys(['7-branching']) retrieved from /opt/airflow/dags/7_branch_pythoon_operator.py
[2026-09-13T01:50:10.400+0000] {logging_mixin.py:149} INFO - [2026-09-13T01:50:10.400+0000] {dag.py:2726} INFO - Sync 1 DAGs
[2026-09-13T01:50:10.491+0000] {logging_mixin.py:149} INFO - [2026-09-13T01:50:10.491+0000] {dag.py:3490} INFO - Setting next_dagrun for 7-branching to 2023-04-15T00:00:00+00:00, run_after=2023-04-16T00:00:00+00:00
[2026-09-13T01:50:10.550+0000] {processor.py:178} INFO - Processing /opt/airflow/dags/7_branch_pythoon_operator.py took 0.303 seconds
[2026-09-13T01:50:40.740+0000] {processor.py:156} INFO - Started process (PID=161849) to work on /opt/airflow/dags/7_branch_pythoon_operator.py
[2026-09-13T01:50:40.747+0000] {processor.py:799} INFO - Processing file /opt/airflow/dags/7_branch_pythoon_operator.py for tasks to queue
[2026-09-13T01:50:40.749+0000] {logging_mixin.py:149} INFO - [2026-09-13T01:50:40.749+0000] {dagbag.py:541} INFO - Filling up the DagBag from /opt/airflow/dags/7_branch_pythoon_operator.py
[2026-09-13T01:50:40.788+0000] {processor.py:809} INFO - DAG(s) dict_keys(['7-branching']) retrieved from /opt/airflow/dags/7_branch_pythoon_operator.py
[2026-09-13T01:50:40.879+0000] {logging_mixin.py:149} INFO - [2026-09-13T01:50:40.879+0000] {dag.py:2726} INFO - Sync 1 DAGs
[2026-09-13T01:50:40.928+0000] {logging_mixin.py:149} INFO - [2026-09-13T01:50:40.927+0000] {dag.py:3490} INFO - Setting next_dagrun for 7-branching to 2023-04-15T00:00:00+00:00, run_after=2023-04-16T00:00:00+00:00
[2026-09-13T01:50:40.956+0000] {processor.py:178} INFO - Processing /opt/airflow/dags/7_branch_pythoon_operator.py took 0.227 seconds
[2026-09-13T01:51:11.163+0000] {processor.py:156} INFO - Started process (PID=161863) to work on /opt/airflow/dags/7_branch_pythoon_operator.py
[2026-09-13T01:51:11.166+0000] {processor.py:799} INFO - Processing file /opt/airflow/dags/7_branch_pythoon_operator.py for tasks to queue
[2026-09-13T01:51:11.167+0000] {logging_mixin.py:149} INFO - [2026-09-13T01:51:11.167+0000] {dagbag.py:541} INFO - Filling up the DagBag from /opt/airflow/dags/7_branch_pythoon_operator.py
[2026-09-13T01:51:11.193+0000] {processor.py:809} INFO - DAG(s) dict_keys(['7-branching']) retrieved from /opt/airflow/dags/7_branch_pythoon_operator.py
[2026-09-13T01:51:11.261+0000] {logging_mixin.py:149} INFO - [2026-09-13T01:51:11.260+0000] {dag.py:2726} INFO - Sync 1 DAGs
[2026-09-13T01:51:11.315+0000] {logging_mixin.py:149} INFO - [2026-09-13T01:51:11.314+0000] {dag.py:3490} INFO - Setting next_dagrun for 7-branching to 2023-04-15T00:00:00+00:00, run_after=2023-04-16T00:00:00+00:00
[2026-09-13T01:51:11.381+0000] {processor.py:178} INFO - Processing /opt/airflow/dags/7_branch_pythoon_operator.py took 0.235 seconds
[2026-09-13T01:51:41.483+0000] {processor.py:156} INFO - Started process (PID=161877) to work on /opt/airflow/dags/7_branch_pythoon_operator.py
[2026-09-13T01:51:41.487+0000] {processor.py:799} INFO - Processing file /opt/airflow/dags/7_branch_pythoon_operator.py for tasks to queue
[2026-09-13T01:51:41.489+0000] {logging_mixin.py:149} INFO - [2026-09-13T01:51:41.489+0000] {dagbag.py:541} INFO - Filling up the DagBag from /opt/airflow/dags/7_branch_pythoon_operator.py
[2026-09-13T01:51:41.523+0000] {processor.py:809} INFO - DAG(s) dict_keys(['7-branching']) retrieved from /opt/airflow/dags/7_branch_pythoon_operator.py
[2026-09-13T01:51:41.617+0000] {logging_mixin.py:149} INFO - [2026-09-13T01:51:41.616+0000] {dag.py:2726} INFO - Sync 1 DAGs
[2026-09-13T01:51:41.687+0000] {logging_mixin.py:149} INFO - [2026-09-13T01:51:41.686+0000] {dag.py:3490} INFO - Setting next_dagrun for 7-branching to 2023-04-15T00:00:00+00:00, run_after=2023-04-16T00:00:00+00:00
[2026-09-13T01:51:41.748+0000] {processor.py:178} INFO - Processing /opt/airflow/dags/7_branch_pythoon_operator.py took 0.275 seconds
[2026-09-13T01:52:12.039+0000] {processor.py:156} INFO - Started process (PID=161890) to work on /opt/airflow/dags/7_branch_pythoon_operator.py
[2026-09-13T01:52:12.043+0000] {processor.py:799} INFO - Processing file /opt/airflow/dags/7_branch_pythoon_operator.py for tasks to queue
[2026-09-13T01:52:12.044+0000] {logging_mixin.py:149} INFO - [2026-09-13T01:52:12.044+0000] {dagbag.py:541} INFO - Filling up the DagBag from /opt/airflow/dags/7_branch_pythoon_operator.py
[2026-09-13T01:52:12.078+0000] {processor.py:809} INFO - DAG(s) dict_keys(['7-branching']) retrieved from /opt/airflow/dags/7_branch_pythoon_operator.py
[2026-09-13T01:52:12.164+0000] {logging_mixin.py:149} INFO - [2026-09-13T01:52:12.163+0000] {dag.py:2726} INFO - Sync 1 DAGs
[2026-09-13T01:52:12.236+0000] {logging_mixin.py:149} INFO - [2026-09-13T01:52:12.235+0000] {dag.py:3490} INFO - Setting next_dagrun for 7-branching to 2023-04-15T00:00:00+00:00, run_after=2023-04-16T00:00:00+00:00
[2026-09-13T01:52:12.302+0000] {processor.py:178} INFO - Processing /opt/airflow/dags/7_branch_pythoon_operator.py took 0.273 seconds
[2026-09-13T01:52:42.644+0000] {processor.py:156} INFO - Started process (PID=161904) to work on /opt/airflow/dags/7_branch_pythoon_operator.py
[2026-09-13T01:52:42.650+0000] {processor.py:799} INFO - Processing file /opt/airflow/dags/7_branch_pythoon_operator.py for tasks to queue
[2026-09-13T01:52:42.652+0000] {logging_mixin.py:149} INFO - [2026-09-13T01:52:42.652+0000] {dagbag.py:541} INFO - Filling up the DagBag from /opt/airflow/dags/7_branch_pythoon_operator.py
[2026-09-13T01:52:42.688+0000] {processor.py:809} INFO - DAG(s) dict_keys(['7-branching']) retrieved from /opt/airflow/dags/7_branch_pythoon_operator.py
[2026-09-13T01:52:42.792+0000] {logging_mixin.py:149} INFO - [2026-09-13T01:52:42.791+0000] {dag.py:2726} INFO - Sync 1 DAGs
[2026-09-13T01:52:42.869+0000] {logging_mixin.py:149} INFO - [2026-09-13T01:52:42.869+0000] {dag.py:3490} INFO - Setting next_dagrun for 7-branching to 2023-04-15T00:00:00+00:00, run_after=2023-04-16T00:00:00+00:00
[2026-09-13T01:52:42.927+0000] {processor.py:178} INFO - Processing /opt/airflow/dags/7_branch_pythoon_operator.py took 0.292 seconds
[2026-09-13T01:53:13.123+0000] {processor.py:156} INFO - Started process (PID=161918) to work on /opt/airflow/dags/7_branch_pythoon_operator.py
[2026-09-13T01:53:13.126+0000] {processor.py:799} INFO - Processing file /opt/airflow/dags/7_branch_pythoon_operator.py for tasks to queue
[2026-09-13T01:53:13.128+0000] {logging_mixin.py:149} INFO - [2026-09-13T01:53:13.128+0000] {dagbag.py:541} INFO - Filling up the DagBag from /opt/airflow/dags/7_branch_pythoon_operator.py
[2026-09-13T01:53:13.161+0000] {processor.py:809} INFO - DAG(s) dict_keys(['7-branching']) retrieved from /opt/airflow/dags/7_branch_pythoon_operator.py
[2026-09-13T01:53:13.240+0000] {logging_mixin.py:149} INFO - [2026-09-13T01:53:13.239+0000] {dag.py:2726} INFO - Sync 1 DAGs
[2026-09-13T01:53:13.288+0000] {logging_mixin.py:149} INFO - [2026-09-13T01:53:13.288+0000] {dag.py:3490} INFO - Setting next_dagrun for 7-branching to 2023-04-15T00:00:00+00:00, run_after=2023-04-16T00:00:00+00:00
[2026-09-13T01:53:13.316+0000] {processor.py:178} INFO - Processing /opt/airflow/dags/7_branch_pythoon_operator.py took 0.204 seconds
[2026-09-13T01:53:43.642+0000] {processor.py:156} INFO - Started process (PID=161933) to work on /opt/airflow/dags/7_branch_pythoon_operator.py
[2026-09-13T01:53:43.646+0000] {processor.py:799} INFO - Processing file /opt/airflow/dags/7_branch_pythoon_operator.py for tasks to queue
[2026-09-13T01:53:43.648+0000] {logging_mixin.py:149} INFO - [2026-09-13T01:53:43.648+0000] {dagbag.py:541} INFO - Filling up the DagBag from /opt/airflow/dags/7_branch_pythoon_operator.py
[2026-09-13T01:53:43.683+0000] {processor.py:809} INFO - DAG(s) dict_keys(['7-branching']) retrieved from /opt/airflow/dags/7_branch_pythoon_operator.py
[2026-09-13T01:53:43.765+0000] {logging_mixin.py:149} INFO - [2026-09-13T01:53:43.765+0000] {dag.py:2726} INFO - Sync 1 DAGs
[2026-09-13T01:53:43.811+0000] {logging_mixin.py:149} INFO - [2026-09-13T01:53:43.811+0000] {dag.py:3490} INFO - Setting next_dagrun for 7-branching to 2023-04-15T00:00:00+00:00, run_after=2023-04-16T00:00:00+00:00
[2026-09-13T01:53:43.854+0000] {processor.py:178} INFO - Processing /opt/airflow/dags/7_branch_pythoon_operator.py took 0.224 seconds
[2026-09-13T01:54:14.120+0000] {processor.py:156} INFO - Started process (PID=161947) to work on /opt/airflow/dags/7_branch_pythoon_operator.py
[2026-09-13T01:54:14.124+0000] {processor.py:799} INFO - Processing file /opt/airflow/dags/7_branch_pythoon_operator.py for tasks to queue
[2026-09-13T01:54:14.126+0000] {logging_mixin.py:149} INFO - [2026-09-13T01:54:14.125+0000] {dagbag.py:541} INFO - Filling up the DagBag from /opt/airflow/dags/7_branch_pythoon_operator.py
[2026-09-13T01:54:14.159+0000] {processor.py:809} INFO - DAG(s) dict_keys(['7-branching']) retrieved from /opt/airflow/dags/7_branch_pythoon_operator.py
[2026-09-13T01:54:14.221+0000] {logging_mixin.py:149} INFO - [2026-09-13T01:54:14.221+0000] {dag.py:2726} INFO - Sync 1 DAGs
[2026-09-13T01:54:14.263+0000] {logging_mixin.py:149} INFO - [2026-09-13T01:54:14.263+0000] {dag.py:3490} INFO - Setting next_dagrun for 7-branching to 2023-04-15T00:00:00+00:00, run_after=2023-04-16T00:00:00+00:00
[2026-09-13T01:54:14.291+0000] {processor.py:178} INFO - Processing /opt/airflow/dags/7_branch_pythoon_operator.py took 0.181 seconds
[2026-09-13T01:54:44.527+0000] {processor.py:156} INFO - Started process (PID=161961) to work on /opt/airflow/dags/7_branch_pythoon_operator.py
[2026-09-13T01:54:44.531+0000] {processor.py:799} INFO - Processing file /opt/airflow/dags/7_branch_pythoon_operator.py for tasks to queue
[2026-09-13T01:54:44.533+0000] {logging_mixin.py:149} INFO - [2026-09-13T01:54:44.532+0000] {dagbag.py:541} INFO - Filling up the DagBag from /opt/airflow/dags/7_branch_pythoon_operator.py
[2026-09-13T01:54:44.570+0000] {processor.py:809} INFO - DAG(s) dict_keys(['7-branching']) retrieved from /opt/airflow/dags/7_branch_pythoon_operator.py
[2026-09-13T01:54:44.675+0000] {logging_mixin.py:149} INFO - [2026-09-13T01:54:44.674+0000] {dag.py:2726} INFO - Sync 1 DAGs
[2026-09-13T01:54:44.751+0000] {logging_mixin.py:149} INFO - [2026-09-13T01:54:44.751+0000] {dag.py:3490} INFO - Setting next_dagrun for 7-branching to 2023-04-15T00:00:00+00:00, run_after=2023-04-16T00:00:00+00:00
[2026-09-13T01:54:44.795+0000] {processor.py:178} INFO - Processing /opt/airflow/dags/7_branch_pythoon_operator.py took 0.279 seconds
[2026-09-13T01:55:15.034+0000] {processor.py:156} INFO - Started process (PID=161975) to work on /opt/airflow/dags/7_branch_pythoon_operator.py
[2026-09-13T01:55:15.038+0000] {processor.py:799} INFO - Processing file /opt/airflow/dags/7_branch_pythoon_operator.py for tasks to queue
[2026-09-13T01:55:15.040+0000] {logging_mixin.py:149} INFO - [2026-09-13T01:55:15.039+0000] {dagbag.py:541} INFO - Filling up the DagBag from /opt/airflow/dags/7_branch_pythoon_operator.py
[2026-09-13T01:55:15.069+0000] {processor.py:809} INFO - DAG(s) dict_keys(['7-branching']) retrieved from /opt/airflow/dags/7_branch_pythoon_operator.py
[2026-09-13T01:55:15.153+0000] {logging_mixin.py:149} INFO - [2026-09-13T01:55:15.153+0000] {dag.py:2726} INFO - Sync 1 DAGs
[2026-09-13T01:55:15.216+0000] {logging_mixin.py:149} INFO - [2026-09-13T01:55:15.216+0000] {dag.py:3490} INFO - Setting next_dagrun for 7-branching to 2023-04-15T00:00:00+00:00, run_after=2023-04-16T00:00:00+00:00
[2026-09-13T01:55:15.267+0000] {processor.py:178} INFO - Processing /opt/airflow/dags/7_branch_pythoon_operator.py took 0.241 seconds
[2026-09-13T01:55:45.340+0000] {processor.py:156} INFO - Started process (PID=161990) to work on /opt/airflow/dags/7_branch_pythoon_operator.py
[2026-09-13T01:55:45.344+0000] {processor.py:799} INFO - Processing file /opt/airflow/dags/7_branch_pythoon_operator.py for tasks to queue
[2026-09-13T01:55:45.345+0000] {logging_mixin.py:149} INFO - [2026-09-13T01:55:45.345+0000] {dagbag.py:541} INFO - Filling up the DagBag from /opt/airflow/dags/7_branch_pythoon_operator.py
[2026-09-13T01:55:45.380+0000] {processor.py:809} INFO - DAG(s) dict_keys(['7-branching']) retrieved from /opt/airflow/dags/7_branch_pythoon_operator.py
[2026-09-13T01:55:45.477+0000] {logging_mixin.py:149} INFO - [2026-09-13T01:55:45.477+0000] {dag.py:2726} INFO - Sync 1 DAGs
[2026-09-13T01:55:45.557+0000] {logging_mixin.py:149} INFO - [2026-09-13T01:55:45.557+0000] {dag.py:3490} INFO - Setting next_dagrun for 7-branching to 2023-04-15T00:00:00+00:00, run_after=2023-04-16T00:00:00+00:00
[2026-09-13T01:55:45.633+0000] {processor.py:178} INFO - Processing /opt/airflow/dags/7_branch_pythoon_operator.py took 0.307 seconds
[2026-09-13T01:56:15.786+0000] {processor.py:156} INFO - Started process (PID=162004) to work on /opt/airflow/dags/7_branch_pythoon_operator.py
[2026-09-13T01:56:15.789+0000] {processor.py:799} INFO - Processing file /opt/airflow/dags/7_branch_pythoon_operator.py for tasks to queue
[2026-09-13T01:56:15.792+0000] {logging_mixin.py:149} INFO - [2026-09-13T01:56:15.791+0000] {dagbag.py:541} INFO - Filling up the DagBag from /opt/airflow/dags/7_branch_pythoon_operator.py
[2026-09-13T01:56:15.828+0000] {processor.py:809} INFO - DAG(s) dict_keys(['7-branching']) retrieved from /opt/airflow/dags/7_branch_pythoon_operator.py
[2026-09-13T01:56:15.920+0000] {logging_mixin.py:149} INFO - [2026-09-13T01:56:15.919+0000] {dag.py:2726} INFO - Sync 1 DAGs
[2026-09-13T01:56:16.013+0000] {logging_mixin.py:149} INFO - [2026-09-13T01:56:16.012+0000] {dag.py:3490} INFO - Setting next_dagrun for 7-branching to 2023-04-15T00:00:00+00:00, run_after=2023-04-16T00:00:00+00:00
[2026-09-13T01:56:16.059+0000] {processor.py:178} INFO - Processing /opt/airflow/dags/7_branch_pythoon_operator.py took 0.287 seconds
[2026-09-13T01:56:46.258+0000] {processor.py:156} INFO - Started process (PID=162018) to work on /opt/airflow/dags/7_branch_pythoon_operator.py
[2026-09-13T01:56:46.262+0000] {processor.py:799} INFO - Processing file /opt/airflow/dags/7_branch_pythoon_operator.py for tasks to queue
[2026-09-13T01:56:46.264+0000] {logging_mixin.py:149} INFO - [2026-09-13T01:56:46.264+0000] {dagbag.py:541} INFO - Filling up the DagBag from /opt/airflow/dags/7_branch_pythoon_operator.py
[2026-09-13T01:56:46.298+0000] {processor.py:809} INFO - DAG(s) dict_keys(['7-branching']) retrieved from /opt/airflow/dags/7_branch_pythoon_operator.py
[2026-09-13T01:56:46.402+0000] {logging_mixin.py:149} INFO - [2026-09-13T01:56:46.402+0000] {dag.py:2726} INFO - Sync 1 DAGs
[2026-09-13T01:56:46.471+0000] {logging_mixin.py:149} INFO - [2026-09-13T01:56:46.471+0000] {dag.py:3490} INFO - Setting next_dagrun for 7-branching to 2023-04-15T00:00:00+00:00, run_after=2023-04-16T00:00:00+00:00
[2026-09-13T01:56:46.531+0000] {processor.py:178} INFO - Processing /opt/airflow/dags/7_branch_pythoon_operator.py took 0.284 seconds
[2026-09-13T01:57:16.619+0000] {processor.py:156} INFO - Started process (PID=162032) to work on /opt/airflow/dags/7_branch_pythoon_operator.py
[2026-09-13T01:57:16.622+0000] {processor.py:799} INFO - Processing file /opt/airflow/dags/7_branch_pythoon_operator.py for tasks to queue
[2026-09-13T01:57:16.624+0000] {logging_mixin.py:149} INFO - [2026-09-13T01:57:16.623+0000] {dagbag.py:541} INFO - Filling up the DagBag from /opt/airflow/dags/7_branch_pythoon_operator.py
[2026-09-13T01:57:16.654+0000] {processor.py:809} INFO - DAG(s) dict_keys(['7-branching']) retrieved from /opt/airflow/dags/7_branch_pythoon_operator.py
[2026-09-13T01:57:16.744+0000] {logging_mixin.py:149} INFO - [2026-09-13T01:57:16.743+0000] {dag.py:2726} INFO - Sync 1 DAGs
[2026-09-13T01:57:16.815+0000] {logging_mixin.py:149} INFO - [2026-09-13T01:57:16.815+0000] {dag.py:3490} INFO - Setting next_dagrun for 7-branching to 2023-04-15T00:00:00+00:00, run_after=2023-04-16T00:00:00+00:00
[2026-09-13T01:57:16.879+0000] {processor.py:178} INFO - Processing /opt/airflow/dags/7_branch_pythoon_operator.py took 0.270 seconds
[2026-09-13T01:57:47.068+0000] {processor.py:156} INFO - Started process (PID=162046) to work on /opt/airflow/dags/7_branch_pythoon_operator.py
[2026-09-13T01:57:47.072+0000] {processor.py:799} INFO - Processing file /opt/airflow/dags/7_branch_pythoon_operator.py for tasks to queue
[2026-09-13T01:57:47.075+0000] {logging_mixin.py:149} INFO - [2026-09-13T01:57:47.074+0000] {dagbag.py:541} INFO - Filling up the DagBag from /opt/airflow/dags/7_branch_pythoon_operator.py
[2026-09-13T01:57:47.112+0000] {processor.py:809} INFO - DAG(s) dict_keys(['7-branching']) retrieved from /opt/airflow/dags/7_branch_pythoon_operator.py
[2026-09-13T01:57:47.208+0000] {logging_mixin.py:149} INFO - [2026-09-13T01:57:47.208+0000] {dag.py:2726} INFO - Sync 1 DAGs
[2026-09-13T01:57:47.289+0000] {logging_mixin.py:149} INFO - [2026-09-13T01:57:47.288+0000] {dag.py:3490} INFO - Setting next_dagrun for 7-branching to 2023-04-15T00:00:00+00:00, run_after=2023-04-16T00:00:00+00:00
[2026-09-13T01:57:47.363+0000] {processor.py:178} INFO - Processing /opt/airflow/dags/7_branch_pythoon_operator.py took 0.307 seconds
[2026-09-13T01:58:17.534+0000] {processor.py:156} INFO - Started process (PID=162060) to work on /opt/airflow/dags/7_branch_pythoon_operator.py
[2026-09-13T01:58:17.538+0000] {processor.py:799} INFO - Processing file /opt/airflow/dags/7_branch_pythoon_operator.py for tasks to queue
[2026-09-13T01:58:17.540+0000] {logging_mixin.py:149} INFO - [2026-09-13T01:58:17.539+0000] {dagbag.py:541} INFO - Filling up the DagBag from /opt/airflow/dags/7_branch_pythoon_operator.py
[2026-09-13T01:58:17.577+0000] {processor.py:809} INFO - DAG(s) dict_keys(['7-branching']) retrieved from /opt/airflow/dags/7_branch_pythoon_operator.py
[2026-09-13T01:58:17.665+0000] {logging_mixin.py:149} INFO - [2026-09-13T01:58:17.665+0000] {dag.py:2726} INFO - Sync 1 DAGs
[2026-09-13T01:58:17.774+0000] {logging_mixin.py:149} INFO - [2026-09-13T01:58:17.773+0000] {dag.py:3490} INFO - Setting next_dagrun for 7-branching to 2023-04-15T00:00:00+00:00, run_after=2023-04-16T00:00:00+00:00
[2026-09-13T01:58:17.814+0000] {processor.py:178} INFO - Processing /opt/airflow/dags/7_branch_pythoon_operator.py took 0.291 seconds
[2026-09-13T01:58:48.037+0000] {processor.py:156} INFO - Started process (PID=162074) to work on /opt/airflow/dags/7_branch_pythoon_operator.py
[2026-09-13T01:58:48.041+0000] {processor.py:799} INFO - Processing file /opt/airflow/dags/7_branch_pythoon_operator.py for tasks to queue
[2026-09-13T01:58:48.043+0000] {logging_mixin.py:149} INFO - [2026-09-13T01:58:48.043+0000] {dagbag.py:541} INFO - Filling up the DagBag from /opt/airflow/dags/7_branch_pythoon_operator.py
[2026-09-13T01:58:48.075+0000] {processor.py:809} INFO - DAG(s) dict_keys(['7-branching']) retrieved from /opt/airflow/dags/7_branch_pythoon_operator.py
[2026-09-13T01:58:48.166+0000] {logging_mixin.py:149} INFO - [2026-09-13T01:58:48.165+0000] {dag.py:2726} INFO - Sync 1 DAGs
[2026-09-13T01:58:48.215+0000] {logging_mixin.py:149} INFO - [2026-09-13T01:58:48.215+0000] {dag.py:3490} INFO - Setting next_dagrun for 7-branching to 2023-04-15T00:00:00+00:00, run_after=2023-04-16T00:00:00+00:00
[2026-09-13T01:58:48.283+0000] {processor.py:178} INFO - Processing /opt/airflow/dags/7_branch_pythoon_operator.py took 0.257 seconds
[2026-09-13T01:59:18.473+0000] {processor.py:156} INFO - Started process (PID=162088) to work on /opt/airflow/dags/7_branch_pythoon_operator.py
[2026-09-13T01:59:18.476+0000] {processor.py:799} INFO - Processing file /opt/airflow/dags/7_branch_pythoon_operator.py for tasks to queue
[2026-09-13T01:59:18.477+0000] {logging_mixin.py:149} INFO - [2026-09-13T01:59:18.477+0000] {dagbag.py:541} INFO - Filling up the DagBag from /opt/airflow/dags/7_branch_pythoon_operator.py
[2026-09-13T01:59:18.514+0000] {processor.py:809} INFO - DAG(s) dict_keys(['7-branching']) retrieved from /opt/airflow/dags/7_branch_pythoon_operator.py
[2026-09-13T01:59:18.590+0000] {logging_mixin.py:149} INFO - [2026-09-13T01:59:18.589+0000] {dag.py:2726} INFO - Sync 1 DAGs
[2026-09-13T01:59:18.647+0000] {logging_mixin.py:149} INFO - [2026-09-13T01:59:18.647+0000] {dag.py:3490} INFO - Setting next_dagrun for 7-branching to 2023-04-15T00:00:00+00:00, run_after=2023-04-16T00:00:00+00:00
[2026-09-13T01:59:18.725+0000] {processor.py:178} INFO - Processing /opt/airflow/dags/7_branch_pythoon_operator.py took 0.262 seconds
[2026-09-13T01:59:48.837+0000] {processor.py:156} INFO - Started process (PID=162102) to work on /opt/airflow/dags/7_branch_pythoon_operator.py
[2026-09-13T01:59:48.840+0000] {processor.py:799} INFO - Processing file /opt/airflow/dags/7_branch_pythoon_operator.py for tasks to queue
[2026-09-13T01:59:48.841+0000] {logging_mixin.py:149} INFO - [2026-09-13T01:59:48.841+0000] {dagbag.py:541} INFO - Filling up the DagBag from /opt/airflow/dags/7_branch_pythoon_operator.py
[2026-09-13T01:59:48.865+0000] {processor.py:809} INFO - DAG(s) dict_keys(['7-branching']) retrieved from /opt/airflow/dags/7_branch_pythoon_operator.py
[2026-09-13T01:59:48.941+0000] {logging_mixin.py:149} INFO - [2026-09-13T01:59:48.940+0000] {dag.py:2726} INFO - Sync 1 DAGs
[2026-09-13T01:59:48.990+0000] {logging_mixin.py:149} INFO - [2026-09-13T01:59:48.990+0000] {dag.py:3490} INFO - Setting next_dagrun for 7-branching to 2023-04-15T00:00:00+00:00, run_after=2023-04-16T00:00:00+00:00
[2026-09-13T01:59:49.019+0000] {processor.py:178} INFO - Processing /opt/airflow/dags/7_branch_pythoon_operator.py took 0.189 seconds
[2026-09-13T02:00:19.250+0000] {processor.py:156} INFO - Started process (PID=162116) to work on /opt/airflow/dags/7_branch_pythoon_operator.py
[2026-09-13T02:00:19.253+0000] {processor.py:799} INFO - Processing file /opt/airflow/dags/7_branch_pythoon_operator.py for tasks to queue
[2026-09-13T02:00:19.256+0000] {logging_mixin.py:149} INFO - [2026-09-13T02:00:19.256+0000] {dagbag.py:541} INFO - Filling up the DagBag from /opt/airflow/dags/7_branch_pythoon_operator.py
[2026-09-13T02:00:19.290+0000] {processor.py:809} INFO - DAG(s) dict_keys(['7-branching']) retrieved from /opt/airflow/dags/7_branch_pythoon_operator.py
[2026-09-13T02:00:19.375+0000] {logging_mixin.py:149} INFO - [2026-09-13T02:00:19.374+0000] {dag.py:2726} INFO - Sync 1 DAGs
[2026-09-13T02:00:19.430+0000] {logging_mixin.py:149} INFO - [2026-09-13T02:00:19.430+0000] {dag.py:3490} INFO - Setting next_dagrun for 7-branching to 2023-04-15T00:00:00+00:00, run_after=2023-04-16T00:00:00+00:00
[2026-09-13T02:00:19.485+0000] {processor.py:178} INFO - Processing /opt/airflow/dags/7_branch_pythoon_operator.py took 0.245 seconds
[2026-09-13T02:00:49.757+0000] {processor.py:156} INFO - Started process (PID=162130) to work on /opt/airflow/dags/7_branch_pythoon_operator.py
[2026-09-13T02:00:49.761+0000] {processor.py:799} INFO - Processing file /opt/airflow/dags/7_branch_pythoon_operator.py for tasks to queue
[2026-09-13T02:00:49.762+0000] {logging_mixin.py:149} INFO - [2026-09-13T02:00:49.762+0000] {dagbag.py:541} INFO - Filling up the DagBag from /opt/airflow/dags/7_branch_pythoon_operator.py
[2026-09-13T02:00:49.793+0000] {processor.py:809} INFO - DAG(s) dict_keys(['7-branching']) retrieved from /opt/airflow/dags/7_branch_pythoon_operator.py
[2026-09-13T02:00:49.885+0000] {logging_mixin.py:149} INFO - [2026-09-13T02:00:49.885+0000] {dag.py:2726} INFO - Sync 1 DAGs
[2026-09-13T02:00:49.939+0000] {logging_mixin.py:149} INFO - [2026-09-13T02:00:49.939+0000] {dag.py:3490} INFO - Setting next_dagrun for 7-branching to 2023-04-15T00:00:00+00:00, run_after=2023-04-16T00:00:00+00:00
[2026-09-13T02:00:49.969+0000] {processor.py:178} INFO - Processing /opt/airflow/dags/7_branch_pythoon_operator.py took 0.223 seconds
[2026-09-13T02:01:20.274+0000] {processor.py:156} INFO - Started process (PID=162144) to work on /opt/airflow/dags/7_branch_pythoon_operator.py
[2026-09-13T02:01:20.277+0000] {processor.py:799} INFO - Processing file /opt/airflow/dags/7_branch_pythoon_operator.py for tasks to queue
[2026-09-13T02:01:20.279+0000] {logging_mixin.py:149} INFO - [2026-09-13T02:01:20.278+0000] {dagbag.py:541} INFO - Filling up the DagBag from /opt/airflow/dags/7_branch_pythoon_operator.py
[2026-09-13T02:01:20.311+0000] {processor.py:809} INFO - DAG(s) dict_keys(['7-branching']) retrieved from /opt/airflow/dags/7_branch_pythoon_operator.py
[2026-09-13T02:01:20.402+0000] {logging_mixin.py:149} INFO - [2026-09-13T02:01:20.401+0000] {dag.py:2726} INFO - Sync 1 DAGs
[2026-09-13T02:01:20.483+0000] {logging_mixin.py:149} INFO - [2026-09-13T02:01:20.482+0000] {dag.py:3490} INFO - Setting next_dagrun for 7-branching to 2023-04-15T00:00:00+00:00, run_after=2023-04-16T00:00:00+00:00
[2026-09-13T02:01:20.551+0000] {processor.py:178} INFO - Processing /opt/airflow/dags/7_branch_pythoon_operator.py took 0.288 seconds
[2026-09-13T02:01:50.676+0000] {processor.py:156} INFO - Started process (PID=162158) to work on /opt/airflow/dags/7_branch_pythoon_operator.py
[2026-09-13T02:01:50.680+0000] {processor.py:799} INFO - Processing file /opt/airflow/dags/7_branch_pythoon_operator.py for tasks to queue
[2026-09-13T02:01:50.682+0000] {logging_mixin.py:149} INFO - [2026-09-13T02:01:50.682+0000] {dagbag.py:541} INFO - Filling up the DagBag from /opt/airflow/dags/7_branch_pythoon_operator.py
[2026-09-13T02:01:50.716+0000] {processor.py:809} INFO - DAG(s) dict_keys(['7-branching']) retrieved from /opt/airflow/dags/7_branch_pythoon_operator.py
[2026-09-13T02:01:50.810+0000] {logging_mixin.py:149} INFO - [2026-09-13T02:01:50.809+0000] {dag.py:2726} INFO - Sync 1 DAGs
[2026-09-13T02:01:50.875+0000] {logging_mixin.py:149} INFO - [2026-09-13T02:01:50.875+0000] {dag.py:3490} INFO - Setting next_dagrun for 7-branching to 2023-04-15T00:00:00+00:00, run_after=2023-04-16T00:00:00+00:00
[2026-09-13T02:01:50.933+0000] {processor.py:178} INFO - Processing /opt/airflow/dags/7_branch_pythoon_operator.py took 0.267 seconds
[2026-09-13T02:02:21.231+0000] {processor.py:156} INFO - Started process (PID=162172) to work on /opt/airflow/dags/7_branch_pythoon_operator.py
[2026-09-13T02:02:21.235+0000] {processor.py:799} INFO - Processing file /opt/airflow/dags/7_branch_pythoon_operator.py for tasks to queue
[2026-09-13T02:02:21.237+0000] {logging_mixin.py:149} INFO - [2026-09-13T02:02:21.237+0000] {dagbag.py:541} INFO - Filling up the DagBag from /opt/airflow/dags/7_branch_pythoon_operator.py
[2026-09-13T02:02:21.273+0000] {processor.py:809} INFO - DAG(s) dict_keys(['7-branching']) retrieved from /opt/airflow/dags/7_branch_pythoon_operator.py
[2026-09-13T02:02:21.368+0000] {logging_mixin.py:149} INFO - [2026-09-13T02:02:21.367+0000] {dag.py:2726} INFO - Sync 1 DAGs
[2026-09-13T02:02:21.439+0000] {logging_mixin.py:149} INFO - [2026-09-13T02:02:21.438+0000] {dag.py:3490} INFO - Setting next_dagrun for 7-branching to 2023-04-15T00:00:00+00:00, run_after=2023-04-16T00:00:00+00:00
[2026-09-13T02:02:21.512+0000] {processor.py:178} INFO - Processing /opt/airflow/dags/7_branch_pythoon_operator.py took 0.292 seconds
[2026-09-13T02:02:51.681+0000] {processor.py:156} INFO - Started process (PID=162186) to work on /opt/airflow/dags/7_branch_pythoon_operator.py
[2026-09-13T02:02:51.685+0000] {processor.py:799} INFO - Processing file /opt/airflow/dags/7_branch_pythoon_operator.py for tasks to queue
[2026-09-13T02:02:51.686+0000] {logging_mixin.py:149} INFO - [2026-09-13T02:02:51.686+0000] {dagbag.py:541} INFO - Filling up the DagBag from /opt/airflow/dags/7_branch_pythoon_operator.py
[2026-09-13T02:02:51.722+0000] {processor.py:809} INFO - DAG(s) dict_keys(['7-branching']) retrieved from /opt/airflow/dags/7_branch_pythoon_operator.py
[2026-09-13T02:02:51.812+0000] {logging_mixin.py:149} INFO - [2026-09-13T02:02:51.812+0000] {dag.py:2726} INFO - Sync 1 DAGs
[2026-09-13T02:02:51.890+0000] {logging_mixin.py:149} INFO - [2026-09-13T02:02:51.889+0000] {dag.py:3490} INFO - Setting next_dagrun for 7-branching to 2023-04-15T00:00:00+00:00, run_after=2023-04-16T00:00:00+00:00
[2026-09-13T02:02:51.958+0000] {processor.py:178} INFO - Processing /opt/airflow/dags/7_branch_pythoon_operator.py took 0.287 seconds
[2026-09-13T02:03:22.306+0000] {processor.py:156} INFO - Started process (PID=162200) to work on /opt/airflow/dags/7_branch_pythoon_operator.py
[2026-09-13T02:03:22.314+0000] {processor.py:799} INFO - Processing file /opt/airflow/dags/7_branch_pythoon_operator.py for tasks to queue
[2026-09-13T02:03:22.316+0000] {logging_mixin.py:149} INFO - [2026-09-13T02:03:22.316+0000] {dagbag.py:541} INFO - Filling up the DagBag from /opt/airflow/dags/7_branch_pythoon_operator.py
[2026-09-13T02:03:22.354+0000] {processor.py:809} INFO - DAG(s) dict_keys(['7-branching']) retrieved from /opt/airflow/dags/7_branch_pythoon_operator.py
[2026-09-13T02:03:22.446+0000] {logging_mixin.py:149} INFO - [2026-09-13T02:03:22.446+0000] {dag.py:2726} INFO - Sync 1 DAGs
[2026-09-13T02:03:22.521+0000] {logging_mixin.py:149} INFO - [2026-09-13T02:03:22.520+0000] {dag.py:3490} INFO - Setting next_dagrun for 7-branching to 2023-04-15T00:00:00+00:00, run_after=2023-04-16T00:00:00+00:00
[2026-09-13T02:03:22.569+0000] {processor.py:178} INFO - Processing /opt/airflow/dags/7_branch_pythoon_operator.py took 0.273 seconds
[2026-09-13T02:03:52.741+0000] {processor.py:156} INFO - Started process (PID=162214) to work on /opt/airflow/dags/7_branch_pythoon_operator.py
[2026-09-13T02:03:52.744+0000] {processor.py:799} INFO - Processing file /opt/airflow/dags/7_branch_pythoon_operator.py for tasks to queue
[2026-09-13T02:03:52.747+0000] {logging_mixin.py:149} INFO - [2026-09-13T02:03:52.747+0000] {dagbag.py:541} INFO - Filling up the DagBag from /opt/airflow/dags/7_branch_pythoon_operator.py
[2026-09-13T02:03:52.779+0000] {processor.py:809} INFO - DAG(s) dict_keys(['7-branching']) retrieved from /opt/airflow/dags/7_branch_pythoon_operator.py
[2026-09-13T02:03:52.887+0000] {logging_mixin.py:149} INFO - [2026-09-13T02:03:52.886+0000] {dag.py:2726} INFO - Sync 1 DAGs
[2026-09-13T02:03:52.976+0000] {logging_mixin.py:149} INFO - [2026-09-13T02:03:52.974+0000] {dag.py:3490} INFO - Setting next_dagrun for 7-branching to 2023-04-15T00:00:00+00:00, run_after=2023-04-16T00:00:00+00:00
[2026-09-13T02:03:53.024+0000] {processor.py:178} INFO - Processing /opt/airflow/dags/7_branch_pythoon_operator.py took 0.294 seconds
[2026-09-13T02:04:23.158+0000] {processor.py:156} INFO - Started process (PID=162228) to work on /opt/airflow/dags/7_branch_pythoon_operator.py
[2026-09-13T02:04:23.161+0000] {processor.py:799} INFO - Processing file /opt/airflow/dags/7_branch_pythoon_operator.py for tasks to queue
[2026-09-13T02:04:23.163+0000] {logging_mixin.py:149} INFO - [2026-09-13T02:04:23.163+0000] {dagbag.py:541} INFO - Filling up the DagBag from /opt/airflow/dags/7_branch_pythoon_operator.py
[2026-09-13T02:04:23.195+0000] {processor.py:809} INFO - DAG(s) dict_keys(['7-branching']) retrieved from /opt/airflow/dags/7_branch_pythoon_operator.py
[2026-09-13T02:04:23.277+0000] {logging_mixin.py:149} INFO - [2026-09-13T02:04:23.277+0000] {dag.py:2726} INFO - Sync 1 DAGs
[2026-09-13T02:04:23.347+0000] {logging_mixin.py:149} INFO - [2026-09-13T02:04:23.346+0000] {dag.py:3490} INFO - Setting next_dagrun for 7-branching to 2023-04-15T00:00:00+00:00, run_after=2023-04-16T00:00:00+00:00
[2026-09-13T02:04:23.413+0000] {processor.py:178} INFO - Processing /opt/airflow/dags/7_branch_pythoon_operator.py took 0.266 seconds
[2026-09-13T02:04:53.672+0000] {processor.py:156} INFO - Started process (PID=162242) to work on /opt/airflow/dags/7_branch_pythoon_operator.py
[2026-09-13T02:04:53.675+0000] {processor.py:799} INFO - Processing file /opt/airflow/dags/7_branch_pythoon_operator.py for tasks to queue
[2026-09-13T02:04:53.677+0000] {logging_mixin.py:149} INFO - [2026-09-13T02:04:53.677+0000] {dagbag.py:541} INFO - Filling up the DagBag from /opt/airflow/dags/7_branch_pythoon_operator.py
[2026-09-13T02:04:53.716+0000] {processor.py:809} INFO - DAG(s) dict_keys(['7-branching']) retrieved from /opt/airflow/dags/7_branch_pythoon_operator.py
[2026-09-13T02:04:53.804+0000] {logging_mixin.py:149} INFO - [2026-09-13T02:04:53.804+0000] {dag.py:2726} INFO - Sync 1 DAGs
[2026-09-13T02:04:53.873+0000] {logging_mixin.py:149} INFO - [2026-09-13T02:04:53.873+0000] {dag.py:3490} INFO - Setting next_dagrun for 7-branching to 2023-04-15T00:00:00+00:00, run_after=2023-04-16T00:00:00+00:00
[2026-09-13T02:04:53.934+0000] {processor.py:178} INFO - Processing /opt/airflow/dags/7_branch_pythoon_operator.py took 0.276 seconds
[2026-09-13T02:05:24.079+0000] {processor.py:156} INFO - Started process (PID=162256) to work on /opt/airflow/dags/7_branch_pythoon_operator.py
[2026-09-13T02:05:24.089+0000] {processor.py:799} INFO - Processing file /opt/airflow/dags/7_branch_pythoon_operator.py for tasks to queue
[2026-09-13T02:05:24.090+0000] {logging_mixin.py:149} INFO - [2026-09-13T02:05:24.090+0000] {dagbag.py:541} INFO - Filling up the DagBag from /opt/airflow/dags/7_branch_pythoon_operator.py
[2026-09-13T02:05:24.115+0000] {processor.py:809} INFO - DAG(s) dict_keys(['7-branching']) retrieved from /opt/airflow/dags/7_branch_pythoon_operator.py
[2026-09-13T02:05:24.163+0000] {logging_mixin.py:149} INFO - [2026-09-13T02:05:24.163+0000] {dag.py:2726} INFO - Sync 1 DAGs
[2026-09-13T02:05:24.200+0000] {logging_mixin.py:149} INFO - [2026-09-13T02:05:24.199+0000] {dag.py:3490} INFO - Setting next_dagrun for 7-branching to 2023-04-15T00:00:00+00:00, run_after=2023-04-16T00:00:00+00:00
[2026-09-13T02:05:24.225+0000] {processor.py:178} INFO - Processing /opt/airflow/dags/7_branch_pythoon_operator.py took 0.157 seconds
[2026-09-13T02:05:54.478+0000] {processor.py:156} INFO - Started process (PID=162270) to work on /opt/airflow/dags/7_branch_pythoon_operator.py
[2026-09-13T02:05:54.482+0000] {processor.py:799} INFO - Processing file /opt/airflow/dags/7_branch_pythoon_operator.py for tasks to queue
[2026-09-13T02:05:54.484+0000] {logging_mixin.py:149} INFO - [2026-09-13T02:05:54.483+0000] {dagbag.py:541} INFO - Filling up the DagBag from /opt/airflow/dags/7_branch_pythoon_operator.py
[2026-09-13T02:05:54.518+0000] {processor.py:809} INFO - DAG(s) dict_keys(['7-branching']) retrieved from /opt/airflow/dags/7_branch_pythoon_operator.py
[2026-09-13T02:05:54.605+0000] {logging_mixin.py:149} INFO - [2026-09-13T02:05:54.605+0000] {dag.py:2726} INFO - Sync 1 DAGs
[2026-09-13T02:05:54.684+0000] {logging_mixin.py:149} INFO - [2026-09-13T02:05:54.683+0000] {dag.py:3490} INFO - Setting next_dagrun for 7-branching to 2023-04-15T00:00:00+00:00, run_after=2023-04-16T00:00:00+00:00
[2026-09-13T02:05:54.749+0000] {processor.py:178} INFO - Processing /opt/airflow/dags/7_branch_pythoon_operator.py took 0.283 seconds
[2026-09-13T02:06:25.013+0000] {processor.py:156} INFO - Started process (PID=162284) to work on /opt/airflow/dags/7_branch_pythoon_operator.py
[2026-09-13T02:06:25.016+0000] {processor.py:799} INFO - Processing file /opt/airflow/dags/7_branch_pythoon_operator.py for tasks to queue
[2026-09-13T02:06:25.017+0000] {logging_mixin.py:149} INFO - [2026-09-13T02:06:25.017+0000] {dagbag.py:541} INFO - Filling up the DagBag from /opt/airflow/dags/7_branch_pythoon_operator.py
[2026-09-13T02:06:25.048+0000] {processor.py:809} INFO - DAG(s) dict_keys(['7-branching']) retrieved from /opt/airflow/dags/7_branch_pythoon_operator.py
[2026-09-13T02:06:25.142+0000] {logging_mixin.py:149} INFO - [2026-09-13T02:06:25.141+0000] {dag.py:2726} INFO - Sync 1 DAGs
[2026-09-13T02:06:25.206+0000] {logging_mixin.py:149} INFO - [2026-09-13T02:06:25.205+0000] {dag.py:3490} INFO - Setting next_dagrun for 7-branching to 2023-04-15T00:00:00+00:00, run_after=2023-04-16T00:00:00+00:00
[2026-09-13T02:06:25.264+0000] {processor.py:178} INFO - Processing /opt/airflow/dags/7_branch_pythoon_operator.py took 0.263 seconds
[2026-09-13T02:06:55.494+0000] {processor.py:156} INFO - Started process (PID=162299) to work on /opt/airflow/dags/7_branch_pythoon_operator.py
[2026-09-13T02:06:55.503+0000] {processor.py:799} INFO - Processing file /opt/airflow/dags/7_branch_pythoon_operator.py for tasks to queue
[2026-09-13T02:06:55.505+0000] {logging_mixin.py:149} INFO - [2026-09-13T02:06:55.505+0000] {dagbag.py:541} INFO - Filling up the DagBag from /opt/airflow/dags/7_branch_pythoon_operator.py
[2026-09-13T02:06:55.542+0000] {processor.py:809} INFO - DAG(s) dict_keys(['7-branching']) retrieved from /opt/airflow/dags/7_branch_pythoon_operator.py
[2026-09-13T02:06:55.599+0000] {logging_mixin.py:149} INFO - [2026-09-13T02:06:55.599+0000] {dag.py:2726} INFO - Sync 1 DAGs
[2026-09-13T02:06:55.661+0000] {logging_mixin.py:149} INFO - [2026-09-13T02:06:55.661+0000] {dag.py:3490} INFO - Setting next_dagrun for 7-branching to 2023-04-15T00:00:00+00:00, run_after=2023-04-16T00:00:00+00:00
[2026-09-13T02:06:55.696+0000] {processor.py:178} INFO - Processing /opt/airflow/dags/7_branch_pythoon_operator.py took 0.216 seconds
[2026-09-13T02:07:25.988+0000] {processor.py:156} INFO - Started process (PID=162313) to work on /opt/airflow/dags/7_branch_pythoon_operator.py
[2026-09-13T02:07:25.991+0000] {processor.py:799} INFO - Processing file /opt/airflow/dags/7_branch_pythoon_operator.py for tasks to queue
[2026-09-13T02:07:25.992+0000] {logging_mixin.py:149} INFO - [2026-09-13T02:07:25.992+0000] {dagbag.py:541} INFO - Filling up the DagBag from /opt/airflow/dags/7_branch_pythoon_operator.py
[2026-09-13T02:07:26.023+0000] {processor.py:809} INFO - DAG(s) dict_keys(['7-branching']) retrieved from /opt/airflow/dags/7_branch_pythoon_operator.py
[2026-09-13T02:07:26.101+0000] {logging_mixin.py:149} INFO - [2026-09-13T02:07:26.101+0000] {dag.py:2726} INFO - Sync 1 DAGs
[2026-09-13T02:07:26.177+0000] {logging_mixin.py:149} INFO - [2026-09-13T02:07:26.177+0000] {dag.py:3490} INFO - Setting next_dagrun for 7-branching to 2023-04-15T00:00:00+00:00, run_after=2023-04-16T00:00:00+00:00
[2026-09-13T02:07:26.252+0000] {processor.py:178} INFO - Processing /opt/airflow/dags/7_branch_pythoon_operator.py took 0.273 seconds
[2026-09-13T02:07:56.546+0000] {processor.py:156} INFO - Started process (PID=162327) to work on /opt/airflow/dags/7_branch_pythoon_operator.py
[2026-09-13T02:07:56.549+0000] {processor.py:799} INFO - Processing file /opt/airflow/dags/7_branch_pythoon_operator.py for tasks to queue
[2026-09-13T02:07:56.551+0000] {logging_mixin.py:149} INFO - [2026-09-13T02:07:56.551+0000] {dagbag.py:541} INFO - Filling up the DagBag from /opt/airflow/dags/7_branch_pythoon_operator.py
[2026-09-13T02:07:56.586+0000] {processor.py:809} INFO - DAG(s) dict_keys(['7-branching']) retrieved from /opt/airflow/dags/7_branch_pythoon_operator.py
[2026-09-13T02:07:56.677+0000] {logging_mixin.py:149} INFO - [2026-09-13T02:07:56.676+0000] {dag.py:2726} INFO - Sync 1 DAGs
[2026-09-13T02:07:56.760+0000] {logging_mixin.py:149} INFO - [2026-09-13T02:07:56.760+0000] {dag.py:3490} INFO - Setting next_dagrun for 7-branching to 2023-04-15T00:00:00+00:00, run_after=2023-04-16T00:00:00+00:00
[2026-09-13T02:07:56.819+0000] {processor.py:178} INFO - Processing /opt/airflow/dags/7_branch_pythoon_operator.py took 0.284 seconds
[2026-09-13T02:08:27.076+0000] {processor.py:156} INFO - Started process (PID=162341) to work on /opt/airflow/dags/7_branch_pythoon_operator.py
[2026-09-13T02:08:27.080+0000] {processor.py:799} INFO - Processing file /opt/airflow/dags/7_branch_pythoon_operator.py for tasks to queue
[2026-09-13T02:08:27.082+0000] {logging_mixin.py:149} INFO - [2026-09-13T02:08:27.081+0000] {dagbag.py:541} INFO - Filling up the DagBag from /opt/airflow/dags/7_branch_pythoon_operator.py
[2026-09-13T02:08:27.135+0000] {processor.py:809} INFO - DAG(s) dict_keys(['7-branching']) retrieved from /opt/airflow/dags/7_branch_pythoon_operator.py
[2026-09-13T02:08:27.199+0000] {logging_mixin.py:149} INFO - [2026-09-13T02:08:27.198+0000] {dag.py:2726} INFO - Sync 1 DAGs
[2026-09-13T02:08:27.243+0000] {logging_mixin.py:149} INFO - [2026-09-13T02:08:27.243+0000] {dag.py:3490} INFO - Setting next_dagrun for 7-branching to 2023-04-15T00:00:00+00:00, run_after=2023-04-16T00:00:00+00:00
[2026-09-13T02:08:27.270+0000] {processor.py:178} INFO - Processing /opt/airflow/dags/7_branch_pythoon_operator.py took 0.203 seconds
[2026-09-13T02:08:57.414+0000] {processor.py:156} INFO - Started process (PID=162355) to work on /opt/airflow/dags/7_branch_pythoon_operator.py
[2026-09-13T02:08:57.419+0000] {processor.py:799} INFO - Processing file /opt/airflow/dags/7_branch_pythoon_operator.py for tasks to queue
[2026-09-13T02:08:57.422+0000] {logging_mixin.py:149} INFO - [2026-09-13T02:08:57.421+0000] {dagbag.py:541} INFO - Filling up the DagBag from /opt/airflow/dags/7_branch_pythoon_operator.py
[2026-09-13T02:08:57.465+0000] {processor.py:809} INFO - DAG(s) dict_keys(['7-branching']) retrieved from /opt/airflow/dags/7_branch_pythoon_operator.py
[2026-09-13T02:08:57.555+0000] {logging_mixin.py:149} INFO - [2026-09-13T02:08:57.555+0000] {dag.py:2726} INFO - Sync 1 DAGs
[2026-09-13T02:08:57.659+0000] {logging_mixin.py:149} INFO - [2026-09-13T02:08:57.658+0000] {dag.py:3490} INFO - Setting next_dagrun for 7-branching to 2023-04-15T00:00:00+00:00, run_after=2023-04-16T00:00:00+00:00
[2026-09-13T02:08:57.731+0000] {processor.py:178} INFO - Processing /opt/airflow/dags/7_branch_pythoon_operator.py took 0.328 seconds
[2026-09-13T02:09:27.940+0000] {processor.py:156} INFO - Started process (PID=162370) to work on /opt/airflow/dags/7_branch_pythoon_operator.py
[2026-09-13T02:09:27.945+0000] {processor.py:799} INFO - Processing file /opt/airflow/dags/7_branch_pythoon_operator.py for tasks to queue
[2026-09-13T02:09:27.948+0000] {logging_mixin.py:149} INFO - [2026-09-13T02:09:27.948+0000] {dagbag.py:541} INFO - Filling up the DagBag from /opt/airflow/dags/7_branch_pythoon_operator.py
[2026-09-13T02:09:27.975+0000] {processor.py:809} INFO - DAG(s) dict_keys(['7-branching']) retrieved from /opt/airflow/dags/7_branch_pythoon_operator.py
[2026-09-13T02:09:28.034+0000] {logging_mixin.py:149} INFO - [2026-09-13T02:09:28.034+0000] {dag.py:2726} INFO - Sync 1 DAGs
[2026-09-13T02:09:28.082+0000] {logging_mixin.py:149} INFO - [2026-09-13T02:09:28.081+0000] {dag.py:3490} INFO - Setting next_dagrun for 7-branching to 2023-04-15T00:00:00+00:00, run_after=2023-04-16T00:00:00+00:00
[2026-09-13T02:09:28.150+0000] {processor.py:178} INFO - Processing /opt/airflow/dags/7_branch_pythoon_operator.py took 0.225 seconds
[2026-09-13T02:09:58.334+0000] {processor.py:156} INFO - Started process (PID=162383) to work on /opt/airflow/dags/7_branch_pythoon_operator.py
[2026-09-13T02:09:58.340+0000] {processor.py:799} INFO - Processing file /opt/airflow/dags/7_branch_pythoon_operator.py for tasks to queue
[2026-09-13T02:09:58.342+0000] {logging_mixin.py:149} INFO - [2026-09-13T02:09:58.342+0000] {dagbag.py:541} INFO - Filling up the DagBag from /opt/airflow/dags/7_branch_pythoon_operator.py
[2026-09-13T02:09:58.384+0000] {processor.py:809} INFO - DAG(s) dict_keys(['7-branching']) retrieved from /opt/airflow/dags/7_branch_pythoon_operator.py
[2026-09-13T02:09:58.468+0000] {logging_mixin.py:149} INFO - [2026-09-13T02:09:58.468+0000] {dag.py:2726} INFO - Sync 1 DAGs
[2026-09-13T02:09:58.508+0000] {logging_mixin.py:149} INFO - [2026-09-13T02:09:58.508+0000] {dag.py:3490} INFO - Setting next_dagrun for 7-branching to 2023-04-15T00:00:00+00:00, run_after=2023-04-16T00:00:00+00:00
[2026-09-13T02:09:58.535+0000] {processor.py:178} INFO - Processing /opt/airflow/dags/7_branch_pythoon_operator.py took 0.221 seconds
[2026-09-13T02:10:28.780+0000] {processor.py:156} INFO - Started process (PID=162397) to work on /opt/airflow/dags/7_branch_pythoon_operator.py
[2026-09-13T02:10:28.789+0000] {processor.py:799} INFO - Processing file /opt/airflow/dags/7_branch_pythoon_operator.py for tasks to queue
[2026-09-13T02:10:28.793+0000] {logging_mixin.py:149} INFO - [2026-09-13T02:10:28.792+0000] {dagbag.py:541} INFO - Filling up the DagBag from /opt/airflow/dags/7_branch_pythoon_operator.py
[2026-09-13T02:10:28.865+0000] {processor.py:809} INFO - DAG(s) dict_keys(['7-branching']) retrieved from /opt/airflow/dags/7_branch_pythoon_operator.py
[2026-09-13T02:10:28.934+0000] {logging_mixin.py:149} INFO - [2026-09-13T02:10:28.934+0000] {dag.py:2726} INFO - Sync 1 DAGs
[2026-09-13T02:10:28.970+0000] {logging_mixin.py:149} INFO - [2026-09-13T02:10:28.970+0000] {dag.py:3490} INFO - Setting next_dagrun for 7-branching to 2023-04-15T00:00:00+00:00, run_after=2023-04-16T00:00:00+00:00
[2026-09-13T02:10:28.995+0000] {processor.py:178} INFO - Processing /opt/airflow/dags/7_branch_pythoon_operator.py took 0.229 seconds
[2026-09-13T02:10:59.185+0000] {processor.py:156} INFO - Started process (PID=162411) to work on /opt/airflow/dags/7_branch_pythoon_operator.py
[2026-09-13T02:10:59.188+0000] {processor.py:799} INFO - Processing file /opt/airflow/dags/7_branch_pythoon_operator.py for tasks to queue
[2026-09-13T02:10:59.190+0000] {logging_mixin.py:149} INFO - [2026-09-13T02:10:59.190+0000] {dagbag.py:541} INFO - Filling up the DagBag from /opt/airflow/dags/7_branch_pythoon_operator.py
[2026-09-13T02:10:59.223+0000] {processor.py:809} INFO - DAG(s) dict_keys(['7-branching']) retrieved from /opt/airflow/dags/7_branch_pythoon_operator.py
[2026-09-13T02:10:59.289+0000] {logging_mixin.py:149} INFO - [2026-09-13T02:10:59.288+0000] {dag.py:2726} INFO - Sync 1 DAGs
[2026-09-13T02:10:59.346+0000] {logging_mixin.py:149} INFO - [2026-09-13T02:10:59.346+0000] {dag.py:3490} INFO - Setting next_dagrun for 7-branching to 2023-04-15T00:00:00+00:00, run_after=2023-04-16T00:00:00+00:00
[2026-09-13T02:10:59.416+0000] {processor.py:178} INFO - Processing /opt/airflow/dags/7_branch_pythoon_operator.py took 0.243 seconds
[2026-09-13T02:11:29.552+0000] {processor.py:156} INFO - Started process (PID=162425) to work on /opt/airflow/dags/7_branch_pythoon_operator.py
[2026-09-13T02:11:29.558+0000] {processor.py:799} INFO - Processing file /opt/airflow/dags/7_branch_pythoon_operator.py for tasks to queue
[2026-09-13T02:11:29.560+0000] {logging_mixin.py:149} INFO - [2026-09-13T02:11:29.560+0000] {dagbag.py:541} INFO - Filling up the DagBag from /opt/airflow/dags/7_branch_pythoon_operator.py
[2026-09-13T02:11:29.596+0000] {processor.py:809} INFO - DAG(s) dict_keys(['7-branching']) retrieved from /opt/airflow/dags/7_branch_pythoon_operator.py
[2026-09-13T02:11:29.670+0000] {logging_mixin.py:149} INFO - [2026-09-13T02:11:29.669+0000] {dag.py:2726} INFO - Sync 1 DAGs
[2026-09-13T02:11:29.730+0000] {logging_mixin.py:149} INFO - [2026-09-13T02:11:29.729+0000] {dag.py:3490} INFO - Setting next_dagrun for 7-branching to 2023-04-15T00:00:00+00:00, run_after=2023-04-16T00:00:00+00:00
[2026-09-13T02:11:29.768+0000] {processor.py:178} INFO - Processing /opt/airflow/dags/7_branch_pythoon_operator.py took 0.228 seconds
[2026-09-13T02:12:00.032+0000] {processor.py:156} INFO - Started process (PID=162439) to work on /opt/airflow/dags/7_branch_pythoon_operator.py
[2026-09-13T02:12:00.037+0000] {processor.py:799} INFO - Processing file /opt/airflow/dags/7_branch_pythoon_operator.py for tasks to queue
[2026-09-13T02:12:00.039+0000] {logging_mixin.py:149} INFO - [2026-09-13T02:12:00.038+0000] {dagbag.py:541} INFO - Filling up the DagBag from /opt/airflow/dags/7_branch_pythoon_operator.py
[2026-09-13T02:12:00.083+0000] {processor.py:809} INFO - DAG(s) dict_keys(['7-branching']) retrieved from /opt/airflow/dags/7_branch_pythoon_operator.py
[2026-09-13T02:12:00.182+0000] {logging_mixin.py:149} INFO - [2026-09-13T02:12:00.182+0000] {dag.py:2726} INFO - Sync 1 DAGs
[2026-09-13T02:12:00.244+0000] {logging_mixin.py:149} INFO - [2026-09-13T02:12:00.243+0000] {dag.py:3490} INFO - Setting next_dagrun for 7-branching to 2023-04-15T00:00:00+00:00, run_after=2023-04-16T00:00:00+00:00
[2026-09-13T02:12:00.331+0000] {processor.py:178} INFO - Processing /opt/airflow/dags/7_branch_pythoon_operator.py took 0.313 seconds
[2026-09-13T02:12:30.525+0000] {processor.py:156} INFO - Started process (PID=162453) to work on /opt/airflow/dags/7_branch_pythoon_operator.py
[2026-09-13T02:12:30.528+0000] {processor.py:799} INFO - Processing file /opt/airflow/dags/7_branch_pythoon_operator.py for tasks to queue
[2026-09-13T02:12:30.530+0000] {logging_mixin.py:149} INFO - [2026-09-13T02:12:30.530+0000] {dagbag.py:541} INFO - Filling up the DagBag from /opt/airflow/dags/7_branch_pythoon_operator.py
[2026-09-13T02:12:30.569+0000] {processor.py:809} INFO - DAG(s) dict_keys(['7-branching']) retrieved from /opt/airflow/dags/7_branch_pythoon_operator.py
[2026-09-13T02:12:30.647+0000] {logging_mixin.py:149} INFO - [2026-09-13T02:12:30.647+0000] {dag.py:2726} INFO - Sync 1 DAGs
[2026-09-13T02:12:30.720+0000] {logging_mixin.py:149} INFO - [2026-09-13T02:12:30.719+0000] {dag.py:3490} INFO - Setting next_dagrun for 7-branching to 2023-04-15T00:00:00+00:00, run_after=2023-04-16T00:00:00+00:00
[2026-09-13T02:12:30.760+0000] {processor.py:178} INFO - Processing /opt/airflow/dags/7_branch_pythoon_operator.py took 0.244 seconds
[2026-09-13T02:13:00.885+0000] {processor.py:156} INFO - Started process (PID=162468) to work on /opt/airflow/dags/7_branch_pythoon_operator.py
[2026-09-13T02:13:00.890+0000] {processor.py:799} INFO - Processing file /opt/airflow/dags/7_branch_pythoon_operator.py for tasks to queue
[2026-09-13T02:13:00.892+0000] {logging_mixin.py:149} INFO - [2026-09-13T02:13:00.891+0000] {dagbag.py:541} INFO - Filling up the DagBag from /opt/airflow/dags/7_branch_pythoon_operator.py
[2026-09-13T02:13:00.926+0000] {processor.py:809} INFO - DAG(s) dict_keys(['7-branching']) retrieved from /opt/airflow/dags/7_branch_pythoon_operator.py
[2026-09-13T02:13:00.986+0000] {logging_mixin.py:149} INFO - [2026-09-13T02:13:00.986+0000] {dag.py:2726} INFO - Sync 1 DAGs
[2026-09-13T02:13:01.024+0000] {logging_mixin.py:149} INFO - [2026-09-13T02:13:01.023+0000] {dag.py:3490} INFO - Setting next_dagrun for 7-branching to 2023-04-15T00:00:00+00:00, run_after=2023-04-16T00:00:00+00:00
[2026-09-13T02:13:01.052+0000] {processor.py:178} INFO - Processing /opt/airflow/dags/7_branch_pythoon_operator.py took 0.178 seconds
[2026-09-13T02:13:31.164+0000] {processor.py:156} INFO - Started process (PID=162482) to work on /opt/airflow/dags/7_branch_pythoon_operator.py
[2026-09-13T02:13:31.168+0000] {processor.py:799} INFO - Processing file /opt/airflow/dags/7_branch_pythoon_operator.py for tasks to queue
[2026-09-13T02:13:31.169+0000] {logging_mixin.py:149} INFO - [2026-09-13T02:13:31.169+0000] {dagbag.py:541} INFO - Filling up the DagBag from /opt/airflow/dags/7_branch_pythoon_operator.py
[2026-09-13T02:13:31.226+0000] {processor.py:809} INFO - DAG(s) dict_keys(['7-branching']) retrieved from /opt/airflow/dags/7_branch_pythoon_operator.py
[2026-09-13T02:13:31.304+0000] {logging_mixin.py:149} INFO - [2026-09-13T02:13:31.304+0000] {dag.py:2726} INFO - Sync 1 DAGs
[2026-09-13T02:13:31.364+0000] {logging_mixin.py:149} INFO - [2026-09-13T02:13:31.363+0000] {dag.py:3490} INFO - Setting next_dagrun for 7-branching to 2023-04-15T00:00:00+00:00, run_after=2023-04-16T00:00:00+00:00
[2026-09-13T02:13:31.397+0000] {processor.py:178} INFO - Processing /opt/airflow/dags/7_branch_pythoon_operator.py took 0.240 seconds
[2026-09-13T02:14:01.709+0000] {processor.py:156} INFO - Started process (PID=162496) to work on /opt/airflow/dags/7_branch_pythoon_operator.py
[2026-09-13T02:14:01.715+0000] {processor.py:799} INFO - Processing file /opt/airflow/dags/7_branch_pythoon_operator.py for tasks to queue
[2026-09-13T02:14:01.717+0000] {logging_mixin.py:149} INFO - [2026-09-13T02:14:01.717+0000] {dagbag.py:541} INFO - Filling up the DagBag from /opt/airflow/dags/7_branch_pythoon_operator.py
[2026-09-13T02:14:01.751+0000] {processor.py:809} INFO - DAG(s) dict_keys(['7-branching']) retrieved from /opt/airflow/dags/7_branch_pythoon_operator.py
[2026-09-13T02:14:01.856+0000] {logging_mixin.py:149} INFO - [2026-09-13T02:14:01.856+0000] {dag.py:2726} INFO - Sync 1 DAGs
[2026-09-13T02:14:01.927+0000] {logging_mixin.py:149} INFO - [2026-09-13T02:14:01.927+0000] {dag.py:3490} INFO - Setting next_dagrun for 7-branching to 2023-04-15T00:00:00+00:00, run_after=2023-04-16T00:00:00+00:00
[2026-09-13T02:14:01.992+0000] {processor.py:178} INFO - Processing /opt/airflow/dags/7_branch_pythoon_operator.py took 0.294 seconds
[2026-09-13T02:14:32.182+0000] {processor.py:156} INFO - Started process (PID=162510) to work on /opt/airflow/dags/7_branch_pythoon_operator.py
[2026-09-13T02:14:32.186+0000] {processor.py:799} INFO - Processing file /opt/airflow/dags/7_branch_pythoon_operator.py for tasks to queue
[2026-09-13T02:14:32.188+0000] {logging_mixin.py:149} INFO - [2026-09-13T02:14:32.188+0000] {dagbag.py:541} INFO - Filling up the DagBag from /opt/airflow/dags/7_branch_pythoon_operator.py
[2026-09-13T02:14:32.223+0000] {processor.py:809} INFO - DAG(s) dict_keys(['7-branching']) retrieved from /opt/airflow/dags/7_branch_pythoon_operator.py
[2026-09-13T02:14:32.318+0000] {logging_mixin.py:149} INFO - [2026-09-13T02:14:32.318+0000] {dag.py:2726} INFO - Sync 1 DAGs
[2026-09-13T02:14:32.385+0000] {logging_mixin.py:149} INFO - [2026-09-13T02:14:32.384+0000] {dag.py:3490} INFO - Setting next_dagrun for 7-branching to 2023-04-15T00:00:00+00:00, run_after=2023-04-16T00:00:00+00:00
[2026-09-13T02:14:32.461+0000] {processor.py:178} INFO - Processing /opt/airflow/dags/7_branch_pythoon_operator.py took 0.291 seconds
[2026-09-13T02:15:02.654+0000] {processor.py:156} INFO - Started process (PID=162523) to work on /opt/airflow/dags/7_branch_pythoon_operator.py
[2026-09-13T02:15:02.659+0000] {processor.py:799} INFO - Processing file /opt/airflow/dags/7_branch_pythoon_operator.py for tasks to queue
[2026-09-13T02:15:02.661+0000] {logging_mixin.py:149} INFO - [2026-09-13T02:15:02.661+0000] {dagbag.py:541} INFO - Filling up the DagBag from /opt/airflow/dags/7_branch_pythoon_operator.py
[2026-09-13T02:15:02.701+0000] {processor.py:809} INFO - DAG(s) dict_keys(['7-branching']) retrieved from /opt/airflow/dags/7_branch_pythoon_operator.py
[2026-09-13T02:15:02.796+0000] {logging_mixin.py:149} INFO - [2026-09-13T02:15:02.795+0000] {dag.py:2726} INFO - Sync 1 DAGs
[2026-09-13T02:15:02.880+0000] {logging_mixin.py:149} INFO - [2026-09-13T02:15:02.880+0000] {dag.py:3490} INFO - Setting next_dagrun for 7-branching to 2023-04-15T00:00:00+00:00, run_after=2023-04-16T00:00:00+00:00
[2026-09-13T02:15:02.948+0000] {processor.py:178} INFO - Processing /opt/airflow/dags/7_branch_pythoon_operator.py took 0.304 seconds
[2026-09-13T02:15:33.195+0000] {processor.py:156} INFO - Started process (PID=162537) to work on /opt/airflow/dags/7_branch_pythoon_operator.py
[2026-09-13T02:15:33.203+0000] {processor.py:799} INFO - Processing file /opt/airflow/dags/7_branch_pythoon_operator.py for tasks to queue
[2026-09-13T02:15:33.204+0000] {logging_mixin.py:149} INFO - [2026-09-13T02:15:33.204+0000] {dagbag.py:541} INFO - Filling up the DagBag from /opt/airflow/dags/7_branch_pythoon_operator.py
[2026-09-13T02:15:33.223+0000] {processor.py:809} INFO - DAG(s) dict_keys(['7-branching']) retrieved from /opt/airflow/dags/7_branch_pythoon_operator.py
[2026-09-13T02:15:33.304+0000] {logging_mixin.py:149} INFO - [2026-09-13T02:15:33.304+0000] {dag.py:2726} INFO - Sync 1 DAGs
[2026-09-13T02:15:33.369+0000] {logging_mixin.py:149} INFO - [2026-09-13T02:15:33.369+0000] {dag.py:3490} INFO - Setting next_dagrun for 7-branching to 2023-04-15T00:00:00+00:00, run_after=2023-04-16T00:00:00+00:00
[2026-09-13T02:15:33.428+0000] {processor.py:178} INFO - Processing /opt/airflow/dags/7_branch_pythoon_operator.py took 0.241 seconds
[2026-09-13T02:16:03.690+0000] {processor.py:156} INFO - Started process (PID=162551) to work on /opt/airflow/dags/7_branch_pythoon_operator.py
[2026-09-13T02:16:03.693+0000] {processor.py:799} INFO - Processing file /opt/airflow/dags/7_branch_pythoon_operator.py for tasks to queue
[2026-09-13T02:16:03.695+0000] {logging_mixin.py:149} INFO - [2026-09-13T02:16:03.694+0000] {dagbag.py:541} INFO - Filling up the DagBag from /opt/airflow/dags/7_branch_pythoon_operator.py
[2026-09-13T02:16:03.727+0000] {processor.py:809} INFO - DAG(s) dict_keys(['7-branching']) retrieved from /opt/airflow/dags/7_branch_pythoon_operator.py
[2026-09-13T02:16:03.825+0000] {logging_mixin.py:149} INFO - [2026-09-13T02:16:03.825+0000] {dag.py:2726} INFO - Sync 1 DAGs
[2026-09-13T02:16:03.894+0000] {logging_mixin.py:149} INFO - [2026-09-13T02:16:03.894+0000] {dag.py:3490} INFO - Setting next_dagrun for 7-branching to 2023-04-15T00:00:00+00:00, run_after=2023-04-16T00:00:00+00:00
[2026-09-13T02:16:03.959+0000] {processor.py:178} INFO - Processing /opt/airflow/dags/7_branch_pythoon_operator.py took 0.280 seconds
[2026-09-13T02:16:34.306+0000] {processor.py:156} INFO - Started process (PID=162567) to work on /opt/airflow/dags/7_branch_pythoon_operator.py
[2026-09-13T02:16:34.313+0000] {processor.py:799} INFO - Processing file /opt/airflow/dags/7_branch_pythoon_operator.py for tasks to queue
[2026-09-13T02:16:34.315+0000] {logging_mixin.py:149} INFO - [2026-09-13T02:16:34.315+0000] {dagbag.py:541} INFO - Filling up the DagBag from /opt/airflow/dags/7_branch_pythoon_operator.py
[2026-09-13T02:16:34.353+0000] {processor.py:809} INFO - DAG(s) dict_keys(['7-branching']) retrieved from /opt/airflow/dags/7_branch_pythoon_operator.py
[2026-09-13T02:16:34.430+0000] {logging_mixin.py:149} INFO - [2026-09-13T02:16:34.429+0000] {dag.py:2726} INFO - Sync 1 DAGs
[2026-09-13T02:16:34.493+0000] {logging_mixin.py:149} INFO - [2026-09-13T02:16:34.492+0000] {dag.py:3490} INFO - Setting next_dagrun for 7-branching to 2023-04-15T00:00:00+00:00, run_after=2023-04-16T00:00:00+00:00
[2026-09-13T02:16:34.553+0000] {processor.py:178} INFO - Processing /opt/airflow/dags/7_branch_pythoon_operator.py took 0.261 seconds
[2026-09-13T02:17:04.791+0000] {processor.py:156} INFO - Started process (PID=162580) to work on /opt/airflow/dags/7_branch_pythoon_operator.py
[2026-09-13T02:17:04.795+0000] {processor.py:799} INFO - Processing file /opt/airflow/dags/7_branch_pythoon_operator.py for tasks to queue
[2026-09-13T02:17:04.797+0000] {logging_mixin.py:149} INFO - [2026-09-13T02:17:04.797+0000] {dagbag.py:541} INFO - Filling up the DagBag from /opt/airflow/dags/7_branch_pythoon_operator.py
[2026-09-13T02:17:04.831+0000] {processor.py:809} INFO - DAG(s) dict_keys(['7-branching']) retrieved from /opt/airflow/dags/7_branch_pythoon_operator.py
[2026-09-13T02:17:04.886+0000] {logging_mixin.py:149} INFO - [2026-09-13T02:17:04.886+0000] {dag.py:2726} INFO - Sync 1 DAGs
[2026-09-13T02:17:04.950+0000] {logging_mixin.py:149} INFO - [2026-09-13T02:17:04.950+0000] {dag.py:3490} INFO - Setting next_dagrun for 7-branching to 2023-04-15T00:00:00+00:00, run_after=2023-04-16T00:00:00+00:00
[2026-09-13T02:17:05.021+0000] {processor.py:178} INFO - Processing /opt/airflow/dags/7_branch_pythoon_operator.py took 0.241 seconds
[2026-09-13T02:17:35.191+0000] {processor.py:156} INFO - Started process (PID=162594) to work on /opt/airflow/dags/7_branch_pythoon_operator.py
[2026-09-13T02:17:35.195+0000] {processor.py:799} INFO - Processing file /opt/airflow/dags/7_branch_pythoon_operator.py for tasks to queue
[2026-09-13T02:17:35.197+0000] {logging_mixin.py:149} INFO - [2026-09-13T02:17:35.197+0000] {dagbag.py:541} INFO - Filling up the DagBag from /opt/airflow/dags/7_branch_pythoon_operator.py
[2026-09-13T02:17:35.232+0000] {processor.py:809} INFO - DAG(s) dict_keys(['7-branching']) retrieved from /opt/airflow/dags/7_branch_pythoon_operator.py
[2026-09-13T02:17:35.335+0000] {logging_mixin.py:149} INFO - [2026-09-13T02:17:35.334+0000] {dag.py:2726} INFO - Sync 1 DAGs
[2026-09-13T02:17:35.419+0000] {logging_mixin.py:149} INFO - [2026-09-13T02:17:35.418+0000] {dag.py:3490} INFO - Setting next_dagrun for 7-branching to 2023-04-15T00:00:00+00:00, run_after=2023-04-16T00:00:00+00:00
[2026-09-13T02:17:35.485+0000] {processor.py:178} INFO - Processing /opt/airflow/dags/7_branch_pythoon_operator.py took 0.304 seconds
[2026-09-13T02:18:05.613+0000] {processor.py:156} INFO - Started process (PID=162608) to work on /opt/airflow/dags/7_branch_pythoon_operator.py
[2026-09-13T02:18:05.615+0000] {processor.py:799} INFO - Processing file /opt/airflow/dags/7_branch_pythoon_operator.py for tasks to queue
[2026-09-13T02:18:05.616+0000] {logging_mixin.py:149} INFO - [2026-09-13T02:18:05.616+0000] {dagbag.py:541} INFO - Filling up the DagBag from /opt/airflow/dags/7_branch_pythoon_operator.py
[2026-09-13T02:18:05.634+0000] {processor.py:809} INFO - DAG(s) dict_keys(['7-branching']) retrieved from /opt/airflow/dags/7_branch_pythoon_operator.py
[2026-09-13T02:18:05.729+0000] {logging_mixin.py:149} INFO - [2026-09-13T02:18:05.729+0000] {dag.py:2726} INFO - Sync 1 DAGs
[2026-09-13T02:18:05.817+0000] {logging_mixin.py:149} INFO - [2026-09-13T02:18:05.816+0000] {dag.py:3490} INFO - Setting next_dagrun for 7-branching to 2023-04-15T00:00:00+00:00, run_after=2023-04-16T00:00:00+00:00
[2026-09-13T02:18:05.883+0000] {processor.py:178} INFO - Processing /opt/airflow/dags/7_branch_pythoon_operator.py took 0.276 seconds
[2026-09-13T02:18:36.087+0000] {processor.py:156} INFO - Started process (PID=162623) to work on /opt/airflow/dags/7_branch_pythoon_operator.py
[2026-09-13T02:18:36.090+0000] {processor.py:799} INFO - Processing file /opt/airflow/dags/7_branch_pythoon_operator.py for tasks to queue
[2026-09-13T02:18:36.092+0000] {logging_mixin.py:149} INFO - [2026-09-13T02:18:36.091+0000] {dagbag.py:541} INFO - Filling up the DagBag from /opt/airflow/dags/7_branch_pythoon_operator.py
[2026-09-13T02:18:36.133+0000] {processor.py:809} INFO - DAG(s) dict_keys(['7-branching']) retrieved from /opt/airflow/dags/7_branch_pythoon_operator.py
[2026-09-13T02:18:36.221+0000] {logging_mixin.py:149} INFO - [2026-09-13T02:18:36.221+0000] {dag.py:2726} INFO - Sync 1 DAGs
[2026-09-13T02:18:36.283+0000] {logging_mixin.py:149} INFO - [2026-09-13T02:18:36.282+0000] {dag.py:3490} INFO - Setting next_dagrun for 7-branching to 2023-04-15T00:00:00+00:00, run_after=2023-04-16T00:00:00+00:00
[2026-09-13T02:18:36.379+0000] {processor.py:178} INFO - Processing /opt/airflow/dags/7_branch_pythoon_operator.py took 0.300 seconds
[2026-09-13T02:19:06.606+0000] {processor.py:156} INFO - Started process (PID=162644) to work on /opt/airflow/dags/7_branch_pythoon_operator.py
[2026-09-13T02:19:06.611+0000] {processor.py:799} INFO - Processing file /opt/airflow/dags/7_branch_pythoon_operator.py for tasks to queue
[2026-09-13T02:19:06.614+0000] {logging_mixin.py:149} INFO - [2026-09-13T02:19:06.613+0000] {dagbag.py:541} INFO - Filling up the DagBag from /opt/airflow/dags/7_branch_pythoon_operator.py
[2026-09-13T02:19:06.648+0000] {processor.py:809} INFO - DAG(s) dict_keys(['7-branching']) retrieved from /opt/airflow/dags/7_branch_pythoon_operator.py
[2026-09-13T02:19:06.735+0000] {logging_mixin.py:149} INFO - [2026-09-13T02:19:06.734+0000] {dag.py:2726} INFO - Sync 1 DAGs
[2026-09-13T02:19:06.818+0000] {logging_mixin.py:149} INFO - [2026-09-13T02:19:06.817+0000] {dag.py:3490} INFO - Setting next_dagrun for 7-branching to 2023-04-15T00:00:00+00:00, run_after=2023-04-16T00:00:00+00:00
[2026-09-13T02:19:06.876+0000] {processor.py:178} INFO - Processing /opt/airflow/dags/7_branch_pythoon_operator.py took 0.282 seconds
[2026-09-13T02:19:37.035+0000] {processor.py:156} INFO - Started process (PID=162657) to work on /opt/airflow/dags/7_branch_pythoon_operator.py
[2026-09-13T02:19:37.038+0000] {processor.py:799} INFO - Processing file /opt/airflow/dags/7_branch_pythoon_operator.py for tasks to queue
[2026-09-13T02:19:37.040+0000] {logging_mixin.py:149} INFO - [2026-09-13T02:19:37.040+0000] {dagbag.py:541} INFO - Filling up the DagBag from /opt/airflow/dags/7_branch_pythoon_operator.py
[2026-09-13T02:19:37.077+0000] {processor.py:809} INFO - DAG(s) dict_keys(['7-branching']) retrieved from /opt/airflow/dags/7_branch_pythoon_operator.py
[2026-09-13T02:19:37.156+0000] {logging_mixin.py:149} INFO - [2026-09-13T02:19:37.156+0000] {dag.py:2726} INFO - Sync 1 DAGs
[2026-09-13T02:19:37.215+0000] {logging_mixin.py:149} INFO - [2026-09-13T02:19:37.214+0000] {dag.py:3490} INFO - Setting next_dagrun for 7-branching to 2023-04-15T00:00:00+00:00, run_after=2023-04-16T00:00:00+00:00
[2026-09-13T02:19:37.281+0000] {processor.py:178} INFO - Processing /opt/airflow/dags/7_branch_pythoon_operator.py took 0.261 seconds
[2026-09-13T02:20:07.420+0000] {processor.py:156} INFO - Started process (PID=162671) to work on /opt/airflow/dags/7_branch_pythoon_operator.py
[2026-09-13T02:20:07.426+0000] {processor.py:799} INFO - Processing file /opt/airflow/dags/7_branch_pythoon_operator.py for tasks to queue
[2026-09-13T02:20:07.427+0000] {logging_mixin.py:149} INFO - [2026-09-13T02:20:07.427+0000] {dagbag.py:541} INFO - Filling up the DagBag from /opt/airflow/dags/7_branch_pythoon_operator.py
[2026-09-13T02:20:07.467+0000] {processor.py:809} INFO - DAG(s) dict_keys(['7-branching']) retrieved from /opt/airflow/dags/7_branch_pythoon_operator.py
[2026-09-13T02:20:07.566+0000] {logging_mixin.py:149} INFO - [2026-09-13T02:20:07.566+0000] {dag.py:2726} INFO - Sync 1 DAGs
[2026-09-13T02:20:07.645+0000] {logging_mixin.py:149} INFO - [2026-09-13T02:20:07.644+0000] {dag.py:3490} INFO - Setting next_dagrun for 7-branching to 2023-04-15T00:00:00+00:00, run_after=2023-04-16T00:00:00+00:00
[2026-09-13T02:20:07.719+0000] {processor.py:178} INFO - Processing /opt/airflow/dags/7_branch_pythoon_operator.py took 0.311 seconds
[2026-09-13T02:20:37.812+0000] {processor.py:156} INFO - Started process (PID=162685) to work on /opt/airflow/dags/7_branch_pythoon_operator.py
[2026-09-13T02:20:37.815+0000] {processor.py:799} INFO - Processing file /opt/airflow/dags/7_branch_pythoon_operator.py for tasks to queue
[2026-09-13T02:20:37.817+0000] {logging_mixin.py:149} INFO - [2026-09-13T02:20:37.817+0000] {dagbag.py:541} INFO - Filling up the DagBag from /opt/airflow/dags/7_branch_pythoon_operator.py
[2026-09-13T02:20:37.853+0000] {processor.py:809} INFO - DAG(s) dict_keys(['7-branching']) retrieved from /opt/airflow/dags/7_branch_pythoon_operator.py
[2026-09-13T02:20:37.925+0000] {logging_mixin.py:149} INFO - [2026-09-13T02:20:37.925+0000] {dag.py:2726} INFO - Sync 1 DAGs
[2026-09-13T02:20:37.972+0000] {logging_mixin.py:149} INFO - [2026-09-13T02:20:37.971+0000] {dag.py:3490} INFO - Setting next_dagrun for 7-branching to 2023-04-15T00:00:00+00:00, run_after=2023-04-16T00:00:00+00:00
[2026-09-13T02:20:38.000+0000] {processor.py:178} INFO - Processing /opt/airflow/dags/7_branch_pythoon_operator.py took 0.200 seconds
[2026-09-13T02:21:08.339+0000] {processor.py:156} INFO - Started process (PID=162699) to work on /opt/airflow/dags/7_branch_pythoon_operator.py
[2026-09-13T02:21:08.346+0000] {processor.py:799} INFO - Processing file /opt/airflow/dags/7_branch_pythoon_operator.py for tasks to queue
[2026-09-13T02:21:08.348+0000] {logging_mixin.py:149} INFO - [2026-09-13T02:21:08.348+0000] {dagbag.py:541} INFO - Filling up the DagBag from /opt/airflow/dags/7_branch_pythoon_operator.py
[2026-09-13T02:21:08.386+0000] {processor.py:809} INFO - DAG(s) dict_keys(['7-branching']) retrieved from /opt/airflow/dags/7_branch_pythoon_operator.py
[2026-09-13T02:21:08.481+0000] {logging_mixin.py:149} INFO - [2026-09-13T02:21:08.481+0000] {dag.py:2726} INFO - Sync 1 DAGs
[2026-09-13T02:21:08.549+0000] {logging_mixin.py:149} INFO - [2026-09-13T02:21:08.549+0000] {dag.py:3490} INFO - Setting next_dagrun for 7-branching to 2023-04-15T00:00:00+00:00, run_after=2023-04-16T00:00:00+00:00
[2026-09-13T02:21:08.610+0000] {processor.py:178} INFO - Processing /opt/airflow/dags/7_branch_pythoon_operator.py took 0.287 seconds
[2026-09-13T02:21:38.810+0000] {processor.py:156} INFO - Started process (PID=162713) to work on /opt/airflow/dags/7_branch_pythoon_operator.py
[2026-09-13T02:21:38.822+0000] {processor.py:799} INFO - Processing file /opt/airflow/dags/7_branch_pythoon_operator.py for tasks to queue
[2026-09-13T02:21:38.823+0000] {logging_mixin.py:149} INFO - [2026-09-13T02:21:38.823+0000] {dagbag.py:541} INFO - Filling up the DagBag from /opt/airflow/dags/7_branch_pythoon_operator.py
[2026-09-13T02:21:38.865+0000] {processor.py:809} INFO - DAG(s) dict_keys(['7-branching']) retrieved from /opt/airflow/dags/7_branch_pythoon_operator.py
[2026-09-13T02:21:38.914+0000] {logging_mixin.py:149} INFO - [2026-09-13T02:21:38.914+0000] {dag.py:2726} INFO - Sync 1 DAGs
[2026-09-13T02:21:38.957+0000] {logging_mixin.py:149} INFO - [2026-09-13T02:21:38.957+0000] {dag.py:3490} INFO - Setting next_dagrun for 7-branching to 2023-04-15T00:00:00+00:00, run_after=2023-04-16T00:00:00+00:00
[2026-09-13T02:21:38.988+0000] {processor.py:178} INFO - Processing /opt/airflow/dags/7_branch_pythoon_operator.py took 0.183 seconds
[2026-09-13T02:22:09.194+0000] {processor.py:156} INFO - Started process (PID=162727) to work on /opt/airflow/dags/7_branch_pythoon_operator.py
[2026-09-13T02:22:09.198+0000] {processor.py:799} INFO - Processing file /opt/airflow/dags/7_branch_pythoon_operator.py for tasks to queue
[2026-09-13T02:22:09.201+0000] {logging_mixin.py:149} INFO - [2026-09-13T02:22:09.201+0000] {dagbag.py:541} INFO - Filling up the DagBag from /opt/airflow/dags/7_branch_pythoon_operator.py
[2026-09-13T02:22:09.236+0000] {processor.py:809} INFO - DAG(s) dict_keys(['7-branching']) retrieved from /opt/airflow/dags/7_branch_pythoon_operator.py
[2026-09-13T02:22:09.330+0000] {logging_mixin.py:149} INFO - [2026-09-13T02:22:09.330+0000] {dag.py:2726} INFO - Sync 1 DAGs
[2026-09-13T02:22:09.413+0000] {logging_mixin.py:149} INFO - [2026-09-13T02:22:09.412+0000] {dag.py:3490} INFO - Setting next_dagrun for 7-branching to 2023-04-15T00:00:00+00:00, run_after=2023-04-16T00:00:00+00:00
[2026-09-13T02:22:09.480+0000] {processor.py:178} INFO - Processing /opt/airflow/dags/7_branch_pythoon_operator.py took 0.296 seconds
[2026-09-13T02:22:39.764+0000] {processor.py:156} INFO - Started process (PID=162741) to work on /opt/airflow/dags/7_branch_pythoon_operator.py
[2026-09-13T02:22:39.769+0000] {processor.py:799} INFO - Processing file /opt/airflow/dags/7_branch_pythoon_operator.py for tasks to queue
[2026-09-13T02:22:39.771+0000] {logging_mixin.py:149} INFO - [2026-09-13T02:22:39.771+0000] {dagbag.py:541} INFO - Filling up the DagBag from /opt/airflow/dags/7_branch_pythoon_operator.py
[2026-09-13T02:22:39.807+0000] {processor.py:809} INFO - DAG(s) dict_keys(['7-branching']) retrieved from /opt/airflow/dags/7_branch_pythoon_operator.py
[2026-09-13T02:22:39.875+0000] {logging_mixin.py:149} INFO - [2026-09-13T02:22:39.875+0000] {dag.py:2726} INFO - Sync 1 DAGs
[2026-09-13T02:22:39.914+0000] {logging_mixin.py:149} INFO - [2026-09-13T02:22:39.914+0000] {dag.py:3490} INFO - Setting next_dagrun for 7-branching to 2023-04-15T00:00:00+00:00, run_after=2023-04-16T00:00:00+00:00
[2026-09-13T02:22:39.949+0000] {processor.py:178} INFO - Processing /opt/airflow/dags/7_branch_pythoon_operator.py took 0.198 seconds
[2026-09-13T02:23:10.229+0000] {processor.py:156} INFO - Started process (PID=162755) to work on /opt/airflow/dags/7_branch_pythoon_operator.py
[2026-09-13T02:23:10.232+0000] {processor.py:799} INFO - Processing file /opt/airflow/dags/7_branch_pythoon_operator.py for tasks to queue
[2026-09-13T02:23:10.234+0000] {logging_mixin.py:149} INFO - [2026-09-13T02:23:10.234+0000] {dagbag.py:541} INFO - Filling up the DagBag from /opt/airflow/dags/7_branch_pythoon_operator.py
[2026-09-13T02:23:10.266+0000] {processor.py:809} INFO - DAG(s) dict_keys(['7-branching']) retrieved from /opt/airflow/dags/7_branch_pythoon_operator.py
[2026-09-13T02:23:10.332+0000] {logging_mixin.py:149} INFO - [2026-09-13T02:23:10.332+0000] {dag.py:2726} INFO - Sync 1 DAGs
[2026-09-13T02:23:10.376+0000] {logging_mixin.py:149} INFO - [2026-09-13T02:23:10.375+0000] {dag.py:3490} INFO - Setting next_dagrun for 7-branching to 2023-04-15T00:00:00+00:00, run_after=2023-04-16T00:00:00+00:00
[2026-09-13T02:23:10.404+0000] {processor.py:178} INFO - Processing /opt/airflow/dags/7_branch_pythoon_operator.py took 0.184 seconds
[2026-09-13T02:23:40.615+0000] {processor.py:156} INFO - Started process (PID=162769) to work on /opt/airflow/dags/7_branch_pythoon_operator.py
[2026-09-13T02:23:40.619+0000] {processor.py:799} INFO - Processing file /opt/airflow/dags/7_branch_pythoon_operator.py for tasks to queue
[2026-09-13T02:23:40.620+0000] {logging_mixin.py:149} INFO - [2026-09-13T02:23:40.620+0000] {dagbag.py:541} INFO - Filling up the DagBag from /opt/airflow/dags/7_branch_pythoon_operator.py
[2026-09-13T02:23:40.653+0000] {processor.py:809} INFO - DAG(s) dict_keys(['7-branching']) retrieved from /opt/airflow/dags/7_branch_pythoon_operator.py
[2026-09-13T02:23:40.743+0000] {logging_mixin.py:149} INFO - [2026-09-13T02:23:40.743+0000] {dag.py:2726} INFO - Sync 1 DAGs
[2026-09-13T02:23:40.820+0000] {logging_mixin.py:149} INFO - [2026-09-13T02:23:40.819+0000] {dag.py:3490} INFO - Setting next_dagrun for 7-branching to 2023-04-15T00:00:00+00:00, run_after=2023-04-16T00:00:00+00:00
[2026-09-13T02:23:40.887+0000] {processor.py:178} INFO - Processing /opt/airflow/dags/7_branch_pythoon_operator.py took 0.283 seconds
[2026-09-13T02:24:11.094+0000] {processor.py:156} INFO - Started process (PID=162783) to work on /opt/airflow/dags/7_branch_pythoon_operator.py
[2026-09-13T02:24:11.099+0000] {processor.py:799} INFO - Processing file /opt/airflow/dags/7_branch_pythoon_operator.py for tasks to queue
[2026-09-13T02:24:11.100+0000] {logging_mixin.py:149} INFO - [2026-09-13T02:24:11.100+0000] {dagbag.py:541} INFO - Filling up the DagBag from /opt/airflow/dags/7_branch_pythoon_operator.py
[2026-09-13T02:24:11.135+0000] {processor.py:809} INFO - DAG(s) dict_keys(['7-branching']) retrieved from /opt/airflow/dags/7_branch_pythoon_operator.py
[2026-09-13T02:24:11.194+0000] {logging_mixin.py:149} INFO - [2026-09-13T02:24:11.194+0000] {dag.py:2726} INFO - Sync 1 DAGs
[2026-09-13T02:24:11.264+0000] {logging_mixin.py:149} INFO - [2026-09-13T02:24:11.264+0000] {dag.py:3490} INFO - Setting next_dagrun for 7-branching to 2023-04-15T00:00:00+00:00, run_after=2023-04-16T00:00:00+00:00
[2026-09-13T02:24:11.326+0000] {processor.py:178} INFO - Processing /opt/airflow/dags/7_branch_pythoon_operator.py took 0.243 seconds
[2026-09-13T02:24:41.585+0000] {processor.py:156} INFO - Started process (PID=162797) to work on /opt/airflow/dags/7_branch_pythoon_operator.py
[2026-09-13T02:24:41.597+0000] {processor.py:799} INFO - Processing file /opt/airflow/dags/7_branch_pythoon_operator.py for tasks to queue
[2026-09-13T02:24:41.600+0000] {logging_mixin.py:149} INFO - [2026-09-13T02:24:41.599+0000] {dagbag.py:541} INFO - Filling up the DagBag from /opt/airflow/dags/7_branch_pythoon_operator.py
[2026-09-13T02:24:41.639+0000] {processor.py:809} INFO - DAG(s) dict_keys(['7-branching']) retrieved from /opt/airflow/dags/7_branch_pythoon_operator.py
[2026-09-13T02:24:41.731+0000] {logging_mixin.py:149} INFO - [2026-09-13T02:24:41.730+0000] {dag.py:2726} INFO - Sync 1 DAGs
[2026-09-13T02:24:41.795+0000] {logging_mixin.py:149} INFO - [2026-09-13T02:24:41.795+0000] {dag.py:3490} INFO - Setting next_dagrun for 7-branching to 2023-04-15T00:00:00+00:00, run_after=2023-04-16T00:00:00+00:00
[2026-09-13T02:24:41.864+0000] {processor.py:178} INFO - Processing /opt/airflow/dags/7_branch_pythoon_operator.py took 0.290 seconds
[2026-09-13T02:25:12.039+0000] {processor.py:156} INFO - Started process (PID=162811) to work on /opt/airflow/dags/7_branch_pythoon_operator.py
[2026-09-13T02:25:12.043+0000] {processor.py:799} INFO - Processing file /opt/airflow/dags/7_branch_pythoon_operator.py for tasks to queue
[2026-09-13T02:25:12.045+0000] {logging_mixin.py:149} INFO - [2026-09-13T02:25:12.045+0000] {dagbag.py:541} INFO - Filling up the DagBag from /opt/airflow/dags/7_branch_pythoon_operator.py
[2026-09-13T02:25:12.079+0000] {processor.py:809} INFO - DAG(s) dict_keys(['7-branching']) retrieved from /opt/airflow/dags/7_branch_pythoon_operator.py
[2026-09-13T02:25:12.156+0000] {logging_mixin.py:149} INFO - [2026-09-13T02:25:12.156+0000] {dag.py:2726} INFO - Sync 1 DAGs
[2026-09-13T02:25:12.229+0000] {logging_mixin.py:149} INFO - [2026-09-13T02:25:12.229+0000] {dag.py:3490} INFO - Setting next_dagrun for 7-branching to 2023-04-15T00:00:00+00:00, run_after=2023-04-16T00:00:00+00:00
[2026-09-13T02:25:12.267+0000] {processor.py:178} INFO - Processing /opt/airflow/dags/7_branch_pythoon_operator.py took 0.239 seconds
[2026-09-13T02:25:42.475+0000] {processor.py:156} INFO - Started process (PID=162825) to work on /opt/airflow/dags/7_branch_pythoon_operator.py
[2026-09-13T02:25:42.478+0000] {processor.py:799} INFO - Processing file /opt/airflow/dags/7_branch_pythoon_operator.py for tasks to queue
[2026-09-13T02:25:42.480+0000] {logging_mixin.py:149} INFO - [2026-09-13T02:25:42.480+0000] {dagbag.py:541} INFO - Filling up the DagBag from /opt/airflow/dags/7_branch_pythoon_operator.py
[2026-09-13T02:25:42.518+0000] {processor.py:809} INFO - DAG(s) dict_keys(['7-branching']) retrieved from /opt/airflow/dags/7_branch_pythoon_operator.py
[2026-09-13T02:25:42.602+0000] {logging_mixin.py:149} INFO - [2026-09-13T02:25:42.602+0000] {dag.py:2726} INFO - Sync 1 DAGs
[2026-09-13T02:25:42.666+0000] {logging_mixin.py:149} INFO - [2026-09-13T02:25:42.665+0000] {dag.py:3490} INFO - Setting next_dagrun for 7-branching to 2023-04-15T00:00:00+00:00, run_after=2023-04-16T00:00:00+00:00
[2026-09-13T02:25:42.733+0000] {processor.py:178} INFO - Processing /opt/airflow/dags/7_branch_pythoon_operator.py took 0.268 seconds
[2026-09-13T02:26:12.978+0000] {processor.py:156} INFO - Started process (PID=162840) to work on /opt/airflow/dags/7_branch_pythoon_operator.py
[2026-09-13T02:26:12.981+0000] {processor.py:799} INFO - Processing file /opt/airflow/dags/7_branch_pythoon_operator.py for tasks to queue
[2026-09-13T02:26:12.983+0000] {logging_mixin.py:149} INFO - [2026-09-13T02:26:12.983+0000] {dagbag.py:541} INFO - Filling up the DagBag from /opt/airflow/dags/7_branch_pythoon_operator.py
[2026-09-13T02:26:13.017+0000] {processor.py:809} INFO - DAG(s) dict_keys(['7-branching']) retrieved from /opt/airflow/dags/7_branch_pythoon_operator.py
[2026-09-13T02:26:13.095+0000] {logging_mixin.py:149} INFO - [2026-09-13T02:26:13.095+0000] {dag.py:2726} INFO - Sync 1 DAGs
[2026-09-13T02:26:13.174+0000] {logging_mixin.py:149} INFO - [2026-09-13T02:26:13.174+0000] {dag.py:3490} INFO - Setting next_dagrun for 7-branching to 2023-04-15T00:00:00+00:00, run_after=2023-04-16T00:00:00+00:00
[2026-09-13T02:26:13.239+0000] {processor.py:178} INFO - Processing /opt/airflow/dags/7_branch_pythoon_operator.py took 0.272 seconds
[2026-09-13T02:26:43.449+0000] {processor.py:156} INFO - Started process (PID=162854) to work on /opt/airflow/dags/7_branch_pythoon_operator.py
[2026-09-13T02:26:43.455+0000] {processor.py:799} INFO - Processing file /opt/airflow/dags/7_branch_pythoon_operator.py for tasks to queue
[2026-09-13T02:26:43.457+0000] {logging_mixin.py:149} INFO - [2026-09-13T02:26:43.457+0000] {dagbag.py:541} INFO - Filling up the DagBag from /opt/airflow/dags/7_branch_pythoon_operator.py
[2026-09-13T02:26:43.496+0000] {processor.py:809} INFO - DAG(s) dict_keys(['7-branching']) retrieved from /opt/airflow/dags/7_branch_pythoon_operator.py
[2026-09-13T02:26:43.586+0000] {logging_mixin.py:149} INFO - [2026-09-13T02:26:43.585+0000] {dag.py:2726} INFO - Sync 1 DAGs
[2026-09-13T02:26:43.656+0000] {logging_mixin.py:149} INFO - [2026-09-13T02:26:43.655+0000] {dag.py:3490} INFO - Setting next_dagrun for 7-branching to 2023-04-15T00:00:00+00:00, run_after=2023-04-16T00:00:00+00:00
[2026-09-13T02:26:43.728+0000] {processor.py:178} INFO - Processing /opt/airflow/dags/7_branch_pythoon_operator.py took 0.290 seconds
[2026-09-13T02:27:13.900+0000] {processor.py:156} INFO - Started process (PID=162868) to work on /opt/airflow/dags/7_branch_pythoon_operator.py
[2026-09-13T02:27:13.904+0000] {processor.py:799} INFO - Processing file /opt/airflow/dags/7_branch_pythoon_operator.py for tasks to queue
[2026-09-13T02:27:13.906+0000] {logging_mixin.py:149} INFO - [2026-09-13T02:27:13.905+0000] {dagbag.py:541} INFO - Filling up the DagBag from /opt/airflow/dags/7_branch_pythoon_operator.py
[2026-09-13T02:27:13.936+0000] {processor.py:809} INFO - DAG(s) dict_keys(['7-branching']) retrieved from /opt/airflow/dags/7_branch_pythoon_operator.py
[2026-09-13T02:27:14.000+0000] {logging_mixin.py:149} INFO - [2026-09-13T02:27:13.999+0000] {dag.py:2726} INFO - Sync 1 DAGs
[2026-09-13T02:27:14.040+0000] {logging_mixin.py:149} INFO - [2026-09-13T02:27:14.040+0000] {dag.py:3490} INFO - Setting next_dagrun for 7-branching to 2023-04-15T00:00:00+00:00, run_after=2023-04-16T00:00:00+00:00
[2026-09-13T02:27:14.067+0000] {processor.py:178} INFO - Processing /opt/airflow/dags/7_branch_pythoon_operator.py took 0.182 seconds
[2026-09-13T02:27:44.297+0000] {processor.py:156} INFO - Started process (PID=162882) to work on /opt/airflow/dags/7_branch_pythoon_operator.py
[2026-09-13T02:27:44.305+0000] {processor.py:799} INFO - Processing file /opt/airflow/dags/7_branch_pythoon_operator.py for tasks to queue
[2026-09-13T02:27:44.307+0000] {logging_mixin.py:149} INFO - [2026-09-13T02:27:44.306+0000] {dagbag.py:541} INFO - Filling up the DagBag from /opt/airflow/dags/7_branch_pythoon_operator.py
[2026-09-13T02:27:44.345+0000] {processor.py:809} INFO - DAG(s) dict_keys(['7-branching']) retrieved from /opt/airflow/dags/7_branch_pythoon_operator.py
[2026-09-13T02:27:44.427+0000] {logging_mixin.py:149} INFO - [2026-09-13T02:27:44.426+0000] {dag.py:2726} INFO - Sync 1 DAGs
[2026-09-13T02:27:44.499+0000] {logging_mixin.py:149} INFO - [2026-09-13T02:27:44.497+0000] {dag.py:3490} INFO - Setting next_dagrun for 7-branching to 2023-04-15T00:00:00+00:00, run_after=2023-04-16T00:00:00+00:00
[2026-09-13T02:27:44.567+0000] {processor.py:178} INFO - Processing /opt/airflow/dags/7_branch_pythoon_operator.py took 0.281 seconds
[2026-09-13T02:28:14.853+0000] {processor.py:156} INFO - Started process (PID=162897) to work on /opt/airflow/dags/7_branch_pythoon_operator.py
[2026-09-13T02:28:14.856+0000] {processor.py:799} INFO - Processing file /opt/airflow/dags/7_branch_pythoon_operator.py for tasks to queue
[2026-09-13T02:28:14.857+0000] {logging_mixin.py:149} INFO - [2026-09-13T02:28:14.856+0000] {dagbag.py:541} INFO - Filling up the DagBag from /opt/airflow/dags/7_branch_pythoon_operator.py
[2026-09-13T02:28:14.894+0000] {processor.py:809} INFO - DAG(s) dict_keys(['7-branching']) retrieved from /opt/airflow/dags/7_branch_pythoon_operator.py
[2026-09-13T02:28:14.981+0000] {logging_mixin.py:149} INFO - [2026-09-13T02:28:14.980+0000] {dag.py:2726} INFO - Sync 1 DAGs
[2026-09-13T02:28:15.042+0000] {logging_mixin.py:149} INFO - [2026-09-13T02:28:15.042+0000] {dag.py:3490} INFO - Setting next_dagrun for 7-branching to 2023-04-15T00:00:00+00:00, run_after=2023-04-16T00:00:00+00:00
[2026-09-13T02:28:15.109+0000] {processor.py:178} INFO - Processing /opt/airflow/dags/7_branch_pythoon_operator.py took 0.263 seconds
[2026-09-13T02:28:45.251+0000] {processor.py:156} INFO - Started process (PID=162911) to work on /opt/airflow/dags/7_branch_pythoon_operator.py
[2026-09-13T02:28:45.258+0000] {processor.py:799} INFO - Processing file /opt/airflow/dags/7_branch_pythoon_operator.py for tasks to queue
[2026-09-13T02:28:45.260+0000] {logging_mixin.py:149} INFO - [2026-09-13T02:28:45.260+0000] {dagbag.py:541} INFO - Filling up the DagBag from /opt/airflow/dags/7_branch_pythoon_operator.py
[2026-09-13T02:28:45.306+0000] {processor.py:809} INFO - DAG(s) dict_keys(['7-branching']) retrieved from /opt/airflow/dags/7_branch_pythoon_operator.py
[2026-09-13T02:28:45.399+0000] {logging_mixin.py:149} INFO - [2026-09-13T02:28:45.399+0000] {dag.py:2726} INFO - Sync 1 DAGs
[2026-09-13T02:28:45.469+0000] {logging_mixin.py:149} INFO - [2026-09-13T02:28:45.469+0000] {dag.py:3490} INFO - Setting next_dagrun for 7-branching to 2023-04-15T00:00:00+00:00, run_after=2023-04-16T00:00:00+00:00
[2026-09-13T02:28:45.543+0000] {processor.py:178} INFO - Processing /opt/airflow/dags/7_branch_pythoon_operator.py took 0.304 seconds
[2026-09-13T02:29:15.611+0000] {processor.py:156} INFO - Started process (PID=162926) to work on /opt/airflow/dags/7_branch_pythoon_operator.py
[2026-09-13T02:29:15.615+0000] {processor.py:799} INFO - Processing file /opt/airflow/dags/7_branch_pythoon_operator.py for tasks to queue
[2026-09-13T02:29:15.617+0000] {logging_mixin.py:149} INFO - [2026-09-13T02:29:15.617+0000] {dagbag.py:541} INFO - Filling up the DagBag from /opt/airflow/dags/7_branch_pythoon_operator.py
[2026-09-13T02:29:15.650+0000] {processor.py:809} INFO - DAG(s) dict_keys(['7-branching']) retrieved from /opt/airflow/dags/7_branch_pythoon_operator.py
[2026-09-13T02:29:15.737+0000] {logging_mixin.py:149} INFO - [2026-09-13T02:29:15.737+0000] {dag.py:2726} INFO - Sync 1 DAGs
[2026-09-13T02:29:15.813+0000] {logging_mixin.py:149} INFO - [2026-09-13T02:29:15.813+0000] {dag.py:3490} INFO - Setting next_dagrun for 7-branching to 2023-04-15T00:00:00+00:00, run_after=2023-04-16T00:00:00+00:00
[2026-09-13T02:29:15.868+0000] {processor.py:178} INFO - Processing /opt/airflow/dags/7_branch_pythoon_operator.py took 0.268 seconds
[2026-09-13T02:29:46.079+0000] {processor.py:156} INFO - Started process (PID=162940) to work on /opt/airflow/dags/7_branch_pythoon_operator.py
[2026-09-13T02:29:46.081+0000] {processor.py:799} INFO - Processing file /opt/airflow/dags/7_branch_pythoon_operator.py for tasks to queue
[2026-09-13T02:29:46.082+0000] {logging_mixin.py:149} INFO - [2026-09-13T02:29:46.082+0000] {dagbag.py:541} INFO - Filling up the DagBag from /opt/airflow/dags/7_branch_pythoon_operator.py
[2026-09-13T02:29:46.111+0000] {processor.py:809} INFO - DAG(s) dict_keys(['7-branching']) retrieved from /opt/airflow/dags/7_branch_pythoon_operator.py
[2026-09-13T02:29:46.174+0000] {logging_mixin.py:149} INFO - [2026-09-13T02:29:46.174+0000] {dag.py:2726} INFO - Sync 1 DAGs
[2026-09-13T02:29:46.212+0000] {logging_mixin.py:149} INFO - [2026-09-13T02:29:46.212+0000] {dag.py:3490} INFO - Setting next_dagrun for 7-branching to 2023-04-15T00:00:00+00:00, run_after=2023-04-16T00:00:00+00:00
[2026-09-13T02:29:46.237+0000] {processor.py:178} INFO - Processing /opt/airflow/dags/7_branch_pythoon_operator.py took 0.167 seconds
[2026-09-13T02:30:16.453+0000] {processor.py:156} INFO - Started process (PID=162955) to work on /opt/airflow/dags/7_branch_pythoon_operator.py
[2026-09-13T02:30:16.456+0000] {processor.py:799} INFO - Processing file /opt/airflow/dags/7_branch_pythoon_operator.py for tasks to queue
[2026-09-13T02:30:16.458+0000] {logging_mixin.py:149} INFO - [2026-09-13T02:30:16.458+0000] {dagbag.py:541} INFO - Filling up the DagBag from /opt/airflow/dags/7_branch_pythoon_operator.py
[2026-09-13T02:30:16.493+0000] {processor.py:809} INFO - DAG(s) dict_keys(['7-branching']) retrieved from /opt/airflow/dags/7_branch_pythoon_operator.py
[2026-09-13T02:30:16.562+0000] {logging_mixin.py:149} INFO - [2026-09-13T02:30:16.561+0000] {dag.py:2726} INFO - Sync 1 DAGs
[2026-09-13T02:30:16.634+0000] {logging_mixin.py:149} INFO - [2026-09-13T02:30:16.633+0000] {dag.py:3490} INFO - Setting next_dagrun for 7-branching to 2023-04-15T00:00:00+00:00, run_after=2023-04-16T00:00:00+00:00
[2026-09-13T02:30:16.695+0000] {processor.py:178} INFO - Processing /opt/airflow/dags/7_branch_pythoon_operator.py took 0.253 seconds
[2026-09-13T02:30:46.979+0000] {processor.py:156} INFO - Started process (PID=162969) to work on /opt/airflow/dags/7_branch_pythoon_operator.py
[2026-09-13T02:30:46.982+0000] {processor.py:799} INFO - Processing file /opt/airflow/dags/7_branch_pythoon_operator.py for tasks to queue
[2026-09-13T02:30:46.983+0000] {logging_mixin.py:149} INFO - [2026-09-13T02:30:46.983+0000] {dagbag.py:541} INFO - Filling up the DagBag from /opt/airflow/dags/7_branch_pythoon_operator.py
[2026-09-13T02:30:47.017+0000] {processor.py:809} INFO - DAG(s) dict_keys(['7-branching']) retrieved from /opt/airflow/dags/7_branch_pythoon_operator.py
[2026-09-13T02:30:47.107+0000] {logging_mixin.py:149} INFO - [2026-09-13T02:30:47.107+0000] {dag.py:2726} INFO - Sync 1 DAGs
[2026-09-13T02:30:47.162+0000] {logging_mixin.py:149} INFO - [2026-09-13T02:30:47.161+0000] {dag.py:3490} INFO - Setting next_dagrun for 7-branching to 2023-04-15T00:00:00+00:00, run_after=2023-04-16T00:00:00+00:00
[2026-09-13T02:30:47.207+0000] {processor.py:178} INFO - Processing /opt/airflow/dags/7_branch_pythoon_operator.py took 0.240 seconds
[2026-09-13T02:31:17.544+0000] {processor.py:156} INFO - Started process (PID=162983) to work on /opt/airflow/dags/7_branch_pythoon_operator.py
[2026-09-13T02:31:17.548+0000] {processor.py:799} INFO - Processing file /opt/airflow/dags/7_branch_pythoon_operator.py for tasks to queue
[2026-09-13T02:31:17.550+0000] {logging_mixin.py:149} INFO - [2026-09-13T02:31:17.550+0000] {dagbag.py:541} INFO - Filling up the DagBag from /opt/airflow/dags/7_branch_pythoon_operator.py
[2026-09-13T02:31:17.590+0000] {processor.py:809} INFO - DAG(s) dict_keys(['7-branching']) retrieved from /opt/airflow/dags/7_branch_pythoon_operator.py
[2026-09-13T02:31:17.669+0000] {logging_mixin.py:149} INFO - [2026-09-13T02:31:17.669+0000] {dag.py:2726} INFO - Sync 1 DAGs
[2026-09-13T02:31:17.748+0000] {logging_mixin.py:149} INFO - [2026-09-13T02:31:17.748+0000] {dag.py:3490} INFO - Setting next_dagrun for 7-branching to 2023-04-15T00:00:00+00:00, run_after=2023-04-16T00:00:00+00:00
[2026-09-13T02:31:17.825+0000] {processor.py:178} INFO - Processing /opt/airflow/dags/7_branch_pythoon_operator.py took 0.292 seconds
[2026-09-13T02:31:48.062+0000] {processor.py:156} INFO - Started process (PID=162997) to work on /opt/airflow/dags/7_branch_pythoon_operator.py
[2026-09-13T02:31:48.065+0000] {processor.py:799} INFO - Processing file /opt/airflow/dags/7_branch_pythoon_operator.py for tasks to queue
[2026-09-13T02:31:48.067+0000] {logging_mixin.py:149} INFO - [2026-09-13T02:31:48.067+0000] {dagbag.py:541} INFO - Filling up the DagBag from /opt/airflow/dags/7_branch_pythoon_operator.py
[2026-09-13T02:31:48.101+0000] {processor.py:809} INFO - DAG(s) dict_keys(['7-branching']) retrieved from /opt/airflow/dags/7_branch_pythoon_operator.py
[2026-09-13T02:31:48.188+0000] {logging_mixin.py:149} INFO - [2026-09-13T02:31:48.187+0000] {dag.py:2726} INFO - Sync 1 DAGs
[2026-09-13T02:31:48.261+0000] {logging_mixin.py:149} INFO - [2026-09-13T02:31:48.261+0000] {dag.py:3490} INFO - Setting next_dagrun for 7-branching to 2023-04-15T00:00:00+00:00, run_after=2023-04-16T00:00:00+00:00
[2026-09-13T02:31:48.307+0000] {processor.py:178} INFO - Processing /opt/airflow/dags/7_branch_pythoon_operator.py took 0.257 seconds
[2026-09-13T02:32:18.491+0000] {processor.py:156} INFO - Started process (PID=163012) to work on /opt/airflow/dags/7_branch_pythoon_operator.py
[2026-09-13T02:32:18.495+0000] {processor.py:799} INFO - Processing file /opt/airflow/dags/7_branch_pythoon_operator.py for tasks to queue
[2026-09-13T02:32:18.497+0000] {logging_mixin.py:149} INFO - [2026-09-13T02:32:18.497+0000] {dagbag.py:541} INFO - Filling up the DagBag from /opt/airflow/dags/7_branch_pythoon_operator.py
[2026-09-13T02:32:18.538+0000] {processor.py:809} INFO - DAG(s) dict_keys(['7-branching']) retrieved from /opt/airflow/dags/7_branch_pythoon_operator.py
[2026-09-13T02:32:18.631+0000] {logging_mixin.py:149} INFO - [2026-09-13T02:32:18.631+0000] {dag.py:2726} INFO - Sync 1 DAGs
[2026-09-13T02:32:18.700+0000] {logging_mixin.py:149} INFO - [2026-09-13T02:32:18.699+0000] {dag.py:3490} INFO - Setting next_dagrun for 7-branching to 2023-04-15T00:00:00+00:00, run_after=2023-04-16T00:00:00+00:00
[2026-09-13T02:32:18.764+0000] {processor.py:178} INFO - Processing /opt/airflow/dags/7_branch_pythoon_operator.py took 0.284 seconds
[2026-09-13T02:32:48.992+0000] {processor.py:156} INFO - Started process (PID=163026) to work on /opt/airflow/dags/7_branch_pythoon_operator.py
[2026-09-13T02:32:48.996+0000] {processor.py:799} INFO - Processing file /opt/airflow/dags/7_branch_pythoon_operator.py for tasks to queue
[2026-09-13T02:32:48.998+0000] {logging_mixin.py:149} INFO - [2026-09-13T02:32:48.998+0000] {dagbag.py:541} INFO - Filling up the DagBag from /opt/airflow/dags/7_branch_pythoon_operator.py
[2026-09-13T02:32:49.031+0000] {processor.py:809} INFO - DAG(s) dict_keys(['7-branching']) retrieved from /opt/airflow/dags/7_branch_pythoon_operator.py
[2026-09-13T02:32:49.111+0000] {logging_mixin.py:149} INFO - [2026-09-13T02:32:49.111+0000] {dag.py:2726} INFO - Sync 1 DAGs
[2026-09-13T02:32:49.177+0000] {logging_mixin.py:149} INFO - [2026-09-13T02:32:49.177+0000] {dag.py:3490} INFO - Setting next_dagrun for 7-branching to 2023-04-15T00:00:00+00:00, run_after=2023-04-16T00:00:00+00:00
[2026-09-13T02:32:49.210+0000] {processor.py:178} INFO - Processing /opt/airflow/dags/7_branch_pythoon_operator.py took 0.228 seconds
[2026-09-13T02:33:19.451+0000] {processor.py:156} INFO - Started process (PID=163040) to work on /opt/airflow/dags/7_branch_pythoon_operator.py
[2026-09-13T02:33:19.454+0000] {processor.py:799} INFO - Processing file /opt/airflow/dags/7_branch_pythoon_operator.py for tasks to queue
[2026-09-13T02:33:19.456+0000] {logging_mixin.py:149} INFO - [2026-09-13T02:33:19.455+0000] {dagbag.py:541} INFO - Filling up the DagBag from /opt/airflow/dags/7_branch_pythoon_operator.py
[2026-09-13T02:33:19.484+0000] {processor.py:809} INFO - DAG(s) dict_keys(['7-branching']) retrieved from /opt/airflow/dags/7_branch_pythoon_operator.py
[2026-09-13T02:33:19.566+0000] {logging_mixin.py:149} INFO - [2026-09-13T02:33:19.565+0000] {dag.py:2726} INFO - Sync 1 DAGs
[2026-09-13T02:33:19.634+0000] {logging_mixin.py:149} INFO - [2026-09-13T02:33:19.634+0000] {dag.py:3490} INFO - Setting next_dagrun for 7-branching to 2023-04-15T00:00:00+00:00, run_after=2023-04-16T00:00:00+00:00
[2026-09-13T02:33:19.695+0000] {processor.py:178} INFO - Processing /opt/airflow/dags/7_branch_pythoon_operator.py took 0.251 seconds
[2026-09-13T02:33:49.873+0000] {processor.py:156} INFO - Started process (PID=163054) to work on /opt/airflow/dags/7_branch_pythoon_operator.py
[2026-09-13T02:33:49.880+0000] {processor.py:799} INFO - Processing file /opt/airflow/dags/7_branch_pythoon_operator.py for tasks to queue
[2026-09-13T02:33:49.882+0000] {logging_mixin.py:149} INFO - [2026-09-13T02:33:49.882+0000] {dagbag.py:541} INFO - Filling up the DagBag from /opt/airflow/dags/7_branch_pythoon_operator.py
[2026-09-13T02:33:49.916+0000] {processor.py:809} INFO - DAG(s) dict_keys(['7-branching']) retrieved from /opt/airflow/dags/7_branch_pythoon_operator.py
[2026-09-13T02:33:50.008+0000] {logging_mixin.py:149} INFO - [2026-09-13T02:33:50.008+0000] {dag.py:2726} INFO - Sync 1 DAGs
[2026-09-13T02:33:50.077+0000] {logging_mixin.py:149} INFO - [2026-09-13T02:33:50.077+0000] {dag.py:3490} INFO - Setting next_dagrun for 7-branching to 2023-04-15T00:00:00+00:00, run_after=2023-04-16T00:00:00+00:00
[2026-09-13T02:33:50.125+0000] {processor.py:178} INFO - Processing /opt/airflow/dags/7_branch_pythoon_operator.py took 0.263 seconds
[2026-09-13T02:34:20.367+0000] {processor.py:156} INFO - Started process (PID=163067) to work on /opt/airflow/dags/7_branch_pythoon_operator.py
[2026-09-13T02:34:20.370+0000] {processor.py:799} INFO - Processing file /opt/airflow/dags/7_branch_pythoon_operator.py for tasks to queue
[2026-09-13T02:34:20.372+0000] {logging_mixin.py:149} INFO - [2026-09-13T02:34:20.371+0000] {dagbag.py:541} INFO - Filling up the DagBag from /opt/airflow/dags/7_branch_pythoon_operator.py
[2026-09-13T02:34:20.402+0000] {processor.py:809} INFO - DAG(s) dict_keys(['7-branching']) retrieved from /opt/airflow/dags/7_branch_pythoon_operator.py
[2026-09-13T02:34:20.487+0000] {logging_mixin.py:149} INFO - [2026-09-13T02:34:20.486+0000] {dag.py:2726} INFO - Sync 1 DAGs
[2026-09-13T02:34:20.539+0000] {logging_mixin.py:149} INFO - [2026-09-13T02:34:20.538+0000] {dag.py:3490} INFO - Setting next_dagrun for 7-branching to 2023-04-15T00:00:00+00:00, run_after=2023-04-16T00:00:00+00:00
[2026-09-13T02:34:20.568+0000] {processor.py:178} INFO - Processing /opt/airflow/dags/7_branch_pythoon_operator.py took 0.214 seconds
[2026-09-13T02:34:50.697+0000] {processor.py:156} INFO - Started process (PID=163081) to work on /opt/airflow/dags/7_branch_pythoon_operator.py
[2026-09-13T02:34:50.700+0000] {processor.py:799} INFO - Processing file /opt/airflow/dags/7_branch_pythoon_operator.py for tasks to queue
[2026-09-13T02:34:50.702+0000] {logging_mixin.py:149} INFO - [2026-09-13T02:34:50.702+0000] {dagbag.py:541} INFO - Filling up the DagBag from /opt/airflow/dags/7_branch_pythoon_operator.py
[2026-09-13T02:34:50.737+0000] {processor.py:809} INFO - DAG(s) dict_keys(['7-branching']) retrieved from /opt/airflow/dags/7_branch_pythoon_operator.py
[2026-09-13T02:34:50.821+0000] {logging_mixin.py:149} INFO - [2026-09-13T02:34:50.821+0000] {dag.py:2726} INFO - Sync 1 DAGs
[2026-09-13T02:34:50.894+0000] {logging_mixin.py:149} INFO - [2026-09-13T02:34:50.894+0000] {dag.py:3490} INFO - Setting next_dagrun for 7-branching to 2023-04-15T00:00:00+00:00, run_after=2023-04-16T00:00:00+00:00
[2026-09-13T02:34:50.948+0000] {processor.py:178} INFO - Processing /opt/airflow/dags/7_branch_pythoon_operator.py took 0.262 seconds
[2026-09-13T02:35:21.147+0000] {processor.py:156} INFO - Started process (PID=163095) to work on /opt/airflow/dags/7_branch_pythoon_operator.py
[2026-09-13T02:35:21.149+0000] {processor.py:799} INFO - Processing file /opt/airflow/dags/7_branch_pythoon_operator.py for tasks to queue
[2026-09-13T02:35:21.150+0000] {logging_mixin.py:149} INFO - [2026-09-13T02:35:21.150+0000] {dagbag.py:541} INFO - Filling up the DagBag from /opt/airflow/dags/7_branch_pythoon_operator.py
[2026-09-13T02:35:21.172+0000] {processor.py:809} INFO - DAG(s) dict_keys(['7-branching']) retrieved from /opt/airflow/dags/7_branch_pythoon_operator.py
[2026-09-13T02:35:21.264+0000] {logging_mixin.py:149} INFO - [2026-09-13T02:35:21.264+0000] {dag.py:2726} INFO - Sync 1 DAGs
[2026-09-13T02:35:21.349+0000] {logging_mixin.py:149} INFO - [2026-09-13T02:35:21.349+0000] {dag.py:3490} INFO - Setting next_dagrun for 7-branching to 2023-04-15T00:00:00+00:00, run_after=2023-04-16T00:00:00+00:00
[2026-09-13T02:35:21.425+0000] {processor.py:178} INFO - Processing /opt/airflow/dags/7_branch_pythoon_operator.py took 0.284 seconds
[2026-09-13T02:35:51.716+0000] {processor.py:156} INFO - Started process (PID=163110) to work on /opt/airflow/dags/7_branch_pythoon_operator.py
[2026-09-13T02:35:51.720+0000] {processor.py:799} INFO - Processing file /opt/airflow/dags/7_branch_pythoon_operator.py for tasks to queue
[2026-09-13T02:35:51.722+0000] {logging_mixin.py:149} INFO - [2026-09-13T02:35:51.721+0000] {dagbag.py:541} INFO - Filling up the DagBag from /opt/airflow/dags/7_branch_pythoon_operator.py
[2026-09-13T02:35:51.764+0000] {processor.py:809} INFO - DAG(s) dict_keys(['7-branching']) retrieved from /opt/airflow/dags/7_branch_pythoon_operator.py
[2026-09-13T02:35:51.852+0000] {logging_mixin.py:149} INFO - [2026-09-13T02:35:51.851+0000] {dag.py:2726} INFO - Sync 1 DAGs
[2026-09-13T02:35:51.926+0000] {logging_mixin.py:149} INFO - [2026-09-13T02:35:51.925+0000] {dag.py:3490} INFO - Setting next_dagrun for 7-branching to 2023-04-15T00:00:00+00:00, run_after=2023-04-16T00:00:00+00:00
[2026-09-13T02:35:51.972+0000] {processor.py:178} INFO - Processing /opt/airflow/dags/7_branch_pythoon_operator.py took 0.265 seconds
[2026-09-13T02:36:22.203+0000] {processor.py:156} INFO - Started process (PID=163124) to work on /opt/airflow/dags/7_branch_pythoon_operator.py
[2026-09-13T02:36:22.207+0000] {processor.py:799} INFO - Processing file /opt/airflow/dags/7_branch_pythoon_operator.py for tasks to queue
[2026-09-13T02:36:22.208+0000] {logging_mixin.py:149} INFO - [2026-09-13T02:36:22.208+0000] {dagbag.py:541} INFO - Filling up the DagBag from /opt/airflow/dags/7_branch_pythoon_operator.py
[2026-09-13T02:36:22.243+0000] {processor.py:809} INFO - DAG(s) dict_keys(['7-branching']) retrieved from /opt/airflow/dags/7_branch_pythoon_operator.py
[2026-09-13T02:36:22.329+0000] {logging_mixin.py:149} INFO - [2026-09-13T02:36:22.328+0000] {dag.py:2726} INFO - Sync 1 DAGs
[2026-09-13T02:36:22.399+0000] {logging_mixin.py:149} INFO - [2026-09-13T02:36:22.398+0000] {dag.py:3490} INFO - Setting next_dagrun for 7-branching to 2023-04-15T00:00:00+00:00, run_after=2023-04-16T00:00:00+00:00
[2026-09-13T02:36:22.464+0000] {processor.py:178} INFO - Processing /opt/airflow/dags/7_branch_pythoon_operator.py took 0.271 seconds
[2026-09-13T02:36:52.748+0000] {processor.py:156} INFO - Started process (PID=163138) to work on /opt/airflow/dags/7_branch_pythoon_operator.py
[2026-09-13T02:36:52.752+0000] {processor.py:799} INFO - Processing file /opt/airflow/dags/7_branch_pythoon_operator.py for tasks to queue
[2026-09-13T02:36:52.754+0000] {logging_mixin.py:149} INFO - [2026-09-13T02:36:52.753+0000] {dagbag.py:541} INFO - Filling up the DagBag from /opt/airflow/dags/7_branch_pythoon_operator.py
[2026-09-13T02:36:52.787+0000] {processor.py:809} INFO - DAG(s) dict_keys(['7-branching']) retrieved from /opt/airflow/dags/7_branch_pythoon_operator.py
[2026-09-13T02:36:52.875+0000] {logging_mixin.py:149} INFO - [2026-09-13T02:36:52.874+0000] {dag.py:2726} INFO - Sync 1 DAGs
[2026-09-13T02:36:52.956+0000] {logging_mixin.py:149} INFO - [2026-09-13T02:36:52.955+0000] {dag.py:3490} INFO - Setting next_dagrun for 7-branching to 2023-04-15T00:00:00+00:00, run_after=2023-04-16T00:00:00+00:00
[2026-09-13T02:36:53.024+0000] {processor.py:178} INFO - Processing /opt/airflow/dags/7_branch_pythoon_operator.py took 0.287 seconds
[2026-09-13T02:37:23.205+0000] {processor.py:156} INFO - Started process (PID=163153) to work on /opt/airflow/dags/7_branch_pythoon_operator.py
[2026-09-13T02:37:23.208+0000] {processor.py:799} INFO - Processing file /opt/airflow/dags/7_branch_pythoon_operator.py for tasks to queue
[2026-09-13T02:37:23.210+0000] {logging_mixin.py:149} INFO - [2026-09-13T02:37:23.210+0000] {dagbag.py:541} INFO - Filling up the DagBag from /opt/airflow/dags/7_branch_pythoon_operator.py
[2026-09-13T02:37:23.251+0000] {processor.py:809} INFO - DAG(s) dict_keys(['7-branching']) retrieved from /opt/airflow/dags/7_branch_pythoon_operator.py
[2026-09-13T02:37:23.337+0000] {logging_mixin.py:149} INFO - [2026-09-13T02:37:23.337+0000] {dag.py:2726} INFO - Sync 1 DAGs
[2026-09-13T02:37:23.404+0000] {logging_mixin.py:149} INFO - [2026-09-13T02:37:23.404+0000] {dag.py:3490} INFO - Setting next_dagrun for 7-branching to 2023-04-15T00:00:00+00:00, run_after=2023-04-16T00:00:00+00:00
[2026-09-13T02:37:23.466+0000] {processor.py:178} INFO - Processing /opt/airflow/dags/7_branch_pythoon_operator.py took 0.272 seconds
[2026-09-13T02:37:53.683+0000] {processor.py:156} INFO - Started process (PID=163167) to work on /opt/airflow/dags/7_branch_pythoon_operator.py
[2026-09-13T02:37:53.685+0000] {processor.py:799} INFO - Processing file /opt/airflow/dags/7_branch_pythoon_operator.py for tasks to queue
[2026-09-13T02:37:53.686+0000] {logging_mixin.py:149} INFO - [2026-09-13T02:37:53.686+0000] {dagbag.py:541} INFO - Filling up the DagBag from /opt/airflow/dags/7_branch_pythoon_operator.py
[2026-09-13T02:37:53.715+0000] {processor.py:809} INFO - DAG(s) dict_keys(['7-branching']) retrieved from /opt/airflow/dags/7_branch_pythoon_operator.py
[2026-09-13T02:37:53.768+0000] {logging_mixin.py:149} INFO - [2026-09-13T02:37:53.767+0000] {dag.py:2726} INFO - Sync 1 DAGs
[2026-09-13T02:37:53.804+0000] {logging_mixin.py:149} INFO - [2026-09-13T02:37:53.803+0000] {dag.py:3490} INFO - Setting next_dagrun for 7-branching to 2023-04-15T00:00:00+00:00, run_after=2023-04-16T00:00:00+00:00
[2026-09-13T02:37:53.846+0000] {processor.py:178} INFO - Processing /opt/airflow/dags/7_branch_pythoon_operator.py took 0.171 seconds
[2026-09-13T02:38:24.181+0000] {processor.py:156} INFO - Started process (PID=163181) to work on /opt/airflow/dags/7_branch_pythoon_operator.py
[2026-09-13T02:38:24.183+0000] {processor.py:799} INFO - Processing file /opt/airflow/dags/7_branch_pythoon_operator.py for tasks to queue
[2026-09-13T02:38:24.184+0000] {logging_mixin.py:149} INFO - [2026-09-13T02:38:24.184+0000] {dagbag.py:541} INFO - Filling up the DagBag from /opt/airflow/dags/7_branch_pythoon_operator.py
[2026-09-13T02:38:24.214+0000] {processor.py:809} INFO - DAG(s) dict_keys(['7-branching']) retrieved from /opt/airflow/dags/7_branch_pythoon_operator.py
[2026-09-13T02:38:24.290+0000] {logging_mixin.py:149} INFO - [2026-09-13T02:38:24.290+0000] {dag.py:2726} INFO - Sync 1 DAGs
[2026-09-13T02:38:24.358+0000] {logging_mixin.py:149} INFO - [2026-09-13T02:38:24.358+0000] {dag.py:3490} INFO - Setting next_dagrun for 7-branching to 2023-04-15T00:00:00+00:00, run_after=2023-04-16T00:00:00+00:00
[2026-09-13T02:38:24.428+0000] {processor.py:178} INFO - Processing /opt/airflow/dags/7_branch_pythoon_operator.py took 0.260 seconds
[2026-09-13T02:38:54.689+0000] {processor.py:156} INFO - Started process (PID=163195) to work on /opt/airflow/dags/7_branch_pythoon_operator.py
[2026-09-13T02:38:54.693+0000] {processor.py:799} INFO - Processing file /opt/airflow/dags/7_branch_pythoon_operator.py for tasks to queue
[2026-09-13T02:38:54.694+0000] {logging_mixin.py:149} INFO - [2026-09-13T02:38:54.694+0000] {dagbag.py:541} INFO - Filling up the DagBag from /opt/airflow/dags/7_branch_pythoon_operator.py
[2026-09-13T02:38:54.726+0000] {processor.py:809} INFO - DAG(s) dict_keys(['7-branching']) retrieved from /opt/airflow/dags/7_branch_pythoon_operator.py
[2026-09-13T02:38:54.812+0000] {logging_mixin.py:149} INFO - [2026-09-13T02:38:54.811+0000] {dag.py:2726} INFO - Sync 1 DAGs
[2026-09-13T02:38:54.883+0000] {logging_mixin.py:149} INFO - [2026-09-13T02:38:54.883+0000] {dag.py:3490} INFO - Setting next_dagrun for 7-branching to 2023-04-15T00:00:00+00:00, run_after=2023-04-16T00:00:00+00:00
[2026-09-13T02:38:54.939+0000] {processor.py:178} INFO - Processing /opt/airflow/dags/7_branch_pythoon_operator.py took 0.260 seconds
[2026-09-13T02:39:25.198+0000] {processor.py:156} INFO - Started process (PID=163209) to work on /opt/airflow/dags/7_branch_pythoon_operator.py
[2026-09-13T02:39:25.201+0000] {processor.py:799} INFO - Processing file /opt/airflow/dags/7_branch_pythoon_operator.py for tasks to queue
[2026-09-13T02:39:25.203+0000] {logging_mixin.py:149} INFO - [2026-09-13T02:39:25.202+0000] {dagbag.py:541} INFO - Filling up the DagBag from /opt/airflow/dags/7_branch_pythoon_operator.py
[2026-09-13T02:39:25.233+0000] {processor.py:809} INFO - DAG(s) dict_keys(['7-branching']) retrieved from /opt/airflow/dags/7_branch_pythoon_operator.py
[2026-09-13T02:39:25.330+0000] {logging_mixin.py:149} INFO - [2026-09-13T02:39:25.330+0000] {dag.py:2726} INFO - Sync 1 DAGs
[2026-09-13T02:39:25.422+0000] {logging_mixin.py:149} INFO - [2026-09-13T02:39:25.421+0000] {dag.py:3490} INFO - Setting next_dagrun for 7-branching to 2023-04-15T00:00:00+00:00, run_after=2023-04-16T00:00:00+00:00
[2026-09-13T02:39:25.475+0000] {processor.py:178} INFO - Processing /opt/airflow/dags/7_branch_pythoon_operator.py took 0.285 seconds
[2026-09-13T02:39:55.710+0000] {processor.py:156} INFO - Started process (PID=163224) to work on /opt/airflow/dags/7_branch_pythoon_operator.py
[2026-09-13T02:39:55.714+0000] {processor.py:799} INFO - Processing file /opt/airflow/dags/7_branch_pythoon_operator.py for tasks to queue
[2026-09-13T02:39:55.716+0000] {logging_mixin.py:149} INFO - [2026-09-13T02:39:55.715+0000] {dagbag.py:541} INFO - Filling up the DagBag from /opt/airflow/dags/7_branch_pythoon_operator.py
[2026-09-13T02:39:55.750+0000] {processor.py:809} INFO - DAG(s) dict_keys(['7-branching']) retrieved from /opt/airflow/dags/7_branch_pythoon_operator.py
[2026-09-13T02:39:55.846+0000] {logging_mixin.py:149} INFO - [2026-09-13T02:39:55.845+0000] {dag.py:2726} INFO - Sync 1 DAGs
[2026-09-13T02:39:55.903+0000] {logging_mixin.py:149} INFO - [2026-09-13T02:39:55.902+0000] {dag.py:3490} INFO - Setting next_dagrun for 7-branching to 2023-04-15T00:00:00+00:00, run_after=2023-04-16T00:00:00+00:00
[2026-09-13T02:39:55.961+0000] {processor.py:178} INFO - Processing /opt/airflow/dags/7_branch_pythoon_operator.py took 0.262 seconds
[2026-09-13T02:40:26.213+0000] {processor.py:156} INFO - Started process (PID=163239) to work on /opt/airflow/dags/7_branch_pythoon_operator.py
[2026-09-13T02:40:26.220+0000] {processor.py:799} INFO - Processing file /opt/airflow/dags/7_branch_pythoon_operator.py for tasks to queue
[2026-09-13T02:40:26.223+0000] {logging_mixin.py:149} INFO - [2026-09-13T02:40:26.221+0000] {dagbag.py:541} INFO - Filling up the DagBag from /opt/airflow/dags/7_branch_pythoon_operator.py
[2026-09-13T02:40:26.269+0000] {processor.py:809} INFO - DAG(s) dict_keys(['7-branching']) retrieved from /opt/airflow/dags/7_branch_pythoon_operator.py
[2026-09-13T02:40:26.352+0000] {logging_mixin.py:149} INFO - [2026-09-13T02:40:26.352+0000] {dag.py:2726} INFO - Sync 1 DAGs
[2026-09-13T02:40:26.415+0000] {logging_mixin.py:149} INFO - [2026-09-13T02:40:26.415+0000] {dag.py:3490} INFO - Setting next_dagrun for 7-branching to 2023-04-15T00:00:00+00:00, run_after=2023-04-16T00:00:00+00:00
[2026-09-13T02:40:26.475+0000] {processor.py:178} INFO - Processing /opt/airflow/dags/7_branch_pythoon_operator.py took 0.282 seconds
[2026-09-13T02:40:56.729+0000] {processor.py:156} INFO - Started process (PID=163253) to work on /opt/airflow/dags/7_branch_pythoon_operator.py
[2026-09-13T02:40:56.732+0000] {processor.py:799} INFO - Processing file /opt/airflow/dags/7_branch_pythoon_operator.py for tasks to queue
[2026-09-13T02:40:56.734+0000] {logging_mixin.py:149} INFO - [2026-09-13T02:40:56.734+0000] {dagbag.py:541} INFO - Filling up the DagBag from /opt/airflow/dags/7_branch_pythoon_operator.py
[2026-09-13T02:40:56.763+0000] {processor.py:809} INFO - DAG(s) dict_keys(['7-branching']) retrieved from /opt/airflow/dags/7_branch_pythoon_operator.py
[2026-09-13T02:40:56.847+0000] {logging_mixin.py:149} INFO - [2026-09-13T02:40:56.846+0000] {dag.py:2726} INFO - Sync 1 DAGs
[2026-09-13T02:40:56.921+0000] {logging_mixin.py:149} INFO - [2026-09-13T02:40:56.920+0000] {dag.py:3490} INFO - Setting next_dagrun for 7-branching to 2023-04-15T00:00:00+00:00, run_after=2023-04-16T00:00:00+00:00
[2026-09-13T02:40:56.988+0000] {processor.py:178} INFO - Processing /opt/airflow/dags/7_branch_pythoon_operator.py took 0.268 seconds
[2026-09-13T02:41:27.171+0000] {processor.py:156} INFO - Started process (PID=163266) to work on /opt/airflow/dags/7_branch_pythoon_operator.py
[2026-09-13T02:41:27.174+0000] {processor.py:799} INFO - Processing file /opt/airflow/dags/7_branch_pythoon_operator.py for tasks to queue
[2026-09-13T02:41:27.176+0000] {logging_mixin.py:149} INFO - [2026-09-13T02:41:27.176+0000] {dagbag.py:541} INFO - Filling up the DagBag from /opt/airflow/dags/7_branch_pythoon_operator.py
[2026-09-13T02:41:27.210+0000] {processor.py:809} INFO - DAG(s) dict_keys(['7-branching']) retrieved from /opt/airflow/dags/7_branch_pythoon_operator.py
[2026-09-13T02:41:27.291+0000] {logging_mixin.py:149} INFO - [2026-09-13T02:41:27.291+0000] {dag.py:2726} INFO - Sync 1 DAGs
[2026-09-13T02:41:27.343+0000] {logging_mixin.py:149} INFO - [2026-09-13T02:41:27.342+0000] {dag.py:3490} INFO - Setting next_dagrun for 7-branching to 2023-04-15T00:00:00+00:00, run_after=2023-04-16T00:00:00+00:00
[2026-09-13T02:41:27.394+0000] {processor.py:178} INFO - Processing /opt/airflow/dags/7_branch_pythoon_operator.py took 0.235 seconds
[2026-09-13T02:41:57.512+0000] {processor.py:156} INFO - Started process (PID=163280) to work on /opt/airflow/dags/7_branch_pythoon_operator.py
[2026-09-13T02:41:57.516+0000] {processor.py:799} INFO - Processing file /opt/airflow/dags/7_branch_pythoon_operator.py for tasks to queue
[2026-09-13T02:41:57.518+0000] {logging_mixin.py:149} INFO - [2026-09-13T02:41:57.517+0000] {dagbag.py:541} INFO - Filling up the DagBag from /opt/airflow/dags/7_branch_pythoon_operator.py
[2026-09-13T02:41:57.556+0000] {processor.py:809} INFO - DAG(s) dict_keys(['7-branching']) retrieved from /opt/airflow/dags/7_branch_pythoon_operator.py
[2026-09-13T02:41:57.651+0000] {logging_mixin.py:149} INFO - [2026-09-13T02:41:57.651+0000] {dag.py:2726} INFO - Sync 1 DAGs
[2026-09-13T02:41:57.720+0000] {logging_mixin.py:149} INFO - [2026-09-13T02:41:57.719+0000] {dag.py:3490} INFO - Setting next_dagrun for 7-branching to 2023-04-15T00:00:00+00:00, run_after=2023-04-16T00:00:00+00:00
[2026-09-13T02:41:57.788+0000] {processor.py:178} INFO - Processing /opt/airflow/dags/7_branch_pythoon_operator.py took 0.291 seconds
[2026-09-13T02:42:27.952+0000] {processor.py:156} INFO - Started process (PID=163294) to work on /opt/airflow/dags/7_branch_pythoon_operator.py
[2026-09-13T02:42:27.956+0000] {processor.py:799} INFO - Processing file /opt/airflow/dags/7_branch_pythoon_operator.py for tasks to queue
[2026-09-13T02:42:27.957+0000] {logging_mixin.py:149} INFO - [2026-09-13T02:42:27.957+0000] {dagbag.py:541} INFO - Filling up the DagBag from /opt/airflow/dags/7_branch_pythoon_operator.py
[2026-09-13T02:42:27.987+0000] {processor.py:809} INFO - DAG(s) dict_keys(['7-branching']) retrieved from /opt/airflow/dags/7_branch_pythoon_operator.py
[2026-09-13T02:42:28.069+0000] {logging_mixin.py:149} INFO - [2026-09-13T02:42:28.069+0000] {dag.py:2726} INFO - Sync 1 DAGs
[2026-09-13T02:42:28.118+0000] {logging_mixin.py:149} INFO - [2026-09-13T02:42:28.117+0000] {dag.py:3490} INFO - Setting next_dagrun for 7-branching to 2023-04-15T00:00:00+00:00, run_after=2023-04-16T00:00:00+00:00
[2026-09-13T02:42:28.147+0000] {processor.py:178} INFO - Processing /opt/airflow/dags/7_branch_pythoon_operator.py took 0.203 seconds
[2026-09-13T02:42:58.330+0000] {processor.py:156} INFO - Started process (PID=163308) to work on /opt/airflow/dags/7_branch_pythoon_operator.py
[2026-09-13T02:42:58.333+0000] {processor.py:799} INFO - Processing file /opt/airflow/dags/7_branch_pythoon_operator.py for tasks to queue
[2026-09-13T02:42:58.334+0000] {logging_mixin.py:149} INFO - [2026-09-13T02:42:58.334+0000] {dagbag.py:541} INFO - Filling up the DagBag from /opt/airflow/dags/7_branch_pythoon_operator.py
[2026-09-13T02:42:58.374+0000] {processor.py:809} INFO - DAG(s) dict_keys(['7-branching']) retrieved from /opt/airflow/dags/7_branch_pythoon_operator.py
[2026-09-13T02:42:58.459+0000] {logging_mixin.py:149} INFO - [2026-09-13T02:42:58.459+0000] {dag.py:2726} INFO - Sync 1 DAGs
[2026-09-13T02:42:58.549+0000] {logging_mixin.py:149} INFO - [2026-09-13T02:42:58.549+0000] {dag.py:3490} INFO - Setting next_dagrun for 7-branching to 2023-04-15T00:00:00+00:00, run_after=2023-04-16T00:00:00+00:00
[2026-09-13T02:42:58.613+0000] {processor.py:178} INFO - Processing /opt/airflow/dags/7_branch_pythoon_operator.py took 0.290 seconds
[2026-09-13T02:43:28.899+0000] {processor.py:156} INFO - Started process (PID=163323) to work on /opt/airflow/dags/7_branch_pythoon_operator.py
[2026-09-13T02:43:28.904+0000] {processor.py:799} INFO - Processing file /opt/airflow/dags/7_branch_pythoon_operator.py for tasks to queue
[2026-09-13T02:43:28.907+0000] {logging_mixin.py:149} INFO - [2026-09-13T02:43:28.907+0000] {dagbag.py:541} INFO - Filling up the DagBag from /opt/airflow/dags/7_branch_pythoon_operator.py
[2026-09-13T02:43:28.947+0000] {processor.py:809} INFO - DAG(s) dict_keys(['7-branching']) retrieved from /opt/airflow/dags/7_branch_pythoon_operator.py
[2026-09-13T02:43:29.034+0000] {logging_mixin.py:149} INFO - [2026-09-13T02:43:29.034+0000] {dag.py:2726} INFO - Sync 1 DAGs
[2026-09-13T02:43:29.108+0000] {logging_mixin.py:149} INFO - [2026-09-13T02:43:29.107+0000] {dag.py:3490} INFO - Setting next_dagrun for 7-branching to 2023-04-15T00:00:00+00:00, run_after=2023-04-16T00:00:00+00:00
[2026-09-13T02:43:29.174+0000] {processor.py:178} INFO - Processing /opt/airflow/dags/7_branch_pythoon_operator.py took 0.288 seconds
[2026-09-13T02:43:59.360+0000] {processor.py:156} INFO - Started process (PID=163338) to work on /opt/airflow/dags/7_branch_pythoon_operator.py
[2026-09-13T02:43:59.365+0000] {processor.py:799} INFO - Processing file /opt/airflow/dags/7_branch_pythoon_operator.py for tasks to queue
[2026-09-13T02:43:59.367+0000] {logging_mixin.py:149} INFO - [2026-09-13T02:43:59.366+0000] {dagbag.py:541} INFO - Filling up the DagBag from /opt/airflow/dags/7_branch_pythoon_operator.py
[2026-09-13T02:43:59.396+0000] {processor.py:809} INFO - DAG(s) dict_keys(['7-branching']) retrieved from /opt/airflow/dags/7_branch_pythoon_operator.py
[2026-09-13T02:43:59.452+0000] {logging_mixin.py:149} INFO - [2026-09-13T02:43:59.451+0000] {dag.py:2726} INFO - Sync 1 DAGs
[2026-09-13T02:43:59.504+0000] {logging_mixin.py:149} INFO - [2026-09-13T02:43:59.503+0000] {dag.py:3490} INFO - Setting next_dagrun for 7-branching to 2023-04-15T00:00:00+00:00, run_after=2023-04-16T00:00:00+00:00
[2026-09-13T02:43:59.570+0000] {processor.py:178} INFO - Processing /opt/airflow/dags/7_branch_pythoon_operator.py took 0.219 seconds
[2026-09-13T02:44:29.790+0000] {processor.py:156} INFO - Started process (PID=163352) to work on /opt/airflow/dags/7_branch_pythoon_operator.py
[2026-09-13T02:44:29.795+0000] {processor.py:799} INFO - Processing file /opt/airflow/dags/7_branch_pythoon_operator.py for tasks to queue
[2026-09-13T02:44:29.797+0000] {logging_mixin.py:149} INFO - [2026-09-13T02:44:29.797+0000] {dagbag.py:541} INFO - Filling up the DagBag from /opt/airflow/dags/7_branch_pythoon_operator.py
[2026-09-13T02:44:29.839+0000] {processor.py:809} INFO - DAG(s) dict_keys(['7-branching']) retrieved from /opt/airflow/dags/7_branch_pythoon_operator.py
[2026-09-13T02:44:29.928+0000] {logging_mixin.py:149} INFO - [2026-09-13T02:44:29.928+0000] {dag.py:2726} INFO - Sync 1 DAGs
[2026-09-13T02:44:29.980+0000] {logging_mixin.py:149} INFO - [2026-09-13T02:44:29.980+0000] {dag.py:3490} INFO - Setting next_dagrun for 7-branching to 2023-04-15T00:00:00+00:00, run_after=2023-04-16T00:00:00+00:00
[2026-09-13T02:44:30.041+0000] {processor.py:178} INFO - Processing /opt/airflow/dags/7_branch_pythoon_operator.py took 0.264 seconds
[2026-09-13T02:45:00.139+0000] {processor.py:156} INFO - Started process (PID=163366) to work on /opt/airflow/dags/7_branch_pythoon_operator.py
[2026-09-13T02:45:00.152+0000] {processor.py:799} INFO - Processing file /opt/airflow/dags/7_branch_pythoon_operator.py for tasks to queue
[2026-09-13T02:45:00.155+0000] {logging_mixin.py:149} INFO - [2026-09-13T02:45:00.154+0000] {dagbag.py:541} INFO - Filling up the DagBag from /opt/airflow/dags/7_branch_pythoon_operator.py
[2026-09-13T02:45:00.204+0000] {processor.py:809} INFO - DAG(s) dict_keys(['7-branching']) retrieved from /opt/airflow/dags/7_branch_pythoon_operator.py
[2026-09-13T02:45:00.286+0000] {logging_mixin.py:149} INFO - [2026-09-13T02:45:00.285+0000] {dag.py:2726} INFO - Sync 1 DAGs
[2026-09-13T02:45:00.345+0000] {logging_mixin.py:149} INFO - [2026-09-13T02:45:00.345+0000] {dag.py:3490} INFO - Setting next_dagrun for 7-branching to 2023-04-15T00:00:00+00:00, run_after=2023-04-16T00:00:00+00:00
[2026-09-13T02:45:00.424+0000] {processor.py:178} INFO - Processing /opt/airflow/dags/7_branch_pythoon_operator.py took 0.295 seconds
[2026-09-13T02:45:30.602+0000] {processor.py:156} INFO - Started process (PID=163380) to work on /opt/airflow/dags/7_branch_pythoon_operator.py
[2026-09-13T02:45:30.604+0000] {processor.py:799} INFO - Processing file /opt/airflow/dags/7_branch_pythoon_operator.py for tasks to queue
[2026-09-13T02:45:30.605+0000] {logging_mixin.py:149} INFO - [2026-09-13T02:45:30.605+0000] {dagbag.py:541} INFO - Filling up the DagBag from /opt/airflow/dags/7_branch_pythoon_operator.py
[2026-09-13T02:45:30.627+0000] {processor.py:809} INFO - DAG(s) dict_keys(['7-branching']) retrieved from /opt/airflow/dags/7_branch_pythoon_operator.py
[2026-09-13T02:45:30.673+0000] {logging_mixin.py:149} INFO - [2026-09-13T02:45:30.673+0000] {dag.py:2726} INFO - Sync 1 DAGs
[2026-09-13T02:45:30.710+0000] {logging_mixin.py:149} INFO - [2026-09-13T02:45:30.710+0000] {dag.py:3490} INFO - Setting next_dagrun for 7-branching to 2023-04-15T00:00:00+00:00, run_after=2023-04-16T00:00:00+00:00
[2026-09-13T02:45:30.735+0000] {processor.py:178} INFO - Processing /opt/airflow/dags/7_branch_pythoon_operator.py took 0.143 seconds
[2026-09-13T02:46:00.945+0000] {processor.py:156} INFO - Started process (PID=163394) to work on /opt/airflow/dags/7_branch_pythoon_operator.py
[2026-09-13T02:46:00.949+0000] {processor.py:799} INFO - Processing file /opt/airflow/dags/7_branch_pythoon_operator.py for tasks to queue
[2026-09-13T02:46:00.950+0000] {logging_mixin.py:149} INFO - [2026-09-13T02:46:00.950+0000] {dagbag.py:541} INFO - Filling up the DagBag from /opt/airflow/dags/7_branch_pythoon_operator.py
[2026-09-13T02:46:00.979+0000] {processor.py:809} INFO - DAG(s) dict_keys(['7-branching']) retrieved from /opt/airflow/dags/7_branch_pythoon_operator.py
[2026-09-13T02:46:01.099+0000] {logging_mixin.py:149} INFO - [2026-09-13T02:46:01.099+0000] {dag.py:2726} INFO - Sync 1 DAGs
[2026-09-13T02:46:01.140+0000] {logging_mixin.py:149} INFO - [2026-09-13T02:46:01.140+0000] {dag.py:3490} INFO - Setting next_dagrun for 7-branching to 2023-04-15T00:00:00+00:00, run_after=2023-04-16T00:00:00+00:00
[2026-09-13T02:46:01.171+0000] {processor.py:178} INFO - Processing /opt/airflow/dags/7_branch_pythoon_operator.py took 0.231 seconds
[2026-09-13T02:46:31.380+0000] {processor.py:156} INFO - Started process (PID=163409) to work on /opt/airflow/dags/7_branch_pythoon_operator.py
[2026-09-13T02:46:31.387+0000] {processor.py:799} INFO - Processing file /opt/airflow/dags/7_branch_pythoon_operator.py for tasks to queue
[2026-09-13T02:46:31.389+0000] {logging_mixin.py:149} INFO - [2026-09-13T02:46:31.389+0000] {dagbag.py:541} INFO - Filling up the DagBag from /opt/airflow/dags/7_branch_pythoon_operator.py
[2026-09-13T02:46:31.419+0000] {processor.py:809} INFO - DAG(s) dict_keys(['7-branching']) retrieved from /opt/airflow/dags/7_branch_pythoon_operator.py
[2026-09-13T02:46:31.477+0000] {logging_mixin.py:149} INFO - [2026-09-13T02:46:31.477+0000] {dag.py:2726} INFO - Sync 1 DAGs
[2026-09-13T02:46:31.519+0000] {logging_mixin.py:149} INFO - [2026-09-13T02:46:31.519+0000] {dag.py:3490} INFO - Setting next_dagrun for 7-branching to 2023-04-15T00:00:00+00:00, run_after=2023-04-16T00:00:00+00:00
[2026-09-13T02:46:31.554+0000] {processor.py:178} INFO - Processing /opt/airflow/dags/7_branch_pythoon_operator.py took 0.182 seconds
[2026-09-13T02:47:01.877+0000] {processor.py:156} INFO - Started process (PID=163422) to work on /opt/airflow/dags/7_branch_pythoon_operator.py
[2026-09-13T02:47:01.883+0000] {processor.py:799} INFO - Processing file /opt/airflow/dags/7_branch_pythoon_operator.py for tasks to queue
[2026-09-13T02:47:01.885+0000] {logging_mixin.py:149} INFO - [2026-09-13T02:47:01.885+0000] {dagbag.py:541} INFO - Filling up the DagBag from /opt/airflow/dags/7_branch_pythoon_operator.py
[2026-09-13T02:47:01.917+0000] {processor.py:809} INFO - DAG(s) dict_keys(['7-branching']) retrieved from /opt/airflow/dags/7_branch_pythoon_operator.py
[2026-09-13T02:47:02.005+0000] {logging_mixin.py:149} INFO - [2026-09-13T02:47:02.005+0000] {dag.py:2726} INFO - Sync 1 DAGs
[2026-09-13T02:47:02.074+0000] {logging_mixin.py:149} INFO - [2026-09-13T02:47:02.073+0000] {dag.py:3490} INFO - Setting next_dagrun for 7-branching to 2023-04-15T00:00:00+00:00, run_after=2023-04-16T00:00:00+00:00
[2026-09-13T02:47:02.114+0000] {processor.py:178} INFO - Processing /opt/airflow/dags/7_branch_pythoon_operator.py took 0.255 seconds
[2026-09-13T02:47:32.323+0000] {processor.py:156} INFO - Started process (PID=163436) to work on /opt/airflow/dags/7_branch_pythoon_operator.py
[2026-09-13T02:47:32.326+0000] {processor.py:799} INFO - Processing file /opt/airflow/dags/7_branch_pythoon_operator.py for tasks to queue
[2026-09-13T02:47:32.328+0000] {logging_mixin.py:149} INFO - [2026-09-13T02:47:32.328+0000] {dagbag.py:541} INFO - Filling up the DagBag from /opt/airflow/dags/7_branch_pythoon_operator.py
[2026-09-13T02:47:32.364+0000] {processor.py:809} INFO - DAG(s) dict_keys(['7-branching']) retrieved from /opt/airflow/dags/7_branch_pythoon_operator.py
[2026-09-13T02:47:32.452+0000] {logging_mixin.py:149} INFO - [2026-09-13T02:47:32.452+0000] {dag.py:2726} INFO - Sync 1 DAGs
[2026-09-13T02:47:32.535+0000] {logging_mixin.py:149} INFO - [2026-09-13T02:47:32.535+0000] {dag.py:3490} INFO - Setting next_dagrun for 7-branching to 2023-04-15T00:00:00+00:00, run_after=2023-04-16T00:00:00+00:00
[2026-09-13T02:47:32.612+0000] {processor.py:178} INFO - Processing /opt/airflow/dags/7_branch_pythoon_operator.py took 0.300 seconds
[2026-09-13T02:48:02.846+0000] {processor.py:156} INFO - Started process (PID=163451) to work on /opt/airflow/dags/7_branch_pythoon_operator.py
[2026-09-13T02:48:02.852+0000] {processor.py:799} INFO - Processing file /opt/airflow/dags/7_branch_pythoon_operator.py for tasks to queue
[2026-09-13T02:48:02.854+0000] {logging_mixin.py:149} INFO - [2026-09-13T02:48:02.853+0000] {dagbag.py:541} INFO - Filling up the DagBag from /opt/airflow/dags/7_branch_pythoon_operator.py
[2026-09-13T02:48:02.888+0000] {processor.py:809} INFO - DAG(s) dict_keys(['7-branching']) retrieved from /opt/airflow/dags/7_branch_pythoon_operator.py
[2026-09-13T02:48:02.977+0000] {logging_mixin.py:149} INFO - [2026-09-13T02:48:02.977+0000] {dag.py:2726} INFO - Sync 1 DAGs
[2026-09-13T02:48:03.055+0000] {logging_mixin.py:149} INFO - [2026-09-13T02:48:03.054+0000] {dag.py:3490} INFO - Setting next_dagrun for 7-branching to 2023-04-15T00:00:00+00:00, run_after=2023-04-16T00:00:00+00:00
[2026-09-13T02:48:03.112+0000] {processor.py:178} INFO - Processing /opt/airflow/dags/7_branch_pythoon_operator.py took 0.275 seconds
[2026-09-13T02:48:33.291+0000] {processor.py:156} INFO - Started process (PID=163465) to work on /opt/airflow/dags/7_branch_pythoon_operator.py
[2026-09-13T02:48:33.295+0000] {processor.py:799} INFO - Processing file /opt/airflow/dags/7_branch_pythoon_operator.py for tasks to queue
[2026-09-13T02:48:33.297+0000] {logging_mixin.py:149} INFO - [2026-09-13T02:48:33.296+0000] {dagbag.py:541} INFO - Filling up the DagBag from /opt/airflow/dags/7_branch_pythoon_operator.py
[2026-09-13T02:48:33.329+0000] {processor.py:809} INFO - DAG(s) dict_keys(['7-branching']) retrieved from /opt/airflow/dags/7_branch_pythoon_operator.py
[2026-09-13T02:48:33.388+0000] {logging_mixin.py:149} INFO - [2026-09-13T02:48:33.387+0000] {dag.py:2726} INFO - Sync 1 DAGs
[2026-09-13T02:48:33.448+0000] {logging_mixin.py:149} INFO - [2026-09-13T02:48:33.448+0000] {dag.py:3490} INFO - Setting next_dagrun for 7-branching to 2023-04-15T00:00:00+00:00, run_after=2023-04-16T00:00:00+00:00
[2026-09-13T02:48:33.495+0000] {processor.py:178} INFO - Processing /opt/airflow/dags/7_branch_pythoon_operator.py took 0.214 seconds
[2026-09-13T02:49:03.651+0000] {processor.py:156} INFO - Started process (PID=163479) to work on /opt/airflow/dags/7_branch_pythoon_operator.py
[2026-09-13T02:49:03.654+0000] {processor.py:799} INFO - Processing file /opt/airflow/dags/7_branch_pythoon_operator.py for tasks to queue
[2026-09-13T02:49:03.656+0000] {logging_mixin.py:149} INFO - [2026-09-13T02:49:03.656+0000] {dagbag.py:541} INFO - Filling up the DagBag from /opt/airflow/dags/7_branch_pythoon_operator.py
[2026-09-13T02:49:03.688+0000] {processor.py:809} INFO - DAG(s) dict_keys(['7-branching']) retrieved from /opt/airflow/dags/7_branch_pythoon_operator.py
[2026-09-13T02:49:03.743+0000] {logging_mixin.py:149} INFO - [2026-09-13T02:49:03.743+0000] {dag.py:2726} INFO - Sync 1 DAGs
[2026-09-13T02:49:03.779+0000] {logging_mixin.py:149} INFO - [2026-09-13T02:49:03.779+0000] {dag.py:3490} INFO - Setting next_dagrun for 7-branching to 2023-04-15T00:00:00+00:00, run_after=2023-04-16T00:00:00+00:00
[2026-09-13T02:49:03.822+0000] {processor.py:178} INFO - Processing /opt/airflow/dags/7_branch_pythoon_operator.py took 0.181 seconds
[2026-09-13T02:49:34.031+0000] {processor.py:156} INFO - Started process (PID=163493) to work on /opt/airflow/dags/7_branch_pythoon_operator.py
[2026-09-13T02:49:34.035+0000] {processor.py:799} INFO - Processing file /opt/airflow/dags/7_branch_pythoon_operator.py for tasks to queue
[2026-09-13T02:49:34.037+0000] {logging_mixin.py:149} INFO - [2026-09-13T02:49:34.037+0000] {dagbag.py:541} INFO - Filling up the DagBag from /opt/airflow/dags/7_branch_pythoon_operator.py
[2026-09-13T02:49:34.063+0000] {processor.py:809} INFO - DAG(s) dict_keys(['7-branching']) retrieved from /opt/airflow/dags/7_branch_pythoon_operator.py
[2026-09-13T02:49:34.112+0000] {logging_mixin.py:149} INFO - [2026-09-13T02:49:34.112+0000] {dag.py:2726} INFO - Sync 1 DAGs
[2026-09-13T02:49:34.151+0000] {logging_mixin.py:149} INFO - [2026-09-13T02:49:34.150+0000] {dag.py:3490} INFO - Setting next_dagrun for 7-branching to 2023-04-15T00:00:00+00:00, run_after=2023-04-16T00:00:00+00:00
[2026-09-13T02:49:34.176+0000] {processor.py:178} INFO - Processing /opt/airflow/dags/7_branch_pythoon_operator.py took 0.154 seconds
[2026-09-13T02:50:04.437+0000] {processor.py:156} INFO - Started process (PID=163506) to work on /opt/airflow/dags/7_branch_pythoon_operator.py
[2026-09-13T02:50:04.441+0000] {processor.py:799} INFO - Processing file /opt/airflow/dags/7_branch_pythoon_operator.py for tasks to queue
[2026-09-13T02:50:04.443+0000] {logging_mixin.py:149} INFO - [2026-09-13T02:50:04.443+0000] {dagbag.py:541} INFO - Filling up the DagBag from /opt/airflow/dags/7_branch_pythoon_operator.py
[2026-09-13T02:50:04.478+0000] {processor.py:809} INFO - DAG(s) dict_keys(['7-branching']) retrieved from /opt/airflow/dags/7_branch_pythoon_operator.py
[2026-09-13T02:50:04.558+0000] {logging_mixin.py:149} INFO - [2026-09-13T02:50:04.558+0000] {dag.py:2726} INFO - Sync 1 DAGs
[2026-09-13T02:50:04.617+0000] {logging_mixin.py:149} INFO - [2026-09-13T02:50:04.617+0000] {dag.py:3490} INFO - Setting next_dagrun for 7-branching to 2023-04-15T00:00:00+00:00, run_after=2023-04-16T00:00:00+00:00
[2026-09-13T02:50:04.671+0000] {processor.py:178} INFO - Processing /opt/airflow/dags/7_branch_pythoon_operator.py took 0.246 seconds
[2026-09-13T02:50:34.915+0000] {processor.py:156} INFO - Started process (PID=163520) to work on /opt/airflow/dags/7_branch_pythoon_operator.py
[2026-09-13T02:50:34.920+0000] {processor.py:799} INFO - Processing file /opt/airflow/dags/7_branch_pythoon_operator.py for tasks to queue
[2026-09-13T02:50:34.922+0000] {logging_mixin.py:149} INFO - [2026-09-13T02:50:34.922+0000] {dagbag.py:541} INFO - Filling up the DagBag from /opt/airflow/dags/7_branch_pythoon_operator.py
[2026-09-13T02:50:34.960+0000] {processor.py:809} INFO - DAG(s) dict_keys(['7-branching']) retrieved from /opt/airflow/dags/7_branch_pythoon_operator.py
[2026-09-13T02:50:35.047+0000] {logging_mixin.py:149} INFO - [2026-09-13T02:50:35.047+0000] {dag.py:2726} INFO - Sync 1 DAGs
[2026-09-13T02:50:35.116+0000] {logging_mixin.py:149} INFO - [2026-09-13T02:50:35.115+0000] {dag.py:3490} INFO - Setting next_dagrun for 7-branching to 2023-04-15T00:00:00+00:00, run_after=2023-04-16T00:00:00+00:00
[2026-09-13T02:50:35.174+0000] {processor.py:178} INFO - Processing /opt/airflow/dags/7_branch_pythoon_operator.py took 0.270 seconds
[2026-09-13T02:51:05.313+0000] {processor.py:156} INFO - Started process (PID=163534) to work on /opt/airflow/dags/7_branch_pythoon_operator.py
[2026-09-13T02:51:05.316+0000] {processor.py:799} INFO - Processing file /opt/airflow/dags/7_branch_pythoon_operator.py for tasks to queue
[2026-09-13T02:51:05.318+0000] {logging_mixin.py:149} INFO - [2026-09-13T02:51:05.318+0000] {dagbag.py:541} INFO - Filling up the DagBag from /opt/airflow/dags/7_branch_pythoon_operator.py
[2026-09-13T02:51:05.350+0000] {processor.py:809} INFO - DAG(s) dict_keys(['7-branching']) retrieved from /opt/airflow/dags/7_branch_pythoon_operator.py
[2026-09-13T02:51:05.435+0000] {logging_mixin.py:149} INFO - [2026-09-13T02:51:05.434+0000] {dag.py:2726} INFO - Sync 1 DAGs
[2026-09-13T02:51:05.506+0000] {logging_mixin.py:149} INFO - [2026-09-13T02:51:05.505+0000] {dag.py:3490} INFO - Setting next_dagrun for 7-branching to 2023-04-15T00:00:00+00:00, run_after=2023-04-16T00:00:00+00:00
[2026-09-13T02:51:05.584+0000] {processor.py:178} INFO - Processing /opt/airflow/dags/7_branch_pythoon_operator.py took 0.291 seconds
[2026-09-13T02:51:35.797+0000] {processor.py:156} INFO - Started process (PID=163548) to work on /opt/airflow/dags/7_branch_pythoon_operator.py
[2026-09-13T02:51:35.805+0000] {processor.py:799} INFO - Processing file /opt/airflow/dags/7_branch_pythoon_operator.py for tasks to queue
[2026-09-13T02:51:35.807+0000] {logging_mixin.py:149} INFO - [2026-09-13T02:51:35.807+0000] {dagbag.py:541} INFO - Filling up the DagBag from /opt/airflow/dags/7_branch_pythoon_operator.py
[2026-09-13T02:51:35.852+0000] {processor.py:809} INFO - DAG(s) dict_keys(['7-branching']) retrieved from /opt/airflow/dags/7_branch_pythoon_operator.py
[2026-09-13T02:51:35.948+0000] {logging_mixin.py:149} INFO - [2026-09-13T02:51:35.948+0000] {dag.py:2726} INFO - Sync 1 DAGs
[2026-09-13T02:51:36.016+0000] {logging_mixin.py:149} INFO - [2026-09-13T02:51:36.015+0000] {dag.py:3490} INFO - Setting next_dagrun for 7-branching to 2023-04-15T00:00:00+00:00, run_after=2023-04-16T00:00:00+00:00
[2026-09-13T02:51:36.071+0000] {processor.py:178} INFO - Processing /opt/airflow/dags/7_branch_pythoon_operator.py took 0.289 seconds
[2026-09-13T02:52:06.192+0000] {processor.py:156} INFO - Started process (PID=163562) to work on /opt/airflow/dags/7_branch_pythoon_operator.py
[2026-09-13T02:52:06.195+0000] {processor.py:799} INFO - Processing file /opt/airflow/dags/7_branch_pythoon_operator.py for tasks to queue
[2026-09-13T02:52:06.198+0000] {logging_mixin.py:149} INFO - [2026-09-13T02:52:06.198+0000] {dagbag.py:541} INFO - Filling up the DagBag from /opt/airflow/dags/7_branch_pythoon_operator.py
[2026-09-13T02:52:06.228+0000] {processor.py:809} INFO - DAG(s) dict_keys(['7-branching']) retrieved from /opt/airflow/dags/7_branch_pythoon_operator.py
[2026-09-13T02:52:06.321+0000] {logging_mixin.py:149} INFO - [2026-09-13T02:52:06.321+0000] {dag.py:2726} INFO - Sync 1 DAGs
[2026-09-13T02:52:06.393+0000] {logging_mixin.py:149} INFO - [2026-09-13T02:52:06.392+0000] {dag.py:3490} INFO - Setting next_dagrun for 7-branching to 2023-04-15T00:00:00+00:00, run_after=2023-04-16T00:00:00+00:00
[2026-09-13T02:52:06.467+0000] {processor.py:178} INFO - Processing /opt/airflow/dags/7_branch_pythoon_operator.py took 0.286 seconds
[2026-09-13T02:52:36.630+0000] {processor.py:156} INFO - Started process (PID=163576) to work on /opt/airflow/dags/7_branch_pythoon_operator.py
[2026-09-13T02:52:36.635+0000] {processor.py:799} INFO - Processing file /opt/airflow/dags/7_branch_pythoon_operator.py for tasks to queue
[2026-09-13T02:52:36.636+0000] {logging_mixin.py:149} INFO - [2026-09-13T02:52:36.636+0000] {dagbag.py:541} INFO - Filling up the DagBag from /opt/airflow/dags/7_branch_pythoon_operator.py
[2026-09-13T02:52:36.689+0000] {processor.py:809} INFO - DAG(s) dict_keys(['7-branching']) retrieved from /opt/airflow/dags/7_branch_pythoon_operator.py
[2026-09-13T02:52:36.780+0000] {logging_mixin.py:149} INFO - [2026-09-13T02:52:36.780+0000] {dag.py:2726} INFO - Sync 1 DAGs
[2026-09-13T02:52:36.863+0000] {logging_mixin.py:149} INFO - [2026-09-13T02:52:36.863+0000] {dag.py:3490} INFO - Setting next_dagrun for 7-branching to 2023-04-15T00:00:00+00:00, run_after=2023-04-16T00:00:00+00:00
[2026-09-13T02:52:36.932+0000] {processor.py:178} INFO - Processing /opt/airflow/dags/7_branch_pythoon_operator.py took 0.316 seconds
[2026-09-13T02:53:07.006+0000] {processor.py:156} INFO - Started process (PID=163590) to work on /opt/airflow/dags/7_branch_pythoon_operator.py
[2026-09-13T02:53:07.012+0000] {processor.py:799} INFO - Processing file /opt/airflow/dags/7_branch_pythoon_operator.py for tasks to queue
[2026-09-13T02:53:07.015+0000] {logging_mixin.py:149} INFO - [2026-09-13T02:53:07.014+0000] {dagbag.py:541} INFO - Filling up the DagBag from /opt/airflow/dags/7_branch_pythoon_operator.py
[2026-09-13T02:53:07.052+0000] {processor.py:809} INFO - DAG(s) dict_keys(['7-branching']) retrieved from /opt/airflow/dags/7_branch_pythoon_operator.py
[2026-09-13T02:53:07.129+0000] {logging_mixin.py:149} INFO - [2026-09-13T02:53:07.129+0000] {dag.py:2726} INFO - Sync 1 DAGs
[2026-09-13T02:53:07.179+0000] {logging_mixin.py:149} INFO - [2026-09-13T02:53:07.179+0000] {dag.py:3490} INFO - Setting next_dagrun for 7-branching to 2023-04-15T00:00:00+00:00, run_after=2023-04-16T00:00:00+00:00
[2026-09-13T02:53:07.244+0000] {processor.py:178} INFO - Processing /opt/airflow/dags/7_branch_pythoon_operator.py took 0.250 seconds
[2026-09-13T02:53:37.470+0000] {processor.py:156} INFO - Started process (PID=163602) to work on /opt/airflow/dags/7_branch_pythoon_operator.py
[2026-09-13T02:53:37.474+0000] {processor.py:799} INFO - Processing file /opt/airflow/dags/7_branch_pythoon_operator.py for tasks to queue
[2026-09-13T02:53:37.476+0000] {logging_mixin.py:149} INFO - [2026-09-13T02:53:37.476+0000] {dagbag.py:541} INFO - Filling up the DagBag from /opt/airflow/dags/7_branch_pythoon_operator.py
[2026-09-13T02:53:37.519+0000] {processor.py:809} INFO - DAG(s) dict_keys(['7-branching']) retrieved from /opt/airflow/dags/7_branch_pythoon_operator.py
[2026-09-13T02:53:37.615+0000] {logging_mixin.py:149} INFO - [2026-09-13T02:53:37.614+0000] {dag.py:2726} INFO - Sync 1 DAGs
[2026-09-13T02:53:37.664+0000] {logging_mixin.py:149} INFO - [2026-09-13T02:53:37.664+0000] {dag.py:3490} INFO - Setting next_dagrun for 7-branching to 2023-04-15T00:00:00+00:00, run_after=2023-04-16T00:00:00+00:00
[2026-09-13T02:53:37.694+0000] {processor.py:178} INFO - Processing /opt/airflow/dags/7_branch_pythoon_operator.py took 0.236 seconds
[2026-09-13T02:54:08.054+0000] {processor.py:156} INFO - Started process (PID=163616) to work on /opt/airflow/dags/7_branch_pythoon_operator.py
[2026-09-13T02:54:08.057+0000] {processor.py:799} INFO - Processing file /opt/airflow/dags/7_branch_pythoon_operator.py for tasks to queue
[2026-09-13T02:54:08.059+0000] {logging_mixin.py:149} INFO - [2026-09-13T02:54:08.059+0000] {dagbag.py:541} INFO - Filling up the DagBag from /opt/airflow/dags/7_branch_pythoon_operator.py
[2026-09-13T02:54:08.097+0000] {processor.py:809} INFO - DAG(s) dict_keys(['7-branching']) retrieved from /opt/airflow/dags/7_branch_pythoon_operator.py
[2026-09-13T02:54:08.163+0000] {logging_mixin.py:149} INFO - [2026-09-13T02:54:08.163+0000] {dag.py:2726} INFO - Sync 1 DAGs
[2026-09-13T02:54:08.204+0000] {logging_mixin.py:149} INFO - [2026-09-13T02:54:08.204+0000] {dag.py:3490} INFO - Setting next_dagrun for 7-branching to 2023-04-15T00:00:00+00:00, run_after=2023-04-16T00:00:00+00:00
[2026-09-13T02:54:08.240+0000] {processor.py:178} INFO - Processing /opt/airflow/dags/7_branch_pythoon_operator.py took 0.198 seconds
[2026-09-13T02:54:38.368+0000] {processor.py:156} INFO - Started process (PID=163630) to work on /opt/airflow/dags/7_branch_pythoon_operator.py
[2026-09-13T02:54:38.372+0000] {processor.py:799} INFO - Processing file /opt/airflow/dags/7_branch_pythoon_operator.py for tasks to queue
[2026-09-13T02:54:38.374+0000] {logging_mixin.py:149} INFO - [2026-09-13T02:54:38.374+0000] {dagbag.py:541} INFO - Filling up the DagBag from /opt/airflow/dags/7_branch_pythoon_operator.py
[2026-09-13T02:54:38.406+0000] {processor.py:809} INFO - DAG(s) dict_keys(['7-branching']) retrieved from /opt/airflow/dags/7_branch_pythoon_operator.py
[2026-09-13T02:54:38.506+0000] {logging_mixin.py:149} INFO - [2026-09-13T02:54:38.506+0000] {dag.py:2726} INFO - Sync 1 DAGs
[2026-09-13T02:54:38.554+0000] {logging_mixin.py:149} INFO - [2026-09-13T02:54:38.554+0000] {dag.py:3490} INFO - Setting next_dagrun for 7-branching to 2023-04-15T00:00:00+00:00, run_after=2023-04-16T00:00:00+00:00
[2026-09-13T02:54:38.595+0000] {processor.py:178} INFO - Processing /opt/airflow/dags/7_branch_pythoon_operator.py took 0.237 seconds
[2026-09-13T02:55:08.943+0000] {processor.py:156} INFO - Started process (PID=163643) to work on /opt/airflow/dags/7_branch_pythoon_operator.py
[2026-09-13T02:55:08.947+0000] {processor.py:799} INFO - Processing file /opt/airflow/dags/7_branch_pythoon_operator.py for tasks to queue
[2026-09-13T02:55:08.949+0000] {logging_mixin.py:149} INFO - [2026-09-13T02:55:08.948+0000] {dagbag.py:541} INFO - Filling up the DagBag from /opt/airflow/dags/7_branch_pythoon_operator.py
[2026-09-13T02:55:08.981+0000] {processor.py:809} INFO - DAG(s) dict_keys(['7-branching']) retrieved from /opt/airflow/dags/7_branch_pythoon_operator.py
[2026-09-13T02:55:09.070+0000] {logging_mixin.py:149} INFO - [2026-09-13T02:55:09.070+0000] {dag.py:2726} INFO - Sync 1 DAGs
[2026-09-13T02:55:09.166+0000] {logging_mixin.py:149} INFO - [2026-09-13T02:55:09.165+0000] {dag.py:3490} INFO - Setting next_dagrun for 7-branching to 2023-04-15T00:00:00+00:00, run_after=2023-04-16T00:00:00+00:00
[2026-09-13T02:55:09.223+0000] {processor.py:178} INFO - Processing /opt/airflow/dags/7_branch_pythoon_operator.py took 0.291 seconds
[2026-09-13T02:55:39.538+0000] {processor.py:156} INFO - Started process (PID=163657) to work on /opt/airflow/dags/7_branch_pythoon_operator.py
[2026-09-13T02:55:39.541+0000] {processor.py:799} INFO - Processing file /opt/airflow/dags/7_branch_pythoon_operator.py for tasks to queue
[2026-09-13T02:55:39.543+0000] {logging_mixin.py:149} INFO - [2026-09-13T02:55:39.543+0000] {dagbag.py:541} INFO - Filling up the DagBag from /opt/airflow/dags/7_branch_pythoon_operator.py
[2026-09-13T02:55:39.577+0000] {processor.py:809} INFO - DAG(s) dict_keys(['7-branching']) retrieved from /opt/airflow/dags/7_branch_pythoon_operator.py
[2026-09-13T02:55:39.657+0000] {logging_mixin.py:149} INFO - [2026-09-13T02:55:39.657+0000] {dag.py:2726} INFO - Sync 1 DAGs
[2026-09-13T02:55:39.723+0000] {logging_mixin.py:149} INFO - [2026-09-13T02:55:39.722+0000] {dag.py:3490} INFO - Setting next_dagrun for 7-branching to 2023-04-15T00:00:00+00:00, run_after=2023-04-16T00:00:00+00:00
[2026-09-13T02:55:39.779+0000] {processor.py:178} INFO - Processing /opt/airflow/dags/7_branch_pythoon_operator.py took 0.254 seconds
[2026-09-13T02:56:10.129+0000] {processor.py:156} INFO - Started process (PID=163671) to work on /opt/airflow/dags/7_branch_pythoon_operator.py
[2026-09-13T02:56:10.133+0000] {processor.py:799} INFO - Processing file /opt/airflow/dags/7_branch_pythoon_operator.py for tasks to queue
[2026-09-13T02:56:10.135+0000] {logging_mixin.py:149} INFO - [2026-09-13T02:56:10.135+0000] {dagbag.py:541} INFO - Filling up the DagBag from /opt/airflow/dags/7_branch_pythoon_operator.py
[2026-09-13T02:56:10.169+0000] {processor.py:809} INFO - DAG(s) dict_keys(['7-branching']) retrieved from /opt/airflow/dags/7_branch_pythoon_operator.py
[2026-09-13T02:56:10.247+0000] {logging_mixin.py:149} INFO - [2026-09-13T02:56:10.247+0000] {dag.py:2726} INFO - Sync 1 DAGs
[2026-09-13T02:56:10.302+0000] {logging_mixin.py:149} INFO - [2026-09-13T02:56:10.301+0000] {dag.py:3490} INFO - Setting next_dagrun for 7-branching to 2023-04-15T00:00:00+00:00, run_after=2023-04-16T00:00:00+00:00
[2026-09-13T02:56:10.333+0000] {processor.py:178} INFO - Processing /opt/airflow/dags/7_branch_pythoon_operator.py took 0.216 seconds
[2026-09-13T02:56:40.417+0000] {processor.py:156} INFO - Started process (PID=163685) to work on /opt/airflow/dags/7_branch_pythoon_operator.py
[2026-09-13T02:56:40.421+0000] {processor.py:799} INFO - Processing file /opt/airflow/dags/7_branch_pythoon_operator.py for tasks to queue
[2026-09-13T02:56:40.423+0000] {logging_mixin.py:149} INFO - [2026-09-13T02:56:40.422+0000] {dagbag.py:541} INFO - Filling up the DagBag from /opt/airflow/dags/7_branch_pythoon_operator.py
[2026-09-13T02:56:40.458+0000] {processor.py:809} INFO - DAG(s) dict_keys(['7-branching']) retrieved from /opt/airflow/dags/7_branch_pythoon_operator.py
[2026-09-13T02:56:40.525+0000] {logging_mixin.py:149} INFO - [2026-09-13T02:56:40.525+0000] {dag.py:2726} INFO - Sync 1 DAGs
[2026-09-13T02:56:40.587+0000] {logging_mixin.py:149} INFO - [2026-09-13T02:56:40.587+0000] {dag.py:3490} INFO - Setting next_dagrun for 7-branching to 2023-04-15T00:00:00+00:00, run_after=2023-04-16T00:00:00+00:00
[2026-09-13T02:56:40.639+0000] {processor.py:178} INFO - Processing /opt/airflow/dags/7_branch_pythoon_operator.py took 0.232 seconds
[2026-09-13T02:57:10.798+0000] {processor.py:156} INFO - Started process (PID=163698) to work on /opt/airflow/dags/7_branch_pythoon_operator.py
[2026-09-13T02:57:10.810+0000] {processor.py:799} INFO - Processing file /opt/airflow/dags/7_branch_pythoon_operator.py for tasks to queue
[2026-09-13T02:57:10.812+0000] {logging_mixin.py:149} INFO - [2026-09-13T02:57:10.812+0000] {dagbag.py:541} INFO - Filling up the DagBag from /opt/airflow/dags/7_branch_pythoon_operator.py
[2026-09-13T02:57:10.849+0000] {processor.py:809} INFO - DAG(s) dict_keys(['7-branching']) retrieved from /opt/airflow/dags/7_branch_pythoon_operator.py
[2026-09-13T02:57:10.944+0000] {logging_mixin.py:149} INFO - [2026-09-13T02:57:10.944+0000] {dag.py:2726} INFO - Sync 1 DAGs
[2026-09-13T02:57:11.011+0000] {logging_mixin.py:149} INFO - [2026-09-13T02:57:11.011+0000] {dag.py:3490} INFO - Setting next_dagrun for 7-branching to 2023-04-15T00:00:00+00:00, run_after=2023-04-16T00:00:00+00:00
[2026-09-13T02:57:11.044+0000] {processor.py:178} INFO - Processing /opt/airflow/dags/7_branch_pythoon_operator.py took 0.255 seconds
[2026-09-13T02:57:41.142+0000] {processor.py:156} INFO - Started process (PID=163712) to work on /opt/airflow/dags/7_branch_pythoon_operator.py
[2026-09-13T02:57:41.146+0000] {processor.py:799} INFO - Processing file /opt/airflow/dags/7_branch_pythoon_operator.py for tasks to queue
[2026-09-13T02:57:41.148+0000] {logging_mixin.py:149} INFO - [2026-09-13T02:57:41.148+0000] {dagbag.py:541} INFO - Filling up the DagBag from /opt/airflow/dags/7_branch_pythoon_operator.py
[2026-09-13T02:57:41.184+0000] {processor.py:809} INFO - DAG(s) dict_keys(['7-branching']) retrieved from /opt/airflow/dags/7_branch_pythoon_operator.py
[2026-09-13T02:57:41.279+0000] {logging_mixin.py:149} INFO - [2026-09-13T02:57:41.278+0000] {dag.py:2726} INFO - Sync 1 DAGs
[2026-09-13T02:57:41.366+0000] {logging_mixin.py:149} INFO - [2026-09-13T02:57:41.366+0000] {dag.py:3490} INFO - Setting next_dagrun for 7-branching to 2023-04-15T00:00:00+00:00, run_after=2023-04-16T00:00:00+00:00
[2026-09-13T02:57:41.439+0000] {processor.py:178} INFO - Processing /opt/airflow/dags/7_branch_pythoon_operator.py took 0.308 seconds
[2026-09-13T02:58:11.665+0000] {processor.py:156} INFO - Started process (PID=163726) to work on /opt/airflow/dags/7_branch_pythoon_operator.py
[2026-09-13T02:58:11.668+0000] {processor.py:799} INFO - Processing file /opt/airflow/dags/7_branch_pythoon_operator.py for tasks to queue
[2026-09-13T02:58:11.670+0000] {logging_mixin.py:149} INFO - [2026-09-13T02:58:11.670+0000] {dagbag.py:541} INFO - Filling up the DagBag from /opt/airflow/dags/7_branch_pythoon_operator.py
[2026-09-13T02:58:11.705+0000] {processor.py:809} INFO - DAG(s) dict_keys(['7-branching']) retrieved from /opt/airflow/dags/7_branch_pythoon_operator.py
[2026-09-13T02:58:11.798+0000] {logging_mixin.py:149} INFO - [2026-09-13T02:58:11.797+0000] {dag.py:2726} INFO - Sync 1 DAGs
[2026-09-13T02:58:11.865+0000] {logging_mixin.py:149} INFO - [2026-09-13T02:58:11.865+0000] {dag.py:3490} INFO - Setting next_dagrun for 7-branching to 2023-04-15T00:00:00+00:00, run_after=2023-04-16T00:00:00+00:00
[2026-09-13T02:58:11.907+0000] {processor.py:178} INFO - Processing /opt/airflow/dags/7_branch_pythoon_operator.py took 0.256 seconds
[2026-09-13T02:58:42.119+0000] {processor.py:156} INFO - Started process (PID=163740) to work on /opt/airflow/dags/7_branch_pythoon_operator.py
[2026-09-13T02:58:42.123+0000] {processor.py:799} INFO - Processing file /opt/airflow/dags/7_branch_pythoon_operator.py for tasks to queue
[2026-09-13T02:58:42.124+0000] {logging_mixin.py:149} INFO - [2026-09-13T02:58:42.124+0000] {dagbag.py:541} INFO - Filling up the DagBag from /opt/airflow/dags/7_branch_pythoon_operator.py
[2026-09-13T02:58:42.153+0000] {processor.py:809} INFO - DAG(s) dict_keys(['7-branching']) retrieved from /opt/airflow/dags/7_branch_pythoon_operator.py
[2026-09-13T02:58:42.224+0000] {logging_mixin.py:149} INFO - [2026-09-13T02:58:42.224+0000] {dag.py:2726} INFO - Sync 1 DAGs
[2026-09-13T02:58:42.293+0000] {logging_mixin.py:149} INFO - [2026-09-13T02:58:42.292+0000] {dag.py:3490} INFO - Setting next_dagrun for 7-branching to 2023-04-15T00:00:00+00:00, run_after=2023-04-16T00:00:00+00:00
[2026-09-13T02:58:42.346+0000] {processor.py:178} INFO - Processing /opt/airflow/dags/7_branch_pythoon_operator.py took 0.235 seconds
[2026-09-13T02:59:12.546+0000] {processor.py:156} INFO - Started process (PID=163754) to work on /opt/airflow/dags/7_branch_pythoon_operator.py
[2026-09-13T02:59:12.549+0000] {processor.py:799} INFO - Processing file /opt/airflow/dags/7_branch_pythoon_operator.py for tasks to queue
[2026-09-13T02:59:12.551+0000] {logging_mixin.py:149} INFO - [2026-09-13T02:59:12.551+0000] {dagbag.py:541} INFO - Filling up the DagBag from /opt/airflow/dags/7_branch_pythoon_operator.py
[2026-09-13T02:59:12.585+0000] {processor.py:809} INFO - DAG(s) dict_keys(['7-branching']) retrieved from /opt/airflow/dags/7_branch_pythoon_operator.py
[2026-09-13T02:59:12.678+0000] {logging_mixin.py:149} INFO - [2026-09-13T02:59:12.677+0000] {dag.py:2726} INFO - Sync 1 DAGs
[2026-09-13T02:59:12.747+0000] {logging_mixin.py:149} INFO - [2026-09-13T02:59:12.746+0000] {dag.py:3490} INFO - Setting next_dagrun for 7-branching to 2023-04-15T00:00:00+00:00, run_after=2023-04-16T00:00:00+00:00
[2026-09-13T02:59:12.813+0000] {processor.py:178} INFO - Processing /opt/airflow/dags/7_branch_pythoon_operator.py took 0.279 seconds
[2026-09-13T02:59:42.995+0000] {processor.py:156} INFO - Started process (PID=163769) to work on /opt/airflow/dags/7_branch_pythoon_operator.py
[2026-09-13T02:59:42.999+0000] {processor.py:799} INFO - Processing file /opt/airflow/dags/7_branch_pythoon_operator.py for tasks to queue
[2026-09-13T02:59:43.000+0000] {logging_mixin.py:149} INFO - [2026-09-13T02:59:43.000+0000] {dagbag.py:541} INFO - Filling up the DagBag from /opt/airflow/dags/7_branch_pythoon_operator.py
[2026-09-13T02:59:43.035+0000] {processor.py:809} INFO - DAG(s) dict_keys(['7-branching']) retrieved from /opt/airflow/dags/7_branch_pythoon_operator.py
[2026-09-13T02:59:43.123+0000] {logging_mixin.py:149} INFO - [2026-09-13T02:59:43.123+0000] {dag.py:2726} INFO - Sync 1 DAGs
[2026-09-13T02:59:43.204+0000] {logging_mixin.py:149} INFO - [2026-09-13T02:59:43.203+0000] {dag.py:3490} INFO - Setting next_dagrun for 7-branching to 2023-04-15T00:00:00+00:00, run_after=2023-04-16T00:00:00+00:00
[2026-09-13T02:59:43.268+0000] {processor.py:178} INFO - Processing /opt/airflow/dags/7_branch_pythoon_operator.py took 0.283 seconds
[2026-09-13T03:00:13.429+0000] {processor.py:156} INFO - Started process (PID=163784) to work on /opt/airflow/dags/7_branch_pythoon_operator.py
[2026-09-13T03:00:13.432+0000] {processor.py:799} INFO - Processing file /opt/airflow/dags/7_branch_pythoon_operator.py for tasks to queue
[2026-09-13T03:00:13.434+0000] {logging_mixin.py:149} INFO - [2026-09-13T03:00:13.434+0000] {dagbag.py:541} INFO - Filling up the DagBag from /opt/airflow/dags/7_branch_pythoon_operator.py
[2026-09-13T03:00:13.468+0000] {processor.py:809} INFO - DAG(s) dict_keys(['7-branching']) retrieved from /opt/airflow/dags/7_branch_pythoon_operator.py
[2026-09-13T03:00:13.528+0000] {logging_mixin.py:149} INFO - [2026-09-13T03:00:13.528+0000] {dag.py:2726} INFO - Sync 1 DAGs
[2026-09-13T03:00:13.574+0000] {logging_mixin.py:149} INFO - [2026-09-13T03:00:13.573+0000] {dag.py:3490} INFO - Setting next_dagrun for 7-branching to 2023-04-15T00:00:00+00:00, run_after=2023-04-16T00:00:00+00:00
[2026-09-13T03:00:13.633+0000] {processor.py:178} INFO - Processing /opt/airflow/dags/7_branch_pythoon_operator.py took 0.216 seconds
[2026-09-13T03:00:43.906+0000] {processor.py:156} INFO - Started process (PID=163798) to work on /opt/airflow/dags/7_branch_pythoon_operator.py
[2026-09-13T03:00:43.910+0000] {processor.py:799} INFO - Processing file /opt/airflow/dags/7_branch_pythoon_operator.py for tasks to queue
[2026-09-13T03:00:43.912+0000] {logging_mixin.py:149} INFO - [2026-09-13T03:00:43.912+0000] {dagbag.py:541} INFO - Filling up the DagBag from /opt/airflow/dags/7_branch_pythoon_operator.py
[2026-09-13T03:00:43.946+0000] {processor.py:809} INFO - DAG(s) dict_keys(['7-branching']) retrieved from /opt/airflow/dags/7_branch_pythoon_operator.py
[2026-09-13T03:00:44.035+0000] {logging_mixin.py:149} INFO - [2026-09-13T03:00:44.034+0000] {dag.py:2726} INFO - Sync 1 DAGs
[2026-09-13T03:00:44.122+0000] {logging_mixin.py:149} INFO - [2026-09-13T03:00:44.121+0000] {dag.py:3490} INFO - Setting next_dagrun for 7-branching to 2023-04-15T00:00:00+00:00, run_after=2023-04-16T00:00:00+00:00
[2026-09-13T03:00:44.195+0000] {processor.py:178} INFO - Processing /opt/airflow/dags/7_branch_pythoon_operator.py took 0.299 seconds
[2026-09-13T03:01:14.289+0000] {processor.py:156} INFO - Started process (PID=163812) to work on /opt/airflow/dags/7_branch_pythoon_operator.py
[2026-09-13T03:01:14.292+0000] {processor.py:799} INFO - Processing file /opt/airflow/dags/7_branch_pythoon_operator.py for tasks to queue
[2026-09-13T03:01:14.294+0000] {logging_mixin.py:149} INFO - [2026-09-13T03:01:14.294+0000] {dagbag.py:541} INFO - Filling up the DagBag from /opt/airflow/dags/7_branch_pythoon_operator.py
[2026-09-13T03:01:14.329+0000] {processor.py:809} INFO - DAG(s) dict_keys(['7-branching']) retrieved from /opt/airflow/dags/7_branch_pythoon_operator.py
[2026-09-13T03:01:14.421+0000] {logging_mixin.py:149} INFO - [2026-09-13T03:01:14.420+0000] {dag.py:2726} INFO - Sync 1 DAGs
[2026-09-13T03:01:14.495+0000] {logging_mixin.py:149} INFO - [2026-09-13T03:01:14.494+0000] {dag.py:3490} INFO - Setting next_dagrun for 7-branching to 2023-04-15T00:00:00+00:00, run_after=2023-04-16T00:00:00+00:00
[2026-09-13T03:01:14.568+0000] {processor.py:178} INFO - Processing /opt/airflow/dags/7_branch_pythoon_operator.py took 0.291 seconds
[2026-09-13T03:01:44.709+0000] {processor.py:156} INFO - Started process (PID=163825) to work on /opt/airflow/dags/7_branch_pythoon_operator.py
[2026-09-13T03:01:44.712+0000] {processor.py:799} INFO - Processing file /opt/airflow/dags/7_branch_pythoon_operator.py for tasks to queue
[2026-09-13T03:01:44.717+0000] {logging_mixin.py:149} INFO - [2026-09-13T03:01:44.716+0000] {dagbag.py:541} INFO - Filling up the DagBag from /opt/airflow/dags/7_branch_pythoon_operator.py
[2026-09-13T03:01:44.750+0000] {processor.py:809} INFO - DAG(s) dict_keys(['7-branching']) retrieved from /opt/airflow/dags/7_branch_pythoon_operator.py
[2026-09-13T03:01:44.856+0000] {logging_mixin.py:149} INFO - [2026-09-13T03:01:44.855+0000] {dag.py:2726} INFO - Sync 1 DAGs
[2026-09-13T03:01:44.943+0000] {logging_mixin.py:149} INFO - [2026-09-13T03:01:44.943+0000] {dag.py:3490} INFO - Setting next_dagrun for 7-branching to 2023-04-15T00:00:00+00:00, run_after=2023-04-16T00:00:00+00:00
[2026-09-13T03:01:45.012+0000] {processor.py:178} INFO - Processing /opt/airflow/dags/7_branch_pythoon_operator.py took 0.314 seconds
[2026-09-13T03:02:15.115+0000] {processor.py:156} INFO - Started process (PID=163840) to work on /opt/airflow/dags/7_branch_pythoon_operator.py
[2026-09-13T03:02:15.119+0000] {processor.py:799} INFO - Processing file /opt/airflow/dags/7_branch_pythoon_operator.py for tasks to queue
[2026-09-13T03:02:15.121+0000] {logging_mixin.py:149} INFO - [2026-09-13T03:02:15.121+0000] {dagbag.py:541} INFO - Filling up the DagBag from /opt/airflow/dags/7_branch_pythoon_operator.py
[2026-09-13T03:02:15.156+0000] {processor.py:809} INFO - DAG(s) dict_keys(['7-branching']) retrieved from /opt/airflow/dags/7_branch_pythoon_operator.py
[2026-09-13T03:02:15.248+0000] {logging_mixin.py:149} INFO - [2026-09-13T03:02:15.248+0000] {dag.py:2726} INFO - Sync 1 DAGs
[2026-09-13T03:02:15.319+0000] {logging_mixin.py:149} INFO - [2026-09-13T03:02:15.318+0000] {dag.py:3490} INFO - Setting next_dagrun for 7-branching to 2023-04-15T00:00:00+00:00, run_after=2023-04-16T00:00:00+00:00
[2026-09-13T03:02:15.382+0000] {processor.py:178} INFO - Processing /opt/airflow/dags/7_branch_pythoon_operator.py took 0.280 seconds
[2026-09-13T03:02:45.512+0000] {processor.py:156} INFO - Started process (PID=163854) to work on /opt/airflow/dags/7_branch_pythoon_operator.py
[2026-09-13T03:02:45.516+0000] {processor.py:799} INFO - Processing file /opt/airflow/dags/7_branch_pythoon_operator.py for tasks to queue
[2026-09-13T03:02:45.518+0000] {logging_mixin.py:149} INFO - [2026-09-13T03:02:45.518+0000] {dagbag.py:541} INFO - Filling up the DagBag from /opt/airflow/dags/7_branch_pythoon_operator.py
[2026-09-13T03:02:45.554+0000] {processor.py:809} INFO - DAG(s) dict_keys(['7-branching']) retrieved from /opt/airflow/dags/7_branch_pythoon_operator.py
[2026-09-13T03:02:45.620+0000] {logging_mixin.py:149} INFO - [2026-09-13T03:02:45.620+0000] {dag.py:2726} INFO - Sync 1 DAGs
[2026-09-13T03:02:45.687+0000] {logging_mixin.py:149} INFO - [2026-09-13T03:02:45.687+0000] {dag.py:3490} INFO - Setting next_dagrun for 7-branching to 2023-04-15T00:00:00+00:00, run_after=2023-04-16T00:00:00+00:00
[2026-09-13T03:02:45.758+0000] {processor.py:178} INFO - Processing /opt/airflow/dags/7_branch_pythoon_operator.py took 0.257 seconds
[2026-09-13T03:03:15.975+0000] {processor.py:156} INFO - Started process (PID=163868) to work on /opt/airflow/dags/7_branch_pythoon_operator.py
[2026-09-13T03:03:15.979+0000] {processor.py:799} INFO - Processing file /opt/airflow/dags/7_branch_pythoon_operator.py for tasks to queue
[2026-09-13T03:03:15.981+0000] {logging_mixin.py:149} INFO - [2026-09-13T03:03:15.981+0000] {dagbag.py:541} INFO - Filling up the DagBag from /opt/airflow/dags/7_branch_pythoon_operator.py
[2026-09-13T03:03:16.016+0000] {processor.py:809} INFO - DAG(s) dict_keys(['7-branching']) retrieved from /opt/airflow/dags/7_branch_pythoon_operator.py
[2026-09-13T03:03:16.108+0000] {logging_mixin.py:149} INFO - [2026-09-13T03:03:16.108+0000] {dag.py:2726} INFO - Sync 1 DAGs
[2026-09-13T03:03:16.178+0000] {logging_mixin.py:149} INFO - [2026-09-13T03:03:16.177+0000] {dag.py:3490} INFO - Setting next_dagrun for 7-branching to 2023-04-15T00:00:00+00:00, run_after=2023-04-16T00:00:00+00:00
[2026-09-13T03:03:16.238+0000] {processor.py:178} INFO - Processing /opt/airflow/dags/7_branch_pythoon_operator.py took 0.275 seconds
[2026-09-13T03:03:46.539+0000] {processor.py:156} INFO - Started process (PID=163883) to work on /opt/airflow/dags/7_branch_pythoon_operator.py
[2026-09-13T03:03:46.543+0000] {processor.py:799} INFO - Processing file /opt/airflow/dags/7_branch_pythoon_operator.py for tasks to queue
[2026-09-13T03:03:46.545+0000] {logging_mixin.py:149} INFO - [2026-09-13T03:03:46.544+0000] {dagbag.py:541} INFO - Filling up the DagBag from /opt/airflow/dags/7_branch_pythoon_operator.py
[2026-09-13T03:03:46.580+0000] {processor.py:809} INFO - DAG(s) dict_keys(['7-branching']) retrieved from /opt/airflow/dags/7_branch_pythoon_operator.py
[2026-09-13T03:03:46.655+0000] {logging_mixin.py:149} INFO - [2026-09-13T03:03:46.655+0000] {dag.py:2726} INFO - Sync 1 DAGs
[2026-09-13T03:03:46.736+0000] {logging_mixin.py:149} INFO - [2026-09-13T03:03:46.736+0000] {dag.py:3490} INFO - Setting next_dagrun for 7-branching to 2023-04-15T00:00:00+00:00, run_after=2023-04-16T00:00:00+00:00
[2026-09-13T03:03:46.815+0000] {processor.py:178} INFO - Processing /opt/airflow/dags/7_branch_pythoon_operator.py took 0.287 seconds
[2026-09-13T03:04:17.049+0000] {processor.py:156} INFO - Started process (PID=163897) to work on /opt/airflow/dags/7_branch_pythoon_operator.py
[2026-09-13T03:04:17.052+0000] {processor.py:799} INFO - Processing file /opt/airflow/dags/7_branch_pythoon_operator.py for tasks to queue
[2026-09-13T03:04:17.054+0000] {logging_mixin.py:149} INFO - [2026-09-13T03:04:17.054+0000] {dagbag.py:541} INFO - Filling up the DagBag from /opt/airflow/dags/7_branch_pythoon_operator.py
[2026-09-13T03:04:17.086+0000] {processor.py:809} INFO - DAG(s) dict_keys(['7-branching']) retrieved from /opt/airflow/dags/7_branch_pythoon_operator.py
[2026-09-13T03:04:17.173+0000] {logging_mixin.py:149} INFO - [2026-09-13T03:04:17.172+0000] {dag.py:2726} INFO - Sync 1 DAGs
[2026-09-13T03:04:17.243+0000] {logging_mixin.py:149} INFO - [2026-09-13T03:04:17.243+0000] {dag.py:3490} INFO - Setting next_dagrun for 7-branching to 2023-04-15T00:00:00+00:00, run_after=2023-04-16T00:00:00+00:00
[2026-09-13T03:04:17.308+0000] {processor.py:178} INFO - Processing /opt/airflow/dags/7_branch_pythoon_operator.py took 0.272 seconds
[2026-09-13T03:04:47.516+0000] {processor.py:156} INFO - Started process (PID=163911) to work on /opt/airflow/dags/7_branch_pythoon_operator.py
[2026-09-13T03:04:47.519+0000] {processor.py:799} INFO - Processing file /opt/airflow/dags/7_branch_pythoon_operator.py for tasks to queue
[2026-09-13T03:04:47.521+0000] {logging_mixin.py:149} INFO - [2026-09-13T03:04:47.521+0000] {dagbag.py:541} INFO - Filling up the DagBag from /opt/airflow/dags/7_branch_pythoon_operator.py
[2026-09-13T03:04:47.555+0000] {processor.py:809} INFO - DAG(s) dict_keys(['7-branching']) retrieved from /opt/airflow/dags/7_branch_pythoon_operator.py
[2026-09-13T03:04:47.649+0000] {logging_mixin.py:149} INFO - [2026-09-13T03:04:47.648+0000] {dag.py:2726} INFO - Sync 1 DAGs
[2026-09-13T03:04:47.726+0000] {logging_mixin.py:149} INFO - [2026-09-13T03:04:47.725+0000] {dag.py:3490} INFO - Setting next_dagrun for 7-branching to 2023-04-15T00:00:00+00:00, run_after=2023-04-16T00:00:00+00:00
[2026-09-13T03:04:47.804+0000] {processor.py:178} INFO - Processing /opt/airflow/dags/7_branch_pythoon_operator.py took 0.299 seconds
[2026-09-13T03:05:18.040+0000] {processor.py:156} INFO - Started process (PID=163926) to work on /opt/airflow/dags/7_branch_pythoon_operator.py
[2026-09-13T03:05:18.044+0000] {processor.py:799} INFO - Processing file /opt/airflow/dags/7_branch_pythoon_operator.py for tasks to queue
[2026-09-13T03:05:18.046+0000] {logging_mixin.py:149} INFO - [2026-09-13T03:05:18.045+0000] {dagbag.py:541} INFO - Filling up the DagBag from /opt/airflow/dags/7_branch_pythoon_operator.py
[2026-09-13T03:05:18.080+0000] {processor.py:809} INFO - DAG(s) dict_keys(['7-branching']) retrieved from /opt/airflow/dags/7_branch_pythoon_operator.py
[2026-09-13T03:05:18.169+0000] {logging_mixin.py:149} INFO - [2026-09-13T03:05:18.169+0000] {dag.py:2726} INFO - Sync 1 DAGs
[2026-09-13T03:05:18.231+0000] {logging_mixin.py:149} INFO - [2026-09-13T03:05:18.230+0000] {dag.py:3490} INFO - Setting next_dagrun for 7-branching to 2023-04-15T00:00:00+00:00, run_after=2023-04-16T00:00:00+00:00
[2026-09-13T03:05:18.292+0000] {processor.py:178} INFO - Processing /opt/airflow/dags/7_branch_pythoon_operator.py took 0.263 seconds
[2026-09-13T03:05:48.361+0000] {processor.py:156} INFO - Started process (PID=163940) to work on /opt/airflow/dags/7_branch_pythoon_operator.py
[2026-09-13T03:05:48.366+0000] {processor.py:799} INFO - Processing file /opt/airflow/dags/7_branch_pythoon_operator.py for tasks to queue
[2026-09-13T03:05:48.368+0000] {logging_mixin.py:149} INFO - [2026-09-13T03:05:48.368+0000] {dagbag.py:541} INFO - Filling up the DagBag from /opt/airflow/dags/7_branch_pythoon_operator.py
[2026-09-13T03:05:48.407+0000] {processor.py:809} INFO - DAG(s) dict_keys(['7-branching']) retrieved from /opt/airflow/dags/7_branch_pythoon_operator.py
[2026-09-13T03:05:48.501+0000] {logging_mixin.py:149} INFO - [2026-09-13T03:05:48.500+0000] {dag.py:2726} INFO - Sync 1 DAGs
[2026-09-13T03:05:48.588+0000] {logging_mixin.py:149} INFO - [2026-09-13T03:05:48.588+0000] {dag.py:3490} INFO - Setting next_dagrun for 7-branching to 2023-04-15T00:00:00+00:00, run_after=2023-04-16T00:00:00+00:00
[2026-09-13T03:05:48.627+0000] {processor.py:178} INFO - Processing /opt/airflow/dags/7_branch_pythoon_operator.py took 0.276 seconds
[2026-09-13T03:06:18.872+0000] {processor.py:156} INFO - Started process (PID=163954) to work on /opt/airflow/dags/7_branch_pythoon_operator.py
[2026-09-13T03:06:18.876+0000] {processor.py:799} INFO - Processing file /opt/airflow/dags/7_branch_pythoon_operator.py for tasks to queue
[2026-09-13T03:06:18.878+0000] {logging_mixin.py:149} INFO - [2026-09-13T03:06:18.877+0000] {dagbag.py:541} INFO - Filling up the DagBag from /opt/airflow/dags/7_branch_pythoon_operator.py
[2026-09-13T03:06:18.910+0000] {processor.py:809} INFO - DAG(s) dict_keys(['7-branching']) retrieved from /opt/airflow/dags/7_branch_pythoon_operator.py
[2026-09-13T03:06:18.989+0000] {logging_mixin.py:149} INFO - [2026-09-13T03:06:18.989+0000] {dag.py:2726} INFO - Sync 1 DAGs
[2026-09-13T03:06:19.049+0000] {logging_mixin.py:149} INFO - [2026-09-13T03:06:19.049+0000] {dag.py:3490} INFO - Setting next_dagrun for 7-branching to 2023-04-15T00:00:00+00:00, run_after=2023-04-16T00:00:00+00:00
[2026-09-13T03:06:19.089+0000] {processor.py:178} INFO - Processing /opt/airflow/dags/7_branch_pythoon_operator.py took 0.226 seconds
[2026-09-13T03:06:49.249+0000] {processor.py:156} INFO - Started process (PID=163969) to work on /opt/airflow/dags/7_branch_pythoon_operator.py
[2026-09-13T03:06:49.252+0000] {processor.py:799} INFO - Processing file /opt/airflow/dags/7_branch_pythoon_operator.py for tasks to queue
[2026-09-13T03:06:49.254+0000] {logging_mixin.py:149} INFO - [2026-09-13T03:06:49.254+0000] {dagbag.py:541} INFO - Filling up the DagBag from /opt/airflow/dags/7_branch_pythoon_operator.py
[2026-09-13T03:06:49.295+0000] {processor.py:809} INFO - DAG(s) dict_keys(['7-branching']) retrieved from /opt/airflow/dags/7_branch_pythoon_operator.py
[2026-09-13T03:06:49.388+0000] {logging_mixin.py:149} INFO - [2026-09-13T03:06:49.387+0000] {dag.py:2726} INFO - Sync 1 DAGs
[2026-09-13T03:06:49.451+0000] {logging_mixin.py:149} INFO - [2026-09-13T03:06:49.450+0000] {dag.py:3490} INFO - Setting next_dagrun for 7-branching to 2023-04-15T00:00:00+00:00, run_after=2023-04-16T00:00:00+00:00
[2026-09-13T03:06:49.508+0000] {processor.py:178} INFO - Processing /opt/airflow/dags/7_branch_pythoon_operator.py took 0.270 seconds
[2026-09-13T03:07:19.756+0000] {processor.py:156} INFO - Started process (PID=163983) to work on /opt/airflow/dags/7_branch_pythoon_operator.py
[2026-09-13T03:07:19.759+0000] {processor.py:799} INFO - Processing file /opt/airflow/dags/7_branch_pythoon_operator.py for tasks to queue
[2026-09-13T03:07:19.761+0000] {logging_mixin.py:149} INFO - [2026-09-13T03:07:19.761+0000] {dagbag.py:541} INFO - Filling up the DagBag from /opt/airflow/dags/7_branch_pythoon_operator.py
[2026-09-13T03:07:19.794+0000] {processor.py:809} INFO - DAG(s) dict_keys(['7-branching']) retrieved from /opt/airflow/dags/7_branch_pythoon_operator.py
[2026-09-13T03:07:19.899+0000] {logging_mixin.py:149} INFO - [2026-09-13T03:07:19.899+0000] {dag.py:2726} INFO - Sync 1 DAGs
[2026-09-13T03:07:19.964+0000] {logging_mixin.py:149} INFO - [2026-09-13T03:07:19.963+0000] {dag.py:3490} INFO - Setting next_dagrun for 7-branching to 2023-04-15T00:00:00+00:00, run_after=2023-04-16T00:00:00+00:00
[2026-09-13T03:07:20.040+0000] {processor.py:178} INFO - Processing /opt/airflow/dags/7_branch_pythoon_operator.py took 0.294 seconds
[2026-09-13T03:07:50.190+0000] {processor.py:156} INFO - Started process (PID=163997) to work on /opt/airflow/dags/7_branch_pythoon_operator.py
[2026-09-13T03:07:50.194+0000] {processor.py:799} INFO - Processing file /opt/airflow/dags/7_branch_pythoon_operator.py for tasks to queue
[2026-09-13T03:07:50.196+0000] {logging_mixin.py:149} INFO - [2026-09-13T03:07:50.196+0000] {dagbag.py:541} INFO - Filling up the DagBag from /opt/airflow/dags/7_branch_pythoon_operator.py
[2026-09-13T03:07:50.229+0000] {processor.py:809} INFO - DAG(s) dict_keys(['7-branching']) retrieved from /opt/airflow/dags/7_branch_pythoon_operator.py
[2026-09-13T03:07:50.329+0000] {logging_mixin.py:149} INFO - [2026-09-13T03:07:50.328+0000] {dag.py:2726} INFO - Sync 1 DAGs
[2026-09-13T03:07:50.397+0000] {logging_mixin.py:149} INFO - [2026-09-13T03:07:50.396+0000] {dag.py:3490} INFO - Setting next_dagrun for 7-branching to 2023-04-15T00:00:00+00:00, run_after=2023-04-16T00:00:00+00:00
[2026-09-13T03:07:50.459+0000] {processor.py:178} INFO - Processing /opt/airflow/dags/7_branch_pythoon_operator.py took 0.280 seconds
[2026-09-13T03:08:20.663+0000] {processor.py:156} INFO - Started process (PID=164010) to work on /opt/airflow/dags/7_branch_pythoon_operator.py
[2026-09-13T03:08:20.667+0000] {processor.py:799} INFO - Processing file /opt/airflow/dags/7_branch_pythoon_operator.py for tasks to queue
[2026-09-13T03:08:20.668+0000] {logging_mixin.py:149} INFO - [2026-09-13T03:08:20.668+0000] {dagbag.py:541} INFO - Filling up the DagBag from /opt/airflow/dags/7_branch_pythoon_operator.py
[2026-09-13T03:08:20.711+0000] {processor.py:809} INFO - DAG(s) dict_keys(['7-branching']) retrieved from /opt/airflow/dags/7_branch_pythoon_operator.py
[2026-09-13T03:08:20.807+0000] {logging_mixin.py:149} INFO - [2026-09-13T03:08:20.806+0000] {dag.py:2726} INFO - Sync 1 DAGs
[2026-09-13T03:08:20.884+0000] {logging_mixin.py:149} INFO - [2026-09-13T03:08:20.883+0000] {dag.py:3490} INFO - Setting next_dagrun for 7-branching to 2023-04-15T00:00:00+00:00, run_after=2023-04-16T00:00:00+00:00
[2026-09-13T03:08:20.927+0000] {processor.py:178} INFO - Processing /opt/airflow/dags/7_branch_pythoon_operator.py took 0.272 seconds
[2026-09-13T03:08:51.191+0000] {processor.py:156} INFO - Started process (PID=164024) to work on /opt/airflow/dags/7_branch_pythoon_operator.py
[2026-09-13T03:08:51.195+0000] {processor.py:799} INFO - Processing file /opt/airflow/dags/7_branch_pythoon_operator.py for tasks to queue
[2026-09-13T03:08:51.200+0000] {logging_mixin.py:149} INFO - [2026-09-13T03:08:51.200+0000] {dagbag.py:541} INFO - Filling up the DagBag from /opt/airflow/dags/7_branch_pythoon_operator.py
[2026-09-13T03:08:51.230+0000] {processor.py:809} INFO - DAG(s) dict_keys(['7-branching']) retrieved from /opt/airflow/dags/7_branch_pythoon_operator.py
[2026-09-13T03:08:51.325+0000] {logging_mixin.py:149} INFO - [2026-09-13T03:08:51.325+0000] {dag.py:2726} INFO - Sync 1 DAGs
[2026-09-13T03:08:51.404+0000] {logging_mixin.py:149} INFO - [2026-09-13T03:08:51.404+0000] {dag.py:3490} INFO - Setting next_dagrun for 7-branching to 2023-04-15T00:00:00+00:00, run_after=2023-04-16T00:00:00+00:00
[2026-09-13T03:08:51.449+0000] {processor.py:178} INFO - Processing /opt/airflow/dags/7_branch_pythoon_operator.py took 0.268 seconds
[2026-09-13T03:09:21.725+0000] {processor.py:156} INFO - Started process (PID=164038) to work on /opt/airflow/dags/7_branch_pythoon_operator.py
[2026-09-13T03:09:21.731+0000] {processor.py:799} INFO - Processing file /opt/airflow/dags/7_branch_pythoon_operator.py for tasks to queue
[2026-09-13T03:09:21.733+0000] {logging_mixin.py:149} INFO - [2026-09-13T03:09:21.733+0000] {dagbag.py:541} INFO - Filling up the DagBag from /opt/airflow/dags/7_branch_pythoon_operator.py
[2026-09-13T03:09:21.769+0000] {processor.py:809} INFO - DAG(s) dict_keys(['7-branching']) retrieved from /opt/airflow/dags/7_branch_pythoon_operator.py
[2026-09-13T03:09:21.873+0000] {logging_mixin.py:149} INFO - [2026-09-13T03:09:21.873+0000] {dag.py:2726} INFO - Sync 1 DAGs
[2026-09-13T03:09:21.939+0000] {logging_mixin.py:149} INFO - [2026-09-13T03:09:21.939+0000] {dag.py:3490} INFO - Setting next_dagrun for 7-branching to 2023-04-15T00:00:00+00:00, run_after=2023-04-16T00:00:00+00:00
[2026-09-13T03:09:21.996+0000] {processor.py:178} INFO - Processing /opt/airflow/dags/7_branch_pythoon_operator.py took 0.281 seconds
[2026-09-13T03:09:52.292+0000] {processor.py:156} INFO - Started process (PID=164052) to work on /opt/airflow/dags/7_branch_pythoon_operator.py
[2026-09-13T03:09:52.295+0000] {processor.py:799} INFO - Processing file /opt/airflow/dags/7_branch_pythoon_operator.py for tasks to queue
[2026-09-13T03:09:52.296+0000] {logging_mixin.py:149} INFO - [2026-09-13T03:09:52.296+0000] {dagbag.py:541} INFO - Filling up the DagBag from /opt/airflow/dags/7_branch_pythoon_operator.py
[2026-09-13T03:09:52.332+0000] {processor.py:809} INFO - DAG(s) dict_keys(['7-branching']) retrieved from /opt/airflow/dags/7_branch_pythoon_operator.py
[2026-09-13T03:09:52.424+0000] {logging_mixin.py:149} INFO - [2026-09-13T03:09:52.424+0000] {dag.py:2726} INFO - Sync 1 DAGs
[2026-09-13T03:09:52.503+0000] {logging_mixin.py:149} INFO - [2026-09-13T03:09:52.503+0000] {dag.py:3490} INFO - Setting next_dagrun for 7-branching to 2023-04-15T00:00:00+00:00, run_after=2023-04-16T00:00:00+00:00
[2026-09-13T03:09:52.550+0000] {processor.py:178} INFO - Processing /opt/airflow/dags/7_branch_pythoon_operator.py took 0.270 seconds
[2026-09-13T03:10:22.857+0000] {processor.py:156} INFO - Started process (PID=164073) to work on /opt/airflow/dags/7_branch_pythoon_operator.py
[2026-09-13T03:10:22.860+0000] {processor.py:799} INFO - Processing file /opt/airflow/dags/7_branch_pythoon_operator.py for tasks to queue
[2026-09-13T03:10:22.862+0000] {logging_mixin.py:149} INFO - [2026-09-13T03:10:22.861+0000] {dagbag.py:541} INFO - Filling up the DagBag from /opt/airflow/dags/7_branch_pythoon_operator.py
[2026-09-13T03:10:22.891+0000] {processor.py:809} INFO - DAG(s) dict_keys(['7-branching']) retrieved from /opt/airflow/dags/7_branch_pythoon_operator.py
[2026-09-13T03:10:22.978+0000] {logging_mixin.py:149} INFO - [2026-09-13T03:10:22.978+0000] {dag.py:2726} INFO - Sync 1 DAGs
[2026-09-13T03:10:23.034+0000] {logging_mixin.py:149} INFO - [2026-09-13T03:10:23.034+0000] {dag.py:3490} INFO - Setting next_dagrun for 7-branching to 2023-04-15T00:00:00+00:00, run_after=2023-04-16T00:00:00+00:00
[2026-09-13T03:10:23.105+0000] {processor.py:178} INFO - Processing /opt/airflow/dags/7_branch_pythoon_operator.py took 0.256 seconds
[2026-09-13T03:10:53.378+0000] {processor.py:156} INFO - Started process (PID=164087) to work on /opt/airflow/dags/7_branch_pythoon_operator.py
[2026-09-13T03:10:53.382+0000] {processor.py:799} INFO - Processing file /opt/airflow/dags/7_branch_pythoon_operator.py for tasks to queue
[2026-09-13T03:10:53.384+0000] {logging_mixin.py:149} INFO - [2026-09-13T03:10:53.383+0000] {dagbag.py:541} INFO - Filling up the DagBag from /opt/airflow/dags/7_branch_pythoon_operator.py
[2026-09-13T03:10:53.418+0000] {processor.py:809} INFO - DAG(s) dict_keys(['7-branching']) retrieved from /opt/airflow/dags/7_branch_pythoon_operator.py
[2026-09-13T03:10:53.505+0000] {logging_mixin.py:149} INFO - [2026-09-13T03:10:53.504+0000] {dag.py:2726} INFO - Sync 1 DAGs
[2026-09-13T03:10:53.557+0000] {logging_mixin.py:149} INFO - [2026-09-13T03:10:53.556+0000] {dag.py:3490} INFO - Setting next_dagrun for 7-branching to 2023-04-15T00:00:00+00:00, run_after=2023-04-16T00:00:00+00:00
[2026-09-13T03:10:53.596+0000] {processor.py:178} INFO - Processing /opt/airflow/dags/7_branch_pythoon_operator.py took 0.231 seconds
[2026-09-13T03:11:23.837+0000] {processor.py:156} INFO - Started process (PID=164101) to work on /opt/airflow/dags/7_branch_pythoon_operator.py
[2026-09-13T03:11:23.842+0000] {processor.py:799} INFO - Processing file /opt/airflow/dags/7_branch_pythoon_operator.py for tasks to queue
[2026-09-13T03:11:23.844+0000] {logging_mixin.py:149} INFO - [2026-09-13T03:11:23.843+0000] {dagbag.py:541} INFO - Filling up the DagBag from /opt/airflow/dags/7_branch_pythoon_operator.py
[2026-09-13T03:11:23.879+0000] {processor.py:809} INFO - DAG(s) dict_keys(['7-branching']) retrieved from /opt/airflow/dags/7_branch_pythoon_operator.py
[2026-09-13T03:11:23.977+0000] {logging_mixin.py:149} INFO - [2026-09-13T03:11:23.976+0000] {dag.py:2726} INFO - Sync 1 DAGs
[2026-09-13T03:11:24.050+0000] {logging_mixin.py:149} INFO - [2026-09-13T03:11:24.050+0000] {dag.py:3490} INFO - Setting next_dagrun for 7-branching to 2023-04-15T00:00:00+00:00, run_after=2023-04-16T00:00:00+00:00
[2026-09-13T03:11:24.106+0000] {processor.py:178} INFO - Processing /opt/airflow/dags/7_branch_pythoon_operator.py took 0.279 seconds
[2026-09-13T03:11:54.360+0000] {processor.py:156} INFO - Started process (PID=164116) to work on /opt/airflow/dags/7_branch_pythoon_operator.py
[2026-09-13T03:11:54.363+0000] {processor.py:799} INFO - Processing file /opt/airflow/dags/7_branch_pythoon_operator.py for tasks to queue
[2026-09-13T03:11:54.365+0000] {logging_mixin.py:149} INFO - [2026-09-13T03:11:54.365+0000] {dagbag.py:541} INFO - Filling up the DagBag from /opt/airflow/dags/7_branch_pythoon_operator.py
[2026-09-13T03:11:54.400+0000] {processor.py:809} INFO - DAG(s) dict_keys(['7-branching']) retrieved from /opt/airflow/dags/7_branch_pythoon_operator.py
[2026-09-13T03:11:54.484+0000] {logging_mixin.py:149} INFO - [2026-09-13T03:11:54.483+0000] {dag.py:2726} INFO - Sync 1 DAGs
[2026-09-13T03:11:54.538+0000] {logging_mixin.py:149} INFO - [2026-09-13T03:11:54.537+0000] {dag.py:3490} INFO - Setting next_dagrun for 7-branching to 2023-04-15T00:00:00+00:00, run_after=2023-04-16T00:00:00+00:00
[2026-09-13T03:11:54.578+0000] {processor.py:178} INFO - Processing /opt/airflow/dags/7_branch_pythoon_operator.py took 0.228 seconds
[2026-09-13T03:12:24.922+0000] {processor.py:156} INFO - Started process (PID=164131) to work on /opt/airflow/dags/7_branch_pythoon_operator.py
[2026-09-13T03:12:24.925+0000] {processor.py:799} INFO - Processing file /opt/airflow/dags/7_branch_pythoon_operator.py for tasks to queue
[2026-09-13T03:12:24.927+0000] {logging_mixin.py:149} INFO - [2026-09-13T03:12:24.927+0000] {dagbag.py:541} INFO - Filling up the DagBag from /opt/airflow/dags/7_branch_pythoon_operator.py
[2026-09-13T03:12:24.961+0000] {processor.py:809} INFO - DAG(s) dict_keys(['7-branching']) retrieved from /opt/airflow/dags/7_branch_pythoon_operator.py
[2026-09-13T03:12:25.061+0000] {logging_mixin.py:149} INFO - [2026-09-13T03:12:25.061+0000] {dag.py:2726} INFO - Sync 1 DAGs
[2026-09-13T03:12:25.141+0000] {logging_mixin.py:149} INFO - [2026-09-13T03:12:25.140+0000] {dag.py:3490} INFO - Setting next_dagrun for 7-branching to 2023-04-15T00:00:00+00:00, run_after=2023-04-16T00:00:00+00:00
[2026-09-13T03:12:25.188+0000] {processor.py:178} INFO - Processing /opt/airflow/dags/7_branch_pythoon_operator.py took 0.279 seconds
[2026-09-13T03:12:55.485+0000] {processor.py:156} INFO - Started process (PID=164145) to work on /opt/airflow/dags/7_branch_pythoon_operator.py
[2026-09-13T03:12:55.489+0000] {processor.py:799} INFO - Processing file /opt/airflow/dags/7_branch_pythoon_operator.py for tasks to queue
[2026-09-13T03:12:55.491+0000] {logging_mixin.py:149} INFO - [2026-09-13T03:12:55.491+0000] {dagbag.py:541} INFO - Filling up the DagBag from /opt/airflow/dags/7_branch_pythoon_operator.py
[2026-09-13T03:12:55.522+0000] {processor.py:809} INFO - DAG(s) dict_keys(['7-branching']) retrieved from /opt/airflow/dags/7_branch_pythoon_operator.py
[2026-09-13T03:12:55.593+0000] {logging_mixin.py:149} INFO - [2026-09-13T03:12:55.592+0000] {dag.py:2726} INFO - Sync 1 DAGs
[2026-09-13T03:12:55.639+0000] {logging_mixin.py:149} INFO - [2026-09-13T03:12:55.639+0000] {dag.py:3490} INFO - Setting next_dagrun for 7-branching to 2023-04-15T00:00:00+00:00, run_after=2023-04-16T00:00:00+00:00
[2026-09-13T03:12:55.667+0000] {processor.py:178} INFO - Processing /opt/airflow/dags/7_branch_pythoon_operator.py took 0.194 seconds
[2026-09-13T03:13:25.767+0000] {processor.py:156} INFO - Started process (PID=164158) to work on /opt/airflow/dags/7_branch_pythoon_operator.py
[2026-09-13T03:13:25.775+0000] {processor.py:799} INFO - Processing file /opt/airflow/dags/7_branch_pythoon_operator.py for tasks to queue
[2026-09-13T03:13:25.777+0000] {logging_mixin.py:149} INFO - [2026-09-13T03:13:25.777+0000] {dagbag.py:541} INFO - Filling up the DagBag from /opt/airflow/dags/7_branch_pythoon_operator.py
[2026-09-13T03:13:25.815+0000] {processor.py:809} INFO - DAG(s) dict_keys(['7-branching']) retrieved from /opt/airflow/dags/7_branch_pythoon_operator.py
[2026-09-13T03:13:25.918+0000] {logging_mixin.py:149} INFO - [2026-09-13T03:13:25.918+0000] {dag.py:2726} INFO - Sync 1 DAGs
[2026-09-13T03:13:25.982+0000] {logging_mixin.py:149} INFO - [2026-09-13T03:13:25.981+0000] {dag.py:3490} INFO - Setting next_dagrun for 7-branching to 2023-04-15T00:00:00+00:00, run_after=2023-04-16T00:00:00+00:00
[2026-09-13T03:13:26.040+0000] {processor.py:178} INFO - Processing /opt/airflow/dags/7_branch_pythoon_operator.py took 0.284 seconds
[2026-09-13T03:13:56.318+0000] {processor.py:156} INFO - Started process (PID=164173) to work on /opt/airflow/dags/7_branch_pythoon_operator.py
[2026-09-13T03:13:56.321+0000] {processor.py:799} INFO - Processing file /opt/airflow/dags/7_branch_pythoon_operator.py for tasks to queue
[2026-09-13T03:13:56.324+0000] {logging_mixin.py:149} INFO - [2026-09-13T03:13:56.323+0000] {dagbag.py:541} INFO - Filling up the DagBag from /opt/airflow/dags/7_branch_pythoon_operator.py
[2026-09-13T03:13:56.358+0000] {processor.py:809} INFO - DAG(s) dict_keys(['7-branching']) retrieved from /opt/airflow/dags/7_branch_pythoon_operator.py
[2026-09-13T03:13:56.453+0000] {logging_mixin.py:149} INFO - [2026-09-13T03:13:56.453+0000] {dag.py:2726} INFO - Sync 1 DAGs
[2026-09-13T03:13:56.523+0000] {logging_mixin.py:149} INFO - [2026-09-13T03:13:56.522+0000] {dag.py:3490} INFO - Setting next_dagrun for 7-branching to 2023-04-15T00:00:00+00:00, run_after=2023-04-16T00:00:00+00:00
[2026-09-13T03:13:56.597+0000] {processor.py:178} INFO - Processing /opt/airflow/dags/7_branch_pythoon_operator.py took 0.291 seconds
[2026-09-13T03:14:26.772+0000] {processor.py:156} INFO - Started process (PID=164187) to work on /opt/airflow/dags/7_branch_pythoon_operator.py
[2026-09-13T03:14:26.776+0000] {processor.py:799} INFO - Processing file /opt/airflow/dags/7_branch_pythoon_operator.py for tasks to queue
[2026-09-13T03:14:26.778+0000] {logging_mixin.py:149} INFO - [2026-09-13T03:14:26.778+0000] {dagbag.py:541} INFO - Filling up the DagBag from /opt/airflow/dags/7_branch_pythoon_operator.py
[2026-09-13T03:14:26.811+0000] {processor.py:809} INFO - DAG(s) dict_keys(['7-branching']) retrieved from /opt/airflow/dags/7_branch_pythoon_operator.py
[2026-09-13T03:14:26.895+0000] {logging_mixin.py:149} INFO - [2026-09-13T03:14:26.895+0000] {dag.py:2726} INFO - Sync 1 DAGs
[2026-09-13T03:14:26.948+0000] {logging_mixin.py:149} INFO - [2026-09-13T03:14:26.948+0000] {dag.py:3490} INFO - Setting next_dagrun for 7-branching to 2023-04-15T00:00:00+00:00, run_after=2023-04-16T00:00:00+00:00
[2026-09-13T03:14:26.987+0000] {processor.py:178} INFO - Processing /opt/airflow/dags/7_branch_pythoon_operator.py took 0.226 seconds
[2026-09-13T03:14:57.324+0000] {processor.py:156} INFO - Started process (PID=164201) to work on /opt/airflow/dags/7_branch_pythoon_operator.py
[2026-09-13T03:14:57.327+0000] {processor.py:799} INFO - Processing file /opt/airflow/dags/7_branch_pythoon_operator.py for tasks to queue
[2026-09-13T03:14:57.330+0000] {logging_mixin.py:149} INFO - [2026-09-13T03:14:57.329+0000] {dagbag.py:541} INFO - Filling up the DagBag from /opt/airflow/dags/7_branch_pythoon_operator.py
[2026-09-13T03:14:57.362+0000] {processor.py:809} INFO - DAG(s) dict_keys(['7-branching']) retrieved from /opt/airflow/dags/7_branch_pythoon_operator.py
[2026-09-13T03:14:57.439+0000] {logging_mixin.py:149} INFO - [2026-09-13T03:14:57.439+0000] {dag.py:2726} INFO - Sync 1 DAGs
[2026-09-13T03:14:57.483+0000] {logging_mixin.py:149} INFO - [2026-09-13T03:14:57.483+0000] {dag.py:3490} INFO - Setting next_dagrun for 7-branching to 2023-04-15T00:00:00+00:00, run_after=2023-04-16T00:00:00+00:00
[2026-09-13T03:14:57.519+0000] {processor.py:178} INFO - Processing /opt/airflow/dags/7_branch_pythoon_operator.py took 0.204 seconds
[2026-09-13T03:15:27.630+0000] {processor.py:156} INFO - Started process (PID=164214) to work on /opt/airflow/dags/7_branch_pythoon_operator.py
[2026-09-13T03:15:27.633+0000] {processor.py:799} INFO - Processing file /opt/airflow/dags/7_branch_pythoon_operator.py for tasks to queue
[2026-09-13T03:15:27.635+0000] {logging_mixin.py:149} INFO - [2026-09-13T03:15:27.635+0000] {dagbag.py:541} INFO - Filling up the DagBag from /opt/airflow/dags/7_branch_pythoon_operator.py
[2026-09-13T03:15:27.668+0000] {processor.py:809} INFO - DAG(s) dict_keys(['7-branching']) retrieved from /opt/airflow/dags/7_branch_pythoon_operator.py
[2026-09-13T03:15:27.756+0000] {logging_mixin.py:149} INFO - [2026-09-13T03:15:27.755+0000] {dag.py:2726} INFO - Sync 1 DAGs
[2026-09-13T03:15:27.833+0000] {logging_mixin.py:149} INFO - [2026-09-13T03:15:27.832+0000] {dag.py:3490} INFO - Setting next_dagrun for 7-branching to 2023-04-15T00:00:00+00:00, run_after=2023-04-16T00:00:00+00:00
[2026-09-13T03:15:27.884+0000] {processor.py:178} INFO - Processing /opt/airflow/dags/7_branch_pythoon_operator.py took 0.265 seconds
[2026-09-13T03:15:58.070+0000] {processor.py:156} INFO - Started process (PID=164229) to work on /opt/airflow/dags/7_branch_pythoon_operator.py
[2026-09-13T03:15:58.074+0000] {processor.py:799} INFO - Processing file /opt/airflow/dags/7_branch_pythoon_operator.py for tasks to queue
[2026-09-13T03:15:58.076+0000] {logging_mixin.py:149} INFO - [2026-09-13T03:15:58.075+0000] {dagbag.py:541} INFO - Filling up the DagBag from /opt/airflow/dags/7_branch_pythoon_operator.py
[2026-09-13T03:15:58.117+0000] {processor.py:809} INFO - DAG(s) dict_keys(['7-branching']) retrieved from /opt/airflow/dags/7_branch_pythoon_operator.py
[2026-09-13T03:15:58.208+0000] {logging_mixin.py:149} INFO - [2026-09-13T03:15:58.207+0000] {dag.py:2726} INFO - Sync 1 DAGs
[2026-09-13T03:15:58.288+0000] {logging_mixin.py:149} INFO - [2026-09-13T03:15:58.287+0000] {dag.py:3490} INFO - Setting next_dagrun for 7-branching to 2023-04-15T00:00:00+00:00, run_after=2023-04-16T00:00:00+00:00
[2026-09-13T03:15:58.350+0000] {processor.py:178} INFO - Processing /opt/airflow/dags/7_branch_pythoon_operator.py took 0.290 seconds
[2026-09-13T03:16:28.548+0000] {processor.py:156} INFO - Started process (PID=164242) to work on /opt/airflow/dags/7_branch_pythoon_operator.py
[2026-09-13T03:16:28.551+0000] {processor.py:799} INFO - Processing file /opt/airflow/dags/7_branch_pythoon_operator.py for tasks to queue
[2026-09-13T03:16:28.553+0000] {logging_mixin.py:149} INFO - [2026-09-13T03:16:28.553+0000] {dagbag.py:541} INFO - Filling up the DagBag from /opt/airflow/dags/7_branch_pythoon_operator.py
[2026-09-13T03:16:28.587+0000] {processor.py:809} INFO - DAG(s) dict_keys(['7-branching']) retrieved from /opt/airflow/dags/7_branch_pythoon_operator.py
[2026-09-13T03:16:28.671+0000] {logging_mixin.py:149} INFO - [2026-09-13T03:16:28.671+0000] {dag.py:2726} INFO - Sync 1 DAGs
[2026-09-13T03:16:28.746+0000] {logging_mixin.py:149} INFO - [2026-09-13T03:16:28.746+0000] {dag.py:3490} INFO - Setting next_dagrun for 7-branching to 2023-04-15T00:00:00+00:00, run_after=2023-04-16T00:00:00+00:00
[2026-09-13T03:16:28.826+0000] {processor.py:178} INFO - Processing /opt/airflow/dags/7_branch_pythoon_operator.py took 0.290 seconds
[2026-09-13T03:16:59.021+0000] {processor.py:156} INFO - Started process (PID=164256) to work on /opt/airflow/dags/7_branch_pythoon_operator.py
[2026-09-13T03:16:59.028+0000] {processor.py:799} INFO - Processing file /opt/airflow/dags/7_branch_pythoon_operator.py for tasks to queue
[2026-09-13T03:16:59.030+0000] {logging_mixin.py:149} INFO - [2026-09-13T03:16:59.030+0000] {dagbag.py:541} INFO - Filling up the DagBag from /opt/airflow/dags/7_branch_pythoon_operator.py
[2026-09-13T03:16:59.067+0000] {processor.py:809} INFO - DAG(s) dict_keys(['7-branching']) retrieved from /opt/airflow/dags/7_branch_pythoon_operator.py
[2026-09-13T03:16:59.180+0000] {logging_mixin.py:149} INFO - [2026-09-13T03:16:59.180+0000] {dag.py:2726} INFO - Sync 1 DAGs
[2026-09-13T03:16:59.267+0000] {logging_mixin.py:149} INFO - [2026-09-13T03:16:59.265+0000] {dag.py:3490} INFO - Setting next_dagrun for 7-branching to 2023-04-15T00:00:00+00:00, run_after=2023-04-16T00:00:00+00:00
[2026-09-13T03:16:59.311+0000] {processor.py:178} INFO - Processing /opt/airflow/dags/7_branch_pythoon_operator.py took 0.302 seconds
[2026-09-13T03:17:29.437+0000] {processor.py:156} INFO - Started process (PID=164269) to work on /opt/airflow/dags/7_branch_pythoon_operator.py
[2026-09-13T03:17:29.440+0000] {processor.py:799} INFO - Processing file /opt/airflow/dags/7_branch_pythoon_operator.py for tasks to queue
[2026-09-13T03:17:29.442+0000] {logging_mixin.py:149} INFO - [2026-09-13T03:17:29.442+0000] {dagbag.py:541} INFO - Filling up the DagBag from /opt/airflow/dags/7_branch_pythoon_operator.py
[2026-09-13T03:17:29.475+0000] {processor.py:809} INFO - DAG(s) dict_keys(['7-branching']) retrieved from /opt/airflow/dags/7_branch_pythoon_operator.py
[2026-09-13T03:17:29.576+0000] {logging_mixin.py:149} INFO - [2026-09-13T03:17:29.575+0000] {dag.py:2726} INFO - Sync 1 DAGs
[2026-09-13T03:17:29.633+0000] {logging_mixin.py:149} INFO - [2026-09-13T03:17:29.632+0000] {dag.py:3490} INFO - Setting next_dagrun for 7-branching to 2023-04-15T00:00:00+00:00, run_after=2023-04-16T00:00:00+00:00
[2026-09-13T03:17:29.687+0000] {processor.py:178} INFO - Processing /opt/airflow/dags/7_branch_pythoon_operator.py took 0.260 seconds
[2026-09-13T03:17:59.996+0000] {processor.py:156} INFO - Started process (PID=164283) to work on /opt/airflow/dags/7_branch_pythoon_operator.py
[2026-09-13T03:18:00.000+0000] {processor.py:799} INFO - Processing file /opt/airflow/dags/7_branch_pythoon_operator.py for tasks to queue
[2026-09-13T03:18:00.002+0000] {logging_mixin.py:149} INFO - [2026-09-13T03:18:00.002+0000] {dagbag.py:541} INFO - Filling up the DagBag from /opt/airflow/dags/7_branch_pythoon_operator.py
[2026-09-13T03:18:00.044+0000] {processor.py:809} INFO - DAG(s) dict_keys(['7-branching']) retrieved from /opt/airflow/dags/7_branch_pythoon_operator.py
[2026-09-13T03:18:00.132+0000] {logging_mixin.py:149} INFO - [2026-09-13T03:18:00.131+0000] {dag.py:2726} INFO - Sync 1 DAGs
[2026-09-13T03:18:00.215+0000] {logging_mixin.py:149} INFO - [2026-09-13T03:18:00.214+0000] {dag.py:3490} INFO - Setting next_dagrun for 7-branching to 2023-04-15T00:00:00+00:00, run_after=2023-04-16T00:00:00+00:00
[2026-09-13T03:18:00.282+0000] {processor.py:178} INFO - Processing /opt/airflow/dags/7_branch_pythoon_operator.py took 0.299 seconds
[2026-09-13T03:18:30.388+0000] {processor.py:156} INFO - Started process (PID=164298) to work on /opt/airflow/dags/7_branch_pythoon_operator.py
[2026-09-13T03:18:30.392+0000] {processor.py:799} INFO - Processing file /opt/airflow/dags/7_branch_pythoon_operator.py for tasks to queue
[2026-09-13T03:18:30.394+0000] {logging_mixin.py:149} INFO - [2026-09-13T03:18:30.393+0000] {dagbag.py:541} INFO - Filling up the DagBag from /opt/airflow/dags/7_branch_pythoon_operator.py
[2026-09-13T03:18:30.427+0000] {processor.py:809} INFO - DAG(s) dict_keys(['7-branching']) retrieved from /opt/airflow/dags/7_branch_pythoon_operator.py
[2026-09-13T03:18:30.517+0000] {logging_mixin.py:149} INFO - [2026-09-13T03:18:30.517+0000] {dag.py:2726} INFO - Sync 1 DAGs
[2026-09-13T03:18:30.591+0000] {logging_mixin.py:149} INFO - [2026-09-13T03:18:30.591+0000] {dag.py:3490} INFO - Setting next_dagrun for 7-branching to 2023-04-15T00:00:00+00:00, run_after=2023-04-16T00:00:00+00:00
[2026-09-13T03:18:30.661+0000] {processor.py:178} INFO - Processing /opt/airflow/dags/7_branch_pythoon_operator.py took 0.286 seconds
[2026-09-13T03:19:00.766+0000] {processor.py:156} INFO - Started process (PID=164312) to work on /opt/airflow/dags/7_branch_pythoon_operator.py
[2026-09-13T03:19:00.769+0000] {processor.py:799} INFO - Processing file /opt/airflow/dags/7_branch_pythoon_operator.py for tasks to queue
[2026-09-13T03:19:00.770+0000] {logging_mixin.py:149} INFO - [2026-09-13T03:19:00.770+0000] {dagbag.py:541} INFO - Filling up the DagBag from /opt/airflow/dags/7_branch_pythoon_operator.py
[2026-09-13T03:19:00.796+0000] {processor.py:809} INFO - DAG(s) dict_keys(['7-branching']) retrieved from /opt/airflow/dags/7_branch_pythoon_operator.py
[2026-09-13T03:19:00.892+0000] {logging_mixin.py:149} INFO - [2026-09-13T03:19:00.892+0000] {dag.py:2726} INFO - Sync 1 DAGs
[2026-09-13T03:19:00.944+0000] {logging_mixin.py:149} INFO - [2026-09-13T03:19:00.943+0000] {dag.py:3490} INFO - Setting next_dagrun for 7-branching to 2023-04-15T00:00:00+00:00, run_after=2023-04-16T00:00:00+00:00
[2026-09-13T03:19:01.020+0000] {processor.py:178} INFO - Processing /opt/airflow/dags/7_branch_pythoon_operator.py took 0.261 seconds
[2026-09-13T03:19:31.154+0000] {processor.py:156} INFO - Started process (PID=164326) to work on /opt/airflow/dags/7_branch_pythoon_operator.py
[2026-09-13T03:19:31.157+0000] {processor.py:799} INFO - Processing file /opt/airflow/dags/7_branch_pythoon_operator.py for tasks to queue
[2026-09-13T03:19:31.159+0000] {logging_mixin.py:149} INFO - [2026-09-13T03:19:31.158+0000] {dagbag.py:541} INFO - Filling up the DagBag from /opt/airflow/dags/7_branch_pythoon_operator.py
[2026-09-13T03:19:31.189+0000] {processor.py:809} INFO - DAG(s) dict_keys(['7-branching']) retrieved from /opt/airflow/dags/7_branch_pythoon_operator.py
[2026-09-13T03:19:31.279+0000] {logging_mixin.py:149} INFO - [2026-09-13T03:19:31.278+0000] {dag.py:2726} INFO - Sync 1 DAGs
[2026-09-13T03:19:31.343+0000] {logging_mixin.py:149} INFO - [2026-09-13T03:19:31.342+0000] {dag.py:3490} INFO - Setting next_dagrun for 7-branching to 2023-04-15T00:00:00+00:00, run_after=2023-04-16T00:00:00+00:00
[2026-09-13T03:19:31.403+0000] {processor.py:178} INFO - Processing /opt/airflow/dags/7_branch_pythoon_operator.py took 0.259 seconds
[2026-09-13T03:20:01.542+0000] {processor.py:156} INFO - Started process (PID=164340) to work on /opt/airflow/dags/7_branch_pythoon_operator.py
[2026-09-13T03:20:01.547+0000] {processor.py:799} INFO - Processing file /opt/airflow/dags/7_branch_pythoon_operator.py for tasks to queue
[2026-09-13T03:20:01.549+0000] {logging_mixin.py:149} INFO - [2026-09-13T03:20:01.548+0000] {dagbag.py:541} INFO - Filling up the DagBag from /opt/airflow/dags/7_branch_pythoon_operator.py
[2026-09-13T03:20:01.583+0000] {processor.py:809} INFO - DAG(s) dict_keys(['7-branching']) retrieved from /opt/airflow/dags/7_branch_pythoon_operator.py
[2026-09-13T03:20:01.669+0000] {logging_mixin.py:149} INFO - [2026-09-13T03:20:01.669+0000] {dag.py:2726} INFO - Sync 1 DAGs
[2026-09-13T03:20:01.734+0000] {logging_mixin.py:149} INFO - [2026-09-13T03:20:01.734+0000] {dag.py:3490} INFO - Setting next_dagrun for 7-branching to 2023-04-15T00:00:00+00:00, run_after=2023-04-16T00:00:00+00:00
[2026-09-13T03:20:01.809+0000] {processor.py:178} INFO - Processing /opt/airflow/dags/7_branch_pythoon_operator.py took 0.278 seconds
[2026-09-13T03:20:32.080+0000] {processor.py:156} INFO - Started process (PID=164354) to work on /opt/airflow/dags/7_branch_pythoon_operator.py
[2026-09-13T03:20:32.083+0000] {processor.py:799} INFO - Processing file /opt/airflow/dags/7_branch_pythoon_operator.py for tasks to queue
[2026-09-13T03:20:32.085+0000] {logging_mixin.py:149} INFO - [2026-09-13T03:20:32.084+0000] {dagbag.py:541} INFO - Filling up the DagBag from /opt/airflow/dags/7_branch_pythoon_operator.py
[2026-09-13T03:20:32.119+0000] {processor.py:809} INFO - DAG(s) dict_keys(['7-branching']) retrieved from /opt/airflow/dags/7_branch_pythoon_operator.py
[2026-09-13T03:20:32.208+0000] {logging_mixin.py:149} INFO - [2026-09-13T03:20:32.207+0000] {dag.py:2726} INFO - Sync 1 DAGs
[2026-09-13T03:20:32.285+0000] {logging_mixin.py:149} INFO - [2026-09-13T03:20:32.284+0000] {dag.py:3490} INFO - Setting next_dagrun for 7-branching to 2023-04-15T00:00:00+00:00, run_after=2023-04-16T00:00:00+00:00
[2026-09-13T03:20:32.361+0000] {processor.py:178} INFO - Processing /opt/airflow/dags/7_branch_pythoon_operator.py took 0.293 seconds
[2026-09-13T03:21:02.575+0000] {processor.py:156} INFO - Started process (PID=164368) to work on /opt/airflow/dags/7_branch_pythoon_operator.py
[2026-09-13T03:21:02.579+0000] {processor.py:799} INFO - Processing file /opt/airflow/dags/7_branch_pythoon_operator.py for tasks to queue
[2026-09-13T03:21:02.580+0000] {logging_mixin.py:149} INFO - [2026-09-13T03:21:02.580+0000] {dagbag.py:541} INFO - Filling up the DagBag from /opt/airflow/dags/7_branch_pythoon_operator.py
[2026-09-13T03:21:02.611+0000] {processor.py:809} INFO - DAG(s) dict_keys(['7-branching']) retrieved from /opt/airflow/dags/7_branch_pythoon_operator.py
[2026-09-13T03:21:02.687+0000] {logging_mixin.py:149} INFO - [2026-09-13T03:21:02.686+0000] {dag.py:2726} INFO - Sync 1 DAGs
[2026-09-13T03:21:02.746+0000] {logging_mixin.py:149} INFO - [2026-09-13T03:21:02.746+0000] {dag.py:3490} INFO - Setting next_dagrun for 7-branching to 2023-04-15T00:00:00+00:00, run_after=2023-04-16T00:00:00+00:00
[2026-09-13T03:21:02.812+0000] {processor.py:178} INFO - Processing /opt/airflow/dags/7_branch_pythoon_operator.py took 0.246 seconds
[2026-09-13T03:21:32.980+0000] {processor.py:156} INFO - Started process (PID=164382) to work on /opt/airflow/dags/7_branch_pythoon_operator.py
[2026-09-13T03:21:32.983+0000] {processor.py:799} INFO - Processing file /opt/airflow/dags/7_branch_pythoon_operator.py for tasks to queue
[2026-09-13T03:21:32.985+0000] {logging_mixin.py:149} INFO - [2026-09-13T03:21:32.985+0000] {dagbag.py:541} INFO - Filling up the DagBag from /opt/airflow/dags/7_branch_pythoon_operator.py
[2026-09-13T03:21:33.020+0000] {processor.py:809} INFO - DAG(s) dict_keys(['7-branching']) retrieved from /opt/airflow/dags/7_branch_pythoon_operator.py
[2026-09-13T03:21:33.105+0000] {logging_mixin.py:149} INFO - [2026-09-13T03:21:33.105+0000] {dag.py:2726} INFO - Sync 1 DAGs
[2026-09-13T03:21:33.191+0000] {logging_mixin.py:149} INFO - [2026-09-13T03:21:33.190+0000] {dag.py:3490} INFO - Setting next_dagrun for 7-branching to 2023-04-15T00:00:00+00:00, run_after=2023-04-16T00:00:00+00:00
[2026-09-13T03:21:33.254+0000] {processor.py:178} INFO - Processing /opt/airflow/dags/7_branch_pythoon_operator.py took 0.285 seconds
[2026-09-13T03:22:03.543+0000] {processor.py:156} INFO - Started process (PID=164397) to work on /opt/airflow/dags/7_branch_pythoon_operator.py
[2026-09-13T03:22:03.547+0000] {processor.py:799} INFO - Processing file /opt/airflow/dags/7_branch_pythoon_operator.py for tasks to queue
[2026-09-13T03:22:03.549+0000] {logging_mixin.py:149} INFO - [2026-09-13T03:22:03.549+0000] {dagbag.py:541} INFO - Filling up the DagBag from /opt/airflow/dags/7_branch_pythoon_operator.py
[2026-09-13T03:22:03.587+0000] {processor.py:809} INFO - DAG(s) dict_keys(['7-branching']) retrieved from /opt/airflow/dags/7_branch_pythoon_operator.py
[2026-09-13T03:22:03.676+0000] {logging_mixin.py:149} INFO - [2026-09-13T03:22:03.675+0000] {dag.py:2726} INFO - Sync 1 DAGs
[2026-09-13T03:22:03.752+0000] {logging_mixin.py:149} INFO - [2026-09-13T03:22:03.752+0000] {dag.py:3490} INFO - Setting next_dagrun for 7-branching to 2023-04-15T00:00:00+00:00, run_after=2023-04-16T00:00:00+00:00
[2026-09-13T03:22:03.825+0000] {processor.py:178} INFO - Processing /opt/airflow/dags/7_branch_pythoon_operator.py took 0.293 seconds
[2026-09-13T03:22:34.111+0000] {processor.py:156} INFO - Started process (PID=164411) to work on /opt/airflow/dags/7_branch_pythoon_operator.py
[2026-09-13T03:22:34.116+0000] {processor.py:799} INFO - Processing file /opt/airflow/dags/7_branch_pythoon_operator.py for tasks to queue
[2026-09-13T03:22:34.118+0000] {logging_mixin.py:149} INFO - [2026-09-13T03:22:34.118+0000] {dagbag.py:541} INFO - Filling up the DagBag from /opt/airflow/dags/7_branch_pythoon_operator.py
[2026-09-13T03:22:34.176+0000] {processor.py:809} INFO - DAG(s) dict_keys(['7-branching']) retrieved from /opt/airflow/dags/7_branch_pythoon_operator.py
[2026-09-13T03:22:34.245+0000] {logging_mixin.py:149} INFO - [2026-09-13T03:22:34.245+0000] {dag.py:2726} INFO - Sync 1 DAGs
[2026-09-13T03:22:34.296+0000] {logging_mixin.py:149} INFO - [2026-09-13T03:22:34.295+0000] {dag.py:3490} INFO - Setting next_dagrun for 7-branching to 2023-04-15T00:00:00+00:00, run_after=2023-04-16T00:00:00+00:00
[2026-09-13T03:22:34.324+0000] {processor.py:178} INFO - Processing /opt/airflow/dags/7_branch_pythoon_operator.py took 0.225 seconds
[2026-09-13T03:23:04.537+0000] {processor.py:156} INFO - Started process (PID=164425) to work on /opt/airflow/dags/7_branch_pythoon_operator.py
[2026-09-13T03:23:04.542+0000] {processor.py:799} INFO - Processing file /opt/airflow/dags/7_branch_pythoon_operator.py for tasks to queue
[2026-09-13T03:23:04.544+0000] {logging_mixin.py:149} INFO - [2026-09-13T03:23:04.544+0000] {dagbag.py:541} INFO - Filling up the DagBag from /opt/airflow/dags/7_branch_pythoon_operator.py
[2026-09-13T03:23:04.582+0000] {processor.py:809} INFO - DAG(s) dict_keys(['7-branching']) retrieved from /opt/airflow/dags/7_branch_pythoon_operator.py
[2026-09-13T03:23:04.657+0000] {logging_mixin.py:149} INFO - [2026-09-13T03:23:04.656+0000] {dag.py:2726} INFO - Sync 1 DAGs
[2026-09-13T03:23:04.704+0000] {logging_mixin.py:149} INFO - [2026-09-13T03:23:04.704+0000] {dag.py:3490} INFO - Setting next_dagrun for 7-branching to 2023-04-15T00:00:00+00:00, run_after=2023-04-16T00:00:00+00:00
[2026-09-13T03:23:04.732+0000] {processor.py:178} INFO - Processing /opt/airflow/dags/7_branch_pythoon_operator.py took 0.205 seconds
[2026-09-13T03:23:35.001+0000] {processor.py:156} INFO - Started process (PID=164439) to work on /opt/airflow/dags/7_branch_pythoon_operator.py
[2026-09-13T03:23:35.005+0000] {processor.py:799} INFO - Processing file /opt/airflow/dags/7_branch_pythoon_operator.py for tasks to queue
[2026-09-13T03:23:35.007+0000] {logging_mixin.py:149} INFO - [2026-09-13T03:23:35.007+0000] {dagbag.py:541} INFO - Filling up the DagBag from /opt/airflow/dags/7_branch_pythoon_operator.py
[2026-09-13T03:23:35.043+0000] {processor.py:809} INFO - DAG(s) dict_keys(['7-branching']) retrieved from /opt/airflow/dags/7_branch_pythoon_operator.py
[2026-09-13T03:23:35.130+0000] {logging_mixin.py:149} INFO - [2026-09-13T03:23:35.129+0000] {dag.py:2726} INFO - Sync 1 DAGs
[2026-09-13T03:23:35.180+0000] {logging_mixin.py:149} INFO - [2026-09-13T03:23:35.180+0000] {dag.py:3490} INFO - Setting next_dagrun for 7-branching to 2023-04-15T00:00:00+00:00, run_after=2023-04-16T00:00:00+00:00
[2026-09-13T03:23:35.210+0000] {processor.py:178} INFO - Processing /opt/airflow/dags/7_branch_pythoon_operator.py took 0.220 seconds
[2026-09-13T03:24:05.394+0000] {processor.py:156} INFO - Started process (PID=164453) to work on /opt/airflow/dags/7_branch_pythoon_operator.py
[2026-09-13T03:24:05.398+0000] {processor.py:799} INFO - Processing file /opt/airflow/dags/7_branch_pythoon_operator.py for tasks to queue
[2026-09-13T03:24:05.400+0000] {logging_mixin.py:149} INFO - [2026-09-13T03:24:05.400+0000] {dagbag.py:541} INFO - Filling up the DagBag from /opt/airflow/dags/7_branch_pythoon_operator.py
[2026-09-13T03:24:05.431+0000] {processor.py:809} INFO - DAG(s) dict_keys(['7-branching']) retrieved from /opt/airflow/dags/7_branch_pythoon_operator.py
[2026-09-13T03:24:05.518+0000] {logging_mixin.py:149} INFO - [2026-09-13T03:24:05.517+0000] {dag.py:2726} INFO - Sync 1 DAGs
[2026-09-13T03:24:05.585+0000] {logging_mixin.py:149} INFO - [2026-09-13T03:24:05.584+0000] {dag.py:3490} INFO - Setting next_dagrun for 7-branching to 2023-04-15T00:00:00+00:00, run_after=2023-04-16T00:00:00+00:00
[2026-09-13T03:24:05.640+0000] {processor.py:178} INFO - Processing /opt/airflow/dags/7_branch_pythoon_operator.py took 0.256 seconds
[2026-09-13T03:24:35.751+0000] {processor.py:156} INFO - Started process (PID=164467) to work on /opt/airflow/dags/7_branch_pythoon_operator.py
[2026-09-13T03:24:35.754+0000] {processor.py:799} INFO - Processing file /opt/airflow/dags/7_branch_pythoon_operator.py for tasks to queue
[2026-09-13T03:24:35.756+0000] {logging_mixin.py:149} INFO - [2026-09-13T03:24:35.756+0000] {dagbag.py:541} INFO - Filling up the DagBag from /opt/airflow/dags/7_branch_pythoon_operator.py
[2026-09-13T03:24:35.789+0000] {processor.py:809} INFO - DAG(s) dict_keys(['7-branching']) retrieved from /opt/airflow/dags/7_branch_pythoon_operator.py
[2026-09-13T03:24:35.894+0000] {logging_mixin.py:149} INFO - [2026-09-13T03:24:35.893+0000] {dag.py:2726} INFO - Sync 1 DAGs
[2026-09-13T03:24:35.973+0000] {logging_mixin.py:149} INFO - [2026-09-13T03:24:35.973+0000] {dag.py:3490} INFO - Setting next_dagrun for 7-branching to 2023-04-15T00:00:00+00:00, run_after=2023-04-16T00:00:00+00:00
[2026-09-13T03:24:36.027+0000] {processor.py:178} INFO - Processing /opt/airflow/dags/7_branch_pythoon_operator.py took 0.287 seconds
[2026-09-13T03:25:06.118+0000] {processor.py:156} INFO - Started process (PID=164481) to work on /opt/airflow/dags/7_branch_pythoon_operator.py
[2026-09-13T03:25:06.122+0000] {processor.py:799} INFO - Processing file /opt/airflow/dags/7_branch_pythoon_operator.py for tasks to queue
[2026-09-13T03:25:06.124+0000] {logging_mixin.py:149} INFO - [2026-09-13T03:25:06.123+0000] {dagbag.py:541} INFO - Filling up the DagBag from /opt/airflow/dags/7_branch_pythoon_operator.py
[2026-09-13T03:25:06.161+0000] {processor.py:809} INFO - DAG(s) dict_keys(['7-branching']) retrieved from /opt/airflow/dags/7_branch_pythoon_operator.py
[2026-09-13T03:25:06.242+0000] {logging_mixin.py:149} INFO - [2026-09-13T03:25:06.242+0000] {dag.py:2726} INFO - Sync 1 DAGs
[2026-09-13T03:25:06.290+0000] {logging_mixin.py:149} INFO - [2026-09-13T03:25:06.290+0000] {dag.py:3490} INFO - Setting next_dagrun for 7-branching to 2023-04-15T00:00:00+00:00, run_after=2023-04-16T00:00:00+00:00
[2026-09-13T03:25:06.319+0000] {processor.py:178} INFO - Processing /opt/airflow/dags/7_branch_pythoon_operator.py took 0.212 seconds
[2026-09-13T03:25:36.621+0000] {processor.py:156} INFO - Started process (PID=164495) to work on /opt/airflow/dags/7_branch_pythoon_operator.py
[2026-09-13T03:25:36.625+0000] {processor.py:799} INFO - Processing file /opt/airflow/dags/7_branch_pythoon_operator.py for tasks to queue
[2026-09-13T03:25:36.626+0000] {logging_mixin.py:149} INFO - [2026-09-13T03:25:36.626+0000] {dagbag.py:541} INFO - Filling up the DagBag from /opt/airflow/dags/7_branch_pythoon_operator.py
[2026-09-13T03:25:36.670+0000] {processor.py:809} INFO - DAG(s) dict_keys(['7-branching']) retrieved from /opt/airflow/dags/7_branch_pythoon_operator.py
[2026-09-13T03:25:36.777+0000] {logging_mixin.py:149} INFO - [2026-09-13T03:25:36.777+0000] {dag.py:2726} INFO - Sync 1 DAGs
[2026-09-13T03:25:36.862+0000] {logging_mixin.py:149} INFO - [2026-09-13T03:25:36.861+0000] {dag.py:3490} INFO - Setting next_dagrun for 7-branching to 2023-04-15T00:00:00+00:00, run_after=2023-04-16T00:00:00+00:00
[2026-09-13T03:25:36.930+0000] {processor.py:178} INFO - Processing /opt/airflow/dags/7_branch_pythoon_operator.py took 0.314 seconds
[2026-09-13T03:26:07.066+0000] {processor.py:156} INFO - Started process (PID=164509) to work on /opt/airflow/dags/7_branch_pythoon_operator.py
[2026-09-13T03:26:07.069+0000] {processor.py:799} INFO - Processing file /opt/airflow/dags/7_branch_pythoon_operator.py for tasks to queue
[2026-09-13T03:26:07.071+0000] {logging_mixin.py:149} INFO - [2026-09-13T03:26:07.071+0000] {dagbag.py:541} INFO - Filling up the DagBag from /opt/airflow/dags/7_branch_pythoon_operator.py
[2026-09-13T03:26:07.107+0000] {processor.py:809} INFO - DAG(s) dict_keys(['7-branching']) retrieved from /opt/airflow/dags/7_branch_pythoon_operator.py
[2026-09-13T03:26:07.162+0000] {logging_mixin.py:149} INFO - [2026-09-13T03:26:07.161+0000] {dag.py:2726} INFO - Sync 1 DAGs
[2026-09-13T03:26:07.211+0000] {logging_mixin.py:149} INFO - [2026-09-13T03:26:07.210+0000] {dag.py:3490} INFO - Setting next_dagrun for 7-branching to 2023-04-15T00:00:00+00:00, run_after=2023-04-16T00:00:00+00:00
[2026-09-13T03:26:07.278+0000] {processor.py:178} INFO - Processing /opt/airflow/dags/7_branch_pythoon_operator.py took 0.225 seconds
[2026-09-13T03:26:37.510+0000] {processor.py:156} INFO - Started process (PID=164523) to work on /opt/airflow/dags/7_branch_pythoon_operator.py
[2026-09-13T03:26:37.513+0000] {processor.py:799} INFO - Processing file /opt/airflow/dags/7_branch_pythoon_operator.py for tasks to queue
[2026-09-13T03:26:37.515+0000] {logging_mixin.py:149} INFO - [2026-09-13T03:26:37.515+0000] {dagbag.py:541} INFO - Filling up the DagBag from /opt/airflow/dags/7_branch_pythoon_operator.py
[2026-09-13T03:26:37.548+0000] {processor.py:809} INFO - DAG(s) dict_keys(['7-branching']) retrieved from /opt/airflow/dags/7_branch_pythoon_operator.py
[2026-09-13T03:26:37.642+0000] {logging_mixin.py:149} INFO - [2026-09-13T03:26:37.642+0000] {dag.py:2726} INFO - Sync 1 DAGs
[2026-09-13T03:26:37.726+0000] {logging_mixin.py:149} INFO - [2026-09-13T03:26:37.726+0000] {dag.py:3490} INFO - Setting next_dagrun for 7-branching to 2023-04-15T00:00:00+00:00, run_after=2023-04-16T00:00:00+00:00
[2026-09-13T03:26:37.797+0000] {processor.py:178} INFO - Processing /opt/airflow/dags/7_branch_pythoon_operator.py took 0.301 seconds
[2026-09-13T03:27:08.013+0000] {processor.py:156} INFO - Started process (PID=164538) to work on /opt/airflow/dags/7_branch_pythoon_operator.py
[2026-09-13T03:27:08.020+0000] {processor.py:799} INFO - Processing file /opt/airflow/dags/7_branch_pythoon_operator.py for tasks to queue
[2026-09-13T03:27:08.021+0000] {logging_mixin.py:149} INFO - [2026-09-13T03:27:08.021+0000] {dagbag.py:541} INFO - Filling up the DagBag from /opt/airflow/dags/7_branch_pythoon_operator.py
[2026-09-13T03:27:08.041+0000] {processor.py:809} INFO - DAG(s) dict_keys(['7-branching']) retrieved from /opt/airflow/dags/7_branch_pythoon_operator.py
[2026-09-13T03:27:08.098+0000] {logging_mixin.py:149} INFO - [2026-09-13T03:27:08.098+0000] {dag.py:2726} INFO - Sync 1 DAGs
[2026-09-13T03:27:08.148+0000] {logging_mixin.py:149} INFO - [2026-09-13T03:27:08.147+0000] {dag.py:3490} INFO - Setting next_dagrun for 7-branching to 2023-04-15T00:00:00+00:00, run_after=2023-04-16T00:00:00+00:00
[2026-09-13T03:27:08.187+0000] {processor.py:178} INFO - Processing /opt/airflow/dags/7_branch_pythoon_operator.py took 0.180 seconds
[2026-09-13T03:27:38.307+0000] {processor.py:156} INFO - Started process (PID=164552) to work on /opt/airflow/dags/7_branch_pythoon_operator.py
[2026-09-13T03:27:38.312+0000] {processor.py:799} INFO - Processing file /opt/airflow/dags/7_branch_pythoon_operator.py for tasks to queue
[2026-09-13T03:27:38.315+0000] {logging_mixin.py:149} INFO - [2026-09-13T03:27:38.314+0000] {dagbag.py:541} INFO - Filling up the DagBag from /opt/airflow/dags/7_branch_pythoon_operator.py
[2026-09-13T03:27:38.351+0000] {processor.py:809} INFO - DAG(s) dict_keys(['7-branching']) retrieved from /opt/airflow/dags/7_branch_pythoon_operator.py
[2026-09-13T03:27:38.442+0000] {logging_mixin.py:149} INFO - [2026-09-13T03:27:38.442+0000] {dag.py:2726} INFO - Sync 1 DAGs
[2026-09-13T03:27:38.500+0000] {logging_mixin.py:149} INFO - [2026-09-13T03:27:38.499+0000] {dag.py:3490} INFO - Setting next_dagrun for 7-branching to 2023-04-15T00:00:00+00:00, run_after=2023-04-16T00:00:00+00:00
[2026-09-13T03:27:38.533+0000] {processor.py:178} INFO - Processing /opt/airflow/dags/7_branch_pythoon_operator.py took 0.238 seconds
[2026-09-13T03:28:08.652+0000] {processor.py:156} INFO - Started process (PID=164566) to work on /opt/airflow/dags/7_branch_pythoon_operator.py
[2026-09-13T03:28:08.656+0000] {processor.py:799} INFO - Processing file /opt/airflow/dags/7_branch_pythoon_operator.py for tasks to queue
[2026-09-13T03:28:08.657+0000] {logging_mixin.py:149} INFO - [2026-09-13T03:28:08.657+0000] {dagbag.py:541} INFO - Filling up the DagBag from /opt/airflow/dags/7_branch_pythoon_operator.py
[2026-09-13T03:28:08.691+0000] {processor.py:809} INFO - DAG(s) dict_keys(['7-branching']) retrieved from /opt/airflow/dags/7_branch_pythoon_operator.py
[2026-09-13T03:28:08.795+0000] {logging_mixin.py:149} INFO - [2026-09-13T03:28:08.794+0000] {dag.py:2726} INFO - Sync 1 DAGs
[2026-09-13T03:28:08.864+0000] {logging_mixin.py:149} INFO - [2026-09-13T03:28:08.863+0000] {dag.py:3490} INFO - Setting next_dagrun for 7-branching to 2023-04-15T00:00:00+00:00, run_after=2023-04-16T00:00:00+00:00
[2026-09-13T03:28:08.917+0000] {processor.py:178} INFO - Processing /opt/airflow/dags/7_branch_pythoon_operator.py took 0.279 seconds
[2026-09-13T03:28:39.121+0000] {processor.py:156} INFO - Started process (PID=164580) to work on /opt/airflow/dags/7_branch_pythoon_operator.py
[2026-09-13T03:28:39.125+0000] {processor.py:799} INFO - Processing file /opt/airflow/dags/7_branch_pythoon_operator.py for tasks to queue
[2026-09-13T03:28:39.127+0000] {logging_mixin.py:149} INFO - [2026-09-13T03:28:39.127+0000] {dagbag.py:541} INFO - Filling up the DagBag from /opt/airflow/dags/7_branch_pythoon_operator.py
[2026-09-13T03:28:39.167+0000] {processor.py:809} INFO - DAG(s) dict_keys(['7-branching']) retrieved from /opt/airflow/dags/7_branch_pythoon_operator.py
[2026-09-13T03:28:39.225+0000] {logging_mixin.py:149} INFO - [2026-09-13T03:28:39.225+0000] {dag.py:2726} INFO - Sync 1 DAGs
[2026-09-13T03:28:39.270+0000] {logging_mixin.py:149} INFO - [2026-09-13T03:28:39.270+0000] {dag.py:3490} INFO - Setting next_dagrun for 7-branching to 2023-04-15T00:00:00+00:00, run_after=2023-04-16T00:00:00+00:00
[2026-09-13T03:28:39.299+0000] {processor.py:178} INFO - Processing /opt/airflow/dags/7_branch_pythoon_operator.py took 0.188 seconds
[2026-09-13T03:29:09.578+0000] {processor.py:156} INFO - Started process (PID=164593) to work on /opt/airflow/dags/7_branch_pythoon_operator.py
[2026-09-13T03:29:09.588+0000] {processor.py:799} INFO - Processing file /opt/airflow/dags/7_branch_pythoon_operator.py for tasks to queue
[2026-09-13T03:29:09.595+0000] {logging_mixin.py:149} INFO - [2026-09-13T03:29:09.593+0000] {dagbag.py:541} INFO - Filling up the DagBag from /opt/airflow/dags/7_branch_pythoon_operator.py
[2026-09-13T03:29:09.648+0000] {processor.py:809} INFO - DAG(s) dict_keys(['7-branching']) retrieved from /opt/airflow/dags/7_branch_pythoon_operator.py
[2026-09-13T03:29:09.703+0000] {logging_mixin.py:149} INFO - [2026-09-13T03:29:09.703+0000] {dag.py:2726} INFO - Sync 1 DAGs
[2026-09-13T03:29:09.749+0000] {logging_mixin.py:149} INFO - [2026-09-13T03:29:09.748+0000] {dag.py:3490} INFO - Setting next_dagrun for 7-branching to 2023-04-15T00:00:00+00:00, run_after=2023-04-16T00:00:00+00:00
[2026-09-13T03:29:09.815+0000] {processor.py:178} INFO - Processing /opt/airflow/dags/7_branch_pythoon_operator.py took 0.253 seconds
[2026-09-13T03:29:40.033+0000] {processor.py:156} INFO - Started process (PID=164606) to work on /opt/airflow/dags/7_branch_pythoon_operator.py
[2026-09-13T03:29:40.036+0000] {processor.py:799} INFO - Processing file /opt/airflow/dags/7_branch_pythoon_operator.py for tasks to queue
[2026-09-13T03:29:40.037+0000] {logging_mixin.py:149} INFO - [2026-09-13T03:29:40.037+0000] {dagbag.py:541} INFO - Filling up the DagBag from /opt/airflow/dags/7_branch_pythoon_operator.py
[2026-09-13T03:29:40.078+0000] {processor.py:809} INFO - DAG(s) dict_keys(['7-branching']) retrieved from /opt/airflow/dags/7_branch_pythoon_operator.py
[2026-09-13T03:29:40.164+0000] {logging_mixin.py:149} INFO - [2026-09-13T03:29:40.164+0000] {dag.py:2726} INFO - Sync 1 DAGs
[2026-09-13T03:29:40.215+0000] {logging_mixin.py:149} INFO - [2026-09-13T03:29:40.215+0000] {dag.py:3490} INFO - Setting next_dagrun for 7-branching to 2023-04-15T00:00:00+00:00, run_after=2023-04-16T00:00:00+00:00
[2026-09-13T03:29:40.252+0000] {processor.py:178} INFO - Processing /opt/airflow/dags/7_branch_pythoon_operator.py took 0.230 seconds
[2026-09-13T03:30:10.500+0000] {processor.py:156} INFO - Started process (PID=164620) to work on /opt/airflow/dags/7_branch_pythoon_operator.py
[2026-09-13T03:30:10.505+0000] {processor.py:799} INFO - Processing file /opt/airflow/dags/7_branch_pythoon_operator.py for tasks to queue
[2026-09-13T03:30:10.507+0000] {logging_mixin.py:149} INFO - [2026-09-13T03:30:10.507+0000] {dagbag.py:541} INFO - Filling up the DagBag from /opt/airflow/dags/7_branch_pythoon_operator.py
[2026-09-13T03:30:10.543+0000] {processor.py:809} INFO - DAG(s) dict_keys(['7-branching']) retrieved from /opt/airflow/dags/7_branch_pythoon_operator.py
[2026-09-13T03:30:10.604+0000] {logging_mixin.py:149} INFO - [2026-09-13T03:30:10.604+0000] {dag.py:2726} INFO - Sync 1 DAGs
[2026-09-13T03:30:10.664+0000] {logging_mixin.py:149} INFO - [2026-09-13T03:30:10.663+0000] {dag.py:3490} INFO - Setting next_dagrun for 7-branching to 2023-04-15T00:00:00+00:00, run_after=2023-04-16T00:00:00+00:00
[2026-09-13T03:30:10.722+0000] {processor.py:178} INFO - Processing /opt/airflow/dags/7_branch_pythoon_operator.py took 0.231 seconds
[2026-09-13T03:30:41.012+0000] {processor.py:156} INFO - Started process (PID=164634) to work on /opt/airflow/dags/7_branch_pythoon_operator.py
[2026-09-13T03:30:41.015+0000] {processor.py:799} INFO - Processing file /opt/airflow/dags/7_branch_pythoon_operator.py for tasks to queue
[2026-09-13T03:30:41.017+0000] {logging_mixin.py:149} INFO - [2026-09-13T03:30:41.016+0000] {dagbag.py:541} INFO - Filling up the DagBag from /opt/airflow/dags/7_branch_pythoon_operator.py
[2026-09-13T03:30:41.049+0000] {processor.py:809} INFO - DAG(s) dict_keys(['7-branching']) retrieved from /opt/airflow/dags/7_branch_pythoon_operator.py
[2026-09-13T03:30:41.137+0000] {logging_mixin.py:149} INFO - [2026-09-13T03:30:41.137+0000] {dag.py:2726} INFO - Sync 1 DAGs
[2026-09-13T03:30:41.218+0000] {logging_mixin.py:149} INFO - [2026-09-13T03:30:41.218+0000] {dag.py:3490} INFO - Setting next_dagrun for 7-branching to 2023-04-15T00:00:00+00:00, run_after=2023-04-16T00:00:00+00:00
[2026-09-13T03:30:41.291+0000] {processor.py:178} INFO - Processing /opt/airflow/dags/7_branch_pythoon_operator.py took 0.291 seconds
[2026-09-13T03:31:11.546+0000] {processor.py:156} INFO - Started process (PID=164648) to work on /opt/airflow/dags/7_branch_pythoon_operator.py
[2026-09-13T03:31:11.550+0000] {processor.py:799} INFO - Processing file /opt/airflow/dags/7_branch_pythoon_operator.py for tasks to queue
[2026-09-13T03:31:11.552+0000] {logging_mixin.py:149} INFO - [2026-09-13T03:31:11.552+0000] {dagbag.py:541} INFO - Filling up the DagBag from /opt/airflow/dags/7_branch_pythoon_operator.py
[2026-09-13T03:31:11.585+0000] {processor.py:809} INFO - DAG(s) dict_keys(['7-branching']) retrieved from /opt/airflow/dags/7_branch_pythoon_operator.py
[2026-09-13T03:31:11.679+0000] {logging_mixin.py:149} INFO - [2026-09-13T03:31:11.679+0000] {dag.py:2726} INFO - Sync 1 DAGs
[2026-09-13T03:31:11.752+0000] {logging_mixin.py:149} INFO - [2026-09-13T03:31:11.751+0000] {dag.py:3490} INFO - Setting next_dagrun for 7-branching to 2023-04-15T00:00:00+00:00, run_after=2023-04-16T00:00:00+00:00
[2026-09-13T03:31:11.822+0000] {processor.py:178} INFO - Processing /opt/airflow/dags/7_branch_pythoon_operator.py took 0.288 seconds
[2026-09-13T03:31:42.051+0000] {processor.py:156} INFO - Started process (PID=164662) to work on /opt/airflow/dags/7_branch_pythoon_operator.py
[2026-09-13T03:31:42.056+0000] {processor.py:799} INFO - Processing file /opt/airflow/dags/7_branch_pythoon_operator.py for tasks to queue
[2026-09-13T03:31:42.058+0000] {logging_mixin.py:149} INFO - [2026-09-13T03:31:42.057+0000] {dagbag.py:541} INFO - Filling up the DagBag from /opt/airflow/dags/7_branch_pythoon_operator.py
[2026-09-13T03:31:42.096+0000] {processor.py:809} INFO - DAG(s) dict_keys(['7-branching']) retrieved from /opt/airflow/dags/7_branch_pythoon_operator.py
[2026-09-13T03:31:42.181+0000] {logging_mixin.py:149} INFO - [2026-09-13T03:31:42.181+0000] {dag.py:2726} INFO - Sync 1 DAGs
[2026-09-13T03:31:42.295+0000] {logging_mixin.py:149} INFO - [2026-09-13T03:31:42.295+0000] {dag.py:3490} INFO - Setting next_dagrun for 7-branching to 2023-04-15T00:00:00+00:00, run_after=2023-04-16T00:00:00+00:00
[2026-09-13T03:31:42.367+0000] {processor.py:178} INFO - Processing /opt/airflow/dags/7_branch_pythoon_operator.py took 0.329 seconds
[2026-09-13T03:32:12.744+0000] {processor.py:156} INFO - Started process (PID=164678) to work on /opt/airflow/dags/7_branch_pythoon_operator.py
[2026-09-13T03:32:12.747+0000] {processor.py:799} INFO - Processing file /opt/airflow/dags/7_branch_pythoon_operator.py for tasks to queue
[2026-09-13T03:32:12.749+0000] {logging_mixin.py:149} INFO - [2026-09-13T03:32:12.749+0000] {dagbag.py:541} INFO - Filling up the DagBag from /opt/airflow/dags/7_branch_pythoon_operator.py
[2026-09-13T03:32:12.790+0000] {processor.py:809} INFO - DAG(s) dict_keys(['7-branching']) retrieved from /opt/airflow/dags/7_branch_pythoon_operator.py
[2026-09-13T03:32:12.888+0000] {logging_mixin.py:149} INFO - [2026-09-13T03:32:12.887+0000] {dag.py:2726} INFO - Sync 1 DAGs
[2026-09-13T03:32:12.966+0000] {logging_mixin.py:149} INFO - [2026-09-13T03:32:12.965+0000] {dag.py:3490} INFO - Setting next_dagrun for 7-branching to 2023-04-15T00:00:00+00:00, run_after=2023-04-16T00:00:00+00:00
[2026-09-13T03:32:13.037+0000] {processor.py:178} INFO - Processing /opt/airflow/dags/7_branch_pythoon_operator.py took 0.304 seconds
[2026-09-13T03:32:43.238+0000] {processor.py:156} INFO - Started process (PID=164691) to work on /opt/airflow/dags/7_branch_pythoon_operator.py
[2026-09-13T03:32:43.241+0000] {processor.py:799} INFO - Processing file /opt/airflow/dags/7_branch_pythoon_operator.py for tasks to queue
[2026-09-13T03:32:43.243+0000] {logging_mixin.py:149} INFO - [2026-09-13T03:32:43.243+0000] {dagbag.py:541} INFO - Filling up the DagBag from /opt/airflow/dags/7_branch_pythoon_operator.py
[2026-09-13T03:32:43.276+0000] {processor.py:809} INFO - DAG(s) dict_keys(['7-branching']) retrieved from /opt/airflow/dags/7_branch_pythoon_operator.py
[2026-09-13T03:32:43.334+0000] {logging_mixin.py:149} INFO - [2026-09-13T03:32:43.334+0000] {dag.py:2726} INFO - Sync 1 DAGs
[2026-09-13T03:32:43.415+0000] {logging_mixin.py:149} INFO - [2026-09-13T03:32:43.414+0000] {dag.py:3490} INFO - Setting next_dagrun for 7-branching to 2023-04-15T00:00:00+00:00, run_after=2023-04-16T00:00:00+00:00
[2026-09-13T03:32:43.496+0000] {processor.py:178} INFO - Processing /opt/airflow/dags/7_branch_pythoon_operator.py took 0.269 seconds
[2026-09-13T03:33:13.812+0000] {processor.py:156} INFO - Started process (PID=164706) to work on /opt/airflow/dags/7_branch_pythoon_operator.py
[2026-09-13T03:33:13.817+0000] {processor.py:799} INFO - Processing file /opt/airflow/dags/7_branch_pythoon_operator.py for tasks to queue
[2026-09-13T03:33:13.820+0000] {logging_mixin.py:149} INFO - [2026-09-13T03:33:13.819+0000] {dagbag.py:541} INFO - Filling up the DagBag from /opt/airflow/dags/7_branch_pythoon_operator.py
[2026-09-13T03:33:13.855+0000] {processor.py:809} INFO - DAG(s) dict_keys(['7-branching']) retrieved from /opt/airflow/dags/7_branch_pythoon_operator.py
[2026-09-13T03:33:13.931+0000] {logging_mixin.py:149} INFO - [2026-09-13T03:33:13.931+0000] {dag.py:2726} INFO - Sync 1 DAGs
[2026-09-13T03:33:13.979+0000] {logging_mixin.py:149} INFO - [2026-09-13T03:33:13.978+0000] {dag.py:3490} INFO - Setting next_dagrun for 7-branching to 2023-04-15T00:00:00+00:00, run_after=2023-04-16T00:00:00+00:00
[2026-09-13T03:33:14.008+0000] {processor.py:178} INFO - Processing /opt/airflow/dags/7_branch_pythoon_operator.py took 0.211 seconds
[2026-09-13T03:33:44.109+0000] {processor.py:156} INFO - Started process (PID=164721) to work on /opt/airflow/dags/7_branch_pythoon_operator.py
[2026-09-13T03:33:44.110+0000] {processor.py:799} INFO - Processing file /opt/airflow/dags/7_branch_pythoon_operator.py for tasks to queue
[2026-09-13T03:33:44.111+0000] {logging_mixin.py:149} INFO - [2026-09-13T03:33:44.111+0000] {dagbag.py:541} INFO - Filling up the DagBag from /opt/airflow/dags/7_branch_pythoon_operator.py
[2026-09-13T03:33:44.129+0000] {processor.py:809} INFO - DAG(s) dict_keys(['7-branching']) retrieved from /opt/airflow/dags/7_branch_pythoon_operator.py
[2026-09-13T03:33:44.179+0000] {logging_mixin.py:149} INFO - [2026-09-13T03:33:44.178+0000] {dag.py:2726} INFO - Sync 1 DAGs
[2026-09-13T03:33:44.214+0000] {logging_mixin.py:149} INFO - [2026-09-13T03:33:44.214+0000] {dag.py:3490} INFO - Setting next_dagrun for 7-branching to 2023-04-15T00:00:00+00:00, run_after=2023-04-16T00:00:00+00:00
[2026-09-13T03:33:44.240+0000] {processor.py:178} INFO - Processing /opt/airflow/dags/7_branch_pythoon_operator.py took 0.136 seconds
[2026-09-13T03:34:14.453+0000] {processor.py:156} INFO - Started process (PID=164734) to work on /opt/airflow/dags/7_branch_pythoon_operator.py
[2026-09-13T03:34:14.456+0000] {processor.py:799} INFO - Processing file /opt/airflow/dags/7_branch_pythoon_operator.py for tasks to queue
[2026-09-13T03:34:14.458+0000] {logging_mixin.py:149} INFO - [2026-09-13T03:34:14.458+0000] {dagbag.py:541} INFO - Filling up the DagBag from /opt/airflow/dags/7_branch_pythoon_operator.py
[2026-09-13T03:34:14.493+0000] {processor.py:809} INFO - DAG(s) dict_keys(['7-branching']) retrieved from /opt/airflow/dags/7_branch_pythoon_operator.py
[2026-09-13T03:34:14.548+0000] {logging_mixin.py:149} INFO - [2026-09-13T03:34:14.547+0000] {dag.py:2726} INFO - Sync 1 DAGs
[2026-09-13T03:34:14.586+0000] {logging_mixin.py:149} INFO - [2026-09-13T03:34:14.586+0000] {dag.py:3490} INFO - Setting next_dagrun for 7-branching to 2023-04-15T00:00:00+00:00, run_after=2023-04-16T00:00:00+00:00
[2026-09-13T03:34:14.612+0000] {processor.py:178} INFO - Processing /opt/airflow/dags/7_branch_pythoon_operator.py took 0.169 seconds
[2026-09-13T03:34:44.879+0000] {processor.py:156} INFO - Started process (PID=164748) to work on /opt/airflow/dags/7_branch_pythoon_operator.py
[2026-09-13T03:34:44.883+0000] {processor.py:799} INFO - Processing file /opt/airflow/dags/7_branch_pythoon_operator.py for tasks to queue
[2026-09-13T03:34:44.885+0000] {logging_mixin.py:149} INFO - [2026-09-13T03:34:44.885+0000] {dagbag.py:541} INFO - Filling up the DagBag from /opt/airflow/dags/7_branch_pythoon_operator.py
[2026-09-13T03:34:44.921+0000] {processor.py:809} INFO - DAG(s) dict_keys(['7-branching']) retrieved from /opt/airflow/dags/7_branch_pythoon_operator.py
[2026-09-13T03:34:45.007+0000] {logging_mixin.py:149} INFO - [2026-09-13T03:34:45.006+0000] {dag.py:2726} INFO - Sync 1 DAGs
[2026-09-13T03:34:45.063+0000] {logging_mixin.py:149} INFO - [2026-09-13T03:34:45.062+0000] {dag.py:3490} INFO - Setting next_dagrun for 7-branching to 2023-04-15T00:00:00+00:00, run_after=2023-04-16T00:00:00+00:00
[2026-09-13T03:34:45.114+0000] {processor.py:178} INFO - Processing /opt/airflow/dags/7_branch_pythoon_operator.py took 0.246 seconds
[2026-09-13T03:35:15.405+0000] {processor.py:156} INFO - Started process (PID=164763) to work on /opt/airflow/dags/7_branch_pythoon_operator.py
[2026-09-13T03:35:15.409+0000] {processor.py:799} INFO - Processing file /opt/airflow/dags/7_branch_pythoon_operator.py for tasks to queue
[2026-09-13T03:35:15.411+0000] {logging_mixin.py:149} INFO - [2026-09-13T03:35:15.411+0000] {dagbag.py:541} INFO - Filling up the DagBag from /opt/airflow/dags/7_branch_pythoon_operator.py
[2026-09-13T03:35:15.453+0000] {processor.py:809} INFO - DAG(s) dict_keys(['7-branching']) retrieved from /opt/airflow/dags/7_branch_pythoon_operator.py
[2026-09-13T03:35:15.509+0000] {logging_mixin.py:149} INFO - [2026-09-13T03:35:15.509+0000] {dag.py:2726} INFO - Sync 1 DAGs
[2026-09-13T03:35:15.565+0000] {logging_mixin.py:149} INFO - [2026-09-13T03:35:15.564+0000] {dag.py:3490} INFO - Setting next_dagrun for 7-branching to 2023-04-15T00:00:00+00:00, run_after=2023-04-16T00:00:00+00:00
[2026-09-13T03:35:15.639+0000] {processor.py:178} INFO - Processing /opt/airflow/dags/7_branch_pythoon_operator.py took 0.245 seconds
[2026-09-13T03:35:45.770+0000] {processor.py:156} INFO - Started process (PID=164778) to work on /opt/airflow/dags/7_branch_pythoon_operator.py
[2026-09-13T03:35:45.773+0000] {processor.py:799} INFO - Processing file /opt/airflow/dags/7_branch_pythoon_operator.py for tasks to queue
[2026-09-13T03:35:45.775+0000] {logging_mixin.py:149} INFO - [2026-09-13T03:35:45.775+0000] {dagbag.py:541} INFO - Filling up the DagBag from /opt/airflow/dags/7_branch_pythoon_operator.py
[2026-09-13T03:35:45.812+0000] {processor.py:809} INFO - DAG(s) dict_keys(['7-branching']) retrieved from /opt/airflow/dags/7_branch_pythoon_operator.py
[2026-09-13T03:35:45.934+0000] {logging_mixin.py:149} INFO - [2026-09-13T03:35:45.934+0000] {dag.py:2726} INFO - Sync 1 DAGs
[2026-09-13T03:35:45.976+0000] {logging_mixin.py:149} INFO - [2026-09-13T03:35:45.976+0000] {dag.py:3490} INFO - Setting next_dagrun for 7-branching to 2023-04-15T00:00:00+00:00, run_after=2023-04-16T00:00:00+00:00
[2026-09-13T03:35:46.004+0000] {processor.py:178} INFO - Processing /opt/airflow/dags/7_branch_pythoon_operator.py took 0.250 seconds
[2026-09-13T03:36:16.144+0000] {processor.py:156} INFO - Started process (PID=164791) to work on /opt/airflow/dags/7_branch_pythoon_operator.py
[2026-09-13T03:36:16.147+0000] {processor.py:799} INFO - Processing file /opt/airflow/dags/7_branch_pythoon_operator.py for tasks to queue
[2026-09-13T03:36:16.149+0000] {logging_mixin.py:149} INFO - [2026-09-13T03:36:16.149+0000] {dagbag.py:541} INFO - Filling up the DagBag from /opt/airflow/dags/7_branch_pythoon_operator.py
[2026-09-13T03:36:16.181+0000] {processor.py:809} INFO - DAG(s) dict_keys(['7-branching']) retrieved from /opt/airflow/dags/7_branch_pythoon_operator.py
[2026-09-13T03:36:16.275+0000] {logging_mixin.py:149} INFO - [2026-09-13T03:36:16.275+0000] {dag.py:2726} INFO - Sync 1 DAGs
[2026-09-13T03:36:16.349+0000] {logging_mixin.py:149} INFO - [2026-09-13T03:36:16.349+0000] {dag.py:3490} INFO - Setting next_dagrun for 7-branching to 2023-04-15T00:00:00+00:00, run_after=2023-04-16T00:00:00+00:00
[2026-09-13T03:36:16.415+0000] {processor.py:178} INFO - Processing /opt/airflow/dags/7_branch_pythoon_operator.py took 0.281 seconds
[2026-09-13T03:36:46.691+0000] {processor.py:156} INFO - Started process (PID=164805) to work on /opt/airflow/dags/7_branch_pythoon_operator.py
[2026-09-13T03:36:46.695+0000] {processor.py:799} INFO - Processing file /opt/airflow/dags/7_branch_pythoon_operator.py for tasks to queue
[2026-09-13T03:36:46.697+0000] {logging_mixin.py:149} INFO - [2026-09-13T03:36:46.697+0000] {dagbag.py:541} INFO - Filling up the DagBag from /opt/airflow/dags/7_branch_pythoon_operator.py
[2026-09-13T03:36:46.738+0000] {processor.py:809} INFO - DAG(s) dict_keys(['7-branching']) retrieved from /opt/airflow/dags/7_branch_pythoon_operator.py
[2026-09-13T03:36:46.828+0000] {logging_mixin.py:149} INFO - [2026-09-13T03:36:46.828+0000] {dag.py:2726} INFO - Sync 1 DAGs
[2026-09-13T03:36:46.876+0000] {logging_mixin.py:149} INFO - [2026-09-13T03:36:46.876+0000] {dag.py:3490} INFO - Setting next_dagrun for 7-branching to 2023-04-15T00:00:00+00:00, run_after=2023-04-16T00:00:00+00:00
[2026-09-13T03:36:46.939+0000] {processor.py:178} INFO - Processing /opt/airflow/dags/7_branch_pythoon_operator.py took 0.258 seconds
[2026-09-13T03:37:17.197+0000] {processor.py:156} INFO - Started process (PID=164820) to work on /opt/airflow/dags/7_branch_pythoon_operator.py
[2026-09-13T03:37:17.201+0000] {processor.py:799} INFO - Processing file /opt/airflow/dags/7_branch_pythoon_operator.py for tasks to queue
[2026-09-13T03:37:17.203+0000] {logging_mixin.py:149} INFO - [2026-09-13T03:37:17.202+0000] {dagbag.py:541} INFO - Filling up the DagBag from /opt/airflow/dags/7_branch_pythoon_operator.py
[2026-09-13T03:37:17.241+0000] {processor.py:809} INFO - DAG(s) dict_keys(['7-branching']) retrieved from /opt/airflow/dags/7_branch_pythoon_operator.py
[2026-09-13T03:37:17.326+0000] {logging_mixin.py:149} INFO - [2026-09-13T03:37:17.326+0000] {dag.py:2726} INFO - Sync 1 DAGs
[2026-09-13T03:37:17.394+0000] {logging_mixin.py:149} INFO - [2026-09-13T03:37:17.393+0000] {dag.py:3490} INFO - Setting next_dagrun for 7-branching to 2023-04-15T00:00:00+00:00, run_after=2023-04-16T00:00:00+00:00
[2026-09-13T03:37:17.480+0000] {processor.py:178} INFO - Processing /opt/airflow/dags/7_branch_pythoon_operator.py took 0.297 seconds
[2026-09-13T04:42:05.627+0000] {processor.py:156} INFO - Started process (PID=51) to work on /opt/airflow/dags/7_branch_pythoon_operator.py
[2026-09-13T04:42:05.637+0000] {processor.py:799} INFO - Processing file /opt/airflow/dags/7_branch_pythoon_operator.py for tasks to queue
[2026-09-13T04:42:05.638+0000] {logging_mixin.py:149} INFO - [2026-09-13T04:42:05.638+0000] {dagbag.py:541} INFO - Filling up the DagBag from /opt/airflow/dags/7_branch_pythoon_operator.py
[2026-09-13T04:42:05.793+0000] {processor.py:809} INFO - DAG(s) dict_keys(['7-branching']) retrieved from /opt/airflow/dags/7_branch_pythoon_operator.py
[2026-09-13T04:42:06.410+0000] {logging_mixin.py:149} INFO - [2026-09-13T04:42:06.410+0000] {dag.py:2726} INFO - Sync 1 DAGs
[2026-09-13T04:42:06.471+0000] {logging_mixin.py:149} INFO - [2026-09-13T04:42:06.471+0000] {dag.py:3490} INFO - Setting next_dagrun for 7-branching to 2023-04-15T00:00:00+00:00, run_after=2023-04-16T00:00:00+00:00
[2026-09-13T04:42:06.524+0000] {processor.py:178} INFO - Processing /opt/airflow/dags/7_branch_pythoon_operator.py took 0.924 seconds
[2026-09-13T04:42:37.252+0000] {processor.py:156} INFO - Started process (PID=67) to work on /opt/airflow/dags/7_branch_pythoon_operator.py
[2026-09-13T04:42:37.259+0000] {processor.py:799} INFO - Processing file /opt/airflow/dags/7_branch_pythoon_operator.py for tasks to queue
[2026-09-13T04:42:37.261+0000] {logging_mixin.py:149} INFO - [2026-09-13T04:42:37.261+0000] {dagbag.py:541} INFO - Filling up the DagBag from /opt/airflow/dags/7_branch_pythoon_operator.py
[2026-09-13T04:42:37.296+0000] {processor.py:809} INFO - DAG(s) dict_keys(['7-branching']) retrieved from /opt/airflow/dags/7_branch_pythoon_operator.py
[2026-09-13T04:42:37.378+0000] {logging_mixin.py:149} INFO - [2026-09-13T04:42:37.378+0000] {dag.py:2726} INFO - Sync 1 DAGs
[2026-09-13T04:42:37.457+0000] {logging_mixin.py:149} INFO - [2026-09-13T04:42:37.456+0000] {dag.py:3490} INFO - Setting next_dagrun for 7-branching to 2023-04-15T00:00:00+00:00, run_after=2023-04-16T00:00:00+00:00
[2026-09-13T04:42:37.525+0000] {processor.py:178} INFO - Processing /opt/airflow/dags/7_branch_pythoon_operator.py took 0.283 seconds
[2026-09-13T04:43:07.736+0000] {processor.py:156} INFO - Started process (PID=81) to work on /opt/airflow/dags/7_branch_pythoon_operator.py
[2026-09-13T04:43:07.741+0000] {processor.py:799} INFO - Processing file /opt/airflow/dags/7_branch_pythoon_operator.py for tasks to queue
[2026-09-13T04:43:07.743+0000] {logging_mixin.py:149} INFO - [2026-09-13T04:43:07.743+0000] {dagbag.py:541} INFO - Filling up the DagBag from /opt/airflow/dags/7_branch_pythoon_operator.py
[2026-09-13T04:43:07.778+0000] {processor.py:809} INFO - DAG(s) dict_keys(['7-branching']) retrieved from /opt/airflow/dags/7_branch_pythoon_operator.py
[2026-09-13T04:43:07.874+0000] {logging_mixin.py:149} INFO - [2026-09-13T04:43:07.873+0000] {dag.py:2726} INFO - Sync 1 DAGs
[2026-09-13T04:43:07.929+0000] {logging_mixin.py:149} INFO - [2026-09-13T04:43:07.929+0000] {dag.py:3490} INFO - Setting next_dagrun for 7-branching to 2023-04-15T00:00:00+00:00, run_after=2023-04-16T00:00:00+00:00
[2026-09-13T04:43:07.958+0000] {processor.py:178} INFO - Processing /opt/airflow/dags/7_branch_pythoon_operator.py took 0.233 seconds
[2026-09-13T04:43:38.189+0000] {processor.py:156} INFO - Started process (PID=96) to work on /opt/airflow/dags/7_branch_pythoon_operator.py
[2026-09-13T04:43:38.194+0000] {processor.py:799} INFO - Processing file /opt/airflow/dags/7_branch_pythoon_operator.py for tasks to queue
[2026-09-13T04:43:38.196+0000] {logging_mixin.py:149} INFO - [2026-09-13T04:43:38.196+0000] {dagbag.py:541} INFO - Filling up the DagBag from /opt/airflow/dags/7_branch_pythoon_operator.py
[2026-09-13T04:43:38.236+0000] {processor.py:809} INFO - DAG(s) dict_keys(['7-branching']) retrieved from /opt/airflow/dags/7_branch_pythoon_operator.py
[2026-09-13T04:43:38.313+0000] {logging_mixin.py:149} INFO - [2026-09-13T04:43:38.313+0000] {dag.py:2726} INFO - Sync 1 DAGs
[2026-09-13T04:43:38.386+0000] {logging_mixin.py:149} INFO - [2026-09-13T04:43:38.385+0000] {dag.py:3490} INFO - Setting next_dagrun for 7-branching to 2023-04-15T00:00:00+00:00, run_after=2023-04-16T00:00:00+00:00
[2026-09-13T04:43:38.442+0000] {processor.py:178} INFO - Processing /opt/airflow/dags/7_branch_pythoon_operator.py took 0.267 seconds
[2026-09-13T04:44:08.693+0000] {processor.py:156} INFO - Started process (PID=110) to work on /opt/airflow/dags/7_branch_pythoon_operator.py
[2026-09-13T04:44:08.697+0000] {processor.py:799} INFO - Processing file /opt/airflow/dags/7_branch_pythoon_operator.py for tasks to queue
[2026-09-13T04:44:08.699+0000] {logging_mixin.py:149} INFO - [2026-09-13T04:44:08.698+0000] {dagbag.py:541} INFO - Filling up the DagBag from /opt/airflow/dags/7_branch_pythoon_operator.py
[2026-09-13T04:44:08.734+0000] {processor.py:809} INFO - DAG(s) dict_keys(['7-branching']) retrieved from /opt/airflow/dags/7_branch_pythoon_operator.py
[2026-09-13T04:44:08.822+0000] {logging_mixin.py:149} INFO - [2026-09-13T04:44:08.822+0000] {dag.py:2726} INFO - Sync 1 DAGs
[2026-09-13T04:44:08.904+0000] {logging_mixin.py:149} INFO - [2026-09-13T04:44:08.903+0000] {dag.py:3490} INFO - Setting next_dagrun for 7-branching to 2023-04-15T00:00:00+00:00, run_after=2023-04-16T00:00:00+00:00
[2026-09-13T04:44:08.960+0000] {processor.py:178} INFO - Processing /opt/airflow/dags/7_branch_pythoon_operator.py took 0.278 seconds
[2026-09-13T04:44:39.178+0000] {processor.py:156} INFO - Started process (PID=124) to work on /opt/airflow/dags/7_branch_pythoon_operator.py
[2026-09-13T04:44:39.180+0000] {processor.py:799} INFO - Processing file /opt/airflow/dags/7_branch_pythoon_operator.py for tasks to queue
[2026-09-13T04:44:39.182+0000] {logging_mixin.py:149} INFO - [2026-09-13T04:44:39.182+0000] {dagbag.py:541} INFO - Filling up the DagBag from /opt/airflow/dags/7_branch_pythoon_operator.py
[2026-09-13T04:44:39.216+0000] {processor.py:809} INFO - DAG(s) dict_keys(['7-branching']) retrieved from /opt/airflow/dags/7_branch_pythoon_operator.py
[2026-09-13T04:44:39.295+0000] {logging_mixin.py:149} INFO - [2026-09-13T04:44:39.295+0000] {dag.py:2726} INFO - Sync 1 DAGs
[2026-09-13T04:44:39.362+0000] {logging_mixin.py:149} INFO - [2026-09-13T04:44:39.361+0000] {dag.py:3490} INFO - Setting next_dagrun for 7-branching to 2023-04-15T00:00:00+00:00, run_after=2023-04-16T00:00:00+00:00
[2026-09-13T04:44:39.413+0000] {processor.py:178} INFO - Processing /opt/airflow/dags/7_branch_pythoon_operator.py took 0.246 seconds
[2026-09-13T04:45:09.640+0000] {processor.py:156} INFO - Started process (PID=138) to work on /opt/airflow/dags/7_branch_pythoon_operator.py
[2026-09-13T04:45:09.645+0000] {processor.py:799} INFO - Processing file /opt/airflow/dags/7_branch_pythoon_operator.py for tasks to queue
[2026-09-13T04:45:09.647+0000] {logging_mixin.py:149} INFO - [2026-09-13T04:45:09.647+0000] {dagbag.py:541} INFO - Filling up the DagBag from /opt/airflow/dags/7_branch_pythoon_operator.py
[2026-09-13T04:45:09.684+0000] {processor.py:809} INFO - DAG(s) dict_keys(['7-branching']) retrieved from /opt/airflow/dags/7_branch_pythoon_operator.py
[2026-09-13T04:45:09.749+0000] {logging_mixin.py:149} INFO - [2026-09-13T04:45:09.749+0000] {dag.py:2726} INFO - Sync 1 DAGs
[2026-09-13T04:45:09.793+0000] {logging_mixin.py:149} INFO - [2026-09-13T04:45:09.793+0000] {dag.py:3490} INFO - Setting next_dagrun for 7-branching to 2023-04-15T00:00:00+00:00, run_after=2023-04-16T00:00:00+00:00
[2026-09-13T04:45:09.822+0000] {processor.py:178} INFO - Processing /opt/airflow/dags/7_branch_pythoon_operator.py took 0.193 seconds
[2026-09-13T04:45:40.033+0000] {processor.py:156} INFO - Started process (PID=152) to work on /opt/airflow/dags/7_branch_pythoon_operator.py
[2026-09-13T04:45:40.037+0000] {processor.py:799} INFO - Processing file /opt/airflow/dags/7_branch_pythoon_operator.py for tasks to queue
[2026-09-13T04:45:40.038+0000] {logging_mixin.py:149} INFO - [2026-09-13T04:45:40.038+0000] {dagbag.py:541} INFO - Filling up the DagBag from /opt/airflow/dags/7_branch_pythoon_operator.py
[2026-09-13T04:45:40.080+0000] {processor.py:809} INFO - DAG(s) dict_keys(['7-branching']) retrieved from /opt/airflow/dags/7_branch_pythoon_operator.py
[2026-09-13T04:45:40.170+0000] {logging_mixin.py:149} INFO - [2026-09-13T04:45:40.169+0000] {dag.py:2726} INFO - Sync 1 DAGs
[2026-09-13T04:45:40.242+0000] {logging_mixin.py:149} INFO - [2026-09-13T04:45:40.241+0000] {dag.py:3490} INFO - Setting next_dagrun for 7-branching to 2023-04-15T00:00:00+00:00, run_after=2023-04-16T00:00:00+00:00
[2026-09-13T04:45:40.291+0000] {processor.py:178} INFO - Processing /opt/airflow/dags/7_branch_pythoon_operator.py took 0.269 seconds
[2026-09-13T04:46:10.531+0000] {processor.py:156} INFO - Started process (PID=166) to work on /opt/airflow/dags/7_branch_pythoon_operator.py
[2026-09-13T04:46:10.536+0000] {processor.py:799} INFO - Processing file /opt/airflow/dags/7_branch_pythoon_operator.py for tasks to queue
[2026-09-13T04:46:10.538+0000] {logging_mixin.py:149} INFO - [2026-09-13T04:46:10.538+0000] {dagbag.py:541} INFO - Filling up the DagBag from /opt/airflow/dags/7_branch_pythoon_operator.py
[2026-09-13T04:46:10.576+0000] {processor.py:809} INFO - DAG(s) dict_keys(['7-branching']) retrieved from /opt/airflow/dags/7_branch_pythoon_operator.py
[2026-09-13T04:46:10.662+0000] {logging_mixin.py:149} INFO - [2026-09-13T04:46:10.662+0000] {dag.py:2726} INFO - Sync 1 DAGs
[2026-09-13T04:46:10.738+0000] {logging_mixin.py:149} INFO - [2026-09-13T04:46:10.737+0000] {dag.py:3490} INFO - Setting next_dagrun for 7-branching to 2023-04-15T00:00:00+00:00, run_after=2023-04-16T00:00:00+00:00
[2026-09-13T04:46:10.790+0000] {processor.py:178} INFO - Processing /opt/airflow/dags/7_branch_pythoon_operator.py took 0.270 seconds
[2026-09-13T04:46:40.912+0000] {processor.py:156} INFO - Started process (PID=180) to work on /opt/airflow/dags/7_branch_pythoon_operator.py
[2026-09-13T04:46:40.919+0000] {processor.py:799} INFO - Processing file /opt/airflow/dags/7_branch_pythoon_operator.py for tasks to queue
[2026-09-13T04:46:40.921+0000] {logging_mixin.py:149} INFO - [2026-09-13T04:46:40.921+0000] {dagbag.py:541} INFO - Filling up the DagBag from /opt/airflow/dags/7_branch_pythoon_operator.py
[2026-09-13T04:46:40.957+0000] {processor.py:809} INFO - DAG(s) dict_keys(['7-branching']) retrieved from /opt/airflow/dags/7_branch_pythoon_operator.py
[2026-09-13T04:46:41.046+0000] {logging_mixin.py:149} INFO - [2026-09-13T04:46:41.045+0000] {dag.py:2726} INFO - Sync 1 DAGs
[2026-09-13T04:46:41.115+0000] {logging_mixin.py:149} INFO - [2026-09-13T04:46:41.115+0000] {dag.py:3490} INFO - Setting next_dagrun for 7-branching to 2023-04-15T00:00:00+00:00, run_after=2023-04-16T00:00:00+00:00
[2026-09-13T04:46:41.159+0000] {processor.py:178} INFO - Processing /opt/airflow/dags/7_branch_pythoon_operator.py took 0.258 seconds
[2026-09-13T04:47:11.259+0000] {processor.py:156} INFO - Started process (PID=194) to work on /opt/airflow/dags/7_branch_pythoon_operator.py
[2026-09-13T04:47:11.263+0000] {processor.py:799} INFO - Processing file /opt/airflow/dags/7_branch_pythoon_operator.py for tasks to queue
[2026-09-13T04:47:11.265+0000] {logging_mixin.py:149} INFO - [2026-09-13T04:47:11.264+0000] {dagbag.py:541} INFO - Filling up the DagBag from /opt/airflow/dags/7_branch_pythoon_operator.py
[2026-09-13T04:47:11.299+0000] {processor.py:809} INFO - DAG(s) dict_keys(['7-branching']) retrieved from /opt/airflow/dags/7_branch_pythoon_operator.py
[2026-09-13T04:47:11.361+0000] {logging_mixin.py:149} INFO - [2026-09-13T04:47:11.361+0000] {dag.py:2726} INFO - Sync 1 DAGs
[2026-09-13T04:47:11.470+0000] {logging_mixin.py:149} INFO - [2026-09-13T04:47:11.469+0000] {dag.py:3490} INFO - Setting next_dagrun for 7-branching to 2023-04-15T00:00:00+00:00, run_after=2023-04-16T00:00:00+00:00
[2026-09-13T04:47:11.543+0000] {processor.py:178} INFO - Processing /opt/airflow/dags/7_branch_pythoon_operator.py took 0.295 seconds
[2026-09-13T04:47:42.229+0000] {processor.py:156} INFO - Started process (PID=208) to work on /opt/airflow/dags/7_branch_pythoon_operator.py
[2026-09-13T04:47:42.233+0000] {processor.py:799} INFO - Processing file /opt/airflow/dags/7_branch_pythoon_operator.py for tasks to queue
[2026-09-13T04:47:42.235+0000] {logging_mixin.py:149} INFO - [2026-09-13T04:47:42.235+0000] {dagbag.py:541} INFO - Filling up the DagBag from /opt/airflow/dags/7_branch_pythoon_operator.py
[2026-09-13T04:47:42.275+0000] {processor.py:809} INFO - DAG(s) dict_keys(['7-branching']) retrieved from /opt/airflow/dags/7_branch_pythoon_operator.py
[2026-09-13T04:47:42.356+0000] {logging_mixin.py:149} INFO - [2026-09-13T04:47:42.356+0000] {dag.py:2726} INFO - Sync 1 DAGs
[2026-09-13T04:47:42.425+0000] {logging_mixin.py:149} INFO - [2026-09-13T04:47:42.424+0000] {dag.py:3490} INFO - Setting next_dagrun for 7-branching to 2023-04-15T00:00:00+00:00, run_after=2023-04-16T00:00:00+00:00
[2026-09-13T04:47:42.483+0000] {processor.py:178} INFO - Processing /opt/airflow/dags/7_branch_pythoon_operator.py took 0.265 seconds
[2026-09-13T04:48:12.571+0000] {processor.py:156} INFO - Started process (PID=223) to work on /opt/airflow/dags/7_branch_pythoon_operator.py
[2026-09-13T04:48:12.574+0000] {processor.py:799} INFO - Processing file /opt/airflow/dags/7_branch_pythoon_operator.py for tasks to queue
[2026-09-13T04:48:12.576+0000] {logging_mixin.py:149} INFO - [2026-09-13T04:48:12.576+0000] {dagbag.py:541} INFO - Filling up the DagBag from /opt/airflow/dags/7_branch_pythoon_operator.py
[2026-09-13T04:48:12.608+0000] {processor.py:809} INFO - DAG(s) dict_keys(['7-branching']) retrieved from /opt/airflow/dags/7_branch_pythoon_operator.py
[2026-09-13T04:48:12.711+0000] {logging_mixin.py:149} INFO - [2026-09-13T04:48:12.709+0000] {dag.py:2726} INFO - Sync 1 DAGs
[2026-09-13T04:48:12.800+0000] {logging_mixin.py:149} INFO - [2026-09-13T04:48:12.800+0000] {dag.py:3490} INFO - Setting next_dagrun for 7-branching to 2023-04-15T00:00:00+00:00, run_after=2023-04-16T00:00:00+00:00
[2026-09-13T04:48:12.840+0000] {processor.py:178} INFO - Processing /opt/airflow/dags/7_branch_pythoon_operator.py took 0.284 seconds
[2026-09-13T04:48:43.768+0000] {processor.py:156} INFO - Started process (PID=238) to work on /opt/airflow/dags/7_branch_pythoon_operator.py
[2026-09-13T04:48:43.771+0000] {processor.py:799} INFO - Processing file /opt/airflow/dags/7_branch_pythoon_operator.py for tasks to queue
[2026-09-13T04:48:43.772+0000] {logging_mixin.py:149} INFO - [2026-09-13T04:48:43.772+0000] {dagbag.py:541} INFO - Filling up the DagBag from /opt/airflow/dags/7_branch_pythoon_operator.py
[2026-09-13T04:48:43.801+0000] {processor.py:809} INFO - DAG(s) dict_keys(['7-branching']) retrieved from /opt/airflow/dags/7_branch_pythoon_operator.py
[2026-09-13T04:48:43.880+0000] {logging_mixin.py:149} INFO - [2026-09-13T04:48:43.880+0000] {dag.py:2726} INFO - Sync 1 DAGs
[2026-09-13T04:48:43.926+0000] {logging_mixin.py:149} INFO - [2026-09-13T04:48:43.926+0000] {dag.py:3490} INFO - Setting next_dagrun for 7-branching to 2023-04-15T00:00:00+00:00, run_after=2023-04-16T00:00:00+00:00
[2026-09-13T04:48:43.980+0000] {processor.py:178} INFO - Processing /opt/airflow/dags/7_branch_pythoon_operator.py took 0.221 seconds
[2026-09-13T04:49:14.151+0000] {processor.py:156} INFO - Started process (PID=252) to work on /opt/airflow/dags/7_branch_pythoon_operator.py
[2026-09-13T04:49:14.155+0000] {processor.py:799} INFO - Processing file /opt/airflow/dags/7_branch_pythoon_operator.py for tasks to queue
[2026-09-13T04:49:14.157+0000] {logging_mixin.py:149} INFO - [2026-09-13T04:49:14.157+0000] {dagbag.py:541} INFO - Filling up the DagBag from /opt/airflow/dags/7_branch_pythoon_operator.py
[2026-09-13T04:49:14.193+0000] {processor.py:809} INFO - DAG(s) dict_keys(['7-branching']) retrieved from /opt/airflow/dags/7_branch_pythoon_operator.py
[2026-09-13T04:49:14.269+0000] {logging_mixin.py:149} INFO - [2026-09-13T04:49:14.269+0000] {dag.py:2726} INFO - Sync 1 DAGs
[2026-09-13T04:49:14.331+0000] {logging_mixin.py:149} INFO - [2026-09-13T04:49:14.330+0000] {dag.py:3490} INFO - Setting next_dagrun for 7-branching to 2023-04-15T00:00:00+00:00, run_after=2023-04-16T00:00:00+00:00
[2026-09-13T04:49:14.378+0000] {processor.py:178} INFO - Processing /opt/airflow/dags/7_branch_pythoon_operator.py took 0.239 seconds
[2026-09-13T04:49:44.553+0000] {processor.py:156} INFO - Started process (PID=266) to work on /opt/airflow/dags/7_branch_pythoon_operator.py
[2026-09-13T04:49:44.557+0000] {processor.py:799} INFO - Processing file /opt/airflow/dags/7_branch_pythoon_operator.py for tasks to queue
[2026-09-13T04:49:44.560+0000] {logging_mixin.py:149} INFO - [2026-09-13T04:49:44.559+0000] {dagbag.py:541} INFO - Filling up the DagBag from /opt/airflow/dags/7_branch_pythoon_operator.py
[2026-09-13T04:49:44.595+0000] {processor.py:809} INFO - DAG(s) dict_keys(['7-branching']) retrieved from /opt/airflow/dags/7_branch_pythoon_operator.py
[2026-09-13T04:49:44.678+0000] {logging_mixin.py:149} INFO - [2026-09-13T04:49:44.678+0000] {dag.py:2726} INFO - Sync 1 DAGs
[2026-09-13T04:49:44.778+0000] {logging_mixin.py:149} INFO - [2026-09-13T04:49:44.777+0000] {dag.py:3490} INFO - Setting next_dagrun for 7-branching to 2023-04-15T00:00:00+00:00, run_after=2023-04-16T00:00:00+00:00
[2026-09-13T04:49:44.843+0000] {processor.py:178} INFO - Processing /opt/airflow/dags/7_branch_pythoon_operator.py took 0.301 seconds
[2026-09-13T04:50:15.020+0000] {processor.py:156} INFO - Started process (PID=280) to work on /opt/airflow/dags/7_branch_pythoon_operator.py
[2026-09-13T04:50:15.022+0000] {processor.py:799} INFO - Processing file /opt/airflow/dags/7_branch_pythoon_operator.py for tasks to queue
[2026-09-13T04:50:15.026+0000] {logging_mixin.py:149} INFO - [2026-09-13T04:50:15.025+0000] {dagbag.py:541} INFO - Filling up the DagBag from /opt/airflow/dags/7_branch_pythoon_operator.py
[2026-09-13T04:50:15.049+0000] {processor.py:809} INFO - DAG(s) dict_keys(['7-branching']) retrieved from /opt/airflow/dags/7_branch_pythoon_operator.py
[2026-09-13T04:50:15.136+0000] {logging_mixin.py:149} INFO - [2026-09-13T04:50:15.135+0000] {dag.py:2726} INFO - Sync 1 DAGs
[2026-09-13T04:50:15.193+0000] {logging_mixin.py:149} INFO - [2026-09-13T04:50:15.192+0000] {dag.py:3490} INFO - Setting next_dagrun for 7-branching to 2023-04-15T00:00:00+00:00, run_after=2023-04-16T00:00:00+00:00
[2026-09-13T04:50:15.222+0000] {processor.py:178} INFO - Processing /opt/airflow/dags/7_branch_pythoon_operator.py took 0.208 seconds
[2026-09-13T04:50:45.373+0000] {processor.py:156} INFO - Started process (PID=295) to work on /opt/airflow/dags/7_branch_pythoon_operator.py
[2026-09-13T04:50:45.378+0000] {processor.py:799} INFO - Processing file /opt/airflow/dags/7_branch_pythoon_operator.py for tasks to queue
[2026-09-13T04:50:45.380+0000] {logging_mixin.py:149} INFO - [2026-09-13T04:50:45.379+0000] {dagbag.py:541} INFO - Filling up the DagBag from /opt/airflow/dags/7_branch_pythoon_operator.py
[2026-09-13T04:50:45.415+0000] {processor.py:809} INFO - DAG(s) dict_keys(['7-branching']) retrieved from /opt/airflow/dags/7_branch_pythoon_operator.py
[2026-09-13T04:50:45.471+0000] {logging_mixin.py:149} INFO - [2026-09-13T04:50:45.471+0000] {dag.py:2726} INFO - Sync 1 DAGs
[2026-09-13T04:50:45.511+0000] {logging_mixin.py:149} INFO - [2026-09-13T04:50:45.510+0000] {dag.py:3490} INFO - Setting next_dagrun for 7-branching to 2023-04-15T00:00:00+00:00, run_after=2023-04-16T00:00:00+00:00
[2026-09-13T04:50:45.537+0000] {processor.py:178} INFO - Processing /opt/airflow/dags/7_branch_pythoon_operator.py took 0.176 seconds
[2026-09-13T04:51:15.759+0000] {processor.py:156} INFO - Started process (PID=309) to work on /opt/airflow/dags/7_branch_pythoon_operator.py
[2026-09-13T04:51:15.767+0000] {processor.py:799} INFO - Processing file /opt/airflow/dags/7_branch_pythoon_operator.py for tasks to queue
[2026-09-13T04:51:15.769+0000] {logging_mixin.py:149} INFO - [2026-09-13T04:51:15.769+0000] {dagbag.py:541} INFO - Filling up the DagBag from /opt/airflow/dags/7_branch_pythoon_operator.py
[2026-09-13T04:51:15.807+0000] {processor.py:809} INFO - DAG(s) dict_keys(['7-branching']) retrieved from /opt/airflow/dags/7_branch_pythoon_operator.py
[2026-09-13T04:51:15.885+0000] {logging_mixin.py:149} INFO - [2026-09-13T04:51:15.885+0000] {dag.py:2726} INFO - Sync 1 DAGs
[2026-09-13T04:51:15.958+0000] {logging_mixin.py:149} INFO - [2026-09-13T04:51:15.958+0000] {dag.py:3490} INFO - Setting next_dagrun for 7-branching to 2023-04-15T00:00:00+00:00, run_after=2023-04-16T00:00:00+00:00
[2026-09-13T04:51:16.011+0000] {processor.py:178} INFO - Processing /opt/airflow/dags/7_branch_pythoon_operator.py took 0.263 seconds
[2026-09-13T04:51:46.160+0000] {processor.py:156} INFO - Started process (PID=323) to work on /opt/airflow/dags/7_branch_pythoon_operator.py
[2026-09-13T04:51:46.163+0000] {processor.py:799} INFO - Processing file /opt/airflow/dags/7_branch_pythoon_operator.py for tasks to queue
[2026-09-13T04:51:46.165+0000] {logging_mixin.py:149} INFO - [2026-09-13T04:51:46.165+0000] {dagbag.py:541} INFO - Filling up the DagBag from /opt/airflow/dags/7_branch_pythoon_operator.py
[2026-09-13T04:51:46.197+0000] {processor.py:809} INFO - DAG(s) dict_keys(['7-branching']) retrieved from /opt/airflow/dags/7_branch_pythoon_operator.py
[2026-09-13T04:51:46.268+0000] {logging_mixin.py:149} INFO - [2026-09-13T04:51:46.267+0000] {dag.py:2726} INFO - Sync 1 DAGs
[2026-09-13T04:51:46.347+0000] {logging_mixin.py:149} INFO - [2026-09-13T04:51:46.347+0000] {dag.py:3490} INFO - Setting next_dagrun for 7-branching to 2023-04-15T00:00:00+00:00, run_after=2023-04-16T00:00:00+00:00
[2026-09-13T04:51:46.409+0000] {processor.py:178} INFO - Processing /opt/airflow/dags/7_branch_pythoon_operator.py took 0.262 seconds
[2026-09-13T04:52:16.694+0000] {processor.py:156} INFO - Started process (PID=337) to work on /opt/airflow/dags/7_branch_pythoon_operator.py
[2026-09-13T04:52:16.698+0000] {processor.py:799} INFO - Processing file /opt/airflow/dags/7_branch_pythoon_operator.py for tasks to queue
[2026-09-13T04:52:16.700+0000] {logging_mixin.py:149} INFO - [2026-09-13T04:52:16.700+0000] {dagbag.py:541} INFO - Filling up the DagBag from /opt/airflow/dags/7_branch_pythoon_operator.py
[2026-09-13T04:52:16.734+0000] {processor.py:809} INFO - DAG(s) dict_keys(['7-branching']) retrieved from /opt/airflow/dags/7_branch_pythoon_operator.py
[2026-09-13T04:52:16.809+0000] {logging_mixin.py:149} INFO - [2026-09-13T04:52:16.809+0000] {dag.py:2726} INFO - Sync 1 DAGs
[2026-09-13T04:52:16.899+0000] {logging_mixin.py:149} INFO - [2026-09-13T04:52:16.897+0000] {dag.py:3490} INFO - Setting next_dagrun for 7-branching to 2023-04-15T00:00:00+00:00, run_after=2023-04-16T00:00:00+00:00
[2026-09-13T04:52:16.964+0000] {processor.py:178} INFO - Processing /opt/airflow/dags/7_branch_pythoon_operator.py took 0.280 seconds
[2026-09-13T04:52:47.188+0000] {processor.py:156} INFO - Started process (PID=351) to work on /opt/airflow/dags/7_branch_pythoon_operator.py
[2026-09-13T04:52:47.192+0000] {processor.py:799} INFO - Processing file /opt/airflow/dags/7_branch_pythoon_operator.py for tasks to queue
[2026-09-13T04:52:47.194+0000] {logging_mixin.py:149} INFO - [2026-09-13T04:52:47.194+0000] {dagbag.py:541} INFO - Filling up the DagBag from /opt/airflow/dags/7_branch_pythoon_operator.py
[2026-09-13T04:52:47.228+0000] {processor.py:809} INFO - DAG(s) dict_keys(['7-branching']) retrieved from /opt/airflow/dags/7_branch_pythoon_operator.py
[2026-09-13T04:52:47.284+0000] {logging_mixin.py:149} INFO - [2026-09-13T04:52:47.283+0000] {dag.py:2726} INFO - Sync 1 DAGs
[2026-09-13T04:52:47.320+0000] {logging_mixin.py:149} INFO - [2026-09-13T04:52:47.319+0000] {dag.py:3490} INFO - Setting next_dagrun for 7-branching to 2023-04-15T00:00:00+00:00, run_after=2023-04-16T00:00:00+00:00
[2026-09-13T04:52:47.343+0000] {processor.py:178} INFO - Processing /opt/airflow/dags/7_branch_pythoon_operator.py took 0.167 seconds
